date,open,high,low,close,volume
2016-09-26,36.154998779296875,36.19499969482422,35.875,36.0099983215332,3075800.0
2016-09-27,35.935001373291016,36.30500030517578,35.75,36.209999084472656,2677400.0
2016-09-28,36.220001220703125,36.33000183105469,35.95500183105469,36.23500061035156,2117800.0
2016-09-29,36.209999084472656,36.28499984741211,35.6349983215332,35.779998779296875,2560600.0
2016-09-30,35.92499923706055,36.13999938964844,35.779998779296875,35.935001373291016,3092000.0
2016-10-03,35.810001373291016,35.970001220703125,35.625,35.78499984741211,3111800.0
2016-10-04,35.849998474121094,35.915000915527344,35.595001220703125,35.75,5331000.0
2016-10-05,35.86000061035156,36.040000915527344,35.83000183105469,35.95000076293945,3237200.0
2016-10-06,36.029998779296875,36.099998474121094,35.82500076293945,36.03499984741211,2395200.0
2016-10-07,35.834999084472656,36.0099983215332,35.619998931884766,35.689998626708984,2492600.0
2016-10-10,35.81999969482422,36.0099983215332,35.775001525878906,35.84000015258789,2072200.0
2016-10-11,35.79499816894531,35.81999969482422,35.3650016784668,35.4900016784668,2701200.0
2016-10-12,35.5099983215332,35.8650016784668,35.505001068115234,35.810001373291016,3223800.0
2016-10-13,35.5,35.630001068115234,35.08000183105469,35.30500030517578,3181400.0
2016-10-14,35.56999969482422,35.8849983215332,35.45500183105469,35.47999954223633,2429400.0
2016-10-17,35.4900016784668,35.5,35.279998779296875,35.310001373291016,2593600.0
2016-10-18,35.560001373291016,35.61000061035156,35.060001373291016,35.150001525878906,3821200.0
2016-10-19,35.255001068115234,35.5,35.20500183105469,35.27000045776367,4306200.0
2016-10-20,35.15999984741211,35.27000045776367,34.83000183105469,34.880001068115234,3443200.0
2016-10-21,34.584999084472656,34.775001525878906,34.334999084472656,34.689998626708984,3532800.0
2016-10-24,34.8650016784668,35.06999969482422,34.814998626708984,35.0099983215332,2755400.0
2016-10-25,35.0,35.0,34.65999984741211,34.81999969482422,2626200.0
2016-10-26,34.619998931884766,35.005001068115234,34.619998931884766,34.900001525878906,2413800.0
2016-10-27,35.084999084472656,35.19499969482422,34.779998779296875,35.10499954223633,4541000.0
2016-10-28,35.2400016784668,35.494998931884766,34.11000061035156,34.255001068115234,5452800.0
2016-10-31,34.43000030517578,34.59000015258789,34.36000061035156,34.435001373291016,4274000.0
2016-11-01,34.59000015258789,34.60499954223633,33.959999084472656,34.19499969482422,3595600.0
2016-11-02,34.19499969482422,34.404998779296875,34.084999084472656,34.19499969482422,2294600.0
2016-11-03,34.36000061035156,34.61000061035156,34.290000915527344,34.41999816894531,3370400.0
2016-11-04,34.5,34.529998779296875,34.185001373291016,34.279998779296875,3952800.0
2016-11-07,34.7400016784668,34.86000061035156,34.68000030517578,34.79499816894531,3338800.0
2016-11-08,34.79499816894531,35.21500015258789,34.66999816894531,35.04499816894531,3097400.0
2016-11-09,35.220001220703125,36.03499984741211,34.92499923706055,35.79999923706055,5037000.0
2016-11-10,36.11000061035156,36.974998474121094,35.86000061035156,36.625,5817800.0
2016-11-11,36.415000915527344,36.654998779296875,36.13999938964844,36.30500030517578,3691800.0
2016-11-14,36.36000061035156,36.779998779296875,36.09000015258789,36.13999938964844,5028200.0
2016-11-15,36.03499984741211,36.25,35.790000915527344,36.25,4026000.0
2016-11-16,36.040000915527344,36.16999816894531,35.875,35.915000915527344,3617800.0
2016-11-17,35.8849983215332,36.310001373291016,35.82500076293945,36.19499969482422,3173600.0
2016-11-18,36.18000030517578,36.3849983215332,36.07500076293945,36.25,4987800.0
2016-11-21,36.2599983215332,36.42499923706055,35.775001525878906,35.82500076293945,4193800.0
2016-11-22,35.88999938964844,35.900001525878906,35.474998474121094,35.59000015258789,4370600.0
2016-11-23,35.724998474121094,35.94499969482422,35.55500030517578,35.810001373291016,3158800.0
2016-11-25,35.810001373291016,35.95500183105469,35.66999816894531,35.8650016784668,1188800.0
2016-11-28,35.654998779296875,35.80500030517578,35.415000915527344,35.494998931884766,2885200.0
2016-11-29,35.55500030517578,35.80500030517578,35.53499984741211,35.63999938964844,2286200.0
2016-11-30,35.880001068115234,35.96500015258789,35.625,35.689998626708984,4299200.0
2016-12-01,35.7599983215332,35.79999923706055,35.064998626708984,35.2400016784668,5945600.0
2016-12-02,35.0,35.130001068115234,34.07500076293945,34.14500045776367,9390600.0
2016-12-05,34.31999969482422,34.494998931884766,34.09000015258789,34.345001220703125,6072600.0
2016-12-06,34.375,34.42499923706055,34.07500076293945,34.290000915527344,6587800.0
2016-12-07,34.27000045776367,34.79499816894531,34.20500183105469,34.72999954223633,4724600.0
2016-12-08,34.880001068115234,35.07500076293945,34.709999084472656,34.810001373291016,4618600.0
2016-12-09,34.38999938964844,34.60499954223633,33.75,34.529998779296875,8920600.0
2016-12-12,34.474998474121094,34.6150016784668,34.2599983215332,34.47999954223633,6688400.0
2016-12-13,34.665000915527344,35.06999969482422,34.65999984741211,34.9900016784668,5739200.0
2016-12-14,34.845001220703125,35.400001525878906,34.709999084472656,34.86000061035156,6377400.0
2016-12-15,34.875,35.17499923706055,34.60499954223633,34.6349983215332,6695800.0
2016-12-16,34.69499969482422,34.810001373291016,34.5099983215332,34.70500183105469,5982400.0
2016-12-19,34.60499954223633,34.904998779296875,34.39500045776367,34.89500045776367,3606800.0
2016-12-20,34.92499923706055,35.154998779296875,34.775001525878906,34.93000030517578,3486000.0
2016-12-21,34.93000030517578,35.34000015258789,34.93000030517578,35.150001525878906,2568600.0
2016-12-22,35.07500076293945,35.22999954223633,34.845001220703125,35.189998626708984,2709400.0
2016-12-23,35.185001373291016,35.20500183105469,34.974998474121094,35.07500076293945,2147000.0
2016-12-27,35.08000183105469,35.35499954223633,35.01499938964844,35.20000076293945,1766600.0
2016-12-28,35.11000061035156,35.14500045776367,34.849998474121094,34.900001525878906,3138600.0
2016-12-29,34.93000030517578,35.064998626708984,34.900001525878906,34.915000915527344,2776600.0
2016-12-30,35.0099983215332,35.06999969482422,34.71500015258789,34.79999923706055,2387800.0
2017-01-03,35.04499816894531,35.165000915527344,34.65999984741211,34.8849983215332,4649400.0
2017-01-04,35.0,35.375,34.904998779296875,35.20500183105469,3893400.0
2017-01-05,35.14500045776367,35.310001373291016,34.80500030517578,34.974998474121094,4480400.0
2017-01-06,35.095001220703125,35.31999969482422,34.88999938964844,35.095001220703125,4468000.0
2017-01-09,34.94499969482422,35.07500076293945,34.689998626708984,34.7599983215332,3623600.0
2017-01-10,34.755001068115234,35.04999923706055,34.56999969482422,34.71500015258789,5388400.0
2017-01-11,34.755001068115234,34.95500183105469,34.6349983215332,34.93000030517578,4322400.0
2017-01-12,34.724998474121094,35.04999923706055,34.525001525878906,34.78499984741211,5566200.0
2017-01-13,34.8849983215332,35.099998474121094,34.43000030517578,34.81999969482422,4018600.0
2017-01-17,34.564998626708984,35.05500030517578,34.54499816894531,34.939998626708984,6434600.0
2017-01-18,35.03499984741211,35.119998931884766,34.689998626708984,34.98500061035156,4774000.0
2017-01-19,35.029998779296875,35.119998931884766,34.41999816894531,34.72999954223633,4587200.0
2017-01-20,34.959999084472656,35.095001220703125,34.810001373291016,35.040000915527344,4812600.0
2017-01-23,35.0,35.02000045776367,34.56999969482422,34.67499923706055,3542800.0
2017-01-24,34.834999084472656,34.97999954223633,34.66999816894531,34.90999984741211,5017600.0
2017-01-25,35.05500030517578,35.290000915527344,34.97999954223633,35.22999954223633,7166000.0
2017-01-26,35.275001525878906,35.3849983215332,35.189998626708984,35.279998779296875,5971800.0
2017-01-27,35.20500183105469,35.275001525878906,35.0,35.1349983215332,2401600.0
2017-01-30,35.125,35.2599983215332,34.93000030517578,35.17499923706055,4785200.0
2017-01-31,35.154998779296875,35.380001068115234,34.80500030517578,34.994998931884766,7581400.0
2017-02-01,34.5,34.974998474121094,33.29999923706055,33.56999969482422,9219000.0
2017-02-02,33.3849983215332,34.064998626708984,33.25,33.915000915527344,5373600.0
2017-02-03,34.45000076293945,34.459999084472656,34.099998474121094,34.30500030517578,4278400.0
2017-02-06,34.20000076293945,34.525001525878906,34.084999084472656,34.46500015258789,3652400.0
2017-02-07,34.61000061035156,34.63999938964844,34.314998626708984,34.48500061035156,3710600.0
2017-02-08,34.474998474121094,34.880001068115234,34.400001525878906,34.81999969482422,4222000.0
2017-02-09,34.95000076293945,35.03499984741211,34.755001068115234,34.95000076293945,4838000.0
2017-02-10,35.0,35.04999923706055,34.95500183105469,34.9900016784668,4264000.0
2017-02-13,34.904998779296875,35.625,34.904998779296875,35.4900016784668,6010800.0
2017-02-14,35.43000030517578,35.61000061035156,35.349998474121094,35.52000045776367,4334200.0
2017-02-15,35.435001373291016,35.61000061035156,35.35499954223633,35.5,4529200.0
2017-02-16,35.349998474121094,35.66999816894531,35.31999969482422,35.595001220703125,4797600.0
2017-02-17,35.46500015258789,35.564998626708984,35.16999816894531,35.54999923706055,4163800.0
2017-02-21,35.560001373291016,35.869998931884766,35.560001373291016,35.709999084472656,3643800.0
2017-02-22,35.529998779296875,35.7400016784668,35.4900016784668,35.58000183105469,3516200.0
2017-02-23,35.599998474121094,35.86000061035156,35.599998474121094,35.86000061035156,2797200.0
2017-02-24,35.619998931884766,35.8650016784668,35.564998626708984,35.85499954223633,3142800.0
2017-02-27,35.9900016784668,36.23500061035156,35.875,36.165000915527344,3663000.0
2017-02-28,36.07500076293945,36.290000915527344,36.025001525878906,36.17499923706055,6384400.0
2017-03-01,36.5,36.665000915527344,36.404998779296875,36.4900016784668,5367200.0
2017-03-02,36.435001373291016,36.470001220703125,36.07500076293945,36.095001220703125,3806200.0
2017-03-03,36.1349983215332,36.27000045776367,36.06999969482422,36.1349983215332,2685400.0
2017-03-06,35.93000030517578,36.21500015258789,35.90999984741211,36.095001220703125,2443200.0
2017-03-07,36.08000183105469,36.125,35.90999984741211,35.974998474121094,2692000.0
2017-03-08,36.20000076293945,36.290000915527344,35.94499969482422,35.94499969482422,3447200.0
2017-03-09,36.16999816894531,36.23500061035156,35.95000076293945,36.04499816894531,3340600.0
2017-03-10,36.185001373291016,36.36000061035156,35.83000183105469,36.0099983215332,3030800.0
2017-03-13,36.040000915527344,36.130001068115234,35.900001525878906,36.025001525878906,3217800.0
2017-03-14,35.959999084472656,36.0,35.78499984741211,35.91999816894531,3209800.0
2017-03-15,35.92499923706055,36.20000076293945,35.790000915527344,36.17499923706055,3896200.0
2017-03-16,36.154998779296875,36.41999816894531,36.125,36.20000076293945,4006400.0
2017-03-17,36.2599983215332,36.46500015258789,35.974998474121094,36.26499938964844,6158200.0
2017-03-20,36.16999816894531,36.27000045776367,36.005001068115234,36.119998931884766,2299400.0
2017-03-21,36.220001220703125,36.29999923706055,35.64500045776367,35.70500183105469,4650400.0
2017-03-22,35.595001220703125,35.88999938964844,35.31999969482422,35.81999969482422,3248200.0
2017-03-23,35.79499816894531,36.275001525878906,35.70000076293945,36.0,3103200.0
2017-03-24,36.02000045776367,36.26499938964844,35.88999938964844,35.994998931884766,3418000.0
2017-03-27,35.599998474121094,36.0,35.53499984741211,35.91999816894531,5465200.0
2017-03-28,35.849998474121094,36.33000183105469,35.84000015258789,36.154998779296875,4729400.0
2017-03-29,35.994998931884766,36.064998626708984,35.650001525878906,35.790000915527344,3445800.0
2017-03-30,35.724998474121094,36.26499938964844,35.724998474121094,36.15999984741211,4730000.0
2017-03-31,36.07500076293945,36.314998626708984,36.06999969482422,36.209999084472656,4269800.0
2017-04-03,36.380001068115234,36.470001220703125,36.040000915527344,36.33000183105469,4812200.0
2017-04-04,36.275001525878906,36.369998931884766,36.20000076293945,36.30500030517578,3038800.0
2017-04-05,36.38999938964844,36.56999969482422,36.08000183105469,36.095001220703125,6065200.0
2017-04-06,36.314998626708984,36.64500045776367,36.11000061035156,36.474998474121094,6797600.0
2017-04-07,36.334999084472656,36.59000015258789,36.32500076293945,36.45000076293945,5847000.0
2017-04-10,36.494998931884766,36.94499969482422,36.459999084472656,36.775001525878906,7509000.0
2017-04-11,36.650001525878906,36.875,36.564998626708984,36.875,3798000.0
2017-04-12,36.584999084472656,36.83000183105469,36.505001068115234,36.67499923706055,4409400.0
2017-04-13,36.57500076293945,36.810001373291016,36.494998931884766,36.5,3011800.0
2017-04-17,36.57500076293945,36.76499938964844,36.55500030517578,36.76499938964844,3990600.0
2017-04-18,36.814998626708984,37.09000015258789,36.7599983215332,36.939998626708984,5379800.0
2017-04-19,37.09000015258789,37.18000030517578,36.709999084472656,36.78499984741211,3537400.0
2017-04-20,36.92499923706055,37.244998931884766,36.724998474121094,37.084999084472656,3082200.0
2017-04-21,37.06999969482422,37.345001220703125,36.97999954223633,36.994998931884766,3537600.0
2017-04-24,37.4900016784668,37.54499816894531,37.20500183105469,37.32500076293945,3761000.0
2017-04-25,37.5099983215332,37.61000061035156,37.42499923706055,37.505001068115234,3652200.0
2017-04-26,37.43000030517578,37.66999816894531,37.28499984741211,37.400001525878906,4431400.0
2017-04-27,37.505001068115234,37.6150016784668,37.369998931884766,37.525001525878906,3557800.0
2017-04-28,37.6150016784668,38.439998626708984,37.3849983215332,37.439998626708984,4598000.0
2017-05-01,37.529998779296875,37.60499954223633,37.21500015258789,37.220001220703125,3803800.0
2017-05-02,37.20500183105469,37.53499984741211,37.20500183105469,37.5099983215332,2811200.0
2017-05-03,37.45500183105469,37.52000045776367,37.26499938964844,37.380001068115234,2655800.0
2017-05-04,37.529998779296875,37.665000915527344,37.04499816894531,37.19499969482422,4312800.0
2017-05-05,37.2599983215332,37.28499984741211,37.02000045776367,37.17499923706055,2378400.0
2017-05-08,37.224998474121094,37.244998931884766,37.0,37.165000915527344,2926600.0
2017-05-09,37.16999816894531,37.27000045776367,36.869998931884766,36.93000030517578,2830000.0
2017-05-10,36.869998931884766,37.22999954223633,36.85499954223633,37.21500015258789,3771200.0
2017-05-11,37.060001373291016,37.1150016784668,36.834999084472656,36.97999954223633,2647800.0
2017-05-12,36.83000183105469,36.96500015258789,36.67499923706055,36.71500015258789,2323400.0
2017-05-15,36.80500030517578,36.95000076293945,36.755001068115234,36.8650016784668,2348600.0
2017-05-16,36.88999938964844,36.939998626708984,36.78499984741211,36.869998931884766,2297200.0
2017-05-17,36.869998931884766,36.970001220703125,36.404998779296875,36.810001373291016,5104200.0
2017-05-18,36.810001373291016,37.07500076293945,36.70500183105469,36.86000061035156,3443000.0
2017-05-19,36.89500045776367,37.0,36.77000045776367,36.935001373291016,4560800.0
2017-05-22,36.915000915527344,37.15999984741211,36.875,36.95000076293945,3278600.0
2017-05-23,36.974998474121094,37.13999938964844,36.935001373291016,37.064998626708984,2473000.0
2017-05-24,37.084999084472656,37.13999938964844,36.834999084472656,36.915000915527344,2764200.0
2017-05-25,36.935001373291016,37.39500045776367,36.904998779296875,37.35499954223633,2618200.0
2017-05-26,37.29999923706055,37.439998626708984,37.224998474121094,37.41999816894531,1912000.0
2017-05-30,37.349998474121094,37.66999816894531,37.290000915527344,37.56999969482422,3069600.0
2017-05-31,37.56999969482422,37.70000076293945,37.43000030517578,37.689998626708984,5348600.0
2017-06-01,37.81999969482422,37.97999954223633,37.625,37.96500015258789,2923800.0
2017-06-02,37.904998779296875,38.119998931884766,37.80500030517578,37.96500015258789,2829800.0
2017-06-05,37.95000076293945,38.1349983215332,37.82500076293945,37.880001068115234,2045600.0
2017-06-06,37.72999954223633,37.814998626708984,37.35499954223633,37.39500045776367,2342800.0
2017-06-07,37.45500183105469,37.595001220703125,37.275001525878906,37.46500015258789,2513800.0
2017-06-08,37.46500015258789,37.790000915527344,37.46500015258789,37.599998474121094,4054200.0
2017-06-09,37.689998626708984,39.07500076293945,37.654998779296875,39.0,7028600.0
2017-06-12,38.95500183105469,39.04999923706055,38.665000915527344,38.810001373291016,4277600.0
2017-06-13,38.834999084472656,39.02000045776367,38.775001525878906,38.95000076293945,2704000.0
2017-06-14,38.68000030517578,39.130001068115234,38.67499923706055,39.04999923706055,3789000.0
2017-06-15,38.845001220703125,38.970001220703125,38.77000045776367,38.900001525878906,3356000.0
2017-06-16,38.974998474121094,39.189998626708984,38.83000183105469,39.189998626708984,5550800.0
2017-06-19,39.310001373291016,39.93000030517578,39.2599983215332,39.630001068115234,5491600.0
2017-06-20,39.525001525878906,39.70000076293945,39.34000015258789,39.35499954223633,2343800.0
2017-06-21,39.380001068115234,39.45000076293945,38.95500183105469,38.98500061035156,3187600.0
2017-06-22,38.994998931884766,38.994998931884766,38.6349983215332,38.65999984741211,2813400.0
2017-06-23,38.76499938964844,39.02000045776367,38.65999984741211,38.79999923706055,4426600.0
2017-06-26,38.935001373291016,39.03499984741211,38.63999938964844,38.755001068115234,2683200.0
2017-06-27,38.875,39.060001373291016,38.76499938964844,38.8849983215332,2693400.0
2017-06-28,39.150001525878906,39.43000030517578,39.04499816894531,39.154998779296875,2828400.0
2017-06-29,39.41999816894531,39.52000045776367,38.60499954223633,38.79999923706055,3345800.0
2017-06-30,38.959999084472656,39.119998931884766,38.71500015258789,38.84000015258789,3041800.0
2017-07-03,39.05500030517578,39.665000915527344,38.939998626708984,39.209999084472656,1875600.0
2017-07-05,39.209999084472656,39.36000061035156,39.060001373291016,39.150001525878906,2282800.0
2017-07-06,39.165000915527344,39.19499969482422,38.7400016784668,38.76499938964844,3788000.0
2017-07-07,38.869998931884766,39.16999816894531,38.810001373291016,38.9900016784668,2864200.0
2017-07-10,38.90999984741211,39.04499816894531,38.78499984741211,38.82500076293945,2528000.0
2017-07-11,38.900001525878906,38.95000076293945,38.630001068115234,38.81999969482422,1992000.0
2017-07-12,38.779998779296875,38.970001220703125,38.71500015258789,38.82500076293945,1989000.0
2017-07-13,38.82500076293945,39.01499938964844,38.77000045776367,38.95000076293945,1631600.0
2017-07-14,38.80500030517578,39.119998931884766,38.599998474121094,38.935001373291016,2327000.0
2017-07-17,38.904998779296875,39.06999969482422,38.724998474121094,38.875,2332000.0
2017-07-18,38.689998626708984,38.994998931884766,38.60499954223633,38.935001373291016,1580000.0
2017-07-19,38.98500061035156,39.05500030517578,38.82500076293945,38.94499969482422,1900800.0
2017-07-20,38.8650016784668,39.15999984741211,38.755001068115234,38.84000015258789,2587200.0
2017-07-21,38.77000045776367,38.89500045776367,38.65999984741211,38.78499984741211,2654400.0
2017-07-24,38.790000915527344,38.8650016784668,38.755001068115234,38.810001373291016,2119400.0
2017-07-25,39.09000015258789,39.185001373291016,38.91999816894531,39.029998779296875,2209800.0
2017-07-26,38.994998931884766,39.099998474121094,38.560001373291016,38.67499923706055,3396200.0
2017-07-27,38.67499923706055,38.689998626708984,38.310001373291016,38.560001373291016,5014400.0
2017-07-28,38.73500061035156,39.91999816894531,38.73500061035156,39.689998626708984,5300000.0
2017-07-31,39.790000915527344,39.95500183105469,39.625,39.875,5907800.0
2017-08-01,40.04499816894531,40.470001220703125,39.810001373291016,40.44499969482422,3710000.0
2017-08-02,40.33000183105469,40.619998931884766,40.255001068115234,40.58000183105469,2521400.0
2017-08-03,40.540000915527344,40.724998474121094,40.404998779296875,40.48500061035156,2531200.0
2017-08-04,40.64500045776367,40.665000915527344,40.369998931884766,40.58000183105469,2283800.0
2017-08-07,40.56999969482422,40.775001525878906,40.45500183105469,40.54999923706055,2554200.0
2017-08-08,40.540000915527344,40.790000915527344,40.51499938964844,40.619998931884766,2385000.0
2017-08-09,40.55500030517578,40.900001525878906,40.3650016784668,40.8849983215332,3084600.0
2017-08-10,40.625,40.775001525878906,40.404998779296875,40.40999984741211,3332800.0
2017-08-11,40.334999084472656,40.6150016784668,40.334999084472656,40.375,2744400.0
2017-08-14,40.494998931884766,40.755001068115234,40.40999984741211,40.625,2360800.0
2017-08-15,40.755001068115234,40.94499969482422,40.54999923706055,40.630001068115234,2276800.0
2017-08-16,40.75,40.845001220703125,40.380001068115234,40.40999984741211,2546400.0
2017-08-17,40.380001068115234,40.5,39.900001525878906,39.915000915527344,2993000.0
2017-08-18,39.85499954223633,40.130001068115234,39.70500183105469,39.91999816894531,2794600.0
2017-08-21,39.755001068115234,40.05500030517578,39.58000183105469,39.85499954223633,3461000.0
2017-08-22,39.95000076293945,40.119998931884766,39.8849983215332,40.084999084472656,2299000.0
2017-08-23,39.814998626708984,40.13999938964844,39.814998626708984,40.029998779296875,1799600.0
2017-08-24,40.15999984741211,40.314998626708984,39.9900016784668,40.19499969482422,2787400.0
2017-08-25,40.29999923706055,40.54999923706055,40.28499984741211,40.45500183105469,2742000.0
2017-08-28,40.43000030517578,40.56999969482422,40.314998626708984,40.400001525878906,4063800.0
2017-08-29,40.17499923706055,40.875,40.0,40.85499954223633,4450400.0
2017-08-30,40.845001220703125,41.185001373291016,40.60499954223633,41.029998779296875,4131200.0
2017-08-31,41.11000061035156,41.349998474121094,41.029998779296875,41.275001525878906,7708800.0
2017-09-01,41.275001525878906,41.69499969482422,41.22999954223633,41.45000076293945,3141200.0
2017-09-05,41.345001220703125,41.560001373291016,40.68000030517578,40.7599983215332,4619200.0
2017-09-06,40.85499954223633,41.095001220703125,40.790000915527344,40.84000015258789,3171800.0
2017-09-07,40.96500015258789,40.970001220703125,40.040000915527344,40.275001525878906,3458200.0
2017-09-08,39.95000076293945,40.70000076293945,39.875,40.59000015258789,3525000.0
2017-09-11,41.095001220703125,41.27000045776367,40.875,41.23500061035156,2878400.0
2017-09-12,41.30500030517578,41.400001525878906,40.9900016784668,41.119998931884766,2527600.0
2017-09-13,41.029998779296875,41.099998474121094,40.95000076293945,41.02000045776367,2064800.0
2017-09-14,41.005001068115234,41.064998626708984,40.69499969482422,41.05500030517578,2747000.0
2017-09-15,40.96500015258789,41.439998626708984,40.89500045776367,41.404998779296875,4877200.0
2017-09-18,41.44499969482422,41.630001068115234,41.35499954223633,41.57500076293945,2653800.0
2017-09-19,41.560001373291016,41.900001525878906,41.540000915527344,41.81999969482422,2691400.0
2017-09-20,41.900001525878906,42.119998931884766,41.80500030517578,41.959999084472656,3048200.0
2017-09-21,41.96500015258789,41.970001220703125,41.65999984741211,41.814998626708984,3385200.0
2017-09-22,41.755001068115234,42.025001525878906,41.709999084472656,41.970001220703125,2281400.0
2017-09-25,41.915000915527344,42.255001068115234,41.73500061035156,42.130001068115234,2758200.0
2017-09-26,41.56999969482422,41.92499923706055,41.53499984741211,41.77000045776367,2929000.0
2017-09-27,41.88999938964844,41.994998931884766,41.525001525878906,41.88999938964844,4127400.0
2017-09-28,41.869998931884766,41.875,40.755001068115234,41.150001525878906,6290000.0
2017-09-29,41.13999938964844,41.13999938964844,40.54999923706055,40.69499969482422,3329800.0
2017-10-02,40.7599983215332,41.064998626708984,40.70500183105469,40.98500061035156,6282200.0
2017-10-03,40.97999954223633,41.150001525878906,40.82500076293945,41.1150016784668,2239000.0
2017-10-04,41.07500076293945,41.244998931884766,41.025001525878906,41.060001373291016,2591000.0
2017-10-05,41.03499984741211,41.5099983215332,41.03499984741211,41.244998931884766,2365800.0
2017-10-06,41.35499954223633,41.47999954223633,41.005001068115234,41.1349983215332,1753800.0
2017-10-09,41.1150016784668,41.35499954223633,41.025001525878906,41.290000915527344,1931400.0
2017-10-10,41.36000061035156,41.810001373291016,41.32500076293945,41.810001373291016,3557200.0
2017-10-11,41.75,41.97999954223633,41.54499816894531,41.939998626708984,3081200.0
2017-10-12,41.89500045776367,42.060001373291016,41.689998626708984,41.970001220703125,2195000.0
2017-10-13,42.01499938964844,42.34000015258789,41.97999954223633,42.005001068115234,2480200.0
2017-10-16,42.029998779296875,42.255001068115234,41.86000061035156,42.09000015258789,2296800.0
2017-10-17,42.08000183105469,42.17499923706055,41.724998474121094,41.880001068115234,1813600.0
2017-10-18,41.900001525878906,42.0099983215332,41.60499954223633,41.880001068115234,2046800.0
2017-10-19,41.79999923706055,42.244998931884766,41.79999923706055,42.224998474121094,1918400.0
2017-10-20,42.56999969482422,42.619998931884766,41.84000015258789,41.92499923706055,3119800.0
2017-10-23,41.9900016784668,42.18000030517578,41.84000015258789,42.15999984741211,2982000.0
2017-10-24,42.375,42.3849983215332,42.0099983215332,42.279998779296875,2814200.0
2017-10-25,42.189998626708984,42.27000045776367,41.755001068115234,42.03499984741211,4657200.0
2017-10-26,42.494998931884766,42.849998474121094,41.60499954223633,41.814998626708984,4407400.0
2017-10-27,41.83000183105469,42.02000045776367,41.66999816894531,41.970001220703125,3347400.0
2017-10-30,41.85499954223633,42.095001220703125,41.814998626708984,41.915000915527344,2113000.0
2017-10-31,41.90999984741211,42.04999923706055,41.82500076293945,41.94499969482422,2942000.0
2017-11-01,42.06999969482422,42.32500076293945,41.994998931884766,42.14500045776367,2830200.0
2017-11-02,42.209999084472656,42.35499954223633,41.959999084472656,42.20500183105469,5814400.0
2017-11-03,42.099998474121094,42.15999984741211,41.849998474121094,41.9900016784668,2417400.0
2017-11-06,41.935001373291016,42.439998626708984,41.915000915527344,42.28499984741211,3066600.0
2017-11-07,42.375,42.5099983215332,41.685001373291016,41.904998779296875,3040800.0
2017-11-08,41.86000061035156,42.11000061035156,41.77000045776367,41.994998931884766,2221800.0
2017-11-09,41.904998779296875,42.189998626708984,41.775001525878906,42.040000915527344,1862000.0
2017-11-10,41.970001220703125,42.005001068115234,41.5,41.720001220703125,2363400.0
2017-11-13,41.6349983215332,42.2599983215332,41.54999923706055,42.20000076293945,2697800.0
2017-11-14,41.7599983215332,42.26499938964844,41.6349983215332,42.1349983215332,2387000.0
2017-11-15,41.96500015258789,42.314998626708984,41.845001220703125,42.220001220703125,3033400.0
2017-11-16,42.36000061035156,42.47999954223633,42.07500076293945,42.154998779296875,2670000.0
2017-11-17,41.9900016784668,42.07500076293945,41.630001068115234,41.92499923706055,3557200.0
2017-11-20,42.04999923706055,42.474998474121094,42.03499984741211,42.34000015258789,2789600.0
2017-11-21,42.505001068115234,42.83000183105469,42.5,42.540000915527344,2541800.0
2017-11-22,42.540000915527344,42.67499923706055,42.415000915527344,42.525001525878906,2460400.0
2017-11-24,42.625,42.744998931884766,42.34000015258789,42.5,1243800.0
2017-11-27,42.54499816894531,42.974998474121094,42.494998931884766,42.720001220703125,3535400.0
2017-11-28,42.75,43.20000076293945,42.68000030517578,43.1349983215332,3410200.0
2017-11-29,43.189998626708984,43.779998779296875,43.119998931884766,43.595001220703125,3096200.0
2017-11-30,43.79999923706055,44.04999923706055,43.474998474121094,43.81999969482422,7070600.0
2017-12-01,43.959999084472656,44.04499816894531,42.6150016784668,43.79999923706055,3563400.0
2017-12-04,44.224998474121094,44.369998931884766,43.71500015258789,44.06999969482422,3898200.0
2017-12-05,44.189998626708984,44.275001525878906,43.78499984741211,43.91999816894531,3238800.0
2017-12-06,43.98500061035156,44.20500183105469,43.72999954223633,43.80500030517578,3055000.0
2017-12-07,43.650001525878906,44.095001220703125,43.57500076293945,43.970001220703125,2159000.0
2017-12-08,44.029998779296875,44.084999084472656,43.75,44.08000183105469,2852800.0
2017-12-11,44.13999938964844,44.31999969482422,43.94499969482422,44.2400016784668,2338600.0
2017-12-12,44.189998626708984,44.57500076293945,44.165000915527344,44.380001068115234,2391000.0
2017-12-13,44.32500076293945,44.51499938964844,44.209999084472656,44.244998931884766,2772800.0
2017-12-14,44.27000045776367,44.54999923706055,44.1150016784668,44.209999084472656,3064400.0
2017-12-15,44.435001373291016,44.834999084472656,44.19499969482422,44.630001068115234,6039000.0
2017-12-18,44.8650016784668,44.904998779296875,44.025001525878906,44.14500045776367,3198200.0
2017-12-19,44.17499923706055,44.275001525878906,43.94499969482422,43.9900016784668,4008400.0
2017-12-20,44.125,44.13999938964844,43.654998779296875,43.68000030517578,4538200.0
2017-12-21,43.7599983215332,43.959999084472656,43.459999084472656,43.55500030517578,5847400.0
2017-12-22,43.599998474121094,43.75,43.400001525878906,43.60499954223633,3048000.0
2017-12-26,43.65999984741211,43.935001373291016,43.61000061035156,43.81999969482422,1741000.0
2017-12-27,43.755001068115234,44.05500030517578,43.70000076293945,43.85499954223633,2760200.0
2017-12-28,44.0,44.14500045776367,43.790000915527344,44.1150016784668,1653400.0
2017-12-29,44.154998779296875,44.26499938964844,43.88999938964844,43.88999938964844,1995200.0
2018-01-02,44.18000030517578,44.33000183105469,43.834999084472656,43.98500061035156,4227200.0
2018-01-03,43.8650016784668,44.15999984741211,43.790000915527344,44.1150016784668,3575600.0
2018-01-04,44.28499984741211,44.91999816894531,44.22999954223633,44.56999969482422,3323200.0
2018-01-05,44.685001373291016,44.875,44.47999954223633,44.8650016784668,2737800.0
2018-01-08,44.935001373291016,45.04999923706055,44.849998474121094,44.97999954223633,2866400.0
2018-01-09,45.099998474121094,45.650001525878906,44.974998474121094,45.0,3404800.0
2018-01-10,44.95500183105469,45.55500030517578,44.86000061035156,45.369998931884766,3336600.0
2018-01-11,45.599998474121094,45.8650016784668,45.44499969482422,45.845001220703125,2754400.0
2018-01-12,45.5,45.5,41.849998474121094,42.470001220703125,27589200.0
2018-01-16,42.494998931884766,43.54499816894531,42.459999084472656,43.19499969482422,10066200.0
2018-01-17,43.51499938964844,44.1349983215332,43.26499938964844,43.90999984741211,6480000.0
2018-01-18,43.904998779296875,44.17499923706055,43.06999969482422,43.220001220703125,6981600.0
2018-01-19,43.20500183105469,43.70500183105469,43.154998779296875,43.40999984741211,3745200.0
2018-01-22,44.0,44.099998474121094,43.65999984741211,43.845001220703125,4787800.0
2018-01-23,43.665000915527344,44.150001525878906,43.6349983215332,44.040000915527344,5023000.0
2018-01-24,44.244998931884766,44.505001068115234,44.02000045776367,44.21500015258789,5099600.0
2018-01-25,44.40999984741211,44.790000915527344,44.189998626708984,44.709999084472656,4557400.0
2018-01-26,44.70500183105469,45.52000045776367,44.70500183105469,45.494998931884766,4072200.0
2018-01-29,45.38999938964844,45.505001068115234,44.724998474121094,44.775001525878906,4216000.0
2018-01-30,44.54999923706055,44.60499954223633,44.224998474121094,44.28499984741211,4528000.0
2018-01-31,44.32500076293945,44.44499969482422,43.88999938964844,44.099998474121094,5071800.0
2018-02-01,44.290000915527344,45.349998474121094,44.19499969482422,44.845001220703125,7420600.0
2018-02-02,44.79499816894531,45.28499984741211,44.40999984741211,44.474998474121094,4697000.0
2018-02-05,44.33000183105469,44.55500030517578,43.025001525878906,43.10499954223633,4887200.0
2018-02-06,42.369998931884766,42.994998931884766,41.689998626708984,42.810001373291016,7481800.0
2018-02-07,42.720001220703125,43.55500030517578,42.6349983215332,42.79999923706055,4643600.0
2018-02-08,42.915000915527344,43.064998626708984,41.6150016784668,41.625,5560200.0
2018-02-09,42.14500045776367,42.619998931884766,41.40999984741211,42.3849983215332,5242600.0
2018-02-12,42.55500030517578,42.90999984741211,42.125,42.564998626708984,3779200.0
2018-02-13,42.45500183105469,43.20000076293945,42.415000915527344,43.03499984741211,3533800.0
2018-02-14,43.255001068115234,43.94499969482422,43.21500015258789,43.82500076293945,4493400.0
2018-02-15,44.084999084472656,44.314998626708984,43.73500061035156,44.209999084472656,3425400.0
2018-02-16,44.040000915527344,45.02000045776367,44.040000915527344,44.82500076293945,4285000.0
2018-02-20,44.380001068115234,44.970001220703125,44.310001373291016,44.459999084472656,4555000.0
2018-02-21,44.39500045776367,45.345001220703125,44.33000183105469,44.439998626708984,4553400.0
2018-02-22,44.60499954223633,44.779998779296875,44.165000915527344,44.26499938964844,4205000.0
2018-02-23,44.39500045776367,44.84000015258789,44.39500045776367,44.78499984741211,3153400.0
2018-02-26,44.93000030517578,45.39500045776367,44.665000915527344,45.380001068115234,3636400.0
2018-02-27,45.30500030517578,45.630001068115234,44.92499923706055,44.994998931884766,4519400.0
2018-02-28,45.165000915527344,45.45500183105469,44.43000030517578,44.439998626708984,4329200.0
2018-03-01,44.505001068115234,44.900001525878906,43.43000030517578,43.83000183105469,4533600.0
2018-03-02,43.70500183105469,43.88999938964844,43.154998779296875,43.755001068115234,5099400.0
2018-03-05,43.55500030517578,44.459999084472656,43.48500061035156,44.125,3981400.0
2018-03-06,44.310001373291016,44.44499969482422,43.76499938964844,44.38999938964844,3276200.0
2018-03-07,43.86000061035156,44.474998474121094,43.82500076293945,44.3849983215332,6128800.0
2018-03-08,44.55500030517578,45.01499938964844,44.44499969482422,44.994998931884766,3290200.0
2018-03-09,45.040000915527344,45.849998474121094,45.0,45.84000015258789,3613800.0
2018-03-12,45.7599983215332,45.775001525878906,45.27000045776367,45.415000915527344,3446000.0
2018-03-13,45.6349983215332,45.880001068115234,45.25,45.375,5045600.0
2018-03-14,45.42499923706055,45.525001525878906,44.9900016784668,45.10499954223633,4053200.0
2018-03-15,45.19499969482422,45.3650016784668,44.974998474121094,45.0099983215332,3513200.0
2018-03-16,45.125,45.349998474121094,44.93000030517578,45.244998931884766,8094200.0
2018-03-19,45.43000030517578,45.52000045776367,44.310001373291016,44.70000076293945,4998900.0
2018-03-20,44.88999938964844,45.529998779296875,44.81999969482422,45.43000030517578,4794300.0
2018-03-21,45.5,45.7400016784668,45.2400016784668,45.369998931884766,4883100.0
2018-03-22,44.970001220703125,45.22999954223633,44.349998474121094,44.369998931884766,5500500.0
2018-03-23,44.47999954223633,44.61000061035156,43.22999954223633,43.349998474121094,4228200.0
2018-03-26,43.91999816894531,44.22999954223633,43.560001373291016,44.09000015258789,3450300.0
2018-03-27,43.810001373291016,44.029998779296875,43.20000076293945,43.47999954223633,8107100.0
2018-03-28,43.52000045776367,43.93000030517578,43.15999984741211,43.54999923706055,4722300.0
2018-03-29,43.77000045776367,44.029998779296875,43.65999984741211,43.7599983215332,2898800.0
2018-04-02,43.849998474121094,44.08000183105469,42.41999816894531,42.970001220703125,3210900.0
2018-04-03,43.34000015258789,43.77000045776367,43.16999816894531,43.689998626708984,5217300.0
2018-04-04,43.13999938964844,44.310001373291016,43.119998931884766,44.2400016784668,3697400.0
2018-04-05,44.4900016784668,44.4900016784668,43.65999984741211,43.70000076293945,7055800.0
2018-04-06,43.4900016784668,44.119998931884766,43.06999969482422,43.369998931884766,3570800.0
2018-04-09,43.650001525878906,44.209999084472656,43.380001068115234,43.59000015258789,3285800.0
2018-04-10,44.18000030517578,44.59000015258789,44.029998779296875,44.380001068115234,2355200.0
2018-04-11,44.09000015258789,44.439998626708984,43.84000015258789,44.189998626708984,2319200.0
2018-04-12,44.5,44.880001068115234,44.439998626708984,44.650001525878906,2354800.0
2018-04-13,44.90999984741211,45.06999969482422,44.40999984741211,44.560001373291016,2078500.0
2018-04-16,44.88999938964844,45.119998931884766,44.689998626708984,44.77000045776367,2940800.0
2018-04-17,45.0,45.279998779296875,44.790000915527344,45.18000030517578,4372900.0
2018-04-18,45.310001373291016,45.36000061035156,45.0099983215332,45.02000045776367,3726500.0
2018-04-19,45.0,45.279998779296875,44.95000076293945,45.22999954223633,2520200.0
2018-04-20,45.349998474121094,45.52000045776367,45.0,45.279998779296875,4331600.0
2018-04-23,45.36000061035156,45.59000015258789,45.11000061035156,45.29999923706055,1884500.0
2018-04-24,45.40999984741211,45.560001373291016,44.79999923706055,45.16999816894531,2191000.0
2018-04-25,45.20000076293945,45.529998779296875,44.720001220703125,45.40999984741211,3403500.0
2018-04-26,45.52000045776367,46.189998626708984,45.25,45.68000030517578,4254100.0
2018-04-27,45.560001373291016,45.9900016784668,45.470001220703125,45.88999938964844,2220200.0
2018-04-30,46.0099983215332,46.189998626708984,45.529998779296875,45.56999969482422,3460800.0
2018-05-01,45.25,45.5,45.0,45.400001525878906,2918300.0
2018-05-02,45.310001373291016,45.5099983215332,44.9900016784668,45.04999923706055,6848600.0
2018-05-03,44.7599983215332,44.79999923706055,44.060001373291016,44.45000076293945,4142700.0
2018-05-04,44.2400016784668,44.90999984741211,44.099998474121094,44.810001373291016,3109400.0
2018-05-07,44.810001373291016,44.83000183105469,44.310001373291016,44.59000015258789,3184100.0
2018-05-08,44.709999084472656,45.0,44.54999923706055,44.81999969482422,2775500.0
2018-05-09,44.93000030517578,44.97999954223633,44.33000183105469,44.75,2518300.0
2018-05-10,44.880001068115234,45.459999084472656,44.70000076293945,45.349998474121094,2878400.0
2018-05-11,45.34000015258789,45.5099983215332,45.06999969482422,45.22999954223633,2567100.0
2018-05-14,45.25,45.52000045776367,45.08000183105469,45.2400016784668,1905000.0
2018-05-15,45.2400016784668,45.540000915527344,44.939998626708984,45.099998474121094,2832500.0
2018-05-16,45.06999969482422,45.65999984741211,44.939998626708984,45.40999984741211,2576800.0
2018-05-17,45.400001525878906,45.59000015258789,45.29999923706055,45.529998779296875,2900000.0
2018-05-18,45.689998626708984,45.689998626708984,45.279998779296875,45.38999938964844,3051600.0
2018-05-21,45.61000061035156,45.810001373291016,45.5099983215332,45.75,2406900.0
2018-05-22,45.5099983215332,45.70000076293945,45.400001525878906,45.58000183105469,2512700.0
2018-05-23,45.40999984741211,45.529998779296875,45.11000061035156,45.310001373291016,3770500.0
2018-05-24,45.34000015258789,45.45000076293945,44.95000076293945,45.310001373291016,2453500.0
2018-05-25,45.16999816894531,45.40999984741211,45.13999938964844,45.34000015258789,2825000.0
2018-05-29,45.029998779296875,45.130001068115234,44.2599983215332,44.56999969482422,4602100.0
2018-05-30,45.0,45.849998474121094,44.869998931884766,45.560001373291016,3901400.0
2018-05-31,45.29999923706055,45.400001525878906,44.869998931884766,45.060001373291016,5031200.0
2018-06-01,45.5,45.59000015258789,45.2599983215332,45.400001525878906,2646200.0
2018-06-04,45.619998931884766,45.70000076293945,45.400001525878906,45.43000030517578,1949000.0
2018-06-05,45.2599983215332,45.56999969482422,45.15999984741211,45.45000076293945,3482700.0
2018-06-06,45.58000183105469,45.779998779296875,45.25,45.70000076293945,2336800.0
2018-06-07,45.88999938964844,45.900001525878906,45.54999923706055,45.68000030517578,2919300.0
2018-06-08,45.70000076293945,45.90999984741211,45.56999969482422,45.88999938964844,2287000.0
2018-06-11,45.97999954223633,45.9900016784668,45.66999816894531,45.75,3490200.0
2018-06-12,45.810001373291016,46.0,45.459999084472656,45.7400016784668,2389600.0
2018-06-13,45.81999969482422,45.970001220703125,45.650001525878906,45.68000030517578,3143400.0
2018-06-14,45.650001525878906,45.7400016784668,45.29999923706055,45.68000030517578,2464200.0
2018-06-15,45.5099983215332,45.7599983215332,45.0099983215332,45.75,4431000.0
2018-06-18,45.400001525878906,45.52000045776367,44.83000183105469,45.16999816894531,3707600.0
2018-06-19,44.9900016784668,45.290000915527344,44.869998931884766,45.0,3159900.0
2018-06-20,44.9900016784668,45.18000030517578,44.59000015258789,44.720001220703125,2995300.0
2018-06-21,44.599998474121094,44.68000030517578,44.31999969482422,44.43000030517578,2251400.0
2018-06-22,44.66999816894531,44.77000045776367,44.150001525878906,44.189998626708984,3291100.0
2018-06-25,44.0099983215332,44.380001068115234,43.83000183105469,44.08000183105469,2880500.0
2018-06-26,44.11000061035156,44.2599983215332,43.9900016784668,44.0,2112100.0
2018-06-27,43.90999984741211,44.13999938964844,43.400001525878906,43.40999984741211,2441600.0
2018-06-28,43.41999816894531,43.58000183105469,43.0099983215332,43.209999084472656,3349900.0
2018-06-29,43.45000076293945,43.54999923706055,43.0099983215332,43.02000045776367,4264100.0
2018-07-02,42.849998474121094,42.91999816894531,42.560001373291016,42.88999938964844,2289000.0
2018-07-03,43.040000915527344,43.290000915527344,42.869998931884766,42.900001525878906,1478000.0
2018-07-05,43.349998474121094,43.349998474121094,42.470001220703125,43.040000915527344,3091600.0
2018-07-06,42.88999938964844,43.11000061035156,42.61000061035156,42.90999984741211,2610400.0
2018-07-09,42.970001220703125,43.45000076293945,42.75,43.36000061035156,3045200.0
2018-07-10,43.31999969482422,43.34000015258789,43.0099983215332,43.220001220703125,2323400.0
2018-07-11,42.970001220703125,43.02000045776367,42.27000045776367,42.4900016784668,3894000.0
2018-07-12,42.70000076293945,42.81999969482422,42.130001068115234,42.47999954223633,3002700.0
2018-07-13,42.40999984741211,42.70000076293945,42.279998779296875,42.599998474121094,2321700.0
2018-07-16,42.61000061035156,42.970001220703125,42.45000076293945,42.779998779296875,3541000.0
2018-07-17,42.84000015258789,43.0099983215332,42.630001068115234,42.939998626708984,2616100.0
2018-07-18,42.869998931884766,43.349998474121094,42.849998474121094,43.2599983215332,2868200.0
2018-07-19,43.209999084472656,43.439998626708984,42.75,42.88999938964844,2741900.0
2018-07-20,42.70000076293945,43.150001525878906,42.59000015258789,43.060001373291016,2756100.0
2018-07-23,43.02000045776367,43.709999084472656,42.970001220703125,43.47999954223633,2853000.0
2018-07-24,43.5,43.91999816894531,43.41999816894531,43.68000030517578,2665200.0
2018-07-25,43.72999954223633,43.810001373291016,43.34000015258789,43.779998779296875,2272600.0
2018-07-26,43.9900016784668,44.5,43.90999984741211,44.40999984741211,2637800.0
2018-07-27,46.0,46.4900016784668,45.5,46.310001373291016,5349000.0
2018-07-30,46.349998474121094,46.68000030517578,46.18000030517578,46.33000183105469,3707500.0
2018-07-31,46.599998474121094,46.70000076293945,46.15999984741211,46.540000915527344,5180600.0
2018-08-01,46.63999938964844,46.959999084472656,46.4900016784668,46.72999954223633,3958700.0
2018-08-02,46.5099983215332,46.630001068115234,46.25,46.36000061035156,2520200.0
2018-08-03,46.33000183105469,46.59000015258789,46.130001068115234,46.59000015258789,3059200.0
2018-08-06,46.619998931884766,46.79999923706055,46.41999816894531,46.63999938964844,2051000.0
2018-08-07,46.790000915527344,47.08000183105469,46.63999938964844,46.70000076293945,2137300.0
2018-08-08,46.70000076293945,46.939998626708984,46.599998474121094,46.869998931884766,1884900.0
2018-08-09,46.86000061035156,46.900001525878906,46.650001525878906,46.7599983215332,2060200.0
2018-08-10,46.59000015258789,46.650001525878906,46.220001220703125,46.47999954223633,2491500.0
2018-08-13,46.41999816894531,46.54999923706055,46.15999984741211,46.29999923706055,4607100.0
2018-08-14,46.31999969482422,46.630001068115234,46.310001373291016,46.5099983215332,2392200.0
2018-08-15,46.22999954223633,46.43000030517578,46.02000045776367,46.290000915527344,2603500.0
2018-08-16,46.54999923706055,46.72999954223633,46.40999984741211,46.5,3037700.0
2018-08-17,46.47999954223633,46.849998474121094,46.47999954223633,46.7599983215332,2895400.0
2018-08-20,46.7400016784668,46.869998931884766,46.599998474121094,46.779998779296875,2003100.0
2018-08-21,46.560001373291016,47.06999969482422,46.310001373291016,46.91999816894531,2982800.0
2018-08-22,46.869998931884766,46.88999938964844,46.529998779296875,46.599998474121094,2404700.0
2018-08-23,46.70000076293945,46.70000076293945,46.2599983215332,46.38999938964844,1775600.0
2018-08-24,46.45000076293945,46.68000030517578,46.369998931884766,46.66999816894531,1624700.0
2018-08-27,46.900001525878906,47.150001525878906,46.7599983215332,46.970001220703125,1814400.0
2018-08-28,47.040000915527344,47.08000183105469,46.650001525878906,46.779998779296875,2271100.0
2018-08-29,46.90999984741211,47.119998931884766,46.650001525878906,46.939998626708984,2369700.0
2018-08-30,46.869998931884766,46.880001068115234,46.41999816894531,46.5099983215332,1776400.0
2018-08-31,46.5,46.599998474121094,46.209999084472656,46.2400016784668,4738400.0
2018-09-04,46.09000015258789,46.58000183105469,45.79999923706055,46.56999969482422,2545700.0
2018-09-05,46.560001373291016,47.150001525878906,46.45000076293945,47.08000183105469,2444700.0
2018-09-06,47.08000183105469,47.13999938964844,46.650001525878906,46.88999938964844,2346800.0
2018-09-07,46.93000030517578,47.040000915527344,46.70000076293945,46.81999969482422,2546700.0
2018-09-10,46.93000030517578,46.970001220703125,46.65999984741211,46.77000045776367,3073400.0
2018-09-11,46.630001068115234,46.88999938964844,46.36000061035156,46.630001068115234,2390500.0
2018-09-12,46.52000045776367,46.599998474121094,46.20000076293945,46.310001373291016,2249100.0
2018-09-13,46.470001220703125,46.7400016784668,46.400001525878906,46.70000076293945,1965900.0
2018-09-14,46.75,47.279998779296875,46.709999084472656,47.209999084472656,2480800.0
2018-09-17,47.27000045776367,47.459999084472656,47.029998779296875,47.04999923706055,2724600.0
2018-09-18,47.13999938964844,47.38999938964844,46.869998931884766,47.2599983215332,2830600.0
2018-09-19,47.400001525878906,47.810001373291016,47.36000061035156,47.68000030517578,3455300.0
2018-09-20,47.900001525878906,48.06999969482422,47.7599983215332,47.88999938964844,2464400.0
2018-09-21,48.0,48.09000015258789,47.7400016784668,48.040000915527344,4231500.0
2018-09-24,48.099998474121094,48.189998626708984,47.689998626708984,47.70000076293945,2243300.0
2018-09-25,47.91999816894531,47.9900016784668,47.63999938964844,47.70000076293945,1853600.0
2018-09-26,47.75,47.86000061035156,46.9900016784668,47.040000915527344,3656800.0
2018-09-27,47.0099983215332,47.349998474121094,46.880001068115234,47.04999923706055,1893900.0
2018-09-28,46.810001373291016,47.20000076293945,46.630001068115234,47.06999969482422,2587700.0
2018-10-01,47.2400016784668,47.369998931884766,46.86000061035156,47.15999984741211,1867800.0
2018-10-02,47.11000061035156,47.27000045776367,46.88999938964844,47.09000015258789,2137300.0
2018-10-03,47.189998626708984,47.31999969482422,46.84000015258789,46.869998931884766,2230800.0
2018-10-04,46.91999816894531,47.040000915527344,46.400001525878906,46.599998474121094,4248000.0
2018-10-05,46.599998474121094,46.83000183105469,46.47999954223633,46.5,2855000.0
2018-10-08,46.400001525878906,47.290000915527344,46.310001373291016,47.130001068115234,2797700.0
2018-10-09,47.11000061035156,47.52000045776367,46.75,47.40999984741211,2502700.0
2018-10-10,47.36000061035156,47.63999938964844,46.220001220703125,46.33000183105469,5452500.0
2018-10-11,46.33000183105469,46.33000183105469,44.290000915527344,44.4900016784668,6241100.0
2018-10-12,44.869998931884766,45.060001373291016,43.5099983215332,44.04999923706055,4444400.0
2018-10-15,44.02000045776367,44.34000015258789,43.810001373291016,43.81999969482422,3796700.0
2018-10-16,43.939998626708984,44.209999084472656,43.66999816894531,44.18000030517578,2307500.0
2018-10-17,44.18000030517578,45.08000183105469,43.9900016784668,44.720001220703125,3328800.0
2018-10-18,44.650001525878906,45.0,44.06999969482422,44.20000076293945,2941100.0
2018-10-19,44.040000915527344,44.7400016784668,43.9900016784668,44.470001220703125,3048700.0
2018-10-22,44.560001373291016,44.86000061035156,44.13999938964844,44.279998779296875,3740100.0
2018-10-23,43.56999969482422,44.36000061035156,43.2400016784668,44.2599983215332,4169200.0
2018-10-24,44.25,44.349998474121094,42.599998474121094,42.70000076293945,4830700.0
2018-10-25,43.06999969482422,43.470001220703125,42.02000045776367,42.189998626708984,4449700.0
2018-10-26,41.91999816894531,42.119998931884766,41.45000076293945,41.70000076293945,4573700.0
2018-10-29,42.099998474121094,42.79999923706055,41.84000015258789,42.279998779296875,3727000.0
2018-10-30,42.459999084472656,43.150001525878906,42.349998474121094,43.13999938964844,4293800.0
2018-10-31,43.41999816894531,43.7599983215332,43.02000045776367,43.06999969482422,4087100.0
2018-11-01,43.0099983215332,43.290000915527344,42.7400016784668,42.869998931884766,3257400.0
2018-11-02,43.31999969482422,43.59000015258789,42.61000061035156,42.900001525878906,3519100.0
2018-11-05,42.939998626708984,43.7599983215332,42.90999984741211,43.709999084472656,3075200.0
2018-11-06,43.619998931884766,44.09000015258789,43.619998931884766,43.9900016784668,2302100.0
2018-11-07,44.34000015258789,45.08000183105469,44.0,45.060001373291016,2974300.0
2018-11-08,44.84000015258789,45.47999954223633,44.83000183105469,45.209999084472656,2895200.0
2018-11-09,45.09000015258789,45.31999969482422,44.86000061035156,45.040000915527344,2256100.0
2018-11-12,45.04999923706055,45.25,44.33000183105469,44.439998626708984,3852100.0
2018-11-13,44.2400016784668,44.849998474121094,44.20000076293945,44.369998931884766,3894700.0
2018-11-14,44.5099983215332,44.7599983215332,43.810001373291016,43.95000076293945,4685400.0
2018-11-15,43.599998474121094,44.279998779296875,43.36000061035156,44.27000045776367,3102000.0
2018-11-16,44.02000045776367,44.709999084472656,43.959999084472656,44.56999969482422,3513700.0
2018-11-19,44.66999816894531,45.41999816894531,44.439998626708984,45.369998931884766,3476900.0
2018-11-20,45.04999923706055,45.04999923706055,44.15999984741211,44.290000915527344,4743000.0
2018-11-21,44.34000015258789,45.16999816894531,44.2400016784668,44.38999938964844,3737200.0
2018-11-23,44.18000030517578,44.900001525878906,44.040000915527344,44.470001220703125,1347900.0
2018-11-26,44.900001525878906,45.130001068115234,44.25,44.61000061035156,2222500.0
2018-11-27,44.43000030517578,44.75,44.18000030517578,44.54999923706055,2559300.0
2018-11-28,44.33000183105469,45.369998931884766,44.33000183105469,45.36000061035156,3527300.0
2018-11-29,45.13999938964844,45.650001525878906,45.099998474121094,45.400001525878906,2626800.0
2018-11-30,45.41999816894531,45.91999816894531,45.33000183105469,45.7400016784668,5432100.0
2018-12-03,46.130001068115234,46.380001068115234,45.47999954223633,46.06999969482422,5199900.0
2018-12-04,46.099998474121094,46.13999938964844,44.290000915527344,44.290000915527344,4680700.0
2018-12-06,43.7599983215332,43.880001068115234,42.65999984741211,43.54999923706055,5326700.0
2018-12-07,43.59000015258789,44.029998779296875,43.09000015258789,43.25,3814800.0
2018-12-10,43.22999954223633,43.310001373291016,42.2599983215332,43.040000915527344,3516400.0
2018-12-11,43.29999923706055,43.619998931884766,42.619998931884766,42.63999938964844,3246800.0
2018-12-12,43.130001068115234,43.439998626708984,42.849998474121094,42.900001525878906,2859600.0
2018-12-13,44.43000030517578,45.79999923706055,44.25,45.75,7666400.0
2018-12-14,45.310001373291016,45.540000915527344,44.47999954223633,44.61000061035156,4709000.0
2018-12-17,44.45000076293945,45.08000183105469,44.099998474121094,44.31999969482422,5062500.0
2018-12-18,44.56999969482422,45.099998474121094,44.27000045776367,44.540000915527344,4482100.0
2018-12-19,44.4900016784668,45.119998931884766,43.65999984741211,43.97999954223633,5454300.0
2018-12-20,43.810001373291016,44.09000015258789,43.11000061035156,43.400001525878906,4935300.0
2018-12-21,43.40999984741211,44.279998779296875,43.06999969482422,43.22999954223633,8134500.0
2018-12-24,42.93000030517578,43.2400016784668,42.33000183105469,42.33000183105469,2204300.0
2018-12-26,42.54999923706055,44.15999984741211,41.880001068115234,44.13999938964844,3960100.0
2018-12-27,43.68000030517578,44.9900016784668,43.400001525878906,44.97999954223633,3986600.0
2018-12-28,45.11000061035156,45.470001220703125,44.7400016784668,44.95000076293945,3314600.0
2018-12-31,45.130001068115234,45.56999969482422,44.90999984741211,45.560001373291016,2702200.0
2019-01-02,44.59000015258789,45.58000183105469,44.529998779296875,45.52000045776367,4022100.0
2019-01-03,45.369998931884766,45.58000183105469,44.279998779296875,44.369998931884766,4239700.0
2019-01-04,45.02000045776367,45.25,44.689998626708984,44.91999816894531,4761500.0
2019-01-07,44.88999938964844,45.619998931884766,44.689998626708984,45.15999984741211,3414400.0
2019-01-08,45.5099983215332,45.66999816894531,44.83000183105469,45.29999923706055,3017000.0
2019-01-09,45.4900016784668,45.79999923706055,45.150001525878906,45.20000076293945,4501100.0
2019-01-10,45.2599983215332,45.880001068115234,45.220001220703125,45.77000045776367,3734400.0
2019-01-11,45.720001220703125,45.849998474121094,45.349998474121094,45.689998626708984,2381800.0
2019-01-14,45.439998626708984,46.31999969482422,45.41999816894531,45.93000030517578,3603200.0
2019-01-15,45.849998474121094,46.529998779296875,45.84000015258789,46.400001525878906,4011900.0
2019-01-16,46.75,47.13999938964844,46.560001373291016,46.810001373291016,3544700.0
2019-01-17,46.599998474121094,47.380001068115234,46.58000183105469,47.31999969482422,3449600.0
2019-01-18,47.560001373291016,47.83000183105469,47.279998779296875,47.70000076293945,5387900.0
2019-01-22,47.59000015258789,48.04999923706055,47.20000076293945,47.38999938964844,5943600.0
2019-01-23,47.75,47.959999084472656,47.13999938964844,47.63999938964844,2933100.0
2019-01-24,47.459999084472656,47.810001373291016,47.290000915527344,47.33000183105469,2730100.0
2019-01-25,47.72999954223633,47.880001068115234,47.41999816894531,47.56999969482422,2891300.0
2019-01-28,47.400001525878906,47.529998779296875,47.02000045776367,47.349998474121094,3255800.0
2019-01-29,47.34000015258789,47.5099983215332,47.040000915527344,47.11000061035156,2645500.0
2019-01-30,47.15999984741211,47.7599983215332,46.959999084472656,47.380001068115234,4422100.0
2019-01-31,47.06999969482422,48.36000061035156,47.0,47.70000076293945,7986900.0
2019-02-01,47.79999923706055,48.59000015258789,47.38999938964844,47.939998626708984,5461700.0
2019-02-04,48.15999984741211,48.15999984741211,47.58000183105469,48.02000045776367,4140900.0
2019-02-05,47.970001220703125,48.279998779296875,47.810001373291016,48.220001220703125,3358600.0
2019-02-06,48.150001525878906,48.560001373291016,48.060001373291016,48.400001525878906,3702200.0
2019-02-07,48.099998474121094,48.560001373291016,47.88999938964844,48.45000076293945,2789400.0
2019-02-08,48.20000076293945,48.400001525878906,47.68000030517578,48.18000030517578,2641300.0
2019-02-11,48.310001373291016,48.36000061035156,47.83000183105469,48.27000045776367,3303300.0
2019-02-12,48.4900016784668,49.06999969482422,48.40999984741211,48.939998626708984,2554300.0
2019-02-13,49.060001373291016,49.349998474121094,48.83000183105469,49.02000045776367,2104900.0
2019-02-14,48.630001068115234,48.93000030517578,48.459999084472656,48.599998474121094,2429800.0
2019-02-15,48.97999954223633,49.380001068115234,48.95000076293945,49.279998779296875,3380400.0
2019-02-19,48.93000030517578,49.189998626708984,48.900001525878906,48.9900016784668,2902700.0
2019-02-20,49.0,49.220001220703125,48.88999938964844,49.119998931884766,2967700.0
2019-02-21,49.150001525878906,49.2400016784668,48.70000076293945,48.900001525878906,3898800.0
2019-02-22,49.02000045776367,49.060001373291016,48.619998931884766,48.75,2923200.0
2019-02-25,48.959999084472656,49.290000915527344,48.81999969482422,48.959999084472656,3081600.0
2019-02-26,48.880001068115234,49.279998779296875,48.84000015258789,48.90999984741211,2347200.0
2019-02-27,48.81999969482422,49.439998626708984,48.540000915527344,48.9900016784668,2783000.0
2019-02-28,49.0,49.54999923706055,48.88999938964844,49.13999938964844,4440300.0
2019-03-01,49.40999984741211,49.58000183105469,49.06999969482422,49.16999816894531,3062300.0
2019-03-04,49.209999084472656,49.709999084472656,48.7400016784668,49.060001373291016,2672600.0
2019-03-05,49.119998931884766,49.33000183105469,48.83000183105469,49.150001525878906,2434000.0
2019-03-06,49.09000015258789,49.369998931884766,48.93000030517578,48.95000076293945,2187500.0
2019-03-07,48.79999923706055,48.959999084472656,48.41999816894531,48.630001068115234,2957500.0
2019-03-08,48.349998474121094,48.630001068115234,48.18000030517578,48.54999923706055,2542300.0
2019-03-11,48.790000915527344,49.09000015258789,48.63999938964844,49.06999969482422,2236200.0
2019-03-12,49.16999816894531,49.349998474121094,48.97999954223633,49.15999984741211,2530600.0
2019-03-13,49.27000045776367,49.61000061035156,49.189998626708984,49.38999938964844,2381400.0
2019-03-14,49.349998474121094,49.70000076293945,49.279998779296875,49.70000076293945,2376800.0
2019-03-15,49.4900016784668,50.150001525878906,49.4900016784668,49.95000076293945,6845500.0
2019-03-18,50.11000061035156,50.41999816894531,49.95000076293945,50.25,2897600.0
2019-03-19,50.5,50.65999984741211,49.9900016784668,50.099998474121094,2448600.0
2019-03-20,50.060001373291016,50.29999923706055,49.38999938964844,49.459999084472656,3006100.0
2019-03-21,49.25,50.04999923706055,49.13999938964844,49.970001220703125,3080700.0
2019-03-22,49.650001525878906,49.9900016784668,49.41999816894531,49.459999084472656,3596700.0
2019-03-25,49.5,49.72999954223633,49.27000045776367,49.52000045776367,2244100.0
2019-03-26,49.90999984741211,50.13999938964844,49.5,49.83000183105469,2212700.0
2019-03-27,49.810001373291016,50.02000045776367,49.619998931884766,49.81999969482422,2318900.0
2019-03-28,49.900001525878906,50.119998931884766,49.41999816894531,49.70000076293945,1983300.0
2019-03-29,50.0,50.040000915527344,49.689998626708984,50.0,4071100.0
2019-04-01,50.310001373291016,50.459999084472656,49.77000045776367,49.880001068115234,4066200.0
2019-04-02,49.779998779296875,49.84000015258789,49.22999954223633,49.25,3630100.0
2019-04-03,49.54999923706055,49.54999923706055,48.290000915527344,48.7599983215332,5489300.0
2019-04-04,48.849998474121094,49.04999923706055,48.65999984741211,48.779998779296875,2525200.0
2019-04-05,48.970001220703125,49.060001373291016,48.81999969482422,49.0,3149900.0
2019-04-08,49.119998931884766,49.27000045776367,48.90999984741211,49.119998931884766,3303600.0
2019-04-09,49.060001373291016,49.20000076293945,48.83000183105469,49.040000915527344,3082000.0
2019-04-10,48.93000030517578,49.25,48.79999923706055,49.209999084472656,2493300.0
2019-04-11,49.36000061035156,49.560001373291016,49.150001525878906,49.369998931884766,3147200.0
2019-04-12,49.790000915527344,49.79999923706055,49.06999969482422,49.5099983215332,3611500.0
2019-04-15,49.560001373291016,49.63999938964844,48.790000915527344,48.95000076293945,4309000.0
2019-04-16,49.040000915527344,49.619998931884766,48.84000015258789,49.59000015258789,3326600.0
2019-04-17,49.7599983215332,49.7599983215332,48.93000030517578,49.040000915527344,3103300.0
2019-04-18,48.97999954223633,49.2599983215332,48.75,48.91999816894531,4271900.0
2019-04-22,48.68000030517578,48.869998931884766,48.45000076293945,48.560001373291016,2234000.0
2019-04-23,48.650001525878906,49.27000045776367,48.5,48.90999984741211,3495000.0
2019-04-24,48.810001373291016,49.0099983215332,48.68000030517578,48.88999938964844,2436800.0
2019-04-25,48.63999938964844,49.209999084472656,48.59000015258789,49.18000030517578,2939300.0
2019-04-26,49.40999984741211,50.02000045776367,48.66999816894531,49.529998779296875,2853600.0
2019-04-29,49.70000076293945,50.099998474121094,49.65999984741211,49.720001220703125,2563200.0
2019-04-30,49.790000915527344,50.400001525878906,49.720001220703125,50.380001068115234,4202800.0
2019-05-01,50.5099983215332,50.720001220703125,50.130001068115234,50.220001220703125,3472900.0
2019-05-02,50.209999084472656,50.56999969482422,49.970001220703125,50.25,2559200.0
2019-05-03,50.310001373291016,50.689998626708984,50.27000045776367,50.4900016784668,2249700.0
2019-05-06,49.90999984741211,50.68000030517578,49.720001220703125,50.52000045776367,2306300.0
2019-05-07,50.2400016784668,50.540000915527344,49.90999984741211,50.11000061035156,2950300.0
2019-05-08,49.959999084472656,50.650001525878906,49.91999816894531,50.2400016784668,2641700.0
2019-05-09,49.900001525878906,50.58000183105469,49.900001525878906,50.4900016784668,3091500.0
2019-05-10,50.349998474121094,51.36000061035156,50.18000030517578,51.27000045776367,3742000.0
2019-05-13,50.58000183105469,50.869998931884766,50.15999984741211,50.470001220703125,4021300.0
2019-05-14,50.560001373291016,51.43000030517578,50.5,51.130001068115234,3154600.0
2019-05-15,50.7400016784668,51.52000045776367,50.720001220703125,51.310001373291016,3574900.0
2019-05-16,51.459999084472656,52.27000045776367,51.38999938964844,51.93000030517578,2456800.0
2019-05-17,51.54999923706055,52.439998626708984,51.43000030517578,52.18000030517578,2905700.0
2019-05-20,52.13999938964844,52.45000076293945,51.880001068115234,52.15999984741211,3161300.0
2019-05-21,52.0,52.2400016784668,51.79999923706055,51.95000076293945,2556100.0
2019-05-22,51.88999938964844,52.29999923706055,51.63999938964844,52.209999084472656,2177200.0
2019-05-23,51.880001068115234,51.88999938964844,51.209999084472656,51.52000045776367,2607800.0
2019-05-24,51.599998474121094,52.099998474121094,51.599998474121094,52.0099983215332,2540200.0
2019-05-28,51.90999984741211,52.290000915527344,51.29999923706055,51.29999923706055,4302100.0
2019-05-29,51.29999923706055,51.5099983215332,51.040000915527344,51.43000030517578,2603800.0
2019-05-30,51.4900016784668,51.91999816894531,51.400001525878906,51.56999969482422,1907300.0
2019-05-31,51.27000045776367,51.689998626708984,51.11000061035156,51.29999923706055,2448700.0
2019-06-03,51.2599983215332,52.470001220703125,51.13999938964844,52.43000030517578,4181400.0
2019-06-04,52.900001525878906,53.099998474121094,52.459999084472656,53.0,3319600.0
2019-06-05,53.09000015258789,53.88999938964844,53.0099983215332,53.7599983215332,3046600.0
2019-06-06,53.90999984741211,54.0099983215332,53.52000045776367,53.81999969482422,3297700.0
2019-06-07,54.0,54.72999954223633,53.959999084472656,54.54999923706055,2343700.0
2019-06-10,54.88999938964844,54.97999954223633,54.290000915527344,54.349998474121094,2942900.0
2019-06-11,54.56999969482422,54.779998779296875,53.91999816894531,54.040000915527344,2685200.0
2019-06-12,54.189998626708984,54.650001525878906,54.189998626708984,54.380001068115234,2571000.0
2019-06-13,54.529998779296875,54.7400016784668,54.310001373291016,54.470001220703125,2890900.0
2019-06-14,54.56999969482422,55.11000061035156,54.33000183105469,55.040000915527344,2923600.0
2019-06-17,55.130001068115234,55.22999954223633,54.5,54.54999923706055,1769600.0
2019-06-18,54.709999084472656,55.310001373291016,54.63999938964844,54.91999816894531,2554900.0
2019-06-19,55.18000030517578,55.45000076293945,55.02000045776367,55.13999938964844,2619300.0
2019-06-20,55.470001220703125,55.4900016784668,54.630001068115234,55.34000015258789,3248600.0
2019-06-21,55.33000183105469,55.66999816894531,54.90999984741211,54.95000076293945,4826900.0
2019-06-24,54.959999084472656,55.31999969482422,54.83000183105469,55.02000045776367,3910700.0
2019-06-25,55.099998474121094,55.36000061035156,54.869998931884766,54.95000076293945,2674500.0
2019-06-26,54.95000076293945,54.9900016784668,54.16999816894531,54.2400016784668,2779200.0
2019-06-27,54.36000061035156,54.93000030517578,54.36000061035156,54.54999923706055,2979300.0
2019-06-28,54.79999923706055,54.959999084472656,54.61000061035156,54.810001373291016,3337200.0
2019-07-01,55.4900016784668,55.84000015258789,55.15999984741211,55.81999969482422,2890000.0
2019-07-02,55.970001220703125,56.2400016784668,55.709999084472656,56.209999084472656,2560800.0
2019-07-03,56.43000030517578,56.93000030517578,56.38999938964844,56.849998474121094,1599400.0
2019-07-05,56.90999984741211,56.959999084472656,56.52000045776367,56.810001373291016,2153500.0
2019-07-08,56.68000030517578,56.939998626708984,56.560001373291016,56.650001525878906,1855700.0
2019-07-09,56.33000183105469,56.75,56.25,56.529998779296875,2536200.0
2019-07-10,56.59000015258789,57.08000183105469,56.369998931884766,56.5099983215332,2202900.0
2019-07-11,56.54999923706055,56.63999938964844,56.06999969482422,56.36000061035156,2830900.0
2019-07-12,56.63999938964844,56.959999084472656,56.34000015258789,56.88999938964844,2209100.0
2019-07-15,57.150001525878906,57.18000030517578,56.52000045776367,56.56999969482422,3026600.0
2019-07-16,56.22999954223633,56.61000061035156,55.79999923706055,56.11000061035156,3330500.0
2019-07-17,56.119998931884766,56.189998626708984,55.4900016784668,55.63999938964844,2843700.0
2019-07-18,55.790000915527344,56.209999084472656,55.529998779296875,56.130001068115234,2136500.0
2019-07-19,56.369998931884766,56.4900016784668,54.959999084472656,55.0,3987600.0
2019-07-22,55.04999923706055,55.369998931884766,54.790000915527344,55.060001373291016,3105700.0
2019-07-23,55.04999923706055,55.209999084472656,54.560001373291016,55.189998626708984,2388900.0
2019-07-24,55.119998931884766,55.20000076293945,53.459999084472656,53.91999816894531,6052000.0
2019-07-25,53.86000061035156,54.08000183105469,53.47999954223633,53.77000045776367,3158300.0
2019-07-26,53.79999923706055,54.0,52.86000061035156,53.88999938964844,4372900.0
2019-07-29,53.7400016784668,53.84000015258789,52.75,52.959999084472656,3568100.0
2019-07-30,52.83000183105469,53.27000045776367,52.65999984741211,52.880001068115234,2697700.0
2019-07-31,52.810001373291016,53.34000015258789,52.2400016784668,52.63999938964844,5368700.0
2019-08-01,52.58000183105469,53.380001068115234,52.099998474121094,52.310001373291016,4429000.0
2019-08-02,52.290000915527344,52.869998931884766,51.790000915527344,52.529998779296875,3600900.0
2019-08-05,51.939998626708984,52.349998474121094,51.150001525878906,51.36000061035156,4235700.0
2019-08-06,51.41999816894531,52.060001373291016,50.9900016784668,52.029998779296875,3750200.0
2019-08-07,51.4900016784668,52.40999984741211,50.939998626708984,52.11000061035156,3378200.0
2019-08-08,52.459999084472656,53.02000045776367,52.380001068115234,52.880001068115234,2968600.0
2019-08-09,52.900001525878906,53.06999969482422,52.400001525878906,52.880001068115234,2279800.0
2019-08-12,52.599998474121094,53.189998626708984,52.27000045776367,52.31999969482422,1999100.0
2019-08-13,52.16999816894531,53.119998931884766,52.029998779296875,52.91999816894531,2745600.0
2019-08-14,52.20000076293945,52.689998626708984,51.25,51.279998779296875,3354900.0
2019-08-15,51.47999954223633,52.22999954223633,51.47999954223633,52.06999969482422,2790500.0
2019-08-16,52.41999816894531,52.83000183105469,52.2400016784668,52.650001525878906,2738300.0
2019-08-19,53.22999954223633,53.36000061035156,52.65999984741211,52.68000030517578,2677700.0
2019-08-20,52.130001068115234,52.560001373291016,51.79999923706055,51.86000061035156,2558100.0
2019-08-21,51.0,51.0,48.970001220703125,48.97999954223633,8496800.0
2019-08-22,49.04999923706055,49.65999984741211,48.40999984741211,49.5099983215332,5260500.0
2019-08-23,49.349998474121094,49.59000015258789,48.13999938964844,48.36000061035156,4366800.0
2019-08-26,48.68000030517578,49.060001373291016,48.5,48.95000076293945,3295100.0
2019-08-27,49.119998931884766,49.5099983215332,48.720001220703125,48.97999954223633,3849300.0
2019-08-28,48.79999923706055,49.20000076293945,48.7599983215332,49.119998931884766,3194700.0
2019-08-29,49.56999969482422,49.91999816894531,49.400001525878906,49.599998474121094,3264000.0
2019-08-30,49.91999816894531,50.31999969482422,49.7599983215332,50.18000030517578,3867900.0
2019-09-03,49.75,50.43000030517578,49.599998474121094,50.380001068115234,3775100.0
2019-09-04,50.790000915527344,50.88999938964844,50.619998931884766,50.790000915527344,2916100.0
2019-09-05,51.189998626708984,51.630001068115234,51.02000045776367,51.130001068115234,2922100.0
2019-09-06,51.29999923706055,51.84000015258789,51.220001220703125,51.56999969482422,3388800.0
2019-09-09,51.52000045776367,51.599998474121094,50.810001373291016,51.08000183105469,3046700.0
2019-09-10,51.13999938964844,51.279998779296875,50.540000915527344,50.970001220703125,3967200.0
2019-09-11,51.0,51.439998626708984,50.61000061035156,51.400001525878906,3255400.0
2019-09-12,51.310001373291016,51.689998626708984,51.18000030517578,51.470001220703125,3090000.0
2019-09-13,51.81999969482422,52.16999816894531,51.689998626708984,51.77000045776367,3827000.0
2019-09-16,51.529998779296875,51.959999084472656,51.40999984741211,51.90999984741211,2512600.0
2019-09-17,51.83000183105469,52.439998626708984,51.689998626708984,52.439998626708984,2531500.0
2019-09-18,52.439998626708984,52.66999816894531,52.2599983215332,52.61000061035156,2234200.0
2019-09-19,52.65999984741211,53.06999969482422,52.540000915527344,52.560001373291016,2449500.0
2019-09-20,52.790000915527344,52.88999938964844,51.95000076293945,51.970001220703125,6646200.0
2019-09-23,51.7400016784668,52.61000061035156,51.650001525878906,52.349998474121094,3216200.0
2019-09-24,52.380001068115234,52.90999984741211,52.290000915527344,52.41999816894531,3654900.0
2019-09-25,52.25,52.470001220703125,51.630001068115234,52.16999816894531,3659900.0
2019-09-26,52.2400016784668,52.400001525878906,51.88999938964844,51.90999984741211,3953000.0
2019-09-27,52.099998474121094,52.16999816894531,51.58000183105469,51.88999938964844,3625700.0
2019-09-30,52.0,52.779998779296875,51.95000076293945,52.31999969482422,4004700.0
2019-10-01,52.54999923706055,52.61000061035156,51.38999938964844,51.540000915527344,3412400.0
2019-10-02,51.220001220703125,51.369998931884766,50.470001220703125,50.58000183105469,4182300.0
2019-10-03,50.54999923706055,51.31999969482422,50.43000030517578,51.18000030517578,3125700.0
2019-10-04,51.209999084472656,52.290000915527344,51.209999084472656,52.099998474121094,3162300.0
2019-10-07,52.09000015258789,52.18000030517578,51.66999816894531,51.95000076293945,2777100.0
2019-10-08,51.5,51.63999938964844,51.02000045776367,51.040000915527344,3065500.0
2019-10-09,51.380001068115234,51.70000076293945,51.36000061035156,51.5,2682900.0
2019-10-10,51.650001525878906,52.27000045776367,51.439998626708984,52.06999969482422,2578200.0
2019-10-11,52.290000915527344,52.900001525878906,52.290000915527344,52.439998626708984,3663000.0
2019-10-14,52.25,52.70000076293945,52.20000076293945,52.5099983215332,2594900.0
2019-10-15,52.599998474121094,53.029998779296875,52.56999969482422,52.83000183105469,2781800.0
2019-10-16,52.880001068115234,52.93000030517578,52.59000015258789,52.65999984741211,3347900.0
2019-10-17,52.93000030517578,53.099998474121094,52.650001525878906,52.650001525878906,2067000.0
2019-10-18,52.650001525878906,52.86000061035156,52.540000915527344,52.709999084472656,3490100.0
2019-10-21,53.0,53.209999084472656,52.849998474121094,52.900001525878906,2819300.0
2019-10-22,52.869998931884766,52.959999084472656,52.349998474121094,52.41999816894531,2471800.0
2019-10-23,52.41999816894531,52.79999923706055,52.25,52.470001220703125,2764200.0
2019-10-24,52.5,52.650001525878906,52.27000045776367,52.560001373291016,2144700.0
2019-10-25,52.599998474121094,53.63999938964844,52.599998474121094,53.2599983215332,2749900.0
2019-10-28,53.56999969482422,53.84000015258789,53.43000030517578,53.5099983215332,2164700.0
2019-10-29,53.34000015258789,53.88999938964844,53.2599983215332,53.58000183105469,2248000.0
2019-10-30,53.5,53.59000015258789,53.130001068115234,53.36000061035156,1970500.0
2019-10-31,53.150001525878906,53.36000061035156,52.84000015258789,53.15999984741211,3395700.0
2019-11-01,53.4900016784668,53.61000061035156,53.20000076293945,53.61000061035156,2238700.0
2019-11-04,53.869998931884766,53.93000030517578,53.38999938964844,53.45000076293945,2171300.0
2019-11-05,53.400001525878906,53.40999984741211,52.59000015258789,52.939998626708984,3376500.0
2019-11-06,52.95000076293945,53.720001220703125,52.84000015258789,53.70000076293945,2784800.0
2019-11-07,53.79999923706055,54.279998779296875,53.70000076293945,54.150001525878906,2725300.0
2019-11-08,54.08000183105469,54.22999954223633,53.869998931884766,54.13999938964844,1849000.0
2019-11-11,53.709999084472656,54.33000183105469,53.65999984741211,54.029998779296875,1395200.0
2019-11-12,54.060001373291016,54.15999984741211,53.869998931884766,53.970001220703125,2033600.0
2019-11-13,53.65999984741211,54.20000076293945,53.47999954223633,54.13999938964844,1677800.0
2019-11-14,54.15999984741211,54.290000915527344,54.0099983215332,54.18000030517578,2175300.0
2019-11-15,54.40999984741211,54.47999954223633,53.880001068115234,54.400001525878906,2711700.0
2019-11-18,54.2599983215332,54.54999923706055,54.13999938964844,54.38999938964844,2934200.0
2019-11-19,54.2599983215332,54.52000045776367,54.040000915527344,54.08000183105469,2840100.0
2019-11-20,53.97999954223633,54.27000045776367,53.84000015258789,54.130001068115234,2053800.0
2019-11-21,54.220001220703125,54.220001220703125,53.75,53.869998931884766,1938900.0
2019-11-22,53.91999816894531,54.060001373291016,53.7400016784668,53.9900016784668,1856900.0
2019-11-25,54.119998931884766,54.349998474121094,54.060001373291016,54.29999923706055,2098000.0
2019-11-26,54.290000915527344,54.7400016784668,54.040000915527344,54.72999954223633,3997700.0
2019-11-27,54.970001220703125,54.9900016784668,54.529998779296875,54.81999969482422,2171200.0
2019-11-29,54.83000183105469,55.06999969482422,54.7599983215332,54.84000015258789,1270600.0
2019-12-02,54.720001220703125,54.83000183105469,52.63999938964844,52.68000030517578,5337100.0
2019-12-03,52.06999969482422,52.2400016784668,51.290000915527344,51.72999954223633,4934600.0
2019-12-04,51.65999984741211,52.52000045776367,51.65999984741211,52.33000183105469,3100000.0
2019-12-05,52.40999984741211,52.81999969482422,52.34000015258789,52.720001220703125,2861800.0
2019-12-06,53.29999923706055,53.33000183105469,52.97999954223633,52.9900016784668,2685400.0
2019-12-09,52.77000045776367,53.119998931884766,52.68000030517578,53.04999923706055,2020000.0
2019-12-10,53.040000915527344,53.33000183105469,52.93000030517578,53.15999984741211,2499700.0
2019-12-11,53.290000915527344,53.290000915527344,52.61000061035156,53.04999923706055,3552000.0
2019-12-12,53.130001068115234,54.040000915527344,52.9900016784668,53.900001525878906,2906400.0
2019-12-13,53.72999954223633,53.97999954223633,52.90999984741211,53.16999816894531,3896600.0
2019-12-16,53.220001220703125,53.29999923706055,52.43000030517578,53.06999969482422,4308700.0
2019-12-17,53.20000076293945,53.650001525878906,53.09000015258789,53.11000061035156,2818500.0
2019-12-18,53.33000183105469,53.33000183105469,52.88999938964844,52.90999984741211,2706500.0
2019-12-19,52.779998779296875,53.029998779296875,52.66999816894531,52.9900016784668,3001100.0
2019-12-20,53.54999923706055,53.630001068115234,52.95000076293945,53.13999938964844,6487300.0
2019-12-23,53.20000076293945,53.22999954223633,52.439998626708984,52.540000915527344,2477900.0
2019-12-24,52.650001525878906,52.880001068115234,52.58000183105469,52.7599983215332,984700.0
2019-12-26,52.79999923706055,52.88999938964844,52.54999923706055,52.619998931884766,1830500.0
2019-12-27,52.79999923706055,52.93000030517578,52.540000915527344,52.619998931884766,1730900.0
2019-12-30,52.709999084472656,52.959999084472656,52.70000076293945,52.7400016784668,1593100.0
2019-12-31,52.75,53.099998474121094,52.65999984741211,52.900001525878906,2326700.0
2020-01-02,53.040000915527344,53.369998931884766,52.81999969482422,53.349998474121094,3363200.0
2020-01-03,52.81999969482422,53.220001220703125,52.77000045776367,52.97999954223633,2125400.0
2020-01-06,52.650001525878906,52.91999816894531,52.619998931884766,52.83000183105469,2760700.0
2020-01-07,52.75,52.86000061035156,52.25,52.33000183105469,3922100.0
2020-01-08,52.439998626708984,52.95000076293945,52.380001068115234,52.4900016784668,2854900.0
2020-01-09,52.599998474121094,52.7599983215332,52.349998474121094,52.5,3646500.0
2020-01-10,52.68000030517578,53.029998779296875,52.04999923706055,52.06999969482422,2842800.0
2020-01-13,52.150001525878906,52.5099983215332,52.11000061035156,52.5,3201000.0
2020-01-14,52.45000076293945,52.5,52.119998931884766,52.20000076293945,3212500.0
2020-01-15,52.15999984741211,52.56999969482422,52.119998931884766,52.29999923706055,4637100.0
2020-01-16,52.54999923706055,52.91999816894531,52.470001220703125,52.790000915527344,3048600.0
2020-01-17,52.88999938964844,53.459999084472656,52.790000915527344,53.41999816894531,3369800.0
2020-01-21,53.20000076293945,53.38999938964844,52.83000183105469,52.84000015258789,2968700.0
2020-01-22,53.02000045776367,53.060001373291016,52.470001220703125,52.529998779296875,2523400.0
2020-01-23,52.2400016784668,52.66999816894531,51.91999816894531,52.560001373291016,3005700.0
2020-01-24,52.72999954223633,52.79999923706055,52.0099983215332,52.38999938964844,2793800.0
2020-01-27,51.720001220703125,52.099998474121094,51.650001525878906,51.83000183105469,2619600.0
2020-01-28,52.06999969482422,52.689998626708984,52.0,52.369998931884766,2576700.0
2020-01-29,52.560001373291016,52.779998779296875,52.349998474121094,52.380001068115234,1566400.0
2020-01-30,51.939998626708984,53.119998931884766,51.939998626708984,53.040000915527344,2552000.0
2020-01-31,52.720001220703125,52.79999923706055,51.52000045776367,51.56999969482422,4313400.0
2020-02-03,51.849998474121094,52.45000076293945,51.849998474121094,52.0099983215332,4109800.0
2020-02-04,52.5,52.81999969482422,52.16999816894531,52.16999816894531,3685200.0
2020-02-05,52.650001525878906,53.279998779296875,52.41999816894531,53.279998779296875,4929500.0
2020-02-06,53.2400016784668,53.380001068115234,52.459999084472656,52.7400016784668,3480500.0
2020-02-07,52.709999084472656,53.290000915527344,52.66999816894531,52.93000030517578,2341700.0
2020-02-10,52.83000183105469,52.90999984741211,52.439998626708984,52.7400016784668,2168600.0
2020-02-11,52.88999938964844,53.349998474121094,52.83000183105469,52.939998626708984,2026700.0
2020-02-12,53.02000045776367,53.09000015258789,52.380001068115234,52.400001525878906,2474400.0
2020-02-13,52.40999984741211,52.65999984741211,52.119998931884766,52.459999084472656,2568500.0
2020-02-14,52.5,52.81999969482422,52.400001525878906,52.810001373291016,2073500.0
2020-02-18,52.400001525878906,52.5,51.7400016784668,51.880001068115234,2210000.0
2020-02-19,51.91999816894531,51.95000076293945,51.54999923706055,51.54999923706055,2182600.0
2020-02-20,51.47999954223633,51.650001525878906,51.13999938964844,51.4900016784668,2623700.0
2020-02-21,51.279998779296875,51.720001220703125,51.119998931884766,51.529998779296875,2977600.0
2020-02-24,50.540000915527344,50.70000076293945,49.189998626708984,49.22999954223633,4080300.0
2020-02-25,49.29999923706055,49.41999816894531,47.5099983215332,47.70000076293945,4013900.0
2020-02-26,48.04999923706055,48.29999923706055,46.099998474121094,46.54999923706055,5292000.0
2020-02-27,45.77000045776367,46.38999938964844,44.380001068115234,44.400001525878906,6232300.0
2020-02-28,43.310001373291016,43.869998931884766,41.91999816894531,42.849998474121094,8935600.0
2020-03-02,43.119998931884766,45.29999923706055,42.91999816894531,45.290000915527344,6569000.0
2020-03-03,45.029998779296875,45.650001525878906,43.08000183105469,43.33000183105469,7325900.0
2020-03-04,44.189998626708984,44.619998931884766,43.119998931884766,44.54999923706055,7922500.0
2020-03-05,43.209999084472656,43.209999084472656,41.189998626708984,41.58000183105469,5574500.0
2020-03-06,39.720001220703125,40.959999084472656,39.27000045776367,40.779998779296875,6310800.0
2020-03-09,38.0,40.150001525878906,36.75,37.59000015258789,7871300.0
2020-03-10,39.040000915527344,39.27000045776367,37.209999084472656,39.220001220703125,6962000.0
2020-03-11,37.90999984741211,38.09000015258789,36.33000183105469,36.939998626708984,5903400.0
2020-03-12,33.40999984741211,34.689998626708984,31.40999984741211,31.420000076293945,6057800.0
2020-03-13,33.540000915527344,34.849998474121094,31.15999984741211,34.689998626708984,6242000.0
2020-03-16,30.100000381469727,32.52000045776367,28.81999969482422,28.989999771118164,5979300.0
2020-03-17,29.510000228881836,30.350000381469727,27.010000228881836,30.149999618530273,7086300.0
2020-03-18,27.860000610351562,28.59000015258789,23.06999969482422,25.270000457763672,7493400.0
2020-03-19,25.170000076293945,28.450000762939453,24.190000534057617,26.899999618530273,7171300.0
2020-03-20,27.31999969482422,29.350000381469727,26.229999542236328,26.729999542236328,6985900.0
2020-03-23,26.43000030517578,26.989999771118164,25.1299991607666,25.690000534057617,6925700.0
2020-03-24,27.5,29.219999313354492,26.68000030517578,29.110000610351562,6025300.0
2020-03-25,29.450000762939453,38.22999954223633,29.190000534057617,36.72999954223633,14431000.0
2020-03-26,37.20000076293945,41.220001220703125,34.779998779296875,35.77000045776367,10739400.0
2020-03-27,34.18000030517578,37.15999984741211,33.7400016784668,35.400001525878906,6083000.0
2020-03-30,35.630001068115234,36.75,34.5,36.2599983215332,4315900.0
2020-03-31,35.7400016784668,36.0,34.060001373291016,34.2400016784668,7315700.0
2020-04-01,32.060001373291016,33.150001525878906,31.049999237060547,31.899999618530273,5237000.0
2020-04-02,31.6299991607666,33.119998931884766,31.110000610351562,31.829999923706055,4892600.0
2020-04-03,31.309999465942383,32.65999984741211,31.299999237060547,32.40999984741211,4690300.0
2020-04-06,34.529998779296875,36.11000061035156,34.08000183105469,35.220001220703125,5275800.0
2020-04-07,37.189998626708984,38.22999954223633,35.650001525878906,35.709999084472656,4625500.0
2020-04-08,36.0099983215332,38.09000015258789,35.75,37.77000045776367,4296900.0
2020-04-09,38.5,39.81999969482422,37.529998779296875,38.08000183105469,7065600.0
2020-04-13,38.150001525878906,38.150001525878906,36.529998779296875,37.279998779296875,2828200.0
2020-04-14,38.029998779296875,38.45000076293945,37.38999938964844,37.779998779296875,3347800.0
2020-04-15,36.189998626708984,36.529998779296875,35.33000183105469,35.75,3689500.0
2020-04-16,35.709999084472656,35.7400016784668,34.7599983215332,35.040000915527344,2878000.0
2020-04-17,36.22999954223633,36.86000061035156,35.56999969482422,36.47999954223633,3858400.0
2020-04-20,35.5099983215332,36.529998779296875,35.02000045776367,36.150001525878906,3377900.0
2020-04-21,34.93000030517578,35.529998779296875,34.43000030517578,34.59000015258789,3383400.0
2020-04-22,35.45000076293945,35.7599983215332,35.0,35.470001220703125,2363900.0
2020-04-23,35.779998779296875,35.9900016784668,34.9900016784668,35.040000915527344,3206900.0
2020-04-24,35.56999969482422,36.560001373291016,35.22999954223633,36.290000915527344,3482700.0
2020-04-27,36.34000015258789,37.560001373291016,36.34000015258789,37.27000045776367,3279900.0
2020-04-28,38.529998779296875,39.130001068115234,37.66999816894531,37.790000915527344,2445300.0
2020-04-29,39.099998474121094,39.47999954223633,38.310001373291016,39.189998626708984,3001300.0
2020-04-30,37.150001525878906,38.900001525878906,36.84000015258789,37.2400016784668,5604200.0
2020-05-01,36.290000915527344,36.630001068115234,35.970001220703125,36.619998931884766,3425200.0
2020-05-04,36.04999923706055,36.099998474121094,35.150001525878906,35.75,3522700.0
2020-05-05,35.86000061035156,36.63999938964844,35.86000061035156,35.91999816894531,3421600.0
2020-05-06,35.529998779296875,35.970001220703125,34.279998779296875,34.279998779296875,4079500.0
2020-05-07,34.869998931884766,36.459999084472656,34.84000015258789,35.869998931884766,2977600.0
2020-05-08,36.650001525878906,36.869998931884766,35.459999084472656,36.2599983215332,2570700.0
2020-05-11,35.68000030517578,35.939998626708984,34.97999954223633,35.40999984741211,2938800.0
2020-05-12,35.529998779296875,35.61000061035156,33.63999938964844,33.650001525878906,3698600.0
2020-05-13,33.29999923706055,33.33000183105469,31.81999969482422,31.989999771118164,4405000.0
2020-05-14,31.43000030517578,32.790000915527344,30.31999969482422,32.7599983215332,5193200.0
2020-05-15,32.34000015258789,33.15999984741211,31.8700008392334,32.9900016784668,10064000.0
2020-05-18,34.7400016784668,35.130001068115234,34.41999816894531,34.75,3832400.0
2020-05-19,34.16999816894531,34.439998626708984,33.310001373291016,33.630001068115234,3141600.0
2020-05-20,34.04999923706055,35.099998474121094,33.93000030517578,34.79999923706055,4786800.0
2020-05-21,34.61000061035156,34.959999084472656,34.4900016784668,34.849998474121094,4426000.0
2020-05-22,34.939998626708984,34.939998626708984,34.380001068115234,34.70000076293945,2875000.0
2020-05-26,36.25,36.65999984741211,35.58000183105469,36.22999954223633,3783300.0
2020-05-27,37.970001220703125,37.970001220703125,36.65999984741211,37.16999816894531,4554000.0
2020-05-28,37.459999084472656,37.59000015258789,36.20000076293945,36.630001068115234,4103800.0
2020-05-29,36.09000015258789,36.7400016784668,35.650001525878906,36.470001220703125,17390300.0
2020-06-01,36.459999084472656,37.2400016784668,36.25,36.970001220703125,5017900.0
2020-06-02,37.34000015258789,37.689998626708984,37.0,37.2400016784668,2849800.0
2020-06-03,38.220001220703125,38.65999984741211,38.0,38.209999084472656,3641700.0
2020-06-04,38.0,39.34000015258789,37.59000015258789,39.33000183105469,4657100.0
2020-06-05,41.619998931884766,41.810001373291016,40.380001068115234,40.529998779296875,3948900.0
2020-06-08,41.279998779296875,42.189998626708984,41.08000183105469,42.099998474121094,4033600.0
2020-06-09,40.810001373291016,41.25,40.15999984741211,40.20000076293945,3220900.0
2020-06-10,39.900001525878906,40.029998779296875,38.83000183105469,39.09000015258789,3830800.0
2020-06-11,37.0,37.779998779296875,35.63999938964844,35.65999984741211,5382300.0
2020-06-12,37.18000030517578,37.27000045776367,35.68000030517578,36.63999938964844,3265200.0
2020-06-15,35.43000030517578,37.380001068115234,35.11000061035156,37.119998931884766,3271300.0
2020-06-16,38.790000915527344,38.790000915527344,36.79999923706055,37.349998474121094,3449800.0
2020-06-17,37.56999969482422,37.83000183105469,36.75,36.790000915527344,3432000.0
2020-06-18,36.369998931884766,37.38999938964844,36.119998931884766,37.11000061035156,2835300.0
2020-06-19,37.880001068115234,37.95000076293945,36.16999816894531,36.599998474121094,7694300.0
2020-06-22,36.380001068115234,36.86000061035156,35.9900016784668,36.459999084472656,3532600.0
2020-06-23,37.06999969482422,37.290000915527344,36.349998474121094,36.38999938964844,3159600.0
2020-06-24,35.959999084472656,36.06999969482422,34.97999954223633,35.16999816894531,4040100.0
2020-06-25,34.880001068115234,35.869998931884766,34.63999938964844,35.83000183105469,2801800.0
2020-06-26,35.36000061035156,35.529998779296875,34.29999923706055,34.68000030517578,4875400.0
2020-06-29,35.18000030517578,35.63999938964844,34.68000030517578,35.43000030517578,2739000.0
2020-06-30,35.25,36.209999084472656,35.209999084472656,36.029998779296875,3768800.0
2020-07-01,35.959999084472656,36.279998779296875,34.97999954223633,35.38999938964844,3154600.0
2020-07-02,36.220001220703125,36.720001220703125,35.13999938964844,35.2599983215332,3075400.0
2020-07-06,36.22999954223633,36.630001068115234,35.689998626708984,36.02000045776367,3332600.0
2020-07-07,35.630001068115234,35.869998931884766,34.58000183105469,34.619998931884766,3488400.0
2020-07-08,34.83000183105469,35.529998779296875,34.66999816894531,35.400001525878906,3085000.0
2020-07-09,35.25,35.369998931884766,33.81999969482422,33.970001220703125,3806900.0
2020-07-10,34.130001068115234,34.880001068115234,34.0099983215332,34.869998931884766,2782200.0
2020-07-13,35.09000015258789,35.470001220703125,34.689998626708984,34.880001068115234,3117300.0
2020-07-14,34.880001068115234,35.66999816894531,34.59000015258789,35.650001525878906,4162200.0
2020-07-15,36.41999816894531,36.63999938964844,35.83000183105469,36.279998779296875,3532800.0
2020-07-16,36.02000045776367,36.90999984741211,35.90999984741211,36.369998931884766,2194700.0
2020-07-17,36.33000183105469,36.40999984741211,35.72999954223633,36.220001220703125,2800800.0
2020-07-20,35.95000076293945,36.150001525878906,35.540000915527344,35.97999954223633,2485000.0
2020-07-21,36.119998931884766,36.939998626708984,36.119998931884766,36.5099983215332,2684000.0
2020-07-22,36.119998931884766,36.86000061035156,36.0,36.65999984741211,2154200.0
2020-07-23,36.529998779296875,37.20000076293945,36.459999084472656,36.9900016784668,2537300.0
2020-07-24,37.13999938964844,37.34000015258789,36.689998626708984,36.77000045776367,2226400.0
2020-07-27,36.58000183105469,36.68000030517578,36.029998779296875,36.43000030517578,3311000.0
2020-07-28,36.279998779296875,36.599998474121094,36.09000015258789,36.290000915527344,3863800.0
2020-07-29,36.34000015258789,36.619998931884766,35.689998626708984,36.5,3904800.0
2020-07-30,35.619998931884766,35.7599983215332,34.959999084472656,35.290000915527344,4575900.0
2020-07-31,35.13999938964844,35.650001525878906,35.029998779296875,35.56999969482422,4404200.0
2020-08-03,35.58000183105469,35.79999923706055,35.2400016784668,35.36000061035156,2937700.0
2020-08-04,35.25,35.56999969482422,35.02000045776367,35.060001373291016,4122000.0
2020-08-05,35.29999923706055,36.119998931884766,35.2599983215332,35.54999923706055,2700900.0
2020-08-06,35.290000915527344,35.900001525878906,35.16999816894531,35.40999984741211,3285700.0
2020-08-07,35.150001525878906,36.56999969482422,35.119998931884766,36.52000045776367,2963000.0
2020-08-10,36.68000030517578,37.650001525878906,36.66999816894531,37.470001220703125,3102300.0
2020-08-11,38.2599983215332,38.7599983215332,37.88999938964844,38.029998779296875,3963200.0
2020-08-12,38.939998626708984,38.939998626708984,37.34000015258789,37.619998931884766,3217400.0
2020-08-13,37.11000061035156,37.75,36.95000076293945,37.75,3123000.0
2020-08-14,37.47999954223633,38.2400016784668,37.369998931884766,38.06999969482422,2660900.0
2020-08-17,37.93000030517578,38.189998626708984,37.310001373291016,37.459999084472656,2497400.0
2020-08-18,37.369998931884766,37.709999084472656,37.06999969482422,37.13999938964844,2195000.0
2020-08-19,36.9900016784668,37.400001525878906,36.849998474121094,37.029998779296875,2497400.0
2020-08-20,36.45000076293945,36.95000076293945,36.40999984741211,36.65999984741211,2409800.0
2020-08-21,36.75,36.970001220703125,36.34000015258789,36.41999816894531,2928400.0
2020-08-24,36.59000015258789,37.41999816894531,36.41999816894531,37.380001068115234,2709300.0
2020-08-25,37.779998779296875,37.900001525878906,36.91999816894531,37.099998474121094,2826300.0
2020-08-26,36.84000015258789,36.86000061035156,36.38999938964844,36.45000076293945,2802700.0
2020-08-27,36.459999084472656,37.29999923706055,36.369998931884766,36.880001068115234,2778900.0
2020-08-28,37.220001220703125,37.22999954223633,36.68000030517578,37.130001068115234,3101600.0
2020-08-31,37.20000076293945,37.20000076293945,36.27000045776367,36.31999969482422,3362200.0
2020-09-01,36.0,37.119998931884766,35.900001525878906,36.70000076293945,3889300.0
2020-09-02,36.63999938964844,37.459999084472656,36.5,36.900001525878906,3197800.0
2020-09-03,37.380001068115234,38.290000915527344,36.650001525878906,36.939998626708984,5241200.0
2020-09-04,37.630001068115234,38.06999969482422,36.849998474121094,37.86000061035156,5104300.0
2020-09-08,37.88999938964844,38.0,36.810001373291016,36.939998626708984,5122100.0
2020-09-09,37.25,37.54999923706055,36.97999954223633,37.040000915527344,3473800.0
2020-09-10,37.13999938964844,37.54999923706055,36.16999816894531,36.209999084472656,3335900.0
2020-09-11,36.279998779296875,36.79999923706055,36.02000045776367,36.38999938964844,3067000.0
2020-09-14,36.9900016784668,37.470001220703125,36.599998474121094,37.06999969482422,3441400.0
2020-09-15,37.119998931884766,37.2400016784668,36.5099983215332,36.689998626708984,3220600.0
2020-09-16,36.7599983215332,37.7400016784668,36.61000061035156,37.209999084472656,3813000.0
2020-09-17,36.959999084472656,37.63999938964844,36.59000015258789,37.619998931884766,3793300.0
2020-09-18,37.4900016784668,38.400001525878906,37.40999984741211,37.79999923706055,17653100.0
2020-09-21,37.08000183105469,37.400001525878906,35.93000030517578,36.40999984741211,5030700.0
2020-09-22,36.27000045776367,36.91999816894531,35.970001220703125,36.369998931884766,3618100.0
2020-09-23,36.5,36.959999084472656,35.599998474121094,35.619998931884766,3137600.0
2020-09-24,35.75,36.220001220703125,34.91999816894531,35.66999816894531,2932700.0
2020-09-25,35.20000076293945,35.95000076293945,35.18000030517578,35.72999954223633,2924000.0
2020-09-28,36.36000061035156,36.95000076293945,36.25,36.33000183105469,3502200.0
2020-09-29,36.099998474121094,36.34000015258789,35.599998474121094,36.02000045776367,2908100.0
2020-09-30,36.25,36.81999969482422,36.040000915527344,36.349998474121094,3922300.0
2020-10-01,36.380001068115234,36.70000076293945,35.939998626708984,36.38999938964844,2482900.0
2020-10-02,35.9900016784668,37.150001525878906,35.689998626708984,36.880001068115234,2973800.0
2020-10-05,37.33000183105469,37.7400016784668,37.13999938964844,37.43000030517578,3317300.0
2020-10-06,37.83000183105469,38.470001220703125,37.220001220703125,37.369998931884766,4076900.0
2020-10-07,37.72999954223633,38.400001525878906,37.59000015258789,37.90999984741211,3448400.0
2020-10-08,38.209999084472656,38.599998474121094,37.93000030517578,38.2400016784668,2320000.0
2020-10-09,38.4900016784668,38.54999923706055,37.939998626708984,38.099998474121094,2539600.0
2020-10-12,38.13999938964844,38.720001220703125,38.060001373291016,38.400001525878906,2163800.0
2020-10-13,38.27000045776367,38.310001373291016,37.09000015258789,37.209999084472656,2579300.0
2020-10-14,37.20000076293945,37.709999084472656,36.959999084472656,36.97999954223633,2626000.0
2020-10-15,36.61000061035156,37.38999938964844,36.400001525878906,37.25,2443800.0
2020-10-16,37.40999984741211,37.7400016784668,36.9900016784668,37.209999084472656,2630900.0
2020-10-19,37.29999923706055,37.47999954223633,36.43000030517578,36.47999954223633,3208400.0
2020-10-20,36.93000030517578,37.25,36.709999084472656,36.90999984741211,3219300.0
2020-10-21,36.7400016784668,37.02000045776367,36.560001373291016,36.650001525878906,2760300.0
2020-10-22,36.66999816894531,37.529998779296875,36.310001373291016,37.5099983215332,2311900.0
2020-10-23,37.77000045776367,38.029998779296875,37.45000076293945,37.849998474121094,2501500.0
2020-10-26,37.38999938964844,37.41999816894531,36.34000015258789,36.77000045776367,2998300.0
2020-10-27,36.68000030517578,36.689998626708984,35.349998474121094,35.36000061035156,3849200.0
2020-10-28,35.84000015258789,36.279998779296875,34.0099983215332,34.150001525878906,6813500.0
2020-10-29,34.209999084472656,34.599998474121094,33.59000015258789,34.220001220703125,4621200.0
2020-10-30,33.970001220703125,34.41999816894531,33.369998931884766,33.95000076293945,5321300.0
2020-11-02,34.59000015258789,35.650001525878906,34.220001220703125,35.52000045776367,4717900.0
2020-11-03,36.189998626708984,36.540000915527344,35.9900016784668,36.2400016784668,5029000.0
2020-11-04,35.650001525878906,37.20000076293945,35.279998779296875,36.529998779296875,5122500.0
2020-11-05,36.84000015258789,37.540000915527344,36.599998474121094,37.20000076293945,5234000.0
2020-11-06,37.22999954223633,37.63999938964844,36.650001525878906,36.900001525878906,3970300.0
2020-11-09,40.27000045776367,42.22999954223633,39.16999816894531,41.4900016784668,7856300.0
2020-11-10,41.4900016784668,42.29999923706055,41.13999938964844,41.849998474121094,4886900.0
2020-11-11,41.84000015258789,41.91999816894531,40.65999984741211,40.880001068115234,4186300.0
2020-11-12,40.29999923706055,40.77000045776367,39.7400016784668,40.310001373291016,3908300.0
2020-11-13,40.75,41.83000183105469,40.5,41.52000045776367,2908100.0
2020-11-16,42.75,43.2599983215332,42.2400016784668,43.22999954223633,5340800.0
2020-11-17,42.58000183105469,43.369998931884766,42.22999954223633,43.0,4739500.0
2020-11-18,43.099998474121094,43.959999084472656,42.849998474121094,42.86000061035156,5550900.0
2020-11-19,42.630001068115234,43.7400016784668,42.52000045776367,43.720001220703125,3475500.0
2020-11-20,43.439998626708984,43.97999954223633,43.31999969482422,43.849998474121094,4462100.0
2020-11-23,44.380001068115234,44.869998931884766,44.18000030517578,44.45000076293945,4779700.0
2020-11-24,45.400001525878906,46.43000030517578,44.75,46.130001068115234,5006300.0
2020-11-25,45.650001525878906,45.84000015258789,45.040000915527344,45.61000061035156,4127900.0
2020-11-27,45.15999984741211,46.130001068115234,45.15999984741211,45.279998779296875,2073600.0
2020-11-30,44.790000915527344,45.189998626708984,43.90999984741211,43.93000030517578,5918300.0
2020-12-01,44.939998626708984,45.130001068115234,44.400001525878906,44.70000076293945,4043100.0
2020-12-02,44.54999923706055,45.54999923706055,44.290000915527344,45.310001373291016,3684400.0
2020-12-03,45.27000045776367,45.7400016784668,45.130001068115234,45.689998626708984,2917800.0
2020-12-04,45.40999984741211,46.349998474121094,45.29999923706055,46.290000915527344,4836300.0
2020-12-07,46.0,46.0,45.040000915527344,45.16999816894531,3582200.0
2020-12-08,44.90999984741211,45.54999923706055,44.599998474121094,45.2400016784668,3426600.0
2020-12-09,45.540000915527344,45.66999816894531,44.959999084472656,45.119998931884766,3842800.0
2020-12-10,44.599998474121094,45.5099983215332,44.560001373291016,45.349998474121094,2881200.0
2020-12-11,44.689998626708984,45.060001373291016,44.52000045776367,44.84000015258789,3314600.0
2020-12-14,45.4900016784668,45.56999969482422,44.189998626708984,44.20000076293945,3198200.0
2020-12-15,44.83000183105469,45.099998474121094,44.189998626708984,44.869998931884766,2957500.0
2020-12-16,44.9900016784668,45.22999954223633,44.52000045776367,44.68000030517578,3282400.0
2020-12-17,44.849998474121094,45.0,44.470001220703125,44.810001373291016,3037300.0
2020-12-18,44.84000015258789,45.150001525878906,43.52000045776367,43.88999938964844,10298600.0
2020-12-21,43.77000045776367,43.869998931884766,42.72999954223633,43.59000015258789,4155700.0
2020-12-22,43.599998474121094,43.75,43.0,43.029998779296875,4044500.0
2020-12-23,43.41999816894531,43.900001525878906,43.13999938964844,43.529998779296875,5450700.0
2020-12-24,43.66999816894531,43.93000030517578,43.380001068115234,43.84000015258789,1383500.0
2020-12-28,44.08000183105469,44.75,43.90999984741211,43.91999816894531,2282700.0
2020-12-29,44.15999984741211,44.31999969482422,43.70000076293945,43.75,2386700.0
2020-12-30,43.869998931884766,44.47999954223633,43.83000183105469,44.0099983215332,1954500.0
2020-12-31,44.0099983215332,44.63999938964844,43.900001525878906,44.470001220703125,2159000.0
2021-01-04,44.599998474121094,44.70000076293945,43.029998779296875,43.189998626708984,3111200.0
2021-01-05,43.33000183105469,43.70000076293945,42.959999084472656,43.2599983215332,2561700.0
2021-01-06,43.90999984741211,45.20000076293945,43.540000915527344,44.93000030517578,3842900.0
2021-01-07,45.18000030517578,45.2599983215332,44.45000076293945,44.68000030517578,4217400.0
2021-01-08,44.91999816894531,44.9900016784668,43.720001220703125,44.4900016784668,2915700.0
2021-01-11,44.220001220703125,44.81999969482422,44.0,44.5099983215332,2479000.0
2021-01-12,46.209999084472656,46.540000915527344,45.2599983215332,46.18000030517578,5828100.0
2021-01-13,45.93000030517578,46.560001373291016,45.630001068115234,46.09000015258789,4059800.0
2021-01-14,46.349998474121094,47.0,46.189998626708984,46.869998931884766,2868300.0
2021-01-15,46.529998779296875,46.81999969482422,46.0099983215332,46.47999954223633,4218800.0
2021-01-19,46.79999923706055,47.33000183105469,46.619998931884766,47.04999923706055,2665200.0
2021-01-20,46.970001220703125,47.209999084472656,46.709999084472656,47.060001373291016,2368300.0
2021-01-21,46.91999816894531,47.119998931884766,46.310001373291016,46.31999969482422,2926500.0
2021-01-22,45.86000061035156,46.61000061035156,45.77000045776367,46.43000030517578,3773800.0
2021-01-25,45.95000076293945,46.61000061035156,45.720001220703125,46.56999969482422,5031400.0
2021-01-26,46.7400016784668,46.9900016784668,46.400001525878906,46.43000030517578,3956600.0
2021-01-27,45.77000045776367,46.06999969482422,44.7599983215332,45.150001525878906,4463200.0
2021-01-28,45.619998931884766,46.5099983215332,45.29999923706055,46.119998931884766,4272600.0
2021-01-29,45.900001525878906,45.959999084472656,44.77000045776367,45.18000030517578,5236800.0
2021-02-01,45.38999938964844,45.900001525878906,44.86000061035156,45.61000061035156,3161700.0
2021-02-02,46.2599983215332,46.68000030517578,46.040000915527344,46.310001373291016,3120300.0
2021-02-03,46.0,46.130001068115234,45.529998779296875,45.88999938964844,3327700.0
2021-02-04,46.060001373291016,46.63999938964844,45.529998779296875,45.75,4893100.0
2021-02-05,45.869998931884766,45.88999938964844,44.93000030517578,45.45000076293945,4651400.0
2021-02-08,45.709999084472656,46.47999954223633,45.560001373291016,46.279998779296875,4668700.0
2021-02-09,46.290000915527344,46.58000183105469,45.900001525878906,46.25,3708300.0
2021-02-10,46.45000076293945,46.86000061035156,46.099998474121094,46.689998626708984,4039900.0
2021-02-11,46.810001373291016,47.08000183105469,46.459999084472656,46.88999938964844,2767800.0
2021-02-12,46.68000030517578,47.36000061035156,46.459999084472656,46.91999816894531,2322700.0
2021-02-16,46.54999923706055,47.04999923706055,46.349998474121094,46.349998474121094,3853000.0
2021-02-17,46.25,47.13999938964844,46.130001068115234,47.040000915527344,3541500.0
2021-02-18,46.77000045776367,47.68000030517578,46.75,47.290000915527344,4195100.0
2021-02-19,47.61000061035156,48.52000045776367,47.529998779296875,48.08000183105469,4752900.0
2021-02-22,47.959999084472656,49.70000076293945,47.959999084472656,49.209999084472656,4837300.0
2021-02-23,49.7599983215332,49.93000030517578,48.7599983215332,49.2599983215332,3594400.0
2021-02-24,49.34000015258789,49.9900016784668,49.2599983215332,49.849998474121094,4483700.0
2021-02-25,50.0,50.150001525878906,48.63999938964844,48.650001525878906,5113200.0
2021-02-26,48.4900016784668,48.939998626708984,47.790000915527344,47.88999938964844,6661800.0
2021-03-01,48.66999816894531,49.189998626708984,48.5,48.720001220703125,3527400.0
2021-03-02,48.75,49.189998626708984,48.630001068115234,48.63999938964844,3894600.0
2021-03-03,48.70000076293945,49.439998626708984,48.63999938964844,48.939998626708984,3185300.0
2021-03-04,49.04999923706055,49.13999938964844,47.70000076293945,48.400001525878906,4515700.0
2021-03-05,48.97999954223633,50.099998474121094,48.619998931884766,49.95000076293945,4230400.0
2021-03-08,50.15999984741211,51.81999969482422,50.130001068115234,50.779998779296875,4898800.0
2021-03-09,50.41999816894531,51.189998626708984,49.84000015258789,50.20000076293945,3333700.0
2021-03-10,50.209999084472656,51.0,50.119998931884766,50.810001373291016,3172400.0
2021-03-11,50.34000015258789,51.25,50.20000076293945,51.0099983215332,3046600.0
2021-03-12,51.54999923706055,51.93000030517578,51.150001525878906,51.84000015258789,5478300.0
2021-03-15,51.84000015258789,52.22999954223633,51.349998474121094,52.13999938964844,2790100.0
2021-03-16,51.70000076293945,51.81999969482422,50.720001220703125,51.099998474121094,3025800.0
2021-03-17,51.439998626708984,51.7599983215332,51.02000045776367,51.66999816894531,3373600.0
2021-03-18,52.08000183105469,52.779998779296875,51.59000015258789,51.77000045776367,4201500.0
2021-03-19,51.349998474121094,51.439998626708984,50.70000076293945,51.15999984741211,11172400.0
2021-03-22,50.79999923706055,50.9900016784668,50.40999984741211,50.54999923706055,3829100.0
2021-03-23,50.209999084472656,50.459999084472656,49.34000015258789,49.5,3661600.0
2021-03-24,49.81999969482422,50.68000030517578,49.72999954223633,49.900001525878906,3512100.0
2021-03-25,50.040000915527344,51.20000076293945,49.61000061035156,51.13999938964844,2682000.0
2021-03-26,51.349998474121094,51.61000061035156,50.93000030517578,51.560001373291016,2726900.0
2021-03-29,50.84000015258789,51.709999084472656,50.79999923706055,51.34000015258789,2386800.0
2021-03-30,51.58000183105469,52.09000015258789,51.29999923706055,51.83000183105469,2687200.0
2021-03-31,51.529998779296875,51.810001373291016,51.0,51.18000030517578,3652100.0
2021-04-01,50.959999084472656,51.47999954223633,50.880001068115234,51.41999816894531,2180800.0
2021-04-05,51.790000915527344,52.02000045776367,51.2599983215332,51.45000076293945,2619800.0
2021-04-06,51.4900016784668,51.880001068115234,51.310001373291016,51.61000061035156,1975500.0
2021-04-07,51.63999938964844,51.939998626708984,51.41999816894531,51.720001220703125,1893100.0
2021-04-08,51.33000183105469,51.619998931884766,51.150001525878906,51.4900016784668,2787900.0
2021-04-09,51.900001525878906,52.04999923706055,51.349998474121094,51.63999938964844,3644800.0
2021-04-12,52.0099983215332,52.56999969482422,51.75,52.439998626708984,2731200.0
2021-04-13,52.06999969482422,52.529998779296875,51.91999816894531,52.290000915527344,3074600.0
2021-04-14,52.220001220703125,52.900001525878906,52.13999938964844,52.869998931884766,2255700.0
2021-04-15,52.88999938964844,52.93000030517578,52.5,52.83000183105469,2164500.0
2021-04-16,53.279998779296875,53.59000015258789,53.13999938964844,53.45000076293945,2763400.0
2021-04-19,53.4900016784668,53.709999084472656,53.290000915527344,53.560001373291016,3330100.0
2021-04-20,53.349998474121094,53.38999938964844,52.22999954223633,52.59000015258789,2512600.0
2021-04-21,52.72999954223633,53.560001373291016,52.599998474121094,53.5,3037700.0
2021-04-22,53.13999938964844,53.36000061035156,52.84000015258789,52.939998626708984,3874600.0
2021-04-23,53.040000915527344,53.56999969482422,52.79999923706055,53.369998931884766,2803400.0
2021-04-26,53.5,54.060001373291016,53.27000045776367,53.369998931884766,3473500.0
2021-04-27,53.400001525878906,53.56999969482422,53.18000030517578,53.529998779296875,2466700.0
2021-04-28,53.86000061035156,54.0,53.5,53.52000045776367,2247400.0
2021-04-29,54.11000061035156,54.869998931884766,53.5,54.220001220703125,3253400.0
2021-04-30,54.20000076293945,54.22999954223633,53.41999816894531,53.72999954223633,4143000.0
2021-05-03,54.290000915527344,54.91999816894531,53.84000015258789,54.52000045776367,3071000.0
2021-05-04,54.439998626708984,54.970001220703125,54.02000045776367,54.88999938964844,2948400.0
2021-05-05,54.939998626708984,55.43000030517578,54.36000061035156,55.380001068115234,3682200.0
2021-05-06,55.72999954223633,56.20000076293945,55.189998626708984,56.18000030517578,3791500.0
2021-05-07,55.439998626708984,56.16999816894531,55.29999923706055,56.11000061035156,2597200.0
2021-05-10,56.369998931884766,57.349998474121094,56.029998779296875,56.529998779296875,3480900.0
2021-05-11,56.22999954223633,56.34000015258789,55.08000183105469,55.220001220703125,3021000.0
2021-05-12,55.529998779296875,55.66999816894531,54.400001525878906,54.45000076293945,3251700.0
2021-05-13,54.189998626708984,55.790000915527344,54.11000061035156,55.5,2979600.0
2021-05-14,55.77000045776367,56.56999969482422,55.470001220703125,56.459999084472656,2273900.0
2021-05-17,56.2599983215332,56.56999969482422,55.939998626708984,56.41999816894531,2444000.0
2021-05-18,55.91999816894531,56.599998474121094,55.84000015258789,55.90999984741211,2799000.0
2021-05-19,55.459999084472656,56.04999923706055,54.93000030517578,55.7599983215332,3415600.0
2021-05-20,55.75,55.93000030517578,55.220001220703125,55.650001525878906,2690900.0
2021-05-21,55.849998474121094,56.439998626708984,55.470001220703125,55.9900016784668,3058400.0
2021-05-24,56.209999084472656,56.529998779296875,55.900001525878906,56.369998931884766,2884100.0
2021-05-25,56.41999816894531,56.68000030517578,55.65999984741211,55.7599983215332,3361900.0
2021-05-26,56.0,56.31999969482422,55.599998474121094,56.25,3077300.0
2021-05-27,56.7599983215332,57.06999969482422,56.150001525878906,56.81999969482422,6550200.0
2021-05-28,57.0099983215332,57.13999938964844,56.11000061035156,56.68000030517578,3447300.0
2021-06-01,57.150001525878906,57.529998779296875,56.68000030517578,57.209999084472656,2645200.0
2021-06-02,57.40999984741211,57.540000915527344,56.86000061035156,57.150001525878906,2722500.0
2021-06-03,56.91999816894531,57.439998626708984,56.709999084472656,57.25,2180100.0
2021-06-04,57.279998779296875,57.52000045776367,56.939998626708984,57.47999954223633,1734900.0
2021-06-07,57.45000076293945,57.56999969482422,57.040000915527344,57.38999938964844,3181200.0
2021-06-08,57.08000183105469,57.380001068115234,56.45000076293945,57.290000915527344,3900700.0
2021-06-09,57.029998779296875,57.189998626708984,56.58000183105469,56.59000015258789,1940900.0
2021-06-10,57.15999984741211,57.279998779296875,56.13999938964844,56.20000076293945,1779800.0
2021-06-11,56.33000183105469,56.470001220703125,56.06999969482422,56.25,1881500.0
2021-06-14,56.040000915527344,56.25,55.119998931884766,55.43000030517578,2770400.0
2021-06-15,55.439998626708984,55.77000045776367,55.15999984741211,55.400001525878906,3019600.0
2021-06-16,55.25,55.43000030517578,54.63999938964844,55.099998474121094,2995800.0
2021-06-17,55.209999084472656,55.33000183105469,53.119998931884766,53.459999084472656,4110400.0
2021-06-18,52.63999938964844,52.90999984741211,52.02000045776367,52.08000183105469,6477200.0
2021-06-21,52.439998626708984,53.09000015258789,52.22999954223633,53.06999969482422,2700600.0
2021-06-22,52.95000076293945,53.06999969482422,52.290000915527344,52.83000183105469,3310100.0
2021-06-23,52.95000076293945,53.0099983215332,52.68000030517578,52.689998626708984,2711500.0
2021-06-24,52.869998931884766,53.38999938964844,52.630001068115234,53.15999984741211,4183600.0
2021-06-25,53.439998626708984,54.43000030517578,53.2400016784668,54.220001220703125,10797300.0
2021-06-28,54.06999969482422,54.099998474121094,53.2599983215332,53.369998931884766,3536400.0
2021-06-29,53.58000183105469,53.88999938964844,53.33000183105469,53.54999923706055,2765400.0
2021-06-30,53.349998474121094,53.709999084472656,53.130001068115234,53.65999984741211,3213500.0
2021-07-01,54.029998779296875,54.29999923706055,53.61000061035156,54.0,3563500.0
2021-07-02,53.959999084472656,54.209999084472656,53.70000076293945,54.150001525878906,2835900.0
2021-07-06,54.0,54.0099983215332,53.029998779296875,53.27000045776367,3857300.0
2021-07-07,52.90999984741211,53.79999923706055,52.84000015258789,53.7599983215332,3095200.0
2021-07-08,52.779998779296875,53.040000915527344,52.04999923706055,52.33000183105469,3404300.0
2021-07-09,53.15999984741211,53.56999969482422,52.91999816894531,53.349998474121094,4840100.0
2021-07-12,53.29999923706055,53.939998626708984,52.75,53.66999816894531,5018600.0
2021-07-13,53.619998931884766,53.95000076293945,52.81999969482422,53.09000015258789,3557700.0
2021-07-14,53.04999923706055,53.66999816894531,52.75,53.279998779296875,2663100.0
2021-07-15,52.900001525878906,53.75,52.779998779296875,53.59000015258789,2996200.0
2021-07-16,53.70000076293945,53.779998779296875,52.959999084472656,53.119998931884766,7477900.0
2021-07-19,52.13999938964844,52.47999954223633,51.36000061035156,51.709999084472656,4665300.0
2021-07-20,51.599998474121094,53.43000030517578,51.47999954223633,52.97999954223633,3507800.0
2021-07-21,53.59000015258789,54.43000030517578,53.29999923706055,53.880001068115234,2888000.0
2021-07-22,53.90999984741211,54.08000183105469,52.959999084472656,53.099998474121094,2717900.0
2021-07-23,53.36000061035156,53.7599983215332,53.15999984741211,53.369998931884766,2171800.0
2021-07-26,53.31999969482422,53.88999938964844,53.16999816894531,53.70000076293945,1829000.0
2021-07-27,53.290000915527344,53.970001220703125,52.93000030517578,53.79999923706055,2573000.0
2021-07-28,54.0,54.27000045776367,53.279998779296875,53.790000915527344,2784900.0
2021-07-29,55.650001525878906,56.20000076293945,54.869998931884766,55.61000061035156,4449000.0
2021-07-30,55.529998779296875,55.900001525878906,54.95000076293945,55.0,3435000.0
2021-08-02,55.310001373291016,56.11000061035156,54.63999938964844,54.709999084472656,3199000.0
2021-08-03,55.16999816894531,55.63999938964844,54.279998779296875,55.599998474121094,2726500.0
2021-08-04,54.97999954223633,55.56999969482422,54.7599983215332,54.939998626708984,3475300.0
2021-08-05,55.5,55.97999954223633,55.16999816894531,55.56999969482422,2106100.0
2021-08-06,56.0099983215332,56.40999984741211,55.900001525878906,56.2400016784668,3162900.0
2021-08-09,56.13999938964844,56.38999938964844,55.599998474121094,56.11000061035156,2191000.0
2021-08-10,56.029998779296875,56.959999084472656,55.70000076293945,56.70000076293945,3123200.0
2021-08-11,56.83000183105469,57.189998626708984,56.45000076293945,56.95000076293945,3142700.0
2021-08-12,57.13999938964844,57.43000030517578,56.849998474121094,57.36000061035156,1911600.0
2021-08-13,57.5099983215332,57.630001068115234,57.13999938964844,57.2599983215332,1681600.0
2021-08-16,57.0,57.63999938964844,56.68000030517578,57.52000045776367,2482800.0
2021-08-17,56.84000015258789,57.400001525878906,56.619998931884766,57.11000061035156,2408900.0
2021-08-18,56.7400016784668,57.209999084472656,56.34000015258789,56.369998931884766,2550500.0
2021-08-19,55.66999816894531,56.369998931884766,55.5099983215332,55.91999816894531,2414500.0
2021-08-20,55.849998474121094,56.5,55.5,56.36000061035156,1796700.0
2021-08-23,56.70000076293945,57.2400016784668,56.099998474121094,56.709999084472656,2334700.0
2021-08-24,56.849998474121094,57.029998779296875,56.5099983215332,56.709999084472656,1901100.0
2021-08-25,56.84000015258789,57.54999923706055,56.5099983215332,57.11000061035156,2609900.0
2021-08-26,57.209999084472656,57.22999954223633,56.349998474121094,56.400001525878906,1925700.0
2021-08-27,56.59000015258789,57.31999969482422,56.38999938964844,57.09000015258789,1667600.0
2021-08-30,57.06999969482422,57.09000015258789,56.349998474121094,56.43000030517578,1908400.0
2021-08-31,56.34000015258789,57.040000915527344,56.13999938964844,56.68000030517578,3378600.0
2021-09-01,56.86000061035156,56.86000061035156,56.15999984741211,56.34000015258789,2359900.0
2021-09-02,56.59000015258789,56.59000015258789,55.83000183105469,55.9900016784668,2416800.0
2021-09-03,55.90999984741211,56.09000015258789,55.540000915527344,55.709999084472656,1832500.0
2021-09-07,55.70000076293945,55.900001525878906,55.220001220703125,55.25,2444700.0
2021-09-08,55.11000061035156,55.34000015258789,54.79999923706055,55.16999816894531,2490700.0
2021-09-09,55.13999938964844,55.93000030517578,55.02000045776367,55.13999938964844,2518300.0
2021-09-10,55.5,55.540000915527344,54.650001525878906,54.65999984741211,2126800.0
2021-09-13,55.209999084472656,55.439998626708984,54.81999969482422,55.22999954223633,2171600.0
2021-09-14,55.52000045776367,55.52000045776367,54.16999816894531,54.290000915527344,2553700.0
2021-09-15,54.380001068115234,55.11000061035156,54.2599983215332,54.65999984741211,2437600.0
2021-09-16,54.66999816894531,54.95000076293945,54.290000915527344,54.560001373291016,2216100.0
2021-09-17,54.400001525878906,54.90999984741211,53.95000076293945,53.9900016784668,7984600.0
2021-09-20,52.900001525878906,53.0,51.279998779296875,52.06999969482422,4414000.0
2021-09-21,52.41999816894531,52.5,51.290000915527344,51.349998474121094,3548800.0
2021-09-22,52.0099983215332,52.290000915527344,51.70000076293945,51.880001068115234,4131600.0
2021-09-23,52.15999984741211,53.04999923706055,52.15999984741211,52.38999938964844,3059100.0
2021-09-24,52.40999984741211,53.02000045776367,52.29999923706055,52.630001068115234,2167300.0
2021-09-27,53.13999938964844,53.90999984741211,52.720001220703125,53.400001525878906,2519800.0
2021-09-28,53.38999938964844,53.720001220703125,52.75,52.83000183105469,3030900.0
2021-09-29,52.869998931884766,53.2400016784668,52.70000076293945,52.7400016784668,2210300.0
2021-09-30,53.029998779296875,53.029998779296875,52.040000915527344,52.130001068115234,3316800.0
2021-10-01,52.279998779296875,53.290000915527344,52.150001525878906,52.939998626708984,2284200.0
2021-10-04,52.95000076293945,53.900001525878906,52.560001373291016,52.77000045776367,3071400.0
2021-10-05,52.97999954223633,53.630001068115234,52.560001373291016,53.43000030517578,2225400.0
2021-10-06,52.90999984741211,53.33000183105469,52.40999984741211,53.31999969482422,2508600.0
2021-10-07,53.86000061035156,54.38999938964844,53.63999938964844,54.15999984741211,2251100.0
2021-10-08,54.369998931884766,54.900001525878906,54.220001220703125,54.52000045776367,2265000.0
2021-10-11,54.709999084472656,55.400001525878906,54.40999984741211,54.47999954223633,2564300.0
2021-10-12,54.47999954223633,54.75,54.20000076293945,54.43000030517578,2822700.0
2021-10-13,54.349998474121094,54.45000076293945,53.189998626708984,53.959999084472656,2706500.0
2021-10-14,54.540000915527344,55.38999938964844,53.88999938964844,55.349998474121094,2750600.0
2021-10-15,55.810001373291016,55.9900016784668,55.470001220703125,55.54999923706055,7107800.0
2021-10-18,55.540000915527344,55.68000030517578,54.880001068115234,55.15999984741211,2669700.0
2021-10-19,55.77000045776367,55.9900016784668,55.4900016784668,55.790000915527344,2069700.0
2021-10-20,55.810001373291016,56.540000915527344,55.709999084472656,56.439998626708984,2119700.0
2021-10-21,56.22999954223633,56.40999984741211,55.689998626708984,56.119998931884766,1985000.0
2021-10-22,56.38999938964844,56.7599983215332,55.970001220703125,56.540000915527344,1895800.0
2021-10-25,56.689998626708984,57.099998474121094,56.380001068115234,56.97999954223633,2189400.0
2021-10-26,57.27000045776367,57.540000915527344,57.0099983215332,57.13999938964844,2677600.0
2021-10-27,57.0,57.65999984741211,56.0,56.0,3443200.0
2021-10-28,55.81999969482422,56.630001068115234,54.689998626708984,55.36000061035156,4788500.0
2021-10-29,55.2400016784668,55.2400016784668,53.47999954223633,53.66999816894531,5018100.0
2021-11-01,53.959999084472656,54.900001525878906,53.75,54.869998931884766,2405700.0
2021-11-02,54.900001525878906,55.25,54.41999816894531,55.119998931884766,2743300.0
2021-11-03,54.849998474121094,56.5099983215332,54.77000045776367,56.060001373291016,4279700.0
2021-11-04,55.880001068115234,55.9900016784668,54.709999084472656,55.70000076293945,2684000.0
2021-11-05,56.34000015258789,57.290000915527344,56.08000183105469,56.75,3228300.0
2021-11-08,56.9900016784668,57.279998779296875,56.599998474121094,56.75,1948000.0
2021-11-09,56.439998626708984,56.61000061035156,56.0,56.279998779296875,1719100.0
2021-11-10,56.40999984741211,56.720001220703125,55.79999923706055,56.02000045776367,2497800.0
2021-11-11,56.0,56.47999954223633,55.709999084472656,56.33000183105469,3276600.0
2021-11-12,56.349998474121094,57.08000183105469,56.189998626708984,57.0099983215332,2439300.0
2021-11-15,57.2400016784668,57.7599983215332,56.970001220703125,57.56999969482422,3433600.0
2021-11-16,57.66999816894531,57.95000076293945,57.20000076293945,57.2599983215332,3321200.0
2021-11-17,57.0,57.290000915527344,56.880001068115234,56.91999816894531,2959000.0
2021-11-18,56.81999969482422,56.86000061035156,55.560001373291016,55.900001525878906,2793700.0
2021-11-19,55.5,55.91999816894531,54.72999954223633,55.439998626708984,2646400.0
2021-11-22,55.7599983215332,56.58000183105469,55.45000076293945,55.86000061035156,3338000.0
2021-11-23,55.970001220703125,56.93000030517578,55.7599983215332,56.79999923706055,2950000.0
2021-11-24,56.68000030517578,57.15999984741211,56.27000045776367,57.0099983215332,3064800.0
2021-11-26,55.650001525878906,55.959999084472656,54.630001068115234,55.56999969482422,3429700.0
2021-11-29,56.04999923706055,56.2400016784668,55.27000045776367,55.70000076293945,2724400.0
2021-11-30,55.040000915527344,55.16999816894531,54.0,54.13999938964844,6793900.0
2021-12-01,55.25,55.90999984741211,53.65999984741211,53.66999816894531,3241100.0
2021-12-02,54.0,55.72999954223633,53.75,55.25,2960600.0
2021-12-03,54.689998626708984,55.16999816894531,53.849998474121094,54.279998779296875,3672000.0
2021-12-06,55.09000015258789,56.400001525878906,54.630001068115234,55.720001220703125,3209000.0
2021-12-07,56.08000183105469,57.04999923706055,55.810001373291016,56.709999084472656,2816300.0
2021-12-08,56.810001373291016,57.18000030517578,56.40999984741211,56.72999954223633,2309400.0
2021-12-09,56.33000183105469,57.529998779296875,56.220001220703125,57.369998931884766,2647300.0
2021-12-10,57.79999923706055,58.040000915527344,57.439998626708984,57.84000015258789,2994500.0
2021-12-13,57.720001220703125,57.79999923706055,56.95000076293945,57.02000045776367,3482200.0
2021-12-14,56.13999938964844,57.560001373291016,56.0099983215332,57.15999984741211,4002400.0
2021-12-15,57.40999984741211,57.470001220703125,56.66999816894531,57.349998474121094,3744300.0
2021-12-16,57.849998474121094,58.52000045776367,57.560001373291016,57.900001525878906,2991800.0
2021-12-17,57.79999923706055,57.79999923706055,56.650001525878906,56.84000015258789,5989200.0
2021-12-20,56.0099983215332,56.09000015258789,54.650001525878906,55.36000061035156,3199200.0
2021-12-21,56.029998779296875,57.369998931884766,55.970001220703125,56.84000015258789,3328500.0
2021-12-22,56.709999084472656,57.38999938964844,56.599998474121094,57.18000030517578,1660800.0
2021-12-23,57.58000183105469,58.11000061035156,57.58000183105469,57.689998626708984,2326600.0
2021-12-27,57.779998779296875,58.209999084472656,57.5099983215332,58.20000076293945,1670300.0
2021-12-28,58.119998931884766,58.72999954223633,58.02000045776367,58.4900016784668,1735600.0
2021-12-29,58.619998931884766,58.88999938964844,58.22999954223633,58.790000915527344,1577400.0
2021-12-30,58.849998474121094,59.220001220703125,58.52000045776367,58.560001373291016,1677900.0
2021-12-31,58.47999954223633,58.79999923706055,58.2599983215332,58.38999938964844,2045500.0
2022-01-03,58.630001068115234,59.02000045776367,58.09000015258789,58.27000045776367,3231000.0
2022-01-04,58.86000061035156,60.36000061035156,58.400001525878906,60.18000030517578,4813000.0
2022-01-05,60.36000061035156,61.40999984741211,59.9900016784668,60.08000183105469,4121300.0
2022-01-06,60.7400016784668,61.25,60.130001068115234,61.189998626708984,3607700.0
2022-01-07,61.369998931884766,62.380001068115234,60.959999084472656,62.15999984741211,3728000.0
2022-01-10,62.599998474121094,62.93000030517578,62.119998931884766,62.90999984741211,5676400.0
2022-01-11,62.959999084472656,63.2400016784668,62.40999984741211,63.220001220703125,2594100.0
2022-01-12,63.45000076293945,63.88999938964844,63.13999938964844,63.34000015258789,3007100.0
2022-01-13,63.619998931884766,64.22000122070312,63.209999084472656,63.43000030517578,2989900.0
2022-01-14,62.810001373291016,64.08000183105469,62.45000076293945,64.05999755859375,2791500.0
2022-01-18,63.97999954223633,64.13999938964844,63.16999816894531,63.65999984741211,2691300.0
2022-01-19,63.77000045776367,63.959999084472656,62.709999084472656,62.7599983215332,2939800.0
2022-01-20,62.970001220703125,63.349998474121094,61.81999969482422,61.900001525878906,3116800.0
2022-01-21,61.91999816894531,61.91999816894531,60.709999084472656,60.86000061035156,6141100.0
2022-01-24,60.15999984741211,61.689998626708984,59.41999816894531,61.47999954223633,5200700.0
2022-01-25,60.880001068115234,62.380001068115234,59.81999969482422,61.900001525878906,3705400.0
2022-01-26,62.369998931884766,63.220001220703125,61.54999923706055,62.15999984741211,3617300.0
2022-01-27,62.689998626708984,63.61000061035156,61.40999984741211,61.88999938964844,3478900.0
2022-01-28,61.65999984741211,62.369998931884766,60.88999938964844,62.349998474121094,2936000.0
2022-01-31,61.93000030517578,62.88999938964844,61.560001373291016,62.81999969482422,5175500.0
2022-02-01,62.630001068115234,63.13999938964844,62.16999816894531,62.88999938964844,4251400.0
2022-02-02,62.900001525878906,63.869998931884766,62.70000076293945,63.689998626708984,4037800.0
2022-02-03,63.689998626708984,64.0,62.599998474121094,63.75,3899000.0
2022-02-04,63.66999816894531,65.2699966430664,63.4900016784668,64.69000244140625,3633100.0
2022-02-07,64.86000061035156,65.86000061035156,64.63999938964844,65.2699966430664,3251600.0
2022-02-08,65.7300033569336,66.30999755859375,65.23999786376953,66.04000091552734,3520100.0
2022-02-09,66.22000122070312,66.55000305175781,65.94000244140625,66.04000091552734,2597400.0
2022-02-10,65.80999755859375,66.97000122070312,65.5,65.55000305175781,4416100.0
2022-02-11,65.4800033569336,66.55000305175781,64.91000366210938,65.30999755859375,4311200.0
2022-02-14,65.12000274658203,65.58999633789062,63.709999084472656,64.22000122070312,4035800.0
2022-02-15,64.5,65.04000091552734,64.33999633789062,64.55999755859375,2648700.0
2022-02-16,64.2300033569336,64.86000061035156,63.959999084472656,64.5199966430664,3022300.0
2022-02-17,63.86000061035156,64.16999816894531,62.970001220703125,63.20000076293945,3380600.0
2022-02-18,62.869998931884766,63.68000030517578,62.869998931884766,63.16999816894531,4966800.0
2022-02-22,63.209999084472656,63.31999969482422,62.279998779296875,62.77000045776367,2703200.0
2022-02-23,63.04999923706055,63.33000183105469,61.4900016784668,61.59000015258789,2649600.0
2022-02-24,59.91999816894531,59.9900016784668,58.5,59.619998931884766,4712800.0
2022-02-25,60.189998626708984,62.130001068115234,59.77000045776367,61.95000076293945,3774400.0
2022-02-28,60.290000915527344,61.52000045776367,59.75,61.09000015258789,3516500.0
2022-03-01,60.529998779296875,60.810001373291016,58.2599983215332,58.47999954223633,3746800.0
2022-03-02,59.08000183105469,60.459999084472656,58.599998474121094,60.13999938964844,2957000.0
2022-03-03,60.380001068115234,61.290000915527344,60.20000076293945,61.15999984741211,3214400.0
2022-03-04,59.93000030517578,60.599998474121094,59.47999954223633,60.099998474121094,2803700.0
2022-03-07,59.369998931884766,59.689998626708984,58.900001525878906,59.029998779296875,3528500.0
2022-03-08,59.68000030517578,61.0099983215332,59.130001068115234,59.22999954223633,3079300.0
2022-03-09,60.75,61.2400016784668,60.18000030517578,60.38999938964844,2940400.0
2022-03-10,59.72999954223633,60.11000061035156,59.25,59.959999084472656,2485100.0
2022-03-11,60.380001068115234,60.810001373291016,59.900001525878906,59.959999084472656,2228600.0
2022-03-14,60.7400016784668,61.439998626708984,60.209999084472656,60.84000015258789,2212300.0
2022-03-15,61.150001525878906,61.529998779296875,60.54999923706055,61.2599983215332,2168100.0
2022-03-16,61.970001220703125,62.63999938964844,61.29999923706055,62.619998931884766,3006600.0
2022-03-17,62.029998779296875,62.900001525878906,61.70000076293945,62.900001525878906,2120200.0
2022-03-18,62.7400016784668,63.09000015258789,61.90999984741211,62.95000076293945,6150500.0
2022-03-21,63.40999984741211,63.720001220703125,62.9900016784668,63.400001525878906,2013600.0
2022-03-22,64.0,64.80999755859375,63.880001068115234,64.45999908447266,2456900.0
2022-03-23,64.19999694824219,64.47000122070312,63.720001220703125,63.7400016784668,1865100.0
2022-03-24,63.900001525878906,64.55000305175781,63.810001373291016,64.48999786376953,1246200.0
2022-03-25,64.2699966430664,65.54000091552734,64.2300033569336,65.52999877929688,1921000.0
2022-03-28,65.30999755859375,65.31999969482422,64.55000305175781,65.27999877929688,1851800.0
2022-03-29,65.81999969482422,66.11000061035156,64.7699966430664,65.31999969482422,1678200.0
2022-03-30,65.37999725341797,65.83000183105469,65.0199966430664,65.5,1909700.0
2022-03-31,65.44999694824219,66.0199966430664,64.37000274658203,64.38999938964844,3032200.0
2022-04-01,64.87000274658203,65.16999816894531,64.22000122070312,64.83999633789062,2164000.0
2022-04-04,64.62000274658203,64.66000366210938,63.279998779296875,63.61000061035156,1882700.0
2022-04-05,63.61000061035156,64.3499984741211,63.27000045776367,63.77000045776367,1864500.0
2022-04-06,63.880001068115234,65.22000122070312,63.47999954223633,65.06999969482422,3471500.0
2022-04-07,64.88999938964844,65.54000091552734,63.88999938964844,65.16999816894531,2607500.0
2022-04-08,65.55999755859375,66.02999877929688,65.30999755859375,65.5199966430664,2412800.0
2022-04-11,65.75,66.29000091552734,65.08999633789062,65.19000244140625,1929600.0
2022-04-12,65.29000091552734,65.94999694824219,64.52999877929688,64.88999938964844,1880200.0
2022-04-13,64.62999725341797,65.16999816894531,64.11000061035156,64.98999786376953,1842300.0
2022-04-14,64.97000122070312,65.58000183105469,64.56999969482422,65.33000183105469,1723000.0
2022-04-18,65.11000061035156,65.88999938964844,65.11000061035156,65.5199966430664,1983100.0
2022-04-19,65.63999938964844,65.95999908447266,64.86000061035156,65.48999786376953,2393500.0
2022-04-20,65.5999984741211,66.9000015258789,65.16000366210938,66.62000274658203,3368200.0
2022-04-21,67.0,67.19999694824219,65.41999816894531,65.5,2495400.0
2022-04-22,65.2300033569336,65.36000061035156,63.29999923706055,63.369998931884766,2706000.0
2022-04-25,62.70000076293945,62.79999923706055,60.84000015258789,62.400001525878906,3654200.0
2022-04-26,61.68000030517578,62.310001373291016,60.7400016784668,60.77000045776367,2334400.0
2022-04-27,61.119998931884766,61.61000061035156,60.34000015258789,60.81999969482422,3204500.0
2022-04-28,60.5,60.5,57.7599983215332,59.2599983215332,4294300.0
2022-04-29,59.060001373291016,59.189998626708984,57.06999969482422,57.279998779296875,5062700.0
2022-05-02,57.779998779296875,58.189998626708984,56.33000183105469,57.29999923706055,3250500.0
2022-05-03,57.709999084472656,58.779998779296875,57.31999969482422,57.91999816894531,2758800.0
2022-05-04,57.75,59.779998779296875,57.689998626708984,59.68000030517578,2432400.0
2022-05-05,58.95000076293945,59.310001373291016,57.52000045776367,58.029998779296875,2423300.0
2022-05-06,57.880001068115234,58.4900016784668,57.43000030517578,58.22999954223633,3073900.0
2022-05-09,57.75,58.15999984741211,57.099998474121094,57.560001373291016,3130100.0
2022-05-10,58.060001373291016,58.84000015258789,56.7599983215332,57.34000015258789,2557200.0
2022-05-11,57.709999084472656,58.34000015258789,56.77000045776367,56.880001068115234,2353500.0
2022-05-12,56.810001373291016,56.9900016784668,55.119998931884766,56.11000061035156,2608500.0
2022-05-13,56.33000183105469,56.70000076293945,55.84000015258789,56.279998779296875,3062000.0
2022-05-16,56.279998779296875,56.52000045776367,55.5099983215332,56.189998626708984,2537500.0
2022-05-17,56.81999969482422,57.5,56.47999954223633,57.2400016784668,1911000.0
2022-05-18,56.90999984741211,56.970001220703125,56.15999984741211,56.31999969482422,2728000.0
2022-05-19,55.709999084472656,56.54999923706055,54.93000030517578,55.599998474121094,2512800.0
2022-05-20,55.66999816894531,55.959999084472656,54.18000030517578,55.09000015258789,4413400.0
2022-05-23,55.970001220703125,56.97999954223633,55.5099983215332,56.529998779296875,2348100.0
2022-05-24,56.310001373291016,57.189998626708984,55.619998931884766,57.08000183105469,2803500.0
2022-05-25,57.0099983215332,58.2400016784668,56.90999984741211,57.79999923706055,4087600.0
2022-05-26,58.33000183105469,59.38999938964844,57.86000061035156,59.119998931884766,2895500.0
2022-05-27,59.310001373291016,60.47999954223633,58.97999954223633,60.40999984741211,3038100.0
2022-05-31,59.90999984741211,60.959999084472656,59.400001525878906,60.56999969482422,8137000.0
2022-06-01,60.630001068115234,60.84000015258789,59.20000076293945,59.810001373291016,2281300.0
2022-06-02,59.66999816894531,59.88999938964844,58.84000015258789,59.689998626708984,2195700.0
2022-06-03,59.279998779296875,59.54999923706055,58.68000030517578,58.81999969482422,2239100.0
2022-06-06,59.400001525878906,59.72999954223633,58.75,59.15999984741211,1803100.0
2022-06-07,58.869998931884766,59.68000030517578,58.58000183105469,59.630001068115234,2309300.0
2022-06-08,59.029998779296875,59.439998626708984,58.59000015258789,58.720001220703125,1838100.0
2022-06-09,58.75,58.75,57.41999816894531,57.43000030517578,1865100.0
2022-06-10,56.29999923706055,56.5099983215332,55.619998931884766,55.630001068115234,2392000.0
2022-06-13,54.70000076293945,54.849998474121094,53.4900016784668,53.7400016784668,3068300.0
2022-06-14,54.060001373291016,54.56999969482422,53.279998779296875,53.709999084472656,2138700.0
2022-06-15,54.220001220703125,54.869998931884766,53.43000030517578,54.22999954223633,2650800.0
2022-06-16,53.2400016784668,53.25,52.06999969482422,53.0099983215332,3798200.0
2022-06-17,53.06999969482422,53.650001525878906,52.47999954223633,53.04999923706055,5257700.0
2022-06-21,54.150001525878906,54.40999984741211,53.439998626708984,54.18000030517578,2269000.0
2022-06-22,53.34000015258789,54.2400016784668,53.34000015258789,53.959999084472656,2056900.0
2022-06-23,54.13999938964844,54.47999954223633,53.16999816894531,53.650001525878906,1954800.0
2022-06-24,54.0099983215332,55.93000030517578,53.709999084472656,55.790000915527344,3295600.0
2022-06-27,55.970001220703125,56.029998779296875,55.31999969482422,55.88999938964844,1927500.0
2022-06-28,56.619998931884766,57.189998626708984,55.869998931884766,55.900001525878906,2327900.0
2022-06-29,56.13999938964844,56.36000061035156,55.38999938964844,55.459999084472656,1987200.0
2022-06-30,54.869998931884766,55.959999084472656,54.470001220703125,55.33000183105469,2691300.0
2022-07-01,55.31999969482422,56.310001373291016,55.11000061035156,56.2400016784668,2294200.0
2022-07-05,55.15999984741211,55.52000045776367,54.130001068115234,55.52000045776367,2079200.0
2022-07-06,55.099998474121094,56.20000076293945,54.79999923706055,55.939998626708984,2242900.0
2022-07-07,56.5099983215332,56.959999084472656,56.220001220703125,56.349998474121094,2304900.0
2022-07-08,56.75,56.79999923706055,56.20000076293945,56.25,1814200.0
2022-07-11,56.130001068115234,56.66999816894531,55.70000076293945,56.040000915527344,2060500.0
2022-07-12,55.70000076293945,56.900001525878906,55.220001220703125,55.7400016784668,1948300.0
2022-07-13,55.369998931884766,55.369998931884766,54.06999969482422,54.59000015258789,2084200.0
2022-07-14,53.27000045776367,53.900001525878906,53.040000915527344,53.45000076293945,2175800.0
2022-07-15,54.040000915527344,54.58000183105469,53.75,54.310001373291016,2038500.0
2022-07-18,54.65999984741211,55.209999084472656,53.939998626708984,54.16999816894531,1893300.0
2022-07-19,54.93000030517578,55.41999816894531,54.630001068115234,54.970001220703125,3283400.0
2022-07-20,54.619998931884766,55.08000183105469,54.369998931884766,54.70000076293945,2495000.0
2022-07-21,54.70000076293945,55.09000015258789,54.0099983215332,55.029998779296875,1824900.0
2022-07-22,55.220001220703125,55.61000061035156,54.75,55.279998779296875,1802400.0
2022-07-25,55.70000076293945,56.27000045776367,55.47999954223633,56.060001373291016,1505800.0
2022-07-26,55.88999938964844,56.36000061035156,55.459999084472656,55.63999938964844,1969800.0
2022-07-27,55.779998779296875,56.34000015258789,55.29999923706055,56.0,1819700.0
2022-07-28,55.88999938964844,56.47999954223633,55.220001220703125,56.41999816894531,2181100.0
2022-07-29,56.599998474121094,57.540000915527344,56.349998474121094,57.29999923706055,3758900.0
2022-08-01,56.84000015258789,56.95000076293945,56.04999923706055,56.709999084472656,2515400.0
2022-08-02,58.40999984741211,59.970001220703125,57.540000915527344,58.7400016784668,5509500.0
2022-08-03,58.720001220703125,59.15999984741211,57.90999984741211,59.0099983215332,3137300.0
2022-08-04,59.27000045776367,59.5,59.0099983215332,59.16999816894531,2642900.0
2022-08-05,59.43000030517578,59.75,59.15999984741211,59.43000030517578,2123000.0
2022-08-08,60.0,60.20000076293945,59.5099983215332,59.58000183105469,2257600.0
2022-08-09,59.790000915527344,60.65999984741211,59.47999954223633,60.41999816894531,1978300.0
2022-08-10,61.150001525878906,61.84000015258789,60.83000183105469,61.709999084472656,1995600.0
2022-08-11,62.189998626708984,62.959999084472656,62.04999923706055,62.63999938964844,2205000.0
2022-08-12,62.72999954223633,64.05999755859375,62.65999984741211,64.02999877929688,2090700.0
2022-08-15,63.40999984741211,64.4000015258789,63.31999969482422,64.06999969482422,1769700.0
2022-08-16,63.869998931884766,64.3499984741211,63.68000030517578,63.9900016784668,2543000.0
2022-08-17,63.36000061035156,64.19000244140625,63.290000915527344,63.900001525878906,1721800.0
2022-08-18,64.0,64.66000366210938,63.779998779296875,64.55000305175781,1703500.0
2022-08-19,64.44000244140625,64.5,63.40999984741211,63.68000030517578,2246600.0
2022-08-22,62.93000030517578,63.150001525878906,62.040000915527344,62.209999084472656,2354100.0
2022-08-23,61.900001525878906,62.279998779296875,61.47999954223633,61.59000015258789,2290200.0
2022-08-24,61.59000015258789,61.779998779296875,61.20000076293945,61.54999923706055,1694700.0
2022-08-25,61.720001220703125,62.2599983215332,61.560001373291016,62.2400016784668,1482800.0
2022-08-26,62.470001220703125,62.56999969482422,60.83000183105469,60.869998931884766,1999300.0
2022-08-29,60.29999923706055,61.27000045776367,60.16999816894531,60.81999969482422,2019400.0
2022-08-30,60.779998779296875,61.060001373291016,60.029998779296875,60.130001068115234,1819200.0
2022-08-31,60.220001220703125,60.52000045776367,59.38999938964844,59.41999816894531,2752000.0
2022-09-01,59.470001220703125,59.560001373291016,58.540000915527344,59.52000045776367,2716900.0
2022-09-02,59.9900016784668,60.810001373291016,59.15999984741211,59.400001525878906,2401600.0
2022-09-06,59.560001373291016,59.77000045776367,59.029998779296875,59.529998779296875,3117600.0
2022-09-07,59.310001373291016,60.97999954223633,59.2599983215332,60.86000061035156,2838500.0
2022-09-08,60.77000045776367,61.7599983215332,60.09000015258789,61.66999816894531,3072200.0
2022-09-09,62.0,62.29999923706055,61.75,61.880001068115234,2154300.0
2022-09-12,62.0,62.79999923706055,61.90999984741211,62.5,2099300.0
2022-09-13,61.630001068115234,61.900001525878906,60.63999938964844,60.790000915527344,3448200.0
2022-09-14,60.84000015258789,61.15999984741211,59.65999984741211,60.130001068115234,4152100.0
2022-09-15,60.22999954223633,60.38999938964844,59.4900016784668,59.560001373291016,3436300.0
2022-09-16,59.41999816894531,59.59000015258789,58.619998931884766,59.5,7803100.0
2022-09-19,58.95000076293945,60.380001068115234,58.77000045776367,60.369998931884766,1803800.0
2022-09-20,60.08000183105469,60.720001220703125,59.70000076293945,60.529998779296875,2580300.0
2022-09-21,61.0,61.20000076293945,59.790000915527344,59.790000915527344,2754100.0
2022-09-22,60.150001525878906,60.150001525878906,58.61000061035156,58.66999816894531,2441600.0
2022-09-23,58.11000061035156,58.349998474121094,57.06999969482422,57.790000915527344,2711100.0
2022-09-26,57.400001525878906,57.91999816894531,56.56999969482422,56.83000183105469,2511700.0
2022-09-27,57.31999969482422,57.5,56.029998779296875,56.56999969482422,2277200.0
2022-09-28,56.380001068115234,57.58000183105469,56.11000061035156,57.209999084472656,2526700.0
2022-09-29,56.84000015258789,57.099998474121094,56.040000915527344,56.58000183105469,2435600.0
2022-09-30,56.790000915527344,57.439998626708984,56.06999969482422,56.20000076293945,2931800.0
2022-10-03,56.880001068115234,58.04999923706055,56.119998931884766,57.86000061035156,2319600.0
2022-10-04,58.459999084472656,60.04999923706055,58.15999984741211,60.0099983215332,2381000.0
2022-10-05,59.31999969482422,60.02000045776367,59.20000076293945,59.66999816894531,1659400.0
2022-10-06,59.36000061035156,59.7599983215332,59.040000915527344,59.13999938964844,1811800.0
2022-10-07,58.79999923706055,58.97999954223633,57.310001373291016,57.689998626708984,2404300.0
2022-10-10,58.209999084472656,58.88999938964844,57.5,58.02000045776367,1946300.0
2022-10-11,57.79999923706055,58.9900016784668,57.689998626708984,58.099998474121094,2595700.0
2022-10-12,58.02000045776367,58.470001220703125,57.38999938964844,57.40999984741211,2034600.0
2022-10-13,56.599998474121094,59.849998474121094,56.2599983215332,59.689998626708984,2639200.0
2022-10-14,60.0099983215332,60.810001373291016,58.970001220703125,59.130001068115234,2437400.0
2022-10-17,60.040000915527344,60.45000076293945,59.27000045776367,59.630001068115234,2361500.0
2022-10-18,60.70000076293945,60.88999938964844,59.470001220703125,60.189998626708984,2283700.0
2022-10-19,59.95000076293945,60.5,59.459999084472656,60.13999938964844,1765300.0
2022-10-20,60.0,60.33000183105469,58.91999816894531,59.150001525878906,2243700.0
2022-10-21,59.33000183105469,61.060001373291016,59.18000030517578,60.970001220703125,2486000.0
2022-10-24,61.18000030517578,62.189998626708984,60.95000076293945,61.880001068115234,2352900.0
2022-10-25,61.40999984741211,62.13999938964844,61.27000045776367,61.95000076293945,2461900.0
2022-10-26,62.310001373291016,62.900001525878906,61.90999984741211,61.959999084472656,2276300.0
2022-10-27,62.400001525878906,63.31999969482422,62.36000061035156,62.70000076293945,2345800.0
2022-10-28,63.0099983215332,64.81999969482422,62.88999938964844,64.79000091552734,2583400.0
2022-10-31,64.62000274658203,65.30999755859375,64.19999694824219,65.11000061035156,5193600.0
2022-11-01,64.97000122070312,66.87999725341797,64.36000061035156,66.80999755859375,3874700.0
2022-11-02,66.55999755859375,68.12000274658203,66.2300033569336,66.69000244140625,3970400.0
2022-11-03,65.94999694824219,66.36000061035156,65.38999938964844,65.97000122070312,2881100.0
2022-11-04,66.88999938964844,67.91999816894531,66.30999755859375,67.18000030517578,2906400.0
2022-11-07,67.38999938964844,67.94000244140625,66.75,67.81999969482422,2011900.0
2022-11-08,67.5199966430664,68.4800033569336,66.9000015258789,67.9800033569336,2100400.0
2022-11-09,68.2300033569336,68.9000015258789,67.45999908447266,67.5199966430664,3055100.0
2022-11-10,69.0,70.0999984741211,68.29000091552734,69.97000122070312,3500400.0
2022-11-11,70.25,70.70999908447266,69.30000305175781,70.30000305175781,3278900.0
2022-11-14,70.16000366210938,70.79000091552734,68.69000244140625,68.70999908447266,4359500.0
2022-11-15,69.12000274658203,70.76000213623047,69.12000274658203,70.2300033569336,3743500.0
2022-11-16,70.68000030517578,71.37000274658203,70.47000122070312,70.80999755859375,2649600.0
2022-11-17,70.01000213623047,70.69000244140625,69.80000305175781,70.58999633789062,1875100.0
2022-11-18,71.41000366210938,71.93000030517578,70.55000305175781,70.94000244140625,3031500.0
2022-11-21,70.91000366210938,71.48999786376953,70.62000274658203,71.37000274658203,2484400.0
2022-11-22,71.70999908447266,72.43000030517578,71.02999877929688,71.98999786376953,3042100.0
2022-11-23,71.73999786376953,72.54000091552734,71.56999969482422,72.0,1882600.0
2022-11-25,72.19000244140625,72.69999694824219,72.0999984741211,72.5,1048100.0
2022-11-28,71.88999938964844,72.30999755859375,70.80000305175781,70.98999786376953,2792600.0
2022-11-29,70.45999908447266,71.30000305175781,70.45999908447266,70.87999725341797,3089100.0
2022-11-30,70.56999969482422,72.44000244140625,69.9000015258789,71.93000030517578,5708900.0
2022-12-01,72.44999694824219,72.4800033569336,71.61000061035156,71.91000366210938,2177700.0
2022-12-02,71.4800033569336,72.38999938964844,70.9800033569336,72.33999633789062,1892300.0
2022-12-05,71.80999755859375,71.9000015258789,70.69999694824219,71.04000091552734,2384000.0
2022-12-06,71.05000305175781,71.41999816894531,70.44000244140625,71.08999633789062,2414300.0
2022-12-07,70.83999633789062,72.0199966430664,70.38999938964844,71.19999694824219,2171500.0
2022-12-08,71.5999984741211,71.68000030517578,70.08000183105469,70.31999969482422,2381500.0
2022-12-09,70.05000305175781,70.66999816894531,69.79000091552734,69.95999908447266,1734000.0
2022-12-12,69.9000015258789,70.91999816894531,69.37000274658203,70.81999969482422,2524700.0
2022-12-13,71.87999725341797,72.06999969482422,70.2300033569336,70.66999816894531,3011900.0
2022-12-14,70.7699966430664,71.55999755859375,70.05999755859375,70.38999938964844,2635400.0
2022-12-15,69.62999725341797,69.79000091552734,68.83999633789062,69.33000183105469,2698200.0
2022-12-16,68.41999816894531,69.29000091552734,68.29000091552734,69.0199966430664,7069500.0
2022-12-19,69.2300033569336,69.7699966430664,68.43000030517578,68.91999816894531,2867700.0
2022-12-20,69.23999786376953,70.81999969482422,69.16000366210938,70.66000366210938,3429000.0
2022-12-21,71.20999908447266,72.19999694824219,70.7300033569336,71.45999908447266,2670900.0
2022-12-22,71.38999938964844,71.5,70.29000091552734,70.91000366210938,2236900.0
2022-12-23,70.91000366210938,71.80999755859375,70.91000366210938,71.75,1471200.0
2022-12-27,72.0,72.62000274658203,71.75,72.23999786376953,1699400.0
2022-12-28,72.5,72.5,71.45999908447266,71.47000122070312,1618900.0
2022-12-29,71.7699966430664,72.37999725341797,71.61000061035156,72.08000183105469,1588400.0
2022-12-30,71.66000366210938,72.16000366210938,71.43000030517578,71.94000244140625,1422300.0
2023-01-03,71.9800033569336,72.33999633789062,71.18000030517578,71.58000183105469,3314300.0
2023-01-04,72.22000122070312,72.44000244140625,71.66999816894531,71.91999816894531,3503700.0
2023-01-05,71.80000305175781,72.11000061035156,71.19999694824219,71.5,2819100.0
2023-01-06,72.1500015258789,74.0199966430664,71.5,73.83999633789062,3174600.0
2023-01-09,73.5,73.6500015258789,71.43000030517578,71.44999694824219,3401400.0
2023-01-10,71.73999786376953,72.25,71.3499984741211,72.0,2109900.0
2023-01-11,71.9800033569336,72.29000091552734,71.4000015258789,71.91000366210938,2491800.0
2023-01-12,72.12999725341797,72.41000366210938,71.55000305175781,71.80000305175781,2054800.0
2023-01-13,71.31999969482422,72.91000366210938,70.72000122070312,72.8499984741211,1981000.0
2023-01-17,72.91000366210938,73.08000183105469,72.12999725341797,72.44000244140625,3291900.0
2023-01-18,72.38999938964844,72.94000244140625,71.77999877929688,71.87999725341797,2548600.0
2023-01-19,71.5999984741211,71.80000305175781,70.66999816894531,70.68000030517578,2393700.0
2023-01-20,70.9800033569336,71.11000061035156,70.02999877929688,71.05000305175781,8969500.0
2023-01-23,71.04000091552734,72.04000091552734,70.77999877929688,71.54000091552734,2487600.0
2023-01-24,72.12000274658203,72.81999969482422,70.80000305175781,72.80000305175781,2339600.0
2023-01-25,72.44999694824219,73.11000061035156,72.19000244140625,73.08999633789062,2451200.0
2023-01-26,73.19999694824219,73.37000274658203,72.0199966430664,72.95999908447266,2882000.0
2023-01-27,72.9800033569336,73.2699966430664,72.55999755859375,72.91000366210938,2350800.0
2023-01-30,72.6500015258789,73.5999984741211,72.11000061035156,73.04000091552734,1777000.0
2023-01-31,73.02999877929688,73.56999969482422,72.29000091552734,73.5,4730100.0
2023-02-01,73.3499984741211,73.75,72.63999938964844,73.27999877929688,3162800.0
2023-02-02,73.55999755859375,73.55999755859375,68.36000061035156,68.9000015258789,5568800.0
2023-02-03,68.61000061035156,69.86000061035156,68.58999633789062,69.38999938964844,3333400.0
2023-02-06,69.19000244140625,69.7300033569336,68.6500015258789,69.58000183105469,2183100.0
2023-02-07,69.06999969482422,70.26000213623047,69.04000091552734,69.94999694824219,2203500.0
2023-02-08,69.61000061035156,70.88999938964844,69.26000213623047,70.45999908447266,2220100.0
2023-02-09,70.91000366210938,71.13999938964844,69.55000305175781,69.62999725341797,1900700.0
2023-02-10,69.63999938964844,69.94000244140625,69.43000030517578,69.87999725341797,1674700.0
2023-02-13,69.80999755859375,71.12999725341797,69.5999984741211,71.01000213623047,2268700.0
2023-02-14,70.36000061035156,70.58999633789062,69.16999816894531,69.20999908447266,2497700.0
2023-02-15,68.83999633789062,69.31999969482422,68.61000061035156,69.2699966430664,1621400.0
2023-02-16,68.66000366210938,69.7300033569336,68.5199966430664,69.12999725341797,1699600.0
2023-02-17,69.0,69.55000305175781,68.94999694824219,69.37000274658203,1770600.0
2023-02-21,68.95999908447266,69.12999725341797,67.83000183105469,68.12999725341797,1859200.0
2023-02-22,68.11000061035156,68.61000061035156,67.81999969482422,68.36000061035156,2030700.0
2023-02-23,68.62999725341797,69.12000274658203,67.5999984741211,68.0,1997900.0
2023-02-24,67.58999633789062,68.79000091552734,67.5199966430664,68.56999969482422,1814700.0
2023-02-27,68.68000030517578,69.13999938964844,68.11000061035156,68.2300033569336,1764700.0
2023-02-28,68.43000030517578,68.75,68.0199966430664,68.1500015258789,3066800.0
2023-03-01,68.19000244140625,69.22000122070312,67.93000030517578,68.12000274658203,2466500.0
2023-03-02,67.80000305175781,67.98999786376953,66.75,67.55999755859375,1984200.0
2023-03-03,67.29000091552734,68.5999984741211,67.19999694824219,68.44000244140625,1850400.0
2023-03-06,68.37000274658203,68.79000091552734,68.13999938964844,68.22000122070312,2146800.0
2023-03-07,68.33999633789062,68.37999725341797,66.76000213623047,67.05999755859375,1876500.0
2023-03-08,67.16000366210938,67.20999908447266,65.54000091552734,66.12000274658203,2332200.0
2023-03-09,66.2300033569336,66.5,64.52999877929688,64.83999633789062,3232300.0
2023-03-10,64.3499984741211,65.05999755859375,63.7400016784668,64.02999877929688,3614900.0
2023-03-13,62.650001525878906,63.65999984741211,61.70000076293945,62.15999984741211,5132800.0
2023-03-14,63.43000030517578,64.08000183105469,62.58000183105469,63.119998931884766,3372700.0
2023-03-15,61.36000061035156,61.65999984741211,60.20000076293945,61.2400016784668,3520700.0
2023-03-16,60.650001525878906,62.849998474121094,60.31999969482422,62.47999954223633,3083900.0
2023-03-17,62.220001220703125,62.220001220703125,60.689998626708984,61.290000915527344,7354500.0
2023-03-20,61.7599983215332,63.790000915527344,61.16999816894531,63.380001068115234,3125300.0
2023-03-21,64.68000030517578,65.16000366210938,64.47000122070312,64.69999694824219,2911600.0
2023-03-22,64.80999755859375,64.97000122070312,63.119998931884766,63.130001068115234,2015900.0
2023-03-23,62.81999969482422,63.52000045776367,62.16999816894531,62.529998779296875,2193900.0
2023-03-24,61.7599983215332,63.0,61.29999923706055,62.880001068115234,2163600.0
2023-03-27,63.7599983215332,64.0999984741211,62.93000030517578,63.11000061035156,2321100.0
2023-03-28,63.27000045776367,63.630001068115234,62.95000076293945,63.560001373291016,1667400.0
2023-03-29,64.33999633789062,64.4800033569336,63.720001220703125,64.29000091552734,1682800.0
2023-03-30,64.66999816894531,64.79000091552734,63.90999984741211,64.29000091552734,1905000.0
2023-03-31,64.51000213623047,64.66999816894531,64.0,64.5199966430664,2709800.0
2023-04-03,64.44999694824219,65.18000030517578,64.08000183105469,64.66000366210938,2457300.0
2023-04-04,65.0999984741211,65.0999984741211,63.459999084472656,63.90999984741211,1915400.0
2023-04-05,63.47999954223633,64.73999786376953,63.08000183105469,64.45999908447266,2229900.0
2023-04-06,64.61000061035156,64.80000305175781,64.12000274658203,64.55999755859375,2355700.0
2023-04-10,64.30999755859375,64.9800033569336,64.05999755859375,64.97000122070312,1784900.0
2023-04-11,65.0,65.98999786376953,64.87999725341797,65.70999908447266,1888800.0
2023-04-12,65.9800033569336,66.51000213623047,65.52999877929688,65.9800033569336,2309200.0
2023-04-13,65.77999877929688,66.45999908447266,65.61000061035156,66.30000305175781,2643000.0
2023-04-14,66.55000305175781,66.9000015258789,65.81999969482422,66.20999908447266,2078700.0
2023-04-17,65.94000244140625,66.58999633789062,65.30999755859375,66.56999969482422,2283600.0
2023-04-18,66.6500015258789,67.1500015258789,66.38999938964844,66.88999938964844,2100400.0
2023-04-19,67.11000061035156,67.30000305175781,66.66000366210938,66.94000244140625,1862100.0
2023-04-20,66.9000015258789,67.08000183105469,66.19000244140625,66.4800033569336,1621800.0
2023-04-21,66.44000244140625,66.48999786376953,65.04000091552734,65.9800033569336,2276100.0
2023-04-24,65.91000366210938,66.33999633789062,65.80000305175781,66.08000183105469,1868900.0
2023-04-25,65.80999755859375,66.19000244140625,65.27999877929688,65.7699966430664,2350900.0
2023-04-26,65.27999877929688,65.93000030517578,64.88999938964844,65.38999938964844,2768900.0
2023-04-27,65.5999984741211,69.56999969482422,64.94000244140625,69.47000122070312,3767000.0
2023-04-28,69.43000030517578,70.37000274658203,68.52999877929688,69.8499984741211,4197900.0
2023-05-01,69.8499984741211,70.69000244140625,69.22000122070312,70.36000061035156,2877100.0
2023-05-02,69.56999969482422,69.62000274658203,68.12000274658203,68.63999938964844,3025700.0
2023-05-03,68.83999633789062,69.16000366210938,67.33000183105469,67.36000061035156,2025800.0
2023-05-04,66.88999938964844,66.9000015258789,65.16999816894531,66.81999969482422,3509700.0
2023-05-05,67.69000244140625,68.2699966430664,67.01000213623047,67.58999633789062,2460800.0
2023-05-08,68.05999755859375,68.27999877929688,67.56999969482422,67.63999938964844,1620500.0
2023-05-09,67.52999877929688,67.88999938964844,67.04000091552734,67.41999816894531,1440000.0
2023-05-10,67.56999969482422,67.79000091552734,66.13999938964844,66.72000122070312,2187900.0
2023-05-11,66.11000061035156,66.7699966430664,65.80999755859375,66.66999816894531,2324000.0
2023-05-12,66.80000305175781,67.08999633789062,65.58999633789062,66.11000061035156,1688600.0
2023-05-15,66.12999725341797,66.4000015258789,65.80000305175781,66.08999633789062,2010900.0
2023-05-16,65.62000274658203,65.79000091552734,65.01000213623047,65.16000366210938,1751300.0
2023-05-17,65.54000091552734,66.69000244140625,65.41999816894531,66.19000244140625,2030400.0
2023-05-18,66.19000244140625,67.05999755859375,65.91999816894531,66.91000366210938,1755900.0
2023-05-19,67.44999694824219,67.58000183105469,66.61000061035156,66.87999725341797,2024000.0
2023-05-22,66.83999633789062,67.20999908447266,66.22000122070312,66.58000183105469,1995200.0
2023-05-23,66.69999694824219,66.93000030517578,66.0199966430664,66.04000091552734,1924100.0
2023-05-24,65.5,65.76000213623047,64.48999786376953,64.55999755859375,2457100.0
2023-05-25,64.54000091552734,65.08000183105469,64.33999633789062,64.61000061035156,1835700.0
2023-05-26,64.55000305175781,65.19000244140625,64.47000122070312,64.48999786376953,2149900.0
2023-05-30,64.5199966430664,65.30000305175781,64.16999816894531,65.23999786376953,2855500.0
2023-05-31,64.98999786376953,65.16000366210938,64.0999984741211,64.20999908447266,4414000.0
2023-06-01,64.66999816894531,64.91000366210938,64.30000305175781,64.69000244140625,2786000.0
2023-06-02,65.41999816894531,66.80000305175781,65.30999755859375,66.5999984741211,2642200.0
2023-06-05,66.9000015258789,67.5999984741211,66.86000061035156,67.12999725341797,1950900.0
2023-06-06,67.44999694824219,67.79000091552734,67.08999633789062,67.66999816894531,1865800.0
2023-06-07,67.7300033569336,68.62000274658203,67.44000244140625,68.4000015258789,1906800.0
2023-06-08,68.23999786376953,68.37999725341797,67.51000213623047,68.20999908447266,1925300.0
2023-06-09,68.30999755859375,69.08000183105469,68.04000091552734,68.97000122070312,1741300.0
2023-06-12,68.75,69.0999984741211,68.13999938964844,68.73999786376953,1569600.0
2023-06-13,68.72000122070312,69.86000061035156,68.12999725341797,69.4000015258789,3324000.0
2023-06-14,69.6500015258789,70.22000122070312,68.56999969482422,68.76000213623047,2470700.0
2023-06-15,68.66999816894531,69.83000183105469,68.5,69.76000213623047,2095600.0
2023-06-16,69.87999725341797,70.27999877929688,69.31999969482422,69.43000030517578,5587600.0
2023-06-20,68.91999816894531,69.0,67.72000122070312,67.80000305175781,2914900.0
2023-06-21,67.19999694824219,67.97000122070312,66.58000183105469,67.52999877929688,2960500.0
2023-06-22,67.5199966430664,67.70999908447266,67.0999984741211,67.54000091552734,1807300.0
2023-06-23,67.2300033569336,67.66000366210938,66.91000366210938,67.13999938964844,2967700.0
2023-06-26,67.16000366210938,67.95999908447266,67.0199966430664,67.58000183105469,1627000.0
2023-06-27,67.77999877929688,68.70999908447266,67.12000274658203,68.5,1491000.0
2023-06-28,68.16000366210938,68.52999877929688,67.66999816894531,68.37999725341797,2125600.0
2023-06-29,68.44999694824219,69.22000122070312,68.33999633789062,69.12000274658203,1489300.0
2023-06-30,69.44000244140625,70.0,69.26000213623047,69.80000305175781,1890400.0
2023-07-03,69.5999984741211,70.55999755859375,69.45999908447266,70.19000244140625,952900.0
2023-07-05,69.45999908447266,70.16000366210938,69.20999908447266,69.91000366210938,2407700.0
2023-07-06,69.45999908447266,69.73999786376953,69.08999633789062,69.63999938964844,2383000.0
2023-07-07,69.51000213623047,70.6500015258789,69.0199966430664,70.04000091552734,2608400.0
2023-07-10,70.04000091552734,70.22000122070312,69.31999969482422,69.56999969482422,2174700.0
2023-07-11,69.62000274658203,70.55999755859375,69.58000183105469,70.5,2255200.0
2023-07-12,70.98999786376953,71.05000305175781,70.01000213623047,70.25,2404500.0
2023-07-13,69.91000366210938,70.25,69.58999633789062,69.94999694824219,1826800.0
2023-07-14,70.08999633789062,70.19999694824219,69.11000061035156,69.58000183105469,1686100.0
2023-07-17,69.38999938964844,70.80999755859375,69.0,70.37999725341797,1525200.0
2023-07-18,70.4800033569336,71.1500015258789,69.91999816894531,70.94000244140625,1643000.0
2023-07-19,70.72000122070312,71.44999694824219,70.44000244140625,71.31999969482422,1883900.0
2023-07-20,71.66000366210938,72.41999816894531,71.3499984741211,72.38999938964844,1799300.0
2023-07-21,72.58000183105469,72.81999969482422,72.01000213623047,72.41000366210938,2199000.0
2023-07-24,72.47000122070312,73.05000305175781,72.27999877929688,72.45999908447266,1590100.0
2023-07-25,72.2699966430664,72.61000061035156,72.02999877929688,72.5,2013400.0
2023-07-26,72.58000183105469,73.26000213623047,72.13999938964844,72.7699966430664,1873900.0
2023-07-27,72.95999908447266,73.06999969482422,72.05000305175781,72.05999755859375,2160100.0
2023-07-28,72.45999908447266,72.69999694824219,71.97000122070312,72.38999938964844,1800100.0
2023-07-31,72.44000244140625,72.80000305175781,71.97000122070312,72.33999633789062,2987200.0
2023-08-01,72.44000244140625,72.68000030517578,72.08999633789062,72.11000061035156,2210100.0
2023-08-02,74.4000015258789,77.33000183105469,73.0,76.23999786376953,5006700.0
2023-08-03,76.56999969482422,77.33000183105469,75.68000030517578,77.05000305175781,2800600.0
2023-08-04,77.36000061035156,78.22000122070312,76.52999877929688,76.8499984741211,2607800.0
2023-08-07,77.11000061035156,78.43000030517578,77.05999755859375,77.94999694824219,2302500.0
2023-08-08,77.29000091552734,77.55000305175781,76.52999877929688,77.05999755859375,3302700.0
2023-08-09,77.30000305175781,77.30000305175781,75.56999969482422,75.66999816894531,2995800.0
2023-08-10,76.08000183105469,76.79000091552734,75.47000122070312,75.70999908447266,1850100.0
2023-08-11,75.58000183105469,76.52999877929688,75.41999816894531,76.44999694824219,1676400.0
2023-08-14,76.47000122070312,76.83000183105469,76.12000274658203,76.63999938964844,1817700.0
2023-08-15,76.0999984741211,76.19999694824219,75.62999725341797,75.7300033569336,1934500.0
2023-08-16,75.51000213623047,76.41000366210938,75.51000213623047,75.83000183105469,1608000.0
2023-08-17,76.18000030517578,76.69999694824219,75.55000305175781,75.61000061035156,1664700.0
2023-08-18,74.94000244140625,75.69000244140625,74.47000122070312,74.8499984741211,2864400.0
2023-08-21,74.91000366210938,75.01000213623047,74.18000030517578,74.44999694824219,2053300.0
2023-08-22,74.02999877929688,74.31999969482422,73.36000061035156,73.38999938964844,1522000.0
2023-08-23,73.58000183105469,73.58000183105469,72.77999877929688,73.16999816894531,2482700.0
2023-08-24,73.0,74.56999969482422,72.94999694824219,74.30999755859375,2029700.0
2023-08-25,74.52999877929688,74.69999694824219,73.7300033569336,74.25,1550100.0
2023-08-28,74.18000030517578,74.91000366210938,73.80000305175781,74.58000183105469,1419200.0
2023-08-29,74.80000305175781,74.8499984741211,73.94999694824219,74.66000366210938,1476400.0
2023-08-30,74.98999786376953,75.52999877929688,74.6500015258789,74.68000030517578,1918100.0
2023-08-31,74.83999633789062,75.41999816894531,74.47000122070312,74.56999969482422,2774400.0
2023-09-01,74.83000183105469,75.20999908447266,74.63999938964844,74.7699966430664,1758300.0
2023-09-05,74.61000061035156,75.4800033569336,74.16999816894531,74.19999694824219,2680200.0
2023-09-06,74.02999877929688,74.44000244140625,73.62000274658203,74.2300033569336,2240900.0
2023-09-07,73.79000091552734,75.29000091552734,73.79000091552734,74.6500015258789,3171100.0
2023-09-08,74.73999786376953,74.94000244140625,74.2699966430664,74.83000183105469,2035400.0
2023-09-11,75.12999725341797,75.93000030517578,75.01000213623047,75.58999633789062,1880600.0
2023-09-12,75.66999816894531,76.72000122070312,75.5999984741211,76.2699966430664,1894300.0
2023-09-13,76.5199966430664,76.5999984741211,76.0999984741211,76.38999938964844,2334700.0
2023-09-14,77.0,77.41999816894531,76.52999877929688,77.30999755859375,2855000.0
2023-09-15,76.80000305175781,77.08999633789062,76.1500015258789,76.51000213623047,5220700.0
2023-09-18,76.48999786376953,77.0,75.63999938964844,76.91999816894531,2089000.0
2023-09-19,77.0999984741211,77.52999877929688,76.41999816894531,77.37000274658203,2100300.0
2023-09-20,77.52999877929688,78.0,77.02999877929688,77.1500015258789,1668400.0
2023-09-21,76.98999786376953,77.13999938964844,76.0199966430664,76.16000366210938,2337000.0
2023-09-22,76.13999938964844,76.75,75.66000366210938,76.30999755859375,1456800.0
2023-09-25,76.0999984741211,76.98999786376953,76.0199966430664,76.79000091552734,1559200.0
2023-09-26,77.2300033569336,77.38999938964844,76.25,76.44000244140625,1793800.0
2023-09-27,76.56999969482422,77.16999816894531,75.93000030517578,77.02999877929688,2345900.0
2023-09-28,77.12000274658203,77.7699966430664,76.51000213623047,77.66999816894531,2008900.0
2023-09-29,77.69999694824219,77.69999694824219,76.33999633789062,76.75,2916900.0
2023-10-02,76.62999725341797,76.83999633789062,75.72000122070312,76.47000122070312,2333300.0
2023-10-03,75.6500015258789,76.43000030517578,75.1500015258789,75.43000030517578,2157600.0
2023-10-04,75.36000061035156,76.13999938964844,74.88999938964844,76.06999969482422,2019500.0
2023-10-05,75.94000244140625,76.94000244140625,75.66000366210938,76.44000244140625,1946200.0
2023-10-06,76.44000244140625,77.72000122070312,76.0999984741211,77.5999984741211,2842600.0
2023-10-09,77.5999984741211,78.2699966430664,77.41000366210938,78.19000244140625,1845000.0
2023-10-10,78.19000244140625,79.02999877929688,78.06999969482422,78.81999969482422,3145500.0
2023-10-11,79.01000213623047,79.8499984741211,78.69999694824219,79.80000305175781,3089800.0
2023-10-12,80.0,80.5,79.31999969482422,79.86000061035156,2704700.0
2023-10-13,80.26000213623047,81.01000213623047,79.97000122070312,80.25,1937900.0
2023-10-16,80.56999969482422,81.75,80.25,81.08999633789062,2096300.0
2023-10-17,80.88999938964844,82.02999877929688,80.70999908447266,81.4000015258789,1910600.0
2023-10-18,81.26000213623047,81.62999725341797,80.27999877929688,80.3499984741211,2047300.0
2023-10-19,80.19999694824219,80.73999786376953,79.41999816894531,79.55000305175781,2173000.0
2023-10-20,79.30999755859375,79.31999969482422,76.77999877929688,77.58000183105469,3527100.0
2023-10-23,77.75,77.94000244140625,77.1500015258789,77.16000366210938,1963700.0
2023-10-24,77.66999816894531,78.2300033569336,77.4000015258789,77.76000213623047,1636500.0
2023-10-25,77.97000122070312,78.93000030517578,77.47000122070312,78.26000213623047,2306800.0
2023-10-26,78.48999786376953,79.23999786376953,77.45999908447266,77.5199966430664,2494600.0
2023-10-27,77.31999969482422,77.56999969482422,75.93000030517578,76.48999786376953,2508100.0
2023-10-30,77.0,77.7300033569336,76.88999938964844,77.4000015258789,2081400.0
2023-10-31,77.55999755859375,78.3499984741211,77.08999633789062,78.11000061035156,6776100.0
2023-11-01,78.30000305175781,79.29000091552734,77.72000122070312,79.05000305175781,3770100.0
2023-11-02,79.05000305175781,81.75,78.68000030517578,81.7300033569336,3220400.0
2023-11-03,81.97000122070312,82.72000122070312,81.22000122070312,82.2300033569336,2707000.0
2023-11-06,82.2300033569336,82.4800033569336,80.68000030517578,81.4000015258789,2404400.0
2023-11-07,81.36000061035156,81.36000061035156,80.51000213623047,80.9800033569336,2258100.0
2023-11-08,80.95999908447266,81.41999816894531,80.1500015258789,80.31999969482422,2189300.0
2023-11-09,80.31999969482422,81.27999877929688,80.23999786376953,80.9000015258789,1601200.0
2023-11-10,81.2300033569336,81.69000244140625,81.12999725341797,81.4800033569336,1626400.0
2023-11-13,81.12999725341797,81.87000274658203,80.66000366210938,81.43000030517578,1831200.0
2023-11-14,81.5,82.16000366210938,81.06999969482422,81.81999969482422,2680600.0
2023-11-15,81.72000122070312,82.08999633789062,80.41000366210938,80.41999816894531,2900100.0
2023-11-16,80.55000305175781,81.58000183105469,80.43000030517578,81.11000061035156,2326000.0
2023-11-17,81.29000091552734,81.95999908447266,81.0999984741211,81.7699966430664,1831100.0
2023-11-20,81.2300033569336,81.62000274658203,80.80000305175781,81.16999816894531,2403200.0
2023-11-21,81.31999969482422,82.41999816894531,81.0,81.9000015258789,1924800.0
2023-11-22,82.0199966430664,82.72000122070312,81.6500015258789,82.43000030517578,1621300.0
2023-11-24,82.6500015258789,83.44999694824219,82.48999786376953,82.94000244140625,895100.0
2023-11-27,82.87000274658203,83.0999984741211,82.47000122070312,82.97000122070312,2021500.0
2023-11-28,82.83999633789062,83.02999877929688,82.16999816894531,82.18000030517578,2181200.0
2023-11-29,82.23999786376953,82.51000213623047,81.61000061035156,81.62999725341797,2158200.0
2023-11-30,81.81999969482422,83.02999877929688,81.30999755859375,82.70999908447266,6219400.0
2023-12-01,82.26000213623047,83.08999633789062,82.01000213623047,82.61000061035156,2016200.0
2023-12-04,82.30999755859375,83.33000183105469,82.08999633789062,82.7300033569336,2217300.0
2023-12-05,82.5999984741211,83.20999908447266,82.3499984741211,82.61000061035156,3017900.0
2023-12-06,82.80000305175781,83.08999633789062,81.5,81.7300033569336,1827900.0
2023-12-07,82.0199966430664,82.45999908447266,81.81999969482422,82.0,1798400.0
2023-12-08,82.0,82.61000061035156,81.81999969482422,82.55000305175781,1729300.0
2023-12-11,82.69999694824219,83.38999938964844,82.5,83.11000061035156,1571500.0
2023-12-12,83.0999984741211,84.37999725341797,82.93000030517578,84.3499984741211,2814600.0
2023-12-13,84.0199966430664,84.63999938964844,83.72000122070312,84.02999877929688,2512900.0
2023-12-14,84.06999969482422,84.16999816894531,80.70999908447266,81.27999877929688,3841600.0
2023-12-15,80.8499984741211,81.02999877929688,79.97000122070312,80.56999969482422,6747500.0
2023-12-18,80.95999908447266,81.55000305175781,80.41999816894531,81.29000091552734,2282800.0
2023-12-19,81.30999755859375,82.23999786376953,80.80999755859375,82.0999984741211,2032300.0
2023-12-20,81.58999633789062,81.98999786376953,80.66000366210938,80.72000122070312,2133700.0
2023-12-21,80.83999633789062,81.47000122070312,80.61000061035156,81.20999908447266,1632400.0
2023-12-22,81.51000213623047,81.8499984741211,80.5999984741211,81.44999694824219,1135300.0
2023-12-26,81.22000122070312,81.97000122070312,80.95999908447266,81.72000122070312,878900.0
2023-12-27,81.47000122070312,81.95999908447266,81.29000091552734,81.91000366210938,1149900.0
2023-12-28,81.86000061035156,82.58999633789062,81.58000183105469,82.11000061035156,1411900.0
2023-12-29,82.2300033569336,82.63999938964844,82.0,82.5,1390600.0
2024-01-02,82.55000305175781,83.30000305175781,82.29000091552734,83.27999877929688,1888000.0
2024-01-03,83.37000274658203,83.93000030517578,82.66000366210938,83.19000244140625,2042300.0
2024-01-04,82.7300033569336,83.52999877929688,82.1500015258789,82.30000305175781,2470500.0
2024-01-05,82.45999908447266,82.83000183105469,82.20999908447266,82.72000122070312,1920600.0
2024-01-08,82.51000213623047,82.91999816894531,81.55999755859375,82.87000274658203,1416500.0
2024-01-09,82.58000183105469,82.58000183105469,80.16000366210938,80.55000305175781,2851800.0
2024-01-10,81.0999984741211,82.68000030517578,80.41000366210938,82.63999938964844,2058900.0
2024-01-11,82.62000274658203,82.80000305175781,81.83999633789062,82.69000244140625,1587000.0
2024-01-12,82.91999816894531,83.0,82.2699966430664,82.73999786376953,1086400.0
2024-01-16,82.47000122070312,82.75,82.0999984741211,82.52999877929688,1336100.0
2024-01-17,82.38999938964844,83.48999786376953,82.0,82.83000183105469,1175200.0
2024-01-18,82.47000122070312,83.69999694824219,82.0,83.61000061035156,1459100.0
2024-01-19,84.23999786376953,84.44999694824219,83.38999938964844,84.37000274658203,2250300.0
2024-01-22,84.5,84.98999786376953,84.31999969482422,84.5,1808700.0
2024-01-23,84.08000183105469,84.86000061035156,83.80000305175781,84.63999938964844,1200900.0
2024-01-24,85.16999816894531,85.48999786376953,84.70999908447266,85.0,1559100.0
2024-01-25,85.25,85.38999938964844,84.4800033569336,84.88999938964844,1372600.0
2024-01-26,85.08000183105469,85.37999725341797,84.44999694824219,85.30999755859375,1168000.0
2024-01-29,84.93000030517578,85.30000305175781,84.06999969482422,84.58999633789062,1737600.0
2024-01-30,84.62000274658203,85.75,84.20999908447266,85.7300033569336,1663600.0
2024-01-31,86.0,86.19999694824219,84.29000091552734,84.33999633789062,2820000.0
2024-02-01,78.87000274658203,79.80000305175781,75.08000183105469,76.19999694824219,9777500.0
2024-02-02,76.91000366210938,77.62000274658203,76.19999694824219,76.81999969482422,4071300.0
2024-02-05,76.1500015258789,76.61000061035156,75.44000244140625,76.33000183105469,3068700.0
2024-02-06,76.19999694824219,77.38999938964844,75.69000244140625,76.91999816894531,3157100.0
2024-02-07,77.37000274658203,79.0199966430664,77.25,78.83000183105469,3192400.0
2024-02-08,78.62999725341797,78.97000122070312,77.41000366210938,78.11000061035156,1924900.0
2024-02-09,77.7300033569336,78.36000061035156,77.55999755859375,78.2300033569336,1950900.0
2024-02-12,78.0999984741211,78.91000366210938,78.0999984741211,78.51000213623047,2333400.0
2024-02-13,78.87000274658203,79.30999755859375,77.01000213623047,78.05999755859375,2973800.0
2024-02-14,78.2300033569336,79.06999969482422,78.19999694824219,78.91999816894531,1927600.0
2024-02-15,79.19000244140625,80.55000305175781,79.02999877929688,80.16999816894531,1894700.0
2024-02-16,79.91000366210938,80.27999877929688,79.3499984741211,79.37999725341797,2185600.0
2024-02-20,78.43000030517578,79.41999816894531,78.37999725341797,78.77999877929688,2173300.0
2024-02-21,79.27999877929688,79.62000274658203,78.5999984741211,79.26000213623047,2087800.0
2024-02-22,79.33999633789062,80.18000030517578,79.20999908447266,79.6500015258789,2073400.0
2024-02-23,79.70999908447266,80.55999755859375,79.54000091552734,80.41000366210938,1871000.0
2024-02-26,80.0999984741211,80.61000061035156,79.5999984741211,79.69999694824219,2056200.0
2024-02-27,79.56999969482422,80.30000305175781,79.41000366210938,80.20999908447266,1663000.0
2024-02-28,80.19999694824219,80.97000122070312,80.05999755859375,80.55999755859375,1759500.0
2024-02-29,80.97000122070312,81.26000213623047,80.33999633789062,80.73999786376953,4338000.0
2024-03-01,80.55999755859375,80.79000091552734,80.1500015258789,80.43000030517578,2197400.0
2024-03-04,79.79000091552734,79.80000305175781,78.62000274658203,79.73999786376953,2540300.0
2024-03-05,79.61000061035156,80.93000030517578,79.22000122070312,80.83000183105469,2033600.0
2024-03-06,81.1500015258789,82.20999908447266,80.63999938964844,82.16000366210938,1914500.0
2024-03-07,82.3499984741211,82.91000366210938,82.06999969482422,82.29000091552734,1534200.0
2024-03-08,82.51000213623047,82.69999694824219,82.0,82.11000061035156,1904200.0
2024-03-11,81.91000366210938,83.19000244140625,81.91000366210938,83.16999816894531,1739100.0
2024-03-12,83.02999877929688,83.44999694824219,82.45999908447266,82.94000244140625,1844300.0
2024-03-13,83.33000183105469,84.2300033569336,83.12999725341797,83.80000305175781,2268500.0
2024-03-14,84.25,84.26000213623047,82.95999908447266,83.56999969482422,2488000.0
2024-03-15,83.08999633789062,84.5,82.58000183105469,84.37000274658203,6153800.0
2024-03-18,84.44999694824219,85.16999816894531,83.8499984741211,84.48999786376953,2381800.0
2024-03-19,84.8499984741211,85.05000305175781,83.97000122070312,84.33999633789062,3025900.0
2024-03-20,84.0999984741211,85.12000274658203,83.95999908447266,84.9800033569336,2134000.0
2024-03-21,85.04000091552734,85.2300033569336,84.5199966430664,85.0199966430664,2063300.0
2024-03-22,85.11000061035156,85.22000122070312,84.1500015258789,84.16000366210938,1659700.0
2024-03-25,84.2300033569336,85.08999633789062,83.61000061035156,84.80999755859375,1585000.0
2024-03-26,84.58000183105469,85.33999633789062,84.33000183105469,84.94999694824219,1690200.0
2024-03-27,85.30000305175781,85.86000061035156,84.70999908447266,85.62000274658203,1819300.0
2024-03-28,86.0,86.26000213623047,85.66999816894531,85.86000061035156,2564000.0
2024-04-01,85.8499984741211,85.91000366210938,85.02999877929688,85.19000244140625,1360500.0
2024-04-02,85.2699966430664,85.80000305175781,84.72000122070312,84.93000030517578,1818000.0
2024-04-03,84.97000122070312,85.63999938964844,84.6500015258789,85.18000030517578,1397200.0
2024-04-04,85.5,86.05000305175781,84.05999755859375,84.36000061035156,1472100.0
2024-04-05,84.68000030517578,85.80000305175781,84.56999969482422,85.41999816894531,1888200.0
2024-04-08,85.38999938964844,85.68000030517578,84.93000030517578,85.13999938964844,1537100.0
2024-04-09,85.13999938964844,85.41000366210938,82.62000274658203,83.16999816894531,2500600.0
2024-04-10,82.68000030517578,83.48999786376953,82.5,82.91999816894531,2084200.0
2024-04-11,82.75,82.95999908447266,79.47000122070312,79.63999938964844,3399000.0
2024-04-12,79.45999908447266,80.76000213623047,79.30999755859375,80.27999877929688,2882700.0
2024-04-15,81.05999755859375,81.5199966430664,80.01000213623047,80.2699966430664,2437400.0
2024-04-16,80.45999908447266,80.80999755859375,79.69000244140625,80.43000030517578,2114300.0
2024-04-17,80.63999938964844,80.94999694824219,79.93000030517578,80.26000213623047,1961100.0
2024-04-18,80.97000122070312,81.33000183105469,80.11000061035156,80.9800033569336,2129900.0
2024-04-19,81.47000122070312,83.55000305175781,80.98999786376953,83.2300033569336,6558400.0
2024-04-22,83.69999694824219,84.06999969482422,83.01000213623047,83.5199966430664,1809300.0
2024-04-23,83.9800033569336,84.16000366210938,83.51000213623047,83.75,1764500.0
2024-04-24,83.4800033569336,84.45999908447266,83.26000213623047,84.27999877929688,2431500.0
2024-04-25,84.08999633789062,84.33999633789062,83.22000122070312,83.7300033569336,1849600.0
2024-04-26,83.43000030517578,83.86000061035156,83.11000061035156,83.61000061035156,1838800.0
2024-04-29,83.8499984741211,84.80000305175781,83.16000366210938,84.54000091552734,2001600.0
2024-04-30,84.08000183105469,84.5,83.62999725341797,83.6500015258789,2375300.0
2024-05-01,83.4000015258789,85.31999969482422,82.12000274658203,84.56999969482422,2334200.0
2024-05-02,83.75,84.55999755859375,80.58999633789062,84.04000091552734,4761600.0
2024-05-03,83.97000122070312,84.2699966430664,81.95999908447266,83.20999908447266,2938500.0
2024-05-06,83.80000305175781,85.0999984741211,83.2699966430664,84.7300033569336,1958000.0
2024-05-07,85.1500015258789,85.48999786376953,84.62999725341797,84.68000030517578,2293200.0
2024-05-08,84.83999633789062,85.25,84.37999725341797,84.83000183105469,1698700.0
2024-05-09,84.66000366210938,85.55999755859375,84.30000305175781,85.37999725341797,1314300.0
2024-05-10,85.75,86.16000366210938,85.43000030517578,86.08000183105469,1258600.0
2024-05-13,86.08000183105469,86.48999786376953,85.5,85.87000274658203,1759700.0
2024-05-14,85.87000274658203,86.58000183105469,85.54000091552734,86.30000305175781,1561100.0
2024-05-15,86.1500015258789,87.5999984741211,85.7699966430664,87.4800033569336,1964500.0
2024-05-16,87.97000122070312,88.08000183105469,87.0999984741211,87.13999938964844,1646700.0
2024-05-17,87.5199966430664,88.41000366210938,86.69999694824219,88.37000274658203,2300200.0
2024-05-20,88.51000213623047,88.58999633789062,87.55000305175781,87.69000244140625,1996200.0
2024-05-21,87.23999786376953,87.72000122070312,87.05999755859375,87.58999633789062,1357400.0
2024-05-22,87.41000366210938,87.8499984741211,87.20999908447266,87.66000366210938,1690800.0
2024-05-23,87.5,87.87000274658203,86.66000366210938,86.77999877929688,1827100.0
2024-05-24,86.98999786376953,87.70999908447266,86.6500015258789,87.69000244140625,1311000.0
2024-05-28,87.5,87.5,86.91999816894531,87.26000213623047,2230900.0
2024-05-29,86.9800033569336,87.5,86.55999755859375,87.18000030517578,1509500.0
2024-05-30,87.16000366210938,88.4000015258789,86.97000122070312,87.9800033569336,1566000.0
2024-05-31,88.0,89.91000366210938,88.0,89.87000274658203,4671800.0
2024-06-03,89.70999908447266,89.83000183105469,88.56999969482422,88.91000366210938,2285800.0
2024-06-04,88.4800033569336,89.23999786376953,87.83000183105469,88.04000091552734,2182100.0
2024-06-05,88.1500015258789,88.66999816894531,87.69999694824219,88.37999725341797,2032100.0
2024-06-06,88.44999694824219,89.01000213623047,87.91000366210938,88.3499984741211,1485600.0
2024-06-07,88.45999908447266,89.29000091552734,88.08000183105469,88.79000091552734,1683700.0
2024-06-10,88.66999816894531,88.75,87.94000244140625,88.4000015258789,2987000.0
2024-06-11,87.95999908447266,88.29000091552734,87.08000183105469,87.56999969482422,2193600.0
2024-06-12,87.69999694824219,88.29000091552734,87.12000274658203,88.19000244140625,1684400.0
2024-06-13,88.0,88.0,87.02999877929688,87.30999755859375,1584800.0
2024-06-14,86.69000244140625,87.30999755859375,86.45999908447266,87.04000091552734,1330700.0
2024-06-17,86.94000244140625,88.0,86.55000305175781,87.95999908447266,2632600.0
2024-06-18,87.87000274658203,89.01000213623047,87.68000030517578,88.98999786376953,2782800.0
2024-06-20,88.98999786376953,90.05000305175781,88.69999694824219,89.76000213623047,1652500.0
2024-06-21,89.7699966430664,90.23999786376953,89.52999877929688,89.66999816894531,5577500.0
2024-06-24,89.5,91.1500015258789,89.06999969482422,90.43000030517578,2108500.0
2024-06-25,90.43000030517578,90.93000030517578,89.79000091552734,90.01000213623047,1865800.0
2024-06-26,89.37000274658203,89.69999694824219,88.23999786376953,89.22000122070312,2686200.0
2024-06-27,89.3499984741211,89.36000061035156,88.70999908447266,89.16000366210938,1993800.0
2024-06-28,89.3499984741211,90.20999908447266,88.83000183105469,89.30999755859375,3455200.0
2024-07-01,89.81999969482422,90.2699966430664,88.9000015258789,89.05999755859375,1850600.0
2024-07-02,88.47000122070312,89.51000213623047,88.19999694824219,89.43000030517578,1898600.0
2024-07-03,89.12999725341797,89.73999786376953,89.04000091552734,89.08999633789062,1292700.0
2024-07-05,89.0,89.05999755859375,88.54000091552734,89.05000305175781,1687200.0
2024-07-08,89.22000122070312,89.83000183105469,88.45999908447266,88.5199966430664,1585300.0
2024-07-09,88.5199966430664,89.63999938964844,88.0,88.93000030517578,1895500.0
2024-07-10,88.93000030517578,90.25,88.69999694824219,90.20999908447266,1413100.0
2024-07-11,90.7699966430664,92.54000091552734,90.37999725341797,92.41999816894531,2122100.0
2024-07-12,92.86000061035156,93.08000183105469,91.98999786376953,92.63999938964844,1526900.0
2024-07-15,92.86000061035156,93.86000061035156,92.5999984741211,93.37000274658203,1515000.0
2024-07-16,93.51000213623047,94.45999908447266,93.2300033569336,93.55000305175781,1944500.0
2024-07-17,93.80000305175781,94.8499984741211,92.83000183105469,94.05999755859375,2120700.0
2024-07-18,93.73999786376953,95.48999786376953,93.27999877929688,94.29000091552734,1523500.0
2024-07-19,94.41999816894531,94.44000244140625,92.44000244140625,92.91000366210938,5323200.0
2024-07-22,93.1500015258789,94.55999755859375,93.0,94.5,1411300.0
2024-07-23,94.4800033569336,94.63999938964844,93.95999908447266,94.31999969482422,1040000.0
2024-07-24,94.6500015258789,94.83000183105469,93.72000122070312,94.13999938964844,1673100.0
2024-07-25,94.7300033569336,95.45999908447266,94.0,94.12000274658203,1264800.0
2024-07-26,94.12000274658203,95.25,94.02999877929688,94.81999969482422,1146700.0
2024-07-29,94.88999938964844,95.31999969482422,94.06999969482422,94.54000091552734,1204100.0
2024-07-30,95.01000213623047,96.2300033569336,94.91000366210938,95.36000061035156,1903000.0
2024-07-31,95.36000061035156,95.97000122070312,94.87000274658203,95.37999725341797,4508600.0
2024-08-01,104.37999725341797,104.91000366210938,100.86000061035156,101.6500015258789,7552800.0
2024-08-02,100.29000091552734,101.76000213623047,97.54000091552734,99.23999786376953,3471900.0
2024-08-05,99.19999694824219,99.19999694824219,95.97000122070312,97.16999816894531,2901100.0
2024-08-06,97.2699966430664,99.04000091552734,96.1500015258789,98.5999984741211,2200100.0
2024-08-07,98.91000366210938,100.04000091552734,98.66000366210938,99.29000091552734,2395700.0
2024-08-08,99.55000305175781,101.05999755859375,98.88999938964844,100.86000061035156,2004700.0
2024-08-09,101.05000305175781,101.44000244140625,100.33000183105469,101.20999908447266,1628600.0
2024-08-12,101.52999877929688,101.80000305175781,101.0,101.19000244140625,1460900.0
2024-08-13,101.4800033569336,101.8499984741211,100.77999877929688,101.7300033569336,1456600.0
2024-08-14,102.0,102.86000061035156,101.86000061035156,102.37000274658203,1787900.0
2024-08-15,102.66000366210938,103.2699966430664,102.12000274658203,102.54000091552734,2016900.0
2024-08-16,102.83999633789062,104.83999633789062,102.16000366210938,104.76000213623047,2613000.0
2024-08-19,104.61000061035156,105.38999938964844,104.3499984741211,105.20999908447266,2732000.0
2024-08-20,105.19999694824219,105.6500015258789,104.62000274658203,104.80000305175781,1982900.0
2024-08-21,104.41000366210938,105.80000305175781,104.41000366210938,105.33999633789062,2161000.0
2024-08-22,105.31999969482422,106.63999938964844,105.25,106.61000061035156,2366900.0
2024-08-23,106.98999786376953,107.4800033569336,106.23999786376953,107.33999633789062,1526700.0
2024-08-26,107.4800033569336,108.30999755859375,107.33999633789062,107.51000213623047,1739000.0
2024-08-27,107.79000091552734,108.26000213623047,107.11000061035156,107.70999908447266,1693000.0
2024-08-28,107.8499984741211,109.33999633789062,107.8499984741211,108.83000183105469,1397700.0
2024-08-29,108.83000183105469,109.87000274658203,108.12000274658203,109.62999725341797,1509900.0
2024-08-30,109.69000244140625,110.68000030517578,109.41999816894531,110.36000061035156,3793500.0
2024-09-03,110.2699966430664,110.80000305175781,108.55999755859375,109.06999969482422,2239500.0
2024-09-04,109.95999908447266,111.13999938964844,109.0,110.48999786376953,1882300.0
2024-09-05,110.52999877929688,110.86000061035156,108.27999877929688,109.69000244140625,2746500.0
2024-09-06,109.76000213623047,110.80000305175781,108.5199966430664,108.88999938964844,2976000.0
2024-09-09,109.30000305175781,109.77999877929688,108.61000061035156,109.4000015258789,2621700.0
2024-09-10,109.75,110.25,108.23999786376953,108.44000244140625,2335500.0
2024-09-11,108.06999969482422,108.37999725341797,105.7300033569336,107.36000061035156,2896800.0
2024-09-12,107.43000030517578,108.08999633789062,106.93000030517578,107.97000122070312,1680900.0
2024-09-13,108.25,108.80000305175781,108.05999755859375,108.58999633789062,1716400.0
2024-09-16,109.29000091552734,110.2699966430664,108.86000061035156,110.16999816894531,2396900.0
2024-09-17,110.0,110.25,109.12000274658203,109.55999755859375,2590300.0
2024-09-18,109.72000122070312,110.55000305175781,108.87000274658203,108.95999908447266,2118900.0
2024-09-19,109.33000183105469,109.44000244140625,107.80999755859375,107.87000274658203,2679600.0
2024-09-20,107.58000183105469,108.11000061035156,107.06999969482422,107.91999816894531,8463000.0
2024-09-23,108.2300033569336,110.11000061035156,108.2300033569336,110.0199966430664,2129000.0
2024-09-24,109.25,109.61000061035156,108.77999877929688,109.0999984741211,1508200.0
2024-09-25,109.58999633789062,110.36000061035156,108.86000061035156,109.69000244140625,1773700.0
2024-09-26,109.19000244140625,110.87000274658203,109.19000244140625,110.06999969482422,1709500.0
2024-09-27,110.0199966430664,110.97000122070312,109.68000030517578,110.58999633789062,2301600.0
2024-09-30,110.70999908447266,112.0999984741211,110.0199966430664,111.80000305175781,3790700.0
2024-10-01,111.7699966430664,112.95999908447266,111.13999938964844,112.81999969482422,1894900.0
2024-10-02,113.05999755859375,114.31999969482422,112.43000030517578,114.2300033569336,2031900.0
2024-10-03,114.12000274658203,114.37000274658203,112.83000183105469,113.52999877929688,1631800.0
2024-10-04,114.11000061035156,115.5,113.75,115.26000213623047,1717700.0
2024-10-07,114.97000122070312,114.97000122070312,111.04000091552734,111.83999633789062,3066200.0
2024-10-08,112.27999877929688,112.93000030517578,112.01000213623047,112.47000122070312,1203100.0
2024-10-09,112.2300033569336,112.48999786376953,110.47000122070312,111.05999755859375,2563800.0
2024-10-10,112.16999816894531,112.76000213623047,111.25,111.61000061035156,1693200.0
2024-10-11,112.0999984741211,113.66999816894531,112.0999984741211,113.26000213623047,1478500.0
2024-10-14,113.5999984741211,114.22000122070312,113.25,114.06999969482422,1285800.0
2024-10-15,114.27999877929688,115.12999725341797,113.83000183105469,113.98999786376953,3009800.0
2024-10-16,113.83999633789062,114.5,113.54000091552734,114.37999725341797,1237600.0
2024-10-17,115.29000091552734,115.3499984741211,114.44999694824219,114.98999786376953,1859500.0
2024-10-18,115.44000244140625,115.44000244140625,113.91000366210938,114.5,1996800.0
2024-10-21,114.44000244140625,114.69000244140625,112.44999694824219,112.75,1256700.0
2024-10-22,112.4800033569336,112.73999786376953,111.16999816894531,112.16000366210938,1155600.0
2024-10-23,111.9800033569336,112.63999938964844,111.69000244140625,112.13999938964844,1256900.0
2024-10-24,112.45999908447266,112.69000244140625,111.58000183105469,112.01000213623047,1166400.0
2024-10-25,112.01000213623047,112.2300033569336,108.9800033569336,109.75,2136300.0
2024-10-28,110.0,110.58999633789062,109.48999786376953,109.79000091552734,2162700.0
2024-10-29,109.5,110.36000061035156,109.22000122070312,110.0,2846600.0
2024-10-30,109.94999694824219,110.80999755859375,109.55000305175781,110.08999633789062,2268600.0
2024-10-31,107.19000244140625,108.23999786376953,104.08999633789062,104.79000091552734,4855600.0
2024-11-01,105.29000091552734,106.69000244140625,104.31999969482422,104.70999908447266,2823200.0
2024-11-04,105.05999755859375,105.2300033569336,104.05000305175781,104.51000213623047,2578100.0
2024-11-05,104.38999938964844,105.58999633789062,104.0,105.55999755859375,2351300.0
2024-11-06,109.69000244140625,109.86000061035156,106.91999816894531,108.55999755859375,2815800.0
2024-11-07,108.27999877929688,108.3499984741211,107.27999877929688,107.44000244140625,1889900.0
2024-11-08,108.33000183105469,108.70999908447266,107.87000274658203,108.2699966430664,1727300.0
2024-11-11,108.86000061035156,110.9000015258789,108.22000122070312,110.43000030517578,1687800.0
2024-11-12,110.19000244140625,111.13999938964844,110.04000091552734,110.6500015258789,1684600.0
2024-11-13,110.41999816894531,111.08999633789062,110.2699966430664,110.44000244140625,1456900.0
2024-11-14,110.0,110.52999877929688,109.12000274658203,109.68000030517578,1638400.0
2024-11-15,109.87999725341797,111.91000366210938,108.87000274658203,111.31999969482422,2895300.0
2024-11-18,111.31999969482422,112.25,111.06999969482422,112.04000091552734,1850400.0
2024-11-19,110.9000015258789,111.52999877929688,110.06999969482422,111.12999725341797,1449300.0
2024-11-20,110.97000122070312,111.16000366210938,109.77999877929688,110.23999786376953,1339600.0
2024-11-21,111.0,112.33000183105469,110.41999816894531,111.7300033569336,1331400.0
2024-11-22,112.16999816894531,113.1500015258789,112.1500015258789,112.38999938964844,1770200.0
2024-11-25,112.76000213623047,113.9800033569336,112.44999694824219,113.19999694824219,3663700.0
2024-11-26,112.7300033569336,114.33000183105469,112.33000183105469,114.0199966430664,1238600.0
2024-11-27,114.5,115.43000030517578,113.94000244140625,114.0999984741211,1208700.0
2024-11-29,114.01000213623047,115.06999969482422,113.9000015258789,114.0,1307200.0
2024-12-02,114.16999816894531,114.5999984741211,111.11000061035156,111.4000015258789,2491400.0
2024-12-03,112.23999786376953,112.23999786376953,106.73999786376953,106.76000213623047,3045100.0
2024-12-04,105.91999816894531,107.25,105.0,106.98999786376953,2379600.0
2024-12-05,107.4000015258789,108.52999877929688,107.16000366210938,107.75,1897700.0
2024-12-06,107.7699966430664,108.3499984741211,107.08999633789062,107.30999755859375,1913400.0
2024-12-09,106.87000274658203,107.0,104.66999816894531,105.0,2367600.0
2024-12-10,104.37000274658203,104.87000274658203,102.77999877929688,104.22000122070312,1827500.0
2024-12-11,104.43000030517578,104.76000213623047,103.75,104.20999908447266,1803500.0
2024-12-12,104.98999786376953,105.54000091552734,104.31999969482422,104.37999725341797,1792600.0
2024-12-13,104.55999755859375,105.30999755859375,104.19999694824219,104.5199966430664,2078300.0
2024-12-16,104.33999633789062,104.62999725341797,103.75,103.80999755859375,2386800.0
2024-12-17,103.0,103.69999694824219,102.33000183105469,102.75,2040600.0
2024-12-18,102.5199966430664,103.31999969482422,100.30000305175781,100.37000274658203,2958500.0
2024-12-19,100.91000366210938,102.08999633789062,100.58999633789062,101.25,2447800.0
2024-12-20,101.04000091552734,103.16999816894531,100.6500015258789,102.69000244140625,4847500.0
2024-12-23,102.05999755859375,102.93000030517578,101.77999877929688,102.73999786376953,1655800.0
2024-12-24,102.80000305175781,103.41000366210938,102.13999938964844,103.23999786376953,901300.0
2024-12-26,102.75,104.0199966430664,102.51000213623047,103.66000366210938,2491000.0
2024-12-27,103.18000030517578,104.44999694824219,102.73999786376953,103.37999725341797,1104800.0
2024-12-30,102.27999877929688,103.58999633789062,101.75,102.97000122070312,1405700.0
2024-12-31,103.04000091552734,103.88999938964844,103.04000091552734,103.44000244140625,1689800.0
2025-01-02,103.61000061035156,104.04000091552734,101.97000122070312,102.36000061035156,1701800.0
2025-01-03,102.56999969482422,103.3499984741211,102.16999816894531,103.16000366210938,1368000.0
2025-01-06,103.05000305175781,103.79000091552734,101.48999786376953,101.79000091552734,1903000.0
2025-01-07,101.9800033569336,103.69999694824219,101.79000091552734,102.83999633789062,1670500.0
2025-01-08,103.01000213623047,103.5999984741211,102.04000091552734,103.56999969482422,1327700.0
2025-01-10,102.36000061035156,102.69999694824219,100.23999786376953,100.98999786376953,2176300.0
2025-01-13,100.95999908447266,102.94999694824219,100.0,102.48999786376953,1408400.0
2025-01-14,102.79000091552734,103.68000030517578,102.38999938964844,103.6500015258789,1610000.0
2025-01-15,105.18000030517578,105.18000030517578,104.41000366210938,104.79000091552734,2004800.0
2025-01-16,104.91000366210938,106.02999877929688,104.77999877929688,105.93000030517578,1442300.0
2025-01-17,105.94000244140625,106.83999633789062,104.72000122070312,106.48999786376953,2080400.0
2025-01-21,106.31999969482422,107.20999908447266,105.76000213623047,106.38999938964844,1658400.0
2025-01-22,106.33000183105469,106.38999938964844,104.12000274658203,104.30000305175781,1915000.0
2025-01-23,104.44000244140625,105.0,104.0,104.47000122070312,1651600.0
2025-01-24,104.33999633789062,105.37999725341797,104.0,104.91000366210938,1237200.0
2025-01-27,105.91999816894531,108.19000244140625,105.5999984741211,108.1500015258789,1768300.0
2025-01-28,107.80999755859375,108.62999725341797,106.9800033569336,107.27999877929688,1420000.0
2025-01-29,107.26000213623047,108.83000183105469,106.8499984741211,107.62000274658203,1239100.0
2025-01-30,108.5199966430664,108.93000030517578,107.70999908447266,108.25,1237100.0
2025-01-31,107.83999633789062,108.86000061035156,107.2699966430664,107.37999725341797,2071300.0
2025-02-03,105.7300033569336,107.26000213623047,105.2699966430664,106.70999908447266,1942700.0
2025-02-04,106.61000061035156,108.12000274658203,106.31999969482422,106.76000213623047,1559400.0
2025-02-05,107.45999908447266,107.45999908447266,105.94000244140625,107.29000091552734,1566500.0
2025-02-06,106.33000183105469,106.36000061035156,101.5,103.08000183105469,4398000.0
2025-02-07,103.56999969482422,104.48999786376953,102.54000091552734,103.58000183105469,2761600.0
2025-02-10,103.4800033569336,103.81999969482422,102.44999694824219,102.61000061035156,1955600.0
2025-02-11,102.79000091552734,103.36000061035156,101.69999694824219,102.98999786376953,2278000.0
2025-02-12,102.19000244140625,103.02999877929688,101.94000244140625,102.94000244140625,1812000.0
2025-02-13,103.0,104.16999816894531,102.62999725341797,104.08000183105469,1647600.0
2025-02-14,104.30999755859375,104.87999725341797,103.30999755859375,103.33999633789062,1450300.0
2025-02-18,103.30999755859375,104.30000305175781,102.83999633789062,104.26000213623047,1635700.0
2025-02-19,103.73999786376953,104.77999877929688,103.58000183105469,104.51000213623047,1579200.0
2025-02-20,104.0,104.44000244140625,103.30999755859375,104.27999877929688,1431400.0
2025-02-21,104.13999938964844,104.45999908447266,101.95999908447266,102.16000366210938,3539600.0
2025-02-24,102.47000122070312,104.5999984741211,102.30000305175781,104.08999633789062,2475400.0
2025-02-25,104.91999816894531,106.8499984741211,104.16999816894531,106.7300033569336,2147200.0
2025-02-26,106.4800033569336,107.0999984741211,105.55999755859375,105.80999755859375,1586200.0
2025-02-27,106.41999816894531,107.88999938964844,105.5999984741211,107.43000030517578,1831100.0
2025-02-28,108.48999786376953,109.69999694824219,107.86000061035156,109.47000122070312,2704400.0
2025-03-03,110.0,110.75,109.19999694824219,110.13999938964844,2141100.0
2025-03-04,109.83000183105469,110.02999877929688,107.51000213623047,107.5999984741211,2395800.0
2025-03-05,107.44999694824219,108.62999725341797,107.05000305175781,108.16000366210938,1523700.0
2025-03-06,107.5999984741211,108.52999877929688,106.76000213623047,107.94999694824219,2320600.0
2025-03-07,107.62999725341797,108.88999938964844,106.70999908447266,108.41000366210938,2080200.0
2025-03-10,107.41999816894531,108.75,105.94000244140625,106.76000213623047,2579900.0
2025-03-11,106.56999969482422,107.31999969482422,105.58000183105469,106.2699966430664,2050300.0
2025-03-12,106.37999725341797,106.55000305175781,104.20999908447266,104.69000244140625,1956300.0
2025-03-13,105.16000366210938,106.5999984741211,104.22000122070312,105.0999984741211,1596300.0
2025-03-14,105.47000122070312,107.52999877929688,105.05999755859375,107.25,1395100.0
2025-03-17,106.75,108.7699966430664,106.11000061035156,108.4000015258789,1344200.0
2025-03-18,108.4800033569336,109.08000183105469,107.12999725341797,107.36000061035156,1534700.0
2025-03-19,107.2300033569336,108.7699966430664,106.5,108.45999908447266,1846800.0
2025-03-20,108.05000305175781,109.2699966430664,107.93000030517578,108.69999694824219,1754600.0
2025-03-21,108.55999755859375,108.81999969482422,107.2300033569336,108.23999786376953,5333600.0
2025-03-24,108.13999938964844,109.87999725341797,107.62000274658203,109.6500015258789,1553900.0
2025-03-25,110.0,110.55000305175781,108.69999694824219,109.7300033569336,1675600.0
2025-03-26,110.41999816894531,111.5,109.31999969482422,110.44000244140625,1357800.0
2025-03-27,110.91000366210938,111.0,109.87000274658203,110.77999877929688,1804300.0
2025-03-28,110.9800033569336,111.41999816894531,109.23999786376953,109.80000305175781,1876400.0
2025-03-31,110.08000183105469,111.77999877929688,108.5199966430664,111.19000244140625,2930500.0
2025-04-01,111.36000061035156,112.72000122070312,110.41999816894531,112.44999694824219,2085800.0
2025-04-02,112.41000366210938,113.05000305175781,111.79000091552734,112.2699966430664,1817600.0
2025-04-03,110.51000213623047,113.44999694824219,108.75,111.75,2370300.0
2025-04-04,109.33999633789062,109.97000122070312,101.81999969482422,101.9800033569336,3221800.0
2025-04-07,99.62000274658203,103.08999633789062,97.4800033569336,100.0,3676100.0
2025-04-08,103.55000305175781,104.91000366210938,98.31999969482422,99.7699966430664,2662200.0
2025-04-09,97.94000244140625,105.86000061035156,97.19999694824219,105.30000305175781,3031400.0
2025-04-10,104.87999725341797,105.94000244140625,102.25,104.68000030517578,2695000.0
2025-04-11,104.68000030517578,107.26000213623047,103.7300033569336,106.83000183105469,2297500.0
2025-04-14,107.7699966430664,109.83999633789062,106.88999938964844,108.51000213623047,2004100.0
2025-04-15,109.01000213623047,109.5,107.80999755859375,108.02999877929688,1228500.0
2025-04-16,108.72000122070312,109.05999755859375,106.79000091552734,107.33999633789062,2240200.0
2025-04-17,107.83000183105469,109.2300033569336,107.01000213623047,107.44000244140625,2294700.0
2025-04-21,106.86000061035156,107.5199966430664,103.4800033569336,104.97000122070312,1692500.0
2025-04-22,106.56999969482422,108.66000366210938,106.02999877929688,108.30999755859375,1545700.0
2025-04-23,108.55000305175781,110.30999755859375,107.86000061035156,108.43000030517578,1552300.0
2025-04-24,108.48999786376953,109.33000183105469,107.55999755859375,109.13999938964844,1613700.0
2025-04-25,108.83000183105469,109.02999877929688,106.69000244140625,107.94000244140625,1829700.0
2025-04-28,108.30000305175781,109.18000030517578,107.41999816894531,108.48999786376953,1756300.0
2025-04-29,108.0,108.86000061035156,107.61000061035156,108.5999984741211,1275800.0
2025-04-30,107.68000030517578,108.91000366210938,105.91999816894531,108.68000030517578,2713200.0
2025-05-01,105.5,106.54000091552734,103.0999984741211,103.5199966430664,3391200.0
2025-05-02,104.36000061035156,106.04000091552734,103.97000122070312,105.52999877929688,1886200.0
2025-05-05,105.20999908447266,106.5,104.5,105.75,2002800.0
2025-05-06,105.56999969482422,106.6500015258789,104.75,105.9000015258789,1443300.0
2025-05-07,106.1500015258789,107.41999816894531,105.69999694824219,106.95999908447266,2028700.0
2025-05-08,106.79000091552734,107.97000122070312,105.98999786376953,106.30000305175781,1926200.0
2025-05-09,106.45999908447266,107.23999786376953,105.87999725341797,105.97000122070312,1353100.0
2025-05-12,106.0999984741211,106.87999725341797,104.62000274658203,105.56999969482422,2078200.0
2025-05-13,105.18000030517578,105.83999633789062,104.87000274658203,105.02999877929688,1975800.0
2025-05-14,104.9800033569336,105.55000305175781,103.70999908447266,103.9000015258789,1831900.0
2025-05-15,103.97000122070312,105.97000122070312,103.97000122070312,105.77999877929688,1521900.0
2025-05-16,105.72000122070312,107.0,105.37000274658203,106.81999969482422,3427200.0
2025-05-19,106.86000061035156,107.36000061035156,106.0199966430664,106.43000030517578,1690000.0
2025-05-20,106.3499984741211,106.69999694824219,105.30999755859375,105.62000274658203,1868400.0
2025-05-21,104.76000213623047,104.95999908447266,103.47000122070312,103.54000091552734,2380700.0
2025-05-22,103.5,103.88999938964844,101.95999908447266,102.44999694824219,1700400.0
2025-05-23,102.0,102.91000366210938,101.66999816894531,102.52999877929688,1641500.0
2025-05-27,102.98999786376953,103.44999694824219,102.36000061035156,103.41000366210938,1683300.0
2025-05-28,103.13999938964844,103.87999725341797,101.87999725341797,101.98999786376953,1745500.0
2025-05-29,102.22000122070312,102.98999786376953,101.91999816894531,102.80999755859375,1854700.0
2025-05-30,102.61000061035156,104.01000213623047,102.0999984741211,103.54000091552734,3415400.0
2025-06-02,102.66999816894531,103.83999633789062,102.18000030517578,103.80000305175781,1809900.0
2025-06-03,103.5199966430664,104.2300033569336,102.12999725341797,104.06999969482422,1757100.0
2025-06-04,104.25,104.36000061035156,102.83000183105469,102.83000183105469,1568900.0
2025-06-05,103.13999938964844,103.1500015258789,101.66000366210938,102.20999908447266,1774300.0
2025-06-06,103.04000091552734,103.79000091552734,102.77999877929688,103.68000030517578,2035400.0
2025-06-09,103.41000366210938,103.58999633789062,101.12999725341797,102.51000213623047,2027600.0
2025-06-10,102.33999633789062,102.77999877929688,101.81999969482422,102.2699966430664,2903100.0
2025-06-11,102.20999908447266,102.4000015258789,100.98999786376953,101.3499984741211,2282500.0
2025-06-12,100.52999877929688,102.69000244140625,100.22000122070312,102.62999725341797,1800600.0
2025-06-13,102.25,103.05999755859375,101.01000213623047,102.18000030517578,2259300.0
2025-06-16,102.7699966430664,103.27999877929688,102.33000183105469,102.72000122070312,2160800.0
2025-06-17,102.68000030517578,103.0,101.41000366210938,102.08999633789062,2056900.0
2025-06-18,102.25,103.68000030517578,102.1500015258789,102.62999725341797,2127300.0
2025-06-20,101.97000122070312,103.7300033569336,101.11000061035156,103.30000305175781,6258900.0
2025-06-23,103.25,104.93000030517578,102.87999725341797,104.83999633789062,2156600.0
2025-06-24,104.79000091552734,105.19000244140625,103.62000274658203,104.16000366210938,1977800.0
2025-06-25,103.91999816894531,104.0,102.19000244140625,102.4800033569336,2273200.0
2025-06-26,102.33000183105469,104.08999633789062,102.19000244140625,103.91000366210938,2149000.0
2025-06-27,104.06999969482422,105.27999877929688,103.73999786376953,105.06999969482422,11668000.0
2025-06-30,104.91999816894531,105.58000183105469,104.44999694824219,105.45999908447266,2628100.0
2025-07-01,105.19999694824219,106.4800033569336,104.80000305175781,105.77999877929688,2519000.0
2025-07-02,105.48999786376953,105.7699966430664,102.77999877929688,103.5199966430664,1968300.0
2025-07-03,104.22000122070312,104.72000122070312,103.66999816894531,104.56999969482422,994900.0
2025-07-07,104.37000274658203,104.55999755859375,102.6500015258789,102.87999725341797,1667600.0
2025-07-08,102.30000305175781,103.63999938964844,102.20999908447266,103.23999786376953,2434200.0
2025-07-09,103.0,103.05000305175781,101.5999984741211,101.91000366210938,1689100.0
2025-07-10,101.7300033569336,102.30999755859375,101.0999984741211,102.27999877929688,2123900.0
2025-07-11,101.54000091552734,102.02999877929688,101.16999816894531,101.56999969482422,1348200.0
2025-07-14,101.41000366210938,102.7300033569336,100.86000061035156,102.66999816894531,2048900.0
2025-07-15,102.08000183105469,102.66000366210938,100.58000183105469,100.62000274658203,1695800.0
2025-07-16,100.9800033569336,101.5199966430664,100.05000305175781,101.44000244140625,1606700.0
2025-07-17,101.0,101.66000366210938,100.6500015258789,101.41999816894531,1955800.0
2025-07-18,101.68000030517578,102.51000213623047,101.19999694824219,101.83000183105469,4577800.0
2025-07-21,101.94999694824219,102.37999725341797,101.11000061035156,101.12000274658203,2102000.0
2025-07-22,101.27999877929688,102.83999633789062,100.73999786376953,102.69999694824219,1970100.0
2025-07-23,103.08999633789062,103.1500015258789,102.01000213623047,102.88999938964844,1687100.0
2025-07-24,102.55000305175781,103.22000122070312,102.12000274658203,102.44999694824219,2409400.0
2025-07-25,102.62999725341797,103.52999877929688,102.0,103.37000274658203,2023600.0
2025-07-28,103.0,103.29000091552734,100.73999786376953,100.87999725341797,1877600.0
2025-07-29,101.52999877929688,102.08000183105469,100.58999633789062,100.81999969482422,2002800.0
2025-07-30,100.72000122070312,100.72000122070312,98.11000061035156,98.58999633789062,2508700.0
2025-07-31,98.36000061035156,100.2300033569336,98.05000305175781,99.36000061035156,3106200.0
2025-08-01,99.41000366210938,99.41000366210938,96.94999694824219,98.08999633789062,2768300.0
2025-08-04,98.05999755859375,98.69999694824219,97.62999725341797,98.55999755859375,2033500.0
2025-08-05,99.0999984741211,99.5999984741211,98.62999725341797,98.91999816894531,2985500.0
2025-08-06,101.5,102.5999984741211,97.47000122070312,102.30999755859375,3640300.0
2025-08-07,102.47000122070312,103.77999877929688,101.48999786376953,102.27999877929688,3676000.0
2025-08-08,102.56999969482422,103.80000305175781,101.48999786376953,103.5199966430664,2014600.0
2025-08-11,103.94999694824219,104.3499984741211,103.27999877929688,104.16999816894531,2013000.0
2025-08-12,104.51000213623047,104.80000305175781,103.51000213623047,103.55000305175781,3231300.0
2025-08-13,104.08999633789062,105.8499984741211,103.80000305175781,105.69999694824219,2447500.0
2025-08-14,105.91999816894531,105.91999816894531,104.94999694824219,105.30000305175781,2575000.0
2025-08-15,105.79000091552734,106.16000366210938,105.1500015258789,105.37999725341797,2645900.0
2025-08-18,105.44000244140625,105.81999969482422,104.98999786376953,105.76000213623047,1771700.0
2025-08-19,105.70999908447266,106.97000122070312,105.52999877929688,106.88999938964844,2275400.0
2025-08-20,106.62999725341797,108.63999938964844,106.5,107.9000015258789,2684900.0
2025-08-21,107.86000061035156,108.54000091552734,107.54000091552734,108.19000244140625,3395500.0
2025-08-22,108.66999816894531,109.6500015258789,108.31999969482422,108.45999908447266,2231000.0
2025-08-25,108.26000213623047,108.70999908447266,107.33999633789062,107.37999725341797,1719700.0
2025-08-26,106.94000244140625,108.22000122070312,106.37999725341797,108.16000366210938,4624400.0
2025-08-27,107.79000091552734,108.41000366210938,107.41000366210938,107.41000366210938,3554800.0
2025-08-28,107.12999725341797,107.22000122070312,105.79000091552734,106.0999984741211,2439600.0
2025-08-29,106.38999938964844,107.18000030517578,106.30000305175781,106.86000061035156,2399000.0
2025-09-02,106.62999725341797,106.80000305175781,104.97000122070312,105.62000274658203,2980000.0
2025-09-03,105.08999633789062,106.81999969482422,104.75,106.73999786376953,2169100.0
2025-09-04,107.1500015258789,108.7699966430664,106.69999694824219,108.55000305175781,2429700.0
2025-09-05,108.51000213623047,108.94999694824219,106.30000305175781,106.93000030517578,2547800.0
2025-09-08,106.30999755859375,106.55000305175781,104.66000366210938,106.33999633789062,2971300.0
2025-09-09,106.22000122070312,106.95999908447266,105.4800033569336,106.27999877929688,1833300.0
2025-09-10,105.86000061035156,107.29000091552734,105.66000366210938,107.2300033569336,2093200.0
2025-09-11,107.18000030517578,108.75,106.93000030517578,108.69000244140625,1927200.0
2025-09-12,108.51000213623047,109.51000213623047,108.12000274658203,109.12999725341797,1800000.0
2025-09-15,109.04000091552734,109.29000091552734,108.19999694824219,108.41000366210938,1836500.0
2025-09-16,108.01000213623047,108.11000061035156,106.95999908447266,107.62999725341797,2874500.0
2025-09-17,107.98999786376953,109.98999786376953,107.0999984741211,109.2300033569336,2354400.0
2025-09-18,108.69000244140625,109.33999633789062,107.9800033569336,108.0,3167900.0
2025-09-19,108.37000274658203,108.56999969482422,107.80000305175781,108.04000091552734,6940700.0
2025-09-22,107.7699966430664,108.16999816894531,107.2300033569336,107.4000015258789,2673800.0
2025-09-23,107.3499984741211,109.41999816894531,106.8499984741211,108.2300033569336,2539900.0
2025-09-24,108.19000244140625,109.36000061035156,107.91000366210938,109.30999755859375,2134300.0
2025-09-25,109.56999969482422,110.11000061035156,108.62000274658203,109.4800033569336,1913100.0
2025-09-26,110.30000305175781,111.44000244140625,109.94000244140625,111.36000061035156,1878500.0
2025-09-29,111.44999694824219,111.66000366210938,110.69999694824219,111.3499984741211,2286200.0
2025-09-30,111.37000274658203,111.8499984741211,110.5999984741211,111.69999694824219,2523100.0
2025-10-01,111.0,111.33999633789062,110.16999816894531,110.75,1708900.0
2025-10-02,110.30000305175781,111.19000244140625,109.66000366210938,110.5999984741211,1704200.0
2025-10-03,110.56999969482422,112.41999816894531,110.05999755859375,112.31999969482422,1621300.0
2025-10-06,112.38999938964844,113.38999938964844,111.37000274658203,113.06999969482422,1607000.0
2025-10-07,113.33000183105469,113.9000015258789,112.55000305175781,112.93000030517578,1719400.0
2025-10-08,113.0,113.29000091552734,111.73999786376953,111.9000015258789,1756700.0
2025-10-09,112.4000015258789,113.36000061035156,110.75,111.16999816894531,1622200.0
2025-10-10,112.13999938964844,112.33000183105469,110.63999938964844,110.94999694824219,1480800.0
2025-10-13,110.56999969482422,111.58999633789062,109.69000244140625,110.26000213623047,1961900.0
2025-10-14,110.23999786376953,111.56999969482422,109.88999938964844,111.51000213623047,1788000.0
2025-10-15,111.01000213623047,112.0,109.38999938964844,109.80999755859375,1548600.0
2025-10-16,109.02999877929688,109.02999877929688,106.45999908447266,106.7300033569336,2025000.0
2025-10-17,107.08999633789062,108.04000091552734,106.95999908447266,107.70999908447266,1501400.0
2025-10-20,107.83000183105469,109.0999984741211,107.55000305175781,108.7699966430664,1108900.0
2025-10-21,108.48999786376953,109.04000091552734,107.69000244140625,108.18000030517578,2172400.0
2025-10-22,108.19000244140625,108.81999969482422,107.06999969482422,107.8499984741211,1824600.0
2025-10-23,108.30000305175781,108.30000305175781,107.0199966430664,107.55000305175781,1513800.0
2025-10-24,107.4800033569336,107.87999725341797,106.70999908447266,107.18000030517578,1673000.0
2025-10-27,107.41999816894531,107.73999786376953,106.7699966430664,107.55000305175781,1715300.0
2025-10-28,106.86000061035156,107.36000061035156,106.18000030517578,106.68000030517578,1589700.0
2025-10-29,106.36000061035156,106.83999633789062,105.43000030517578,105.69999694824219,1668700.0
2025-10-30,105.97000122070312,107.5,105.77999877929688,106.83999633789062,1503000.0
2025-10-31,105.8499984741211,107.62999725341797,105.75,107.19000244140625,2608900.0
2025-11-03,107.04000091552734,108.02999877929688,105.4800033569336,106.97000122070312,1852700.0
2025-11-04,107.87000274658203,108.81999969482422,106.87000274658203,108.80999755859375,2365400.0
2025-11-05,110.73999786376953,113.83999633789062,109.1500015258789,111.23999786376953,2965900.0
2025-11-06,111.3499984741211,113.9000015258789,111.02999877929688,113.69999694824219,2769000.0
2025-11-07,114.0,114.77999877929688,113.30000305175781,114.08999633789062,2337700.0
2025-11-10,113.30000305175781,114.19999694824219,112.38999938964844,113.58000183105469,1784500.0
2025-11-11,114.12000274658203,115.08000183105469,113.04000091552734,113.79000091552734,1985100.0
2025-11-12,113.76000213623047,114.87999725341797,113.70999908447266,114.61000061035156,1825100.0
2025-11-13,114.69999694824219,115.44999694824219,114.27999877929688,115.01000213623047,2911800.0
2025-11-14,115.0999984741211,115.83999633789062,113.30999755859375,114.33999633789062,1925900.0
2025-11-17,114.33999633789062,114.44000244140625,111.94999694824219,112.2699966430664,2633400.0
2025-11-18,111.86000061035156,112.62000274658203,111.55999755859375,111.76000213623047,2253600.0
2025-11-19,110.81999969482422,111.1500015258789,108.30999755859375,109.4000015258789,2596800.0
2025-11-20,109.86000061035156,110.91000366210938,109.37999725341797,110.55000305175781,2368700.0
2025-11-21,110.98999786376953,111.75,110.45999908447266,110.9800033569336,2411100.0
2025-11-24,110.88999938964844,111.0,109.41999816894531,110.37999725341797,6647200.0
2025-11-25,111.12000274658203,112.45999908447266,110.68000030517578,111.62999725341797,2085500.0
2025-11-26,111.45999908447266,111.62000274658203,110.54000091552734,110.55000305175781,1825300.0
2025-11-28,110.47000122070312,111.55999755859375,110.0999984741211,110.30999755859375,1140400.0
2025-12-01,110.30999755859375,110.9800033569336,109.33999633789062,109.55000305175781,2485600.0
2025-12-02,109.58999633789062,109.79000091552734,108.55000305175781,108.83000183105469,1623800.0
2025-12-03,108.83000183105469,109.51000213623047,108.29000091552734,109.04000091552734,1721200.0
2025-12-04,109.04000091552734,110.13999938964844,109.01000213623047,109.23999786376953,2192500.0
2025-12-05,108.94000244140625,109.45999908447266,108.5,109.27999877929688,2061500.0
2025-12-08,108.5199966430664,108.91999816894531,107.8499984741211,108.05999755859375,2170600.0
2025-12-09,108.61000061035156,109.43000030517578,107.58999633789062,108.0199966430664,2219600.0
2025-12-10,108.04000091552734,108.30999755859375,107.01000213623047,107.19000244140625,2751900.0
2025-12-11,107.69999694824219,109.91999816894531,107.66000366210938,108.8499984741211,2293900.0
2025-12-12,109.37999725341797,110.19000244140625,109.19000244140625,110.05000305175781,2185600.0
2025-12-15,110.97000122070312,111.94999694824219,110.05000305175781,111.5,4213700.0
2025-12-16,111.0,112.0,109.16000366210938,109.48999786376953,3608900.0
2025-12-17,108.9800033569336,110.80999755859375,108.88999938964844,110.5,3867900.0
2025-12-18,109.93000030517578,110.7699966430664,109.52999877929688,110.45999908447266,3268800.0
2025-12-19,110.29000091552734,111.27999877929688,108.87999725341797,110.36000061035156,6832600.0
2025-12-22,110.23999786376953,110.7699966430664,109.7699966430664,110.05000305175781,2142300.0
2025-12-23,110.22000122070312,111.08000183105469,109.75,110.72000122070312,1659300.0
2025-12-24,110.2699966430664,110.95999908447266,110.19999694824219,110.62000274658203,891400.0
2025-12-26,110.55000305175781,110.86000061035156,109.66000366210938,109.9000015258789,978800.0
2025-12-29,110.16000366210938,110.55000305175781,109.30000305175781,109.95999908447266,1550000.0
2025-12-30,110.08000183105469,110.83000183105469,109.33000183105469,110.80000305175781,1153000.0
2025-12-31,110.7300033569336,111.02999877929688,110.22000122070312,110.2699966430664,1434000.0
2026-01-02,110.13999938964844,110.3499984741211,108.95999908447266,110.23999786376953,1659300.0
2026-01-05,109.30000305175781,112.93000030517578,108.58999633789062,112.19000244140625,1961800.0
2026-01-06,111.5,112.72000122070312,111.01000213623047,111.95999908447266,2211900.0
2026-01-07,111.26000213623047,111.61000061035156,110.11000061035156,110.19000244140625,1339600.0
2026-01-08,110.13999938964844,111.55999755859375,109.9800033569336,110.26000213623047,2004700.0
2026-01-09,109.87000274658203,110.75,109.2300033569336,109.23999786376953,1721000.0
2026-01-12,109.56999969482422,110.05000305175781,108.58999633789062,108.87999725341797,1486000.0
2026-01-13,108.87999725341797,109.43000030517578,107.36000061035156,107.95999908447266,1942600.0
2026-01-14,108.11000061035156,110.4000015258789,108.11000061035156,110.18000030517578,2173600.0
2026-01-15,110.30999755859375,110.80999755859375,109.4800033569336,109.61000061035156,2138100.0
2026-01-16,109.27999877929688,109.91000366210938,108.98999786376953,109.51000213623047,6139900.0
2026-01-20,109.33999633789062,110.2300033569336,108.87999725341797,109.26000213623047,2398300.0
2026-01-21,109.05000305175781,109.69999694824219,107.27999877929688,108.55999755859375,2493200.0
2026-01-22,108.11000061035156,108.77999877929688,107.47000122070312,108.30000305175781,2068700.0
2026-01-23,108.2699966430664,108.58000183105469,106.31999969482422,107.08999633789062,1859200.0
2026-01-26,107.55000305175781,109.0199966430664,107.54000091552734,108.94000244140625,1533200.0
2026-01-27,108.62000274658203,109.0999984741211,108.01000213623047,108.37999725341797,2300500.0
2026-01-28,108.0,109.0999984741211,107.25,108.91999816894531,1637600.0
2026-01-29,109.4000015258789,110.73999786376953,109.2300033569336,110.51000213623047,2490300.0
2026-01-30,110.25,111.26000213623047,109.66000366210938,110.94999694824219,3669900.0
2026-02-02,111.5,112.0999984741211,110.27999877929688,111.94999694824219,2327400.0
2026-02-03,111.30000305175781,113.25,110.36000061035156,112.04000091552734,2292100.0
2026-02-04,113.0,114.87999725341797,111.37000274658203,113.62000274658203,2662000.0
2026-02-05,112.47000122070312,119.31999969482422,111.77999877929688,117.47000122070312,3604700.0
2026-02-06,117.80000305175781,118.70999908447266,115.47000122070312,117.1500015258789,3058100.0
2026-02-09,116.62999725341797,117.19999694824219,113.08000183105469,113.19999694824219,2346900.0
2026-02-10,113.36000061035156,116.58000183105469,112.5,115.87999725341797,2002100.0
2026-02-11,115.80000305175781,116.68000030517578,113.2300033569336,116.25,3059000.0
2026-02-12,116.47000122070312,118.16999816894531,115.75,115.87999725341797,2568400.0
2026-02-13,115.19000244140625,116.16999816894531,114.5,114.91000366210938,2524500.0
2026-02-17,115.80999755859375,116.66999816894531,114.73999786376953,115.41999816894531,2021400.0
2026-02-18,114.79000091552734,115.13999938964844,113.11000061035156,113.62000274658203,1978600.0
2026-02-19,113.51000213623047,114.2699966430664,112.45999908447266,112.76000213623047,2336700.0
2026-02-20,113.62000274658203,114.12999725341797,112.30000305175781,114.02999877929688,1738300.0
2026-02-23,114.26000213623047,114.91000366210938,112.08000183105469,112.3499984741211,2191300.0
2026-02-24,112.16000366210938,113.02999877929688,111.30999755859375,112.45999908447266,1678000.0
2026-02-25,112.58999633789062,113.0199966430664,110.93000030517578,112.44000244140625,1756400.0
2026-02-26,112.94999694824219,114.02999877929688,112.58000183105469,113.97000122070312,1901800.0
2026-02-27,114.3499984741211,114.52999877929688,112.70999908447266,112.93000030517578,3772000.0
2026-03-02,112.48999786376953,114.29000091552734,112.33000183105469,113.3499984741211,2045800.0
2026-03-03,111.88999938964844,112.87999725341797,110.63999938964844,112.43000030517578,2711800.0
2026-03-04,112.08999633789062,112.93000030517578,111.20999908447266,112.4800033569336,1833000.0
2026-03-05,111.41000366210938,111.73999786376953,110.19000244140625,111.04000091552734,2264800.0
2026-03-06,110.29000091552734,111.48999786376953,108.9800033569336,111.29000091552734,2276500.0
2026-03-09,110.08999633789062,110.5199966430664,108.26000213623047,110.18000030517578,2802800.0
2026-03-10,109.93000030517578,111.81999969482422,109.05999755859375,110.30000305175781,2177300.0
2026-03-11,109.93000030517578,110.26000213623047,109.08000183105469,109.33000183105469,2424800.0
2026-03-12,109.0,110.05000305175781,108.4000015258789,109.62999725341797,2246200.0
2026-03-13,110.33000183105469,110.81999969482422,108.69000244140625,108.70999908447266,1882200.0
2026-03-16,109.41999816894531,110.19999694824219,109.08000183105469,109.11000061035156,1914300.0
2026-03-17,110.02999877929688,110.69000244140625,108.8499984741211,109.5199966430664,1648800.0
2026-03-18,108.56999969482422,109.19999694824219,107.7300033569336,107.91999816894531,2548900.0
2026-03-19,107.94999694824219,108.66000366210938,106.7300033569336,107.16999816894531,3081500.0
2026-03-20,107.58999633789062,108.16000366210938,106.02999877929688,106.22000122070312,6760700.0
2026-03-23,107.79000091552734,108.62000274658203,106.29000091552734,106.6500015258789,3627300.0
2026-03-24,106.22000122070312,106.91000366210938,105.76000213623047,106.19999694824219,3177400.0
2026-03-25,106.77999877929688,107.38999938964844,106.2300033569336,107.20999908447266,1995300.0
2026-03-26,107.27999877929688,108.33000183105469,107.02999877929688,108.20999908447266,2473300.0
2026-03-27,108.7300033569336,108.7300033569336,106.3499984741211,106.41000366210938,2330300.0
2026-03-30,107.0999984741211,108.9000015258789,106.66999816894531,108.16999816894531,2149500.0
2026-03-31,109.23999786376953,109.86000061035156,107.79000091552734,109.70999908447266,2481200.0
2026-04-01,109.7300033569336,110.38999938964844,108.93000030517578,109.63999938964844,1966500.0
2026-04-02,109.5,110.54000091552734,109.05999755859375,110.4800033569336,1438500.0
2026-04-06,109.94999694824219,110.86000061035156,109.44000244140625,110.26000213623047,1398800.0
2026-04-07,110.16999816894531,110.87999725341797,109.54000091552734,110.5199966430664,1634100.0
2026-04-08,110.0,113.01000213623047,109.7300033569336,113.0,2174100.0
2026-04-09,112.5,113.76000213623047,111.66000366210938,113.06999969482422,2036400.0
2026-04-10,113.08000183105469,113.08000183105469,110.66000366210938,110.69999694824219,1798500.0
2026-04-13,109.68000030517578,112.27999877929688,109.08000183105469,112.13999938964844,1522800.0
2026-04-14,111.41999816894531,112.37999725341797,110.01000213623047,111.94000244140625,1666900.0
2026-04-15,111.80999755859375,113.41000366210938,111.7300033569336,112.9800033569336,2032100.0
2026-04-16,112.69999694824219,113.9000015258789,112.20999908447266,113.70999908447266,1726600.0
2026-04-17,112.95999908447266,115.5999984741211,112.95999908447266,114.5199966430664,4906300.0
2026-04-20,114.30999755859375,115.58999633789062,113.69999694824219,114.66999816894531,1618400.0
2026-04-21,114.83000183105469,116.69999694824219,114.76000213623047,115.97000122070312,2928600.0
2026-04-22,115.79000091552734,116.0,114.22000122070312,114.75,1921200.0
2026-04-23,115.20999908447266,115.87000274658203,114.62000274658203,115.12000274658203,1774400.0
2026-04-24,114.47000122070312,115.62000274658203,113.97000122070312,114.62000274658203,1852700.0
2026-04-27,113.77999877929688,115.58999633789062,113.3499984741211,114.68000030517578,1796100.0
2026-04-28,115.9000015258789,117.05999755859375,115.3499984741211,116.29000091552734,1790000.0
2026-04-29,115.94000244140625,116.75,115.4000015258789,116.20999908447266,2355100.0
2026-04-30,112.2699966430664,113.72000122070312,109.55000305175781,113.66999816894531,4138000.0
2026-05-01,113.8499984741211,114.9000015258789,112.6500015258789,112.87999725341797,2283100.0
2026-05-04,112.11000061035156,114.04000091552734,111.69000244140625,113.33000183105469,2309600.0
2026-05-05,113.26000213623047,114.93000030517578,112.62999725341797,114.45999908447266,2422300.0
2026-05-06,114.5,115.5,113.38999938964844,113.4000015258789,2664200.0
2026-05-07,113.19000244140625,113.75,112.0,113.5999984741211,1888100.0
2026-05-08,113.6500015258789,114.12999725341797,112.86000061035156,113.0999984741211,1509100.0
2026-05-11,113.75,115.56999969482422,113.41000366210938,115.4800033569336,2055800.0
2026-05-12,115.87999725341797,116.68000030517578,114.41999816894531,116.16000366210938,2161700.0
2026-05-13,115.48999786376953,116.68000030517578,114.12000274658203,115.4800033569336,1632400.0
2026-05-14,116.0,116.93000030517578,115.41999816894531,116.38999938964844,1757100.0
2026-05-15,117.01000213623047,117.5999984741211,115.61000061035156,116.80999755859375,1908500.0
2026-05-18,116.98999786376953,118.80999755859375,116.30000305175781,118.66999816894531,1956600.0
2026-05-19,118.73999786376953,119.80999755859375,117.4000015258789,118.41000366210938,1795100.0
2026-05-20,117.94999694824219,118.66000366210938,116.87999725341797,117.22000122070312,2057900.0
2026-05-21,116.0,118.12000274658203,115.80999755859375,117.80999755859375,2851800.0
2026-05-22,118.30999755859375,118.41000366210938,117.27999877929688,117.86000061035156,2296200.0
2026-05-26,117.0,117.7699966430664,116.45999908447266,116.81999969482422,2349500.0
2026-05-27,116.8499984741211,117.26000213623047,114.37000274658203,114.8499984741211,2474700.0
2026-05-28,114.38999938964844,114.98999786376953,112.55999755859375,112.62999725341797,3037800.0
2026-05-29,112.54000091552734,113.80000305175781,111.91000366210938,112.41999816894531,6986400.0
2026-06-01,111.83999633789062,113.05000305175781,110.54000091552734,112.11000061035156,2281500.0
2026-06-02,112.55000305175781,113.91000366210938,111.93000030517578,113.62999725341797,2617900.0
2026-06-03,113.4800033569336,116.37999725341797,112.75,114.5,3931100.0
2026-06-04,115.62999725341797,116.69999694824219,114.81999969482422,115.29000091552734,2330100.0
2026-06-05,116.13999938964844,118.83000183105469,114.69000244140625,118.23999786376953,2090800.0
2026-06-08,117.31999969482422,117.55999755859375,115.11000061035156,115.23999786376953,2676700.0
2026-06-09,115.0999984741211,116.56999969482422,114.41999816894531,115.61000061035156,2787700.0
2026-06-10,116.44000244140625,117.6500015258789,115.81999969482422,117.11000061035156,2407500.0
2026-06-11,117.87000274658203,118.20999908447266,116.2699966430664,116.44999694824219,2645500.0
2026-06-12,116.55000305175781,118.38999938964844,115.66000366210938,117.80000305175781,2576900.0
2026-06-15,117.08000183105469,118.0999984741211,116.66000366210938,116.95999908447266,2439200.0
2026-06-16,117.72000122070312,118.30000305175781,116.4800033569336,117.41000366210938,3578500.0
2026-06-17,116.76000213623047,117.56999969482422,116.19999694824219,116.23999786376953,3504400.0
2026-06-18,117.25,117.25,114.47000122070312,115.47000122070312,6380100.0
2026-06-22,115.5,117.72000122070312,115.43000030517578,116.55000305175781,3990000.0
2026-06-23,117.80000305175781,118.9800033569336,116.56999969482422,118.79000091552734,3460500.0
2026-06-24,119.08999633789062,119.29000091552734,117.11000061035156,117.75,2132200.0
2026-06-25,118.0,120.2699966430664,116.9000015258789,118.2300033569336,1938400.0
2026-06-26,119.30999755859375,120.19999694824219,118.48999786376953,120.1500015258789,3536400.0
2026-06-29,119.9000015258789,120.29000091552734,119.30999755859375,120.08000183105469,1681800.0
2026-06-30,119.4800033569336,119.62999725341797,117.16000366210938,117.25,2276400.0
2026-07-01,117.9800033569336,119.70999908447266,117.4800033569336,118.48999786376953,1942300.0
2026-07-02,118.7300033569336,120.87999725341797,117.61000061035156,120.87999725341797,1762400.0
2026-07-06,121.0,121.52999877929688,119.62999725341797,120.47000122070312,1563000.0
2026-07-07,121.0,122.80000305175781,119.05000305175781,121.48999786376953,1667600.0
2026-07-08,122.0,122.0,120.58000183105469,121.44000244140625,1630400.0
2026-07-09,121.58000183105469,122.33999633789062,120.68000030517578,121.98999786376953,1788800.0
2026-07-10,122.16999816894531,122.54000091552734,120.94000244140625,121.91000366210938,1193200.0
2026-07-13,122.9800033569336,124.0,122.0,123.30000305175781,1620100.0
2026-07-14,122.5199966430664,123.75,122.0199966430664,122.05000305175781,1791400.0
2026-07-15,121.5,122.55999755859375,120.55000305175781,121.01000213623047,1918200.0
2026-07-16,121.38999938964844,123.22000122070312,121.0,123.0199966430664,2513100.0
2026-07-17,124.0199966430664,125.93000030517578,123.95999908447266,124.72000122070312,4031500.0
2026-07-20,124.7300033569336,125.05000305175781,123.9000015258789,124.08000183105469,1672000.0
2026-07-21,123.75,123.83000183105469,122.43000030517578,123.58999633789062,2049400.0
2026-07-22,123.77999877929688,124.52999877929688,122.94999694824219,123.58000183105469,1567100.0
2026-07-23,123.66000366210938,124.62000274658203,122.66999816894531,124.33999633789062,1715900.0
2026-07-24,124.29000091552734,125.70999908447266,123.75,125.5999984741211,1518600.0
2026-07-27,125.51000213623047,126.87000274658203,125.5,126.55999755859375,1962600.0
2026-07-28,127.63999938964844,129.6199951171875,127.0,129.5500030517578,1947300.0
2026-07-29,129.1699981689453,130.22000122070312,128.30999755859375,128.6699981689453,1758400.0
2026-07-30,128.32000732421875,128.4499969482422,126.06999969482422,127.36000061035156,1696900.0
2026-07-31,126.51000213623047,128.02999877929688,126.0,127.4800033569336,2042600.0
2026-08-03,127.83999633789062,128.3000030517578,126.30000305175781,126.70999908447266,1963300.0
2026-08-04,125.79000091552734,126.48999786376953,124.44999694824219,125.1500015258789,2519800.0
2026-08-05,125.51000213623047,125.87999725341797,124.27999877929688,125.55999755859375,2094500.0
2026-08-06,126.25,126.79000091552734,125.47000122070312,126.66000366210938,2233700.0
2026-08-07,126.66000366210938,126.98999786376953,122.91000366210938,124.61000061035156,2452900.0
2026-08-10,124.0999984741211,124.80000305175781,121.16999816894531,121.94000244140625,3484400.0
2026-08-11,121.06999969482422,121.88999938964844,120.93000030517578,121.06999969482422,1685500.0
2026-08-12,120.19000244140625,121.44999694824219,120.06999969482422,120.7300033569336,1471000.0
2026-08-13,121.29000091552734,121.88999938964844,119.73999786376953,121.0999984741211,1551400.0
2026-08-14,120.97000122070312,121.91000366210938,120.7300033569336,121.44999694824219,1439300.0
2026-08-17,121.30000305175781,122.4000015258789,120.91999816894531,120.9800033569336,1492000.0
2026-08-18,122.20999908447266,122.79000091552734,121.52999877929688,121.7300033569336,2045200.0
2026-08-19,120.01000213623047,121.05000305175781,116.0,116.51000213623047,3014800.0
2026-08-20,116.16999816894531,117.31999969482422,115.81999969482422,116.16999816894531,2091500.0
2026-08-21,116.51000213623047,117.18000030517578,115.97000122070312,116.06999969482422,1993100.0
2026-08-24,117.08000183105469,118.30000305175781,117.08000183105469,118.19999694824219,1352200.0
2026-08-25,118.1500015258789,118.44000244140625,116.11000061035156,116.18000030517578,1808300.0
2026-08-26,116.44999694824219,117.68000030517578,116.44999694824219,117.44999694824219,1684200.0
2026-08-27,116.44000244140625,117.37000274658203,116.04000091552734,116.58000183105469,1772800.0
2026-08-28,117.23999786376953,117.58999633789062,116.19000244140625,116.5199966430664,2739100.0
2026-08-31,116.51000213623047,116.62999725341797,115.69999694824219,115.8499984741211,3853100.0
2026-09-01,116.76000213623047,117.3499984741211,114.86000061035156,116.0199966430664,3159000.0
2026-09-02,116.33999633789062,117.51000213623047,115.94999694824219,117.23999786376953,2229700.0
2026-09-03,118.45999908447266,119.19000244140625,118.20999908447266,118.36000061035156,2055200.0
2026-09-04,117.51000213623047,118.37999725341797,117.05000305175781,117.20999908447266,1909200.0
2026-09-08,116.58999633789062,116.77999877929688,114.87000274658203,115.16000366210938,2139400.0
2026-09-09,114.76000213623047,115.2699966430664,114.38999938964844,114.73999786376953,1757300.0
2026-09-10,115.73999786376953,115.94999694824219,113.5999984741211,114.47000122070312,2005100.0
2026-09-11,115.72000122070312,115.7699966430664,114.30000305175781,115.27999877929688,1408600.0
2026-09-14,116.5,117.08999633789062,114.05999755859375,117.01000213623047,1837600.0
2026-09-15,116.80999755859375,117.7699966430664,116.02999877929688,117.55000305175781,2201200.0
2026-09-16,117.2300033569336,118.08999633789062,116.1500015258789,116.80999755859375,2475700.0
2026-09-17,117.0199966430664,117.18000030517578,115.81999969482422,116.5999984741211,1721000.0
2026-09-18,115.56999969482422,116.81999969482422,115.0999984741211,116.33000183105469,6744200.0
2026-09-21,116.41000366210938,116.7300033569336,114.98999786376953,115.18000030517578,1886300.0
2026-09-23,114.05999755859375,116.19000244140625,114.04000091552734,115.2300033569336,1928700.0
2026-09-24,115.7699966430664,116.0999984741211,113.80999755859375,114.01000213623047,1600400.0
