date,open,high,low,close,volume
2016-09-26,76.55000305175781,77.13999938964844,76.19999694824219,76.68000030517578,662700.0
2016-09-27,76.94999694824219,77.41999816894531,76.0199966430664,76.1500015258789,876000.0
2016-09-28,76.2300033569336,76.38999938964844,75.56999969482422,76.2300033569336,772900.0
2016-09-29,75.88999938964844,76.01000213623047,74.76000213623047,74.9800033569336,939100.0
2016-09-30,75.51000213623047,75.72000122070312,74.51000213623047,74.83999633789062,1738900.0
2016-10-03,74.62999725341797,74.86000061035156,73.83000183105469,74.05999755859375,1080100.0
2016-10-04,73.8499984741211,74.18000030517578,71.30999755859375,71.91000366210938,1789900.0
2016-10-05,72.08000183105469,72.4800033569336,71.12000274658203,71.16999816894531,1219900.0
2016-10-06,71.16999816894531,71.38999938964844,70.55999755859375,71.19999694824219,1466900.0
2016-10-07,71.77999877929688,72.20999908447266,70.61000061035156,70.63999938964844,1031100.0
2016-10-10,70.83000183105469,71.5999984741211,70.81999969482422,71.37999725341797,855100.0
2016-10-11,71.0999984741211,71.0999984741211,70.12000274658203,70.48999786376953,916800.0
2016-10-12,70.48999786376953,71.47000122070312,70.47000122070312,71.29000091552734,839700.0
2016-10-13,71.4000015258789,72.30000305175781,71.16999816894531,71.76000213623047,748200.0
2016-10-14,71.76000213623047,72.48999786376953,71.45999908447266,71.7300033569336,866900.0
2016-10-17,71.93000030517578,72.19999694824219,71.62999725341797,71.73999786376953,538100.0
2016-10-18,72.2300033569336,72.69000244140625,71.5,72.41999816894531,954600.0
2016-10-19,72.19000244140625,72.30999755859375,70.93000030517578,71.66000366210938,1141100.0
2016-10-20,71.75,72.19000244140625,71.51000213623047,71.75,664200.0
2016-10-21,71.2699966430664,71.8499984741211,71.19999694824219,71.58999633789062,594500.0
2016-10-24,71.81999969482422,72.18000030517578,71.61000061035156,72.08999633789062,846700.0
2016-10-25,71.9800033569336,72.69999694824219,71.66999816894531,72.63999938964844,713600.0
2016-10-26,72.58999633789062,72.87000274658203,72.16999816894531,72.51000213623047,729400.0
2016-10-27,72.4000015258789,72.55000305175781,71.87000274658203,72.31999969482422,872600.0
2016-10-28,72.45999908447266,72.87000274658203,72.08999633789062,72.52999877929688,739500.0
2016-10-31,72.80999755859375,74.48999786376953,72.66999816894531,74.04000091552734,1371900.0
2016-11-01,74.05000305175781,74.05000305175781,72.91000366210938,73.05000305175781,1169400.0
2016-11-02,72.98999786376953,73.0,71.77999877929688,72.48999786376953,1063500.0
2016-11-03,71.58000183105469,72.41000366210938,71.31999969482422,72.08999633789062,958600.0
2016-11-04,72.36000061035156,72.55000305175781,70.58000183105469,70.58999633789062,1184600.0
2016-11-07,70.6500015258789,71.36000061035156,69.73999786376953,71.3499984741211,871900.0
2016-11-08,71.4800033569336,72.83000183105469,71.4800033569336,72.41999816894531,803600.0
2016-11-09,73.5199966430664,73.61000061035156,71.98999786376953,72.25,1735600.0
2016-11-10,72.11000061035156,72.18000030517578,69.41000366210938,71.02999877929688,2342400.0
2016-11-11,70.87000274658203,72.4000015258789,70.87000274658203,71.27999877929688,1038200.0
2016-11-14,71.0199966430664,71.44999694824219,69.79000091552734,70.61000061035156,1231000.0
2016-11-15,71.13999938964844,71.81999969482422,70.94000244140625,71.62000274658203,1181800.0
2016-11-16,71.6500015258789,72.12000274658203,70.81999969482422,71.94999694824219,1153700.0
2016-11-17,71.7300033569336,72.27999877929688,71.5,71.79000091552734,921100.0
2016-11-18,71.75,72.26000213623047,71.4000015258789,71.83000183105469,995500.0
2016-11-21,72.0999984741211,72.51000213623047,71.76000213623047,72.44000244140625,829300.0
2016-11-22,72.63999938964844,74.30999755859375,72.0999984741211,74.13999938964844,984100.0
2016-11-23,73.5999984741211,74.30999755859375,72.19000244140625,72.48999786376953,902000.0
2016-11-25,72.63999938964844,74.4800033569336,72.63999938964844,74.36000061035156,550200.0
2016-11-28,74.66999816894531,75.62000274658203,74.6500015258789,74.9000015258789,955400.0
2016-11-29,74.8499984741211,76.12000274658203,74.80999755859375,75.9800033569336,978300.0
2016-11-30,75.55000305175781,75.55000305175781,72.45999908447266,72.47000122070312,1517100.0
2016-12-01,72.02999877929688,72.4000015258789,70.93000030517578,71.72000122070312,1005800.0
2016-12-02,72.2300033569336,72.83999633789062,72.06999969482422,72.5199966430664,1142600.0
2016-12-05,72.12999725341797,72.55000305175781,70.9800033569336,72.5199966430664,845000.0
2016-12-06,72.5,72.83999633789062,71.95999908447266,72.22000122070312,1067900.0
2016-12-07,72.37999725341797,73.02999877929688,72.23999786376953,72.66000366210938,1056200.0
2016-12-08,72.12000274658203,73.12999725341797,71.58999633789062,73.05000305175781,961400.0
2016-12-09,73.16000366210938,73.25,72.37999725341797,73.0199966430664,987400.0
2016-12-12,72.5,73.75,72.5,73.73999786376953,1108600.0
2016-12-13,73.69999694824219,74.56999969482422,73.69999694824219,74.1500015258789,1257600.0
2016-12-14,74.54000091552734,74.87999725341797,71.87000274658203,71.94000244140625,1171800.0
2016-12-15,71.88999938964844,72.31999969482422,71.51000213623047,71.9800033569336,1179500.0
2016-12-16,72.44999694824219,73.08999633789062,71.91999816894531,72.87999725341797,2626000.0
2016-12-19,73.08999633789062,73.5199966430664,72.30999755859375,73.30999755859375,795200.0
2016-12-20,73.51000213623047,74.31999969482422,73.01000213623047,73.19000244140625,1193700.0
2016-12-21,73.36000061035156,73.97000122070312,72.77999877929688,72.80000305175781,922600.0
2016-12-22,72.83000183105469,73.16999816894531,72.33000183105469,72.44000244140625,799400.0
2016-12-23,72.66000366210938,73.08999633789062,72.51000213623047,72.94999694824219,393400.0
2016-12-27,72.75,73.19000244140625,72.58000183105469,73.08000183105469,507900.0
2016-12-28,73.12000274658203,73.22000122070312,71.9000015258789,71.9800033569336,595200.0
2016-12-29,71.9800033569336,72.79000091552734,71.76000213623047,72.72000122070312,794200.0
2016-12-30,72.66000366210938,72.88999938964844,72.02999877929688,72.36000061035156,775400.0
2017-01-03,72.37000274658203,72.44999694824219,71.51000213623047,72.25,806300.0
2017-01-04,72.48999786376953,73.0,72.16000366210938,72.80999755859375,640000.0
2017-01-05,72.69000244140625,73.20999908447266,71.72000122070312,72.93000030517578,763100.0
2017-01-06,72.6500015258789,73.06999969482422,72.44999694824219,72.83999633789062,919700.0
2017-01-09,72.87999725341797,73.0,71.19000244140625,71.3499984741211,794100.0
2017-01-10,71.20999908447266,71.25,70.5199966430664,70.72000122070312,1087800.0
2017-01-11,70.66000366210938,71.25,70.31999969482422,70.56999969482422,945600.0
2017-01-12,70.5999984741211,70.87000274658203,69.95999908447266,70.69000244140625,949100.0
2017-01-13,70.62000274658203,71.05000305175781,70.4000015258789,70.81999969482422,589500.0
2017-01-17,71.11000061035156,72.33000183105469,71.01000213623047,72.06999969482422,957300.0
2017-01-18,72.01000213623047,72.63999938964844,71.56999969482422,72.5999984741211,1361100.0
2017-01-19,71.80999755859375,72.5199966430664,71.7300033569336,71.87000274658203,834300.0
2017-01-20,71.81999969482422,72.4000015258789,71.58000183105469,71.93000030517578,813000.0
2017-01-23,72.01000213623047,72.20999908447266,71.4800033569336,71.7699966430664,743500.0
2017-01-24,71.7699966430664,72.0,71.30999755859375,71.91000366210938,819100.0
2017-01-25,71.44000244140625,71.87999725341797,71.0,71.72000122070312,1202100.0
2017-01-26,71.66999816894531,72.43000030517578,71.5,72.19000244140625,941300.0
2017-01-27,72.30000305175781,72.5,72.01000213623047,72.30999755859375,869300.0
2017-01-30,71.91999816894531,72.36000061035156,71.55000305175781,71.91000366210938,1073900.0
2017-01-31,71.94999694824219,73.47000122070312,71.88999938964844,73.44000244140625,1062500.0
2017-02-01,72.91000366210938,72.91999816894531,71.62999725341797,71.80000305175781,1315400.0
2017-02-02,71.91000366210938,73.04000091552734,71.76000213623047,72.98999786376953,1099100.0
2017-02-03,72.69000244140625,72.97000122070312,72.06999969482422,72.41000366210938,736100.0
2017-02-06,72.54000091552734,72.54000091552734,71.88999938964844,72.08999633789062,857500.0
2017-02-07,72.05000305175781,72.2300033569336,71.69999694824219,72.08999633789062,783500.0
2017-02-08,72.2300033569336,73.1500015258789,71.94000244140625,72.93000030517578,790800.0
2017-02-09,72.93000030517578,73.12000274658203,72.45999908447266,72.8499984741211,716200.0
2017-02-10,72.87000274658203,73.47000122070312,72.55000305175781,73.45999908447266,701200.0
2017-02-13,73.37999725341797,73.69999694824219,72.9800033569336,73.22000122070312,650300.0
2017-02-14,72.91999816894531,73.22000122070312,72.52999877929688,72.80999755859375,777100.0
2017-02-15,72.47000122070312,73.04000091552734,71.88999938964844,73.01000213623047,670200.0
2017-02-16,73.12000274658203,73.7300033569336,73.01000213623047,73.44000244140625,625400.0
2017-02-17,73.44000244140625,74.0199966430664,73.16000366210938,73.80999755859375,2662800.0
2017-02-21,73.80999755859375,74.44000244140625,73.62999725341797,74.37999725341797,1024800.0
2017-02-22,75.0,75.23999786376953,73.05000305175781,74.91999816894531,1212700.0
2017-02-23,75.01000213623047,75.75,74.9800033569336,75.56999969482422,993400.0
2017-02-24,75.70999908447266,76.69000244140625,75.70999908447266,76.30000305175781,866200.0
2017-02-27,76.22000122070312,76.75,75.77999877929688,76.44999694824219,830300.0
2017-02-28,76.48999786376953,78.7300033569336,76.2699966430664,78.0,1766400.0
2017-03-01,77.04000091552734,78.44000244140625,76.87999725341797,77.66000366210938,1647600.0
2017-03-02,77.54000091552734,78.11000061035156,77.05000305175781,77.83999633789062,1341000.0
2017-03-03,77.87999725341797,78.08000183105469,77.02999877929688,77.33999633789062,914700.0
2017-03-06,77.2300033569336,77.58999633789062,77.05999755859375,77.30000305175781,752600.0
2017-03-07,77.30000305175781,77.4800033569336,76.8499984741211,76.88999938964844,692500.0
2017-03-08,76.31999969482422,76.33999633789062,75.25,75.47000122070312,650600.0
2017-03-09,75.48999786376953,75.91999816894531,75.08999633789062,75.27999877929688,557500.0
2017-03-10,75.80999755859375,76.16999816894531,75.29000091552734,75.91999816894531,597200.0
2017-03-13,76.0,76.43000030517578,75.91999816894531,76.08999633789062,674700.0
2017-03-14,76.0,76.44999694824219,75.83000183105469,76.01000213623047,367800.0
2017-03-15,75.5199966430664,77.45999908447266,75.23999786376953,77.22000122070312,760600.0
2017-03-16,76.9000015258789,77.04000091552734,75.66000366210938,75.73999786376953,843800.0
2017-03-17,75.66000366210938,76.72000122070312,75.56999969482422,76.19999694824219,1876600.0
2017-03-20,76.4000015258789,76.43000030517578,75.51000213623047,75.93000030517578,522400.0
2017-03-21,76.0,76.77999877929688,75.52999877929688,76.48999786376953,801300.0
2017-03-22,76.86000061035156,77.44000244140625,76.86000061035156,77.16000366210938,859600.0
2017-03-23,77.0,77.58000183105469,76.29000091552734,76.48999786376953,647700.0
2017-03-24,76.62999725341797,77.2300033569336,76.30000305175781,77.08999633789062,571900.0
2017-03-27,77.58000183105469,77.66999816894531,76.41000366210938,76.83999633789062,877600.0
2017-03-28,76.70999908447266,77.27999877929688,76.44000244140625,77.19000244140625,951600.0
2017-03-29,77.06999969482422,77.3499984741211,76.47000122070312,77.16999816894531,1035500.0
2017-03-30,77.05000305175781,77.19000244140625,76.31999969482422,77.0,949600.0
2017-03-31,77.08999633789062,78.05000305175781,77.05999755859375,77.7699966430664,1453700.0
2017-04-03,77.58999633789062,77.75,76.7300033569336,77.13999938964844,915900.0
2017-04-04,77.26000213623047,77.97000122070312,77.0999984741211,77.72000122070312,735800.0
2017-04-05,77.69999694824219,78.51000213623047,77.36000061035156,78.29000091552734,896600.0
2017-04-06,78.05999755859375,78.29000091552734,77.33999633789062,77.94000244140625,684900.0
2017-04-07,78.02999877929688,78.4800033569336,77.8499984741211,77.9000015258789,540400.0
2017-04-10,78.0,78.08999633789062,77.4800033569336,78.0199966430664,487400.0
2017-04-11,77.94000244140625,78.5,77.75,78.30000305175781,657300.0
2017-04-12,78.37000274658203,78.83999633789062,78.11000061035156,78.81999969482422,1039300.0
2017-04-13,78.79000091552734,78.94999694824219,78.12999725341797,78.56999969482422,581100.0
2017-04-17,78.5999984741211,79.2300033569336,78.56999969482422,79.16000366210938,788000.0
2017-04-18,79.22000122070312,79.63999938964844,79.0199966430664,79.5,660800.0
2017-04-19,79.4800033569336,79.69000244140625,79.01000213623047,79.31999969482422,723300.0
2017-04-20,79.31999969482422,79.31999969482422,78.36000061035156,79.16999816894531,874000.0
2017-04-21,79.27999877929688,80.63999938964844,79.20999908447266,80.51000213623047,1126100.0
2017-04-24,80.51000213623047,81.26000213623047,80.27999877929688,80.7699966430664,1101400.0
2017-04-25,80.5,81.0999984741211,80.5,80.97000122070312,731800.0
2017-04-26,80.5199966430664,80.62999725341797,79.63999938964844,80.2300033569336,1104600.0
2017-04-27,80.33999633789062,81.48999786376953,80.33999633789062,80.41000366210938,913300.0
2017-04-28,80.3499984741211,80.69000244140625,79.55999755859375,79.76000213623047,1082800.0
2017-05-01,79.83000183105469,80.05000305175781,78.9000015258789,78.98999786376953,769900.0
2017-05-02,79.11000061035156,79.58000183105469,78.83000183105469,79.11000061035156,1298600.0
2017-05-03,78.73999786376953,78.73999786376953,77.55999755859375,77.69999694824219,1254900.0
2017-05-04,76.44000244140625,77.16000366210938,75.2699966430664,75.68000030517578,1845900.0
2017-05-05,76.05999755859375,76.86000061035156,75.80000305175781,76.6500015258789,1069200.0
2017-05-08,76.87000274658203,77.4000015258789,76.31999969482422,76.56999969482422,1331000.0
2017-05-09,76.26000213623047,76.41999816894531,75.16000366210938,75.30000305175781,1409200.0
2017-05-10,75.2699966430664,75.91999816894531,75.16000366210938,75.68000030517578,1121200.0
2017-05-11,75.44000244140625,75.7699966430664,74.8499984741211,75.72000122070312,749300.0
2017-05-12,75.70999908447266,76.69000244140625,75.51000213623047,76.30999755859375,1078000.0
2017-05-15,76.22000122070312,76.73999786376953,76.12999725341797,76.5,798700.0
2017-05-16,76.69000244140625,76.7699966430664,75.69999694824219,75.8499984741211,1084900.0
2017-05-17,75.8499984741211,75.8499984741211,74.87999725341797,75.55000305175781,983400.0
2017-05-18,75.66000366210938,75.94999694824219,74.62999725341797,75.25,1253600.0
2017-05-19,75.4000015258789,75.91999816894531,74.83999633789062,75.86000061035156,560800.0
2017-05-22,75.5199966430664,76.47000122070312,75.5,76.37000274658203,796700.0
2017-05-23,76.20999908447266,77.0,76.20999908447266,76.56999969482422,685400.0
2017-05-24,76.51000213623047,77.13999938964844,76.48999786376953,77.04000091552734,536900.0
2017-05-25,77.04000091552734,77.8499984741211,76.72000122070312,77.7300033569336,630800.0
2017-05-26,77.9000015258789,77.97000122070312,77.31999969482422,77.52999877929688,703100.0
2017-05-30,77.45999908447266,78.0,77.13999938964844,77.7699966430664,840900.0
2017-05-31,77.62000274658203,78.37000274658203,77.5999984741211,78.18000030517578,1145600.0
2017-06-01,78.29000091552734,78.8499984741211,77.94999694824219,78.80000305175781,571400.0
2017-06-02,79.0,79.48999786376953,78.7300033569336,79.0,692700.0
2017-06-05,78.87999725341797,79.25,78.75,78.80999755859375,536000.0
2017-06-06,79.02999877929688,79.23999786376953,78.63999938964844,78.75,612500.0
2017-06-07,78.94000244140625,79.52999877929688,78.86000061035156,79.36000061035156,869300.0
2017-06-08,79.36000061035156,79.36000061035156,78.11000061035156,78.69000244140625,1023500.0
2017-06-09,78.62000274658203,79.30000305175781,78.38999938964844,79.26000213623047,530700.0
2017-06-12,79.27999877929688,80.16999816894531,79.23999786376953,79.69999694824219,801600.0
2017-06-13,79.66000366210938,80.31999969482422,79.58000183105469,80.18000030517578,645900.0
2017-06-14,80.83000183105469,81.70999908447266,80.54000091552734,81.31999969482422,758400.0
2017-06-15,81.0999984741211,82.13999938964844,81.0999984741211,82.05999755859375,817700.0
2017-06-16,82.1500015258789,82.88999938964844,81.83000183105469,82.62999725341797,1664300.0
2017-06-19,82.73999786376953,82.79000091552734,81.13999938964844,81.33000183105469,794900.0
2017-06-20,81.44000244140625,81.52999877929688,80.94999694824219,81.29000091552734,477400.0
2017-06-21,81.12000274658203,81.2300033569336,80.26000213623047,80.70999908447266,558200.0
2017-06-22,80.75,81.36000061035156,80.26000213623047,81.0999984741211,582000.0
2017-06-23,80.94000244140625,81.56999969482422,80.9000015258789,81.12999725341797,1010700.0
2017-06-26,81.12999725341797,82.0,81.01000213623047,81.20999908447266,869700.0
2017-06-27,80.93000030517578,81.12000274658203,79.80000305175781,80.06999969482422,792200.0
2017-06-28,80.43000030517578,80.56999969482422,79.5999984741211,79.6500015258789,771900.0
2017-06-29,79.19999694824219,79.3499984741211,77.7300033569336,78.0999984741211,1453900.0
2017-06-30,78.0999984741211,78.77999877929688,77.8499984741211,77.94999694824219,993000.0
2017-07-03,78.25,78.54000091552734,77.87000274658203,78.06999969482422,381800.0
2017-07-05,78.06999969482422,78.23999786376953,77.5,77.91000366210938,605700.0
2017-07-06,77.73999786376953,78.11000061035156,77.37000274658203,77.5999984741211,577900.0
2017-07-07,77.79000091552734,78.2300033569336,77.52999877929688,77.76000213623047,659000.0
2017-07-10,78.0199966430664,78.26000213623047,77.77999877929688,77.87000274658203,623000.0
2017-07-11,77.94999694824219,78.05999755859375,77.36000061035156,77.75,486700.0
2017-07-12,78.44999694824219,79.12000274658203,78.3499984741211,78.5199966430664,785700.0
2017-07-13,78.55000305175781,78.62000274658203,77.69000244140625,77.76000213623047,672000.0
2017-07-14,78.33000183105469,78.9800033569336,78.12000274658203,78.63999938964844,768000.0
2017-07-17,78.63999938964844,79.3499984741211,78.37000274658203,79.31999969482422,695900.0
2017-07-18,79.33999633789062,79.93000030517578,79.22000122070312,79.66999816894531,692800.0
2017-07-19,79.83000183105469,80.13999938964844,79.55000305175781,80.0199966430664,418300.0
2017-07-20,80.36000061035156,81.25,80.1500015258789,81.0,702700.0
2017-07-21,81.08000183105469,81.91999816894531,80.87000274658203,81.91999816894531,585200.0
2017-07-24,81.69000244140625,81.69000244140625,80.91000366210938,80.93000030517578,521000.0
2017-07-25,80.93000030517578,81.12000274658203,80.47000122070312,80.76000213623047,468400.0
2017-07-26,80.55999755859375,81.45999908447266,80.44000244140625,81.3499984741211,307800.0
2017-07-27,81.3499984741211,81.37999725341797,80.19000244140625,80.80000305175781,623200.0
2017-07-28,80.87000274658203,81.1500015258789,80.5,81.05000305175781,495500.0
2017-07-31,81.04000091552734,81.36000061035156,80.55000305175781,81.0999984741211,775000.0
2017-08-01,81.22000122070312,81.5999984741211,80.91000366210938,81.37999725341797,599400.0
2017-08-02,81.06999969482422,82.11000061035156,80.83999633789062,82.0,870400.0
2017-08-03,81.25,81.55000305175781,79.7699966430664,80.6500015258789,1203800.0
2017-08-04,80.6500015258789,81.37999725341797,80.63999938964844,81.08000183105469,772500.0
2017-08-07,80.91000366210938,81.69000244140625,80.68000030517578,81.38999938964844,716700.0
2017-08-08,81.16999816894531,81.58999633789062,80.9800033569336,81.30999755859375,585700.0
2017-08-09,81.27999877929688,81.87999725341797,81.01000213623047,81.68000030517578,891400.0
2017-08-10,81.47000122070312,81.77999877929688,81.13999938964844,81.36000061035156,595500.0
2017-08-11,81.20999908447266,81.25,80.25,80.72000122070312,497200.0
2017-08-14,80.80999755859375,81.41000366210938,80.44000244140625,81.33000183105469,763600.0
2017-08-15,81.05000305175781,81.87000274658203,80.91000366210938,81.76000213623047,609100.0
2017-08-16,81.62000274658203,82.18000030517578,81.51000213623047,81.58999633789062,689900.0
2017-08-17,81.58999633789062,82.0,81.26000213623047,81.33000183105469,604700.0
2017-08-18,81.19999694824219,81.9800033569336,80.97000122070312,81.44000244140625,730300.0
2017-08-21,81.61000061035156,82.12999725341797,81.5199966430664,82.08000183105469,526800.0
2017-08-22,82.1500015258789,82.30999755859375,81.76000213623047,82.19000244140625,543800.0
2017-08-23,82.19000244140625,82.19000244140625,81.66999816894531,81.80000305175781,675500.0
2017-08-24,81.94000244140625,82.01000213623047,81.33999633789062,81.66999816894531,1160100.0
2017-08-25,81.94999694824219,82.37999725341797,81.75,81.95999908447266,457300.0
2017-08-28,82.0999984741211,82.30999755859375,81.81999969482422,82.0,551500.0
2017-08-29,82.0,82.0999984741211,81.33000183105469,81.36000061035156,630600.0
2017-08-30,81.30000305175781,81.37999725341797,80.58999633789062,80.8499984741211,1156100.0
2017-08-31,80.9800033569336,81.29000091552734,80.52999877929688,80.9000015258789,1195300.0
2017-09-01,81.06999969482422,81.16999816894531,80.63999938964844,80.83000183105469,414900.0
2017-09-05,80.86000061035156,80.91000366210938,80.22000122070312,80.81999969482422,784800.0
2017-09-06,81.06999969482422,81.06999969482422,80.38999938964844,80.8499984741211,662300.0
2017-09-07,81.0,81.72000122070312,80.87000274658203,81.5,568300.0
2017-09-08,81.37000274658203,82.0,80.88999938964844,81.95999908447266,463800.0
2017-09-11,81.94999694824219,83.05999755859375,81.94999694824219,82.91999816894531,553700.0
2017-09-12,82.91000366210938,82.91000366210938,81.37000274658203,81.75,591400.0
2017-09-13,81.9000015258789,81.9000015258789,81.27999877929688,81.36000061035156,647000.0
2017-09-14,81.19000244140625,82.30999755859375,80.83000183105469,82.2699966430664,1039200.0
2017-09-15,82.4800033569336,82.7300033569336,81.9800033569336,82.68000030517578,1285700.0
2017-09-18,82.68000030517578,82.68000030517578,81.62999725341797,82.23999786376953,658100.0
2017-09-19,82.25,82.66999816894531,81.87999725341797,82.31999969482422,687800.0
2017-09-20,82.5,83.13999938964844,81.73999786376953,82.4000015258789,1628800.0
2017-09-21,82.29000091552734,82.48999786376953,81.6500015258789,81.79000091552734,648700.0
2017-09-22,82.12000274658203,82.52999877929688,81.63999938964844,82.02999877929688,991000.0
2017-09-25,82.02999877929688,82.52999877929688,81.55999755859375,82.4800033569336,954600.0
2017-09-26,82.41000366210938,82.91999816894531,82.12999725341797,82.27999877929688,777200.0
2017-09-27,81.77999877929688,82.19000244140625,80.02999877929688,81.0,1324000.0
2017-09-28,80.62000274658203,81.11000061035156,79.94000244140625,81.11000061035156,1462300.0
2017-09-29,80.86000061035156,81.05000305175781,80.37999725341797,80.91000366210938,1985400.0
2017-10-02,81.18000030517578,81.91000366210938,80.88999938964844,81.7699966430664,885400.0
2017-10-03,81.66999816894531,81.76000213623047,80.9000015258789,81.75,606100.0
2017-10-04,81.76000213623047,82.61000061035156,81.4000015258789,82.51000213623047,736300.0
2017-10-05,82.61000061035156,82.93000030517578,82.27999877929688,82.91000366210938,666600.0
2017-10-06,82.5999984741211,83.0199966430664,82.20999908447266,82.7699966430664,611000.0
2017-10-09,82.95999908447266,83.54000091552734,82.87999725341797,83.20999908447266,622000.0
2017-10-10,83.38999938964844,84.08999633789062,83.2699966430664,84.06999969482422,712900.0
2017-10-11,83.91000366210938,84.70999908447266,83.87000274658203,84.44000244140625,725500.0
2017-10-12,84.43000030517578,85.16999816894531,84.23999786376953,85.0999984741211,1138900.0
2017-10-13,85.22000122070312,85.77999877929688,84.80000305175781,85.0199966430664,909500.0
2017-10-16,85.0199966430664,85.36000061035156,84.2699966430664,85.20999908447266,1123400.0
2017-10-17,85.12000274658203,86.12999725341797,85.02999877929688,86.02999877929688,1110700.0
2017-10-18,85.88999938964844,86.26000213623047,85.5,86.22000122070312,772500.0
2017-10-19,86.5,87.25,86.41000366210938,87.23999786376953,740100.0
2017-10-20,87.31999969482422,87.87000274658203,87.12999725341797,87.76000213623047,1099900.0
2017-10-23,87.75,87.86000061035156,87.37999725341797,87.7300033569336,785900.0
2017-10-24,87.72000122070312,87.95999908447266,86.19000244140625,86.81999969482422,1268500.0
2017-10-25,86.83999633789062,87.01000213623047,85.81999969482422,86.93000030517578,931500.0
2017-10-26,87.25,88.16000366210938,87.19999694824219,87.48999786376953,779100.0
2017-10-27,87.20999908447266,88.19999694824219,87.18000030517578,87.66999816894531,965500.0
2017-10-30,87.68000030517578,87.93000030517578,87.52999877929688,87.76000213623047,855300.0
2017-10-31,87.54000091552734,87.98999786376953,87.43000030517578,87.76000213623047,641300.0
2017-11-01,88.0,88.05000305175781,87.04000091552734,87.20999908447266,831700.0
2017-11-02,87.98999786376953,90.22000122070312,87.73999786376953,89.44999694824219,1430300.0
2017-11-03,88.5999984741211,89.16999816894531,88.02999877929688,88.76000213623047,951800.0
2017-11-06,88.70999908447266,89.20999908447266,88.36000061035156,88.61000061035156,733700.0
2017-11-07,88.86000061035156,90.12999725341797,88.23999786376953,90.0,725200.0
2017-11-08,89.8499984741211,90.48999786376953,89.41999816894531,90.23999786376953,843600.0
2017-11-09,89.73999786376953,90.4000015258789,88.70999908447266,89.30999755859375,965000.0
2017-11-10,89.05000305175781,89.33999633789062,88.36000061035156,88.73999786376953,693400.0
2017-11-13,88.66000366210938,89.77999877929688,88.5999984741211,89.5199966430664,682400.0
2017-11-14,89.36000061035156,90.76000213623047,89.27999877929688,90.70999908447266,690100.0
2017-11-15,90.81999969482422,91.38999938964844,89.77999877929688,89.81999969482422,1085900.0
2017-11-16,89.91999816894531,89.98999786376953,89.30000305175781,89.69000244140625,754400.0
2017-11-17,89.48999786376953,89.73999786376953,88.68000030517578,89.0199966430664,2047600.0
2017-11-20,89.06999969482422,89.27999877929688,88.18000030517578,88.37999725341797,1081700.0
2017-11-21,88.5,89.05999755859375,88.33000183105469,88.58000183105469,730200.0
2017-11-22,88.5,88.94999694824219,88.11000061035156,88.66000366210938,646600.0
2017-11-24,88.80000305175781,89.26000213623047,88.58000183105469,88.73999786376953,198400.0
2017-11-27,88.62999725341797,89.44999694824219,88.62999725341797,89.19999694824219,695700.0
2017-11-28,89.61000061035156,89.69999694824219,89.02999877929688,89.56999969482422,788300.0
2017-11-29,89.44000244140625,90.66999816894531,89.02999877929688,90.3499984741211,688900.0
2017-11-30,90.45999908447266,91.77999877929688,90.33999633789062,91.55999755859375,899900.0
2017-12-01,91.70999908447266,91.97000122070312,90.52999877929688,91.22000122070312,701500.0
2017-12-04,91.38999938964844,91.69999694824219,90.81999969482422,91.31999969482422,1026600.0
2017-12-05,91.5,91.72000122070312,90.44000244140625,90.66000366210938,621800.0
2017-12-06,90.95999908447266,91.19999694824219,90.33000183105469,90.94000244140625,536100.0
2017-12-07,90.69000244140625,91.0999984741211,90.30000305175781,91.08000183105469,515800.0
2017-12-08,91.05000305175781,91.55000305175781,90.69000244140625,91.5199966430664,610300.0
2017-12-11,91.55000305175781,92.37000274658203,90.47000122070312,92.25,1291800.0
2017-12-12,91.98999786376953,91.98999786376953,89.30000305175781,89.31999969482422,1270700.0
2017-12-13,89.41000366210938,90.63999938964844,89.30000305175781,89.93000030517578,989000.0
2017-12-14,89.9000015258789,90.88999938964844,88.8499984741211,90.3499984741211,1465800.0
2017-12-15,91.04000091552734,91.77999877929688,90.73999786376953,90.81999969482422,1782900.0
2017-12-18,90.7699966430664,91.41999816894531,90.06999969482422,90.48999786376953,785600.0
2017-12-19,90.77999877929688,90.77999877929688,89.0,89.0,560800.0
2017-12-20,89.12000274658203,89.8499984741211,88.98999786376953,89.33999633789062,695700.0
2017-12-21,89.20999908447266,90.08999633789062,88.81999969482422,89.69999694824219,1094100.0
2017-12-22,89.86000061035156,90.86000061035156,89.63999938964844,90.51000213623047,640200.0
2017-12-26,90.58000183105469,91.72000122070312,90.36000061035156,90.41999816894531,795700.0
2017-12-27,90.56999969482422,91.81999969482422,90.25,90.83999633789062,907600.0
2017-12-28,91.33999633789062,91.69000244140625,90.48999786376953,91.62000274658203,855300.0
2017-12-29,91.81999969482422,92.2699966430664,91.33999633789062,91.48999786376953,802400.0
2018-01-02,91.0,91.4800033569336,88.58999633789062,89.08000183105469,1139600.0
2018-01-03,88.51000213623047,89.43000030517578,87.91000366210938,88.44999694824219,946800.0
2018-01-04,88.2699966430664,88.81999969482422,87.3499984741211,87.61000061035156,931300.0
2018-01-05,87.77999877929688,88.02999877929688,86.36000061035156,86.75,1140900.0
2018-01-08,87.0,87.5199966430664,86.80000305175781,87.5,1284300.0
2018-01-09,87.5,87.54000091552734,85.87000274658203,86.70999908447266,864400.0
2018-01-10,86.51000213623047,86.51000213623047,85.36000061035156,85.69999694824219,829000.0
2018-01-11,84.86000061035156,84.98999786376953,84.0199966430664,84.73999786376953,1394200.0
2018-01-12,84.41000366210938,84.62000274658203,80.56999969482422,80.83000183105469,4003600.0
2018-01-16,81.25,83.5999984741211,80.95999908447266,82.22000122070312,3111500.0
2018-01-17,82.08999633789062,82.80000305175781,81.9800033569336,82.51000213623047,1482100.0
2018-01-18,82.47000122070312,83.12999725341797,81.83000183105469,82.41000366210938,1561100.0
2018-01-19,82.83999633789062,83.52999877929688,82.37999725341797,83.01000213623047,1323900.0
2018-01-22,83.44999694824219,83.75,82.66000366210938,82.95999908447266,1317800.0
2018-01-23,82.86000061035156,84.69999694824219,82.83000183105469,84.19999694824219,1114000.0
2018-01-24,84.19999694824219,84.48999786376953,83.62999725341797,83.75,853500.0
2018-01-25,83.97000122070312,84.61000061035156,83.19999694824219,84.52999877929688,764800.0
2018-01-26,84.6500015258789,85.0,83.83000183105469,84.94000244140625,869500.0
2018-01-29,84.6500015258789,84.6500015258789,83.19999694824219,83.73999786376953,829800.0
2018-01-30,82.93000030517578,84.02999877929688,82.83999633789062,83.11000061035156,1030600.0
2018-01-31,83.2699966430664,83.2699966430664,82.5199966430664,83.16999816894531,1175200.0
2018-02-01,83.27999877929688,83.51000213623047,81.52999877929688,81.83999633789062,1334000.0
2018-02-02,81.70999908447266,82.29000091552734,81.0,81.22000122070312,1101800.0
2018-02-05,81.0,81.54000091552734,78.61000061035156,78.81999969482422,1883700.0
2018-02-06,78.0199966430664,79.26000213623047,76.79000091552734,78.95999908447266,2169600.0
2018-02-07,79.0,79.73999786376953,77.95999908447266,77.95999908447266,1268700.0
2018-02-08,77.7699966430664,78.45999908447266,76.04000091552734,76.05999755859375,1572000.0
2018-02-09,76.61000061035156,78.68000030517578,76.38999938964844,77.94000244140625,1775400.0
2018-02-12,78.20999908447266,78.33999633789062,77.06999969482422,77.91999816894531,1016900.0
2018-02-13,77.83000183105469,78.93000030517578,77.30999755859375,78.7699966430664,921200.0
2018-02-14,78.0999984741211,78.81999969482422,77.68000030517578,78.33000183105469,725600.0
2018-02-15,78.43000030517578,79.72000122070312,78.3499984741211,79.70999908447266,718100.0
2018-02-16,79.69000244140625,81.05999755859375,79.43000030517578,80.5,1012700.0
2018-02-20,80.25,80.83000183105469,79.56999969482422,79.8499984741211,1026000.0
2018-02-21,79.04000091552734,81.05999755859375,78.81999969482422,78.8499984741211,1250400.0
2018-02-22,78.87000274658203,79.55000305175781,78.26000213623047,78.73999786376953,988200.0
2018-02-23,78.80999755859375,80.80000305175781,78.80999755859375,80.62999725341797,655800.0
2018-02-26,81.5,81.63999938964844,80.58000183105469,80.80000305175781,804200.0
2018-02-27,80.98999786376953,81.94000244140625,79.7300033569336,79.95999908447266,986700.0
2018-02-28,79.87999725341797,80.76000213623047,79.36000061035156,79.36000061035156,1069300.0
2018-03-01,79.27999877929688,80.37000274658203,78.38999938964844,79.1500015258789,1233900.0
2018-03-02,78.95999908447266,80.13999938964844,78.1500015258789,78.87999725341797,1373800.0
2018-03-05,78.7300033569336,80.87999725341797,78.66000366210938,80.19000244140625,1992400.0
2018-03-06,80.1500015258789,80.37000274658203,79.51000213623047,79.69000244140625,1122500.0
2018-03-07,79.43000030517578,80.5199966430664,79.1500015258789,80.18000030517578,1061800.0
2018-03-08,80.5,81.08000183105469,80.25,80.80000305175781,948000.0
2018-03-09,80.93000030517578,81.37999725341797,80.45999908447266,81.36000061035156,665900.0
2018-03-12,81.3499984741211,82.38999938964844,81.31999969482422,82.19999694824219,959300.0
2018-03-13,82.48999786376953,82.66999816894531,80.62999725341797,80.75,916500.0
2018-03-14,81.04000091552734,81.83000183105469,80.55999755859375,81.19999694824219,904400.0
2018-03-15,81.30999755859375,82.2300033569336,81.19999694824219,81.47000122070312,785300.0
2018-03-16,81.68000030517578,82.4000015258789,81.4800033569336,82.16000366210938,1952200.0
2018-03-19,82.16000366210938,82.58999633789062,80.91999816894531,81.5199966430664,1002800.0
2018-03-20,81.51000213623047,81.97000122070312,81.19999694824219,81.41999816894531,645400.0
2018-03-21,81.43000030517578,82.04000091552734,80.58999633789062,80.8499984741211,570600.0
2018-03-22,80.9000015258789,82.06999969482422,80.0999984741211,80.1500015258789,791200.0
2018-03-23,80.76000213623047,81.62000274658203,79.0199966430664,79.2300033569336,784700.0
2018-03-26,79.41000366210938,80.01000213623047,78.88999938964844,79.87000274658203,742400.0
2018-03-27,80.0,81.69000244140625,79.25,80.69000244140625,1111400.0
2018-03-28,80.80999755859375,81.43000030517578,80.56999969482422,81.19000244140625,846700.0
2018-03-29,81.33999633789062,82.54000091552734,81.33999633789062,82.12999725341797,1069600.0
2018-04-02,82.29000091552734,82.31999969482422,80.45999908447266,81.19999694824219,927700.0
2018-04-03,81.0999984741211,81.55000305175781,80.51000213623047,81.16000366210938,1058100.0
2018-04-04,80.81999969482422,81.44999694824219,80.26000213623047,81.19999694824219,763400.0
2018-04-05,81.31999969482422,82.20999908447266,80.20999908447266,82.11000061035156,734100.0
2018-04-06,82.2300033569336,82.73999786376953,81.81999969482422,81.91999816894531,1216400.0
2018-04-09,81.87000274658203,82.72000122070312,81.44999694824219,82.13999938964844,728400.0
2018-04-10,82.41999816894531,82.6500015258789,81.66999816894531,81.80000305175781,657300.0
2018-04-11,81.58000183105469,82.23999786376953,81.33000183105469,81.80999755859375,794300.0
2018-04-12,80.9000015258789,81.47000122070312,80.25,80.6500015258789,2152500.0
2018-04-13,81.04000091552734,81.58000183105469,80.6500015258789,80.86000061035156,934700.0
2018-04-16,82.0,83.0,81.8499984741211,82.62000274658203,1254200.0
2018-04-17,83.02999877929688,84.44999694824219,82.80000305175781,84.06999969482422,1032200.0
2018-04-18,84.12999725341797,84.58000183105469,83.68000030517578,83.68000030517578,959400.0
2018-04-19,83.52999877929688,83.9000015258789,83.1500015258789,83.66000366210938,896800.0
2018-04-20,83.69000244140625,83.87999725341797,83.16999816894531,83.66999816894531,834600.0
2018-04-23,83.63999938964844,84.29000091552734,83.18000030517578,84.27999877929688,575500.0
2018-04-24,84.52999877929688,85.23999786376953,84.02999877929688,84.7699966430664,828200.0
2018-04-25,84.54000091552734,85.2300033569336,84.01000213623047,84.75,504300.0
2018-04-26,85.12000274658203,86.02999877929688,84.31999969482422,85.88999938964844,679900.0
2018-04-27,85.87000274658203,86.98999786376953,85.80999755859375,86.77999877929688,936500.0
2018-04-30,86.91000366210938,87.19000244140625,86.37000274658203,86.58000183105469,745400.0
2018-05-01,86.37999725341797,86.80000305175781,86.11000061035156,86.62999725341797,571400.0
2018-05-02,86.45999908447266,86.69999694824219,85.55999755859375,86.2300033569336,916600.0
2018-05-03,86.0199966430664,86.44999694824219,84.11000061035156,85.29000091552734,1107400.0
2018-05-04,85.19999694824219,85.94999694824219,84.61000061035156,85.72000122070312,555700.0
2018-05-07,85.80000305175781,85.80000305175781,84.5199966430664,84.80000305175781,647600.0
2018-05-08,84.20999908447266,84.62000274658203,82.83000183105469,83.01000213623047,629800.0
2018-05-09,83.19000244140625,83.37000274658203,82.44999694824219,83.2300033569336,853400.0
2018-05-10,83.4000015258789,83.81999969482422,82.9000015258789,83.73999786376953,607400.0
2018-05-11,83.9000015258789,83.9000015258789,83.04000091552734,83.4800033569336,480800.0
2018-05-14,83.4800033569336,83.83000183105469,82.48999786376953,82.66999816894531,838100.0
2018-05-15,82.4000015258789,82.55999755859375,81.02999877929688,81.4800033569336,806500.0
2018-05-16,81.52999877929688,81.75,80.31999969482422,80.5199966430664,691800.0
2018-05-17,80.0999984741211,80.5999984741211,79.94999694824219,80.33999633789062,723400.0
2018-05-18,80.61000061035156,80.87999725341797,79.93000030517578,80.44999694824219,765700.0
2018-05-21,80.5199966430664,80.87000274658203,80.05000305175781,80.52999877929688,753500.0
2018-05-22,80.80999755859375,81.12999725341797,80.4000015258789,80.51000213623047,630400.0
2018-05-23,80.63999938964844,81.1500015258789,80.55999755859375,80.94000244140625,644700.0
2018-05-24,81.16999816894531,82.16000366210938,80.83000183105469,82.05000305175781,1016200.0
2018-05-25,82.05000305175781,83.20999908447266,81.87999725341797,82.98999786376953,1033100.0
2018-05-29,82.97000122070312,84.5199966430664,82.77999877929688,83.91999816894531,1052500.0
2018-05-30,83.75,84.68000030517578,83.52999877929688,84.20999908447266,621600.0
2018-05-31,83.91000366210938,84.62999725341797,83.06999969482422,83.13999938964844,872600.0
2018-06-01,83.4000015258789,83.63999938964844,82.0,82.12999725341797,742400.0
2018-06-04,82.22000122070312,82.5999984741211,81.43000030517578,81.63999938964844,604500.0
2018-06-05,81.69000244140625,81.69000244140625,80.26000213623047,80.47000122070312,812000.0
2018-06-06,80.68000030517578,80.73999786376953,78.91000366210938,79.22000122070312,1011700.0
2018-06-07,79.44000244140625,80.08999633789062,78.94999694824219,79.2699966430664,1497300.0
2018-06-08,79.52999877929688,79.80000305175781,78.63999938964844,79.27999877929688,968500.0
2018-06-11,79.12999725341797,79.41000366210938,77.7300033569336,78.3499984741211,1059100.0
2018-06-12,78.26000213623047,79.54000091552734,78.04000091552734,79.4800033569336,774400.0
2018-06-13,79.48999786376953,79.86000061035156,78.56999969482422,78.93000030517578,970400.0
2018-06-14,78.95999908447266,79.9000015258789,78.95999908447266,79.77999877929688,963500.0
2018-06-15,79.66999816894531,81.13999938964844,78.91000366210938,81.05000305175781,2407800.0
2018-06-18,80.83999633789062,81.97000122070312,80.83999633789062,81.94999694824219,867900.0
2018-06-19,81.81999969482422,83.25,81.81999969482422,82.80000305175781,1234600.0
2018-06-20,82.95999908447266,83.41000366210938,82.56999969482422,83.16999816894531,815600.0
2018-06-21,83.08999633789062,83.4000015258789,82.19999694824219,82.36000061035156,658700.0
2018-06-22,82.47000122070312,83.58999633789062,82.33999633789062,83.41999816894531,909500.0
2018-06-25,83.6500015258789,85.48999786376953,83.33000183105469,85.30000305175781,1124700.0
2018-06-26,85.08000183105469,85.98999786376953,85.0,85.29000091552734,929000.0
2018-06-27,84.93000030517578,86.13999938964844,84.66999816894531,85.73999786376953,1092100.0
2018-06-28,85.76000213623047,86.56999969482422,85.37000274658203,85.51000213623047,720000.0
2018-06-29,85.37999725341797,86.02999877929688,84.91000366210938,85.37999725341797,833200.0
2018-07-02,85.58999633789062,86.38999938964844,85.30000305175781,86.30999755859375,674900.0
2018-07-03,86.43000030517578,87.47000122070312,86.13999938964844,86.87999725341797,336000.0
2018-07-05,87.04000091552734,87.58000183105469,86.5,87.56999969482422,682700.0
2018-07-06,87.61000061035156,88.76000213623047,87.61000061035156,88.4800033569336,608300.0
2018-07-09,88.66999816894531,88.66999816894531,85.08000183105469,85.27999877929688,869400.0
2018-07-10,84.91000366210938,86.61000061035156,84.22000122070312,86.23999786376953,685900.0
2018-07-11,86.47000122070312,87.5199966430664,86.26000213623047,87.23999786376953,509700.0
2018-07-12,87.25,87.31999969482422,86.58000183105469,87.25,947400.0
2018-07-13,87.37000274658203,87.7699966430664,86.88999938964844,87.69999694824219,452900.0
2018-07-16,87.69999694824219,87.80999755859375,87.05999755859375,87.56999969482422,620700.0
2018-07-17,86.95999908447266,88.13999938964844,86.87999725341797,87.69000244140625,813100.0
2018-07-18,87.69000244140625,87.77999877929688,86.88999938964844,87.58000183105469,680700.0
2018-07-19,87.73999786376953,88.7300033569336,87.48999786376953,88.52999877929688,519700.0
2018-07-20,88.26000213623047,88.58000183105469,87.12000274658203,87.55000305175781,754800.0
2018-07-23,87.7300033569336,87.97000122070312,86.83000183105469,87.27999877929688,489400.0
2018-07-24,86.95999908447266,87.63999938964844,86.04000091552734,87.41999816894531,516300.0
2018-07-25,87.47000122070312,87.94000244140625,87.05999755859375,87.5199966430664,369700.0
2018-07-26,88.12999725341797,88.68000030517578,88.05000305175781,88.52999877929688,361400.0
2018-07-27,88.5,88.94999694824219,88.06999969482422,88.36000061035156,371300.0
2018-07-30,88.30999755859375,88.45999908447266,87.36000061035156,87.56999969482422,393300.0
2018-07-31,87.98999786376953,88.80999755859375,87.62000274658203,88.25,829300.0
2018-08-01,87.91999816894531,87.98999786376953,86.41999816894531,86.55999755859375,776700.0
2018-08-02,86.91000366210938,87.9800033569336,86.33000183105469,87.54000091552734,660600.0
2018-08-03,87.73999786376953,88.48999786376953,86.98999786376953,88.05000305175781,572400.0
2018-08-06,88.4800033569336,88.72000122070312,87.86000061035156,88.26000213623047,430200.0
2018-08-07,88.16000366210938,88.18000030517578,87.23999786376953,88.08000183105469,437200.0
2018-08-08,87.94000244140625,88.37000274658203,87.70999908447266,88.12000274658203,414500.0
2018-08-09,87.62999725341797,88.29000091552734,87.47000122070312,88.22000122070312,436700.0
2018-08-10,88.30000305175781,88.80000305175781,87.62999725341797,87.63999938964844,365000.0
2018-08-13,87.83999633789062,88.05000305175781,87.20999908447266,87.4000015258789,636300.0
2018-08-14,87.55999755859375,87.98999786376953,87.4000015258789,87.58999633789062,453300.0
2018-08-15,87.91999816894531,88.93000030517578,87.58000183105469,88.30000305175781,659900.0
2018-08-16,88.1500015258789,89.22000122070312,88.05999755859375,88.95999908447266,601900.0
2018-08-17,89.02999877929688,89.93000030517578,88.77999877929688,89.48999786376953,571700.0
2018-08-20,89.79000091552734,89.95999908447266,89.11000061035156,89.36000061035156,515000.0
2018-08-21,89.22000122070312,89.62000274658203,88.70999908447266,88.97000122070312,505800.0
2018-08-22,89.13999938964844,89.38999938964844,87.9000015258789,88.26000213623047,439900.0
2018-08-23,88.30999755859375,88.80999755859375,87.97000122070312,88.2699966430664,378800.0
2018-08-24,88.4000015258789,88.93000030517578,87.94999694824219,88.8499984741211,339900.0
2018-08-27,88.94999694824219,89.13999938964844,87.61000061035156,88.05000305175781,580600.0
2018-08-28,87.87999725341797,88.0999984741211,87.01000213623047,87.25,594400.0
2018-08-29,87.68000030517578,88.16000366210938,87.41999816894531,87.69000244140625,873400.0
2018-08-30,87.91999816894531,88.12999725341797,87.2300033569336,87.61000061035156,680300.0
2018-08-31,87.61000061035156,87.91999816894531,87.0199966430664,87.52999877929688,723600.0
2018-09-04,87.31999969482422,88.9000015258789,87.31999969482422,88.80000305175781,815700.0
2018-09-05,88.69000244140625,89.77999877929688,88.45999908447266,89.5,762700.0
2018-09-06,89.54000091552734,89.69000244140625,88.95999908447266,89.08999633789062,869700.0
2018-09-07,88.44000244140625,88.98999786376953,88.02999877929688,88.22000122070312,937900.0
2018-09-10,88.69000244140625,88.97000122070312,87.8499984741211,88.66999816894531,726400.0
2018-09-11,88.5,89.25,88.41999816894531,88.56999969482422,661900.0
2018-09-12,88.66000366210938,89.25,88.4000015258789,88.41000366210938,617700.0
2018-09-13,88.37999725341797,89.33999633789062,88.33000183105469,89.27999877929688,667900.0
2018-09-14,88.94000244140625,89.43000030517578,88.70999908447266,89.23999786376953,856800.0
2018-09-17,89.52999877929688,89.75,89.02999877929688,89.48999786376953,795300.0
2018-09-18,89.25,89.62000274658203,88.93000030517578,89.37999725341797,539700.0
2018-09-19,89.4000015258789,89.43000030517578,87.12000274658203,87.58000183105469,719700.0
2018-09-20,87.47000122070312,88.54000091552734,86.9000015258789,88.43000030517578,810900.0
2018-09-21,88.08000183105469,89.19999694824219,87.94999694824219,88.5999984741211,1948200.0
2018-09-24,88.51000213623047,88.83999633789062,87.77999877929688,87.81999969482422,672600.0
2018-09-25,87.61000061035156,88.06999969482422,86.52999877929688,86.66000366210938,549900.0
2018-09-26,86.76000213623047,87.25,85.87999725341797,85.91000366210938,969000.0
2018-09-27,86.11000061035156,87.33000183105469,85.9000015258789,86.95999908447266,850000.0
2018-09-28,87.18000030517578,88.04000091552734,87.18000030517578,87.97000122070312,698500.0
2018-10-01,87.87999725341797,87.88999938964844,87.0,87.52999877929688,458100.0
2018-10-02,87.81999969482422,88.58999633789062,87.80000305175781,88.3499984741211,459000.0
2018-10-03,88.33000183105469,88.91999816894531,86.83000183105469,87.66000366210938,717100.0
2018-10-04,87.48999786376953,87.76000213623047,86.76000213623047,87.66999816894531,609500.0
2018-10-05,87.62999725341797,89.44999694824219,87.62999725341797,89.04000091552734,586900.0
2018-10-08,89.2300033569336,90.47000122070312,89.2300033569336,89.93000030517578,613400.0
2018-10-09,90.06999969482422,90.68000030517578,89.72000122070312,90.56999969482422,781900.0
2018-10-10,90.37000274658203,91.95999908447266,90.36000061035156,90.48999786376953,985200.0
2018-10-11,90.79000091552734,90.97000122070312,87.43000030517578,87.44999694824219,1220900.0
2018-10-12,87.66000366210938,88.12000274658203,86.87999725341797,87.7300033569336,970800.0
2018-10-15,87.75,88.69999694824219,87.58000183105469,88.0,691300.0
2018-10-16,88.12000274658203,90.19999694824219,87.66999816894531,90.05000305175781,662100.0
2018-10-17,89.94000244140625,90.58000183105469,89.47000122070312,89.94999694824219,933600.0
2018-10-18,90.41999816894531,90.91999816894531,90.0199966430664,90.44999694824219,645600.0
2018-10-19,90.69999694824219,92.37000274658203,90.56999969482422,91.94000244140625,818600.0
2018-10-22,92.0,92.37999725341797,91.0999984741211,91.52999877929688,974900.0
2018-10-23,91.54000091552734,92.20999908447266,89.61000061035156,89.94999694824219,1218600.0
2018-10-24,90.12000274658203,92.79000091552734,89.83999633789062,91.68000030517578,1063900.0
2018-10-25,91.23999786376953,91.3499984741211,89.76000213623047,89.93000030517578,1094900.0
2018-10-26,90.3499984741211,90.69000244140625,87.44999694824219,88.2300033569336,1059200.0
2018-10-29,88.58000183105469,90.05000305175781,88.58000183105469,89.51000213623047,995100.0
2018-10-30,89.93000030517578,90.23999786376953,88.87999725341797,90.18000030517578,1011200.0
2018-10-31,90.0,90.08999633789062,88.41999816894531,88.52999877929688,1182800.0
2018-11-01,89.37000274658203,89.80999755859375,86.95999908447266,88.33000183105469,980500.0
2018-11-02,88.2300033569336,88.55000305175781,86.5999984741211,87.37999725341797,839400.0
2018-11-05,87.58000183105469,88.29000091552734,87.5,88.20999908447266,789200.0
2018-11-06,88.18000030517578,89.16999816894531,88.0199966430664,89.0999984741211,436600.0
2018-11-07,89.62000274658203,90.36000061035156,89.47000122070312,90.08999633789062,767300.0
2018-11-08,89.6500015258789,90.16000366210938,88.31999969482422,88.88999938964844,819900.0
2018-11-09,88.68000030517578,89.95999908447266,88.2699966430664,89.61000061035156,704400.0
2018-11-12,89.4800033569336,92.12999725341797,89.4000015258789,91.27999877929688,840300.0
2018-11-13,91.41000366210938,91.72000122070312,90.5999984741211,91.13999938964844,652800.0
2018-11-14,91.01000213623047,91.44999694824219,90.11000061035156,90.37999725341797,734000.0
2018-11-15,90.13999938964844,92.11000061035156,89.2300033569336,92.08000183105469,862700.0
2018-11-16,92.76000213623047,93.55000305175781,92.62000274658203,93.25,871000.0
2018-11-19,93.4800033569336,94.44999694824219,92.97000122070312,93.48999786376953,762200.0
2018-11-20,93.87000274658203,94.41000366210938,92.73999786376953,93.0199966430664,869800.0
2018-11-21,92.72000122070312,92.72000122070312,91.45999908447266,91.55000305175781,665300.0
2018-11-23,91.5999984741211,92.45999908447266,91.12000274658203,92.0999984741211,425600.0
2018-11-26,92.0999984741211,92.3499984741211,91.4000015258789,92.25,901200.0
2018-11-27,92.30000305175781,92.43000030517578,91.58999633789062,92.11000061035156,1118000.0
2018-11-28,92.30999755859375,92.81999969482422,91.94999694824219,92.62000274658203,977700.0
2018-11-29,92.66000366210938,93.08000183105469,91.79000091552734,92.4800033569336,883100.0
2018-11-30,92.58000183105469,95.41000366210938,92.51000213623047,95.41000366210938,2473700.0
2018-12-03,94.83999633789062,95.75,93.7300033569336,95.69999694824219,1310200.0
2018-12-04,95.58999633789062,97.3499984741211,95.44999694824219,95.77999877929688,1300700.0
2018-12-06,96.31999969482422,97.33999633789062,95.44000244140625,97.31999969482422,1471500.0
2018-12-07,97.04000091552734,98.18000030517578,96.29000091552734,97.80000305175781,1141700.0
2018-12-10,98.05000305175781,98.05000305175781,95.9800033569336,97.45999908447266,841000.0
2018-12-11,97.45999908447266,97.91999816894531,96.33999633789062,96.4800033569336,1213400.0
2018-12-12,96.87999725341797,97.61000061035156,96.83999633789062,97.12000274658203,1824900.0
2018-12-13,97.26000213623047,98.13999938964844,97.11000061035156,97.66000366210938,921200.0
2018-12-14,97.37999725341797,97.80000305175781,95.75,97.13999938964844,1289700.0
2018-12-17,97.56999969482422,97.5999984741211,93.16999816894531,93.58000183105469,1265800.0
2018-12-18,94.0199966430664,94.63999938964844,92.22000122070312,92.68000030517578,1672400.0
2018-12-19,92.87000274658203,93.55999755859375,91.38999938964844,92.58999633789062,1214800.0
2018-12-20,92.43000030517578,94.18000030517578,91.72000122070312,92.86000061035156,1414600.0
2018-12-21,93.36000061035156,95.13999938964844,91.0999984741211,91.19000244140625,2376300.0
2018-12-24,91.12999725341797,91.27999877929688,86.2699966430664,86.30999755859375,576300.0
2018-12-26,86.47000122070312,88.54000091552734,85.88999938964844,88.52999877929688,1240600.0
2018-12-27,88.29000091552734,89.41000366210938,86.97000122070312,89.41000366210938,1160500.0
2018-12-28,89.80000305175781,90.80999755859375,89.36000061035156,90.0199966430664,755100.0
2018-12-31,90.05999755859375,90.80999755859375,89.29000091552734,90.7699966430664,585800.0
2019-01-02,90.44999694824219,90.44999694824219,88.18000030517578,88.7699966430664,981100.0
2019-01-03,88.6500015258789,90.45999908447266,88.6500015258789,89.12000274658203,1241400.0
2019-01-04,88.73999786376953,90.05000305175781,88.0,89.79000091552734,952300.0
2019-01-07,89.48999786376953,90.05999755859375,88.62999725341797,88.83999633789062,724700.0
2019-01-08,89.01000213623047,90.2699966430664,88.98999786376953,90.13999938964844,688100.0
2019-01-09,90.0,90.47000122070312,88.81999969482422,88.98999786376953,1131600.0
2019-01-10,89.30999755859375,90.9000015258789,89.0,90.76000213623047,806000.0
2019-01-11,90.94000244140625,91.0999984741211,90.19000244140625,90.63999938964844,723500.0
2019-01-14,90.27999877929688,90.45999908447266,89.51000213623047,90.43000030517578,1573700.0
2019-01-15,90.33000183105469,92.56999969482422,90.33000183105469,91.41999816894531,1064900.0
2019-01-16,91.12999725341797,92.0999984741211,90.70999908447266,91.79000091552734,752700.0
2019-01-17,91.54000091552734,92.93000030517578,91.54000091552734,92.55999755859375,829800.0
2019-01-18,92.8499984741211,93.30000305175781,92.19999694824219,92.61000061035156,801300.0
2019-01-22,92.41999816894531,93.31999969482422,92.05999755859375,92.7699966430664,1283900.0
2019-01-23,92.69999694824219,94.31999969482422,92.69999694824219,94.23999786376953,714000.0
2019-01-24,94.37999725341797,94.80999755859375,93.5199966430664,94.63999938964844,499300.0
2019-01-25,94.16000366210938,94.83000183105469,93.0999984741211,93.2699966430664,838500.0
2019-01-28,93.33999633789062,93.66999816894531,92.37000274658203,93.0199966430664,529800.0
2019-01-29,93.19999694824219,94.06999969482422,92.6500015258789,93.08000183105469,762900.0
2019-01-30,92.94999694824219,94.6500015258789,92.93000030517578,93.73999786376953,1216500.0
2019-01-31,94.0199966430664,96.13999938964844,93.44000244140625,95.66999816894531,2127200.0
2019-02-01,95.72000122070312,96.0,94.3499984741211,95.20999908447266,1213900.0
2019-02-04,94.88999938964844,95.58000183105469,93.9000015258789,95.58000183105469,1051600.0
2019-02-05,95.5,96.1500015258789,94.8499984741211,95.86000061035156,780700.0
2019-02-06,95.62000274658203,95.79000091552734,94.72000122070312,95.1500015258789,611300.0
2019-02-07,95.19000244140625,96.88999938964844,94.83999633789062,96.87000274658203,915400.0
2019-02-08,96.6500015258789,97.79000091552734,96.45999908447266,97.73999786376953,665800.0
2019-02-11,97.05999755859375,98.2300033569336,97.05999755859375,97.5999984741211,679100.0
2019-02-12,97.95999908447266,98.23999786376953,96.83000183105469,97.66999816894531,668700.0
2019-02-13,97.30000305175781,97.73999786376953,96.94999694824219,97.44000244140625,670100.0
2019-02-14,97.73999786376953,98.0,97.16999816894531,97.25,798900.0
2019-02-15,97.73999786376953,98.18000030517578,97.38999938964844,98.05000305175781,909700.0
2019-02-19,97.9000015258789,98.77999877929688,97.63999938964844,98.69999694824219,834300.0
2019-02-20,97.7300033569336,98.9800033569336,96.63999938964844,98.66000366210938,1831700.0
2019-02-21,98.51000213623047,100.47000122070312,97.80000305175781,100.37999725341797,1188700.0
2019-02-22,100.87000274658203,101.25,100.0,100.9800033569336,770600.0
2019-02-25,101.05000305175781,101.33000183105469,100.0,100.87999725341797,755600.0
2019-02-26,101.23999786376953,101.2699966430664,100.27999877929688,101.04000091552734,621700.0
2019-02-27,100.30999755859375,101.43000030517578,100.30999755859375,101.04000091552734,655900.0
2019-02-28,101.02999877929688,102.06999969482422,100.55999755859375,101.62000274658203,1006400.0
2019-03-01,101.45999908447266,101.83000183105469,101.05000305175781,101.44000244140625,735600.0
2019-03-04,101.44000244140625,101.98999786376953,100.61000061035156,101.70999908447266,1328500.0
2019-03-05,101.79000091552734,102.06999969482422,101.0199966430664,101.2699966430664,1217700.0
2019-03-06,101.37000274658203,101.68000030517578,100.83999633789062,101.05999755859375,1037500.0
2019-03-07,101.38999938964844,102.16000366210938,101.31999969482422,101.6500015258789,1225100.0
2019-03-08,101.69000244140625,102.61000061035156,101.69000244140625,102.52999877929688,968700.0
2019-03-11,102.5999984741211,104.08999633789062,102.5999984741211,104.02999877929688,1785800.0
2019-03-12,104.16999816894531,105.13999938964844,104.05000305175781,104.91999816894531,1342900.0
2019-03-13,104.86000061035156,105.37000274658203,104.63999938964844,105.11000061035156,1384700.0
2019-03-14,105.01000213623047,105.79000091552734,104.29000091552734,104.98999786376953,1508100.0
2019-03-15,104.9000015258789,106.3499984741211,104.6500015258789,105.80999755859375,4074400.0
2019-03-18,105.80999755859375,105.94999694824219,104.4800033569336,105.12999725341797,1569800.0
2019-03-19,104.9800033569336,105.4000015258789,103.9000015258789,104.3499984741211,1010900.0
2019-03-20,104.43000030517578,105.44000244140625,103.88999938964844,104.69000244140625,834200.0
2019-03-21,104.52999877929688,106.29000091552734,104.52999877929688,106.22000122070312,650700.0
2019-03-22,106.6500015258789,107.70999908447266,106.33000183105469,106.77999877929688,961200.0
2019-03-25,106.69999694824219,107.29000091552734,106.0199966430664,106.69000244140625,1116800.0
2019-03-26,106.68000030517578,107.48999786376953,106.4800033569336,107.19999694824219,921600.0
2019-03-27,106.62000274658203,107.05999755859375,105.47000122070312,105.87000274658203,936500.0
2019-03-28,105.9800033569336,106.08000183105469,103.56999969482422,104.31999969482422,1201700.0
2019-03-29,104.44000244140625,104.62000274658203,103.87000274658203,104.26000213623047,1532100.0
2019-04-01,104.43000030517578,104.5199966430664,103.01000213623047,103.8499984741211,1410200.0
2019-04-02,104.1500015258789,104.30999755859375,102.94000244140625,103.70999908447266,1149500.0
2019-04-03,103.5999984741211,104.37000274658203,102.94999694824219,104.02999877929688,1155000.0
2019-04-04,104.08999633789062,104.2699966430664,103.4000015258789,103.86000061035156,1189400.0
2019-04-05,103.75,104.97000122070312,103.51000213623047,104.91999816894531,1054200.0
2019-04-08,104.69999694824219,105.0199966430664,103.93000030517578,104.13999938964844,775900.0
2019-04-09,104.0,104.58999633789062,103.70999908447266,104.56999969482422,699300.0
2019-04-10,104.86000061035156,105.55000305175781,103.91000366210938,104.02999877929688,774600.0
2019-04-11,104.04000091552734,104.37999725341797,103.70999908447266,104.31999969482422,863100.0
2019-04-12,104.05000305175781,104.33000183105469,103.63999938964844,104.16000366210938,965600.0
2019-04-15,104.43000030517578,104.45999908447266,103.69000244140625,103.95999908447266,771100.0
2019-04-16,103.8499984741211,104.48999786376953,102.38999938964844,102.41999816894531,1376000.0
2019-04-17,102.36000061035156,102.91999816894531,101.91999816894531,102.27999877929688,1122800.0
2019-04-18,102.79000091552734,104.98999786376953,102.73999786376953,104.69999694824219,1882100.0
2019-04-22,104.36000061035156,105.12000274658203,104.19999694824219,104.93000030517578,882900.0
2019-04-23,105.16000366210938,105.6500015258789,104.19000244140625,104.80000305175781,1115400.0
2019-04-24,105.41000366210938,106.05999755859375,104.69999694824219,105.83999633789062,836500.0
2019-04-25,105.4800033569336,106.83999633789062,105.23999786376953,106.52999877929688,773600.0
2019-04-26,107.18000030517578,107.94000244140625,106.76000213623047,106.87999725341797,606700.0
2019-04-29,106.16999816894531,106.8499984741211,106.0199966430664,106.41999816894531,534300.0
2019-04-30,106.61000061035156,108.2300033569336,106.36000061035156,108.19000244140625,1179500.0
2019-05-01,107.80000305175781,108.31999969482422,106.9000015258789,107.0999984741211,710100.0
2019-05-02,106.66000366210938,107.06999969482422,105.26000213623047,106.68000030517578,950900.0
2019-05-03,106.94000244140625,107.58999633789062,106.4800033569336,107.37999725341797,609700.0
2019-05-06,107.55000305175781,108.20999908447266,106.73999786376953,107.20999908447266,664600.0
2019-05-07,107.16000366210938,107.58000183105469,106.73999786376953,107.08000183105469,748400.0
2019-05-08,107.08999633789062,107.2699966430664,105.7300033569336,105.86000061035156,653100.0
2019-05-09,105.9000015258789,106.47000122070312,105.37999725341797,106.27999877929688,536400.0
2019-05-10,105.68000030517578,108.30000305175781,105.55999755859375,108.2699966430664,776000.0
2019-05-13,108.02999877929688,111.01000213623047,107.79000091552734,110.69000244140625,1857900.0
2019-05-14,110.83000183105469,111.08000183105469,109.77999877929688,109.83999633789062,1063800.0
2019-05-15,110.0999984741211,111.27999877929688,109.95999908447266,110.26000213623047,836400.0
2019-05-16,109.87999725341797,111.66000366210938,109.70999908447266,111.16999816894531,704300.0
2019-05-17,111.0999984741211,112.5199966430664,111.0999984741211,112.04000091552734,941800.0
2019-05-20,112.12999725341797,112.5999984741211,110.95999908447266,111.27999877929688,861800.0
2019-05-21,111.56999969482422,112.5199966430664,111.27999877929688,111.41999816894531,787800.0
2019-05-22,111.63999938964844,112.86000061035156,111.25,112.81999969482422,715900.0
2019-05-23,112.81999969482422,113.91999816894531,112.80000305175781,113.31999969482422,751400.0
2019-05-24,113.5,114.26000213623047,113.45999908447266,113.69000244140625,678500.0
2019-05-28,114.16000366210938,114.5,113.0,113.33999633789062,1516400.0
2019-05-29,113.58000183105469,113.58000183105469,111.58000183105469,111.77999877929688,995100.0
2019-05-30,111.66000366210938,112.5999984741211,111.5,111.94000244140625,553400.0
2019-05-31,112.01000213623047,113.26000213623047,111.83000183105469,113.0199966430664,1081000.0
2019-06-03,113.41999816894531,114.25,112.72000122070312,114.05999755859375,697100.0
2019-06-04,113.9000015258789,114.0199966430664,111.72000122070312,113.81999969482422,946800.0
2019-06-05,114.66999816894531,116.5999984741211,113.95999908447266,116.48999786376953,741300.0
2019-06-06,116.72000122070312,117.58000183105469,116.44000244140625,117.3499984741211,968100.0
2019-06-07,118.52999877929688,119.27999877929688,116.29000091552734,116.29000091552734,1045700.0
2019-06-10,115.77999877929688,116.12000274658203,114.9000015258789,115.83999633789062,928300.0
2019-06-11,115.80999755859375,116.38999938964844,114.66000366210938,115.37999725341797,966600.0
2019-06-12,115.86000061035156,117.20999908447266,115.66000366210938,117.08999633789062,627700.0
2019-06-13,117.80999755859375,117.88999938964844,116.05999755859375,116.68000030517578,743900.0
2019-06-14,116.62000274658203,118.70999908447266,116.62000274658203,118.2699966430664,646100.0
2019-06-17,118.13999938964844,118.51000213623047,116.75,117.62000274658203,540500.0
2019-06-18,118.2300033569336,118.2300033569336,115.8499984741211,116.63999938964844,828500.0
2019-06-19,116.0,118.38999938964844,115.5999984741211,117.9800033569336,705900.0
2019-06-20,118.19000244140625,118.73999786376953,116.69999694824219,118.19000244140625,772400.0
2019-06-21,118.33999633789062,118.48999786376953,117.12000274658203,118.06999969482422,1796000.0
2019-06-24,118.55999755859375,118.79000091552734,117.30999755859375,118.4000015258789,997500.0
2019-06-25,118.18000030517578,118.72000122070312,116.94000244140625,117.18000030517578,902300.0
2019-06-26,116.94000244140625,117.19999694824219,115.01000213623047,115.30999755859375,820300.0
2019-06-27,115.80999755859375,116.23999786376953,114.80000305175781,115.26000213623047,926400.0
2019-06-28,115.05000305175781,116.2300033569336,114.98999786376953,116.0,1366200.0
2019-07-01,115.4000015258789,115.97000122070312,114.26000213623047,115.7300033569336,1124100.0
2019-07-02,116.0,117.66000366210938,116.0,117.27999877929688,816500.0
2019-07-03,117.7699966430664,118.8499984741211,117.69000244140625,118.43000030517578,583500.0
2019-07-05,117.66000366210938,118.11000061035156,115.36000061035156,117.95999908447266,791200.0
2019-07-08,118.16999816894531,118.5,117.5,118.0199966430664,689000.0
2019-07-09,118.2699966430664,118.55000305175781,117.38999938964844,118.29000091552734,1137600.0
2019-07-10,118.41999816894531,119.30000305175781,117.86000061035156,118.70999908447266,776900.0
2019-07-11,118.43000030517578,118.91999816894531,116.77999877929688,117.47000122070312,1045100.0
2019-07-12,117.29000091552734,117.55999755859375,115.87999725341797,116.62999725341797,1095600.0
2019-07-15,115.58000183105469,116.72000122070312,114.80000305175781,115.9800033569336,1167600.0
2019-07-16,115.47000122070312,116.30000305175781,114.27999877929688,115.76000213623047,1178700.0
2019-07-17,116.38999938964844,117.06999969482422,116.02999877929688,116.08999633789062,899300.0
2019-07-18,116.3499984741211,117.33000183105469,115.83000183105469,117.25,783800.0
2019-07-19,117.12000274658203,117.31999969482422,114.93000030517578,114.9800033569336,886200.0
2019-07-22,115.75,115.81999969482422,114.37000274658203,115.2300033569336,622400.0
2019-07-23,115.04000091552734,115.12999725341797,114.12000274658203,114.47000122070312,899400.0
2019-07-24,114.79000091552734,114.79000091552734,113.18000030517578,114.01000213623047,772700.0
2019-07-25,114.20999908447266,115.2699966430664,113.51000213623047,113.86000061035156,664300.0
2019-07-26,113.83000183105469,115.16000366210938,113.47000122070312,115.08999633789062,637700.0
2019-07-29,115.5,115.5999984741211,114.52999877929688,115.30999755859375,766000.0
2019-07-30,115.33000183105469,116.23999786376953,114.58000183105469,115.11000061035156,659400.0
2019-07-31,114.93000030517578,116.19000244140625,113.9800033569336,114.77999877929688,1116200.0
2019-08-01,113.62999725341797,117.61000061035156,113.19999694824219,117.0199966430664,1667000.0
2019-08-02,117.33000183105469,118.19000244140625,116.38999938964844,117.29000091552734,1155900.0
2019-08-05,117.29000091552734,117.91000366210938,114.62999725341797,115.37999725341797,1128200.0
2019-08-06,115.48999786376953,117.69000244140625,114.44999694824219,117.41999816894531,1130800.0
2019-08-07,117.58999633789062,119.26000213623047,116.41000366210938,118.44999694824219,1048600.0
2019-08-08,117.83999633789062,119.94999694824219,117.43000030517578,119.41000366210938,841900.0
2019-08-09,119.73999786376953,121.30000305175781,119.1500015258789,120.55000305175781,770200.0
2019-08-12,120.7699966430664,122.8499984741211,120.62000274658203,122.51000213623047,1217600.0
2019-08-13,122.19999694824219,122.94000244140625,121.02999877929688,121.83000183105469,887700.0
2019-08-14,122.5199966430664,123.45999908447266,120.6500015258789,121.19999694824219,1179700.0
2019-08-15,121.31999969482422,124.87000274658203,121.19999694824219,124.5,1005600.0
2019-08-16,124.48999786376953,125.30999755859375,123.41000366210938,124.22000122070312,1068600.0
2019-08-19,124.3499984741211,125.30999755859375,121.19999694824219,123.98999786376953,886400.0
2019-08-20,124.16999816894531,124.37999725341797,123.23999786376953,123.61000061035156,710200.0
2019-08-21,123.27999877929688,124.13999938964844,122.94999694824219,124.05000305175781,679300.0
2019-08-22,124.05999755859375,125.04000091552734,123.19999694824219,124.69999694824219,729700.0
2019-08-23,124.3499984741211,125.88999938964844,122.23999786376953,122.80999755859375,1010300.0
2019-08-26,123.33999633789062,124.80000305175781,123.0,124.75,451100.0
2019-08-27,125.16999816894531,126.11000061035156,124.91999816894531,125.0999984741211,911700.0
2019-08-28,125.5999984741211,126.79000091552734,125.26000213623047,126.04000091552734,990800.0
2019-08-29,126.6500015258789,126.94999694824219,125.4800033569336,126.9000015258789,663800.0
2019-08-30,127.16999816894531,127.80000305175781,126.5,127.31999969482422,787300.0
2019-09-03,128.36000061035156,129.60000610351562,127.33999633789062,129.5,1083400.0
2019-09-04,129.32000732421875,129.88999938964844,127.69999694824219,128.75,1064100.0
2019-09-05,127.69999694824219,128.27999877929688,125.55000305175781,126.52999877929688,1273600.0
2019-09-06,126.62000274658203,127.69000244140625,124.91999816894531,125.69999694824219,1148800.0
2019-09-09,125.08999633789062,125.36000061035156,121.80000305175781,122.36000061035156,1439100.0
2019-09-10,121.69000244140625,121.93000030517578,119.37999725341797,120.83000183105469,1221900.0
2019-09-11,120.6500015258789,122.2300033569336,119.5,121.25,1160200.0
2019-09-12,122.45999908447266,123.30999755859375,121.37000274658203,121.76000213623047,1267400.0
2019-09-13,121.5,121.98999786376953,120.70999908447266,121.22000122070312,1052300.0
2019-09-16,121.80000305175781,121.80000305175781,120.41000366210938,120.9800033569336,699200.0
2019-09-17,121.08999633789062,122.2300033569336,120.98999786376953,121.76000213623047,1055000.0
2019-09-18,122.62000274658203,122.62000274658203,120.8499984741211,121.5199966430664,1380000.0
2019-09-19,122.29000091552734,122.70999908447266,120.7699966430664,122.37999725341797,1261800.0
2019-09-20,122.0,123.61000061035156,121.6500015258789,122.83000183105469,1919800.0
2019-09-23,122.98999786376953,124.06999969482422,122.5,122.58000183105469,1139200.0
2019-09-24,123.05999755859375,125.30000305175781,122.94000244140625,124.87000274658203,1535400.0
2019-09-25,124.5999984741211,125.83000183105469,123.87000274658203,124.56999969482422,1064800.0
2019-09-26,125.05999755859375,125.58000183105469,124.20999908447266,125.12999725341797,971200.0
2019-09-27,125.1500015258789,125.48999786376953,123.80000305175781,124.23999786376953,885000.0
2019-09-30,124.54000091552734,125.20999908447266,123.80999755859375,124.2300033569336,1404200.0
2019-10-01,123.72000122070312,124.2699966430664,123.08000183105469,123.86000061035156,972200.0
2019-10-02,123.12000274658203,124.4000015258789,122.76000213623047,123.1500015258789,924000.0
2019-10-03,123.51000213623047,124.01000213623047,122.91000366210938,123.7300033569336,1063500.0
2019-10-04,124.08000183105469,125.95999908447266,123.73999786376953,125.77999877929688,841200.0
2019-10-07,125.68000030517578,125.91000366210938,124.19999694824219,124.56999969482422,752500.0
2019-10-08,124.61000061035156,124.7300033569336,123.51000213623047,123.87999725341797,574700.0
2019-10-09,124.2699966430664,125.22000122070312,124.22000122070312,124.87000274658203,521000.0
2019-10-10,124.44000244140625,125.44999694824219,123.86000061035156,125.05000305175781,599900.0
2019-10-11,124.86000061035156,125.13999938964844,123.0,123.69000244140625,887800.0
2019-10-14,123.69999694824219,123.75,121.58999633789062,121.7300033569336,841300.0
2019-10-15,122.02999877929688,122.43000030517578,120.38999938964844,120.80000305175781,886900.0
2019-10-16,121.0,121.66999816894531,120.16000366210938,121.62999725341797,1080700.0
2019-10-17,121.33000183105469,122.73999786376953,121.33000183105469,122.41999816894531,690900.0
2019-10-18,122.51000213623047,122.83000183105469,121.75,122.41000366210938,1089900.0
2019-10-21,122.0999984741211,122.4000015258789,120.80999755859375,122.30000305175781,1223100.0
2019-10-22,122.55999755859375,123.70999908447266,122.08000183105469,122.38999938964844,824400.0
2019-10-23,122.45999908447266,123.69000244140625,121.7699966430664,121.94000244140625,756400.0
2019-10-24,121.9000015258789,123.22000122070312,121.44999694824219,122.30999755859375,656800.0
2019-10-25,122.58000183105469,123.08999633789062,120.4800033569336,121.11000061035156,507000.0
2019-10-28,121.19999694824219,121.52999877929688,119.4000015258789,119.55999755859375,689500.0
2019-10-29,119.33999633789062,120.02999877929688,118.66000366210938,119.58999633789062,965800.0
2019-10-30,120.26000213623047,121.33000183105469,119.69999694824219,120.97000122070312,777900.0
2019-10-31,122.37999725341797,123.48999786376953,121.23999786376953,123.2699966430664,1260800.0
2019-11-01,123.4000015258789,124.16999816894531,122.44000244140625,122.77999877929688,1009700.0
2019-11-04,122.23999786376953,122.55000305175781,119.83000183105469,120.05000305175781,1136100.0
2019-11-05,119.62000274658203,120.26000213623047,118.76000213623047,120.08999633789062,1483200.0
2019-11-06,120.61000061035156,122.05999755859375,120.31999969482422,121.58999633789062,1161700.0
2019-11-07,120.47000122070312,121.2300033569336,117.63999938964844,118.1500015258789,1329100.0
2019-11-08,117.63999938964844,118.18000030517578,115.9000015258789,116.30000305175781,1111300.0
2019-11-11,116.58000183105469,117.19999694824219,115.55000305175781,115.58999633789062,749400.0
2019-11-12,115.38999938964844,116.33000183105469,114.95999908447266,115.37999725341797,745500.0
2019-11-13,116.05999755859375,117.16999816894531,115.23999786376953,116.93000030517578,813800.0
2019-11-14,117.38999938964844,118.73999786376953,116.77999877929688,117.8499984741211,580400.0
2019-11-15,117.9800033569336,118.30999755859375,116.79000091552734,118.23999786376953,713100.0
2019-11-18,118.62999725341797,119.91999816894531,118.19999694824219,118.68000030517578,750700.0
2019-11-19,118.23999786376953,119.63999938964844,117.7300033569336,119.12999725341797,945500.0
2019-11-20,119.1500015258789,120.69000244140625,119.11000061035156,120.56999969482422,1547300.0
2019-11-21,120.77999877929688,120.80000305175781,119.1500015258789,119.33999633789062,901600.0
2019-11-22,119.6500015258789,119.7300033569336,118.08999633789062,119.04000091552734,1117600.0
2019-11-25,118.9800033569336,119.77999877929688,118.30999755859375,119.30999755859375,646200.0
2019-11-26,119.55999755859375,121.05999755859375,119.33999633789062,121.02999877929688,1102800.0
2019-11-27,120.95999908447266,121.69999694824219,120.77999877929688,121.2699966430664,822200.0
2019-11-29,121.48999786376953,122.47000122070312,120.94000244140625,121.02999877929688,458200.0
2019-12-02,120.94000244140625,121.29000091552734,120.08999633789062,120.30000305175781,758900.0
2019-12-03,120.7699966430664,121.66999816894531,120.44000244140625,121.19000244140625,722100.0
2019-12-04,120.6500015258789,122.61000061035156,120.44000244140625,122.48999786376953,900400.0
2019-12-05,121.9000015258789,123.37999725341797,121.9000015258789,123.37999725341797,790300.0
2019-12-06,123.12999725341797,123.66999816894531,122.61000061035156,122.66999816894531,635000.0
2019-12-09,123.02999877929688,123.30000305175781,122.2300033569336,122.4800033569336,537400.0
2019-12-10,122.63999938964844,123.33000183105469,122.12999725341797,122.3499984741211,767200.0
2019-12-11,120.0,120.97000122070312,119.0,120.9000015258789,1118200.0
2019-12-12,120.5999984741211,120.77999877929688,117.97000122070312,118.43000030517578,1249200.0
2019-12-13,118.04000091552734,119.58000183105469,117.33999633789062,119.19999694824219,1023900.0
2019-12-16,119.43000030517578,120.95999908447266,118.93000030517578,120.9000015258789,1020500.0
2019-12-17,121.41999816894531,121.75,120.70999908447266,120.9000015258789,1091700.0
2019-12-18,120.87999725341797,121.55000305175781,119.8499984741211,121.2300033569336,1115600.0
2019-12-19,121.38999938964844,122.08999633789062,120.7699966430664,121.66000366210938,1111300.0
2019-12-20,122.58999633789062,123.55999755859375,121.66999816894531,122.72000122070312,1914600.0
2019-12-23,122.83000183105469,123.11000061035156,120.66999816894531,121.38999938964844,1073100.0
2019-12-24,121.0999984741211,122.0199966430664,120.77999877929688,121.62000274658203,243400.0
2019-12-26,121.5,122.29000091552734,121.41000366210938,121.87999725341797,309600.0
2019-12-27,122.05999755859375,122.97000122070312,121.80999755859375,122.95999908447266,575500.0
2019-12-30,122.58999633789062,123.29000091552734,122.5199966430664,123.05000305175781,737800.0
2019-12-31,123.25,123.81999969482422,122.33999633789062,122.8499984741211,766800.0
2020-01-02,123.0,123.16000366210938,119.58000183105469,120.19999694824219,1618900.0
2020-01-03,120.44000244140625,122.12000274658203,120.44000244140625,120.9800033569336,869300.0
2020-01-06,120.98999786376953,121.75,120.48999786376953,120.75,765800.0
2020-01-07,120.43000030517578,120.97000122070312,119.91000366210938,120.0,841000.0
2020-01-08,119.55000305175781,121.19000244140625,119.2300033569336,120.48999786376953,1096700.0
2020-01-09,120.48999786376953,122.22000122070312,120.1500015258789,122.12999725341797,803600.0
2020-01-10,122.19999694824219,122.73999786376953,122.1500015258789,122.55999755859375,754700.0
2020-01-13,122.7699966430664,124.02999877929688,122.7699966430664,123.73999786376953,961800.0
2020-01-14,124.0,124.56999969482422,123.51000213623047,124.56999969482422,886100.0
2020-01-15,125.0,127.02999877929688,124.87999725341797,126.87999725341797,912600.0
2020-01-16,127.0,128.72999572753906,126.83000183105469,128.57000732421875,984200.0
2020-01-17,128.8300018310547,130.58999633789062,128.80999755859375,130.44000244140625,1338400.0
2020-01-21,130.49000549316406,133.39999389648438,130.1999969482422,133.22000122070312,1666700.0
2020-01-22,133.8000030517578,134.80999755859375,133.27000427246094,134.0500030517578,1255000.0
2020-01-23,134.02999877929688,135.52999877929688,133.80999755859375,135.2899932861328,933300.0
2020-01-24,135.2899932861328,136.41000366210938,135.1999969482422,135.77999877929688,813800.0
2020-01-27,136.0,136.8300018310547,134.92999267578125,135.25,703400.0
2020-01-28,135.52999877929688,136.38999938964844,135.07000732421875,135.8000030517578,904200.0
2020-01-29,136.0,136.41000366210938,135.27999877929688,136.0399932861328,608400.0
2020-01-30,135.82000732421875,137.1199951171875,135.60000610351562,136.77000427246094,922700.0
2020-01-31,136.91000366210938,137.72999572753906,135.44000244140625,136.1999969482422,1300500.0
2020-02-03,136.3300018310547,136.9499969482422,136.14999389648438,136.52000427246094,1253800.0
2020-02-04,135.9499969482422,136.80999755859375,134.82000732421875,134.83999633789062,1193000.0
2020-02-05,134.55999755859375,135.6699981689453,134.08999633789062,135.07000732421875,923300.0
2020-02-06,134.6199951171875,135.2899932861328,134.1699981689453,135.0,669000.0
2020-02-07,135.8800048828125,136.1300048828125,134.38999938964844,134.4499969482422,938200.0
2020-02-10,134.7100067138672,135.5500030517578,134.4499969482422,135.2100067138672,1400000.0
2020-02-11,135.52999877929688,135.99000549316406,135.10000610351562,135.33999633789062,746800.0
2020-02-12,134.52000427246094,136.11000061035156,134.5,135.6999969482422,996000.0
2020-02-13,135.6999969482422,137.22999572753906,135.5500030517578,136.9499969482422,814200.0
2020-02-14,137.52000427246094,139.64999389648438,137.00999450683594,139.32000732421875,1091200.0
2020-02-18,140.33999633789062,140.57000732421875,139.25999450683594,139.25999450683594,1478400.0
2020-02-19,139.07000732421875,141.3699951171875,138.24000549316406,138.6999969482422,1288700.0
2020-02-20,138.32000732421875,138.6699981689453,136.5,137.3000030517578,1022400.0
2020-02-21,137.41000366210938,138.13999938964844,137.1199951171875,137.77000427246094,1222200.0
2020-02-24,136.85000610351562,137.75,135.9499969482422,136.52999877929688,1219400.0
2020-02-25,136.7100067138672,136.85000610351562,132.77000427246094,133.08999633789062,1056500.0
2020-02-26,132.9499969482422,134.92999267578125,132.58999633789062,133.0399932861328,1118600.0
2020-02-27,132.77000427246094,134.38999938964844,127.72000122070312,127.77999877929688,1277700.0
2020-02-28,124.11000061035156,125.80000305175781,120.62000274658203,123.66000366210938,3988800.0
2020-03-02,124.33000183105469,130.94000244140625,124.08000183105469,130.83999633789062,1860400.0
2020-03-03,131.22000122070312,134.75,130.60000610351562,131.4199981689453,1639200.0
2020-03-04,133.07000732421875,140.3300018310547,133.07000732421875,140.30999755859375,1528700.0
2020-03-05,138.52000427246094,140.49000549316406,136.6999969482422,139.36000061035156,1218400.0
2020-03-06,136.00999450683594,141.6999969482422,134.6300048828125,141.0,1492800.0
2020-03-09,133.14999389648438,139.77999877929688,132.64999389648438,137.19000244140625,2322200.0
2020-03-10,138.14999389648438,140.75,131.3000030517578,137.7100067138672,2185400.0
2020-03-11,135.35000610351562,136.6300048828125,128.27999877929688,129.6699981689453,2157100.0
2020-03-12,122.20999908447266,127.44999694824219,114.27999877929688,117.97000122070312,2494900.0
2020-03-13,121.36000061035156,128.3300018310547,116.54000091552734,128.2899932861328,1667000.0
2020-03-16,115.5,132.36000061035156,115.3499984741211,118.80999755859375,2367600.0
2020-03-17,121.33000183105469,140.2899932861328,120.5,138.5,2364400.0
2020-03-18,129.61000061035156,133.22000122070312,122.62999725341797,130.0800018310547,2661200.0
2020-03-19,129.0,130.25999450683594,114.05999755859375,115.12000274658203,2393300.0
2020-03-20,115.12000274658203,115.12000274658203,98.25,100.69000244140625,3441000.0
2020-03-23,100.37999725341797,100.37999725341797,92.0,97.06999969482422,2780900.0
2020-03-24,100.70999908447266,105.27999877929688,96.62999725341797,103.94999694824219,2167300.0
2020-03-25,103.7699966430664,114.2699966430664,101.3499984741211,110.44999694824219,1757000.0
2020-03-26,108.52999877929688,121.87000274658203,108.52999877929688,119.31999969482422,1634100.0
2020-03-27,116.7699966430664,125.02999877929688,115.0,120.7699966430664,1169900.0
2020-03-30,122.86000061035156,127.2699966430664,121.87000274658203,126.72000122070312,1584200.0
2020-03-31,124.91999816894531,126.5,117.19000244140625,119.55999755859375,2831000.0
2020-04-01,115.0,117.98999786376953,110.55999755859375,112.80000305175781,1355700.0
2020-04-02,111.54000091552734,118.44999694824219,110.94999694824219,117.63999938964844,944800.0
2020-04-03,118.38999938964844,118.80000305175781,112.5999984741211,113.31999969482422,1187700.0
2020-04-06,116.19999694824219,123.30000305175781,116.19999694824219,121.5199966430664,1224000.0
2020-04-07,124.0,124.94999694824219,116.81999969482422,118.2699966430664,1261400.0
2020-04-08,119.26000213623047,126.33000183105469,117.6500015258789,125.3499984741211,952800.0
2020-04-09,126.37999725341797,132.8699951171875,125.5999984741211,131.75,1177300.0
2020-04-13,129.7899932861328,130.47999572753906,125.41000366210938,127.23999786376953,764900.0
2020-04-14,131.10000610351562,133.72000122070312,129.50999450683594,133.61000061035156,904400.0
2020-04-15,131.38999938964844,132.77000427246094,128.9199981689453,129.2100067138672,922900.0
2020-04-16,131.8699951171875,132.74000549316406,129.58999633789062,131.24000549316406,915500.0
2020-04-17,132.67999267578125,133.0,128.55999755859375,131.75999450683594,1189400.0
2020-04-20,131.75,132.42999267578125,125.87000274658203,126.45999908447266,773300.0
2020-04-21,125.19999694824219,127.5999984741211,123.77999877929688,125.43000030517578,1075400.0
2020-04-22,127.91999816894531,129.8000030517578,126.58999633789062,127.88999938964844,739900.0
2020-04-23,127.25,129.19000244140625,124.52999877929688,124.68000030517578,946200.0
2020-04-24,126.25,126.80999755859375,124.41999816894531,125.01000213623047,1010900.0
2020-04-27,126.0,126.4800033569336,125.02999877929688,125.75,1476200.0
2020-04-28,127.76000213623047,128.0,125.87999725341797,126.5199966430664,929400.0
2020-04-29,127.66999816894531,127.80999755859375,123.73999786376953,125.72000122070312,934700.0
2020-04-30,125.0,125.5999984741211,120.0999984741211,121.69000244140625,1174800.0
2020-05-01,120.58999633789062,120.76000213623047,118.55999755859375,119.19999694824219,820800.0
2020-05-04,119.16000366210938,121.79000091552734,118.30000305175781,121.45999908447266,720100.0
2020-05-05,121.19000244140625,124.68000030517578,121.19000244140625,123.43000030517578,784000.0
2020-05-06,123.77999877929688,124.16999816894531,117.52999877929688,117.77999877929688,1128400.0
2020-05-07,120.62999725341797,123.5199966430664,118.38999938964844,119.08000183105469,1119000.0
2020-05-08,119.16999816894531,120.30999755859375,117.5199966430664,118.02999877929688,1068400.0
2020-05-11,117.0199966430664,119.81999969482422,115.55000305175781,119.48999786376953,1091100.0
2020-05-12,119.61000061035156,119.9800033569336,117.05000305175781,117.06999969482422,908100.0
2020-05-13,116.98999786376953,116.98999786376953,115.08999633789062,116.51000213623047,1194700.0
2020-05-14,115.88999938964844,116.8499984741211,112.5,116.2699966430664,1039100.0
2020-05-15,115.6500015258789,118.77999877929688,114.55999755859375,117.76000213623047,3087000.0
2020-05-18,120.58999633789062,123.26000213623047,119.68000030517578,122.51000213623047,931100.0
2020-05-19,122.11000061035156,123.08999633789062,120.11000061035156,120.16999816894531,756000.0
2020-05-20,121.27999877929688,122.06999969482422,120.19000244140625,120.5999984741211,683400.0
2020-05-21,121.0,121.94000244140625,120.05999755859375,120.62000274658203,685400.0
2020-05-22,120.16000366210938,121.02999877929688,119.30000305175781,120.70999908447266,445800.0
2020-05-26,122.6500015258789,123.80000305175781,120.18000030517578,120.73999786376953,873800.0
2020-05-27,122.04000091552734,122.2699966430664,118.05000305175781,120.54000091552734,876500.0
2020-05-28,122.25,124.58999633789062,122.06999969482422,123.72000122070312,947600.0
2020-05-29,123.70999908447266,127.4000015258789,122.55000305175781,127.0,1516800.0
2020-06-01,126.91000366210938,128.9499969482422,125.69999694824219,127.7699966430664,794200.0
2020-06-02,127.69999694824219,130.08999633789062,127.08999633789062,130.08999633789062,821900.0
2020-06-03,130.27999877929688,132.55999755859375,129.52999877929688,132.35000610351562,1117200.0
2020-06-04,131.36000061035156,132.60000610351562,128.72999572753906,130.6999969482422,1113300.0
2020-06-05,131.3000030517578,134.25999450683594,130.72000122070312,131.55999755859375,827400.0
2020-06-08,130.52999877929688,132.8800048828125,129.75,132.5,753300.0
2020-06-09,131.6199951171875,131.6199951171875,129.17999267578125,130.6999969482422,857100.0
2020-06-10,131.0,132.69000244140625,130.1699981689453,131.05999755859375,614700.0
2020-06-11,129.61000061035156,130.86000061035156,126.75,127.5,1024900.0
2020-06-12,129.64999389648438,129.77999877929688,125.80999755859375,127.29000091552734,901400.0
2020-06-15,126.2699966430664,130.42999267578125,124.7300033569336,129.22000122070312,1212300.0
2020-06-16,131.49000549316406,132.67999267578125,128.7899932861328,129.66000366210938,699800.0
2020-06-17,130.0,130.83999633789062,127.45999908447266,129.86000061035156,697700.0
2020-06-18,129.33999633789062,130.1699981689453,127.54000091552734,129.1699981689453,629200.0
2020-06-19,131.05999755859375,131.1300048828125,126.36000061035156,126.36000061035156,1766000.0
2020-06-22,126.33000183105469,127.5999984741211,125.69999694824219,126.83000183105469,1127400.0
2020-06-23,127.70999908447266,128.17999267578125,124.87999725341797,125.22000122070312,833000.0
2020-06-24,124.33999633789062,125.19999694824219,123.0999984741211,124.4000015258789,1038000.0
2020-06-25,124.4000015258789,124.4000015258789,120.66999816894531,122.22000122070312,707800.0
2020-06-26,122.43000030517578,125.55999755859375,121.83999633789062,124.08000183105469,1789400.0
2020-06-29,124.37999725341797,125.44000244140625,122.48999786376953,125.37000274658203,617600.0
2020-06-30,125.47000122070312,129.42999267578125,125.47000122070312,128.66000366210938,1228700.0
2020-07-01,128.4499969482422,131.1300048828125,128.4499969482422,130.6199951171875,766900.0
2020-07-02,131.14999389648438,132.16000366210938,130.60000610351562,131.05999755859375,731300.0
2020-07-06,132.6300048828125,133.9199981689453,130.35000610351562,131.0399932861328,551900.0
2020-07-07,130.25,131.52999877929688,129.3800048828125,130.30999755859375,693700.0
2020-07-08,130.39999389648438,132.19000244140625,130.00999450683594,131.75999450683594,673400.0
2020-07-09,131.35000610351562,131.69000244140625,128.75999450683594,130.69000244140625,714000.0
2020-07-10,130.9499969482422,133.41000366210938,130.74000549316406,133.38999938964844,715700.0
2020-07-13,132.82000732421875,134.41000366210938,132.1699981689453,132.97000122070312,983800.0
2020-07-14,133.42999267578125,135.22999572753906,132.85000610351562,134.83999633789062,1170400.0
2020-07-15,135.0,135.85000610351562,133.39999389648438,134.05999755859375,918700.0
2020-07-16,134.02999877929688,138.38999938964844,133.55999755859375,138.32000732421875,1100100.0
2020-07-17,138.9199981689453,141.52999877929688,138.4199981689453,141.22000122070312,786700.0
2020-07-20,140.86000061035156,142.83999633789062,138.99000549316406,139.7100067138672,696000.0
2020-07-21,139.8000030517578,141.8699951171875,139.32000732421875,141.17999267578125,566900.0
2020-07-22,140.92999267578125,144.47999572753906,140.2100067138672,143.7899932861328,608000.0
2020-07-23,144.6699981689453,145.80999755859375,143.91000366210938,144.88999938964844,719300.0
2020-07-24,145.0,145.97000122070312,143.1999969482422,144.52000427246094,834100.0
2020-07-27,145.0,145.91000366210938,143.6999969482422,144.3300018310547,833000.0
2020-07-28,143.8800048828125,146.27000427246094,143.8800048828125,145.36000061035156,724700.0
2020-07-29,145.94000244140625,148.16000366210938,145.9199981689453,147.99000549316406,811300.0
2020-07-30,146.82000732421875,147.97999572753906,145.85000610351562,146.6300048828125,591000.0
2020-07-31,146.2100067138672,148.50999450683594,145.49000549316406,147.27000427246094,793400.0
2020-08-03,147.0,147.3699951171875,145.39999389648438,147.05999755859375,582400.0
2020-08-04,146.49000549316406,147.69000244140625,145.9499969482422,147.5,686000.0
2020-08-05,148.19000244140625,148.22000122070312,145.64999389648438,147.25,506400.0
2020-08-06,146.32000732421875,147.9600067138672,145.00999450683594,146.97000122070312,737600.0
2020-08-07,147.0,150.0399932861328,146.08999633789062,149.7899932861328,785500.0
2020-08-10,150.2100067138672,150.47000122070312,148.44000244140625,149.11000061035156,598600.0
2020-08-11,148.22999572753906,148.5,141.7100067138672,142.4199981689453,740900.0
2020-08-12,143.1300048828125,147.0800018310547,142.8000030517578,145.8699951171875,602600.0
2020-08-13,145.27999877929688,147.1699981689453,144.2899932861328,146.50999450683594,613400.0
2020-08-14,146.16000366210938,146.67999267578125,144.7899932861328,145.30999755859375,378600.0
2020-08-17,146.0,148.1199951171875,145.08999633789062,146.55999755859375,657900.0
2020-08-18,146.13999938964844,147.1999969482422,145.2899932861328,146.0,493300.0
2020-08-19,146.75,147.1999969482422,143.58999633789062,143.9199981689453,603000.0
2020-08-20,143.5500030517578,145.30999755859375,143.1699981689453,144.27999877929688,432200.0
2020-08-21,144.3800048828125,144.7899932861328,142.61000061035156,143.63999938964844,603300.0
2020-08-24,143.6199951171875,144.32000732421875,142.22000122070312,143.8800048828125,468600.0
2020-08-25,143.97999572753906,143.97999572753906,142.35000610351562,143.52999877929688,389400.0
2020-08-26,142.3800048828125,142.97000122070312,140.77999877929688,140.89999389648438,583900.0
2020-08-27,141.8800048828125,142.75999450683594,140.3699951171875,141.3699951171875,704000.0
2020-08-28,141.13999938964844,141.13999938964844,138.85000610351562,140.7899932861328,773400.0
2020-08-31,142.14999389648438,142.67999267578125,140.8699951171875,141.33999633789062,881100.0
2020-09-01,141.77999877929688,142.0,139.5,140.1699981689453,451700.0
2020-09-02,140.39999389648438,144.92999267578125,139.75,144.14999389648438,934600.0
2020-09-03,144.63999938964844,146.3000030517578,141.3000030517578,142.47999572753906,717300.0
2020-09-04,142.6999969482422,144.00999450683594,141.6300048828125,143.1699981689453,954200.0
2020-09-08,143.0,143.2100067138672,140.13999938964844,140.77000427246094,771700.0
2020-09-09,142.02000427246094,145.1199951171875,142.02000427246094,143.1999969482422,667600.0
2020-09-10,142.74000549316406,143.4199981689453,140.7100067138672,140.77000427246094,575500.0
2020-09-11,141.55999755859375,141.77000427246094,140.27999877929688,141.10000610351562,482500.0
2020-09-14,142.13999938964844,143.82000732421875,141.25,142.8800048828125,684600.0
2020-09-15,144.16000366210938,144.83999633789062,142.85000610351562,143.58999633789062,812900.0
2020-09-16,143.85000610351562,145.50999450683594,142.58999633789062,142.77000427246094,678200.0
2020-09-17,142.3300018310547,142.97000122070312,139.7100067138672,141.02000427246094,733400.0
2020-09-18,140.75,141.83999633789062,138.0,138.27999877929688,1420900.0
2020-09-21,137.94000244140625,140.0800018310547,137.00999450683594,139.72000122070312,746800.0
2020-09-22,140.24000549316406,141.47000122070312,138.91000366210938,140.1699981689453,718100.0
2020-09-23,140.64999389648438,141.2100067138672,138.0399932861328,138.0500030517578,585700.0
2020-09-24,138.9199981689453,141.9499969482422,138.50999450683594,140.66000366210938,902900.0
2020-09-25,139.5399932861328,144.3699951171875,139.5399932861328,144.22999572753906,898100.0
2020-09-28,144.47000122070312,146.05999755859375,143.64999389648438,144.5500030517578,599200.0
2020-09-29,144.75,145.10000610351562,142.8800048828125,143.6999969482422,565100.0
2020-09-30,144.6300048828125,146.27999877929688,144.13999938964844,144.8800048828125,1099600.0
2020-10-01,145.55999755859375,148.86000061035156,145.44000244140625,148.57000732421875,1478200.0
2020-10-02,147.52000427246094,149.97000122070312,146.8699951171875,148.9600067138672,751200.0
2020-10-05,149.25,152.16000366210938,148.58999633789062,151.88999938964844,707000.0
2020-10-06,151.85000610351562,153.74000549316406,150.8699951171875,152.49000549316406,718400.0
2020-10-07,153.94000244140625,155.4600067138672,152.91000366210938,154.50999450683594,942400.0
2020-10-08,155.0,156.38999938964844,154.0800018310547,155.85000610351562,554400.0
2020-10-09,156.2100067138672,157.27000427246094,154.61000061035156,155.75,651900.0
2020-10-12,156.64999389648438,160.0,156.2899932861328,158.32000732421875,571000.0
2020-10-13,156.3300018310547,156.35000610351562,154.5,156.0800018310547,592900.0
2020-10-14,155.6199951171875,157.38999938964844,154.5399932861328,155.75999450683594,581900.0
2020-10-15,154.5399932861328,157.1699981689453,153.5500030517578,155.86000061035156,513900.0
2020-10-16,156.5800018310547,156.64999389648438,155.5,155.72000122070312,1120200.0
2020-10-19,156.25999450683594,157.5399932861328,153.97999572753906,154.52000427246094,1175100.0
2020-10-20,155.2899932861328,155.2899932861328,152.61000061035156,153.14999389648438,725600.0
2020-10-21,153.4199981689453,154.08999633789062,151.85000610351562,152.25,818400.0
2020-10-22,153.0500030517578,153.9600067138672,152.33999633789062,153.61000061035156,455500.0
2020-10-23,153.8800048828125,154.67999267578125,152.99000549316406,154.0800018310547,423700.0
2020-10-26,154.3000030517578,155.02000427246094,152.0,154.00999450683594,676200.0
2020-10-27,154.36000061035156,156.17999267578125,153.6699981689453,154.6199951171875,621100.0
2020-10-28,152.75999450683594,155.60000610351562,152.50999450683594,153.0,874700.0
2020-10-29,152.9199981689453,153.9600067138672,150.14999389648438,152.16000366210938,534000.0
2020-10-30,151.3000030517578,152.33999633789062,149.22999572753906,150.50999450683594,831800.0
2020-11-02,152.0,155.07000732421875,151.63999938964844,154.3000030517578,731300.0
2020-11-03,156.05999755859375,159.41000366210938,155.49000549316406,157.10000610351562,742100.0
2020-11-04,158.25999450683594,160.55999755859375,155.25,155.41000366210938,728100.0
2020-11-05,160.0,162.83999633789062,155.5,158.2100067138672,766900.0
2020-11-06,158.85000610351562,161.94000244140625,157.8000030517578,161.1300048828125,744800.0
2020-11-09,171.99000549316406,172.55999755859375,161.92999267578125,162.3300018310547,1347500.0
2020-11-10,162.2100067138672,164.58999633789062,161.6300048828125,163.50999450683594,1021400.0
2020-11-11,164.49000549316406,165.6999969482422,163.17999267578125,164.3699951171875,968000.0
2020-11-12,164.22000122070312,164.7100067138672,160.11000061035156,161.41000366210938,863600.0
2020-11-13,161.9199981689453,162.89999389648438,160.63999938964844,161.30999755859375,634900.0
2020-11-16,162.97000122070312,165.6300048828125,161.00999450683594,165.5500030517578,902800.0
2020-11-17,163.92999267578125,164.55999755859375,158.8800048828125,159.2899932861328,1082500.0
2020-11-18,160.6699981689453,160.7100067138672,155.97000122070312,156.19000244140625,858100.0
2020-11-19,156.8800048828125,157.1999969482422,154.5399932861328,156.64999389648438,913000.0
2020-11-20,155.77999877929688,160.11000061035156,155.77999877929688,157.7100067138672,992800.0
2020-11-23,157.77000427246094,158.13999938964844,154.75999450683594,155.22000122070312,616900.0
2020-11-24,156.52999877929688,156.8800048828125,152.8800048828125,153.1999969482422,1006000.0
2020-11-25,153.97999572753906,154.97000122070312,151.11000061035156,153.1300048828125,1113600.0
2020-11-27,152.80999755859375,154.19000244140625,151.7100067138672,153.72999572753906,504000.0
2020-11-30,154.0,154.80999755859375,152.13999938964844,153.3800048828125,1059700.0
2020-12-01,154.5800018310547,156.41000366210938,154.0399932861328,154.3000030517578,797200.0
2020-12-02,154.72999572753906,155.36000061035156,152.7100067138672,154.8300018310547,794100.0
2020-12-03,153.97999572753906,155.4600067138672,151.9199981689453,152.47999572753906,707700.0
2020-12-04,152.33999633789062,152.8800048828125,147.89999389648438,148.89999389648438,1318400.0
2020-12-07,148.83999633789062,151.14999389648438,148.57000732421875,150.32000732421875,1042500.0
2020-12-08,149.55999755859375,150.25,148.6199951171875,149.35000610351562,811100.0
2020-12-09,150.08999633789062,150.08999633789062,147.7899932861328,148.47000122070312,919300.0
2020-12-10,148.64999389648438,148.64999389648438,146.5399932861328,148.07000732421875,888000.0
2020-12-11,147.97000122070312,148.82000732421875,146.74000549316406,148.27999877929688,760100.0
2020-12-14,150.1199951171875,151.3300018310547,148.4600067138672,148.5500030517578,811100.0
2020-12-15,149.00999450683594,153.35000610351562,148.80999755859375,152.99000549316406,1555900.0
2020-12-16,153.8300018310547,154.75999450683594,150.25999450683594,150.3699951171875,821500.0
2020-12-17,151.25999450683594,153.1999969482422,150.6999969482422,151.86000061035156,925500.0
2020-12-18,151.99000549316406,152.55999755859375,149.7100067138672,150.24000549316406,1891400.0
2020-12-21,148.9499969482422,149.38999938964844,147.02999877929688,149.11000061035156,1134600.0
2020-12-22,149.33999633789062,149.33999633789062,147.41000366210938,148.05999755859375,823700.0
2020-12-23,148.9499969482422,150.66000366210938,147.35000610351562,147.41000366210938,731500.0
2020-12-24,147.8800048828125,149.13999938964844,147.4199981689453,149.13999938964844,253700.0
2020-12-28,149.58999633789062,151.00999450683594,148.99000549316406,149.64999389648438,546600.0
2020-12-29,150.7899932861328,151.8800048828125,149.94000244140625,150.72999572753906,685100.0
2020-12-30,150.89999389648438,151.6999969482422,150.25999450683594,150.6300048828125,361800.0
2020-12-31,150.58999633789062,153.60000610351562,150.2100067138672,153.47000122070312,521900.0
2021-01-04,153.52999877929688,153.7899932861328,148.6199951171875,150.24000549316406,1378900.0
2021-01-05,150.5,151.50999450683594,148.89999389648438,151.08999633789062,867600.0
2021-01-06,151.77999877929688,153.72999572753906,150.55999755859375,152.36000061035156,1206200.0
2021-01-07,153.88999938964844,154.58999633789062,151.7899932861328,152.1300048828125,851500.0
2021-01-08,152.08999633789062,157.3699951171875,151.5,156.97999572753906,1367400.0
2021-01-11,156.36000061035156,157.5500030517578,154.25999450683594,156.63999938964844,812300.0
2021-01-12,156.77999877929688,159.11000061035156,154.42999267578125,156.22999572753906,1128800.0
2021-01-13,156.60000610351562,161.1999969482422,156.22999572753906,159.69000244140625,898200.0
2021-01-14,159.52000427246094,159.67999267578125,157.27000427246094,158.0,712400.0
2021-01-15,157.55999755859375,160.3000030517578,157.0,159.72000122070312,946600.0
2021-01-19,160.8300018310547,160.9199981689453,157.6999969482422,159.27000427246094,873100.0
2021-01-20,159.22000122070312,163.8699951171875,158.5800018310547,163.39999389648438,1051000.0
2021-01-21,163.10000610351562,163.99000549316406,159.88999938964844,160.89999389648438,785300.0
2021-01-22,160.44000244140625,161.72000122070312,159.02000427246094,160.91000366210938,674100.0
2021-01-25,160.8800048828125,163.55999755859375,159.89999389648438,161.2100067138672,928100.0
2021-01-26,160.25,160.82000732421875,158.63999938964844,159.30999755859375,1056400.0
2021-01-27,158.19000244140625,158.89999389648438,155.39999389648438,156.72000122070312,963300.0
2021-01-28,157.0399932861328,162.6199951171875,156.80999755859375,159.7899932861328,827700.0
2021-01-29,158.64999389648438,160.80999755859375,156.0399932861328,159.02000427246094,1114600.0
2021-02-01,160.6300048828125,163.57000732421875,159.64999389648438,161.52000427246094,693700.0
2021-02-02,161.9600067138672,166.0800018310547,161.47999572753906,163.32000732421875,766500.0
2021-02-03,162.86000061035156,164.86000061035156,161.88999938964844,164.11000061035156,776400.0
2021-02-04,163.8300018310547,165.52000427246094,163.00999450683594,164.02000427246094,599400.0
2021-02-05,164.14999389648438,165.52999877929688,162.75,165.00999450683594,478900.0
2021-02-08,164.9499969482422,165.22000122070312,161.11000061035156,162.22000122070312,686500.0
2021-02-09,162.47000122070312,163.66000366210938,161.5800018310547,163.44000244140625,569400.0
2021-02-10,165.0,165.14999389648438,163.61000061035156,164.80999755859375,471200.0
2021-02-11,165.14999389648438,165.67999267578125,163.74000549316406,164.8300018310547,468500.0
2021-02-12,163.82000732421875,165.86000061035156,160.27999877929688,161.69000244140625,551700.0
2021-02-16,161.60000610351562,163.24000549316406,160.17999267578125,161.57000732421875,810800.0
2021-02-17,161.13999938964844,161.97000122070312,160.05999755859375,160.77999877929688,753900.0
2021-02-18,160.39999389648438,161.24000549316406,159.67999267578125,160.14999389648438,1157200.0
2021-02-19,160.3800048828125,160.64999389648438,156.4600067138672,156.66000366210938,741500.0
2021-02-22,155.17999267578125,156.60000610351562,150.82000732421875,151.80999755859375,1191500.0
2021-02-23,152.00999450683594,153.75999450683594,150.6300048828125,153.14999389648438,984700.0
2021-02-24,153.0,153.3300018310547,149.82000732421875,149.94000244140625,1204000.0
2021-02-25,149.6699981689453,149.8699951171875,145.02999877929688,145.63999938964844,1353500.0
2021-02-26,146.1300048828125,147.36000061035156,141.77999877929688,141.8800048828125,1986300.0
2021-03-01,144.2100067138672,145.7899932861328,143.49000549316406,144.00999450683594,1188100.0
2021-03-02,143.6199951171875,144.4499969482422,139.2899932861328,139.63999938964844,1512800.0
2021-03-03,138.8800048828125,139.4499969482422,131.00999450683594,132.1300048828125,2149400.0
2021-03-04,135.02000427246094,138.75,132.5500030517578,134.97000122070312,3108600.0
2021-03-05,134.4499969482422,136.52000427246094,132.3699951171875,136.00999450683594,1720200.0
2021-03-08,136.7100067138672,137.88999938964844,133.72000122070312,133.8699951171875,1457200.0
2021-03-09,135.5399932861328,137.4600067138672,134.52000427246094,136.8300018310547,2495600.0
2021-03-10,137.3000030517578,137.64999389648438,135.6199951171875,136.3800048828125,2165000.0
2021-03-11,137.52000427246094,138.41000366210938,136.07000732421875,137.0399932861328,1755600.0
2021-03-12,137.88999938964844,139.5399932861328,136.4600067138672,139.1300048828125,1029600.0
2021-03-15,139.5,141.02999877929688,138.72999572753906,140.30999755859375,1296200.0
2021-03-16,140.52000427246094,142.6699981689453,140.5,141.16000366210938,1136600.0
2021-03-17,140.42999267578125,140.8800048828125,138.72999572753906,139.3800048828125,1209300.0
2021-03-18,138.69000244140625,139.50999450683594,137.39999389648438,139.0,1200400.0
2021-03-19,139.0399932861328,139.5399932861328,136.89999389648438,138.36000061035156,2216400.0
2021-03-22,138.86000061035156,140.11000061035156,138.25999450683594,140.0500030517578,1027300.0
2021-03-23,140.19000244140625,144.50999450683594,139.75,144.14999389648438,1033500.0
2021-03-24,143.02000427246094,145.5399932861328,142.27999877929688,144.91000366210938,1256700.0
2021-03-25,145.0800018310547,147.27000427246094,144.60000610351562,145.2100067138672,1211200.0
2021-03-26,145.0500030517578,146.47000122070312,142.3800048828125,146.32000732421875,1163500.0
2021-03-29,146.32000732421875,148.7899932861328,145.66000366210938,147.91000366210938,940500.0
2021-03-30,147.92999267578125,148.27000427246094,145.9499969482422,146.85000610351562,768700.0
2021-03-31,147.49000549316406,150.52999877929688,147.10000610351562,149.9199981689453,1221000.0
2021-04-01,150.63999938964844,151.8300018310547,149.58999633789062,150.58999633789062,855400.0
2021-04-05,150.27000427246094,152.3699951171875,150.25,152.02999877929688,577400.0
2021-04-06,151.83999633789062,153.19000244140625,150.88999938964844,152.8000030517578,848200.0
2021-04-07,153.0500030517578,153.86000061035156,151.86000061035156,152.92999267578125,611600.0
2021-04-08,153.6300048828125,153.77999877929688,151.17999267578125,151.69000244140625,657300.0
2021-04-09,152.05999755859375,152.64999389648438,150.9600067138672,151.67999267578125,609700.0
2021-04-12,151.64999389648438,153.38999938964844,151.36000061035156,152.25,742100.0
2021-04-13,151.33999633789062,155.83999633789062,151.27999877929688,155.41000366210938,738700.0
2021-04-14,154.7100067138672,157.19000244140625,153.9499969482422,157.1300048828125,929100.0
2021-04-15,157.14999389648438,159.30999755859375,157.14999389648438,159.16000366210938,1069200.0
2021-04-16,160.0,160.32000732421875,158.82000732421875,160.1199951171875,1341700.0
2021-04-19,160.24000549316406,160.55999755859375,157.97999572753906,158.72000122070312,835100.0
2021-04-20,159.0,162.39999389648438,158.86000061035156,161.30999755859375,850100.0
2021-04-21,162.2899932861328,162.5,159.8300018310547,161.0,623200.0
2021-04-22,161.0,162.3800048828125,160.47000122070312,161.42999267578125,653700.0
2021-04-23,161.5,161.85000610351562,159.2899932861328,159.36000061035156,1044900.0
2021-04-26,159.47000122070312,159.67999267578125,156.44000244140625,157.7100067138672,938500.0
2021-04-27,157.94000244140625,158.0800018310547,154.5500030517578,155.10000610351562,1373100.0
2021-04-28,155.2899932861328,155.49000549316406,153.52999877929688,154.33999633789062,699300.0
2021-04-29,154.5,156.69000244140625,154.00999450683594,154.44000244140625,752600.0
2021-04-30,154.6699981689453,156.02000427246094,154.1300048828125,155.99000549316406,1012100.0
2021-05-03,156.16000366210938,156.80999755859375,154.74000549316406,155.5,598000.0
2021-05-04,154.52000427246094,156.72999572753906,153.30999755859375,155.2899932861328,956300.0
2021-05-05,154.41000366210938,155.14999389648438,151.17999267578125,153.05999755859375,714100.0
2021-05-06,152.9199981689453,154.13999938964844,152.13999938964844,153.1999969482422,751300.0
2021-05-07,153.1999969482422,155.82000732421875,152.61000061035156,152.77000427246094,795900.0
2021-05-10,152.30999755859375,156.5500030517578,152.1300048828125,156.0,2008300.0
2021-05-11,155.8000030517578,155.8000030517578,152.57000732421875,153.6999969482422,667600.0
2021-05-12,152.8000030517578,152.97999572753906,149.14999389648438,149.58999633789062,837100.0
2021-05-13,149.60000610351562,152.66000366210938,149.3000030517578,152.0,560700.0
2021-05-14,152.16000366210938,153.83999633789062,152.0,152.8300018310547,830800.0
2021-05-17,152.64999389648438,153.8300018310547,150.8000030517578,150.85000610351562,540400.0
2021-05-18,150.89999389648438,151.94000244140625,149.85000610351562,151.08999633789062,515500.0
2021-05-19,150.57000732421875,152.1199951171875,150.11000061035156,152.07000732421875,605600.0
2021-05-20,152.13999938964844,154.91000366210938,152.13999938964844,154.4199981689453,703400.0
2021-05-21,154.66000366210938,156.35000610351562,154.16000366210938,155.1199951171875,1605300.0
2021-05-24,155.60000610351562,156.49000549316406,154.74000549316406,154.83999633789062,450100.0
2021-05-25,154.83999633789062,155.72999572753906,153.58999633789062,154.9199981689453,581500.0
2021-05-26,155.2899932861328,155.77999877929688,153.9600067138672,154.97000122070312,485100.0
2021-05-27,156.0,156.0500030517578,153.10000610351562,153.4199981689453,1029500.0
2021-05-28,154.6699981689453,155.9499969482422,153.88999938964844,155.02000427246094,562200.0
2021-06-01,155.8800048828125,156.1699981689453,154.1300048828125,154.25999450683594,619300.0
2021-06-02,154.22999572753906,156.1300048828125,153.77000427246094,155.42999267578125,504100.0
2021-06-03,154.00999450683594,156.67999267578125,154.00999450683594,156.0399932861328,720800.0
2021-06-04,156.2100067138672,157.1999969482422,156.00999450683594,156.42999267578125,403200.0
2021-06-07,156.5500030517578,157.64999389648438,156.22999572753906,157.47000122070312,487600.0
2021-06-08,157.8000030517578,158.02000427246094,156.02999877929688,156.80999755859375,479800.0
2021-06-09,157.3800048828125,158.38999938964844,156.58999633789062,157.60000610351562,644500.0
2021-06-10,157.77000427246094,160.0,157.2100067138672,159.72999572753906,541500.0
2021-06-11,159.8000030517578,160.44000244140625,159.25999450683594,160.36000061035156,745500.0
2021-06-14,160.52999877929688,161.5,158.4499969482422,160.47999572753906,735400.0
2021-06-15,160.5,162.52000427246094,160.02000427246094,161.7899932861328,640700.0
2021-06-16,162.55999755859375,163.0,158.36000061035156,158.47000122070312,795500.0
2021-06-17,158.1300048828125,162.42999267578125,157.8699951171875,162.1999969482422,619700.0
2021-06-18,161.11000061035156,161.80999755859375,157.3699951171875,157.5399932861328,1741100.0
2021-06-21,157.92999267578125,161.63999938964844,156.36000061035156,161.3000030517578,808800.0
2021-06-22,161.80999755859375,162.55999755859375,159.63999938964844,159.6999969482422,581800.0
2021-06-23,159.8300018310547,160.0,155.9499969482422,156.3699951171875,855100.0
2021-06-24,157.49000549316406,157.5399932861328,153.6699981689453,154.75999450683594,867500.0
2021-06-25,154.75999450683594,155.3800048828125,153.38999938964844,155.22999572753906,1041300.0
2021-06-28,155.61000061035156,158.85000610351562,155.61000061035156,157.3300018310547,742900.0
2021-06-29,156.44000244140625,158.25,155.41000366210938,155.47999572753906,655300.0
2021-06-30,155.75999450683594,156.5399932861328,153.3300018310547,154.1300048828125,627700.0
2021-07-01,154.22000122070312,155.89999389648438,153.4499969482422,155.57000732421875,497200.0
2021-07-02,155.92999267578125,156.94000244140625,155.49000549316406,156.8800048828125,397700.0
2021-07-06,157.8000030517578,159.97999572753906,156.55999755859375,159.8800048828125,761300.0
2021-07-07,160.0,163.60000610351562,159.36000061035156,163.3800048828125,871300.0
2021-07-08,162.57000732421875,163.99000549316406,161.07000732421875,161.5800018310547,569900.0
2021-07-09,161.64999389648438,162.49000549316406,160.4600067138672,162.27999877929688,519800.0
2021-07-12,162.25,163.22000122070312,161.55999755859375,162.97999572753906,414500.0
2021-07-13,162.83999633789062,163.89999389648438,161.61000061035156,162.25,473900.0
2021-07-14,162.2100067138672,164.08999633789062,161.25999450683594,163.24000549316406,363800.0
2021-07-15,162.39999389648438,166.5,162.22000122070312,166.11000061035156,627000.0
2021-07-16,166.5399932861328,169.77000427246094,166.1999969482422,168.30999755859375,629800.0
2021-07-19,167.36000061035156,168.9499969482422,164.7899932861328,167.36000061035156,768500.0
2021-07-20,167.97000122070312,169.4499969482422,165.7100067138672,166.6999969482422,955100.0
2021-07-21,166.4199981689453,166.4199981689453,162.72000122070312,163.49000549316406,749200.0
2021-07-22,163.58999633789062,164.85000610351562,163.1699981689453,164.4199981689453,535900.0
2021-07-23,164.77000427246094,167.36000061035156,164.50999450683594,167.27000427246094,603100.0
2021-07-26,166.5,167.0399932861328,164.9600067138672,166.17999267578125,556300.0
2021-07-27,166.3800048828125,170.74000549316406,165.55999755859375,170.1999969482422,584200.0
2021-07-28,170.14999389648438,170.86000061035156,168.60000610351562,170.35000610351562,484800.0
2021-07-29,170.50999450683594,171.30999755859375,169.66000366210938,170.72999572753906,406100.0
2021-07-30,170.57000732421875,172.10000610351562,169.94000244140625,170.11000061035156,631200.0
2021-08-02,169.97999572753906,172.27000427246094,169.8300018310547,172.25,621800.0
2021-08-03,173.25,176.83999633789062,172.10000610351562,175.3000030517578,912800.0
2021-08-04,172.13999938964844,177.14999389648438,172.05999755859375,176.47000122070312,1084800.0
2021-08-05,177.0,180.0800018310547,176.0,179.6699981689453,525200.0
2021-08-06,179.92999267578125,180.4199981689453,177.36000061035156,177.4499969482422,1000300.0
2021-08-09,178.10000610351562,178.52000427246094,175.5,177.1199951171875,985600.0
2021-08-10,177.1999969482422,177.32000732421875,175.50999450683594,176.00999450683594,624000.0
2021-08-11,176.4600067138672,177.0500030517578,174.52999877929688,175.55999755859375,728800.0
2021-08-12,175.6999969482422,177.94000244140625,175.30999755859375,177.4499969482422,789000.0
2021-08-13,177.67999267578125,179.08999633789062,176.85000610351562,178.9199981689453,649900.0
2021-08-16,178.99000549316406,181.75,178.74000549316406,181.5,617600.0
2021-08-17,181.3300018310547,181.60000610351562,179.5399932861328,181.38999938964844,579100.0
2021-08-18,181.17999267578125,181.3300018310547,178.97999572753906,179.8800048828125,583100.0
2021-08-19,180.25999450683594,182.4199981689453,179.42999267578125,181.77000427246094,549100.0
2021-08-20,181.4499969482422,184.63999938964844,180.5,184.10000610351562,666600.0
2021-08-23,184.10000610351562,185.24000549316406,181.33999633789062,182.1999969482422,993500.0
2021-08-24,181.74000549316406,181.9600067138672,179.0,180.60000610351562,745800.0
2021-08-25,180.60000610351562,181.42999267578125,179.55999755859375,180.8800048828125,502400.0
2021-08-26,180.50999450683594,181.6699981689453,179.75999450683594,181.22000122070312,520800.0
2021-08-27,181.61000061035156,182.32000732421875,180.00999450683594,180.30999755859375,748700.0
2021-08-30,181.1699981689453,183.30999755859375,180.7899932861328,182.5800018310547,520100.0
2021-08-31,182.5800018310547,183.72000122070312,181.80999755859375,182.25,918100.0
2021-09-01,180.67999267578125,185.17999267578125,180.67999267578125,184.42999267578125,751700.0
2021-09-02,185.0,186.9199981689453,184.5,186.85000610351562,460000.0
2021-09-03,186.10000610351562,187.02000427246094,184.5800018310547,185.14999389648438,466300.0
2021-09-07,185.24000549316406,185.7899932861328,182.88999938964844,184.0,608700.0
2021-09-08,184.00999450683594,189.35000610351562,183.50999450683594,188.75,590000.0
2021-09-09,187.75999450683594,188.8800048828125,186.5399932861328,187.5399932861328,987900.0
2021-09-10,188.25999450683594,188.25999450683594,184.6999969482422,184.7899932861328,518600.0
2021-09-13,186.0399932861328,186.52999877929688,182.4499969482422,183.13999938964844,690200.0
2021-09-14,184.05999755859375,185.16000366210938,183.14999389648438,184.8800048828125,483300.0
2021-09-15,184.75,185.52000427246094,182.89999389648438,183.64999389648438,738000.0
2021-09-16,184.24000549316406,184.9499969482422,181.1300048828125,181.6999969482422,724000.0
2021-09-17,179.69000244140625,181.41000366210938,177.5399932861328,178.0399932861328,1961900.0
2021-09-20,177.27000427246094,180.75,176.0399932861328,179.25,645200.0
2021-09-21,179.47999572753906,181.13999938964844,178.3300018310547,178.4600067138672,604700.0
2021-09-22,179.0,179.47999572753906,176.32000732421875,177.72000122070312,619900.0
2021-09-23,177.6199951171875,179.61000061035156,177.2100067138672,177.8300018310547,665800.0
2021-09-24,177.8300018310547,178.9600067138672,176.0,176.7899932861328,470400.0
2021-09-27,174.2899932861328,174.75999450683594,170.5500030517578,170.7100067138672,922400.0
2021-09-28,170.11000061035156,170.1999969482422,167.97999572753906,168.19000244140625,725000.0
2021-09-29,168.57000732421875,172.0,167.8699951171875,170.3000030517578,689700.0
2021-09-30,171.1699981689453,171.47999572753906,168.89999389648438,169.0399932861328,863900.0
2021-10-01,168.6999969482422,170.38999938964844,167.5,168.33999633789062,662600.0
2021-10-04,168.58999633789062,171.72999572753906,168.22999572753906,170.91000366210938,730500.0
2021-10-05,171.38999938964844,172.44000244140625,170.6300048828125,171.60000610351562,577500.0
2021-10-06,171.16000366210938,174.1999969482422,170.0800018310547,174.17999267578125,488000.0
2021-10-07,174.52000427246094,175.8800048828125,172.2100067138672,172.47000122070312,497800.0
2021-10-08,172.2899932861328,173.39999389648438,169.6999969482422,170.8300018310547,442600.0
2021-10-11,170.10000610351562,170.92999267578125,168.3800048828125,168.86000061035156,746000.0
2021-10-12,168.8000030517578,170.27999877929688,167.91000366210938,169.5399932861328,499400.0
2021-10-13,169.83999633789062,170.4600067138672,168.25999450683594,169.39999389648438,773700.0
2021-10-14,169.91000366210938,171.72999572753906,169.91000366210938,171.17999267578125,547200.0
2021-10-15,171.30999755859375,171.86000061035156,170.2100067138672,171.4199981689453,659200.0
2021-10-18,170.72000122070312,171.3800048828125,169.36000061035156,170.38999938964844,531900.0
2021-10-19,171.66000366210938,173.41000366210938,171.22999572753906,172.64999389648438,594500.0
2021-10-20,174.05999755859375,175.6300048828125,173.27000427246094,173.97000122070312,556800.0
2021-10-21,174.25999450683594,176.2899932861328,173.1300048828125,173.5500030517578,743000.0
2021-10-22,173.92999267578125,176.47000122070312,173.83999633789062,175.80999755859375,537700.0
2021-10-25,174.47999572753906,176.99000549316406,174.00999450683594,174.85000610351562,585000.0
2021-10-26,174.94000244140625,176.66000366210938,174.47000122070312,174.9499969482422,540400.0
2021-10-27,175.9499969482422,176.10000610351562,173.0399932861328,173.22000122070312,519900.0
2021-10-28,173.13999938964844,175.44000244140625,173.0500030517578,175.30999755859375,472100.0
2021-10-29,175.0,176.32000732421875,173.35000610351562,174.17999267578125,779900.0
2021-11-01,174.2899932861328,174.83999633789062,170.99000549316406,173.69000244140625,726500.0
2021-11-02,174.77999877929688,176.83999633789062,173.9199981689453,176.8000030517578,962000.0
2021-11-03,172.0,174.0,166.2100067138672,168.00999450683594,1637900.0
2021-11-04,165.6699981689453,169.1699981689453,165.6699981689453,168.77000427246094,1145800.0
2021-11-05,168.75999450683594,170.61000061035156,167.85000610351562,169.66000366210938,657200.0
2021-11-08,169.22000122070312,169.80999755859375,166.5800018310547,169.00999450683594,953000.0
2021-11-09,169.52000427246094,170.38999938964844,168.41000366210938,169.52000427246094,528300.0
2021-11-10,169.0800018310547,172.02999877929688,168.99000549316406,172.0,779200.0
2021-11-11,172.1999969482422,172.24000549316406,169.41000366210938,170.64999389648438,525900.0
2021-11-12,171.0800018310547,171.0800018310547,169.05999755859375,170.74000549316406,393300.0
2021-11-15,171.22000122070312,173.1199951171875,170.8800048828125,172.67999267578125,491700.0
2021-11-16,172.88999938964844,173.0,170.22999572753906,170.74000549316406,636400.0
2021-11-17,170.5399932861328,170.80999755859375,168.0500030517578,170.75,709000.0
2021-11-18,171.0500030517578,172.8300018310547,170.8300018310547,171.49000549316406,606500.0
2021-11-19,172.42999267578125,173.91000366210938,171.1999969482422,173.3800048828125,746300.0
2021-11-22,172.99000549316406,175.9600067138672,171.47000122070312,174.57000732421875,650700.0
2021-11-23,174.42999267578125,175.77000427246094,172.52000427246094,173.0800018310547,571500.0
2021-11-24,173.0,173.83999633789062,171.35000610351562,173.41000366210938,404200.0
2021-11-26,172.39999389648438,174.58999633789062,170.00999450683594,170.30999755859375,399300.0
2021-11-29,171.50999450683594,173.89999389648438,169.8699951171875,173.32000732421875,623800.0
2021-11-30,172.5399932861328,174.27999877929688,168.5,168.57000732421875,1561900.0
2021-12-01,168.0800018310547,171.88999938964844,166.55999755859375,167.8000030517578,937500.0
2021-12-02,168.69000244140625,171.47000122070312,168.4499969482422,170.3699951171875,835900.0
2021-12-03,171.57000732421875,171.82000732421875,167.63999938964844,171.6300048828125,831100.0
2021-12-06,172.27999877929688,174.8699951171875,171.85000610351562,173.9199981689453,611200.0
2021-12-07,174.25999450683594,177.42999267578125,173.61000061035156,176.52000427246094,663900.0
2021-12-08,176.88999938964844,178.11000061035156,175.50999450683594,176.75999450683594,636900.0
2021-12-09,176.5,176.63999938964844,174.83999633789062,175.82000732421875,870300.0
2021-12-10,176.6300048828125,178.36000061035156,175.4499969482422,176.13999938964844,593800.0
2021-12-13,175.91000366210938,182.0500030517578,175.91000366210938,180.89999389648438,830500.0
2021-12-14,180.74000549316406,181.22000122070312,178.08999633789062,179.3000030517578,632400.0
2021-12-15,180.16000366210938,182.33999633789062,180.14999389648438,182.27000427246094,622200.0
2021-12-16,181.8300018310547,183.9499969482422,181.38999938964844,182.92999267578125,750900.0
2021-12-17,182.66000366210938,184.85000610351562,182.25,183.11000061035156,2131400.0
2021-12-20,181.5399932861328,183.25999450683594,179.5500030517578,182.6199951171875,715700.0
2021-12-21,183.58999633789062,184.11000061035156,179.1699981689453,181.27000427246094,952800.0
2021-12-22,180.64999389648438,183.5,180.14999389648438,183.3699951171875,457700.0
2021-12-23,183.5500030517578,183.75,181.8000030517578,182.0800018310547,322800.0
2021-12-27,183.22999572753906,184.25,181.9499969482422,183.5800018310547,428600.0
2021-12-28,183.74000549316406,186.16000366210938,183.2899932861328,186.13999938964844,375000.0
2021-12-29,186.5,187.72000122070312,185.27000427246094,187.38999938964844,373700.0
2021-12-30,187.1199951171875,188.72999572753906,186.27000427246094,188.02999877929688,373700.0
2021-12-31,188.0,189.64999389648438,187.49000549316406,188.86000061035156,382200.0
2022-01-03,188.97000122070312,189.25,182.1999969482422,184.13999938964844,712600.0
2022-01-04,184.02000427246094,184.77999877929688,179.39999389648438,179.4199981689453,1139700.0
2022-01-05,177.3000030517578,180.2899932861328,177.25,178.10000610351562,1133500.0
2022-01-06,177.6199951171875,178.89999389648438,174.7899932861328,175.3000030517578,1057500.0
2022-01-07,172.83999633789062,174.4600067138672,171.0399932861328,173.5,1199700.0
2022-01-10,172.67999267578125,172.9499969482422,167.14999389648438,170.02999877929688,1082000.0
2022-01-11,170.17999267578125,171.08999633789062,165.9199981689453,168.30999755859375,759500.0
2022-01-12,167.4600067138672,169.61000061035156,165.5,169.17999267578125,863900.0
2022-01-13,169.13999938964844,170.3300018310547,167.52999877929688,168.08999633789062,858800.0
2022-01-14,167.8300018310547,167.97000122070312,160.64999389648438,163.57000732421875,1568600.0
2022-01-18,161.0399932861328,163.72999572753906,159.7100067138672,162.00999450683594,1166900.0
2022-01-19,161.58999633789062,164.3300018310547,160.77000427246094,161.02000427246094,940900.0
2022-01-20,161.55999755859375,164.6999969482422,159.52999877929688,162.6999969482422,1067300.0
2022-01-21,164.0800018310547,165.33999633789062,161.17999267578125,161.38999938964844,910200.0
2022-01-24,160.8000030517578,162.63999938964844,155.25,159.7899932861328,1417600.0
2022-01-25,157.77999877929688,159.8800048828125,155.44000244140625,157.0,1147000.0
2022-01-26,157.4499969482422,159.47000122070312,154.57000732421875,155.5500030517578,1090300.0
2022-01-27,156.8800048828125,159.41000366210938,155.66000366210938,156.14999389648438,921300.0
2022-01-28,156.27000427246094,157.83999633789062,153.36000061035156,157.83999633789062,903300.0
2022-01-31,157.1199951171875,161.1199951171875,156.67999267578125,160.8000030517578,966500.0
2022-02-01,161.0,161.44000244140625,156.57000732421875,158.7100067138672,904800.0
2022-02-02,158.38999938964844,160.97999572753906,157.24000549316406,160.82000732421875,863100.0
2022-02-03,159.25,159.74000549316406,157.3000030517578,157.50999450683594,732500.0
2022-02-04,156.57000732421875,157.30999755859375,153.77000427246094,155.5,895600.0
2022-02-07,155.6999969482422,156.2100067138672,153.52999877929688,155.4199981689453,942400.0
2022-02-08,155.5,157.8300018310547,155.05999755859375,155.66000366210938,912000.0
2022-02-09,156.99000549316406,157.14999389648438,154.42999267578125,155.72999572753906,904800.0
2022-02-10,152.75,154.25999450683594,150.0500030517578,150.41000366210938,854100.0
2022-02-11,151.33999633789062,152.27000427246094,148.3800048828125,149.4600067138672,950200.0
2022-02-14,149.47000122070312,150.91000366210938,146.19000244140625,148.02999877929688,1232400.0
2022-02-15,149.39999389648438,149.6199951171875,145.38999938964844,146.77000427246094,1849100.0
2022-02-16,147.05999755859375,147.10000610351562,144.33999633789062,146.2899932861328,1870200.0
2022-02-17,147.9199981689453,149.14999389648438,144.1999969482422,148.05999755859375,1407700.0
2022-02-18,147.0,149.47000122070312,146.24000549316406,148.25999450683594,2489500.0
2022-02-22,147.16000366210938,149.4499969482422,145.2899932861328,147.8300018310547,1098300.0
2022-02-23,149.3000030517578,150.05999755859375,146.5800018310547,146.72999572753906,997800.0
2022-02-24,144.9499969482422,149.0399932861328,144.66000366210938,148.60000610351562,1234100.0
2022-02-25,149.5,152.77000427246094,148.9199981689453,152.69000244140625,1150000.0
2022-02-28,152.3699951171875,152.97000122070312,149.27999877929688,151.08999633789062,3606100.0
2022-03-01,151.2899932861328,153.2100067138672,148.67999267578125,151.02000427246094,1356600.0
2022-03-02,150.6300048828125,152.52999877929688,150.5800018310547,152.10000610351562,821700.0
2022-03-03,152.5,155.66000366210938,152.5,154.94000244140625,1084600.0
2022-03-04,155.0399932861328,161.44000244140625,154.94000244140625,161.0399932861328,1597000.0
2022-03-07,161.72000122070312,161.99000549316406,158.10000610351562,159.22000122070312,1244400.0
2022-03-08,157.41000366210938,159.32000732421875,153.52000427246094,154.25,1363200.0
2022-03-09,155.9600067138672,156.77000427246094,152.61000061035156,153.7899932861328,881200.0
2022-03-10,153.24000549316406,153.2899932861328,151.14999389648438,153.1300048828125,958700.0
2022-03-11,153.3300018310547,154.92999267578125,151.25999450683594,152.0800018310547,964500.0
2022-03-14,153.61000061035156,154.9499969482422,151.63999938964844,152.6199951171875,1013400.0
2022-03-15,154.9600067138672,156.3300018310547,153.2899932861328,155.9499969482422,677100.0
2022-03-16,156.05999755859375,156.9499969482422,154.1300048828125,156.14999389648438,985400.0
2022-03-17,156.1199951171875,158.74000549316406,155.77000427246094,157.42999267578125,638400.0
2022-03-18,157.97000122070312,160.75999450683594,157.5,158.72000122070312,1800700.0
2022-03-21,158.10000610351562,159.94000244140625,156.3800048828125,157.00999450683594,657300.0
2022-03-22,157.11000061035156,157.6699981689453,155.27000427246094,156.5800018310547,876800.0
2022-03-23,156.6699981689453,157.2899932861328,155.3300018310547,155.60000610351562,760200.0
2022-03-24,156.0399932861328,158.25,155.61000061035156,158.14999389648438,520800.0
2022-03-25,158.57000732421875,159.6300048828125,157.8300018310547,159.5500030517578,507100.0
2022-03-28,160.49000549316406,161.4199981689453,159.4600067138672,161.4199981689453,512700.0
2022-03-29,163.5399932861328,164.5399932861328,162.69000244140625,164.44000244140625,678500.0
2022-03-30,164.41000366210938,166.08999633789062,163.02000427246094,165.85000610351562,715200.0
2022-03-31,165.77999877929688,167.47000122070312,165.52000427246094,165.52999877929688,986900.0
2022-04-01,165.72999572753906,168.97000122070312,164.33999633789062,168.83999633789062,590500.0
2022-04-04,168.32000732421875,168.52999877929688,164.6199951171875,166.25,607500.0
2022-04-05,166.57000732421875,168.64999389648438,166.44000244140625,167.63999938964844,871300.0
2022-04-06,167.5399932861328,169.44000244140625,167.1199951171875,168.99000549316406,897000.0
2022-04-07,169.8800048828125,171.77000427246094,167.60000610351562,171.13999938964844,822100.0
2022-04-08,171.0500030517578,173.8699951171875,169.60000610351562,169.8699951171875,773100.0
2022-04-11,170.0,170.80999755859375,168.0,169.22000122070312,873600.0
2022-04-12,169.0,171.1199951171875,168.25999450683594,168.5500030517578,777000.0
2022-04-13,168.5500030517578,168.9499969482422,166.4199981689453,167.14999389648438,825600.0
2022-04-14,167.82000732421875,168.67999267578125,166.07000732421875,166.16000366210938,581900.0
2022-04-18,166.10000610351562,167.13999938964844,161.5,162.44000244140625,635000.0
2022-04-19,162.88999938964844,164.57000732421875,162.1300048828125,164.3800048828125,582300.0
2022-04-20,166.0399932861328,169.1300048828125,165.5500030517578,167.55999755859375,783800.0
2022-04-21,167.9600067138672,169.16000366210938,165.17999267578125,165.30999755859375,942600.0
2022-04-22,165.49000549316406,166.50999450683594,163.11000061035156,164.1999969482422,993100.0
2022-04-25,164.8000030517578,164.8300018310547,158.22999572753906,160.80999755859375,820300.0
2022-04-26,160.47999572753906,161.52999877929688,157.91000366210938,158.25999450683594,726300.0
2022-04-27,157.39999389648438,159.0399932861328,156.02000427246094,156.24000549316406,921000.0
2022-04-28,156.3800048828125,161.3300018310547,155.77000427246094,160.67999267578125,786500.0
2022-04-29,159.17999267578125,159.88999938964844,153.72999572753906,154.0800018310547,1358600.0
2022-05-02,154.83999633789062,154.92999267578125,147.55999755859375,148.8300018310547,1349300.0
2022-05-03,149.07000732421875,153.05999755859375,148.9600067138672,149.6199951171875,1111900.0
2022-05-04,149.99000549316406,152.77000427246094,148.9499969482422,152.5,852500.0
2022-05-05,151.5500030517578,152.3699951171875,147.11000061035156,148.36000061035156,693300.0
2022-05-06,146.8300018310547,149.63999938964844,146.63999938964844,149.00999450683594,1110000.0
2022-05-09,147.27999877929688,147.94000244140625,144.94000244140625,145.7899932861328,953900.0
2022-05-10,146.00999450683594,148.1199951171875,142.6300048828125,143.5500030517578,1065600.0
2022-05-11,143.63999938964844,146.22000122070312,143.13999938964844,144.0399932861328,1004000.0
2022-05-12,144.24000549316406,146.22999572753906,143.74000549316406,145.82000732421875,1255200.0
2022-05-13,147.02999877929688,147.91000366210938,145.11000061035156,146.47999572753906,710800.0
2022-05-16,146.33999633789062,148.07000732421875,145.6999969482422,145.97000122070312,780800.0
2022-05-17,146.72999572753906,146.72999572753906,143.9199981689453,146.41000366210938,664300.0
2022-05-18,146.4499969482422,147.5800018310547,143.9199981689453,144.27999877929688,676800.0
2022-05-19,144.07000732421875,145.47000122070312,142.36000061035156,145.0500030517578,940300.0
2022-05-20,145.8300018310547,146.66000366210938,143.22999572753906,145.57000732421875,2038000.0
2022-05-23,147.27999877929688,148.6199951171875,146.13999938964844,148.36000061035156,972500.0
2022-05-24,148.4199981689453,149.10000610351562,144.1300048828125,148.47000122070312,1315500.0
2022-05-25,147.85000610351562,148.63999938964844,146.30999755859375,146.88999938964844,677200.0
2022-05-26,148.3699951171875,149.42999267578125,147.80999755859375,148.82000732421875,829700.0
2022-05-27,148.86000061035156,152.08999633789062,148.38999938964844,151.75999450683594,843700.0
2022-05-31,150.58999633789062,151.83999633789062,147.32000732421875,151.25,1555900.0
2022-06-01,151.75,153.6999969482422,151.3000030517578,151.9199981689453,1237900.0
2022-06-02,152.74000549316406,155.27999877929688,150.17999267578125,155.05999755859375,812900.0
2022-06-03,154.0500030517578,156.4600067138672,153.6699981689453,155.14999389648438,768700.0
2022-06-06,156.16000366210938,157.27000427246094,154.9199981689453,155.10000610351562,606300.0
2022-06-07,154.64999389648438,157.2100067138672,153.57000732421875,156.85000610351562,827900.0
2022-06-08,155.86000061035156,156.38999938964844,152.91000366210938,153.60000610351562,532000.0
2022-06-09,153.11000061035156,154.85000610351562,150.42999267578125,150.55999755859375,704600.0
2022-06-10,148.08999633789062,149.8000030517578,146.11000061035156,148.27000427246094,845000.0
2022-06-13,145.82000732421875,145.8699951171875,140.14999389648438,140.66000366210938,1044500.0
2022-06-14,140.7100067138672,140.7100067138672,132.16000366210938,133.47000122070312,1299500.0
2022-06-15,134.69000244140625,137.3300018310547,132.38999938964844,135.02000427246094,1061900.0
2022-06-16,132.5800018310547,133.36000061035156,129.9199981689453,130.8800048828125,1070000.0
2022-06-17,129.66000366210938,132.67999267578125,129.4499969482422,131.83999633789062,1640400.0
2022-06-21,132.89999389648438,135.02999877929688,132.22999572753906,134.44000244140625,953900.0
2022-06-22,133.16000366210938,138.99000549316406,133.16000366210938,137.00999450683594,897400.0
2022-06-23,137.97999572753906,144.77000427246094,137.75,144.5800018310547,1136400.0
2022-06-24,146.02999877929688,148.66000366210938,144.6699981689453,148.33999633789062,1079400.0
2022-06-27,147.8800048828125,149.1999969482422,147.0500030517578,148.9499969482422,881800.0
2022-06-28,149.08999633789062,149.50999450683594,144.97999572753906,145.10000610351562,772700.0
2022-06-29,145.61000061035156,146.27000427246094,144.5,145.82000732421875,671300.0
2022-06-30,145.49000549316406,149.47999572753906,144.0500030517578,148.77000427246094,923600.0
2022-07-01,149.52000427246094,155.14999389648438,149.1199951171875,153.42999267578125,1477500.0
2022-07-05,152.75,152.89999389648438,147.72999572753906,149.64999389648438,1228900.0
2022-07-06,150.38999938964844,153.5399932861328,149.38999938964844,152.24000549316406,640600.0
2022-07-07,152.1300048828125,154.3000030517578,151.0500030517578,153.22999572753906,734900.0
2022-07-08,152.47999572753906,153.17999267578125,150.75999450683594,150.86000061035156,437800.0
2022-07-11,150.41000366210938,151.2100067138672,148.02999877929688,150.1699981689453,607200.0
2022-07-12,149.3800048828125,151.94000244140625,147.3699951171875,148.02999877929688,549200.0
2022-07-13,146.6699981689453,149.1999969482422,146.22999572753906,148.02000427246094,599400.0
2022-07-14,144.97000122070312,146.7899932861328,144.75999450683594,146.5399932861328,757300.0
2022-07-15,147.67999267578125,148.92999267578125,145.35000610351562,148.57000732421875,766700.0
2022-07-18,148.0399932861328,148.0399932861328,144.91000366210938,145.07000732421875,645100.0
2022-07-19,146.33999633789062,147.47000122070312,145.52999877929688,146.77000427246094,667200.0
2022-07-20,147.47999572753906,147.47999572753906,144.11000061035156,144.7100067138672,825100.0
2022-07-21,144.74000549316406,146.05999755859375,143.32000732421875,145.9499969482422,942300.0
2022-07-22,146.82000732421875,148.77000427246094,146.49000549316406,148.22000122070312,676500.0
2022-07-25,148.13999938964844,149.9499969482422,147.49000549316406,149.8300018310547,467900.0
2022-07-26,149.3699951171875,150.75,148.83999633789062,150.55999755859375,683100.0
2022-07-27,150.74000549316406,151.75999450683594,149.3300018310547,151.27000427246094,733600.0
2022-07-28,151.82000732421875,155.5399932861328,150.1199951171875,155.50999450683594,957500.0
2022-07-29,155.72000122070312,157.3699951171875,155.13999938964844,155.44000244140625,777700.0
2022-08-01,154.74000549316406,156.7100067138672,154.60000610351562,156.6300048828125,568700.0
2022-08-02,157.9199981689453,158.41000366210938,155.3800048828125,155.47999572753906,670200.0
2022-08-03,155.6300048828125,158.07000732421875,153.6199951171875,157.64999389648438,754200.0
2022-08-04,157.86000061035156,159.24000549316406,156.25,158.63999938964844,690000.0
2022-08-05,158.33999633789062,158.5399932861328,153.97999572753906,155.63999938964844,773800.0
2022-08-08,156.25999450683594,157.6699981689453,154.05999755859375,155.14999389648438,565500.0
2022-08-09,155.47000122070312,157.2100067138672,155.07000732421875,155.3699951171875,618000.0
2022-08-10,156.8699951171875,157.50999450683594,155.02000427246094,156.77000427246094,687300.0
2022-08-11,157.10000610351562,158.2100067138672,155.07000732421875,155.1999969482422,602800.0
2022-08-12,156.27000427246094,158.41000366210938,155.6999969482422,158.3300018310547,484600.0
2022-08-15,158.3300018310547,159.80999755859375,157.5500030517578,159.24000549316406,439600.0
2022-08-16,158.14999389648438,159.8800048828125,157.5399932861328,159.5,495400.0
2022-08-17,159.10000610351562,159.9499969482422,158.17999267578125,158.94000244140625,466800.0
2022-08-18,159.11000061035156,159.38999938964844,157.69000244140625,158.75,481800.0
2022-08-19,158.52000427246094,159.4600067138672,157.4499969482422,157.80999755859375,619900.0
2022-08-22,156.58999633789062,157.64999389648438,154.5500030517578,155.17999267578125,499500.0
2022-08-23,154.69000244140625,154.69000244140625,151.22999572753906,152.8000030517578,866200.0
2022-08-24,153.10000610351562,154.61000061035156,152.25999450683594,154.52999877929688,777600.0
2022-08-25,154.91000366210938,155.47000122070312,153.61000061035156,155.32000732421875,442900.0
2022-08-26,155.75999450683594,155.75999450683594,151.0399932861328,151.08999633789062,587600.0
2022-08-29,150.3300018310547,152.8699951171875,149.6699981689453,151.63999938964844,423900.0
2022-08-30,151.9600067138672,152.9600067138672,149.97000122070312,150.49000549316406,565700.0
2022-08-31,151.47000122070312,152.60000610351562,148.30999755859375,148.4499969482422,1029400.0
2022-09-01,148.4499969482422,151.50999450683594,147.75,151.47999572753906,609800.0
2022-09-02,151.74000549316406,153.08999633789062,147.27999877929688,148.1199951171875,717400.0
2022-09-06,148.3000030517578,150.80999755859375,148.00999450683594,148.4199981689453,610700.0
2022-09-07,149.36000061035156,153.72999572753906,149.16000366210938,153.33999633789062,742200.0
2022-09-08,152.4199981689453,155.13999938964844,151.6300048828125,154.52000427246094,593000.0
2022-09-09,155.33999633789062,156.6999969482422,154.47999572753906,154.89999389648438,641800.0
2022-09-12,154.69000244140625,157.10000610351562,154.3000030517578,156.8699951171875,556900.0
2022-09-13,154.7100067138672,155.4499969482422,151.4600067138672,152.13999938964844,832300.0
2022-09-14,151.97999572753906,154.77999877929688,151.8800048828125,153.47999572753906,756200.0
2022-09-15,152.5800018310547,152.6199951171875,147.3800048828125,147.86000061035156,947800.0
2022-09-16,147.86000061035156,149.63999938964844,147.13999938964844,148.39999389648438,1581600.0
2022-09-19,148.0,148.6699981689453,145.7899932861328,148.5500030517578,598300.0
2022-09-20,147.2100067138672,147.2100067138672,144.30999755859375,145.44000244140625,662300.0
2022-09-21,146.4600067138672,148.52999877929688,144.30999755859375,144.32000732421875,598900.0
2022-09-22,143.42999267578125,143.88999938964844,142.1300048828125,142.7899932861328,468900.0
2022-09-23,141.32000732421875,141.8800048828125,138.91000366210938,140.91000366210938,641800.0
2022-09-26,139.5800018310547,140.25999450683594,136.4499969482422,137.3300018310547,830600.0
2022-09-27,138.66000366210938,139.0500030517578,133.6699981689453,134.7100067138672,691600.0
2022-09-28,136.19000244140625,138.25,134.4600067138672,137.4199981689453,712400.0
2022-09-29,136.16000366210938,137.07000732421875,133.0399932861328,133.1999969482422,828500.0
2022-09-30,134.4600067138672,134.6300048828125,129.91000366210938,130.16000366210938,1380200.0
2022-10-03,132.41000366210938,135.16000366210938,130.7899932861328,134.35000610351562,980800.0
2022-10-04,135.16000366210938,137.57000732421875,134.94000244140625,136.52000427246094,711700.0
2022-10-05,134.6999969482422,134.8000030517578,131.86000061035156,133.39999389648438,677800.0
2022-10-06,132.82000732421875,133.11000061035156,130.61000061035156,131.24000549316406,1026800.0
2022-10-07,130.4600067138672,130.7899932861328,125.93000030517578,127.44999694824219,1051800.0
2022-10-10,127.58000183105469,128.85000610351562,127.05000305175781,127.44000244140625,759400.0
2022-10-11,127.0,129.22000122070312,126.55999755859375,127.72000122070312,830200.0
2022-10-12,127.73999786376953,127.73999786376953,125.02999877929688,126.01000213623047,1295900.0
2022-10-13,123.4800033569336,129.47999572753906,122.7699966430664,128.97999572753906,1322300.0
2022-10-14,130.49000549316406,131.72999572753906,127.63999938964844,128.44000244140625,1190300.0
2022-10-17,130.38999938964844,132.5800018310547,130.00999450683594,131.4199981689453,1026300.0
2022-10-18,133.8800048828125,135.0,132.3699951171875,134.77000427246094,920200.0
2022-10-19,133.1699981689453,134.0500030517578,132.02999877929688,134.0,950800.0
2022-10-20,134.3699951171875,134.38999938964844,129.3300018310547,129.92999267578125,1324800.0
2022-10-21,130.6300048828125,133.75999450683594,129.02000427246094,132.75999450683594,1292500.0
2022-10-24,134.3699951171875,136.39999389648438,133.24000549316406,135.9600067138672,1014700.0
2022-10-25,136.57000732421875,139.97999572753906,136.47999572753906,139.5500030517578,971000.0
2022-10-26,140.1999969482422,141.25999450683594,138.7100067138672,139.22000122070312,721800.0
2022-10-27,140.6199951171875,142.94000244140625,140.25,142.02000427246094,1021600.0
2022-10-28,142.38999938964844,146.02999877929688,142.38999938964844,145.94000244140625,845900.0
2022-10-31,145.9199981689453,146.0800018310547,144.0800018310547,145.33999633789062,956300.0
2022-11-01,147.6199951171875,149.41000366210938,141.4499969482422,141.83999633789062,1791800.0
2022-11-02,141.9600067138672,143.50999450683594,138.1199951171875,138.16000366210938,1523900.0
2022-11-03,136.4499969482422,139.10000610351562,135.72000122070312,137.83999633789062,1029000.0
2022-11-04,138.5,139.63999938964844,136.77000427246094,139.0399932861328,800700.0
2022-11-07,138.5500030517578,138.66000366210938,135.61000061035156,138.0399932861328,718600.0
2022-11-08,137.75999450683594,140.4499969482422,137.13999938964844,139.7899932861328,581800.0
2022-11-09,139.3699951171875,140.47000122070312,138.08999633789062,139.4600067138672,680900.0
2022-11-10,144.58999633789062,147.64999389648438,142.33999633789062,147.50999450683594,969100.0
2022-11-11,147.1699981689453,147.1699981689453,142.67999267578125,145.94000244140625,1403500.0
2022-11-14,146.0,147.57000732421875,144.75,144.75,787500.0
2022-11-15,146.17999267578125,147.17999267578125,144.69000244140625,146.02000427246094,708900.0
2022-11-16,146.24000549316406,147.9199981689453,145.83999633789062,147.0500030517578,767900.0
2022-11-17,145.3000030517578,146.22999572753906,141.83999633789062,142.85000610351562,773800.0
2022-11-18,144.6199951171875,147.10000610351562,143.99000549316406,146.7100067138672,868500.0
2022-11-21,147.32000732421875,150.32000732421875,147.2100067138672,147.72000122070312,739000.0
2022-11-22,148.2100067138672,149.82000732421875,147.02000427246094,148.22000122070312,561200.0
2022-11-23,148.1300048828125,151.47999572753906,148.1300048828125,151.25999450683594,743700.0
2022-11-25,151.97000122070312,153.3699951171875,151.50999450683594,152.89999389648438,351500.0
2022-11-28,151.4199981689453,151.82000732421875,149.27999877929688,149.75,704800.0
2022-11-29,148.72000122070312,148.8800048828125,146.33999633789062,147.13999938964844,533600.0
2022-11-30,146.7899932861328,151.92999267578125,146.57000732421875,151.75999450683594,1467400.0
2022-12-01,153.5,155.52999877929688,152.35000610351562,154.00999450683594,811800.0
2022-12-02,152.3300018310547,154.5500030517578,151.57000732421875,153.74000549316406,584500.0
2022-12-05,152.30999755859375,153.69000244140625,151.7899932861328,153.17999267578125,589400.0
2022-12-06,153.0,155.3300018310547,152.7100067138672,154.67999267578125,887500.0
2022-12-07,154.69000244140625,155.97000122070312,152.8699951171875,153.7899932861328,589600.0
2022-12-08,153.60000610351562,155.4600067138672,153.1199951171875,155.41000366210938,557100.0
2022-12-09,154.49000549316406,156.94000244140625,154.49000549316406,156.13999938964844,678900.0
2022-12-12,157.61000061035156,157.6699981689453,155.11000061035156,156.99000549316406,995600.0
2022-12-13,159.8800048828125,161.91000366210938,156.3000030517578,159.19000244140625,783300.0
2022-12-14,159.3699951171875,161.19000244140625,157.07000732421875,158.35000610351562,678200.0
2022-12-15,157.8000030517578,158.3699951171875,155.3699951171875,156.4199981689453,675700.0
2022-12-16,154.82000732421875,155.72000122070312,150.8000030517578,152.39999389648438,1919300.0
2022-12-19,152.00999450683594,153.97000122070312,150.69000244140625,151.47999572753906,686300.0
2022-12-20,151.25999450683594,151.6699981689453,149.6300048828125,150.25999450683594,991200.0
2022-12-21,150.69000244140625,152.88999938964844,150.33999633789062,152.52999877929688,598700.0
2022-12-22,151.6999969482422,152.39999389648438,149.08999633789062,151.92999267578125,539600.0
2022-12-23,152.0,153.24000549316406,151.7100067138672,153.02000427246094,440300.0
2022-12-27,152.67999267578125,154.89999389648438,151.94000244140625,154.27999877929688,392800.0
2022-12-28,154.67999267578125,155.5399932861328,152.58999633789062,153.1199951171875,580600.0
2022-12-29,154.0500030517578,155.5399932861328,153.6300048828125,154.77999877929688,476700.0
2022-12-30,154.52999877929688,154.7100067138672,150.99000549316406,152.4199981689453,550700.0
2023-01-03,153.77000427246094,155.00999450683594,151.72999572753906,154.10000610351562,640800.0
2023-01-04,155.5399932861328,158.4600067138672,154.72000122070312,157.1699981689453,668700.0
2023-01-05,155.8699951171875,157.25,153.89999389648438,154.6699981689453,975700.0
2023-01-06,155.17999267578125,159.0800018310547,155.17999267578125,158.25999450683594,541200.0
2023-01-09,157.8300018310547,161.27000427246094,157.41000366210938,158.44000244140625,789700.0
2023-01-10,158.1300048828125,161.11000061035156,157.47000122070312,160.77000427246094,715700.0
2023-01-11,161.0,162.38999938964844,160.05999755859375,161.4199981689453,854300.0
2023-01-12,161.22000122070312,161.24000549316406,159.05999755859375,159.4199981689453,569400.0
2023-01-13,158.19000244140625,159.7899932861328,157.85000610351562,158.8699951171875,537800.0
2023-01-17,158.82000732421875,159.3300018310547,156.52000427246094,157.24000549316406,814500.0
2023-01-18,158.1699981689453,158.4600067138672,152.05999755859375,152.69000244140625,786700.0
2023-01-19,152.77999877929688,152.97000122070312,150.1300048828125,150.19000244140625,493600.0
2023-01-20,149.91000366210938,151.64999389648438,148.16000366210938,151.5399932861328,756600.0
2023-01-23,150.89999389648438,152.57000732421875,149.08999633789062,150.97000122070312,643700.0
2023-01-24,150.4600067138672,154.72000122070312,150.02000427246094,154.5399932861328,656600.0
2023-01-25,153.6699981689453,155.63999938964844,152.63999938964844,155.50999450683594,848000.0
2023-01-26,155.10000610351562,156.38999938964844,154.2899932861328,156.1999969482422,812700.0
2023-01-27,155.6300048828125,157.89999389648438,155.52000427246094,157.02000427246094,759100.0
2023-01-30,156.6300048828125,158.4600067138672,154.9199981689453,155.0,813100.0
2023-01-31,155.30999755859375,156.49000549316406,154.1199951171875,156.49000549316406,967400.0
2023-02-01,155.97000122070312,159.49000549316406,155.1999969482422,158.6199951171875,962800.0
2023-02-02,159.41000366210938,162.58999633789062,158.02999877929688,160.60000610351562,925500.0
2023-02-03,158.9499969482422,159.9499969482422,155.10000610351562,156.61000061035156,1316800.0
2023-02-06,155.0500030517578,156.5,154.7899932861328,156.41000366210938,1156800.0
2023-02-07,155.41000366210938,156.3300018310547,153.42999267578125,155.47000122070312,1006100.0
2023-02-08,155.0,155.16000366210938,150.36000061035156,150.69000244140625,1652700.0
2023-02-09,151.3699951171875,153.13999938964844,148.6300048828125,149.05999755859375,916000.0
2023-02-10,149.07000732421875,150.47000122070312,147.77000427246094,150.4499969482422,825600.0
2023-02-13,151.0500030517578,152.39999389648438,150.5399932861328,151.7100067138672,746100.0
2023-02-14,151.4199981689453,151.92999267578125,148.49000549316406,149.30999755859375,845800.0
2023-02-15,148.6300048828125,149.55999755859375,148.13999938964844,149.25,689800.0
2023-02-16,146.86000061035156,147.88999938964844,144.14999389648438,147.4600067138672,1445300.0
2023-02-17,147.16000366210938,150.64999389648438,146.5,149.61000061035156,2711300.0
2023-02-21,148.5399932861328,148.92999267578125,147.32000732421875,147.66000366210938,1106600.0
2023-02-22,148.1199951171875,148.67999267578125,146.3000030517578,146.67999267578125,633000.0
2023-02-23,147.0,147.36000061035156,143.5500030517578,143.86000061035156,1018200.0
2023-02-24,142.0399932861328,142.4600067138672,140.33999633789062,141.55999755859375,917700.0
2023-02-27,142.5800018310547,144.0399932861328,139.1999969482422,139.77999877929688,1159600.0
2023-02-28,139.05999755859375,141.85000610351562,138.50999450683594,140.3800048828125,2130300.0
2023-03-01,136.8000030517578,140.58999633789062,136.6999969482422,138.13999938964844,6564700.0
2023-03-02,137.9199981689453,139.61000061035156,137.63999938964844,138.55999755859375,5301100.0
2023-03-03,139.3000030517578,140.64999389648438,137.8300018310547,139.6999969482422,2557500.0
2023-03-06,140.0,141.27999877929688,139.2100067138672,139.9199981689453,1368800.0
2023-03-07,140.10000610351562,140.4499969482422,136.1199951171875,137.1300048828125,1136400.0
2023-03-08,136.05999755859375,138.47999572753906,135.83999633789062,138.24000549316406,867500.0
2023-03-09,138.19000244140625,138.52999877929688,135.22000122070312,135.8699951171875,1272900.0
2023-03-10,136.6300048828125,137.22000122070312,132.8699951171875,133.64999389648438,1489500.0
2023-03-13,133.72000122070312,139.74000549316406,133.17999267578125,136.3699951171875,1660700.0
2023-03-14,138.22000122070312,138.72000122070312,135.5800018310547,137.6699981689453,1417700.0
2023-03-15,137.3800048828125,141.2899932861328,136.1300048828125,140.6300048828125,1523400.0
2023-03-16,140.67999267578125,142.97000122070312,139.80999755859375,142.64999389648438,1414200.0
2023-03-17,142.02000427246094,142.24000549316406,139.97999572753906,141.80999755859375,2613800.0
2023-03-20,142.1300048828125,143.1199951171875,141.72000122070312,142.55999755859375,1793700.0
2023-03-21,142.39999389648438,142.74000549316406,136.80999755859375,138.86000061035156,1431600.0
2023-03-22,138.3699951171875,140.10000610351562,136.36000061035156,136.3800048828125,1058400.0
2023-03-23,136.17999267578125,138.22000122070312,135.52999877929688,136.72000122070312,1105800.0
2023-03-24,137.27999877929688,141.92999267578125,136.8000030517578,141.83999633789062,837600.0
2023-03-27,142.85000610351562,143.72000122070312,140.9499969482422,141.67999267578125,861200.0
2023-03-28,141.25,143.22999572753906,140.75999450683594,141.22000122070312,675500.0
2023-03-29,141.88999938964844,144.4199981689453,141.88999938964844,144.13999938964844,608800.0
2023-03-30,144.4199981689453,146.00999450683594,144.1999969482422,145.88999938964844,766900.0
2023-03-31,146.47000122070312,147.25,144.52999877929688,146.49000549316406,1060700.0
2023-04-03,145.05999755859375,146.50999450683594,144.00999450683594,145.44000244140625,583200.0
2023-04-04,145.58999633789062,147.7899932861328,145.22000122070312,147.1300048828125,818300.0
2023-04-05,148.1699981689453,150.85000610351562,147.32000732421875,150.2100067138672,905600.0
2023-04-06,151.0,152.30999755859375,150.4199981689453,151.8800048828125,1059300.0
2023-04-10,150.89999389648438,151.92999267578125,148.44000244140625,151.88999938964844,925600.0
2023-04-11,151.36000061035156,152.3000030517578,150.77999877929688,152.05999755859375,664800.0
2023-04-12,152.88999938964844,153.42999267578125,150.6699981689453,150.82000732421875,865300.0
2023-04-13,150.27999877929688,152.0500030517578,149.1199951171875,152.0,972800.0
2023-04-14,150.1699981689453,151.4499969482422,148.4499969482422,149.6999969482422,798500.0
2023-04-17,150.47999572753906,150.99000549316406,148.6199951171875,149.83999633789062,661800.0
2023-04-18,149.82000732421875,150.2899932861328,147.3800048828125,148.10000610351562,664100.0
2023-04-19,148.63999938964844,149.9199981689453,148.27000427246094,149.00999450683594,552600.0
2023-04-20,149.07000732421875,149.63999938964844,147.6699981689453,149.6199951171875,649000.0
2023-04-21,150.49000549316406,151.8000030517578,149.6300048828125,150.92999267578125,837100.0
2023-04-24,151.0399932861328,152.41000366210938,150.16000366210938,151.50999450683594,988300.0
2023-04-25,152.22000122070312,152.99000549316406,151.74000549316406,152.4199981689453,825200.0
2023-04-26,150.67999267578125,152.0399932861328,148.8699951171875,149.0500030517578,805800.0
2023-04-27,148.14999389648438,149.25,144.47999572753906,148.4600067138672,1054400.0
2023-04-28,148.36000061035156,150.22000122070312,147.33999633789062,148.25,770000.0
2023-05-01,148.1300048828125,148.4499969482422,146.57000732421875,146.58999633789062,607500.0
2023-05-02,146.24000549316406,147.60000610351562,144.91000366210938,146.74000549316406,826700.0
2023-05-03,147.72000122070312,149.1199951171875,146.27000427246094,146.49000549316406,591900.0
2023-05-04,146.99000549316406,148.3800048828125,146.07000732421875,147.82000732421875,642500.0
2023-05-05,147.4600067138672,148.89999389648438,147.1199951171875,148.42999267578125,548400.0
2023-05-08,147.69000244140625,148.82000732421875,146.32000732421875,147.47000122070312,560000.0
2023-05-09,147.52999877929688,147.9499969482422,146.60000610351562,147.8800048828125,705800.0
2023-05-10,148.91000366210938,150.19000244140625,148.13999938964844,149.74000549316406,967400.0
2023-05-11,149.99000549316406,150.02999877929688,148.00999450683594,149.4199981689453,753100.0
2023-05-12,150.35000610351562,151.24000549316406,149.1699981689453,149.77000427246094,850200.0
2023-05-15,150.4199981689453,150.4499969482422,147.0,147.55999755859375,594200.0
2023-05-16,147.16000366210938,147.4600067138672,143.9600067138672,144.6999969482422,789600.0
2023-05-17,144.91000366210938,145.0,143.16000366210938,143.61000061035156,738400.0
2023-05-18,142.50999450683594,142.8699951171875,140.49000549316406,141.72999572753906,719700.0
2023-05-19,142.52999877929688,143.08999633789062,141.38999938964844,141.4499969482422,727400.0
2023-05-22,141.5,144.5,141.2899932861328,143.57000732421875,1180600.0
2023-05-23,143.1199951171875,145.07000732421875,142.7899932861328,143.5,952100.0
2023-05-24,143.58999633789062,144.52000427246094,142.75999450683594,143.1699981689453,684600.0
2023-05-25,143.3800048828125,143.44000244140625,141.5399932861328,142.4499969482422,864100.0
2023-05-26,142.8800048828125,143.52000427246094,141.86000061035156,143.4600067138672,879300.0
2023-05-30,144.0,145.60000610351562,143.02999877929688,143.1999969482422,801700.0
2023-05-31,143.3300018310547,144.60000610351562,141.83999633789062,144.4499969482422,2454100.0
2023-06-01,144.4499969482422,144.50999450683594,142.22999572753906,143.57000732421875,1088000.0
2023-06-02,142.8300018310547,146.17999267578125,142.35000610351562,145.7899932861328,917400.0
2023-06-05,145.38999938964844,146.9199981689453,144.6199951171875,145.91000366210938,665800.0
2023-06-06,146.6300048828125,146.6300048828125,144.75999450683594,144.7899932861328,588400.0
2023-06-07,144.25999450683594,147.2100067138672,142.97000122070312,147.0800018310547,731000.0
2023-06-08,146.16000366210938,147.4499969482422,145.63999938964844,147.1199951171875,631700.0
2023-06-09,147.52000427246094,147.77999877929688,145.36000061035156,146.66000366210938,866200.0
2023-06-12,147.13999938964844,147.47999572753906,144.6699981689453,146.02999877929688,867200.0
2023-06-13,145.22999572753906,146.4600067138672,144.7100067138672,146.36000061035156,672100.0
2023-06-14,146.72999572753906,148.17999267578125,145.92999267578125,146.11000061035156,797800.0
2023-06-15,146.67999267578125,148.72999572753906,144.91000366210938,148.08999633789062,711900.0
2023-06-16,148.14999389648438,150.02999877929688,148.14999389648438,148.97999572753906,2041700.0
2023-06-20,148.30999755859375,148.8800048828125,146.13999938964844,148.11000061035156,930300.0
2023-06-21,147.8000030517578,148.6699981689453,145.6999969482422,148.63999938964844,734500.0
2023-06-22,149.10000610351562,149.10000610351562,147.6199951171875,148.5,744600.0
2023-06-23,148.8000030517578,149.44000244140625,145.32000732421875,145.75999450683594,975900.0
2023-06-26,144.6999969482422,145.22000122070312,139.8300018310547,140.22999572753906,2614000.0
2023-06-27,140.2100067138672,143.14999389648438,139.32000732421875,142.8800048828125,2290300.0
2023-06-28,142.77000427246094,142.77000427246094,140.0,140.97999572753906,1308600.0
2023-06-29,139.99000549316406,141.49000549316406,139.00999450683594,140.47000122070312,969500.0
2023-06-30,140.75,142.83999633789062,140.2100067138672,142.75,1088300.0
2023-07-03,142.50999450683594,144.05999755859375,141.63999938964844,143.97000122070312,511700.0
2023-07-05,143.0399932861328,146.7899932861328,142.97999572753906,144.8000030517578,1228900.0
2023-07-06,143.75999450683594,144.17999267578125,142.08999633789062,142.4199981689453,941300.0
2023-07-07,141.33999633789062,142.25999450683594,140.7100067138672,141.05999755859375,619500.0
2023-07-10,140.6300048828125,141.44000244140625,139.7100067138672,140.60000610351562,717600.0
2023-07-11,140.6199951171875,142.5500030517578,140.41000366210938,142.52999877929688,717400.0
2023-07-12,143.66000366210938,145.9600067138672,142.69000244140625,145.44000244140625,890400.0
2023-07-13,145.11000061035156,145.52999877929688,144.47999572753906,145.4499969482422,823700.0
2023-07-14,145.22000122070312,146.47000122070312,144.35000610351562,146.2100067138672,762800.0
2023-07-17,145.1999969482422,145.9600067138672,144.0399932861328,144.07000732421875,756400.0
2023-07-18,143.80999755859375,145.38999938964844,141.3699951171875,142.64999389648438,1143100.0
2023-07-19,143.5500030517578,145.4499969482422,143.3699951171875,143.97999572753906,1100900.0
2023-07-20,144.0399932861328,147.4199981689453,143.1699981689453,146.94000244140625,730500.0
2023-07-21,147.44000244140625,149.35000610351562,146.94000244140625,148.82000732421875,752300.0
2023-07-24,148.9199981689453,149.0,146.6300048828125,147.72000122070312,678600.0
2023-07-25,147.3000030517578,148.57000732421875,146.82000732421875,148.27000427246094,868000.0
2023-07-26,147.50999450683594,149.39999389648438,147.0399932861328,147.77999877929688,793100.0
2023-07-27,150.60000610351562,151.22000122070312,147.3000030517578,148.49000549316406,1719000.0
2023-07-28,149.4600067138672,149.49000549316406,146.38999938964844,146.94000244140625,1018000.0
2023-07-31,147.22000122070312,148.1999969482422,146.77000427246094,147.42999267578125,994200.0
2023-08-01,147.16000366210938,147.6199951171875,144.36000061035156,144.4600067138672,970000.0
2023-08-02,143.7100067138672,146.05999755859375,143.60000610351562,145.6699981689453,794800.0
2023-08-03,144.97999572753906,145.27999877929688,142.1300048828125,142.1300048828125,699400.0
2023-08-04,142.36000061035156,143.14999389648438,141.1999969482422,141.97000122070312,1024800.0
2023-08-07,141.5399932861328,142.89999389648438,141.5399932861328,142.11000061035156,679200.0
2023-08-08,142.75999450683594,142.75999450683594,140.5800018310547,142.07000732421875,911700.0
2023-08-09,141.6300048828125,143.08999633789062,140.3300018310547,140.4499969482422,859200.0
2023-08-10,140.9600067138672,141.7899932861328,138.97999572753906,139.47999572753906,666200.0
2023-08-11,139.44000244140625,140.50999450683594,139.0500030517578,140.1999969482422,461300.0
2023-08-14,140.14999389648438,142.42999267578125,139.0,142.13999938964844,1722100.0
2023-08-15,141.3300018310547,141.8699951171875,140.64999389648438,140.69000244140625,1115900.0
2023-08-16,141.25999450683594,141.42999267578125,139.67999267578125,140.02000427246094,861100.0
2023-08-17,140.39999389648438,141.33999633789062,138.17999267578125,138.1999969482422,604400.0
2023-08-18,137.99000549316406,139.8800048828125,137.99000549316406,138.9600067138672,2192100.0
2023-08-21,138.30999755859375,139.0399932861328,136.5800018310547,137.49000549316406,650400.0
2023-08-22,137.4499969482422,138.85000610351562,136.8000030517578,138.39999389648438,594600.0
2023-08-23,139.8000030517578,140.0399932861328,138.75,139.5500030517578,577600.0
2023-08-24,139.35000610351562,140.89999389648438,137.85000610351562,138.25,587500.0
2023-08-25,138.97000122070312,140.8699951171875,138.75,140.4199981689453,638300.0
2023-08-28,140.8699951171875,141.27999877929688,140.0399932861328,140.1300048828125,424900.0
2023-08-29,140.05999755859375,140.3300018310547,138.99000549316406,140.07000732421875,583000.0
2023-08-30,140.3000030517578,141.77000427246094,139.33999633789062,139.52999877929688,578300.0
2023-08-31,140.1199951171875,140.55999755859375,138.63999938964844,138.74000549316406,1301400.0
2023-09-01,139.57000732421875,139.91000366210938,136.32000732421875,137.8000030517578,681600.0
2023-09-05,137.35000610351562,137.6999969482422,135.16000366210938,136.3800048828125,896900.0
2023-09-06,136.8699951171875,137.42999267578125,135.02999877929688,135.72999572753906,801900.0
2023-09-07,136.44000244140625,138.10000610351562,135.82000732421875,137.7100067138672,727500.0
2023-09-08,137.8000030517578,138.0399932861328,136.91000366210938,137.72999572753906,999300.0
2023-09-11,137.42999267578125,139.19000244140625,137.42999267578125,138.22000122070312,553800.0
2023-09-12,138.27000427246094,138.64999389648438,137.14999389648438,137.55999755859375,999600.0
2023-09-13,137.13999938964844,140.00999450683594,137.11000061035156,139.30999755859375,925600.0
2023-09-14,139.94000244140625,141.14999389648438,139.7899932861328,140.97999572753906,875300.0
2023-09-15,140.33999633789062,140.97999572753906,138.36000061035156,138.89999389648438,2180900.0
2023-09-18,139.05999755859375,139.17999267578125,137.6999969482422,138.4199981689453,782200.0
2023-09-19,137.97000122070312,138.1999969482422,137.24000549316406,137.57000732421875,941800.0
2023-09-20,138.41000366210938,139.00999450683594,136.8300018310547,137.1999969482422,711200.0
2023-09-21,136.52000427246094,136.97999572753906,133.52999877929688,133.5500030517578,1001300.0
2023-09-22,133.5,133.66000366210938,132.08999633789062,132.25,1071900.0
2023-09-25,131.60000610351562,132.86000061035156,131.4199981689453,132.6999969482422,897200.0
2023-09-26,132.27999877929688,133.24000549316406,129.6300048828125,129.63999938964844,1166600.0
2023-09-27,129.33999633789062,130.02000427246094,126.16999816894531,126.33999633789062,1426500.0
2023-09-28,126.86000061035156,126.86000061035156,123.04000091552734,123.58000183105469,2229700.0
2023-09-29,125.20999908447266,125.30000305175781,122.2699966430664,123.83000183105469,1962200.0
2023-10-02,123.0,123.33999633789062,118.97000122070312,119.75,1688700.0
2023-10-03,119.1500015258789,119.19999694824219,115.38999938964844,117.0,2451100.0
2023-10-04,118.0,119.4800033569336,115.83000183105469,119.3499984741211,1565200.0
2023-10-05,119.12999725341797,119.87000274658203,117.8499984741211,118.7300033569336,1105000.0
2023-10-06,117.0,119.30000305175781,115.66999816894531,118.8499984741211,1240700.0
2023-10-09,118.69000244140625,120.81999969482422,118.47000122070312,120.80000305175781,1089300.0
2023-10-10,120.87000274658203,122.73999786376953,120.75,121.86000061035156,1222200.0
2023-10-11,122.69000244140625,123.37000274658203,120.55000305175781,122.22000122070312,956000.0
2023-10-12,121.37000274658203,121.9800033569336,117.88999938964844,118.33000183105469,1390000.0
2023-10-13,118.33000183105469,120.44000244140625,116.93000030517578,118.04000091552734,1720100.0
2023-10-16,118.51000213623047,120.04000091552734,117.04000091552734,119.9800033569336,1628800.0
2023-10-17,118.97000122070312,120.41999816894531,118.73999786376953,120.30000305175781,1404500.0
2023-10-18,120.08999633789062,120.48999786376953,116.45999908447266,118.13999938964844,1541100.0
2023-10-19,117.4800033569336,119.18000030517578,116.88999938964844,117.0199966430664,1376800.0
2023-10-20,116.80000305175781,117.75,115.63999938964844,115.80000305175781,1340000.0
2023-10-23,114.62000274658203,116.80000305175781,114.25,115.5,1054700.0
2023-10-24,116.83999633789062,118.51000213623047,116.26000213623047,117.7699966430664,996400.0
2023-10-25,117.29000091552734,117.29000091552734,115.66999816894531,116.5,1049000.0
2023-10-26,117.12000274658203,119.08999633789062,116.9800033569336,118.0199966430664,966500.0
2023-10-27,117.70999908447266,118.01000213623047,115.9000015258789,116.38999938964844,843900.0
2023-10-30,116.68000030517578,117.62000274658203,115.5199966430664,116.70999908447266,1178900.0
2023-10-31,117.0199966430664,118.12000274658203,116.31999969482422,117.6500015258789,1452300.0
2023-11-01,117.58999633789062,119.44000244140625,115.98999786376953,118.80000305175781,1426200.0
2023-11-02,120.23999786376953,125.16000366210938,120.23999786376953,124.48999786376953,1883600.0
2023-11-03,127.16000366210938,131.49000549316406,126.88999938964844,130.0399932861328,2506500.0
2023-11-06,130.0800018310547,131.25,127.26000213623047,127.58000183105469,1236100.0
2023-11-07,128.6999969482422,130.1699981689453,126.62000274658203,126.86000061035156,1186400.0
2023-11-08,126.55000305175781,126.55000305175781,125.33999633789062,126.13999938964844,831100.0
2023-11-09,126.41999816894531,126.58000183105469,123.94000244140625,124.2699966430664,929100.0
2023-11-10,124.98999786376953,124.98999786376953,122.94000244140625,123.5,981100.0
2023-11-13,122.41999816894531,122.83000183105469,121.11000061035156,121.79000091552734,930600.0
2023-11-14,126.45999908447266,129.9199981689453,125.91999816894531,129.74000549316406,1584200.0
2023-11-15,129.83999633789062,131.55999755859375,127.86000061035156,130.4499969482422,1508500.0
2023-11-16,131.72000122070312,133.0,130.83999633789062,130.99000549316406,1346100.0
2023-11-17,131.5500030517578,132.14999389648438,130.6300048828125,132.10000610351562,1161500.0
2023-11-20,130.86000061035156,131.99000549316406,129.5,130.6699981689453,1465800.0
2023-11-21,130.97000122070312,131.75,130.1300048828125,130.8300018310547,1093100.0
2023-11-22,131.72999572753906,132.3699951171875,130.41000366210938,130.47000122070312,1021800.0
2023-11-24,130.35000610351562,132.05999755859375,130.08999633789062,132.05999755859375,595700.0
2023-11-27,131.64999389648438,132.24000549316406,130.60000610351562,130.75,1244900.0
2023-11-28,130.38999938964844,131.75,129.97999572753906,130.66000366210938,1048300.0
2023-11-29,131.44000244140625,132.5399932861328,130.49000549316406,131.22000122070312,960500.0
2023-11-30,131.75999450683594,132.91000366210938,130.88999938964844,131.83999633789062,2075600.0
2023-12-01,131.57000732421875,133.42999267578125,130.6300048828125,133.24000549316406,1063800.0
2023-12-04,131.92999267578125,133.82000732421875,131.77000427246094,133.13999938964844,801900.0
2023-12-05,132.86000061035156,133.00999450683594,130.58999633789062,131.3800048828125,814200.0
2023-12-06,132.2100067138672,133.0399932861328,131.7100067138672,132.6999969482422,720000.0
2023-12-07,133.0399932861328,133.4499969482422,131.75999450683594,132.5500030517578,790900.0
2023-12-08,132.16000366210938,132.2100067138672,130.91000366210938,131.35000610351562,714800.0
2023-12-11,130.3699951171875,131.3699951171875,129.77000427246094,130.7100067138672,1037000.0
2023-12-12,130.9199981689453,131.11000061035156,130.0,131.02999877929688,1144200.0
2023-12-13,131.1199951171875,135.14999389648438,130.0,135.0800018310547,1414900.0
2023-12-14,136.6999969482422,137.42999267578125,133.75,134.49000549316406,1253600.0
2023-12-15,133.1300048828125,133.85000610351562,130.44000244140625,131.75,2258400.0
2023-12-18,131.8300018310547,132.5399932861328,130.3000030517578,130.8699951171875,1026000.0
2023-12-19,131.25999450683594,132.63999938964844,130.94000244140625,132.6199951171875,938500.0
2023-12-20,132.4199981689453,133.91000366210938,130.75,130.8000030517578,1054200.0
2023-12-21,131.52000427246094,132.4600067138672,130.5,131.5,597700.0
2023-12-22,132.17999267578125,132.9499969482422,131.10000610351562,131.55999755859375,654400.0
2023-12-26,131.64999389648438,132.82000732421875,131.35000610351562,132.27000427246094,515900.0
2023-12-27,132.13999938964844,132.97000122070312,131.67999267578125,132.22999572753906,571400.0
2023-12-28,131.22000122070312,133.27999877929688,131.22000122070312,132.97999572753906,604400.0
2023-12-29,132.47000122070312,133.10000610351562,131.41000366210938,131.99000549316406,800800.0
2024-01-02,131.19000244140625,134.02000427246094,130.77000427246094,133.50999450683594,1132400.0
2024-01-03,133.1999969482422,133.99000549316406,132.44000244140625,133.50999450683594,998800.0
2024-01-04,133.27000427246094,133.6999969482422,131.44000244140625,131.75999450683594,816400.0
2024-01-05,131.35000610351562,132.88999938964844,130.41000366210938,131.88999938964844,862100.0
2024-01-08,131.47999572753906,133.13999938964844,130.72999572753906,133.0399932861328,1026400.0
2024-01-09,132.3000030517578,134.83999633789062,131.75999450683594,132.74000549316406,1202000.0
2024-01-10,133.10000610351562,134.3000030517578,132.77999877929688,133.6199951171875,614000.0
2024-01-11,133.32000732421875,133.57000732421875,130.4499969482422,131.52999877929688,878600.0
2024-01-12,132.3000030517578,133.0500030517578,131.72000122070312,132.2100067138672,673200.0
2024-01-16,131.41000366210938,132.77000427246094,130.30999755859375,130.41000366210938,800800.0
2024-01-17,128.9600067138672,130.88999938964844,127.44999694824219,128.4199981689453,1301200.0
2024-01-18,127.98999786376953,128.11000061035156,125.41000366210938,125.83000183105469,1083300.0
2024-01-19,126.05000305175781,126.25,124.4800033569336,125.30000305175781,1301200.0
2024-01-22,125.41999816894531,127.63999938964844,125.30000305175781,126.86000061035156,1137000.0
2024-01-23,127.44999694824219,128.02000427246094,125.6500015258789,126.26000213623047,1247800.0
2024-01-24,127.12999725341797,127.29000091552734,121.37999725341797,121.94000244140625,1279600.0
2024-01-25,123.04000091552734,123.98999786376953,122.2300033569336,123.9800033569336,1196300.0
2024-01-26,124.5999984741211,124.98999786376953,122.94000244140625,123.16000366210938,749000.0
2024-01-29,124.47000122070312,126.3499984741211,122.38999938964844,125.75,1252100.0
2024-01-30,125.02999877929688,125.4800033569336,123.95999908447266,124.4000015258789,1056900.0
2024-01-31,125.51000213623047,126.58000183105469,123.1500015258789,124.0199966430664,1607700.0
2024-02-01,123.86000061035156,125.36000061035156,122.91999816894531,125.23999786376953,1148400.0
2024-02-02,123.2699966430664,124.95999908447266,122.2699966430664,123.36000061035156,1201200.0
2024-02-05,121.94999694824219,122.5199966430664,121.18000030517578,121.5199966430664,1205800.0
2024-02-06,121.36000061035156,122.88999938964844,120.61000061035156,122.5199966430664,1375800.0
2024-02-07,122.36000061035156,123.0,121.37000274658203,121.94999694824219,1372600.0
2024-02-08,121.62000274658203,122.01000213623047,120.55000305175781,121.83000183105469,1269200.0
2024-02-09,121.41999816894531,122.62000274658203,121.05000305175781,122.19999694824219,1231200.0
2024-02-12,122.16000366210938,123.8499984741211,121.55000305175781,123.63999938964844,1301900.0
2024-02-13,121.72000122070312,122.3499984741211,118.9800033569336,119.77999877929688,1789700.0
2024-02-14,120.0,120.97000122070312,119.23999786376953,120.4800033569336,1462600.0
2024-02-15,122.31999969482422,124.33999633789062,120.61000061035156,124.26000213623047,1749500.0
2024-02-16,122.19999694824219,123.19000244140625,120.8499984741211,122.81999969482422,2007900.0
2024-02-20,122.08999633789062,123.2300033569336,120.48999786376953,121.16000366210938,2187500.0
2024-02-21,121.12999725341797,122.0,120.41000366210938,121.7300033569336,2828400.0
2024-02-22,121.43000030517578,121.68000030517578,117.80999755859375,119.68000030517578,2401400.0
2024-02-23,119.52999877929688,119.9000015258789,118.31999969482422,118.95999908447266,1672000.0
2024-02-26,118.83000183105469,118.83000183105469,116.69999694824219,117.43000030517578,1944000.0
2024-02-27,117.33000183105469,118.31999969482422,117.02999877929688,118.02999877929688,1464400.0
2024-02-28,118.22000122070312,119.20999908447266,117.45999908447266,117.91000366210938,1443700.0
2024-02-29,118.79000091552734,119.41000366210938,117.44999694824219,118.54000091552734,2159100.0
2024-03-01,118.18000030517578,120.37000274658203,116.8499984741211,119.68000030517578,1789500.0
2024-03-04,118.91000366210938,121.87999725341797,118.83000183105469,121.69999694824219,1274000.0
2024-03-05,121.87000274658203,122.41000366210938,118.56999969482422,119.26000213623047,1479100.0
2024-03-06,120.1500015258789,120.91999816894531,119.36000061035156,120.30999755859375,1313700.0
2024-03-07,119.55999755859375,120.41999816894531,118.08000183105469,118.61000061035156,2097400.0
2024-03-08,119.93000030517578,120.0,117.83999633789062,118.44000244140625,2312700.0
2024-03-11,118.05999755859375,121.06999969482422,118.05999755859375,120.33000183105469,1574500.0
2024-03-12,119.52999877929688,120.7300033569336,118.2300033569336,119.18000030517578,1821000.0
2024-03-13,118.9800033569336,121.55999755859375,118.66000366210938,120.54000091552734,1293500.0
2024-03-14,120.12000274658203,120.6500015258789,117.45999908447266,118.4800033569336,1354800.0
2024-03-15,117.0199966430664,118.4000015258789,116.6500015258789,117.13999938964844,4764600.0
2024-03-18,117.1500015258789,118.20999908447266,116.37999725341797,117.2300033569336,1394500.0
2024-03-19,117.73999786376953,118.33000183105469,116.93000030517578,118.0,1061000.0
2024-03-20,117.76000213623047,118.16000366210938,116.69999694824219,118.08999633789062,1134200.0
2024-03-21,118.9800033569336,120.16999816894531,118.05999755859375,118.20999908447266,1026000.0
2024-03-22,119.05999755859375,119.05999755859375,117.33999633789062,117.75,906000.0
2024-03-25,117.88999938964844,118.48999786376953,116.98999786376953,117.13999938964844,1083000.0
2024-03-26,116.9800033569336,117.91000366210938,116.58999633789062,117.83999633789062,1739800.0
2024-03-27,118.55000305175781,121.72000122070312,117.97000122070312,121.5,1805100.0
2024-03-28,121.69000244140625,122.37999725341797,120.44000244140625,122.20999908447266,2004200.0
2024-04-01,122.44000244140625,122.5,119.54000091552734,120.30000305175781,913900.0
2024-04-02,120.11000061035156,121.47000122070312,118.81999969482422,119.55999755859375,1183100.0
2024-04-03,119.19000244140625,119.77999877929688,118.26000213623047,118.93000030517578,1101300.0
2024-04-04,120.0999984741211,120.95999908447266,119.26000213623047,120.37999725341797,1272600.0
2024-04-05,119.23999786376953,120.02999877929688,117.8499984741211,118.5199966430664,1109000.0
2024-04-08,118.83999633789062,120.45999908447266,118.63999938964844,120.0199966430664,1217000.0
2024-04-09,120.77999877929688,122.20999908447266,120.18000030517578,121.8499984741211,1492900.0
2024-04-10,118.98999786376953,119.33000183105469,117.02999877929688,118.30999755859375,2354600.0
2024-04-11,119.22000122070312,119.5999984741211,116.9000015258789,117.81999969482422,1697300.0
2024-04-12,117.87000274658203,117.87000274658203,115.97000122070312,116.56999969482422,1072100.0
2024-04-15,116.72000122070312,117.41999816894531,115.12999725341797,115.9800033569336,1862800.0
2024-04-16,115.44999694824219,115.44999694824219,113.33999633789062,113.81999969482422,2331100.0
2024-04-17,113.83999633789062,115.7699966430664,113.52999877929688,115.4000015258789,1902800.0
2024-04-18,116.12000274658203,117.56999969482422,115.08999633789062,117.3499984741211,1399800.0
2024-04-19,117.94000244140625,119.38999938964844,117.6500015258789,118.5199966430664,1874600.0
2024-04-22,118.5999984741211,119.79000091552734,117.66999816894531,119.26000213623047,1247600.0
2024-04-23,119.30999755859375,120.55000305175781,119.0199966430664,119.87000274658203,1255500.0
2024-04-24,118.79000091552734,121.66000366210938,118.1500015258789,121.36000061035156,1297900.0
2024-04-25,121.37000274658203,122.37000274658203,119.93000030517578,121.55000305175781,1404200.0
2024-04-26,121.69000244140625,122.20999908447266,120.76000213623047,120.77999877929688,1058500.0
2024-04-29,121.7300033569336,122.56999969482422,121.66999816894531,122.27999877929688,1686000.0
2024-04-30,121.51000213623047,123.0999984741211,120.98999786376953,122.31999969482422,1325100.0
2024-05-01,122.12000274658203,125.8499984741211,122.08999633789062,125.12000274658203,2712500.0
2024-05-02,123.7300033569336,126.08999633789062,122.4000015258789,125.94999694824219,2778800.0
2024-05-03,127.81999969482422,128.85000610351562,127.22000122070312,128.75,1735800.0
2024-05-06,129.6199951171875,130.38999938964844,128.2100067138672,130.25,1479500.0
2024-05-07,131.3000030517578,132.4600067138672,130.08999633789062,131.82000732421875,1597700.0
2024-05-08,131.39999389648438,133.0,131.1999969482422,132.8699951171875,1417900.0
2024-05-09,132.8699951171875,134.77999877929688,132.17999267578125,134.3800048828125,1308700.0
2024-05-10,134.8300018310547,135.7100067138672,134.41000366210938,135.5,1763600.0
2024-05-13,135.0,135.52999877929688,133.27999877929688,133.77999877929688,852500.0
2024-05-14,134.8300018310547,135.0,132.86000061035156,133.1300048828125,1060900.0
2024-05-15,134.75,135.11000061035156,133.0800018310547,133.75,1281700.0
2024-05-16,133.41000366210938,134.61000061035156,133.08999633789062,134.27000427246094,1248200.0
2024-05-17,134.13999938964844,134.13999938964844,133.13999938964844,133.75999450683594,924200.0
2024-05-20,133.8000030517578,133.97999572753906,132.47000122070312,133.57000732421875,914000.0
2024-05-21,133.58999633789062,134.3800048828125,132.82000732421875,134.36000061035156,716000.0
2024-05-22,134.11000061035156,134.58999633789062,133.16000366210938,133.75,1495400.0
2024-05-23,132.83999633789062,132.83999633789062,128.39999389648438,128.60000610351562,1031800.0
2024-05-24,128.69000244140625,128.92999267578125,127.58999633789062,128.22999572753906,830800.0
2024-05-28,128.0500030517578,128.97000122070312,126.0199966430664,126.23999786376953,1164600.0
2024-05-29,125.0199966430664,125.29000091552734,123.68000030517578,124.11000061035156,987800.0
2024-05-30,124.58000183105469,126.36000061035156,124.11000061035156,126.27999877929688,886800.0
2024-05-31,126.87000274658203,130.94000244140625,126.62999725341797,130.77000427246094,3003100.0
2024-06-03,131.1300048828125,132.22000122070312,130.00999450683594,130.77000427246094,1186000.0
2024-06-04,130.77000427246094,133.16000366210938,130.24000549316406,132.82000732421875,1134800.0
2024-06-05,132.6199951171875,132.6199951171875,131.11000061035156,131.67999267578125,861100.0
2024-06-06,131.10000610351562,132.16000366210938,130.1300048828125,130.6199951171875,797800.0
2024-06-07,129.27000427246094,129.55999755859375,128.14999389648438,128.25,1096100.0
2024-06-10,128.0,128.85000610351562,127.33000183105469,128.55999755859375,1185300.0
2024-06-11,127.5199966430664,128.8699951171875,127.0999984741211,127.91999816894531,1050500.0
2024-06-12,130.57000732421875,130.8800048828125,128.0500030517578,128.1300048828125,846700.0
2024-06-13,128.10000610351562,129.92999267578125,127.19000244140625,129.22000122070312,947200.0
2024-06-14,128.41000366210938,129.69000244140625,127.44000244140625,129.3000030517578,953800.0
2024-06-17,128.27999877929688,130.02999877929688,127.36000061035156,128.72000122070312,781900.0
2024-06-18,128.19000244140625,130.64999389648438,128.1300048828125,130.47000122070312,1085200.0
2024-06-20,130.5,131.0,129.4499969482422,130.25999450683594,1061600.0
2024-06-21,130.27999877929688,131.69000244140625,129.4600067138672,130.5399932861328,1951000.0
2024-06-24,130.8300018310547,133.35000610351562,130.69000244140625,132.17999267578125,802100.0
2024-06-25,132.3000030517578,132.35000610351562,129.22000122070312,129.3699951171875,777600.0
2024-06-26,128.38999938964844,129.75,128.1300048828125,129.5800018310547,691100.0
2024-06-27,129.3000030517578,129.47000122070312,127.9800033569336,129.27000427246094,662100.0
2024-06-28,129.75,129.9199981689453,128.27000427246094,129.16000366210938,1201900.0
2024-07-01,129.47999572753906,130.9600067138672,127.19999694824219,127.76000213623047,767300.0
2024-07-02,128.0800018310547,129.8000030517578,127.80000305175781,128.4600067138672,665400.0
2024-07-03,128.60000610351562,129.8800048828125,127.8499984741211,127.95999908447266,402700.0
2024-07-05,128.6300048828125,130.17999267578125,127.20999908447266,130.00999450683594,713900.0
2024-07-08,130.35000610351562,130.80999755859375,129.6699981689453,129.9199981689453,874600.0
2024-07-09,129.5399932861328,131.30999755859375,128.8699951171875,130.72000122070312,698200.0
2024-07-10,131.24000549316406,132.4499969482422,130.86000061035156,132.22999572753906,682000.0
2024-07-11,133.4600067138672,137.22000122070312,133.24000549316406,136.22000122070312,1251000.0
2024-07-12,136.9499969482422,140.75,136.75,139.0800018310547,1207400.0
2024-07-15,138.25,138.55999755859375,136.22999572753906,136.3300018310547,794700.0
2024-07-16,137.25,139.22000122070312,136.82000732421875,139.0800018310547,670100.0
2024-07-17,139.57000732421875,143.4600067138672,139.0800018310547,142.52999877929688,1190600.0
2024-07-18,141.74000549316406,144.25999450683594,140.52000427246094,141.35000610351562,835200.0
2024-07-19,141.5,142.11000061035156,140.3699951171875,141.16000366210938,855900.0
2024-07-22,140.91000366210938,142.25,140.5500030517578,141.8000030517578,545900.0
2024-07-23,141.3000030517578,141.80999755859375,140.24000549316406,140.49000549316406,573600.0
2024-07-24,141.11000061035156,143.41000366210938,140.74000549316406,142.39999389648438,987000.0
2024-07-25,143.0,144.3000030517578,139.3000030517578,140.10000610351562,1009100.0
2024-07-26,141.08999633789062,142.35000610351562,140.3699951171875,141.7100067138672,645000.0
2024-07-29,141.99000549316406,142.0,139.89999389648438,141.36000061035156,748300.0
2024-07-30,141.42999267578125,143.9199981689453,141.42999267578125,143.6699981689453,848200.0
2024-07-31,141.67999267578125,142.99000549316406,141.35000610351562,142.36000061035156,1124000.0
2024-08-01,142.99000549316406,145.47000122070312,142.1300048828125,144.5,1109100.0
2024-08-02,147.0800018310547,148.16000366210938,144.02999877929688,147.35000610351562,1210500.0
2024-08-05,148.99000549316406,149.0,142.6999969482422,142.72000122070312,1299200.0
2024-08-06,144.14999389648438,145.64999389648438,142.9499969482422,143.60000610351562,1132200.0
2024-08-07,143.88999938964844,146.39999389648438,143.6300048828125,143.7899932861328,797400.0
2024-08-08,143.42999267578125,146.58999633789062,143.16000366210938,144.7100067138672,1188200.0
2024-08-09,144.85000610351562,145.00999450683594,140.27000427246094,142.27999877929688,1057100.0
2024-08-12,142.11000061035156,142.77999877929688,141.08999633789062,142.55999755859375,676700.0
2024-08-13,142.47000122070312,142.72000122070312,141.2100067138672,141.38999938964844,873200.0
2024-08-14,141.0,142.8000030517578,140.1699981689453,141.6699981689453,562400.0
2024-08-15,141.2899932861328,143.0,140.58999633789062,142.02999877929688,883700.0
2024-08-16,142.1699981689453,142.6999969482422,140.64999389648438,140.97999572753906,643700.0
2024-08-19,141.1699981689453,142.07000732421875,141.07000732421875,141.57000732421875,457900.0
2024-08-20,141.72999572753906,142.11000061035156,140.9499969482422,141.27000427246094,520600.0
2024-08-21,141.08999633789062,141.38999938964844,140.02999877929688,140.77000427246094,632900.0
2024-08-22,140.6699981689453,141.14999389648438,138.88999938964844,140.02000427246094,771800.0
2024-08-23,140.4199981689453,141.14999389648438,139.5500030517578,140.4199981689453,521400.0
2024-08-26,141.1999969482422,142.25,140.50999450683594,141.05999755859375,418800.0
2024-08-27,140.50999450683594,141.72000122070312,139.69000244140625,140.1699981689453,553100.0
2024-08-28,140.8300018310547,143.33999633789062,139.80999755859375,141.77000427246094,983100.0
2024-08-29,141.86000061035156,142.41000366210938,140.72999572753906,141.82000732421875,811200.0
2024-08-30,142.19000244140625,143.50999450683594,141.05999755859375,143.1199951171875,1833500.0
2024-09-03,142.85000610351562,145.24000549316406,142.52000427246094,143.47999572753906,914400.0
2024-09-04,143.82000732421875,145.7100067138672,142.99000549316406,144.14999389648438,832600.0
2024-09-05,145.0800018310547,145.38999938964844,143.9600067138672,144.50999450683594,702500.0
2024-09-06,144.91000366210938,145.55999755859375,143.55999755859375,143.94000244140625,871900.0
2024-09-09,144.0500030517578,146.05999755859375,143.6199951171875,146.00999450683594,837700.0
2024-09-10,146.42999267578125,148.5500030517578,145.85000610351562,148.1999969482422,958100.0
2024-09-11,147.75,147.97999572753906,144.75,147.0399932861328,1052700.0
2024-09-12,146.88999938964844,147.72999572753906,145.47000122070312,147.1300048828125,706800.0
2024-09-13,147.52999877929688,148.19000244140625,146.60000610351562,148.1300048828125,738100.0
2024-09-16,148.94000244140625,149.77999877929688,148.52000427246094,149.08999633789062,714200.0
2024-09-17,149.08999633789062,150.67999267578125,148.8300018310547,149.89999389648438,1028000.0
2024-09-18,149.47999572753906,150.16000366210938,148.11000061035156,148.94000244140625,1183200.0
2024-09-19,148.22000122070312,149.27999877929688,147.14999389648438,149.0800018310547,1190600.0
2024-09-20,149.0800018310547,149.1300048828125,145.74000549316406,147.22999572753906,3350400.0
2024-09-23,147.88999938964844,149.10000610351562,147.14999389648438,147.5399932861328,814900.0
2024-09-24,146.47999572753906,147.99000549316406,144.86000061035156,145.0399932861328,1838800.0
2024-09-25,145.6999969482422,146.00999450683594,143.38999938964844,144.1199951171875,1082300.0
2024-09-26,143.25999450683594,144.1699981689453,142.57000732421875,143.17999267578125,938600.0
2024-09-27,144.35000610351562,145.64999389648438,144.13999938964844,144.92999267578125,796600.0
2024-09-30,145.24000549316406,146.27999877929688,143.5399932861328,146.24000549316406,1791100.0
2024-10-01,146.47000122070312,147.2100067138672,145.1699981689453,145.6699981689453,1003900.0
2024-10-02,144.60000610351562,146.97999572753906,144.27000427246094,146.10000610351562,1324500.0
2024-10-03,145.8800048828125,146.25,144.49000549316406,144.67999267578125,847400.0
2024-10-04,143.33999633789062,144.13999938964844,141.7100067138672,142.57000732421875,853600.0
2024-10-07,142.0500030517578,142.0500030517578,135.6999969482422,136.99000549316406,1689100.0
2024-10-08,137.72999572753906,138.42999267578125,137.19000244140625,137.38999938964844,918700.0
2024-10-09,136.88999938964844,137.8000030517578,135.5,136.17999267578125,857900.0
2024-10-10,133.60000610351562,136.77999877929688,133.60000610351562,136.22000122070312,876300.0
2024-10-11,137.0,138.99000549316406,136.66000366210938,138.8699951171875,689300.0
2024-10-14,139.24000549316406,140.72000122070312,138.97999572753906,140.3699951171875,597700.0
2024-10-15,140.39999389648438,142.6699981689453,140.32000732421875,141.1999969482422,833600.0
2024-10-16,141.30999755859375,142.83999633789062,141.27999877929688,142.5800018310547,651600.0
2024-10-17,142.27999877929688,142.5,140.22999572753906,140.7899932861328,585700.0
2024-10-18,141.00999450683594,142.1999969482422,139.08999633789062,141.9600067138672,818500.0
2024-10-21,141.94000244140625,142.7899932861328,140.6999969482422,141.0500030517578,564900.0
2024-10-22,139.60000610351562,140.99000549316406,138.92999267578125,140.75,888700.0
2024-10-23,141.25,142.6699981689453,141.07000732421875,142.1199951171875,1290000.0
2024-10-24,142.38999938964844,142.97000122070312,139.74000549316406,139.8000030517578,712500.0
2024-10-25,140.25999450683594,140.25999450683594,137.57000732421875,137.66000366210938,592200.0
2024-10-28,138.88999938964844,139.89999389648438,138.17999267578125,138.7899932861328,564800.0
2024-10-29,137.52000427246094,138.1300048828125,135.75,135.8000030517578,1054600.0
2024-10-30,136.25,136.91000366210938,135.52999877929688,135.69000244140625,1329800.0
2024-10-31,137.83999633789062,139.99000549316406,135.0,138.11000061035156,1544600.0
2024-11-01,138.35000610351562,138.88999938964844,135.97000122070312,136.0,1044400.0
2024-11-04,136.4499969482422,136.4600067138672,134.0,135.3000030517578,1569000.0
2024-11-05,135.66000366210938,137.1300048828125,134.5399932861328,137.11000061035156,911400.0
2024-11-06,133.74000549316406,135.61000061035156,131.50999450683594,133.5800018310547,2141200.0
2024-11-07,133.8000030517578,134.6300048828125,132.69000244140625,132.83999633789062,1260100.0
2024-11-08,133.75,136.3300018310547,133.5,136.08999633789062,1076000.0
2024-11-11,135.30999755859375,136.5399932861328,134.5,134.77000427246094,926800.0
2024-11-12,133.8699951171875,133.8699951171875,132.22999572753906,132.42999267578125,932800.0
2024-11-13,133.3699951171875,133.97000122070312,131.75,132.44000244140625,1260300.0
2024-11-14,132.88999938964844,133.41000366210938,131.88999938964844,132.02000427246094,980600.0
2024-11-15,132.22999572753906,134.3800048828125,131.75,134.22999572753906,1590400.0
2024-11-18,133.47000122070312,136.88999938964844,133.17999267578125,136.6699981689453,1372300.0
2024-11-19,138.0399932861328,138.39999389648438,136.19000244140625,138.1999969482422,1585000.0
2024-11-20,138.6300048828125,139.1699981689453,137.60000610351562,137.88999938964844,1096500.0
2024-11-21,138.4199981689453,139.0800018310547,136.6999969482422,138.7899932861328,953000.0
2024-11-22,138.99000549316406,139.7100067138672,137.02999877929688,137.30999755859375,1207700.0
2024-11-25,138.25999450683594,139.3699951171875,136.3699951171875,136.74000549316406,4339200.0
2024-11-26,136.75999450683594,137.66000366210938,135.10000610351562,137.58999633789062,1332800.0
2024-11-27,138.36000061035156,139.49000549316406,137.9199981689453,138.30999755859375,746600.0
2024-11-29,137.72000122070312,138.5800018310547,136.77000427246094,136.94000244140625,593800.0
2024-12-02,137.4499969482422,137.52999877929688,135.02999877929688,135.60000610351562,1000000.0
2024-12-03,136.13999938964844,136.80999755859375,134.0800018310547,134.10000610351562,1455800.0
2024-12-04,133.99000549316406,134.3300018310547,130.41000366210938,131.00999450683594,1876600.0
2024-12-05,131.2100067138672,132.5500030517578,130.17999267578125,132.10000610351562,1050100.0
2024-12-06,131.8300018310547,132.77999877929688,131.10000610351562,132.3699951171875,1308000.0
2024-12-09,131.97000122070312,132.80999755859375,130.5399932861328,130.72000122070312,1229400.0
2024-12-10,130.72000122070312,131.7899932861328,128.75999450683594,130.97999572753906,838100.0
2024-12-11,130.8300018310547,131.58999633789062,130.00999450683594,130.33999633789062,822500.0
2024-12-12,130.38999938964844,131.82000732421875,129.61000061035156,130.5500030517578,739200.0
2024-12-13,130.22999572753906,130.52999877929688,129.3300018310547,129.58999633789062,747800.0
2024-12-16,129.47000122070312,130.94000244140625,128.72000122070312,128.91000366210938,856400.0
2024-12-17,128.25999450683594,131.1699981689453,128.1999969482422,129.17999267578125,1114100.0
2024-12-18,128.19000244140625,128.75999450683594,124.4000015258789,124.43000030517578,1750000.0
2024-12-19,123.87999725341797,125.44999694824219,123.83000183105469,123.83000183105469,1368600.0
2024-12-20,122.70999908447266,126.30999755859375,122.70999908447266,125.91999816894531,3327600.0
2024-12-23,125.30000305175781,126.04000091552734,124.19999694824219,125.9800033569336,956200.0
2024-12-24,125.2300033569336,126.23999786376953,124.72000122070312,125.7300033569336,470100.0
2024-12-26,125.16000366210938,126.5999984741211,124.80999755859375,126.16000366210938,643700.0
2024-12-27,125.52999877929688,126.56999969482422,124.75,125.29000091552734,703800.0
2024-12-30,124.55000305175781,124.87999725341797,123.41000366210938,124.23999786376953,793200.0
2024-12-31,124.52999877929688,125.13999938964844,123.8499984741211,124.48999786376953,1016000.0
2025-01-02,125.61000061035156,125.7699966430664,123.68000030517578,123.86000061035156,719100.0
2025-01-03,124.05000305175781,125.12000274658203,123.6500015258789,123.7699966430664,728500.0
2025-01-06,122.94000244140625,123.04000091552734,120.73999786376953,121.97000122070312,1044300.0
2025-01-07,122.33000183105469,123.23999786376953,121.22000122070312,121.62999725341797,759100.0
2025-01-08,120.88999938964844,122.70999908447266,119.70999908447266,122.61000061035156,972700.0
2025-01-10,121.75,122.83000183105469,120.91999816894531,121.12000274658203,1309000.0
2025-01-13,121.37000274658203,121.87000274658203,118.73999786376953,121.01000213623047,1548100.0
2025-01-14,121.1500015258789,122.73999786376953,121.04000091552734,122.5199966430664,773300.0
2025-01-15,124.5999984741211,125.02999877929688,122.66000366210938,123.52999877929688,1278900.0
2025-01-16,123.23999786376953,126.4000015258789,122.80000305175781,126.36000061035156,970600.0
2025-01-17,126.06999969482422,127.44000244140625,125.83999633789062,126.5999984741211,1003200.0
2025-01-21,127.18000030517578,128.38999938964844,126.0,126.33000183105469,1036100.0
2025-01-22,125.95999908447266,126.80000305175781,121.5,121.68000030517578,1289400.0
2025-01-23,121.69000244140625,121.9000015258789,120.62999725341797,121.80999755859375,1202000.0
2025-01-24,121.5,122.43000030517578,121.30000305175781,121.62999725341797,786300.0
2025-01-27,122.72000122070312,130.22000122070312,122.58999633789062,129.9499969482422,2271400.0
2025-01-28,128.14999389648438,128.7899932861328,125.69999694824219,126.33000183105469,1417900.0
2025-01-29,126.54000091552734,127.05000305175781,123.47000122070312,124.25,890500.0
2025-01-30,125.13999938964844,125.98999786376953,122.88999938964844,123.66000366210938,1646100.0
2025-01-31,123.66000366210938,124.95999908447266,123.33000183105469,124.63999938964844,1073000.0
2025-02-03,124.33999633789062,126.44999694824219,123.5,125.76000213623047,1112000.0
2025-02-04,124.75,124.91999816894531,123.26000213623047,123.8499984741211,1353400.0
2025-02-05,124.7300033569336,125.0,123.0999984741211,123.61000061035156,889700.0
2025-02-06,123.79000091552734,124.22000122070312,123.05999755859375,123.9800033569336,794600.0
2025-02-07,122.80999755859375,123.47000122070312,121.9000015258789,122.48999786376953,776200.0
2025-02-10,122.5,123.3499984741211,121.4000015258789,123.11000061035156,828700.0
2025-02-11,122.4800033569336,125.25,122.19000244140625,125.08000183105469,1230700.0
2025-02-12,123.66000366210938,125.31999969482422,122.97000122070312,125.0199966430664,1541100.0
2025-02-13,124.8499984741211,126.91000366210938,124.47000122070312,126.87000274658203,3304500.0
2025-02-14,127.0,127.45999908447266,125.04000091552734,125.66000366210938,1698800.0
2025-02-18,124.86000061035156,127.48999786376953,124.45999908447266,127.16999816894531,1345700.0
2025-02-19,126.72000122070312,128.1999969482422,126.45999908447266,127.86000061035156,1805700.0
2025-02-20,130.0,131.80999755859375,126.61000061035156,128.6699981689453,1831500.0
2025-02-21,128.1999969482422,133.82000732421875,128.1699981689453,132.67999267578125,2116800.0
2025-02-24,132.85000610351562,135.19000244140625,130.57000732421875,133.58999633789062,1789000.0
2025-02-25,134.17999267578125,138.72999572753906,133.0500030517578,137.25,2203900.0
2025-02-26,136.5,137.85000610351562,134.0,135.05999755859375,1188400.0
2025-02-27,133.42999267578125,136.17999267578125,133.1699981689453,134.02000427246094,1179900.0
2025-02-28,136.0500030517578,137.55999755859375,134.55999755859375,135.97000122070312,2340000.0
2025-03-03,135.19000244140625,139.63999938964844,135.10000610351562,139.57000732421875,1192600.0
2025-03-04,139.6699981689453,142.10000610351562,138.6999969482422,139.1999969482422,2385800.0
2025-03-05,138.1699981689453,140.3000030517578,137.25999450683594,137.82000732421875,1468600.0
2025-03-06,138.27000427246094,138.94000244140625,135.25,138.17999267578125,1441600.0
2025-03-07,138.80999755859375,145.99000549316406,138.61000061035156,145.39999389648438,2702900.0
2025-03-10,146.17999267578125,152.07000732421875,145.7899932861328,149.30999755859375,3047400.0
2025-03-11,148.7899932861328,149.02999877929688,143.25999450683594,143.42999267578125,1772200.0
2025-03-12,141.3800048828125,142.72999572753906,138.9199981689453,140.86000061035156,1919300.0
2025-03-13,141.4600067138672,143.5800018310547,140.05999755859375,142.5399932861328,1598800.0
2025-03-14,142.11000061035156,144.72000122070312,141.72000122070312,144.32000732421875,1386800.0
2025-03-17,144.41000366210938,146.77000427246094,143.00999450683594,144.82000732421875,1645900.0
2025-03-18,144.77000427246094,145.66000366210938,143.4499969482422,144.75,1182200.0
2025-03-19,144.0,144.22999572753906,141.1999969482422,142.0500030517578,1548500.0
2025-03-20,142.50999450683594,142.82000732421875,140.75999450683594,141.80999755859375,1387300.0
2025-03-21,141.8300018310547,143.75,139.97999572753906,141.1300048828125,2607200.0
2025-03-24,140.19000244140625,142.0399932861328,139.41000366210938,139.6999969482422,1093100.0
2025-03-25,139.60000610351562,140.47999572753906,136.94000244140625,139.16000366210938,1729400.0
2025-03-26,139.3300018310547,141.6699981689453,139.27999877929688,141.1300048828125,1329800.0
2025-03-27,141.75999450683594,144.1999969482422,141.41000366210938,143.05999755859375,1346400.0
2025-03-28,144.5800018310547,147.30999755859375,144.17999267578125,146.24000549316406,1596800.0
2025-03-31,147.42999267578125,149.99000549316406,146.86000061035156,147.52000427246094,1863700.0
2025-04-01,146.83999633789062,147.72000122070312,145.83999633789062,147.0,1186400.0
2025-04-02,147.2100067138672,147.5,145.4499969482422,146.19000244140625,982400.0
2025-04-03,148.9199981689453,154.05999755859375,148.74000549316406,151.9600067138672,2764800.0
2025-04-04,155.0,155.5,146.25999450683594,147.22999572753906,3275400.0
2025-04-07,145.05999755859375,147.5399932861328,141.97000122070312,142.36000061035156,3007700.0
2025-04-08,144.38999938964844,144.38999938964844,139.1999969482422,140.8699951171875,2723900.0
2025-04-09,139.52999877929688,145.32000732421875,137.41000366210938,139.0,2990700.0
2025-04-10,139.3000030517578,144.58999633789062,138.49000549316406,143.14999389648438,1984500.0
2025-04-11,143.24000549316406,146.7899932861328,142.05999755859375,146.08999633789062,1549000.0
2025-04-14,145.32000732421875,149.44000244140625,145.32000732421875,148.8300018310547,1091100.0
2025-04-15,149.66000366210938,149.66000366210938,146.72000122070312,146.8800048828125,1471300.0
2025-04-16,148.2100067138672,148.52000427246094,146.16000366210938,146.39999389648438,1124600.0
2025-04-17,146.57000732421875,149.5500030517578,146.02999877929688,148.39999389648438,946100.0
2025-04-21,148.0,148.97000122070312,145.8300018310547,147.1300048828125,838200.0
2025-04-22,148.2899932861328,149.75,147.14999389648438,149.25999450683594,1071400.0
2025-04-23,147.66000366210938,147.7899932861328,144.5800018310547,147.1699981689453,1510800.0
2025-04-24,147.35000610351562,147.35000610351562,145.19000244140625,146.0399932861328,1209500.0
2025-04-25,144.89999389648438,145.32000732421875,141.91000366210938,143.97000122070312,1342100.0
2025-04-28,143.77000427246094,145.16000366210938,142.30999755859375,144.27000427246094,1409000.0
2025-04-29,144.25,146.32000732421875,143.75999450683594,145.86000061035156,1205500.0
2025-04-30,146.99000549316406,147.47000122070312,144.25999450683594,147.00999450683594,1421200.0
2025-05-01,145.0,147.55999755859375,144.39999389648438,146.42999267578125,1255500.0
2025-05-02,147.44000244140625,147.67999267578125,145.38999938964844,147.11000061035156,1115900.0
2025-05-05,147.8300018310547,148.55999755859375,145.8699951171875,148.14999389648438,841800.0
2025-05-06,148.3300018310547,150.50999450683594,148.14999389648438,149.1999969482422,1124200.0
2025-05-07,149.05999755859375,150.2899932861328,148.0500030517578,148.0800018310547,1041100.0
2025-05-08,147.69000244140625,148.3300018310547,145.1300048828125,145.39999389648438,1182400.0
2025-05-09,145.41000366210938,147.0800018310547,144.47000122070312,146.94000244140625,724600.0
2025-05-12,144.0,145.49000549316406,137.86000061035156,138.63999938964844,2412400.0
2025-05-13,137.5,138.05999755859375,133.2899932861328,133.83999633789062,2330800.0
2025-05-14,134.1300048828125,134.35000610351562,131.64999389648438,133.82000732421875,1994400.0
2025-05-15,135.3000030517578,140.47999572753906,134.7899932861328,140.3699951171875,2529200.0
2025-05-16,140.58999633789062,143.32000732421875,140.35000610351562,142.55999755859375,1495100.0
2025-05-19,142.22000122070312,143.77000427246094,141.89999389648438,143.7100067138672,956600.0
2025-05-20,143.1999969482422,144.2899932861328,142.17999267578125,143.82000732421875,1119100.0
2025-05-21,143.72999572753906,144.64999389648438,142.75,143.47999572753906,1699300.0
2025-05-22,143.0,143.52000427246094,140.6699981689453,141.85000610351562,1163400.0
2025-05-23,143.39999389648438,143.91000366210938,141.39999389648438,143.61000061035156,740300.0
2025-05-27,143.6300048828125,144.16000366210938,142.75999450683594,143.13999938964844,1093000.0
2025-05-28,142.4499969482422,142.97000122070312,140.42999267578125,140.8699951171875,920000.0
2025-05-29,140.0,141.99000549316406,139.6999969482422,141.5399932861328,1097000.0
2025-05-30,142.22999572753906,143.67999267578125,140.82000732421875,142.97000122070312,3771600.0
2025-06-02,141.8300018310547,143.16000366210938,140.9199981689453,142.4199981689453,791400.0
2025-06-03,142.24000549316406,142.24000549316406,140.1199951171875,141.86000061035156,1097100.0
2025-06-04,141.75999450683594,141.75999450683594,138.80999755859375,138.83999633789062,1436400.0
2025-06-05,139.19000244140625,140.4199981689453,138.52999877929688,140.02000427246094,793600.0
2025-06-06,140.1699981689453,141.44000244140625,139.41000366210938,140.0500030517578,719100.0
2025-06-09,139.38999938964844,140.2899932861328,137.39999389648438,139.80999755859375,894900.0
2025-06-10,139.82000732421875,142.1699981689453,139.41000366210938,141.27000427246094,924200.0
2025-06-11,141.33999633789062,142.08999633789062,140.19000244140625,140.61000061035156,826900.0
2025-06-12,141.6199951171875,141.72000122070312,140.1699981689453,141.32000732421875,709600.0
2025-06-13,142.22999572753906,143.16000366210938,141.13999938964844,141.44000244140625,741200.0
2025-06-16,142.05999755859375,142.85000610351562,139.67999267578125,140.47000122070312,1126000.0
2025-06-17,140.47000122070312,141.1300048828125,138.3800048828125,140.9199981689453,1196400.0
2025-06-18,141.00999450683594,141.66000366210938,139.85000610351562,141.10000610351562,976200.0
2025-06-20,140.99000549316406,142.25,140.0800018310547,141.25,2415900.0
2025-06-23,142.02999877929688,144.08999633789062,142.0,143.99000549316406,861600.0
2025-06-24,142.88999938964844,143.4600067138672,141.82000732421875,142.17999267578125,990800.0
2025-06-25,141.1999969482422,141.72000122070312,139.27999877929688,140.0500030517578,1077900.0
2025-06-26,140.57000732421875,140.9199981689453,137.88999938964844,138.4199981689453,929900.0
2025-06-27,137.7100067138672,138.82000732421875,136.75,137.9199981689453,1564800.0
2025-06-30,138.0399932861328,139.19000244140625,137.42999267578125,139.11000061035156,1298100.0
2025-07-01,139.3699951171875,143.17999267578125,139.05999755859375,142.55999755859375,1397700.0
2025-07-02,142.02999877929688,142.49000549316406,140.08999633789062,140.30999755859375,1205700.0
2025-07-03,140.47000122070312,141.30999755859375,139.60000610351562,140.0500030517578,683800.0
2025-07-07,140.00999450683594,140.49000549316406,138.91000366210938,139.9600067138672,888300.0
2025-07-08,138.61000061035156,141.19000244140625,137.0,141.02000427246094,1381900.0
2025-07-09,140.82000732421875,142.2100067138672,139.91000366210938,141.8000030517578,1413300.0
2025-07-10,140.27000427246094,143.66000366210938,140.17999267578125,142.67999267578125,922200.0
2025-07-11,141.67999267578125,143.02000427246094,140.74000549316406,142.2899932861328,948500.0
2025-07-14,142.55999755859375,144.35000610351562,142.38999938964844,143.35000610351562,998600.0
2025-07-15,142.66000366210938,143.0399932861328,140.7100067138672,140.8300018310547,957900.0
2025-07-16,140.72999572753906,142.07000732421875,139.75,141.72000122070312,941900.0
2025-07-17,141.22000122070312,142.72999572753906,140.02000427246094,142.2100067138672,1195000.0
2025-07-18,142.47000122070312,144.6699981689453,142.0,142.91000366210938,1934400.0
2025-07-21,143.17999267578125,144.32000732421875,142.57000732421875,142.83999633789062,753100.0
2025-07-22,142.6999969482422,146.2899932861328,142.08999633789062,144.91000366210938,1137200.0
2025-07-23,144.36000061035156,144.75,140.41000366210938,141.8800048828125,1173300.0
2025-07-24,141.9199981689453,142.0800018310547,140.4600067138672,140.50999450683594,1188000.0
2025-07-25,140.19000244140625,141.05999755859375,139.67999267578125,140.32000732421875,893900.0
2025-07-28,139.5500030517578,140.5399932861328,137.85000610351562,138.7100067138672,1065800.0
2025-07-29,138.6199951171875,141.0,137.91000366210938,140.9499969482422,1138000.0
2025-07-30,139.77000427246094,141.1699981689453,139.19000244140625,139.64999389648438,1109000.0
2025-07-31,138.5,141.0800018310547,137.5,140.24000549316406,2078200.0
2025-08-01,142.47999572753906,146.41000366210938,140.7100067138672,145.72000122070312,2693100.0
2025-08-04,145.72000122070312,147.64999389648438,145.52999877929688,147.0,1304000.0
2025-08-05,142.1300048828125,142.72000122070312,140.72000122070312,141.5,6160000.0
2025-08-06,142.0,143.38999938964844,141.47000122070312,141.91000366210938,2087800.0
2025-08-07,141.14999389648438,144.6999969482422,141.14999389648438,144.4199981689453,1771100.0
2025-08-08,144.8300018310547,145.63999938964844,144.57000732421875,145.36000061035156,1986700.0
2025-08-11,145.80999755859375,146.1999969482422,144.6999969482422,145.5500030517578,1093700.0
2025-08-12,144.25999450683594,145.0,140.67999267578125,142.08999633789062,1657600.0
2025-08-13,142.0800018310547,143.77000427246094,141.77000427246094,143.72999572753906,1174200.0
2025-08-14,143.8000030517578,144.24000549316406,142.77999877929688,143.41000366210938,1085300.0
2025-08-15,142.94000244140625,144.97999572753906,142.88999938964844,143.9199981689453,923800.0
2025-08-18,144.32000732421875,144.8000030517578,142.6300048828125,142.66000366210938,900100.0
2025-08-19,142.9199981689453,145.27999877929688,142.9199981689453,145.2100067138672,1562500.0
2025-08-20,146.07000732421875,147.8699951171875,145.36000061035156,145.6199951171875,1107400.0
2025-08-21,145.30999755859375,146.22000122070312,145.25,145.8699951171875,849100.0
2025-08-22,146.4499969482422,147.83999633789062,145.1199951171875,146.1999969482422,963900.0
2025-08-25,145.5399932861328,146.2899932861328,144.07000732421875,144.39999389648438,854900.0
2025-08-26,144.3699951171875,144.6300048828125,143.0500030517578,143.9499969482422,1764600.0
2025-08-27,143.83999633789062,144.9600067138672,143.16000366210938,144.75,1208800.0
2025-08-28,144.1999969482422,144.36000061035156,142.86000061035156,142.92999267578125,947800.0
2025-08-29,143.0800018310547,144.5399932861328,142.94000244140625,143.50999450683594,941300.0
2025-09-02,142.99000549316406,143.74000549316406,140.99000549316406,141.41000366210938,1018800.0
2025-09-03,140.83999633789062,141.3699951171875,139.80999755859375,140.6999969482422,1054800.0
2025-09-04,141.97999572753906,142.4499969482422,140.74000549316406,141.57000732421875,1128400.0
2025-09-05,141.99000549316406,143.60000610351562,141.5800018310547,143.60000610351562,782200.0
2025-09-08,142.64999389648438,143.22999572753906,139.02000427246094,140.02000427246094,1331800.0
2025-09-09,139.52999877929688,140.60000610351562,138.72999572753906,140.08999633789062,725500.0
2025-09-10,140.2100067138672,140.47999572753906,137.52999877929688,138.5,990000.0
2025-09-11,138.75,139.75999450683594,137.6699981689453,139.6300048828125,926600.0
2025-09-12,138.5,139.88999938964844,138.2100067138672,139.27999877929688,994600.0
2025-09-15,139.3000030517578,139.64999389648438,137.24000549316406,137.5800018310547,1084100.0
2025-09-16,137.39999389648438,138.3000030517578,136.17999267578125,136.25,1056000.0
2025-09-17,136.83999633789062,137.94000244140625,135.8800048828125,136.08999633789062,1024100.0
2025-09-18,134.1300048828125,135.7899932861328,133.3000030517578,135.38999938964844,1197400.0
2025-09-19,135.00999450683594,135.66000366210938,134.3800048828125,135.05999755859375,2660200.0
2025-09-22,135.07000732421875,136.24000549316406,134.7899932861328,135.0500030517578,1021500.0
2025-09-23,134.88999938964844,137.35000610351562,133.86000061035156,137.17999267578125,1251500.0
2025-09-24,136.4199981689453,137.10000610351562,135.27999877929688,136.41000366210938,1700500.0
2025-09-25,137.66000366210938,138.1300048828125,135.02999877929688,135.10000610351562,1433300.0
2025-09-26,135.27999877929688,136.52000427246094,135.2100067138672,136.36000061035156,911100.0
2025-09-29,136.16000366210938,137.27999877929688,135.0399932861328,137.0399932861328,1200400.0
2025-09-30,137.41000366210938,139.4199981689453,137.1300048828125,139.19000244140625,1428800.0
2025-10-01,139.39999389648438,139.6199951171875,136.02999877929688,136.07000732421875,1250200.0
2025-10-02,135.49000549316406,137.1199951171875,135.02000427246094,135.58999633789062,1114600.0
2025-10-03,135.57000732421875,138.22000122070312,135.57000732421875,137.75,967200.0
2025-10-06,137.75,138.99000549316406,136.6699981689453,138.94000244140625,1555500.0
2025-10-07,139.3800048828125,142.97000122070312,139.1199951171875,142.50999450683594,1815600.0
2025-10-08,143.50999450683594,143.50999450683594,140.1999969482422,141.02999877929688,952600.0
2025-10-09,141.4499969482422,141.75,140.1999969482422,141.0500030517578,988700.0
2025-10-10,141.75,144.0399932861328,140.13999938964844,142.97999572753906,1513000.0
2025-10-13,141.0,141.99000549316406,139.2100067138672,139.6300048828125,1321900.0
2025-10-14,139.9600067138672,143.52999877929688,139.5,141.55999755859375,1629400.0
2025-10-15,141.49000549316406,143.11000061035156,141.02000427246094,142.52999877929688,1007500.0
2025-10-16,142.22999572753906,144.2899932861328,142.22999572753906,143.2100067138672,845500.0
2025-10-17,143.52999877929688,144.82000732421875,142.82000732421875,143.80999755859375,1306500.0
2025-10-20,143.99000549316406,145.61000061035156,143.02000427246094,145.42999267578125,1107200.0
2025-10-21,145.4499969482422,145.63999938964844,142.8000030517578,144.16000366210938,1096200.0
2025-10-22,143.3300018310547,145.4199981689453,142.85000610351562,143.72999572753906,828400.0
2025-10-23,144.24000549316406,144.8800048828125,141.64999389648438,142.5800018310547,746400.0
2025-10-24,143.49000549316406,143.49000549316406,141.50999450683594,141.58999633789062,966500.0
2025-10-27,139.02999877929688,140.5,135.39999389648438,137.99000549316406,3438800.0
2025-10-28,137.89999389648438,139.58999633789062,134.30999755859375,134.80999755859375,2031400.0
2025-10-29,133.86000061035156,134.4600067138672,129.9600067138672,130.05999755859375,2210700.0
2025-10-30,130.1300048828125,131.0500030517578,126.44999694824219,126.69999694824219,2298800.0
2025-10-31,125.7699966430664,128.75,123.9000015258789,128.42999267578125,2811600.0
2025-11-03,128.27999877929688,128.4199981689453,125.48999786376953,125.97000122070312,1907400.0
2025-11-04,127.4000015258789,129.66000366210938,126.79000091552734,128.0800018310547,2796500.0
2025-11-05,130.02000427246094,132.5800018310547,129.39999389648438,130.97000122070312,2952400.0
2025-11-06,131.1699981689453,132.44000244140625,129.30999755859375,129.5,1415600.0
2025-11-07,130.19000244140625,131.58999633789062,129.7100067138672,130.83999633789062,1446400.0
2025-11-10,129.7100067138672,130.36000061035156,127.61000061035156,128.94000244140625,1777600.0
2025-11-11,129.38999938964844,130.7899932861328,128.9499969482422,130.00999450683594,1419700.0
2025-11-12,129.9600067138672,130.36000061035156,129.00999450683594,129.77000427246094,1512100.0
2025-11-13,128.61000061035156,132.22000122070312,128.0,131.4600067138672,2193900.0
2025-11-14,132.64999389648438,133.97999572753906,130.74000549316406,131.6199951171875,2019000.0
2025-11-17,132.30999755859375,133.25999450683594,131.4600067138672,132.67999267578125,2082200.0
2025-11-18,132.89999389648438,133.30999755859375,129.50999450683594,129.91000366210938,1784100.0
2025-11-19,129.6999969482422,130.24000549316406,126.73999786376953,127.12000274658203,1955500.0
2025-11-20,127.30999755859375,128.32000732421875,125.91000366210938,128.1300048828125,2059300.0
2025-11-21,129.05999755859375,133.97999572753906,127.94000244140625,132.74000549316406,3643400.0
2025-11-24,132.74000549316406,132.85000610351562,131.00999450683594,131.50999450683594,5459700.0
2025-11-25,132.64999389648438,133.0,130.25,130.38999938964844,1493600.0
2025-11-26,131.0,131.69000244140625,129.8300018310547,129.85000610351562,1515800.0
2025-11-28,129.17999267578125,130.6699981689453,128.5,130.07000732421875,845000.0
2025-12-01,129.7899932861328,131.97999572753906,129.0399932861328,131.0,3293500.0
2025-12-02,131.72999572753906,133.3699951171875,129.47999572753906,130.75,2735200.0
2025-12-03,131.22000122070312,132.4499969482422,129.6300048828125,130.97000122070312,2182900.0
2025-12-04,130.86000061035156,131.5500030517578,128.0,128.92999267578125,2613100.0
2025-12-05,128.3800048828125,130.27999877929688,128.07000732421875,129.5,1942700.0
2025-12-08,129.1300048828125,130.0,127.63999938964844,128.4600067138672,2257300.0
2025-12-09,128.92999267578125,130.11000061035156,127.87999725341797,128.14999389648438,2182500.0
2025-12-10,128.14999389648438,129.1699981689453,127.51000213623047,128.72000122070312,2798700.0
2025-12-11,129.63999938964844,132.1999969482422,129.0,130.08999633789062,2064900.0
2025-12-12,130.52999877929688,132.1999969482422,130.4199981689453,131.5500030517578,1946500.0
2025-12-15,132.05999755859375,134.41000366210938,131.5,134.1300048828125,2187800.0
2025-12-16,134.67999267578125,135.52999877929688,131.9499969482422,132.72000122070312,2641700.0
2025-12-17,132.1999969482422,134.2100067138672,131.5800018310547,134.00999450683594,1796500.0
2025-12-18,132.75999450683594,134.63999938964844,132.5500030517578,133.02000427246094,1766100.0
2025-12-19,132.67999267578125,132.67999267578125,130.22000122070312,130.25,2985200.0
2025-12-22,129.8000030517578,132.19000244140625,129.08999633789062,131.6699981689453,1038500.0
2025-12-23,131.5500030517578,131.72999572753906,130.4600067138672,130.75,869100.0
2025-12-24,130.66000366210938,131.39999389648438,130.6199951171875,131.27999877929688,368600.0
2025-12-26,131.3300018310547,131.52000427246094,130.22999572753906,130.5500030517578,563400.0
2025-12-29,130.8800048828125,131.52000427246094,129.55999755859375,130.9499969482422,732200.0
2025-12-30,130.94000244140625,131.83999633789062,130.6999969482422,131.1300048828125,789400.0
2025-12-31,130.9199981689453,131.3800048828125,130.36000061035156,130.5,658900.0
2026-01-02,130.22999572753906,131.36000061035156,129.1300048828125,130.32000732421875,864700.0
2026-01-05,129.5800018310547,130.10000610351562,125.55999755859375,127.4000015258789,2391600.0
2026-01-06,127.18000030517578,129.92999267578125,126.8499984741211,128.97000122070312,1662300.0
2026-01-07,129.55999755859375,130.5399932861328,127.16999816894531,127.2699966430664,1419000.0
2026-01-08,126.72000122070312,129.92999267578125,126.72000122070312,129.27000427246094,1742600.0
2026-01-09,128.57000732421875,129.9199981689453,127.56999969482422,127.9800033569336,1467500.0
2026-01-12,130.30999755859375,132.27000427246094,129.25999450683594,130.3000030517578,1691400.0
2026-01-13,129.6699981689453,131.3800048828125,128.67999267578125,131.25999450683594,2202100.0
2026-01-14,131.47000122070312,132.8699951171875,130.85000610351562,132.4499969482422,1515600.0
2026-01-15,132.2100067138672,133.64999389648438,131.8800048828125,133.35000610351562,1682400.0
2026-01-16,132.69000244140625,133.72999572753906,132.32000732421875,133.33999633789062,1532000.0
2026-01-20,132.75999450683594,133.5,129.89999389648438,131.4199981689453,1455300.0
2026-01-21,132.22999572753906,132.86000061035156,130.52999877929688,130.99000549316406,1334600.0
2026-01-22,131.0800018310547,132.67999267578125,129.8300018310547,131.55999755859375,1205000.0
2026-01-23,131.55999755859375,131.8800048828125,129.27000427246094,129.7100067138672,1184600.0
2026-01-26,130.4499969482422,132.1300048828125,130.16000366210938,130.74000549316406,1292400.0
2026-01-27,130.38999938964844,131.6300048828125,129.3699951171875,130.52999877929688,1284200.0
2026-01-28,130.49000549316406,131.1999969482422,126.36000061035156,127.05000305175781,1489200.0
2026-01-29,127.05000305175781,130.0500030517578,127.05000305175781,129.0,1377400.0
2026-01-30,129.25999450683594,129.25999450683594,127.51000213623047,129.1300048828125,1039300.0
2026-02-02,129.61000061035156,129.88999938964844,126.37999725341797,126.56999969482422,1656000.0
2026-02-03,126.56999969482422,129.9199981689453,125.5199966430664,125.88999938964844,2644200.0
2026-02-04,127.02999877929688,127.41999816894531,124.0,124.30000305175781,2149900.0
2026-02-05,124.94999694824219,127.5,124.56999969482422,125.68000030517578,2051900.0
2026-02-06,126.45999908447266,127.2699966430664,124.1500015258789,124.33000183105469,1370000.0
2026-02-09,124.33000183105469,124.54000091552734,121.27999877929688,122.94999694824219,1828400.0
2026-02-10,122.58000183105469,126.37999725341797,122.0,125.02999877929688,1714000.0
2026-02-11,124.58999633789062,124.9800033569336,122.95999908447266,123.69000244140625,1649700.0
2026-02-12,123.75,129.88999938964844,123.5,128.3699951171875,3449300.0
2026-02-13,127.8499984741211,133.67999267578125,127.8499984741211,133.5,3176700.0
2026-02-17,134.0399932861328,135.0,132.05999755859375,133.50999450683594,2177100.0
2026-02-18,132.3699951171875,134.60000610351562,130.44000244140625,131.16000366210938,2357500.0
2026-02-19,132.10000610351562,134.2100067138672,129.17999267578125,131.36000061035156,1577200.0
2026-02-20,132.27999877929688,132.5,129.22000122070312,129.3699951171875,2333000.0
2026-02-23,130.41000366210938,133.19000244140625,130.1999969482422,132.9199981689453,2022900.0
2026-02-24,133.25999450683594,134.11000061035156,131.75,134.0800018310547,1705900.0
2026-02-25,133.6199951171875,134.32000732421875,131.35000610351562,134.22000122070312,1603900.0
2026-02-26,134.66000366210938,135.17999267578125,133.22000122070312,134.32000732421875,1616000.0
2026-02-27,135.25999450683594,137.72000122070312,134.47000122070312,136.02999877929688,2565100.0
2026-03-02,135.52000427246094,137.27000427246094,135.08999633789062,135.44000244140625,1465400.0
2026-03-03,134.24000549316406,136.49000549316406,131.7100067138672,135.80999755859375,2007300.0
2026-03-04,135.39999389648438,136.75999450683594,134.00999450683594,136.41000366210938,1782100.0
2026-03-05,135.3699951171875,136.88999938964844,134.47000122070312,134.6300048828125,1926800.0
2026-03-06,134.3000030517578,137.80999755859375,132.8699951171875,137.49000549316406,1661500.0
2026-03-09,137.0,138.58999633789062,134.9199981689453,137.72999572753906,2658200.0
2026-03-10,136.82000732421875,137.77000427246094,132.60000610351562,132.83999633789062,1636800.0
2026-03-11,132.44000244140625,134.63999938964844,132.0399932861328,134.33999633789062,1432400.0
2026-03-12,134.52999877929688,141.2100067138672,133.0399932861328,138.25,2707100.0
2026-03-13,139.8300018310547,140.6300048828125,138.30999755859375,139.69000244140625,1603800.0
2026-03-16,140.44000244140625,140.44000244140625,137.47999572753906,139.1199951171875,1598600.0
2026-03-17,140.0800018310547,140.0800018310547,137.92999267578125,138.22999572753906,1662900.0
2026-03-18,138.0,138.55999755859375,135.5399932861328,136.75,1481200.0
2026-03-19,135.88999938964844,137.3699951171875,134.5500030517578,137.10000610351562,2104700.0
2026-03-20,137.08999633789062,137.74000549316406,135.13999938964844,135.7899932861328,4091500.0
2026-03-23,135.7100067138672,136.9600067138672,135.2100067138672,135.72999572753906,1728400.0
2026-03-24,135.33999633789062,137.6999969482422,133.5500030517578,133.5800018310547,1886600.0
2026-03-25,134.33999633789062,135.39999389648438,131.52000427246094,134.58999633789062,1782800.0
2026-03-26,134.9499969482422,138.1999969482422,133.60000610351562,137.50999450683594,1456900.0
2026-03-27,137.72000122070312,138.74000549316406,136.61000061035156,136.86000061035156,1609300.0
2026-03-30,138.1699981689453,139.49000549316406,137.0,138.82000732421875,1150300.0
2026-03-31,139.11000061035156,139.3000030517578,134.75999450683594,136.08999633789062,1900500.0
2026-04-01,135.0800018310547,137.4600067138672,135.0800018310547,136.7899932861328,1728800.0
2026-04-02,137.9199981689453,139.25,137.38999938964844,138.13999938964844,1608200.0
2026-04-06,137.91000366210938,138.55999755859375,137.1999969482422,137.91000366210938,1051100.0
2026-04-07,138.1699981689453,138.6300048828125,135.30999755859375,135.3699951171875,1658300.0
2026-04-08,133.0,136.4199981689453,130.86000061035156,136.36000061035156,3006200.0
2026-04-09,136.0500030517578,139.49000549316406,135.60000610351562,139.25,2729200.0
2026-04-10,138.99000549316406,139.6300048828125,136.58999633789062,137.22000122070312,1726700.0
2026-04-13,136.02999877929688,136.92999267578125,133.47000122070312,134.41000366210938,1828600.0
2026-04-14,134.19000244140625,134.60000610351562,132.19000244140625,133.38999938964844,1880400.0
2026-04-15,132.10000610351562,132.27000427246094,128.7899932861328,130.30999755859375,2950700.0
2026-04-16,130.30999755859375,130.74000549316406,128.80999755859375,130.6999969482422,2285500.0
2026-04-17,129.49000549316406,131.80999755859375,128.5,131.61000061035156,2097300.0
2026-04-20,132.74000549316406,135.63999938964844,132.0500030517578,133.25,1673100.0
2026-04-21,133.92999267578125,134.1199951171875,130.72000122070312,132.0500030517578,1752700.0
2026-04-22,132.47999572753906,133.97999572753906,130.58999633789062,131.1300048828125,1396000.0
2026-04-23,132.4199981689453,135.52999877929688,131.89999389648438,134.97000122070312,1530500.0
2026-04-24,134.32000732421875,135.47999572753906,132.35000610351562,132.4199981689453,1780500.0
2026-04-27,132.3800048828125,133.25999450683594,131.86000061035156,131.9600067138672,1358000.0
2026-04-28,133.77000427246094,134.61000061035156,131.5500030517578,132.6699981689453,1254000.0
2026-04-29,131.8300018310547,133.4499969482422,131.52999877929688,131.97000122070312,1811600.0
2026-04-30,135.19000244140625,136.75,126.12000274658203,128.4199981689453,3026200.0
2026-05-01,129.47999572753906,129.47999572753906,126.94000244140625,127.37999725341797,1980800.0
2026-05-04,126.83999633789062,127.58000183105469,125.41999816894531,126.8499984741211,1713900.0
2026-05-05,126.33999633789062,127.0,124.8499984741211,126.05000305175781,1395400.0
2026-05-06,125.0,127.16999816894531,124.69000244140625,125.68000030517578,1659100.0
2026-05-07,124.86000061035156,126.91999816894531,123.55000305175781,126.19999694824219,2098600.0
2026-05-08,126.44999694824219,127.41000366210938,124.94000244140625,125.05000305175781,1305600.0
2026-05-11,125.81999969482422,126.22000122070312,124.98999786376953,126.01000213623047,1574100.0
2026-05-12,125.37000274658203,127.9800033569336,124.9000015258789,127.6500015258789,2687800.0
2026-05-13,126.25,127.66999816894531,125.45999908447266,127.37000274658203,1670200.0
2026-05-14,127.23999786376953,127.79000091552734,125.94999694824219,125.9800033569336,1286000.0
2026-05-15,126.30999755859375,126.86000061035156,124.26000213623047,124.29000091552734,2994700.0
2026-05-18,125.13999938964844,126.62999725341797,123.5199966430664,124.83000183105469,1913600.0
2026-05-19,124.97000122070312,126.31999969482422,123.8499984741211,124.16000366210938,1662300.0
2026-05-20,123.6500015258789,124.83000183105469,121.98999786376953,122.36000061035156,1851800.0
2026-05-21,122.5,124.12999725341797,121.94000244140625,123.87999725341797,1287500.0
2026-05-22,124.0,125.66999816894531,123.44999694824219,125.19999694824219,1121400.0
2026-05-26,124.95999908447266,125.29000091552734,123.80000305175781,123.8499984741211,1448500.0
2026-05-27,123.61000061035156,125.75,123.22000122070312,123.77999877929688,1165600.0
2026-05-28,123.72000122070312,125.16999816894531,122.27999877929688,122.3499984741211,1966500.0
2026-05-29,123.05999755859375,124.5,122.11000061035156,123.2699966430664,5523100.0
2026-06-01,122.98999786376953,123.29000091552734,120.61000061035156,121.12999725341797,1746900.0
2026-06-02,121.94999694824219,123.69999694824219,120.56999969482422,123.68000030517578,2236600.0
2026-06-03,123.51000213623047,125.26000213623047,123.0,123.80999755859375,3166500.0
2026-06-04,125.12999725341797,125.8499984741211,121.94999694824219,122.25,1870800.0
2026-06-05,123.33999633789062,126.69999694824219,122.62000274658203,124.47000122070312,2580000.0
2026-06-08,123.55999755859375,124.69999694824219,122.2699966430664,122.48999786376953,1327900.0
2026-06-09,122.5,126.7300033569336,122.01000213623047,125.52999877929688,1586700.0
2026-06-10,126.94999694824219,128.0399932861328,125.5999984741211,126.45999908447266,1651400.0
2026-06-11,125.79000091552734,127.19999694824219,124.06999969482422,124.44999694824219,2119500.0
2026-06-12,124.73999786376953,126.54000091552734,124.19000244140625,126.30999755859375,2379700.0
2026-06-15,123.80000305175781,127.94000244140625,123.33000183105469,126.87000274658203,3111800.0
2026-06-16,127.55999755859375,128.74000549316406,126.88999938964844,128.47000122070312,2555000.0
2026-06-17,127.75,128.5399932861328,124.4800033569336,125.41000366210938,2334200.0
2026-06-18,125.69999694824219,127.55000305175781,124.52999877929688,125.06999969482422,4992200.0
2026-06-22,125.33000183105469,127.69999694824219,124.6500015258789,124.91999816894531,2456900.0
2026-06-23,126.75,127.23999786376953,125.69000244140625,126.5999984741211,1558300.0
2026-06-24,127.94000244140625,129.86000061035156,126.37000274658203,129.63999938964844,1927200.0
2026-06-25,130.5,131.38999938964844,128.6199951171875,130.0,2228400.0
2026-06-26,131.3000030517578,132.67999267578125,129.6999969482422,132.67999267578125,3539100.0
2026-06-29,131.36000061035156,133.13999938964844,130.77999877929688,132.5,2170700.0
2026-06-30,132.3000030517578,133.44000244140625,130.9199981689453,131.5800018310547,2817900.0
2026-07-01,131.60000610351562,133.42999267578125,130.99000549316406,131.7899932861328,2462200.0
2026-07-02,133.02999877929688,136.92999267578125,132.07000732421875,136.86000061035156,3269200.0
2026-07-06,135.75,136.1300048828125,132.0,133.08999633789062,3630000.0
2026-07-07,134.67999267578125,138.4199981689453,134.25999450683594,134.82000732421875,2098700.0
2026-07-08,135.9600067138672,135.9600067138672,131.75,131.8800048828125,1654300.0
2026-07-09,131.10000610351562,131.86000061035156,130.08999633789062,130.5500030517578,1373400.0
2026-07-10,130.74000549316406,131.6999969482422,129.63999938964844,130.69000244140625,1679100.0
2026-07-13,131.36000061035156,133.3300018310547,131.0500030517578,131.52999877929688,1236400.0
2026-07-14,131.4199981689453,132.64999389648438,130.8800048828125,131.57000732421875,1172700.0
2026-07-15,131.17999267578125,132.52000427246094,128.9499969482422,129.2100067138672,1510400.0
2026-07-16,129.4499969482422,134.77000427246094,129.4499969482422,134.3300018310547,1846800.0
2026-07-17,136.30999755859375,137.75999450683594,134.24000549316406,135.11000061035156,2390900.0
2026-07-20,134.52999877929688,135.75999450683594,132.39999389648438,133.64999389648438,1543400.0
2026-07-21,132.75999450683594,133.35000610351562,130.72999572753906,131.52999877929688,1971400.0
2026-07-22,132.6999969482422,133.91000366210938,132.02999877929688,133.8300018310547,1789000.0
2026-07-23,132.97999572753906,135.44000244140625,132.41000366210938,134.41000366210938,2019700.0
2026-07-24,135.2899932861328,135.80999755859375,133.9499969482422,134.66000366210938,1468000.0
2026-07-27,133.52999877929688,136.58999633789062,133.4199981689453,134.55999755859375,2541100.0
2026-07-28,136.02000427246094,140.44000244140625,135.49000549316406,138.0399932861328,4666600.0
2026-07-29,138.60000610351562,140.3000030517578,137.07000732421875,138.08999633789062,3034900.0
2026-07-30,140.0,141.25,135.61000061035156,136.80999755859375,3580300.0
2026-07-31,136.64999389648438,136.89999389648438,134.1300048828125,134.1699981689453,3254400.0
2026-08-03,133.74000549316406,137.10000610351562,130.91000366210938,131.3000030517578,2497600.0
2026-08-04,129.9499969482422,134.55999755859375,129.74000549316406,134.00999450683594,3673400.0
2026-08-05,134.39999389648438,135.32000732421875,132.27000427246094,134.16000366210938,1963400.0
2026-08-06,135.08999633789062,135.4199981689453,133.32000732421875,134.82000732421875,1471400.0
2026-08-07,133.5399932861328,136.24000549316406,133.22000122070312,135.30999755859375,1200100.0
2026-08-10,134.19000244140625,135.86000061035156,131.89999389648438,135.4499969482422,2478600.0
2026-08-11,133.92999267578125,136.13999938964844,133.07000732421875,136.05999755859375,1729700.0
2026-08-12,135.6199951171875,136.38999938964844,134.19000244140625,134.9199981689453,2902900.0
2026-08-13,135.0500030517578,137.14999389648438,135.0500030517578,136.4600067138672,3409000.0
2026-08-14,136.5,136.99000549316406,135.0800018310547,136.1999969482422,1728100.0
2026-08-17,135.19000244140625,135.94000244140625,133.25,134.35000610351562,2106000.0
2026-08-18,135.92999267578125,137.75,135.36000061035156,136.27000427246094,1892700.0
2026-08-19,136.41000366210938,139.36000061035156,136.3000030517578,138.7100067138672,3029200.0
2026-08-20,137.9600067138672,139.33999633789062,137.08999633789062,137.2100067138672,1661700.0
2026-08-21,136.80999755859375,137.38999938964844,135.25999450683594,135.38999938964844,1942400.0
2026-08-24,136.0,140.1300048828125,135.0399932861328,139.91000366210938,2406000.0
2026-08-25,139.0,139.8000030517578,137.10000610351562,137.60000610351562,1939600.0
2026-08-26,137.47999572753906,138.6199951171875,137.22999572753906,137.49000549316406,1361800.0
2026-08-27,136.0500030517578,138.25999450683594,135.27000427246094,136.69000244140625,2364100.0
2026-08-28,137.0,138.4499969482422,136.22999572753906,138.3000030517578,1908200.0
2026-08-31,136.97999572753906,138.88999938964844,136.36000061035156,138.22999572753906,2420100.0
2026-09-01,139.1699981689453,139.55999755859375,136.72999572753906,137.39999389648438,1661800.0
2026-09-02,137.17999267578125,142.27000427246094,136.22000122070312,139.49000549316406,2386700.0
2026-09-03,139.75999450683594,141.27000427246094,139.75999450683594,140.88999938964844,1835700.0
2026-09-04,140.0,141.27999877929688,139.42999267578125,140.6999969482422,2074100.0
2026-09-08,140.8000030517578,141.85000610351562,140.36000061035156,140.3800048828125,2058100.0
2026-09-09,140.52999877929688,142.0399932861328,139.77000427246094,140.3300018310547,2132000.0
2026-09-10,141.80999755859375,142.3699951171875,139.72000122070312,139.83999633789062,2015600.0
2026-09-11,140.47000122070312,140.9499969482422,137.27000427246094,137.69000244140625,1403600.0
2026-09-14,138.8800048828125,139.72999572753906,137.52999877929688,138.9199981689453,1577100.0
2026-09-15,138.75999450683594,139.33999633789062,137.5500030517578,138.02000427246094,1661900.0
2026-09-16,138.30999755859375,139.00999450683594,137.25,137.75999450683594,1382000.0
2026-09-17,138.10000610351562,138.5399932861328,136.2899932861328,138.24000549316406,1961200.0
2026-09-18,136.85000610351562,137.32000732421875,135.44000244140625,135.89999389648438,3583100.0
2026-09-21,135.30999755859375,136.02999877929688,133.72999572753906,133.97000122070312,1442200.0
2026-09-23,133.27999877929688,134.32000732421875,132.07000732421875,133.05999755859375,2119600.0
2026-09-24,133.83999633789062,134.75,131.39999389648438,131.52999877929688,1287100.0
