date,open,high,low,close,volume
2016-09-26,170.2873077392578,170.2873077392578,166.65602111816406,168.74700927734375,938121.0
2016-09-27,169.2338409423828,171.2769317626953,167.6775665283203,170.36712646484375,608332.0
2016-09-28,170.0638427734375,172.442138671875,169.79249572753906,170.95770263671875,781621.0
2016-09-29,170.61453247070312,172.442138671875,169.3136444091797,169.95211791992188,655319.0
2016-09-30,169.9920196533203,172.29847717285156,168.28411865234375,171.2130889892578,826855.0
2016-10-03,171.2130889892578,174.90821838378906,170.3910675048828,173.10455322265625,665844.0
2016-10-04,173.67916870117188,174.6448516845703,169.07421875,169.7605743408203,574250.0
2016-10-05,171.23703002929688,173.45570373535156,170.10374450683594,172.6097412109375,567233.0
2016-10-06,171.6839599609375,172.13088989257812,169.32162475585938,170.8300018310547,525759.0
2016-10-07,171.388671875,171.54827880859375,165.95370483398438,166.7438201904297,764581.0
2016-10-10,167.06304931640625,169.21788024902344,166.169189453125,166.6240997314453,612216.0
2016-10-11,166.94332885742188,167.57382202148438,164.1979217529297,166.20111083984375,605324.0
2016-10-12,166.90342712402344,167.5019989013672,165.59457397460938,166.21707153320312,426521.0
2016-10-13,165.1715850830078,165.9776611328125,163.28012084960938,165.07582092285156,416998.0
2016-10-14,166.12928771972656,167.86911010742188,164.80447387695312,167.41419982910156,546308.0
2016-10-17,168.23623657226562,170.2873077392578,164.5810089111328,164.7645721435547,635020.0
2016-10-18,165.2913055419922,168.90663146972656,165.06784057617188,168.45172119140625,577884.0
2016-10-19,169.55307006835938,172.0750274658203,168.40382385253906,171.41261291503906,1005783.0
2016-10-20,172.17877197265625,172.17877197265625,161.053466796875,163.4237823486328,2129348.0
2016-10-21,162.3224334716797,163.3759002685547,157.77334594726562,159.57701110839844,1556351.0
2016-10-24,161.54029846191406,165.2833251953125,161.0454864501953,164.79649353027344,1041118.0
2016-10-25,164.79649353027344,164.79649353027344,160.67837524414062,162.7294464111328,823096.0
2016-10-26,162.23463439941406,164.062255859375,161.6280975341797,161.9154052734375,523754.0
2016-10-27,163.12051391601562,163.12051391601562,160.19154357910156,161.66001892089844,667849.0
2016-10-28,162.41021728515625,163.72705078125,161.0454864501953,162.673583984375,589537.0
2016-10-31,163.32003784179688,163.62330627441406,161.5881805419922,163.18435668945312,1008289.0
2016-11-01,163.39984130859375,164.10215759277344,159.4812469482422,161.00558471679688,578260.0
2016-11-02,161.26097106933594,161.26097106933594,159.09815979003906,159.640869140625,573874.0
2016-11-03,159.8403778076172,160.94972229003906,159.3695068359375,159.65682983398438,470251.0
2016-11-04,159.21788024902344,161.1652069091797,158.7230682373047,159.45730590820312,590915.0
2016-11-07,161.19712829589844,163.47166442871094,159.7126922607422,162.64166259765625,380912.0
2016-11-08,161.6759796142578,162.58580017089844,158.76296997070312,160.8539581298828,594047.0
2016-11-09,159.25778198242188,167.47007751464844,158.06863403320312,165.45889282226562,994381.0
2016-11-10,166.6879425048828,168.22027587890625,163.4876251220703,167.43016052246094,976964.0
2016-11-11,166.98324584960938,170.41500854492188,166.4644775390625,168.97047424316406,979345.0
2016-11-14,170.4070281982422,170.4549102783203,164.73263549804688,168.23623657226562,947769.0
2016-11-15,168.5474853515625,169.19393920898438,165.4189910888672,167.70950317382812,726740.0
2016-11-16,166.88746643066406,168.82681274414062,166.55227661132812,168.16439819335938,463485.0
2016-11-17,169.22586059570312,173.86273193359375,168.41978454589844,173.62330627441406,884618.0
2016-11-18,173.91859436035156,174.68475341796875,171.40463256835938,173.6632080078125,776609.0
2016-11-21,173.79090881347656,182.75338745117188,173.79090881347656,182.49002075195312,1583541.0
2016-11-22,182.3782958984375,186.4564971923828,181.26097106933594,186.0494842529297,1183960.0
2016-11-23,185.77015686035156,187.789306640625,184.1260986328125,187.58978271484375,906170.0
2016-11-25,187.789306640625,188.23623657226562,185.99362182617188,187.30247497558594,241704.0
2016-11-28,187.326416015625,187.44613647460938,183.55946350097656,185.1875457763672,942632.0
2016-11-29,185.79409790039062,186.12130737304688,182.2825164794922,182.52992248535156,604948.0
2016-11-30,183.23223876953125,184.73263549804688,181.5881805419922,182.58580017089844,849534.0
2016-12-01,182.8332061767578,183.0646514892578,180.5347137451172,182.10694885253906,796282.0
2016-12-02,175.37110900878906,179.55307006835938,172.23463439941406,174.54908752441406,1199622.0
2016-12-05,175.53871154785156,179.80845642089844,174.98004150390625,178.28411865234375,853920.0
2016-12-06,178.74700927734375,181.37271118164062,176.99920654296875,181.2928924560547,694413.0
2016-12-07,181.24501037597656,186.76776123046875,180.3032684326172,186.35275268554688,797159.0
2016-12-08,186.88746643066406,192.88906860351562,185.0039825439453,191.43655395507812,925215.0
2016-12-09,189.2418212890625,189.4014434814453,180.8140411376953,185.31524658203125,1168798.0
2016-12-12,185.3551483154297,187.23065185546875,182.7294464111328,184.03831481933594,540920.0
2016-12-13,185.4110107421875,185.95370483398438,182.39425659179688,185.6983184814453,541045.0
2016-12-14,185.88986206054688,187.46209716796875,182.25857543945312,183.55148315429688,719222.0
2016-12-15,183.40782165527344,186.3926544189453,181.17318725585938,184.6608123779297,637025.0
2016-12-16,184.74859619140625,185.08380126953125,181.82762145996094,182.62570190429688,1019942.0
2016-12-19,182.7294464111328,186.30487060546875,182.62570190429688,184.32562255859375,579387.0
2016-12-20,185.45091247558594,185.77015686035156,182.87310791015625,184.62889099121094,347081.0
2016-12-21,185.2913055419922,188.17237854003906,184.0702362060547,186.4964141845703,417500.0
2016-12-22,187.19073486328125,187.19073486328125,183.32003784179688,184.88427734375,479022.0
2016-12-23,185.15562438964844,186.70391845703125,185.01995849609375,186.4644775390625,360363.0
2016-12-27,186.29689025878906,188.10055541992188,185.9776611328125,186.52035522460938,284055.0
2016-12-28,186.75180053710938,186.75180053710938,181.54029846191406,182.41819763183594,773101.0
2016-12-29,183.3040771484375,184.50917053222656,181.8196258544922,182.9608917236328,524005.0
2016-12-30,183.4237823486328,183.92657470703125,181.47645568847656,182.36233520507812,424391.0
2017-01-03,184.50917053222656,186.06544494628906,183.15243530273438,185.96168518066406,588158.0
2017-01-04,187.77334594726562,190.19154357910156,185.24342346191406,189.7685546875,641285.0
2017-01-05,188.57142639160156,190.18356323242188,186.77574157714844,188.20431518554688,542674.0
2017-01-06,187.98883056640625,189.72067260742188,186.75978088378906,188.6033477783203,634519.0
2017-01-09,189.02633666992188,190.27134704589844,187.6296844482422,189.61691284179688,577884.0
2017-01-10,189.5450897216797,190.4708709716797,187.1029510498047,187.75738525390625,711203.0
2017-01-11,187.8611297607422,188.3878631591797,185.1077423095703,187.23065185546875,820089.0
2017-01-12,186.24900817871094,188.3798828125,185.4110107421875,188.0845947265625,377654.0
2017-01-13,188.21229553222656,190.1755828857422,187.9249725341797,189.58499145507812,517740.0
2017-01-17,188.57940673828125,188.82681274414062,182.3862762451172,183.55946350097656,1201001.0
2017-01-18,183.61532592773438,185.53871154785156,183.47166442871094,184.85235595703125,535783.0
2017-01-19,185.4828338623047,185.84197998046875,183.3120574951172,183.7350311279297,469374.0
2017-01-20,184.83639526367188,184.83639526367188,182.93695068359375,183.99839782714844,691280.0
2017-01-23,184.0223388671875,184.3495635986328,181.65203857421875,182.40223693847656,836628.0
2017-01-24,181.65203857421875,182.0351104736328,178.35594177246094,180.5347137451172,870209.0
2017-01-25,181.55625915527344,183.99041748046875,180.4070281982422,181.37271118164062,903914.0
2017-01-26,175.57861328125,180.96568298339844,171.33279418945312,176.9353485107422,2332209.0
2017-01-27,178.3798828125,180.0079803466797,175.706298828125,177.45411682128906,800416.0
2017-01-30,176.99920654296875,182.3862762451172,176.73583984375,182.10694885253906,876474.0
2017-01-31,182.54588317871094,183.9664764404297,180.71029663085938,182.2665557861328,823221.0
2017-02-01,182.8970489501953,183.87869262695312,182.0830078125,183.87071228027344,745284.0
2017-02-02,183.00079345703125,183.4876251220703,179.98403930664062,180.3511505126953,838257.0
2017-02-03,181.46847534179688,183.22425842285156,181.46847534179688,182.0750274658203,580891.0
2017-02-06,182.0430908203125,183.35195922851562,180.10374450683594,180.7581787109375,596303.0
2017-02-07,180.4549102783203,181.6919403076172,179.34556579589844,179.65682983398438,744157.0
2017-02-08,179.68875122070312,182.0510711669922,179.43336486816406,180.1755828857422,762576.0
2017-02-09,180.27932739257812,183.51156616210938,180.27932739257812,182.47406005859375,621864.0
2017-02-10,182.47406005859375,182.47406005859375,179.07421875,181.18914794921875,581517.0
2017-02-13,181.9154052734375,182.9768524169922,181.59617614746094,181.8116455078125,492930.0
2017-02-14,180.9976043701172,183.99041748046875,180.7501983642578,183.0726318359375,827857.0
2017-02-15,182.6017608642578,184.62889099121094,181.6121368408203,184.0143585205078,407100.0
2017-02-16,184.74859619140625,185.1237030029297,183.51156616210938,184.68475341796875,455215.0
2017-02-17,184.50119018554688,187.66160583496094,183.75099182128906,187.58180236816406,894517.0
2017-02-21,187.13487243652344,191.46847534179688,184.2617645263672,191.10934448242188,802797.0
2017-02-22,190.0718231201172,192.6656036376953,188.65122985839844,191.43655395507812,552197.0
2017-02-23,192.01116943359375,194.3495635986328,190.96568298339844,193.47166442871094,818710.0
2017-02-24,193.136474609375,195.61851501464844,191.3966522216797,195.37908935546875,955162.0
2017-02-27,195.37908935546875,197.50997924804688,194.60494995117188,196.94332885742188,922333.0
2017-02-28,197.23065185546875,197.2545928955078,193.26416015625,193.91859436035156,1156143.0
2017-03-01,195.25938415527344,198.8986358642578,194.2458038330078,197.6217041015625,779366.0
2017-03-02,197.7174835205078,198.53152465820312,194.4852294921875,194.68475341796875,586905.0
2017-03-03,194.2458038330078,195.8659210205078,193.15243530273438,195.2354278564453,973581.0
2017-03-06,193.599365234375,196.82362365722656,192.0510711669922,195.88986206054688,644543.0
2017-03-07,196.169189453125,196.27294921875,194.3655242919922,195.5706329345703,430406.0
2017-03-08,196.400634765625,198.57142639160156,195.20350646972656,196.48045349121094,484285.0
2017-03-09,196.64804077148438,198.4118194580078,195.77015686035156,197.86911010742188,479398.0
2017-03-10,198.7230682373047,200.4708709716797,197.21469116210938,198.0845947265625,620110.0
2017-03-13,198.5474853515625,199.4732666015625,197.47805786132812,197.7813262939453,373645.0
2017-03-14,196.75978088378906,197.1029510498047,194.88427734375,195.95370483398438,743656.0
2017-03-15,196.6400604248047,197.00718688964844,192.7294464111328,195.96966552734375,969947.0
2017-03-16,196.47247314453125,196.9593048095703,194.4134063720703,195.60255432128906,488044.0
2017-03-17,196.00958251953125,196.863525390625,195.02793884277344,195.53871154785156,858556.0
2017-03-20,195.9457244873047,196.3447723388672,194.2537841796875,195.16360473632812,631637.0
2017-03-21,194.90023803710938,196.36073303222656,190.7501983642578,190.97366333007812,869081.0
2017-03-22,191.1013641357422,193.32801818847656,190.7501983642578,192.23463439941406,417374.0
2017-03-23,192.25857543945312,195.3551483154297,192.05905151367188,193.87071228027344,466367.0
2017-03-24,194.90821838378906,196.08938598632812,193.17637634277344,194.56504821777344,427774.0
2017-03-27,192.6656036376953,194.9960174560547,190.42298889160156,194.27774047851562,773853.0
2017-03-28,193.92657470703125,195.96168518066406,193.5913848876953,195.2913055419922,629257.0
2017-03-29,195.22744750976562,196.04150390625,194.32562255859375,195.79409790039062,341192.0
2017-03-30,195.79409790039062,199.0662384033203,195.29928588867188,198.62728881835938,571243.0
2017-03-31,198.53152465820312,199.52114868164062,197.86911010742188,198.7230682373047,626751.0
2017-04-03,199.32162475585938,200.5267333984375,197.31045532226562,199.78451538085938,918073.0
2017-04-04,198.88267517089844,202.1548309326172,198.69114685058594,200.2952880859375,1213405.0
2017-04-05,200.87789916992188,203.46368408203125,199.34556579589844,199.72865295410156,789265.0
2017-04-06,200.2873077392578,203.28811645507812,199.6009521484375,202.2027130126953,529017.0
2017-04-07,201.2769317626953,202.87310791015625,200.20750427246094,200.3511505126953,690403.0
2017-04-10,199.7685546875,201.24501037597656,197.40621948242188,197.65362548828125,761198.0
2017-04-11,195.53871154785156,196.67198181152344,187.6217041015625,190.21548461914062,2290985.0
2017-04-12,190.21548461914062,192.6815643310547,190.1596221923828,190.66241455078125,848281.0
2017-04-13,190.43894958496094,190.72625732421875,187.37429809570312,187.47805786132812,607079.0
2017-04-17,188.81085205078125,191.42857360839844,187.9249725341797,190.3511505126953,741525.0
2017-04-18,189.91221618652344,191.5243377685547,188.91461181640625,189.9441375732422,623117.0
2017-04-19,190.5187530517578,192.5139617919922,188.52354431152344,192.0510711669922,1001774.0
2017-04-20,201.07740783691406,210.21548461914062,198.2601776123047,207.99681091308594,1753574.0
2017-04-21,208.30007934570312,212.49002075195312,206.28890991210938,207.11093139648438,1367274.0
2017-04-24,210.41500854492188,210.65443420410156,207.98883056640625,208.1963348388672,947769.0
2017-04-25,208.6592254638672,210.87789916992188,208.52354431152344,209.90423583984375,598934.0
2017-04-26,209.8323974609375,210.4708709716797,208.7709503173828,209.3615264892578,449576.0
2017-04-27,209.7685546875,209.7685546875,207.557861328125,207.93296813964844,512101.0
2017-04-28,206.88746643066406,207.1029510498047,194.44532775878906,199.22586059570312,2301260.0
2017-05-01,199.49720764160156,202.8411865234375,198.33998107910156,202.29847717285156,866825.0
2017-05-02,202.05905151367188,204.293701171875,200.92578125,204.22984313964844,874469.0
2017-05-03,204.0223388671875,204.04629516601562,200.6304931640625,202.92897033691406,1311515.0
2017-05-04,204.57302856445312,205.21148681640625,202.13088989257812,202.45809936523438,626751.0
2017-05-05,203.18435668945312,203.92657470703125,201.17318725585938,203.9026336669922,451581.0
2017-05-08,203.45570373535156,205.83399963378906,202.53790283203125,205.39505004882812,628881.0
2017-05-09,205.6504364013672,208.483642578125,205.4668731689453,207.66958618164062,500574.0
2017-05-10,206.67198181152344,208.26815795898438,206.24900817871094,206.35275268554688,525007.0
2017-05-11,204.79649353027344,204.90821838378906,198.7869110107422,200.3990478515625,904165.0
2017-05-12,199.72067260742188,200.43894958496094,193.7190704345703,194.30966186523438,1133714.0
2017-05-15,193.85475158691406,196.4086151123047,190.60653686523438,195.4110107421875,1099508.0
2017-05-16,196.0973663330078,197.70152282714844,194.96408081054688,195.57861328125,612091.0
2017-05-17,195.57861328125,195.57861328125,188.87469482421875,190.09576416015625,811693.0
2017-05-18,189.1859588623047,190.36712646484375,185.8020782470703,187.27853393554688,943885.0
2017-05-19,187.7813262939453,188.45970153808594,187.094970703125,187.68556213378906,737766.0
2017-05-22,188.57940673828125,190.43096923828125,187.63766479492188,190.1596221923828,539792.0
2017-05-23,189.9361572265625,189.9361572265625,186.23304748535156,188.51556396484375,679001.0
2017-05-24,188.51556396484375,190.2873077392578,186.75978088378906,189.7126922607422,543301.0
2017-05-25,194.33360290527344,198.85873413085938,193.79888916015625,196.02554321289062,1343592.0
2017-05-26,195.85794067382812,195.8659210205078,192.52992248535156,194.7645721435547,549816.0
2017-05-30,194.73263549804688,195.53073120117188,192.56983947753906,193.2561798095703,763202.0
2017-05-31,193.3759002685547,193.8946533203125,189.03431701660156,192.442138671875,894266.0
2017-06-01,192.17079162597656,194.23782348632812,189.20989990234375,192.85714721679688,827356.0
2017-06-02,192.54588317871094,192.6177215576172,187.74940490722656,189.81643676757812,1212653.0
2017-06-05,189.81643676757812,190.34317016601562,187.58978271484375,188.75498962402344,1178572.0
2017-06-06,187.9569091796875,192.82522583007812,186.5762176513672,191.747802734375,943760.0
2017-06-07,192.86512756347656,193.52752685546875,189.88827514648438,190.13568115234375,672360.0
2017-06-08,190.13568115234375,193.21627807617188,189.21788024902344,193.1444549560547,767588.0
2017-06-09,192.70550537109375,196.67198181152344,191.20510864257812,192.62570190429688,722480.0
2017-06-12,192.33839416503906,196.2649688720703,191.9712677001953,195.0438995361328,950150.0
2017-06-13,195.9297637939453,198.7789306640625,195.9297637939453,196.5602569580078,787761.0
2017-06-14,196.5602569580078,196.8555450439453,190.31922912597656,194.1819610595703,1047383.0
2017-06-15,192.58580017089844,200.79808044433594,192.3782958984375,199.55307006835938,1070814.0
2017-06-16,199.8244171142578,203.46368408203125,198.252197265625,203.4317626953125,1365519.0
2017-06-19,204.1181182861328,207.31045532226562,203.0406951904297,205.43495178222656,1020944.0
2017-06-20,204.45330810546875,207.21469116210938,204.45330810546875,205.9856414794922,671608.0
2017-06-21,206.70391845703125,207.70950317382812,204.8124542236328,206.65602111816406,751424.0
2017-06-22,206.18515014648438,207.66160583496094,204.8124542236328,207.23863220214844,428401.0
2017-06-23,207.9169921875,210.3511505126953,205.9856414794922,208.49960327148438,1108404.0
2017-06-26,208.30007934570312,210.73423767089844,207.01516723632812,208.22825622558594,865322.0
2017-06-27,208.3240203857422,211.0614471435547,207.1667938232422,207.47007751464844,502829.0
2017-06-28,208.65122985839844,210.43096923828125,207.51795959472656,209.57701110839844,547937.0
2017-06-29,210.0718231201172,210.822021484375,204.98802185058594,206.00160217285156,660206.0
2017-06-30,207.31045532226562,207.60574340820312,204.8124542236328,204.86033630371094,706692.0
2017-07-03,205.31524658203125,206.38467407226562,204.38148498535156,206.08938598632812,385172.0
2017-07-05,206.44851684570312,207.57382202148438,205.5865936279297,206.9273681640625,438174.0
2017-07-06,205.1237030029297,205.6344757080078,202.0909881591797,202.9768524169922,530646.0
2017-07-07,203.3040771484375,205.99362182617188,203.10455322265625,204.44532775878906,435793.0
2017-07-10,203.91061401367188,205.14764404296875,202.16281127929688,204.34158325195312,705314.0
2017-07-11,204.78851318359375,208.46768188476562,203.72705078125,206.9593048095703,711453.0
2017-07-12,207.9489288330078,210.37510681152344,207.2705535888672,207.7174835205078,572245.0
2017-07-13,208.81883239746094,211.71588134765625,208.3160400390625,211.1492462158203,623618.0
2017-07-14,211.13328552246094,211.70790100097656,208.63526916503906,210.80606079101562,733130.0
2017-07-17,211.5722198486328,212.0351104736328,207.80526733398438,209.15403747558594,741525.0
2017-07-18,208.57940673828125,209.9441375732422,207.1029510498047,209.09815979003906,495562.0
2017-07-19,209.28970336914062,210.5267333984375,208.30007934570312,210.31922912597656,946140.0
2017-07-20,194.63687133789062,201.47645568847656,188.2601776123047,190.43894958496094,2630548.0
2017-07-21,188.33200073242188,190.0079803466797,185.59457397460938,188.7789306640625,1963326.0
2017-07-24,188.8507537841797,191.747802734375,188.3240203857422,191.66001892089844,1187969.0
2017-07-25,192.25059509277344,195.42697143554688,191.43655395507812,193.1923370361328,785380.0
2017-07-26,193.6711883544922,193.6711883544922,190.3910675048828,190.55067443847656,636649.0
2017-07-27,193.93455505371094,194.03831481933594,189.58499145507812,192.10694885253906,792773.0
2017-07-28,191.6839599609375,192.75338745117188,190.67039489746094,192.3782958984375,665594.0
2017-07-31,192.57781982421875,193.58340454101562,191.979248046875,192.6815643310547,435919.0
2017-08-01,193.15243530273438,193.51954650878906,191.40463256835938,191.43655395507812,462357.0
2017-08-02,191.4445343017578,192.58580017089844,190.7501983642578,191.89146423339844,603069.0
2017-08-03,191.70790100097656,192.6097412109375,190.74221801757812,191.53231811523438,474511.0
2017-08-04,192.33041381835938,192.65762329101562,190.73423767089844,190.95770263671875,370387.0
2017-08-07,190.37510681152344,191.99520874023438,190.3032684326172,190.71827697753906,342696.0
2017-08-08,189.96009826660156,190.92578125,187.58978271484375,187.9090118408203,624996.0
2017-08-09,187.5498809814453,187.5498809814453,184.65283203125,185.5067901611328,615348.0
2017-08-10,183.0247344970703,183.22425842285156,176.50439453125,177.34237670898438,1587676.0
2017-08-11,176.71188354492188,178.30007934570312,176.19313049316406,177.68556213378906,687145.0
2017-08-14,179.3056640625,180.67837524414062,176.4086151123047,177.5019989013672,951278.0
2017-08-15,177.97286987304688,182.05905151367188,176.4086151123047,180.72625732421875,1126948.0
2017-08-16,181.25299072265625,183.91859436035156,180.77413940429688,182.45809936523438,698548.0
2017-08-17,181.93934631347656,183.16041564941406,177.8531494140625,177.98883056640625,643165.0
2017-08-18,177.6217041015625,178.56344604492188,176.4086151123047,176.59217834472656,492304.0
2017-08-21,176.44053649902344,177.47007751464844,175.83399963378906,176.4964141845703,579638.0
2017-08-22,177.17477416992188,178.96249389648438,176.87948608398438,177.87709045410156,551947.0
2017-08-23,176.9193878173828,177.3822784423828,174.8204345703125,176.24102783203125,694663.0
2017-08-24,176.67996215820312,179.56903076171875,176.67996215820312,177.89305114746094,415244.0
2017-08-25,178.2442169189453,179.1699981689453,176.71188354492188,177.19073486328125,494559.0
2017-08-28,178.28411865234375,179.05027770996094,177.094970703125,178.51556396484375,348710.0
2017-08-29,176.89544677734375,178.7071075439453,176.48843383789062,178.483642578125,403090.0
2017-08-30,178.23623657226562,179.78451538085938,176.91140747070312,179.640869140625,394444.0
2017-08-31,180.36712646484375,181.08538818359375,178.5474853515625,179.96807861328125,483783.0
2017-09-01,180.32720947265625,180.4708709716797,178.58738708496094,179.7126922607422,338310.0
2017-09-05,178.87469482421875,179.44932556152344,173.4317626953125,175.1795654296875,704938.0
2017-09-06,176.08140563964844,177.37429809570312,174.8922576904297,175.8818817138672,560091.0
2017-09-07,176.01756286621094,176.91140747070312,172.3782958984375,172.42617797851562,648052.0
2017-09-08,171.55625915527344,172.3862762451172,170.462890625,171.0454864501953,743530.0
2017-09-11,173.26416015625,175.57861328125,172.3862762451172,174.93215942382812,679502.0
2017-09-12,174.8922576904297,177.06304931640625,173.58340454101562,176.863525390625,722730.0
2017-09-13,176.42457580566406,178.252197265625,175.56265258789062,177.54190063476562,737892.0
2017-09-14,177.14285278320312,177.18275451660156,174.0702362060547,174.67677307128906,828233.0
2017-09-15,174.32562255859375,174.9481201171875,170.34317016601562,172.3862762451172,2781409.0
2017-09-18,172.7454071044922,175.39505004882812,172.45809936523438,173.2561798095703,903162.0
2017-09-19,173.8387908935547,173.8946533203125,171.516357421875,171.6280975341797,648177.0
2017-09-20,171.6280975341797,171.66001892089844,166.7996826171875,167.94094848632812,1258137.0
2017-09-21,168.63526916503906,172.54588317871094,168.05267333984375,172.23463439941406,654818.0
2017-09-22,171.66799926757812,173.87869262695312,171.66799926757812,172.99281311035156,382416.0
2017-09-25,173.40782165527344,174.10215759277344,171.9712677001953,173.49560546875,568862.0
2017-09-26,174.50119018554688,176.20909118652344,173.78292846679688,174.7246551513672,844021.0
2017-09-27,175.9457244873047,176.36073303222656,173.92657470703125,175.4668731689453,572746.0
2017-09-28,175.45091247558594,176.2649688720703,173.29608154296875,176.06544494628906,537662.0
2017-09-29,176.38467407226562,180.37510681152344,176.36073303222656,176.81564331054688,752928.0
2017-10-02,177.17477416992188,178.76296997070312,175.60255432128906,178.53152465820312,517364.0
2017-10-03,178.7709503173828,180.3990478515625,177.1588134765625,180.1676025390625,665468.0
2017-10-04,180.97366333007812,181.02952575683594,179.19393920898438,180.13568115234375,457596.0
2017-10-05,180.33518981933594,181.3966522216797,179.11412048339844,180.92578125,517614.0
2017-10-06,180.57461547851562,181.11732482910156,179.84835815429688,180.54269409179688,358734.0
2017-10-09,180.56663513183594,181.9872283935547,180.359130859375,180.54269409179688,235313.0
2017-10-10,181.17318725585938,182.16281127929688,180.55067443847656,180.83798217773438,334927.0
2017-10-11,180.7501983642578,181.30087280273438,178.85873413085938,179.409423828125,751048.0
2017-10-12,178.74700927734375,178.74700927734375,175.49082946777344,175.69033813476562,739019.0
2017-10-13,176.8076629638672,186.89544677734375,176.25698852539062,184.2458038330078,1194610.0
2017-10-16,185.36312866210938,185.36312866210938,180.56663513183594,182.57781982421875,785506.0
2017-10-17,182.56185913085938,183.51954650878906,180.78211975097656,181.11732482910156,514858.0
2017-10-18,181.56423950195312,184.7166748046875,181.56423950195312,182.2665557861328,728494.0
2017-10-19,182.76136779785156,185.89784240722656,171.88348388671875,185.79409790039062,1657093.0
2017-10-20,187.83718872070312,193.92657470703125,187.83718872070312,191.03750610351562,1128452.0
2017-10-23,191.8515625,195.07582092285156,190.7501983642578,191.00558471679688,746663.0
2017-10-24,191.49241638183594,192.29847717285156,190.67039489746094,191.3806915283203,665594.0
2017-10-25,191.55625915527344,191.55625915527344,186.73583984375,188.20431518554688,472130.0
2017-10-26,188.3798828125,189.78451538085938,185.60255432128906,185.62649536132812,419254.0
2017-10-27,186.02554321289062,187.70152282714844,182.99281311035156,185.01995849609375,490675.0
2017-10-30,183.99839782714844,184.54908752441406,179.1460418701172,179.1460418701172,688273.0
2017-10-31,179.20989990234375,181.89146423339844,178.3080596923828,178.5554656982422,931856.0
2017-11-01,179.1380615234375,180.87789916992188,176.0494842529297,180.5267333984375,603570.0
2017-11-02,181.07740783691406,181.7557830810547,177.88507080078125,180.55865478515625,441683.0
2017-11-03,180.56663513183594,180.67837524414062,179.38546752929688,180.03990173339844,345828.0
2017-11-06,180.66241455078125,185.53871154785156,180.31922912597656,184.11013793945312,555831.0
2017-11-07,183.87869262695312,184.88427734375,182.673583984375,183.33599853515625,549942.0
2017-11-08,183.33599853515625,184.09417724609375,182.10694885253906,183.24819946289062,517238.0
2017-11-09,181.86752319335938,182.71348571777344,180.36712646484375,181.89146423339844,399707.0
2017-11-10,181.70790100097656,182.68954467773438,179.26576232910156,179.9281768798828,429654.0
2017-11-13,178.29209899902344,179.78451538085938,177.42218017578125,178.93057250976562,595802.0
2017-11-14,178.53152465820312,180.74221801757812,176.44851684570312,180.50279235839844,704311.0
2017-11-15,179.48922729492188,180.44692993164062,174.62091064453125,179.2418212890625,585527.0
2017-11-16,179.9920196533203,181.5722198486328,178.98643493652344,179.8323974609375,497190.0
2017-11-17,179.2338409423828,180.97366333007812,178.92259216308594,179.05027770996094,337182.0
2017-11-20,179.05027770996094,180.74221801757812,178.39584350585938,179.3056640625,339312.0
2017-11-21,174.8124542236328,180.2314453125,173.24819946289062,178.64324951171875,737391.0
2017-11-22,179.5450897216797,180.94174194335938,176.7438201904297,177.0231475830078,379534.0
2017-11-24,177.04708862304688,177.77334594726562,176.59217834472656,177.19073486328125,177174.0
2017-11-27,176.96728515625,177.82122802734375,176.48045349121094,176.73583984375,323525.0
2017-11-28,177.44613647460938,180.2394256591797,175.96966552734375,180.0558624267578,556207.0
2017-11-29,181.06942749023438,186.9593048095703,179.81643676757812,186.12130737304688,860310.0
2017-11-30,187.5498809814453,193.11253356933594,187.35035705566406,190.95770263671875,1015557.0
2017-12-01,189.97605895996094,191.14126586914062,184.30966186523438,186.77574157714844,824223.0
2017-12-04,188.5554656982422,193.7190704345703,187.0231475830078,190.07980346679688,847279.0
2017-12-05,190.27932739257812,190.27932739257812,185.49082946777344,185.55467224121094,517113.0
2017-12-06,185.39505004882812,185.6983184814453,183.08859252929688,183.44772338867188,345452.0
2017-12-07,182.6097412109375,186.88746643066406,182.6097412109375,185.5147705078125,456092.0
2017-12-08,186.52035522460938,187.46209716796875,184.9481201171875,185.99362182617188,323775.0
2017-12-11,186.0494842529297,188.0287322998047,185.7142791748047,186.9752655029297,902035.0
2017-12-12,186.8555450439453,190.41500854492188,186.50439453125,190.21548461914062,1034101.0
2017-12-13,189.5450897216797,190.19154357910156,186.18515014648438,186.75180053710938,738142.0
2017-12-14,187.3184356689453,189.51316833496094,186.18515014648438,188.57940673828125,849158.0
2017-12-15,187.5498809814453,192.24261474609375,183.98243713378906,191.388671875,1312016.0
2017-12-18,193.08859252929688,198.10853576660156,192.06703186035156,197.30247497558594,1232827.0
2017-12-19,197.34237670898438,198.8986358642578,195.2833251953125,195.4110107421875,620987.0
2017-12-20,196.4964141845703,197.86911010742188,193.74301147460938,197.24661254882812,658702.0
2017-12-21,198.252197265625,200.15164184570312,197.60574340820312,199.34556579589844,883114.0
2017-12-22,200.2234649658203,201.37271118164062,198.74700927734375,201.10934448242188,718094.0
2017-12-26,199.92019653320312,201.11732482910156,199.50518798828125,200.03192138671875,324402.0
2017-12-27,199.84835815429688,199.9920196533203,198.68316650390625,199.85633850097656,356604.0
2017-12-28,200.61453247070312,201.26895141601562,199.07421875,200.5985565185547,407726.0
2017-12-29,201.54827880859375,203.34397888183594,200.67837524414062,202.29847717285156,442685.0
2018-01-02,202.94493103027344,204.56504821777344,201.65203857421875,203.77493286132812,751299.0
2018-01-03,207.5019989013672,211.30885314941406,206.48045349121094,207.557861328125,855298.0
2018-01-04,208.8427734375,210.8300018310547,208.50758361816406,210.73423767089844,455090.0
2018-01-05,211.49241638183594,211.49241638183594,210.33518981933594,211.30087280273438,565103.0
2018-01-08,211.35675048828125,211.35675048828125,209.2338409423828,210.13568115234375,572746.0
2018-01-09,211.09336853027344,214.56504821777344,210.71827697753906,213.85475158691406,580139.0
2018-01-10,213.84677124023438,217.3982391357422,212.31443786621094,217.1508331298828,479022.0
2018-01-11,217.0311279296875,218.68316650390625,215.95370483398438,218.3719024658203,639155.0
2018-01-12,219.3056640625,222.13088989257812,218.33200073242188,220.56663513183594,538665.0
2018-01-16,220.27134704589844,220.27134704589844,203.21627807617188,205.96168518066406,2028732.0
2018-01-17,207.80526733398438,209.21788024902344,205.69033813476562,206.1133270263672,1119556.0
2018-01-18,205.9856414794922,206.95132446289062,203.97445678710938,204.2617645263672,681006.0
2018-01-19,203.51954650878906,209.11412048339844,203.51954650878906,208.9545135498047,867452.0
2018-01-22,209.1699981689453,209.1699981689453,207.75738525390625,208.97845458984375,693410.0
2018-01-23,208.27613830566406,209.6488494873047,207.70152282714844,208.12449645996094,539417.0
2018-01-24,209.45730590820312,209.56105041503906,205.13966369628906,207.094970703125,922960.0
2018-01-25,201.70790100097656,201.93136596679688,195.5147705078125,201.79568481445312,1651329.0
2018-01-26,202.5139617919922,209.6967315673828,202.31443786621094,208.97845458984375,1100009.0
2018-01-29,207.27853393554688,208.6193084716797,203.91061401367188,204.7166748046875,1133088.0
2018-01-30,202.71348571777344,205.79409790039062,202.71348571777344,203.18435668945312,807308.0
2018-01-31,204.293701171875,207.45411682128906,203.5355224609375,204.83639526367188,613719.0
2018-02-01,204.5171661376953,205.89784240722656,203.00877380371094,205.19552612304688,352594.0
2018-02-02,203.61532592773438,204.23782348632812,199.44932556152344,199.44932556152344,552698.0
2018-02-05,197.2705535888672,199.12210083007812,190.50279235839844,190.56663513183594,1202254.0
2018-02-06,186.4086151123047,193.5355224609375,185.7541961669922,192.71348571777344,1443080.0
2018-02-07,191.60415649414062,199.3056640625,191.60415649414062,196.9273681640625,1038486.0
2018-02-08,196.3926544189453,198.17237854003906,191.87550354003906,192.01914978027344,1001022.0
2018-02-09,193.75099182128906,193.75099182128906,185.706298828125,192.0750274658203,949148.0
2018-02-12,194.38148498535156,199.27374267578125,193.22425842285156,198.1564178466797,744783.0
2018-02-13,197.21469116210938,198.28411865234375,194.7086944580078,196.53631591796875,591541.0
2018-02-14,196.53631591796875,200.09576416015625,195.65841674804688,199.56105041503906,584650.0
2018-02-15,200.1596221923828,200.26336669921875,189.1859588623047,192.05905151367188,1670374.0
2018-02-16,191.93934631347656,196.73583984375,191.93934631347656,195.2753448486328,706316.0
2018-02-20,195.13168334960938,198.99441528320312,194.4852294921875,195.1875457763672,620987.0
2018-02-21,194.54908752441406,196.400634765625,191.17318725585938,191.2130889892578,966690.0
2018-02-22,192.6097412109375,195.1077423095703,189.5450897216797,190.5985565185547,986863.0
2018-02-23,191.747802734375,193.3599395751953,190.8699188232422,193.2082977294922,691030.0
2018-02-26,193.9505157470703,196.47247314453125,192.8491668701172,196.05746459960938,908801.0
2018-02-27,196.04150390625,196.76776123046875,193.3759002685547,193.44772338867188,478897.0
2018-02-28,194.4134063720703,195.68235778808594,192.1468505859375,192.30645751953125,652562.0
2018-03-01,192.3862762451172,194.74859619140625,187.59776306152344,187.82920837402344,1076452.0
2018-03-02,185.81005859375,187.2705535888672,183.51954650878906,185.73023986816406,1065426.0
2018-03-05,184.1979217529297,186.7438201904297,184.1979217529297,184.97206115722656,1005658.0
2018-03-06,186.5123748779297,190.27134704589844,185.0518798828125,187.6217041015625,744783.0
2018-03-07,186.12928771972656,188.41978454589844,185.8020782470703,187.8531494140625,506839.0
2018-03-08,189.11412048339844,189.34556579589844,186.82362365722656,188.483642578125,478270.0
2018-03-09,189.35354614257812,191.5881805419922,187.9169921875,190.89385986328125,506212.0
2018-03-12,190.78211975097656,192.72146606445312,189.88827514648438,189.9920196533203,583647.0
2018-03-13,189.92019653320312,189.92019653320312,183.47964477539062,185.65841674804688,1109657.0
2018-03-14,186.12928771972656,187.05506896972656,183.11253356933594,183.8228302001953,838884.0
2018-03-15,183.78292846679688,184.38148498535156,180.6384735107422,182.1548309326172,941630.0
2018-03-16,182.31443786621094,183.68714904785156,181.72386169433594,182.8332061767578,676369.0
2018-03-19,181.96328735351562,183.6552276611328,181.516357421875,183.4397430419922,682384.0
2018-03-20,183.63128662109375,184.22186279296875,181.0454864501953,181.70790100097656,613218.0
2018-03-21,181.41261291503906,183.3040771484375,180.8539581298828,180.9896240234375,382792.0
2018-03-22,180.15164184570312,180.54269409179688,175.77015686035156,175.8739013671875,692408.0
2018-03-23,176.2649688720703,176.75978088378906,171.54029846191406,171.59617614746094,809062.0
2018-03-26,174.1979217529297,177.80526733398438,173.3040771484375,177.37429809570312,809313.0
2018-03-27,177.41419982910156,177.41419982910156,174.23782348632812,174.8762969970703,922960.0
2018-03-28,174.85235595703125,178.86671447753906,172.41819763183594,177.094970703125,965938.0
2018-03-29,176.0973663330078,177.47805786132812,164.09417724609375,169.88027954101562,2966853.0
2018-04-02,169.87229919433594,170.822021484375,165.25938415527344,166.00160217285156,1081715.0
2018-04-03,166.24102783203125,166.24102783203125,163.10455322265625,164.56504821777344,1245858.0
2018-04-04,162.72146606445312,165.92178344726562,162.54588317871094,165.57861328125,1052896.0
2018-04-05,165.61053466796875,167.87709045410156,165.32322692871094,167.54190063476562,929977.0
2018-04-06,165.53073120117188,166.4564971923828,163.33599853515625,164.20590209960938,966063.0
2018-04-09,164.5969696044922,166.6959228515625,164.20590209960938,164.6608123779297,754306.0
2018-04-10,166.9273681640625,168.59536743164062,165.72225952148438,167.9569091796875,580515.0
2018-04-11,166.21707153320312,167.7254638671875,163.99839782714844,164.3016815185547,766210.0
2018-04-12,164.86831665039062,167.3822784423828,164.66879272460938,165.96168518066406,781997.0
2018-04-13,165.02793884277344,165.72225952148438,163.5355224609375,164.38946533203125,880483.0
2018-04-16,165.25938415527344,169.35354614257812,165.20350646972656,168.03671264648438,780744.0
2018-04-17,167.83718872070312,170.359130859375,167.44613647460938,168.85873413085938,787636.0
2018-04-18,169.9361572265625,171.8435821533203,169.2976837158203,170.47885131835938,1129454.0
2018-04-19,166.20111083984375,170.0638427734375,161.2130889892578,168.92259216308594,2415659.0
2018-04-20,170.78211975097656,173.4317626953125,166.81564331054688,167.05506896972656,1546954.0
2018-04-23,167.8451690673828,168.3798828125,164.33360290527344,165.83399963378906,940251.0
2018-04-24,167.14285278320312,167.43016052246094,162.86512756347656,163.9026336669922,771848.0
2018-04-25,163.71109008789062,163.79888916015625,161.72386169433594,162.88906860351562,907172.0
2018-04-26,163.5035858154297,164.33360290527344,162.42617797851562,162.77732849121094,664717.0
2018-04-27,162.8491668701172,163.55946350097656,162.75338745117188,163.1923370361328,504333.0
2018-04-30,163.1923370361328,163.55148315429688,161.56423950195312,162.0510711669922,1025831.0
2018-05-01,162.01116943359375,162.673583984375,160.80606079101562,162.25059509277344,676495.0
2018-05-02,162.6656036376953,163.12051391601562,158.57940673828125,159.0183563232422,840512.0
2018-05-03,157.99681091308594,159.05825805664062,154.7246551513672,155.3391876220703,1131960.0
2018-05-04,154.27774047851562,157.6137237548828,153.24819946289062,157.23863220214844,774730.0
2018-05-07,158.1803741455078,159.88827514648438,157.6775665283203,158.8986358642578,868580.0
2018-05-08,159.20191955566406,161.76376342773438,158.13247680664062,161.01356506347656,1250243.0
2018-05-09,161.26895141601562,164.2458038330078,161.01356506347656,162.71348571777344,1069686.0
2018-05-10,162.92098999023438,165.32322692871094,162.78530883789062,164.9401397705078,758692.0
2018-05-11,165.02793884277344,166.5762176513672,165.02793884277344,166.04150390625,610587.0
2018-05-14,166.1133270263672,167.66958618164062,165.9856414794922,167.1588134765625,1162784.0
2018-05-15,166.00160217285156,166.27294921875,161.59617614746094,165.88986206054688,1065927.0
2018-05-16,165.7382354736328,168.8507537841797,165.4668731689453,167.34237670898438,715463.0
2018-05-17,167.35035705566406,168.88267517089844,167.29449462890625,168.05267333984375,570992.0
2018-05-18,168.3878631591797,168.81085205078125,167.47007751464844,167.66958618164062,548689.0
2018-05-21,168.3160400390625,170.8300018310547,167.98883056640625,169.74461364746094,623242.0
2018-05-22,170.04788208007812,170.8300018310547,169.5929718017578,169.78451538085938,522626.0
2018-05-23,168.67518615722656,171.46847534179688,168.0287322998047,171.42857360839844,732379.0
2018-05-24,171.50039672851562,172.0830078125,169.7047119140625,170.71029663085938,472632.0
2018-05-25,170.92578125,171.43655395507812,169.8323974609375,170.09576416015625,351842.0
2018-05-29,169.20989990234375,169.56903076171875,166.6959228515625,167.50997924804688,521875.0
2018-05-30,168.69114685058594,170.590576171875,168.020751953125,170.2314453125,468121.0
2018-05-31,170.4549102783203,170.4549102783203,167.47805786132812,168.252197265625,826354.0
2018-06-01,169.1859588623047,169.97605895996094,167.34237670898438,167.51795959472656,681006.0
2018-06-04,167.98883056640625,169.42538452148438,167.9090118408203,169.20191955566406,433789.0
2018-06-05,169.0662384033203,172.52992248535156,169.0662384033203,172.442138671875,681381.0
2018-06-06,172.3862762451172,178.0127716064453,172.3862762451172,177.43814086914062,994506.0
2018-06-07,177.4860382080078,178.12449645996094,174.6608123779297,176.0335235595703,581141.0
2018-06-08,175.6504364013672,177.6217041015625,174.88427734375,177.47805786132812,425895.0
2018-06-11,178.020751953125,178.23623657226562,176.71987915039062,177.326416015625,411360.0
2018-06-12,177.326416015625,181.1652069091797,176.0335235595703,179.19393920898438,599059.0
2018-06-13,180.0558624267578,180.0558624267578,178.3798828125,178.9545135498047,552698.0
2018-06-14,179.86431884765625,181.89146423339844,178.6033477783203,180.74221801757812,737140.0
2018-06-15,180.43894958496094,187.8531494140625,177.23065185546875,185.4189910888672,1452728.0
2018-06-18,186.9353485107422,189.1859588623047,184.03033447265625,186.3288116455078,739771.0
2018-06-19,184.5171661376953,187.18275451660156,183.4237823486328,187.14285278320312,805930.0
2018-06-20,187.51795959472656,190.04788208007812,187.05506896972656,188.88267517089844,733381.0
2018-06-21,188.7709503173828,191.10934448242188,186.5123748779297,188.81085205078125,617854.0
2018-06-22,189.4014434814453,191.50039672851562,188.06863403320312,188.8427734375,736138.0
2018-06-25,188.34796142578125,191.23703002929688,185.9297637939453,187.34237670898438,648177.0
2018-06-26,187.7972869873047,188.5395050048828,185.01197814941406,185.2354278564453,514482.0
2018-06-27,186.60015869140625,186.67198181152344,183.38388061523438,183.4397430419922,607830.0
2018-06-28,183.09657287597656,188.44374084472656,183.09657287597656,187.99681091308594,535282.0
2018-06-29,188.611328125,188.9545135498047,185.95370483398438,186.1133270263672,591040.0
2018-07-02,184.4772491455078,188.85873413085938,184.4772491455078,188.7071075439453,444439.0
2018-07-03,188.64324951171875,189.8403778076172,187.43016052246094,187.74142456054688,293077.0
2018-07-05,188.1963348388672,190.0558624267578,187.9569091796875,189.95211791992188,341317.0
2018-07-06,190.0718231201172,192.3703155517578,190.0718231201172,192.01914978027344,286311.0
2018-07-09,193.68714904785156,196.27294921875,192.86512756347656,194.86831665039062,639030.0
2018-07-10,195.2833251953125,195.84197998046875,193.64724731445312,194.22186279296875,764455.0
2018-07-11,193.56744384765625,194.3655242919922,192.39425659179688,193.33599853515625,412613.0
2018-07-12,194.78851318359375,195.6983184814453,193.0247344970703,194.86033630371094,643040.0
2018-07-13,194.4293670654297,195.0518798828125,192.40223693847656,194.33360290527344,458598.0
2018-07-16,185.92178344726562,188.50758361816406,174.3016815185547,174.75657653808594,2054043.0
2018-07-17,174.78053283691406,180.51077270507812,174.78053283691406,179.92019653320312,904917.0
2018-07-18,180.74221801757812,182.17079162597656,178.715087890625,180.48683166503906,829110.0
2018-07-19,180.5187530517578,185.15562438964844,172.442138671875,181.31683349609375,1433808.0
2018-07-20,181.36473083496094,189.35354614257812,180.31124877929688,186.01756286621094,1196490.0
2018-07-23,185.4030303955078,188.22825622558594,184.90821838378906,186.24900817871094,534279.0
2018-07-24,187.75738525390625,187.87709045410156,184.08619689941406,185.56265258789062,576004.0
2018-07-25,186.52035522460938,189.68077087402344,186.52035522460938,188.50758361816406,435793.0
2018-07-26,188.2601776123047,189.49720764160156,186.78372192382812,186.8715057373047,398705.0
2018-07-27,185.8659210205078,185.8659210205078,179.5450897216797,181.43655395507812,943509.0
2018-07-30,181.94732666015625,184.00637817382812,179.25778198242188,179.63287353515625,522501.0
2018-07-31,180.2873077392578,181.50039672851562,178.97845458984375,179.4732666015625,388179.0
2018-08-01,179.44134521484375,180.96568298339844,178.4916229248047,180.0079803466797,353346.0
2018-08-02,179.42538452148438,180.13568115234375,178.06065368652344,179.640869140625,369760.0
2018-08-03,180.12770080566406,182.4341583251953,178.5395050048828,181.63607788085938,463485.0
2018-08-06,181.66799926757812,182.12290954589844,180.590576171875,181.89146423339844,237444.0
2018-08-07,182.36233520507812,183.70310974121094,181.87550354003906,183.5435028076172,413615.0
2018-08-08,184.07821655273438,185.42697143554688,183.1923370361328,183.9664764404297,285935.0
2018-08-09,184.03831481933594,184.98802185058594,183.70310974121094,184.04629516601562,203237.0
2018-08-10,183.23223876953125,184.2857208251953,180.80606079101562,182.0909881591797,304354.0
2018-08-13,181.8036651611328,183.46368408203125,180.8300018310547,181.4525146484375,323901.0
2018-08-14,183.599365234375,185.6983184814453,182.77732849121094,184.70071411132812,475138.0
2018-08-15,182.88108825683594,184.56504821777344,179.6009521484375,184.062255859375,669227.0
2018-08-16,185.4030303955078,189.10614013671875,184.66879272460938,187.54190063476562,355351.0
2018-08-17,187.6296844482422,190.2873077392578,185.82601928710938,189.96807861328125,386926.0
2018-08-20,190.2394256591797,192.01914978027344,188.4118194580078,191.78770446777344,529768.0
2018-08-21,192.54588317871094,193.55946350097656,191.9712677001953,192.24261474609375,339814.0
2018-08-22,191.54029846191406,193.04867553710938,190.6304931640625,191.8036651611328,428651.0
2018-08-23,191.7398223876953,192.1388702392578,188.92259216308594,189.1859588623047,723357.0
2018-08-24,190.2873077392578,190.8619384765625,188.6193084716797,189.09017944335938,419254.0
2018-08-27,190.1676025390625,192.3224334716797,189.74461364746094,190.73423767089844,593296.0
2018-08-28,191.09336853027344,192.25857543945312,190.0079803466797,190.41500854492188,454714.0
2018-08-29,190.66241455078125,192.8970489501953,190.13568115234375,192.2665557861328,434039.0
2018-08-30,191.9872283935547,192.1548309326172,190.21548461914062,190.89385986328125,262879.0
2018-08-31,190.50279235839844,192.4501190185547,189.9441375732422,190.4070281982422,412864.0
2018-09-04,190.3032684326172,191.03750610351562,187.90103149414062,189.0662384033203,460979.0
2018-09-05,188.8347930908203,191.31683349609375,186.66400146484375,190.6225128173828,637276.0
2018-09-06,189.9920196533203,191.3806915283203,189.26576232910156,189.9281768798828,362117.0
2018-09-07,189.75259399414062,190.2873077392578,188.41978454589844,189.10614013671875,394570.0
2018-09-10,189.98403930664062,191.5083770751953,189.05825805664062,189.58499145507812,340565.0
2018-09-11,189.1300811767578,190.11172485351562,187.557861328125,189.72865295410156,393066.0
2018-09-12,189.34556579589844,194.73263549804688,186.77574157714844,194.3655242919922,763077.0
2018-09-13,194.4293670654297,197.19873046875,193.7350311279297,194.22186279296875,528641.0
2018-09-14,194.22186279296875,194.8922576904297,191.06942749023438,192.72146606445312,446319.0
2018-09-17,193.5355224609375,198.27613830566406,192.9768524169922,196.42457580566406,732629.0
2018-09-18,196.29689025878906,197.7813262939453,194.11013793945312,197.01516723632812,369009.0
2018-09-19,197.36631774902344,197.86911010742188,195.09178161621094,197.52593994140625,536409.0
2018-09-20,197.9249725341797,198.9545135498047,196.87948608398438,197.76536560058594,721979.0
2018-09-21,198.80287170410156,199.73663330078125,196.7996826171875,198.4756622314453,784629.0
2018-09-24,198.51556396484375,198.51556396484375,195.1795654296875,195.38706970214844,454338.0
2018-09-25,195.84197998046875,196.08938598632812,193.78292846679688,193.99041748046875,575503.0
2018-09-26,193.93455505371094,194.74061584472656,190.71029663085938,190.90982055664062,1166794.0
2018-09-27,190.73423767089844,190.73423767089844,188.1564178466797,188.5395050048828,445692.0
2018-09-28,188.16439819335938,188.98643493652344,187.23863220214844,188.4756622314453,854421.0
2018-10-01,189.67279052734375,192.29049682617188,189.44134521484375,189.81643676757812,563850.0
2018-10-02,189.98403930664062,190.55067443847656,186.36073303222656,186.38467407226562,511099.0
2018-10-03,187.7254638671875,189.9920196533203,186.96728515625,189.1460418701172,520622.0
2018-10-04,189.07421875,190.1755828857422,187.51795959472656,188.0127716064453,589912.0
2018-10-05,188.3160400390625,188.74700927734375,183.16041564941406,184.62091064453125,362117.0
2018-10-08,183.32801818847656,185.3551483154297,181.02952575683594,183.09657287597656,541797.0
2018-10-09,182.8491668701172,183.6552276611328,180.19154357910156,181.37271118164062,392189.0
2018-10-10,181.7557830810547,182.42617797851562,175.9457244873047,176.13726806640625,899278.0
2018-10-11,175.77813720703125,176.13726806640625,167.86911010742188,168.946533203125,948145.0
2018-10-12,171.9872283935547,173.35195922851562,167.9249725341797,170.4070281982422,922584.0
2018-10-15,169.9920196533203,170.42298889160156,167.789306640625,167.86911010742188,856676.0
2018-10-16,168.715087890625,171.2210693359375,166.95132446289062,170.03192138671875,1066178.0
2018-10-17,170.9337615966797,171.8036651611328,167.83718872070312,168.76296997070312,830113.0
2018-10-18,168.8986358642578,178.57940673828125,168.8986358642578,178.06065368652344,2204403.0
2018-10-19,177.23863220214844,178.05267333984375,171.83560180664062,172.52992248535156,1385943.0
2018-10-22,173.18435668945312,173.8228302001953,165.96168518066406,165.96966552734375,1052520.0
2018-10-23,163.63128662109375,165.06784057617188,159.66481018066406,163.99041748046875,804426.0
2018-10-24,164.2537841796875,164.78053283691406,158.3240203857422,158.76296997070312,987865.0
2018-10-25,160.03192138671875,162.63368225097656,159.2338409423828,161.7398223876953,568987.0
2018-10-26,160.21548461914062,161.59617614746094,155.83399963378906,158.85873413085938,793274.0
2018-10-29,159.9441375732422,164.6608123779297,157.9569091796875,160.09576416015625,895770.0
2018-10-30,160.6225128173828,163.3120574951172,159.0183563232422,160.87789916992188,640659.0
2018-10-31,162.63368225097656,166.21707153320312,162.63368225097656,164.54908752441406,795154.0
2018-11-01,164.90023803710938,166.73583984375,163.75897216796875,165.61851501464844,494810.0
2018-11-02,166.42457580566406,167.4940185546875,162.56185913085938,163.47964477539062,369635.0
2018-11-05,163.98243713378906,166.2809295654297,162.7454071044922,164.34158325195312,405847.0
2018-11-06,164.7246551513672,167.2067108154297,163.85475158691406,165.6344757080078,635647.0
2018-11-07,167.17477416992188,170.0638427734375,166.05746459960938,169.85633850097656,364122.0
2018-11-08,169.3056640625,171.54827880859375,168.22825622558594,169.9281768798828,386551.0
2018-11-09,168.27613830566406,168.81883239746094,164.57302856445312,166.20909118652344,369635.0
2018-11-12,165.9856414794922,165.9856414794922,162.19473266601562,162.56983947753906,458974.0
2018-11-13,163.16041564941406,165.73023986816406,161.89146423339844,163.8228302001953,320768.0
2018-11-14,164.74061584472656,165.4828338623047,158.99441528320312,159.409423828125,565228.0
2018-11-15,158.0766143798828,158.79489135742188,155.49082946777344,157.94094848632812,752176.0
2018-11-16,157.60574340820312,159.32960510253906,157.05506896972656,158.05267333984375,456217.0
2018-11-19,157.6217041015625,158.90663146972656,153.3759002685547,154.0143585205078,651685.0
2018-11-20,151.02154541015625,157.23863220214844,151.02154541015625,153.63926696777344,678374.0
2018-11-21,154.56504821777344,159.3615264892578,154.56504821777344,156.42457580566406,543176.0
2018-11-23,155.26736450195312,156.53631591796875,155.26736450195312,155.45091247558594,144722.0
2018-11-26,157.01516723632812,160.6304931640625,157.01516723632812,160.37510681152344,331043.0
2018-11-27,159.96807861328125,161.41261291503906,151.8036651611328,154.67677307128906,933109.0
2018-11-28,154.8284149169922,161.03750610351562,154.8284149169922,159.27374267578125,1065175.0
2018-11-29,157.90103149414062,159.28172302246094,156.48045349121094,156.98324584960938,534780.0
2018-11-30,157.01516723632812,160.07980346679688,156.60813903808594,159.90423583984375,823722.0
2018-12-03,161.53231811523438,162.6815643310547,154.15003967285156,158.85873413085938,1058409.0
2018-12-04,158.52354431152344,158.52354431152344,150.56663513183594,150.72625732421875,1075701.0
2018-12-06,147.98883056640625,149.4732666015625,145.09178161621094,149.35354614257812,982979.0
2018-12-07,149.16201782226562,150.31922912597656,142.78530883789062,144.00637817382812,820214.0
2018-12-10,145.01995849609375,146.60813903808594,140.11972045898438,142.86512756347656,772850.0
2018-12-11,145.6344757080078,146.52035522460938,140.79010009765625,142.19473266601562,478395.0
2018-12-12,144.0143585205078,146.36073303222656,143.10455322265625,143.15243530273438,556332.0
2018-12-13,143.8387908935547,144.23782348632812,139.50518798828125,140.0558624267578,601565.0
2018-12-14,138.97845458984375,139.66481018066406,137.87709045410156,138.21229553222656,644794.0
2018-12-17,137.23863220214844,137.74940490722656,127.73343658447266,128.63526916503906,1349105.0
2018-12-18,130.5347137451172,131.71588134765625,126.9513168334961,127.91699981689453,913437.0
2018-12-19,127.789306640625,131.3806915283203,126.03352355957031,126.69593048095703,795780.0
2018-12-20,125.50678253173828,125.88188171386719,120.5267333984375,123.12849426269531,1437818.0
2018-12-21,123.12849426269531,124.83639526367188,118.55546569824219,118.96248626708984,1510366.0
2018-12-24,117.73343658447266,118.66719818115234,115.28331756591797,115.29129791259766,377278.0
2018-12-26,116.4166030883789,121.16520690917969,113.79090118408203,121.05347442626953,792523.0
2018-12-27,119.71269226074219,121.22904968261719,115.7861099243164,121.2210693359375,544429.0
2018-12-28,121.46847534179688,122.93695068359375,118.79489135742188,119.56903076171875,605700.0
2018-12-31,119.71269226074219,120.70231628417969,117.52593994140625,119.77653503417969,735762.0
2019-01-02,118.12450408935547,124.99600982666016,117.61372375488281,124.00638580322266,1085850.0
2019-01-03,121.98722839355469,123.35993957519531,119.64086151123047,120.86991119384766,966690.0
2019-01-04,123.08060455322266,129.39346313476562,122.31444549560547,129.05027770996094,963432.0
2019-01-07,129.4174041748047,130.64645385742188,127.58978271484375,129.04229736328125,1369404.0
2019-01-08,130.822021484375,131.77174377441406,128.69912719726562,131.284912109375,870960.0
2019-01-09,132.92897033691406,134.5889892578125,131.2210693359375,134.15802001953125,803800.0
2019-01-10,133.6552276611328,135.67437744140625,132.70550537109375,133.46368408203125,1147247.0
2019-01-11,132.80926513671875,133.7350311279297,129.4014434814453,133.6552276611328,897023.0
2019-01-14,132.69752502441406,135.57861328125,132.18675231933594,134.18994140625,528891.0
2019-01-15,134.62889099121094,136.70391845703125,133.61532592773438,133.76695251464844,1346223.0
2019-01-16,133.93455505371094,135.85794067382812,133.64724731445312,134.66879272460938,407350.0
2019-01-17,133.9664764404297,136.20111083984375,133.4317626953125,135.42697143554688,591416.0
2019-01-18,136.83160400390625,137.7972869873047,134.78851318359375,137.68556213378906,979220.0
2019-01-22,137.326416015625,139.1699981689453,135.24342346191406,136.22506713867188,897273.0
2019-01-23,138.1404571533203,140.80606079101562,136.94332885742188,138.64324951171875,948646.0
2019-01-24,138.6033477783203,140.51077270507812,137.17477416992188,139.3695068359375,515985.0
2019-01-25,141.13328552246094,142.77732849121094,140.31124877929688,141.82762145996094,604447.0
2019-01-28,140.2234649658203,143.26416015625,140.03192138671875,142.6656036376953,777236.0
2019-01-29,142.16281127929688,143.05667114257812,140.8539581298828,141.9074249267578,650056.0
2019-01-30,142.10694885253906,143.47166442871094,140.2314453125,143.3040771484375,598057.0
2019-01-31,142.54588317871094,144.9401397705078,141.69992065429688,141.73184204101562,1213155.0
2019-02-01,142.17877197265625,145.01995849609375,141.9712677001953,144.7166748046875,1102891.0
2019-02-04,145.25140380859375,145.77015686035156,143.6552276611328,144.4772491455078,647550.0
2019-02-05,144.97206115722656,145.8659210205078,143.87869262695312,144.86033630371094,443562.0
2019-02-06,144.62091064453125,145.4110107421875,142.99281311035156,143.55946350097656,678625.0
2019-02-07,131.66799926757812,131.66799926757812,122.31444549560547,129.44134521484375,2919490.0
2019-02-08,126.85554504394531,131.58021545410156,124.54907989501953,131.14126586914062,2114062.0
2019-02-11,131.59617614746094,133.1923370361328,131.46847534179688,131.77174377441406,1218918.0
2019-02-12,132.49002075195312,136.37669372558594,132.49002075195312,134.90821838378906,1219169.0
2019-02-13,135.43495178222656,138.1963348388672,134.2857208251953,135.20350646972656,753304.0
2019-02-14,134.54908752441406,135.07582092285156,133.1284942626953,133.2561798095703,737140.0
2019-02-15,134.62889099121094,138.67518615722656,134.62889099121094,138.23623657226562,976839.0
2019-02-19,137.51795959472656,140.90184020996094,137.2705535888672,139.5291290283203,781496.0
2019-02-20,139.2418212890625,139.88027954101562,137.01516723632812,138.40382385253906,595551.0
2019-02-21,137.93296813964844,139.21788024902344,135.92178344726562,136.5123748779297,546809.0
2019-02-22,137.0391082763672,139.05027770996094,136.3288116455078,138.91461181640625,516487.0
2019-02-25,140.5825958251953,141.60415649414062,138.98643493652344,139.09815979003906,572746.0
2019-02-26,138.56344604492188,140.1596221923828,136.22506713867188,139.3056640625,648553.0
2019-02-27,139.26576232910156,141.1572265625,137.82122802734375,138.28411865234375,445567.0
2019-02-28,138.04469299316406,138.5474853515625,136.84756469726562,138.06863403320312,824599.0
2019-03-01,139.3774871826172,140.61453247070312,137.77334594726562,138.5395050048828,754055.0
2019-03-04,139.0662384033203,140.04788208007812,136.1612091064453,137.58180236816406,686895.0
2019-03-05,137.82122802734375,138.35594177246094,136.35275268554688,136.61611938476562,591541.0
2019-03-06,136.4564971923828,137.45411682128906,134.2458038330078,134.38946533203125,635522.0
2019-03-07,133.87071228027344,134.46128845214844,130.79808044433594,132.19473266601562,883365.0
2019-03-08,130.88587951660156,132.92897033691406,130.36712646484375,132.76136779785156,933360.0
2019-03-11,133.33599853515625,135.29928588867188,133.2561798095703,134.8762969970703,594423.0
2019-03-12,135.43495178222656,135.43495178222656,133.24819946289062,134.00637817382812,552824.0
2019-03-13,134.91619873046875,137.6137237548828,134.23782348632812,136.5123748779297,803549.0
2019-03-14,136.55227661132812,137.94094848632812,134.6448516845703,135.42697143554688,629382.0
2019-03-15,136.02554321289062,137.7813262939453,135.09976196289062,137.59776306152344,946015.0
2019-03-18,137.76536560058594,138.0845947265625,135.4189910888672,137.094970703125,631637.0
2019-03-19,138.34796142578125,140.19154357910156,136.67198181152344,137.2067108154297,520622.0
2019-03-20,136.3447723388672,136.53631591796875,133.0646514892578,134.39744567871094,440430.0
2019-03-21,133.8946533203125,139.66481018066406,133.7190704345703,136.8076629638672,371890.0
2019-03-22,135.88986206054688,136.22506713867188,131.20510864257812,131.33279418945312,657199.0
2019-03-25,130.89385986328125,132.16281127929688,129.11412048339844,130.97366333007812,721853.0
2019-03-26,132.1548309326172,135.91380310058594,131.6121368408203,135.65841674804688,867828.0
2019-03-27,135.72225952148438,137.40621948242188,134.5331268310547,136.52035522460938,905293.0
2019-03-28,136.58419799804688,138.67518615722656,136.41659545898438,137.58180236816406,657449.0
2019-03-29,138.66720581054688,141.63607788085938,137.70152282714844,139.6488494873047,1200875.0
2019-04-01,140.5187530517578,143.17637634277344,140.0638427734375,140.55865478515625,1236335.0
2019-04-02,141.2130889892578,141.979248046875,139.7126922607422,140.08778381347656,627628.0
2019-04-03,141.40463256835938,143.38388061523438,140.27134704589844,143.24021911621094,663714.0
2019-04-04,143.28012084960938,144.5810089111328,142.29847717285156,143.51954650878906,398830.0
2019-04-05,144.1181182861328,145.6504364013672,140.67837524414062,141.34877014160156,1013802.0
2019-04-08,141.0614471435547,142.4341583251953,138.81085205078125,142.33839416503906,659329.0
2019-04-09,141.66001892089844,141.88348388671875,140.2952880859375,141.42857360839844,508843.0
2019-04-10,141.78770446777344,142.0351104736328,139.56903076171875,140.83798217773438,677622.0
2019-04-11,141.35675048828125,141.64405822753906,139.88027954101562,140.25538635253906,412613.0
2019-04-12,141.2928924560547,146.00958251953125,141.2928924560547,144.39744567871094,859057.0
2019-04-15,137.8611297607422,137.8611297607422,128.82681274414062,130.9178009033203,3831549.0
2019-04-16,131.55625915527344,132.2665557861328,130.19154357910156,130.51077270507812,1277058.0
2019-04-17,131.5722198486328,133.1923370361328,130.65443420410156,131.34877014160156,1011296.0
2019-04-18,131.00558471679688,131.5083770751953,129.09815979003906,129.7685546875,1446964.0
2019-04-22,129.28172302246094,130.462890625,127.7015151977539,128.29209899902344,857052.0
2019-04-23,128.6193084716797,131.99520874023438,127.7015151977539,130.10374450683594,1391206.0
2019-04-24,130.11972045898438,132.57781982421875,129.10614013671875,131.5243377685547,909929.0
2019-04-25,127.69353485107422,127.81324768066406,121.77973175048828,122.88906860351562,2477808.0
2019-04-26,122.96089172363281,126.80766296386719,122.85713958740234,125.12370300292969,1481923.0
2019-04-29,125.62649536132812,127.51795959472656,124.98004913330078,126.15322875976562,582896.0
2019-04-30,126.15322875976562,128.21229553222656,126.15322875976562,127.77334594726562,891134.0
2019-05-01,128.33200073242188,128.88267517089844,124.95610809326172,124.95610809326172,735636.0
2019-05-02,124.60494995117188,125.29129791259766,122.5937728881836,123.39984130859375,714962.0
2019-05-03,124.58100891113281,125.21947479248047,123.599365234375,124.94812774658203,557585.0
2019-05-06,122.1308822631836,123.64724731445312,121.76376342773438,122.95291137695312,600939.0
2019-05-07,120.9896240234375,121.38068389892578,119.3056640625,120.43894958496094,844522.0
2019-05-08,119.89624786376953,121.10135650634766,119.33759307861328,119.69673156738281,627502.0
2019-05-09,118.4038314819336,119.3296127319336,116.55227661132812,118.04469299316406,1233829.0
2019-05-10,117.35833740234375,119.25778198242188,115.7222671508789,118.90662384033203,688899.0
2019-05-13,115.22745513916016,116.37669372558594,113.38388061523438,113.5833969116211,505586.0
2019-05-14,113.83878326416016,116.7118911743164,113.82282257080078,115.61053466796875,719974.0
2019-05-15,114.57302856445312,116.87150573730469,114.29369354248047,116.09736633300781,852040.0
2019-05-16,116.20111846923828,118.58738708496094,116.20111846923828,117.90103912353516,589537.0
2019-05-17,116.1851577758789,118.252197265625,115.7222671508789,116.24102020263672,668476.0
2019-05-20,115.00399017333984,115.62649536132812,113.90263366699219,114.2138900756836,555204.0
2019-05-21,115.71428680419922,117.71747589111328,115.18755340576172,117.1827621459961,593170.0
2019-05-22,116.2490005493164,116.89545440673828,115.4110107421875,115.77014923095703,788262.0
2019-05-23,114.46927642822266,114.46927642822266,112.46607971191406,113.27214813232422,707945.0
2019-05-24,114.42138671875,115.53072357177734,113.19233703613281,114.39744567871094,475012.0
2019-05-28,114.58100891113281,115.21947479248047,113.00080108642578,113.38388061523438,692032.0
2019-05-29,112.53791046142578,113.5833969116211,111.3008804321289,113.37590026855469,803800.0
2019-05-30,113.37590026855469,114.66081237792969,111.8355941772461,112.25060272216797,511224.0
2019-05-31,111.22904968261719,111.26097106933594,109.6249008178711,109.73663330078125,590038.0
2019-06-03,109.73663330078125,111.02952575683594,108.252197265625,109.01835632324219,726615.0
2019-06-04,110.53471374511719,113.99042510986328,110.53471374511719,113.91061401367188,469499.0
2019-06-05,114.62889099121094,114.8204345703125,111.19712829589844,112.45011901855469,774103.0
2019-06-06,112.22665405273438,113.88667297363281,111.52434539794922,113.46368408203125,679502.0
2019-06-07,114.25379180908203,115.31524658203125,113.71109008789062,113.9824447631836,533152.0
2019-06-10,114.91619873046875,115.31524658203125,108.58738708496094,108.81883239746094,1464757.0
2019-06-11,109.64884185791016,110.62250518798828,108.95450592041016,109.92816925048828,863192.0
2019-06-12,109.83240509033203,110.11971282958984,108.65123748779297,109.87230682373047,571243.0
2019-06-13,110.0798110961914,112.2905044555664,110.0,112.03511810302734,474511.0
2019-06-14,111.5961685180664,111.8914566040039,110.55067443847656,111.57222747802734,453461.0
2019-06-17,111.5961685180664,111.85953521728516,109.6887435913086,110.10375213623047,812069.0
2019-06-18,111.0694351196289,112.16281127929688,109.64086151123047,109.74461364746094,798913.0
2019-06-19,110.03990173339844,110.3112564086914,108.89864349365234,109.28970336914062,647175.0
2019-06-20,111.04549407958984,111.1572265625,109.58499908447266,110.28730773925781,867076.0
2019-06-21,110.0798110961914,110.36711883544922,109.19393157958984,109.43335723876953,1016559.0
2019-06-24,109.28172302246094,109.98403930664062,106.78372192382812,107.31843566894531,698172.0
2019-06-25,107.13487243652344,108.43575286865234,106.59217834472656,107.27853393554688,806932.0
2019-06-26,107.8770980834961,108.59536743164062,107.74142456054688,108.04469299316406,677873.0
2019-06-27,108.22026824951172,109.6887435913086,107.67757415771484,109.57701873779297,616476.0
2019-06-28,110.16759490966797,112.00318908691406,109.67278289794922,111.8355941772461,1840406.0
2019-07-01,113.30406951904297,114.84437561035156,112.27454376220703,113.93455505371094,949398.0
2019-07-02,113.78292083740234,117.37430572509766,112.673583984375,116.84756469726562,1243101.0
2019-07-03,116.99121856689453,117.49401092529297,115.59457397460938,117.16680145263672,541797.0
2019-07-05,116.85554504394531,118.33998107910156,116.15322875976562,118.3160400390625,480776.0
2019-07-08,117.4062271118164,119.97605895996094,116.69593048095703,117.08699035644531,822845.0
2019-07-09,117.326416015625,118.51556396484375,116.12928771972656,118.12450408935547,822720.0
2019-07-10,118.3160400390625,119.13806915283203,117.4062271118164,118.06863403320312,686268.0
2019-07-11,118.9305648803711,119.28172302246094,117.50199127197266,118.09257507324219,574125.0
2019-07-12,118.43575286865234,119.69673156738281,117.094970703125,119.3934555053711,777737.0
2019-07-15,119.48922729492188,119.78451538085938,118.0845947265625,119.72865295410156,612592.0
2019-07-16,119.3934555053711,120.87789154052734,119.35355377197266,120.3112564086914,777487.0
2019-07-17,120.02394104003906,120.63048553466797,119.05825805664062,120.30326843261719,1002149.0
2019-07-18,121.50837707519531,127.07901000976562,120.93376159667969,126.09736633300781,3459282.0
2019-07-19,126.21707916259766,126.32881164550781,120.80606842041016,120.95770263671875,2695704.0
2019-07-22,121.70790100097656,122.905029296875,121.1332778930664,121.89944458007812,1277809.0
2019-07-23,122.5219497680664,123.87071228027344,122.00318908691406,123.76696014404297,977215.0
2019-07-24,123.8148422241211,125.60255432128906,123.46368408203125,125.57063293457031,891635.0
2019-07-25,126.09736633300781,126.6480484008789,124.5091781616211,125.01197052001953,795154.0
2019-07-26,125.62649536132812,127.22266387939453,125.42697143554688,126.79170227050781,657950.0
2019-07-29,126.68795013427734,127.03910827636719,124.98004913330078,125.73822784423828,628881.0
2019-07-30,124.90023803710938,126.12928771972656,124.30965423583984,125.91381072998047,726114.0
2019-07-31,125.85794067382812,126.39265441894531,124.10215759277344,125.23543548583984,687521.0
2019-08-01,125.45890045166016,126.51236724853516,123.29608917236328,124.53311920166016,908049.0
2019-08-02,123.87071228027344,124.9640884399414,122.8172378540039,124.30965423583984,762576.0
2019-08-05,121.50039672851562,122.1468505859375,119.95211791992188,121.41261291503906,1258889.0
2019-08-06,122.39425659179688,122.64964294433594,120.48683166503906,122.49002075195312,966314.0
2019-08-07,120.79010772705078,122.37828826904297,119.95211791992188,122.27454376220703,1922102.0
2019-08-08,122.905029296875,124.22187042236328,122.33040618896484,123.92657470703125,1124317.0
2019-08-09,123.35993957519531,123.70310974121094,121.8355941772461,122.68156433105469,1131208.0
2019-08-12,121.42059326171875,122.37030792236328,119.6887435913086,119.71269226074219,1895914.0
2019-08-13,119.80047607421875,123.06464385986328,119.80047607421875,121.66001892089844,2325568.0
2019-08-14,119.93614959716797,120.9018325805664,119.32162475585938,119.80047607421875,3149791.0
2019-08-15,120.6145248413086,122.78531646728516,120.12769317626953,121.70790100097656,4027017.0
2019-08-16,117.20670318603516,117.6456527709961,110.6145248413086,110.68635559082031,6227159.0
2019-08-19,110.81404876708984,122.78531646728516,108.30805969238281,108.97047424316406,1826749.0
2019-08-20,108.6991195678711,108.6991195678711,104.25379180908203,104.34956359863281,2056674.0
2019-08-21,109.33759307861328,111.69992065429688,107.74142456054688,110.19154357910156,3043286.0
2019-08-22,110.59856414794922,111.02154541015625,108.01277160644531,108.1644058227539,1353491.0
2019-08-23,107.49401092529297,108.8667221069336,103.70310974121094,104.2138900756836,2478309.0
2019-08-26,105.1795654296875,105.1795654296875,101.19712829589844,101.73184204101562,1721371.0
2019-08-27,101.86751556396484,102.04309844970703,97.2466049194336,97.43016815185547,1749564.0
2019-08-28,96.77574157714844,98.41181182861328,96.38467407226562,97.557861328125,1119054.0
2019-08-29,97.90901947021484,99.03431701660156,97.72545623779297,97.96488189697266,1536805.0
2019-08-30,98.43575286865234,99.0981674194336,97.43016815185547,98.12450408935547,876223.0
2019-09-03,97.92498016357422,98.10055541992188,94.49321746826172,97.4062271118164,1847047.0
2019-09-04,98.07661437988281,98.45171356201172,95.94573211669922,98.42777252197266,1990892.0
2019-09-05,99.55307006835938,102.02713775634766,99.48922729492188,101.34876251220703,1035479.0
2019-09-06,101.5323257446289,102.04309844970703,100.51077270507812,100.5267333984375,792648.0
2019-09-09,101.41261291503906,103.84677124023438,101.23703002929688,102.97685241699219,973330.0
2019-09-10,102.8172378540039,105.63447570800781,102.60973358154297,105.57063293457031,1316402.0
2019-09-11,107.65363311767578,108.11652374267578,105.09976196289062,108.03671264648438,1126447.0
2019-09-12,108.06863403320312,108.45171356201172,106.00159454345703,107.49401092529297,783376.0
2019-09-13,108.58738708496094,109.56903076171875,106.59217834472656,106.72785186767578,727742.0
2019-09-16,105.7222671508789,108.2282485961914,105.7222671508789,106.1053466796875,929726.0
2019-09-17,105.98563385009766,106.28890991210938,103.2003173828125,104.87629699707031,891885.0
2019-09-18,104.89225769042969,104.89225769042969,103.32801055908203,104.47725677490234,816956.0
2019-09-19,105.06784057617188,107.31843566894531,104.31763458251953,104.32562255859375,673989.0
2019-09-20,104.78850555419922,106.40862274169922,103.83878326416016,103.90263366699219,1153762.0
2019-09-23,103.42378234863281,104.31763458251953,102.34636688232422,103.19233703613281,693786.0
2019-09-24,103.2003173828125,103.37590026855469,100.15961456298828,101.1572265625,918324.0
2019-09-25,101.01356506347656,102.55387115478516,100.71029663085938,102.0590591430664,528766.0
2019-09-26,102.03511810302734,102.62569427490234,101.49241638183594,101.979248046875,471253.0
2019-09-27,102.68954467773438,103.18435668945312,100.86991119384766,100.89385223388672,417124.0
2019-09-30,101.02952575683594,102.78531646728516,100.43894958496094,102.25857543945312,572245.0
2019-10-01,102.98483276367188,104.46927642822266,100.1436538696289,100.59058380126953,404343.0
2019-10-02,99.80845642089844,99.90422821044922,97.06304931640625,98.26017761230469,723106.0
2019-10-03,97.88507843017578,98.41979217529297,95.04389190673828,97.81324768066406,728369.0
2019-10-04,98.14046478271484,98.9225845336914,96.82362365722656,98.8667221069336,395572.0
2019-10-07,98.27613830566406,99.44932556152344,97.90103912353516,98.06863403320312,639406.0
2019-10-08,97.14286041259766,97.27055358886719,94.24581146240234,94.70072174072266,772600.0
2019-10-09,95.29927825927734,95.45890045166016,93.12051391601562,94.5091781616211,755935.0
2019-10-10,95.04389190673828,96.73583221435547,93.43974304199219,94.34158325195312,605575.0
2019-10-11,96.03352355957031,98.19632720947266,95.54668426513672,97.80526733398438,877727.0
2019-10-14,97.80526733398438,98.73902893066406,96.52034759521484,97.79728698730469,617604.0
2019-10-15,98.04469299316406,99.13806915283203,96.75179290771484,98.72306823730469,749545.0
2019-10-16,98.87470245361328,99.64086151123047,98.00479125976562,98.33200073242188,831491.0
2019-10-17,98.52354431152344,99.67278289794922,97.99681091308594,98.45171356201172,705690.0
2019-10-18,98.20430755615234,99.4572982788086,97.73343658447266,98.59536743164062,814826.0
2019-10-21,99.35355377197266,100.35115814208984,99.05027770996094,99.57701873779297,596679.0
2019-10-22,99.40143585205078,100.3830795288086,98.1723861694336,99.28172302246094,594423.0
2019-10-23,99.20191192626953,99.56105041503906,98.34796142578125,98.77095031738281,717844.0
2019-10-24,92.57781219482422,93.53551483154297,81.01356506347656,85.4110107421875,5098081.0
2019-10-25,84.87629699707031,85.62649536132812,83.10454559326172,83.63926696777344,2028231.0
2019-10-28,84.11811828613281,87.54190063476562,84.11013793945312,85.22745513916016,1297231.0
2019-10-29,82.5219497680664,84.3335952758789,82.20271301269531,82.98483276367188,3577315.0
2019-10-30,83.2881088256836,83.61532592773438,81.31684112548828,82.03511810302734,1332816.0
2019-10-31,81.73982238769531,82.15483093261719,79.16999053955078,79.80845642089844,1617372.0
2019-11-01,80.462890625,81.5403060913086,79.8563461303711,80.65442657470703,1345847.0
2019-11-04,81.42857360839844,82.91300964355469,81.41261291503906,81.66799926757812,915317.0
2019-11-05,82.19473266601562,83.91061401367188,82.1229019165039,82.905029296875,1243728.0
2019-11-06,82.673583984375,83.73503875732422,81.95530700683594,82.72146606445312,875972.0
2019-11-07,83.79090118408203,85.1955337524414,83.79090118408203,84.11811828613281,1561614.0
2019-11-08,83.99042510986328,86.77574157714844,83.71109008789062,86.11332702636719,1458617.0
2019-11-11,86.62409973144531,88.42777252197266,85.92977142333984,86.22505950927734,1332315.0
2019-11-12,86.36073303222656,87.4142074584961,85.7940902709961,86.7996826171875,1208769.0
2019-11-13,85.7940902709961,86.08140563964844,84.69273376464844,85.53870391845703,686644.0
2019-11-14,85.23543548583984,86.40862274169922,84.71668243408203,85.08380126953125,632514.0
2019-11-15,85.29129791259766,85.29129791259766,82.07501983642578,82.56185150146484,1853438.0
2019-11-18,82.3623275756836,83.8946533203125,82.26656341552734,83.63926696777344,1473779.0
2019-11-19,84.22985076904297,84.53311920166016,81.66799926757812,82.63368225097656,1520766.0
2019-11-20,82.41819763183594,82.5299301147461,80.76615905761719,80.78211975097656,1817727.0
2019-11-21,81.02952575683594,81.16520690917969,79.97605895996094,80.8459701538086,1189097.0
2019-11-22,81.33280181884766,83.38388061523438,81.2210693359375,83.32801055908203,1153011.0
2019-11-25,83.24820709228516,84.54907989501953,81.73184204101562,84.11811828613281,902160.0
2019-11-26,84.59696960449219,84.9640884399414,83.5833969116211,84.63687133789062,1136346.0
2019-11-27,85.05985260009766,85.84197998046875,84.2059097290039,85.34716796875,539417.0
2019-11-29,84.9640884399414,85.53870391845703,84.06224822998047,85.32322692871094,430030.0
2019-12-02,85.31524658203125,86.45650482177734,84.5889892578125,84.75658416748047,1187343.0
2019-12-03,83.42378234863281,83.75897979736328,81.56424713134766,82.03511810302734,997889.0
2019-12-04,81.81963348388672,83.94253540039062,80.93376159667969,83.24022674560547,903789.0
2019-12-05,83.76696014404297,83.76696014404297,81.57222747802734,82.66560363769531,815828.0
2019-12-06,83.16041564941406,84.70870208740234,83.16041564941406,84.00638580322266,1085474.0
2019-12-09,83.82282257080078,84.65283203125,82.673583984375,84.1260986328125,685642.0
2019-12-10,83.93455505371094,84.51715850830078,82.70550537109375,82.94493103027344,839134.0
2019-12-11,82.84117889404297,84.37350463867188,82.84117889404297,84.18196105957031,939625.0
2019-12-12,84.59696960449219,87.07901000976562,84.53311920166016,86.9433364868164,1311265.0
2019-12-13,86.9513168334961,89.46528625488281,86.9513168334961,87.82920837402344,1356247.0
2019-12-16,88.57940673828125,89.93614959716797,86.6560287475586,86.99121856689453,1119054.0
2019-12-17,86.56025695800781,88.20430755615234,86.56025695800781,87.65363311767578,1036858.0
2019-12-18,87.61372375488281,88.83479309082031,87.1827621459961,88.14844512939453,908425.0
2019-12-19,88.1723861694336,89.49720764160156,87.27055358886719,87.8531494140625,1102264.0
2019-12-20,88.50758361816406,89.04229736328125,87.56584167480469,88.81883239746094,2014949.0
2019-12-23,88.8667221069336,89.48922729492188,88.44373321533203,88.96248626708984,574751.0
2019-12-24,89.26576232910156,89.26576232910156,88.24421691894531,88.57940673828125,237068.0
2019-12-26,88.96248626708984,89.13806915283203,87.53392028808594,88.05267333984375,548939.0
2019-12-27,88.57142639160156,89.06623840332031,87.8691177368164,88.51556396484375,583773.0
2019-12-30,88.41181182861328,88.99441528320312,87.77334594726562,88.33998107910156,595426.0
2019-12-31,87.77334594726562,89.76057434082031,87.15882110595703,89.54508972167969,755058.0
2020-01-02,90.55067443847656,91.3727035522461,88.89066314697266,89.7685546875,816956.0
2020-01-03,88.252197265625,89.13806915283203,86.20909881591797,88.09257507324219,714837.0
2020-01-06,87.27853393554688,88.56344604492188,86.49640655517578,88.49162292480469,819462.0
2020-01-07,87.88507843017578,88.49960327148438,86.95929718017578,87.98883056640625,664466.0
2020-01-08,87.7094955444336,88.43575286865234,86.62409973144531,87.95690155029297,1026834.0
2020-01-09,88.68315887451172,89.20191192626953,87.50199127197266,88.38787078857422,673863.0
2020-01-10,88.9225845336914,90.0,87.8770980834961,89.44133758544922,896271.0
2020-01-13,89.52114868164062,90.02394104003906,87.83718872070312,89.72067260742188,835876.0
2020-01-14,88.75498962402344,90.47885131835938,88.75498962402344,89.50518798828125,1005533.0
2020-01-15,89.04229736328125,91.02952575683594,88.81085205078125,90.32721710205078,1017937.0
2020-01-16,91.33280181884766,92.27454376220703,90.21548461914062,91.00558471679688,559590.0
2020-01-17,91.18116760253906,91.3647232055664,89.92816925048828,90.11173248291016,722355.0
2020-01-21,90.01596069335938,90.40702056884766,89.13008880615234,89.26576232910156,641661.0
2020-01-22,89.74461364746094,90.27134704589844,89.05825805664062,89.08220672607422,600438.0
2020-01-23,88.73902893066406,89.34557342529297,86.37669372558594,89.22586059570312,711829.0
2020-01-24,89.54508972167969,89.54508972167969,85.60255432128906,85.71428680419922,1976733.0
2020-01-27,84.15802001953125,84.69273376464844,83.0566635131836,84.31763458251953,1320161.0
2020-01-28,84.7406234741211,86.30487060546875,84.62091064453125,85.65841674804688,1035229.0
2020-01-29,86.32881164550781,88.01277160644531,85.92179107666016,87.54190063476562,1665112.0
2020-01-30,84.59696960449219,85.97765350341797,81.73184204101562,85.53870391845703,2668013.0
2020-01-31,85.06784057617188,85.06784057617188,81.80367279052734,82.03511810302734,2162302.0
2020-02-03,82.55387115478516,82.96089172363281,79.92816925048828,80.27932739257812,1560236.0
2020-02-04,81.4525146484375,82.66560363769531,81.42059326171875,81.72386169433594,1023325.0
2020-02-05,82.5937728881836,86.59217834472656,82.5937728881836,85.27533721923828,1371283.0
2020-02-06,85.62649536132812,85.9616928100586,84.30965423583984,84.99600982666016,957167.0
2020-02-07,84.31763458251953,84.7406234741211,83.47965240478516,84.53311920166016,717844.0
2020-02-10,84.3335952758789,84.53311920166016,82.33040618896484,82.55387115478516,741400.0
2020-02-11,83.24820709228516,83.65522766113281,82.24261474609375,82.7533950805664,428777.0
2020-02-12,83.47965240478516,85.39505004882812,83.04070281982422,83.50359344482422,598558.0
2020-02-13,82.64964294433594,82.9928207397461,81.86751556396484,82.5937728881836,701429.0
2020-02-14,82.5219497680664,83.62330627441406,81.98722839355469,82.0670394897461,1604842.0
2020-02-18,80.35115814208984,81.65203857421875,79.31364440917969,80.20750427246094,1071190.0
2020-02-19,80.53471374511719,81.0774154663086,79.0103759765625,80.89385223388672,899529.0
2020-02-20,81.04549407958984,82.84117889404297,80.44692993164062,82.25060272216797,740147.0
2020-02-21,81.38866424560547,81.97126770019531,80.59856414794922,81.5323257446289,631136.0
2020-02-24,79.0103759765625,79.29768371582031,77.8691177368164,78.78691101074219,966690.0
2020-02-25,78.97845458984375,79.0901870727539,74.62889099121094,74.8204345703125,1421027.0
2020-02-26,75.33120727539062,76.06544494628906,72.51396942138672,72.57781219482422,1214408.0
2020-02-27,70.56664276123047,72.45809936523438,68.83479309082031,69.99201965332031,1479668.0
2020-02-28,67.9409408569336,69.46528625488281,67.29449462890625,68.53950500488281,2341481.0
2020-03-02,69.21788024902344,69.21788024902344,65.52274322509766,68.6911392211914,2127343.0
2020-03-03,68.33998107910156,68.73104858398438,63.40782165527344,63.59138107299805,1296855.0
2020-03-04,64.22985076904297,64.66879272460938,61.779727935791016,64.39744567871094,1834392.0
2020-03-05,62.841182708740234,62.89704513549805,58.810855865478516,59.22585678100586,1328681.0
2020-03-06,56.87150955200195,59.54509353637695,55.522743225097656,57.94892120361328,1461374.0
2020-03-09,53.22426223754883,54.82841110229492,49.96807861328125,50.295291900634766,1433557.0
2020-03-10,53.17637634277344,53.447723388671875,47.62968826293945,50.72625732421875,2259660.0
2020-03-11,49.177974700927734,50.151634216308594,45.411014556884766,45.71428680419922,2542713.0
2020-03-12,42.08300018310547,42.298484802246094,36.91141128540039,37.3663215637207,2478810.0
2020-03-13,40.41500473022461,40.73423767089844,35.42697525024414,39.51316833496094,3205174.0
2020-03-16,28.73104476928711,34.38148498535156,28.707103729248047,28.81883430480957,2993417.0
2020-03-17,29.481245040893555,29.569034576416016,22.410215377807617,24.636871337890625,4823799.0
2020-03-18,23.008779525756836,23.008779525756836,16.759777069091797,18.044692993164062,3387110.0
2020-03-19,17.789306640625,21.71588134765625,16.368715286254883,20.255386352539062,4304055.0
2020-03-20,21.755786895751953,24.812450408935547,21.3886661529541,21.98723030090332,4842344.0
2020-03-23,21.17318344116211,25.674381256103516,21.165203094482422,24.75658416748047,2629546.0
2020-03-24,27.06304931640625,33.84676742553711,26.185155868530273,33.52753448486328,3213569.0
2020-03-25,34.67677688598633,37.06304931640625,30.566640853881836,30.734237670898438,2702596.0
2020-03-26,31.923383712768555,34.15003967285156,29.058259963989258,29.968076705932617,2133358.0
2020-03-27,28.5474853515625,30.35115623474121,27.972864151000977,29.10614585876465,2613132.0
2020-03-30,29.19393539428711,29.19393539428711,26.177175521850586,27.37430191040039,1737786.0
2020-03-31,26.97525978088379,28.347965240478516,25.61851692199707,26.855546951293945,1617874.0
2020-04-01,25.331205368041992,25.65842056274414,24.038307189941406,24.772546768188477,1911953.0
2020-04-02,24.74860382080078,25.21149253845215,21.197126388549805,22.57781219482422,2848946.0
2020-04-03,22.673582077026367,22.889066696166992,20.462888717651367,21.141260147094727,1778508.0
2020-04-06,23.12849235534668,26.169193267822266,22.928970336914062,24.868316650390625,3994815.0
2020-04-07,27.358339309692383,31.428571701049805,27.358339309692383,28.387868881225586,3024993.0
2020-04-08,28.73104476928711,33.335994720458984,28.65123748779297,32.49002456665039,2286725.0
2020-04-09,35.73822784423828,36.951316833496094,29.624900817871094,30.790103912353516,2842431.0
2020-04-13,29.425378799438477,29.928171157836914,26.9672794342041,28.587390899658203,2789178.0
2020-04-14,29.704708099365234,30.03990364074707,27.14285659790039,29.058259963989258,2390724.0
2020-04-15,27.342378616333008,27.749401092529297,26.081405639648438,27.54987907409668,1809959.0
2020-04-16,27.494014739990234,27.494014739990234,25.945730209350586,26.3367919921875,1948540.0
2020-04-17,27.7254581451416,30.279329299926758,27.709497451782227,30.215482711791992,2504872.0
2020-04-20,28.73104476928711,30.837989807128906,28.19632911682129,29.122106552124023,1507484.0
2020-04-21,27.932960510253906,29.7685546875,27.932960510253906,28.707103729248047,2071460.0
2020-04-22,29.968076705932617,30.303272247314453,28.50758171081543,29.27374267578125,1656591.0
2020-04-23,29.28172492980957,32.920989990234375,28.403831481933594,32.23463821411133,3689709.0
2020-04-24,32.553871154785156,33.87070846557617,30.925777435302734,32.242618560791016,4931307.0
2020-04-27,32.88108444213867,34.11013412475586,32.330406188964844,33.03272247314453,2512014.0
2020-04-28,35.498802185058594,38.57143020629883,34.80447006225586,37.988826751708984,2637440.0
2020-04-29,41.2609748840332,44.18196487426758,40.91779708862305,43.84676742553711,3437981.0
2020-04-30,42.825218200683594,42.84916305541992,39.91221237182617,39.9600944519043,2190745.0
2020-05-01,38.116519927978516,38.22825241088867,35.92178726196289,37.01516342163086,2457258.0
2020-05-04,35.12370300292969,37.1348762512207,34.373504638671875,36.983238220214844,1948039.0
2020-05-05,38.49959945678711,40.63846969604492,36.01755905151367,36.185157775878906,2436834.0
2020-05-06,36.78371810913086,37.31843566894531,34.405426025390625,34.88427734375,1830633.0
2020-05-07,35.70630645751953,37.73344039916992,35.53072738647461,36.31284713745117,1330310.0
2020-05-08,37.53392028808594,37.909019470214844,36.36073303222656,37.653629302978516,1531542.0
2020-05-11,36.6719856262207,36.983238220214844,34.16600036621094,34.33359909057617,2786923.0
2020-05-12,34.636871337890625,36.28890609741211,32.210693359375,32.298484802246094,2152403.0
2020-05-13,31.98723030090332,31.98723030090332,28.842777252197266,29.577014923095703,2807597.0
2020-05-14,28.723064422607422,32.04309844970703,28.036712646484375,31.428571701049805,2846190.0
2020-05-15,30.774141311645508,31.31683921813965,29.77653694152832,30.470869064331055,1852686.0
2020-05-18,32.69752502441406,36.041500091552734,32.46607971191406,35.778133392333984,2513142.0
2020-05-19,35.235435485839844,36.11332702636719,33.647247314453125,34.038307189941406,1651955.0
2020-05-20,35.12370300292969,36.93535614013672,34.87629699707031,35.179569244384766,1870604.0
2020-05-21,35.11572265625,35.84197998046875,33.750999450683594,34.36552429199219,1448719.0
2020-05-22,34.60494613647461,34.9241828918457,33.367916107177734,33.55945587158203,1432806.0
2020-05-26,36.39265823364258,40.13567352294922,35.88188171386719,39.441341400146484,3308171.0
2020-05-27,42.26655960083008,43.415802001953125,40.03192138671875,41.49241638183594,2673401.0
2020-05-28,41.516361236572266,41.58020782470703,38.85873794555664,39.106143951416016,1873235.0
2020-05-29,38.02873229980469,39.21787643432617,36.711891174316406,36.975257873535156,5332517.0
2020-06-01,37.174781799316406,40.822025299072266,36.92737579345703,39.82442092895508,2574414.0
2020-06-02,40.710296630859375,41.22904968261719,39.2418212890625,39.704708099365234,2041262.0
2020-06-03,41.205108642578125,44.28571319580078,41.205108642578125,44.03032684326172,2324691.0
2020-06-04,43.83878707885742,44.75658416748047,41.95530700683594,43.519554138183594,2632678.0
2020-06-05,47.701515197753906,49.936153411865234,46.83958435058594,48.15642547607422,3255043.0
2020-06-08,51.31684112548828,52.89704513549805,49.96807861328125,52.74541091918945,2804715.0
2020-06-09,49.55307388305664,52.21867370605469,49.026336669921875,50.68635177612305,2531311.0
2020-06-10,49.473262786865234,49.5770149230957,44.41340637207031,45.131683349609375,2644582.0
2020-06-11,41.14924240112305,42.474063873291016,37.54988098144531,37.96488571166992,3702991.0
2020-06-12,41.109336853027344,42.059059143066406,38.86671829223633,41.572227478027344,2911972.0
2020-06-15,39.106143951416016,41.101356506347656,38.3559455871582,40.59058380126953,2805843.0
2020-06-16,43.495609283447266,44.948123931884766,41.06943130493164,42.36233139038086,2523166.0
2020-06-17,42.210693359375,42.59377670288086,40.143653869628906,40.375099182128906,1824117.0
2020-06-18,39.537109375,40.31125259399414,38.15642547607422,38.93056869506836,2177589.0
2020-06-19,40.26336669921875,40.33519744873047,37.3663215637207,37.82920837402344,12193194.0
2020-06-22,37.64564895629883,38.47565841674805,36.79169845581055,37.82920837402344,3094158.0
2020-06-23,38.164405822753906,38.91460418701172,37.60574722290039,38.810855865478516,2233723.0
2020-06-24,37.86113357543945,38.53950500488281,35.63447570800781,36.26496505737305,2604486.0
2020-06-25,35.50678253173828,37.43016815185547,35.33918762207031,36.80766296386719,1923856.0
2020-06-26,36.352752685546875,36.60015869140625,33.8547477722168,34.21388626098633,2272065.0
2020-06-29,34.67677688598633,36.504390716552734,34.23782730102539,36.480445861816406,1613613.0
2020-06-30,36.24102020263672,37.08699035644531,35.442935943603516,36.009578704833984,1824995.0
2020-07-01,36.20909881591797,37.82122802734375,34.66081237792969,34.90821838378906,1718490.0
2020-07-02,36.07342529296875,36.91141128540039,34.70071792602539,34.87629699707031,1368151.0
2020-07-06,36.121307373046875,36.87948989868164,34.57302474975586,34.96408462524414,1936887.0
2020-07-07,34.557064056396484,34.900238037109375,33.3280143737793,33.519554138183594,1370907.0
2020-07-08,33.63926696777344,34.05427169799805,32.793296813964844,33.910614013671875,1352864.0
2020-07-09,33.990421295166016,34.13407897949219,31.197126388549805,31.84357452392578,2037629.0
2020-07-10,31.396648406982422,33.40782165527344,31.029529571533203,33.136470794677734,2184230.0
2020-07-13,33.727054595947266,34.42937088012695,32.49002456665039,32.69752502441406,1515754.0
2020-07-14,32.322425842285156,32.968875885009766,31.644054412841797,32.346370697021484,1073069.0
2020-07-15,33.910614013671875,35.17158889770508,33.25618362426758,34.94014358520508,2040886.0
2020-07-16,33.990421295166016,36.23303985595703,33.679168701171875,35.29928207397461,1503976.0
2020-07-17,35.20351028442383,35.411014556884766,33.45570755004883,33.92657470703125,1064674.0
2020-07-20,33.22426223754883,33.26416778564453,31.660015106201172,32.0191535949707,1653083.0
2020-07-21,32.62569808959961,34.20590591430664,32.609737396240234,33.73503494262695,2590828.0
2020-07-22,33.45570755004883,34.07821273803711,32.793296813964844,33.97446060180664,1650953.0
2020-07-23,35.051876068115234,37.02314376831055,34.541099548339844,35.722267150878906,2402878.0
2020-07-24,37.11093521118164,37.11093521118164,35.0758171081543,35.442935943603516,1734904.0
2020-07-27,35.11572265625,35.3072624206543,34.006385803222656,35.003990173339844,1002149.0
2020-07-28,34.62889099121094,35.58659362792969,34.26177215576172,34.33359909057617,876724.0
2020-07-29,34.1260986328125,36.38467788696289,34.11013412475586,36.25698471069336,1035229.0
2020-07-30,35.24341583251953,35.626495361328125,34.28571319580078,35.514766693115234,1000019.0
2020-07-31,35.37908935546875,35.4509162902832,33.98244094848633,35.40303421020508,1300363.0
2020-08-03,35.56264877319336,36.39265823364258,34.65283203125,35.86592102050781,998641.0
2020-08-04,35.83399963378906,36.31284713745117,34.67677688598633,34.74860382080078,1216788.0
2020-08-05,35.80207443237305,36.225059509277344,34.83639144897461,36.17717361450195,1130206.0
2020-08-06,35.953712463378906,36.93535614013672,35.37908935546875,36.15323257446289,808436.0
2020-08-07,35.79409408569336,36.863529205322266,35.267356872558594,36.83160400390625,757940.0
2020-08-10,37.24660873413086,38.635276794433594,37.15083694458008,37.74142074584961,1203131.0
2020-08-11,39.19393539428711,40.582603454589844,38.946529388427734,39.03431701660156,1488188.0
2020-08-12,39.71268844604492,39.91221237182617,37.557861328125,38.18036651611328,940251.0
2020-08-13,37.47007369995117,38.60335159301758,37.079010009765625,37.5977668762207,671232.0
2020-08-14,37.126895904541016,38.86671829223633,37.11093521118164,38.18036651611328,673863.0
2020-08-17,38.01276779174805,38.403831481933594,37.46208953857422,37.5179557800293,849033.0
2020-08-18,37.45410919189453,37.45410919189453,35.7701530456543,36.137271881103516,1803318.0
2020-08-19,35.92976760864258,37.446128845214844,35.92976760864258,36.40861892700195,1158774.0
2020-08-20,35.94572830200195,36.1053466796875,34.59696578979492,34.72466278076172,1313395.0
2020-08-21,34.269752502441406,35.227455139160156,34.15003967285156,34.46927261352539,830488.0
2020-08-24,34.82841110229492,36.767757415771484,34.39744567871094,36.38467788696289,1022072.0
2020-08-25,36.711891174316406,37.48603439331055,35.857940673828125,36.687950134277344,933485.0
2020-08-26,36.91141128540039,37.182762145996094,35.48284149169922,35.84996032714844,783877.0
2020-08-27,35.730247497558594,37.56584167480469,35.730247497558594,37.11891555786133,1105021.0
2020-08-28,37.50997543334961,37.669593811035156,36.42457962036133,37.47007369995117,1338204.0
2020-08-31,37.47007369995117,37.47007369995117,35.80207443237305,36.00159454345703,1174813.0
2020-09-01,36.31284713745117,36.815643310546875,35.61053466796875,36.0654411315918,832869.0
2020-09-02,36.05746078491211,36.863529205322266,35.7701530456543,36.767757415771484,1315399.0
2020-09-03,36.863529205322266,38.23623275756836,35.8739013671875,36.16121292114258,1275805.0
2020-09-04,37.2865104675293,38.62729263305664,36.28092575073242,38.395851135253906,1659974.0
2020-09-08,37.494014739990234,38.51556396484375,36.82362365722656,37.24660873413086,1239468.0
2020-09-09,37.38228225708008,37.38228225708008,35.35514831542969,36.43256378173828,1485306.0
2020-09-10,36.847564697265625,38.05267333984375,35.985633850097656,36.09736633300781,888001.0
2020-09-11,35.69832229614258,36.2968864440918,35.04389572143555,36.11332702636719,1053522.0
2020-09-14,36.456504821777344,37.23064422607422,36.19313430786133,36.975257873535156,899028.0
2020-09-15,37.11093521118164,37.42218780517578,35.32322311401367,35.40303421020508,1133464.0
2020-09-16,35.53072738647461,38.04469299316406,35.35514831542969,37.54988098144531,1596071.0
2020-09-17,36.320831298828125,38.036712646484375,36.320831298828125,37.909019470214844,969446.0
2020-09-18,37.89305877685547,38.46767807006836,36.9912223815918,37.00718307495117,2028356.0
2020-09-21,35.63447570800781,36.089385986328125,34.87629699707031,35.993614196777344,1593691.0
2020-09-22,36.687950134277344,37.27054977416992,34.49321746826172,34.82841110229492,1309134.0
2020-09-23,34.98004913330078,35.8739013671875,33.43974685668945,33.495609283447266,1286079.0
2020-09-24,33.280128479003906,34.41340637207031,31.739824295043945,33.774940490722656,1907818.0
2020-09-25,33.35195541381836,34.277732849121094,33.20830154418945,33.519554138183594,1374290.0
2020-09-28,34.81245040893555,34.96408462524414,34.03032684326172,34.52513885498047,979220.0
2020-09-29,34.38946533203125,34.38946533203125,33.25618362426758,34.173980712890625,883992.0
2020-09-30,34.245811462402344,34.716678619384766,33.2003173828125,33.50358963012695,1412883.0
2020-10-01,33.8946533203125,34.67677688598633,33.7031135559082,34.66879653930664,1766730.0
2020-10-02,33.80686569213867,36.64006423950195,33.60734176635742,36.169193267822266,1441702.0
2020-10-05,36.687950134277344,37.82920837402344,36.62410354614258,37.446128845214844,1330811.0
2020-10-06,37.909019470214844,39.06624221801758,36.5283317565918,36.711891174316406,1373789.0
2020-10-07,37.35036087036133,37.95690155029297,36.863529205322266,37.326416015625,672986.0
2020-10-08,37.89305877685547,38.73104476928711,37.414207458496094,38.635276794433594,881235.0
2020-10-09,39.106143951416016,39.473262786865234,38.316043853759766,38.80287170410156,955538.0
2020-10-12,39.09816360473633,39.14604949951172,38.164405822753906,38.70710372924805,706567.0
2020-10-13,39.63288116455078,40.48683166503906,39.19393539428711,39.95211410522461,1532294.0
2020-10-14,39.51316833496094,42.08300018310547,39.385475158691406,41.67597961425781,2052539.0
2020-10-15,40.80606460571289,42.07501983642578,40.48683166503906,42.02713394165039,1087479.0
2020-10-16,42.36233139038086,44.43735122680664,42.17877197265625,43.8946533203125,1694432.0
2020-10-19,43.782920837402344,44.972068786621094,42.817237854003906,43.280128479003906,1504101.0
2020-10-20,43.63128662109375,43.87070846557617,41.252994537353516,41.308860778808594,1580534.0
2020-10-21,41.27693557739258,41.62809371948242,38.715084075927734,38.794891357421875,1485306.0
2020-10-22,39.18595504760742,39.648841857910156,38.531524658203125,39.569034576416016,1285703.0
2020-10-23,39.71268844604492,40.45490646362305,38.403831481933594,38.794891357421875,1222552.0
2020-10-26,38.02873229980469,38.15642547607422,36.320831298828125,37.27054977416992,1420150.0
2020-10-27,37.01516342163086,37.07102966308594,35.83399963378906,35.94572830200195,1099257.0
2020-10-28,34.67677688598633,35.84996032714844,34.15802001953125,34.9241828918457,1804571.0
2020-10-29,36.3766975402832,41.75578689575195,35.37110900878906,41.53232192993164,3729429.0
2020-10-30,41.01356887817383,42.13886642456055,39.77653503417969,41.13328170776367,2042139.0
2020-11-02,41.747806549072266,44.36552429199219,41.39664840698242,44.094173431396484,2286976.0
2020-11-03,44.716678619384766,46.272945404052734,44.094173431396484,45.78611373901367,1499465.0
2020-11-04,45.43495559692383,46.448524475097656,43.367916107177734,45.211490631103516,1168423.0
2020-11-05,45.69034194946289,47.3663215637207,45.69034194946289,46.78371810913086,1213781.0
2020-11-06,47.174781799316406,47.76536178588867,46.31284713745117,46.82362365722656,1601710.0
2020-11-09,51.7877082824707,56.169193267822266,51.7877082824707,55.33918762207031,2451244.0
2020-11-10,55.88986587524414,56.44054412841797,53.335994720458984,55.227455139160156,1351736.0
2020-11-11,55.722267150878906,56.249000549316406,51.31684112548828,51.38068771362305,1487812.0
2020-11-12,50.247406005859375,50.73423767089844,48.18834686279297,49.44932174682617,1428545.0
2020-11-13,50.39105987548828,52.93695068359375,49.99201965332031,52.72146987915039,979094.0
2020-11-16,54.78052520751953,57.06304931640625,54.75658416748047,55.74620819091797,1461249.0
2020-11-17,54.88427734375,55.522743225097656,52.94493103027344,54.868316650390625,1358127.0
2020-11-18,54.716678619384766,56.24102020263672,53.367916107177734,53.415802001953125,1309636.0
2020-11-19,53.232242584228516,54.49321746826172,52.793296813964844,54.245811462402344,1526029.0
2020-11-20,54.15003967285156,54.38946533203125,52.609737396240234,52.99281692504883,785756.0
2020-11-23,54.485233306884766,57.19872283935547,53.71907424926758,56.6719856262207,934738.0
2020-11-24,58.53950500488281,60.10375213623047,57.86113357543945,59.90422821044922,1416015.0
2020-11-25,59.01835632324219,60.15961837768555,57.94892120361328,59.51316833496094,949273.0
2020-11-27,59.856346130371094,60.0,58.794891357421875,59.51316833496094,399832.0
2020-11-30,59.537109375,60.10375213623047,58.1245002746582,58.37190628051758,1440198.0
2020-12-01,59.800479888916016,62.72146987915039,59.46528244018555,60.837989807128906,1275303.0
2020-12-02,60.0,63.35993576049805,59.2418212890625,63.16041564941406,1226311.0
2020-12-03,62.96089553833008,66.45650482177734,62.51396560668945,65.80207824707031,1282821.0
2020-12-04,66.79170227050781,68.27613830566406,65.76216888427734,66.72785186767578,1386445.0
2020-12-07,66.03352355957031,66.58419799804688,64.08618927001953,64.69273376464844,1812966.0
2020-12-08,63.84676742553711,64.86831665039062,60.343177795410156,60.614524841308594,1964955.0
2020-12-09,61.308860778808594,62.00319290161133,59.00239562988281,59.8084602355957,2123209.0
2020-12-10,58.33200454711914,60.41500473022461,57.909019470214844,59.74461364746094,1416141.0
2020-12-11,58.898643493652344,58.898643493652344,57.00718307495117,57.99680709838867,1118428.0
2020-12-14,59.537109375,60.43894577026367,57.174781799316406,57.5179557800293,1898420.0
2020-12-15,57.46208953857422,57.701515197753906,55.466880798339844,57.494014739990234,1255506.0
2020-12-16,57.82920837402344,58.23623275756836,56.44054412841797,57.05506896972656,835751.0
2020-12-17,57.14285659790039,57.414207458496094,55.79409408569336,56.46448516845703,722104.0
2020-12-18,56.34477233886719,57.07102966308594,55.56264877319336,57.02314376831055,1939519.0
2020-12-21,55.43495559692383,56.0654411315918,54.07023239135742,54.49321746826172,2421924.0
2020-12-22,55.051876068115234,55.363128662109375,53.82282638549805,54.03032684326172,943258.0
2020-12-23,54.972068786621094,58.36392593383789,54.44533157348633,56.91141128540039,1120809.0
2020-12-24,57.2865104675293,57.76536178588867,55.97765350341797,57.47007369995117,433287.0
2020-12-28,57.50997543334961,58.635276794433594,57.27853012084961,57.83719253540039,806306.0
2020-12-29,58.22825241088867,58.33200454711914,56.59217834472656,56.664005279541016,686519.0
2020-12-30,56.70391082763672,58.842777252197266,56.70391082763672,58.80287170410156,766585.0
2020-12-31,58.72306442260742,60.00798034667969,57.709495544433594,59.13806915283203,901909.0
2021-01-04,59.45730209350586,60.03192138671875,56.272945404052734,56.60813903808594,760320.0
2021-01-05,56.616119384765625,58.531524658203125,56.616119384765625,57.701515197753906,816079.0
2021-01-06,58.898643493652344,64.19792175292969,58.842777252197266,62.968875885009766,1764725.0
2021-01-07,61.03750991821289,62.689544677734375,58.44373321533203,62.505985260009766,2545595.0
2021-01-08,62.64963912963867,63.04070281982422,58.61931228637695,59.45730209350586,1096250.0
2021-01-11,58.116519927978516,59.77653503417969,57.66161346435547,58.196327209472656,978092.0
2021-01-12,58.26017761230469,59.2019157409668,57.541900634765625,58.85075759887695,569614.0
2021-01-13,59.05826187133789,59.856346130371094,58.50758361816406,58.85075759887695,1167420.0
2021-01-14,59.784515380859375,60.54269790649414,58.794891357421875,59.68076705932617,1669372.0
2021-01-15,58.26017761230469,59.05826187133789,55.8739013671875,56.679969787597656,1714731.0
2021-01-19,57.71747970581055,58.579410552978516,57.19872283935547,58.06065368652344,2614385.0
2021-01-20,58.26017761230469,59.177974700927734,58.020748138427734,58.116519927978516,873842.0
2021-01-21,57.68555450439453,58.65123748779297,56.1053466796875,56.87150955200195,1215159.0
2021-01-22,55.8739013671875,56.64006423950195,55.09178161621094,56.52035140991211,1247362.0
2021-01-25,55.442935943603516,56.169193267822266,54.03032684326172,55.27533721923828,709198.0
2021-01-26,56.456504821777344,56.92737579345703,54.65283203125,54.74860382080078,881360.0
2021-01-27,53.39984130859375,54.98004913330078,52.098960876464844,53.9345588684082,3135883.0
2021-01-28,57.81324768066406,59.04229736328125,53.727054595947266,56.49641036987305,1776629.0
2021-01-29,56.64804458618164,57.39824295043945,53.47964859008789,53.990421295166016,1526530.0
2021-02-01,54.533119201660156,54.95610427856445,53.335994720458984,54.014366149902344,1257010.0
2021-02-02,55.25139617919922,56.00159454345703,54.05427169799805,55.65044021606445,1028337.0
2021-02-03,56.70391082763672,60.247406005859375,56.249000549316406,59.99201965332031,1391582.0
2021-02-04,60.478851318359375,66.54429626464844,60.31125259399414,66.36073303222656,3006448.0
2021-02-05,66.43256378173828,69.49720764160156,66.43256378173828,67.72545623779297,1972097.0
2021-02-08,67.67757415771484,69.2418212890625,66.43256378173828,69.04229736328125,906170.0
2021-02-09,69.14604949951172,69.28172302246094,65.74620819091797,66.56025695800781,993754.0
2021-02-10,67.33439636230469,70.05586242675781,66.75179290771484,68.42777252197266,1000019.0
2021-02-11,68.11652374267578,69.26576232910156,65.57063293457031,66.67198944091797,821091.0
2021-02-12,66.31285095214844,67.39026641845703,65.46688079833984,66.38467407226562,566481.0
2021-02-16,67.90103912353516,70.2314453125,67.53392028808594,69.52114868164062,1517258.0
2021-02-17,68.43575286865234,70.1516342163086,68.06863403320312,69.10614776611328,620235.0
2021-02-18,67.9329605102539,68.87470245361328,66.24102020263672,66.7996826171875,715839.0
2021-02-19,67.60574340820312,69.3296127319336,67.15084075927734,68.97047424316406,897148.0
2021-02-22,69.00239562988281,72.45011901855469,68.6352767944336,69.52114868164062,997889.0
2021-02-23,69.81644439697266,72.94493103027344,67.8691177368164,72.76935577392578,1528159.0
2021-02-24,72.98483276367188,76.632080078125,72.49002075195312,75.7861099243164,964559.0
2021-02-25,75.4988021850586,76.5682373046875,72.31444549560547,73.27214813232422,918198.0
2021-02-26,72.96089172363281,77.80526733398438,71.9154052734375,77.01516723632812,2149271.0
2021-03-01,78.80287170410156,80.35913848876953,77.29449462890625,79.48922729492188,1750692.0
2021-03-02,79.23384094238281,80.49481201171875,77.30247497558594,77.39824676513672,856426.0
2021-03-03,77.90901947021484,81.70790100097656,77.66161346435547,80.68635559082031,1245733.0
2021-03-04,80.20750427246094,82.03511810302734,75.04389190673828,77.6456527709961,1415264.0
2021-03-05,78.89864349365234,83.76696014404297,75.42697143554688,82.80127716064453,1423533.0
2021-03-08,83.79888153076172,85.38706970214844,82.80925750732422,84.0383071899414,1399100.0
2021-03-09,83.25618743896484,87.59776306152344,82.16281127929688,85.69034576416016,1606346.0
2021-03-10,86.16919708251953,87.77334594726562,84.29369354248047,86.88746643066406,1384816.0
2021-03-11,86.4804458618164,88.26815795898438,85.6664047241211,87.02314758300781,1589932.0
2021-03-12,87.789306640625,89.13008880615234,86.99121856689453,88.14046478271484,1013928.0
2021-03-15,89.16999053955078,92.42617797851562,87.1747817993164,92.24261474609375,2051537.0
2021-03-16,92.57781219482422,93.38388061523438,88.50758361816406,89.9201889038086,1430425.0
2021-03-17,89.49720764160156,94.2138900756836,89.40941619873047,93.02474212646484,907924.0
2021-03-18,92.97685241699219,96.00957489013672,89.84038543701172,90.5427017211914,1233453.0
2021-03-19,90.65442657470703,93.59137725830078,88.41181182861328,91.87549591064453,1725005.0
2021-03-22,90.8379898071289,92.0670394897461,87.08699035644531,88.21228790283203,1053522.0
2021-03-23,86.1931381225586,88.78691101074219,83.43974304199219,84.22985076904297,937244.0
2021-03-24,85.7222671508789,88.47565460205078,84.78052520751953,84.78052520751953,495311.0
2021-03-25,83.5115737915039,90.11173248291016,83.10454559326172,89.27374267578125,774981.0
2021-03-26,92.17877197265625,94.86033630371094,90.12769317626953,94.72466278076172,1325925.0
2021-03-29,94.81244659423828,96.79170227050781,88.35594940185547,89.20191192626953,888377.0
2021-03-30,89.52912902832031,92.63368225097656,89.35355377197266,91.93934631347656,432285.0
2021-03-31,92.1308822631836,92.54589080810547,89.35355377197266,89.4572982788086,802421.0
2021-04-01,90.33519744873047,91.28491973876953,88.90662384033203,90.462890625,655820.0
2021-04-05,92.03511810302734,92.2984848022461,89.63288116455078,90.55866241455078,965938.0
2021-04-06,90.79010772705078,92.34636688232422,89.88028717041016,90.16759490966797,850411.0
2021-04-07,90.88587188720703,91.57222747802734,88.2282485961914,89.21788024902344,832117.0
2021-04-08,87.789306640625,90.3750991821289,86.21707916259766,89.12210845947266,784754.0
2021-04-09,88.37191009521484,89.56105041503906,86.36871337890625,87.6376724243164,866825.0
2021-04-12,88.34796142578125,89.3296127319336,87.4062271118164,89.14604949951172,770094.0
2021-04-13,88.49162292480469,88.5474853515625,83.79090118408203,84.37350463867188,1761718.0
2021-04-14,84.46129608154297,88.2282485961914,83.79888153076172,85.90582275390625,1521518.0
2021-04-15,85.89784240722656,86.40862274169922,83.09656524658203,85.7940902709961,1479542.0
2021-04-16,86.87948608398438,88.03671264648438,85.57861328125,87.61372375488281,1115671.0
2021-04-19,87.789306640625,88.81883239746094,85.81005859375,86.61611938476562,1112413.0
2021-04-20,85.61053466796875,85.97765350341797,81.09337615966797,81.41261291503906,997137.0
2021-04-21,81.42857360839844,84.03032684326172,81.42857360839844,83.83080291748047,911558.0
2021-04-22,84.32562255859375,85.7861099243164,83.23224639892578,84.00638580322266,705439.0
2021-04-23,84.2059097290039,86.03352355957031,83.75897979736328,85.45092010498047,446319.0
2021-04-26,86.26496124267578,87.91699981689453,84.70870208740234,84.99600982666016,718721.0
2021-04-27,84.42138671875,85.2035140991211,83.2003173828125,84.16600036621094,494309.0
2021-04-28,84.19792175292969,86.2569808959961,83.71907043457031,86.06544494628906,1219169.0
2021-04-29,88.58738708496094,96.4166030883789,88.58738708496094,94.68475341796875,3070351.0
2021-04-30,94.17398071289062,96.00957489013672,93.41580200195312,94.05426788330078,2340729.0
2021-05-03,95.80207824707031,97.74939727783203,92.442138671875,93.26416778564453,1083469.0
2021-05-04,93.0486831665039,95.77014923095703,91.41261291503906,95.4349594116211,1052395.0
2021-05-05,96.24102020263672,97.95690155029297,94.58100891113281,97.50199127197266,873592.0
2021-05-06,98.96248626708984,100.2952880859375,94.32562255859375,96.31285095214844,594799.0
2021-05-07,96.08938598632812,100.87789154052734,95.28331756591797,99.65682220458984,788012.0
2021-05-10,99.7685546875,102.1468505859375,97.13487243652344,97.4062271118164,1079460.0
2021-05-11,93.90263366699219,97.52593994140625,92.72944641113281,96.3367919921875,856426.0
2021-05-12,99.11412811279297,99.80047607421875,90.82202911376953,91.1332778930664,788137.0
2021-05-13,90.58260345458984,93.88667297363281,89.66480255126953,92.54589080810547,1160529.0
2021-05-14,93.32801055908203,96.60015869140625,91.29290008544922,96.2490005493164,539792.0
2021-05-17,95.23543548583984,97.78132629394531,94.92417907714844,97.44612884521484,506212.0
2021-05-18,97.94892120361328,99.23384094238281,94.86033630371094,95.60255432128906,1024954.0
2021-05-19,94.42138671875,95.23543548583984,91.41261291503906,94.89225769042969,857929.0
2021-05-20,95.89784240722656,97.35833740234375,92.20271301269531,93.16839599609375,976714.0
2021-05-21,94.01436614990234,95.99361419677734,93.46368408203125,93.94253540039062,916695.0
2021-05-24,94.16600036621094,95.55467224121094,92.65762329101562,94.41340637207031,836252.0
2021-05-25,94.95610809326172,96.36871337890625,90.96568298339844,91.11731719970703,1061166.0
2021-05-26,92.11492156982422,94.44532775878906,91.71588134765625,93.54349517822266,678374.0
2021-05-27,94.78850555419922,97.66959381103516,94.18196105957031,97.2625732421875,1196364.0
2021-05-28,97.30247497558594,97.58978271484375,94.42138671875,96.60813903808594,647300.0
2021-06-01,98.14046478271484,100.53471374511719,98.09257507324219,99.40941619873047,946015.0
2021-06-02,100.03990173339844,102.28252410888672,98.57142639160156,99.537109375,965938.0
2021-06-03,98.74700927734375,99.4732666015625,97.60574340820312,98.020751953125,776985.0
2021-06-04,96.75179290771484,97.66959381103516,92.91300964355469,94.30965423583984,2886787.0
2021-06-07,94.85235595703125,95.41899108886719,92.92098999023438,93.79090118408203,1026332.0
2021-06-08,92.66560363769531,93.78292083740234,91.11731719970703,92.5219497680664,922584.0
2021-06-09,92.68156433105469,93.43974304199219,91.9154052734375,92.16281127929688,614972.0
2021-06-10,93.0486831665039,93.40782165527344,88.97047424316406,89.05027770996094,1009292.0
2021-06-11,90.01596069335938,90.3112564086914,87.16680145263672,89.19393157958984,1341462.0
2021-06-14,89.63288116455078,90.03990173339844,86.67198944091797,87.7015151977539,864695.0
2021-06-15,88.33998107910156,91.6041488647461,88.13248443603516,90.7581787109375,1702326.0
2021-06-16,90.27134704589844,93.08858489990234,89.4732666015625,92.08300018310547,1389326.0
2021-06-17,92.02713775634766,92.74541473388672,83.55945587158203,85.41899108886719,1235333.0
2021-06-18,83.32003021240234,83.99042510986328,80.89385223388672,82.22665405273438,1874864.0
2021-06-21,83.44772338867188,85.38706970214844,83.06464385986328,84.69273376464844,713458.0
2021-06-22,84.29369354248047,84.74860382080078,80.76615905761719,84.07022857666016,1596322.0
2021-06-23,84.00638580322266,85.41899108886719,83.5754165649414,84.62889099121094,757063.0
2021-06-24,85.7302474975586,86.4804458618164,84.19792175292969,86.30487060546875,560216.0
2021-06-25,86.52833557128906,87.35833740234375,85.53072357177734,86.87150573730469,943509.0
2021-06-28,86.13726806640625,86.6560287475586,81.86751556396484,82.48204040527344,910179.0
2021-06-29,83.40782165527344,84.38148498535156,81.26097106933594,81.80367279052734,1367274.0
2021-06-30,81.70790100097656,84.2777328491211,80.86991119384766,83.15243530273438,954786.0
2021-07-01,83.67118835449219,86.50438690185547,83.62330627441406,85.50678253173828,750672.0
2021-07-02,85.1955337524414,86.16121673583984,83.94253540039062,84.44532775878906,613469.0
2021-07-06,84.32562255859375,84.44532775878906,81.24501037597656,82.3543472290039,1134341.0
2021-07-07,82.3623275756836,83.79888153076172,81.02952575683594,82.64166259765625,1022323.0
2021-07-08,80.0798110961914,83.38388061523438,78.91460418701172,79.93614959716797,1355495.0
2021-07-09,81.78771209716797,84.94812774658203,81.5403060913086,84.41340637207031,896772.0
2021-07-12,82.79329681396484,86.75179290771484,81.8914566040039,85.29927825927734,957793.0
2021-07-13,84.5011978149414,85.1955337524414,82.71348571777344,82.88906860351562,759819.0
2021-07-14,84.47725677490234,85.34716796875,81.6041488647461,81.86751556396484,605199.0
2021-07-15,80.78211975097656,82.21867370605469,79.1620101928711,80.53471374511719,890507.0
2021-07-16,81.44453430175781,81.5403060913086,78.14844512939453,78.55546569824219,639155.0
2021-07-19,75.48284149169922,76.632080078125,74.22985076904297,74.81244659423828,1038737.0
2021-07-20,75.14764404296875,78.52354431152344,74.70072174072266,77.8531494140625,801795.0
2021-07-21,79.08220672607422,81.26895141601562,79.02633666992188,79.66480255126953,540419.0
2021-07-22,79.2418212890625,79.27374267578125,76.4245834350586,77.99681091308594,1276932.0
2021-07-23,79.10614776611328,80.02394104003906,78.23623657226562,78.87470245361328,530019.0
2021-07-26,79.0103759765625,81.10933685302734,78.13248443603516,79.44932556152344,583397.0
2021-07-27,77.9409408569336,79.40941619873047,77.06304931640625,78.59536743164062,719347.0
2021-07-28,79.26576232910156,80.56664276123047,76.28890991210938,79.08220672607422,1141483.0
2021-07-29,78.19632720947266,79.9201889038086,76.2569808959961,77.7094955444336,828484.0
2021-07-30,75.90582275390625,77.19872283935547,74.1260986328125,74.42138671875,1450723.0
2021-08-02,75.13966369628906,78.19632720947266,73.95850372314453,74.41340637207031,1472275.0
2021-08-03,74.42138671875,74.77254486083984,71.5323257446289,74.24581146240234,1020819.0
2021-08-04,72.98483276367188,75.41899108886719,72.23463439941406,72.50598907470703,795279.0
2021-08-05,73.08060455322266,75.29129791259766,72.62569427490234,73.599365234375,630134.0
2021-08-06,74.78052520751953,75.47486114501953,74.0383071899414,75.1955337524414,744157.0
2021-08-09,74.3575439453125,74.54907989501953,72.905029296875,73.26416778564453,760070.0
2021-08-10,73.35993957519531,74.54109954833984,73.00878143310547,74.3335952758789,613093.0
2021-08-11,74.5650405883789,75.67437744140625,73.11253356933594,75.39505004882812,463861.0
2021-08-12,75.0359115600586,75.65841674804688,73.02474212646484,74.37350463867188,426897.0
2021-08-13,74.65283203125,75.01197052001953,73.18435668945312,73.45570373535156,381539.0
2021-08-16,72.25060272216797,73.0486831665039,71.24501037597656,72.46607971191406,682634.0
2021-08-17,71.81963348388672,72.11492156982422,69.65682220458984,71.66799926757812,834373.0
2021-08-18,71.516357421875,74.14205932617188,70.72625732421875,72.63368225097656,1033600.0
2021-08-19,71.3008804321289,72.32242584228516,70.43894958496094,71.94732666015625,957417.0
2021-08-20,71.73982238769531,72.74541473388672,71.02952575683594,72.673583984375,661208.0
2021-08-23,73.9744644165039,74.18994140625,71.90742492675781,72.23463439941406,746162.0
2021-08-24,72.8172378540039,75.56265258789062,72.8172378540039,74.7964859008789,589161.0
2021-08-25,75.6664047241211,78.29209899902344,74.70072174072266,77.57382202148438,1018188.0
2021-08-26,77.60574340820312,77.60574340820312,75.16360473632812,75.81803894042969,556332.0
2021-08-27,75.82601928710938,78.6272964477539,75.61053466796875,78.11652374267578,716215.0
2021-08-30,79.44133758544922,79.49720764160156,75.41899108886719,75.52274322509766,1123064.0
2021-08-31,76.44852447509766,79.0981674194336,76.00957489013672,78.30007934570312,1450974.0
2021-09-01,78.30805969238281,78.37989044189453,75.92977142333984,75.96967315673828,1141107.0
2021-09-02,76.2569808959961,76.74381256103516,74.69273376464844,75.4988021850586,691030.0
2021-09-03,75.69832611083984,76.12130737304688,74.70072174072266,75.57861328125,568486.0
2021-09-07,75.81803894042969,77.62969207763672,75.29129791259766,75.51476287841797,755058.0
2021-09-08,75.41899108886719,75.92179107666016,73.47965240478516,73.70310974121094,554578.0
2021-09-09,73.94253540039062,76.12928771972656,73.82282257080078,75.44293975830078,1685285.0
2021-09-10,76.1053466796875,77.50997924804688,74.17398071289062,74.25379180908203,602192.0
2021-09-13,75.53870391845703,77.96488189697266,75.01995086669922,76.5682373046875,866450.0
2021-09-14,76.67996978759766,77.51795959472656,74.07022857666016,74.5011978149414,681632.0
2021-09-15,74.25379180908203,77.9409408569336,74.07022857666016,77.4062271118164,1665112.0
2021-09-16,78.00479125976562,81.02154541015625,77.62171173095703,79.0103759765625,1119681.0
2021-09-17,78.73902893066406,79.48124694824219,76.61611938476562,76.99121856689453,1052771.0
2021-09-20,74.30965423583984,75.53870391845703,72.7613754272461,73.99042510986328,698046.0
2021-09-21,74.71668243408203,74.86033630371094,72.64964294433594,73.91061401367188,629006.0
2021-09-22,74.72466278076172,76.93535614013672,74.72466278076172,76.00957489013672,469875.0
2021-09-23,76.28092956542969,80.1436538696289,76.28092956542969,79.60095977783203,875596.0
2021-09-24,79.3934555053711,83.39984130859375,79.3934555053711,81.70790100097656,979721.0
2021-09-27,82.21867370605469,84.66081237792969,81.69194030761719,83.20829772949219,1028337.0
2021-09-28,83.5754165649414,84.46927642822266,82.04309844970703,82.15483093261719,1398849.0
2021-09-29,82.39425659179688,83.07262420654297,80.87789154052734,82.01116943359375,546433.0
2021-09-30,82.3623275756836,82.3623275756836,80.1516342163086,80.51875305175781,1242350.0
2021-10-01,80.55866241455078,84.17398071289062,80.55866241455078,83.17637634277344,444063.0
2021-10-04,83.25618743896484,84.30965423583984,81.1412582397461,81.47645568847656,583647.0
2021-10-05,82.05107879638672,83.79090118408203,81.31684112548828,82.05107879638672,763453.0
2021-10-06,80.33519744873047,81.90742492675781,79.40143585205078,80.96568298339844,795404.0
2021-10-07,82.04309844970703,83.12849426269531,81.12529754638672,81.31684112548828,663714.0
2021-10-08,81.98722839355469,83.23224639892578,81.21308898925781,81.27693176269531,205743.0
2021-10-11,81.77973175048828,82.49800872802734,77.76536560058594,78.27613830566406,444940.0
2021-10-12,78.27613830566406,80.1436538696289,78.19632720947266,79.36951446533203,391061.0
2021-10-13,79.29768371582031,79.4572982788086,76.82362365722656,77.0071792602539,449827.0
2021-10-14,78.56344604492188,79.27374267578125,77.46208953857422,79.00239562988281,417500.0
2021-10-15,79.92816925048828,81.32482147216797,79.48124694824219,79.73663330078125,944511.0
2021-10-18,79.3056640625,80.77413940429688,78.57142639160156,79.88028717041016,424391.0
2021-10-19,80.09577178955078,80.9018325805664,78.76296997070312,80.55067443847656,562597.0
2021-10-20,80.16759490966797,81.42857360839844,79.60095977783203,81.3727035522461,513730.0
2021-10-21,81.24501037597656,81.64405059814453,75.1955337524414,76.88746643066406,1178447.0
2021-10-22,76.79170227050781,78.30007934570312,76.52034759521484,77.73343658447266,1282446.0
2021-10-25,78.41181182861328,79.96009826660156,78.04469299316406,78.14844512939453,1798556.0
2021-10-26,78.81085205078125,78.81085205078125,74.92417907714844,75.21947479248047,995133.0
2021-10-27,74.62889099121094,74.83639526367188,70.47885131835938,70.63048553466797,1519137.0
2021-10-28,71.42857360839844,72.89704895019531,68.8667221069336,68.94652557373047,2891924.0
2021-10-29,68.8587417602539,69.14604949951172,67.84516906738281,68.03671264648438,2554616.0
2021-11-01,69.05027770996094,73.33599090576172,68.80287170410156,72.53791046142578,1361886.0
2021-11-02,72.46607971191406,72.68954467773438,68.79489135742188,69.1620101928711,833370.0
2021-11-03,68.53152465820312,70.74221801757812,68.06863403320312,69.63288116455078,907799.0
2021-11-04,69.80845642089844,70.68635559082031,68.55546569824219,69.56903076171875,1079460.0
2021-11-05,71.49241638183594,73.69512939453125,71.18914794921875,73.35993957519531,1419900.0
2021-11-08,74.01000213623047,76.31999969482422,73.9000015258789,74.97000122070312,1696500.0
2021-11-09,74.30000305175781,75.80000305175781,72.97000122070312,75.79000091552734,1492000.0
2021-11-10,75.55999755859375,79.9800033569336,75.48999786376953,78.12999725341797,1077000.0
2021-11-11,78.2300033569336,80.80000305175781,77.5,80.08000183105469,921900.0
2021-11-12,80.25,80.93000030517578,79.33000183105469,80.04000091552734,683400.0
2021-11-15,80.56999969482422,80.88999938964844,79.41999816894531,79.91999816894531,571100.0
2021-11-16,79.38999938964844,79.88999938964844,76.72000122070312,77.94999694824219,721200.0
2021-11-17,77.08000183105469,77.48999786376953,76.0999984741211,77.19999694824219,834700.0
2021-11-18,77.88999938964844,77.88999938964844,74.08000183105469,75.61000061035156,550300.0
2021-11-19,74.25,75.04000091552734,73.7699966430664,74.37000274658203,576700.0
2021-11-22,74.97000122070312,75.08000183105469,73.11000061035156,74.20999908447266,509100.0
2021-11-23,74.20999908447266,75.98999786376953,73.5,75.38999938964844,547000.0
2021-11-24,74.7300033569336,77.08000183105469,74.41999816894531,75.94000244140625,461000.0
2021-11-26,71.81999969482422,73.16000366210938,70.48999786376953,72.30999755859375,626200.0
2021-11-29,73.5,73.80000305175781,69.94000244140625,70.72000122070312,748200.0
2021-11-30,69.04000091552734,69.75,66.68000030517578,68.16000366210938,950000.0
2021-12-01,69.8499984741211,71.19999694824219,68.12999725341797,68.16000366210938,877000.0
2021-12-02,69.26000213623047,72.08000183105469,68.43000030517578,71.33999633789062,772000.0
2021-12-03,71.73999786376953,72.19999694824219,70.13999938964844,70.69000244140625,473800.0
2021-12-06,71.87999725341797,74.19999694824219,70.97000122070312,72.38999938964844,586600.0
2021-12-07,73.48999786376953,76.5,73.43000030517578,74.31999969482422,3344800.0
2021-12-08,74.47000122070312,75.55999755859375,73.45999908447266,74.13999938964844,2982100.0
2021-12-09,73.0,73.9800033569336,72.54000091552734,73.43000030517578,577200.0
2021-12-10,74.05999755859375,75.55000305175781,72.08000183105469,73.13999938964844,521800.0
2021-12-13,71.98999786376953,72.47000122070312,69.58999633789062,69.80999755859375,601900.0
2021-12-14,69.58999633789062,72.33999633789062,69.0,69.45999908447266,711800.0
2021-12-15,69.13999938964844,69.38999938964844,66.0999984741211,68.94000244140625,721400.0
2021-12-16,69.51000213623047,70.66999816894531,68.05999755859375,68.37000274658203,635100.0
2021-12-17,68.05999755859375,68.29000091552734,65.9000015258789,66.97000122070312,1109600.0
2021-12-20,65.0,65.69999694824219,63.439998626708984,65.12999725341797,1179600.0
2021-12-21,66.0,67.80000305175781,66.0,67.63999938964844,640700.0
2021-12-22,67.27999877929688,68.7300033569336,66.91000366210938,68.20999908447266,356600.0
2021-12-23,68.45999908447266,69.51000213623047,68.37000274658203,69.06999969482422,668300.0
2021-12-27,68.69999694824219,68.7300033569336,67.0999984741211,68.05000305175781,1109700.0
2021-12-28,67.5,69.55999755859375,67.5,67.83000183105469,837500.0
2021-12-29,67.5,68.04000091552734,66.73999786376953,66.80999755859375,418300.0
2021-12-30,66.91999816894531,67.9000015258789,66.55000305175781,67.0,422700.0
2021-12-31,66.19999694824219,67.4000015258789,66.13999938964844,66.56999969482422,678800.0
2022-01-03,66.8499984741211,69.73999786376953,66.5999984741211,68.62999725341797,582900.0
2022-01-04,70.16000366210938,71.8499984741211,69.91999816894531,70.98999786376953,827700.0
2022-01-05,70.98999786376953,72.0,68.97000122070312,69.01000213623047,876900.0
2022-01-06,69.97000122070312,70.52999877929688,68.63999938964844,69.33999633789062,570700.0
2022-01-07,68.94000244140625,71.47000122070312,68.94000244140625,70.4000015258789,1448600.0
2022-01-10,70.0,72.06999969482422,68.9000015258789,71.80000305175781,1639300.0
2022-01-11,71.80000305175781,73.0,70.41000366210938,72.29000091552734,493800.0
2022-01-12,73.0,73.79000091552734,71.08999633789062,71.94000244140625,2987000.0
2022-01-13,72.73999786376953,75.5999984741211,72.48999786376953,74.87000274658203,1031600.0
2022-01-14,74.01000213623047,74.31999969482422,71.19999694824219,72.37000274658203,845500.0
2022-01-18,71.88999938964844,72.0999984741211,68.69000244140625,69.05999755859375,876600.0
2022-01-19,66.0199966430664,67.0199966430664,64.05000305175781,65.69000244140625,3699900.0
2022-01-20,65.81999969482422,68.66999816894531,64.81999969482422,65.54000091552734,1199200.0
2022-01-21,64.66000366210938,66.12999725341797,63.83000183105469,64.61000061035156,797500.0
2022-01-24,62.72999954223633,67.45999908447266,62.4900016784668,67.16999816894531,1316800.0
2022-01-25,66.08999633789062,67.63999938964844,64.91999816894531,66.62000274658203,1028300.0
2022-01-26,68.08000183105469,68.87000274658203,65.45999908447266,66.45999908447266,760300.0
2022-01-27,65.61000061035156,69.0999984741211,65.0,66.05000305175781,1127700.0
2022-01-28,66.47000122070312,68.86000061035156,65.94999694824219,67.5999984741211,1578500.0
2022-01-31,67.87999725341797,69.12000274658203,66.83000183105469,69.04000091552734,1105100.0
2022-02-01,68.83000183105469,70.01000213623047,67.83999633789062,69.75,728700.0
2022-02-02,69.37999725341797,70.2300033569336,67.58000183105469,69.86000061035156,961800.0
2022-02-03,69.44999694824219,70.45999908447266,68.31999969482422,68.61000061035156,517600.0
2022-02-04,68.80999755859375,69.68000030517578,67.51000213623047,69.19999694824219,430200.0
2022-02-07,69.29000091552734,70.70999908447266,68.62999725341797,70.04000091552734,1247100.0
2022-02-08,71.0,73.26000213623047,70.8499984741211,72.9000015258789,1153800.0
2022-02-09,73.77999877929688,74.55000305175781,73.2699966430664,73.5999984741211,616300.0
2022-02-10,72.31999969482422,74.80000305175781,71.93000030517578,72.25,955800.0
2022-02-11,72.19000244140625,73.48999786376953,70.52999877929688,71.16000366210938,609600.0
2022-02-14,70.5,72.0,69.3499984741211,70.02999877929688,681600.0
2022-02-15,71.08999633789062,72.5,70.72000122070312,72.41999816894531,827400.0
2022-02-16,71.98999786376953,73.2699966430664,71.69000244140625,72.81999969482422,427400.0
2022-02-17,71.79000091552734,72.44999694824219,69.47000122070312,70.37999725341797,557800.0
2022-02-18,70.02999877929688,71.29000091552734,69.5999984741211,70.5,669600.0
2022-02-22,70.0,70.44000244140625,67.91999816894531,68.69000244140625,590200.0
2022-02-23,69.30000305175781,69.69000244140625,66.86000061035156,66.93000030517578,469700.0
2022-02-24,63.869998931884766,65.16000366210938,61.77000045776367,64.88999938964844,1863200.0
2022-02-25,64.97000122070312,67.70999908447266,64.38999938964844,67.6500015258789,779900.0
2022-02-28,66.22000122070312,68.5199966430664,66.11000061035156,67.44999694824219,854600.0
2022-03-01,68.08999633789062,68.62999725341797,62.9900016784668,63.5,894200.0
2022-03-02,63.970001220703125,65.37999725341797,62.70000076293945,64.33000183105469,743700.0
2022-03-03,65.12000274658203,65.12000274658203,61.529998779296875,63.04999923706055,728700.0
2022-03-04,61.56999969482422,63.20000076293945,59.91999816894531,60.97999954223633,1298800.0
2022-03-07,59.959999084472656,59.959999084472656,55.08000183105469,55.09000015258789,1175900.0
2022-03-08,55.470001220703125,56.439998626708984,53.29999923706055,53.59000015258789,3301700.0
2022-03-09,55.779998779296875,59.849998474121094,55.540000915527344,57.310001373291016,2516800.0
2022-03-10,55.790000915527344,56.95000076293945,54.029998779296875,55.130001068115234,684500.0
2022-03-11,55.939998626708984,56.349998474121094,54.560001373291016,55.470001220703125,537800.0
2022-03-14,56.20000076293945,56.54999923706055,55.18000030517578,55.83000183105469,533700.0
2022-03-15,56.72999954223633,59.13999938964844,56.619998931884766,58.29999923706055,1197500.0
2022-03-16,59.52000045776367,62.90999984741211,59.060001373291016,62.2400016784668,1026700.0
2022-03-17,59.900001525878906,62.439998626708984,59.220001220703125,62.060001373291016,689000.0
2022-03-18,61.86000061035156,62.75,60.77000045776367,62.529998779296875,943600.0
2022-03-21,61.77000045776367,62.08000183105469,59.150001525878906,59.470001220703125,744700.0
2022-03-22,60.20000076293945,62.0,60.20000076293945,61.0,554400.0
2022-03-23,60.2599983215332,60.97999954223633,57.869998931884766,58.20000076293945,661600.0
2022-03-24,58.59000015258789,58.7400016784668,57.5,58.63999938964844,442000.0
2022-03-25,58.9900016784668,60.130001068115234,58.529998779296875,59.70000076293945,543000.0
2022-03-28,58.2400016784668,58.4900016784668,55.70000076293945,56.27000045776367,972400.0
2022-03-29,57.20000076293945,59.15999984741211,57.20000076293945,58.709999084472656,584500.0
2022-03-30,58.400001525878906,59.189998626708984,56.61000061035156,57.04999923706055,507500.0
2022-03-31,56.599998474121094,57.63999938964844,56.11000061035156,56.150001525878906,1474400.0
2022-04-01,56.84000015258789,57.81999969482422,56.290000915527344,56.79999923706055,463800.0
2022-04-04,55.650001525878906,57.11000061035156,53.88999938964844,55.83000183105469,652100.0
2022-04-05,56.0,56.79999923706055,54.380001068115234,54.88999938964844,796500.0
2022-04-06,54.349998474121094,54.349998474121094,52.22999954223633,52.61000061035156,878900.0
2022-04-07,52.459999084472656,52.77000045776367,50.29999923706055,51.83000183105469,787000.0
2022-04-08,51.4900016784668,53.45000076293945,51.20000076293945,52.70000076293945,472700.0
2022-04-11,52.38999938964844,54.68000030517578,52.150001525878906,52.900001525878906,520000.0
2022-04-12,53.36000061035156,55.0099983215332,52.880001068115234,53.279998779296875,550200.0
2022-04-13,52.29999923706055,55.04999923706055,52.29999923706055,54.869998931884766,521800.0
2022-04-14,55.08000183105469,56.279998779296875,54.77000045776367,55.099998474121094,502500.0
2022-04-18,54.970001220703125,57.040000915527344,54.66999816894531,57.0,556700.0
2022-04-19,57.2400016784668,59.5099983215332,56.849998474121094,59.08000183105469,806700.0
2022-04-20,59.47999954223633,60.790000915527344,58.7599983215332,59.22999954223633,522000.0
2022-04-21,60.0,60.40999984741211,57.91999816894531,58.2599983215332,275100.0
2022-04-22,57.68000030517578,57.9900016784668,55.470001220703125,55.560001373291016,369300.0
2022-04-25,55.04999923706055,56.709999084472656,53.83000183105469,56.560001373291016,617600.0
2022-04-26,55.869998931884766,56.45000076293945,54.130001068115234,54.34000015258789,567400.0
2022-04-27,54.0,55.33000183105469,53.380001068115234,53.630001068115234,493800.0
2022-04-28,55.0099983215332,58.25,54.2599983215332,56.83000183105469,809200.0
2022-04-29,55.81999969482422,57.540000915527344,54.59000015258789,54.79999923706055,678100.0
2022-05-02,55.619998931884766,56.09000015258789,53.70000076293945,55.13999938964844,590500.0
2022-05-03,55.11000061035156,56.04999923706055,54.470001220703125,55.5099983215332,766100.0
2022-05-04,55.599998474121094,57.58000183105469,54.47999954223633,57.459999084472656,672600.0
2022-05-05,56.52000045776367,57.47999954223633,54.209999084472656,55.029998779296875,749200.0
2022-05-06,54.7400016784668,55.15999984741211,53.220001220703125,53.9900016784668,494100.0
2022-05-09,53.09000015258789,53.70000076293945,51.290000915527344,51.959999084472656,600000.0
2022-05-10,52.5,52.7599983215332,49.45000076293945,50.54999923706055,787300.0
2022-05-11,50.040000915527344,51.90999984741211,48.70000076293945,48.9900016784668,1901900.0
2022-05-12,48.0099983215332,49.189998626708984,46.56999969482422,48.22999954223633,3757500.0
2022-05-13,49.0,52.369998931884766,49.0,51.0099983215332,1312600.0
2022-05-16,50.4900016784668,51.09000015258789,48.77000045776367,49.79999923706055,818800.0
2022-05-17,51.47999954223633,51.83000183105469,50.41999816894531,51.63999938964844,1328400.0
2022-05-18,51.06999969482422,51.630001068115234,48.529998779296875,48.77000045776367,415800.0
2022-05-19,48.02000045776367,49.09000015258789,47.61000061035156,47.959999084472656,632300.0
2022-05-20,48.25,48.709999084472656,46.310001373291016,48.16999816894531,479800.0
2022-05-23,48.83000183105469,50.779998779296875,47.869998931884766,49.88999938964844,645000.0
2022-05-24,49.369998931884766,49.93000030517578,47.15999984741211,48.31999969482422,525700.0
2022-05-25,47.79999923706055,51.2400016784668,47.77000045776367,50.72999954223633,856500.0
2022-05-26,51.529998779296875,52.52000045776367,51.529998779296875,52.18000030517578,1216200.0
2022-05-27,52.59000015258789,54.65999984741211,52.59000015258789,54.61000061035156,567900.0
2022-05-31,53.95000076293945,55.619998931884766,53.560001373291016,55.099998474121094,694700.0
2022-06-01,55.38999938964844,55.65999984741211,53.220001220703125,54.560001373291016,681200.0
2022-06-02,54.91999816894531,55.77000045776367,54.25,55.61000061035156,561100.0
2022-06-03,54.83000183105469,55.2400016784668,54.08000183105469,54.290000915527344,523300.0
2022-06-06,55.470001220703125,55.869998931884766,54.709999084472656,55.119998931884766,473700.0
2022-06-07,54.47999954223633,55.7599983215332,54.470001220703125,55.650001525878906,428200.0
2022-06-08,55.060001373291016,55.310001373291016,53.77000045776367,54.2599983215332,494000.0
2022-06-09,54.029998779296875,54.029998779296875,52.09000015258789,52.15999984741211,459800.0
2022-06-10,49.83000183105469,51.31999969482422,47.06999969482422,47.06999969482422,525100.0
2022-06-13,45.349998474121094,45.84000015258789,43.189998626708984,43.650001525878906,879300.0
2022-06-14,43.52000045776367,44.0,42.59000015258789,43.66999816894531,1220900.0
2022-06-15,44.630001068115234,46.18000030517578,44.380001068115234,45.58000183105469,745200.0
2022-06-16,44.16999816894531,44.16999816894531,41.93000030517578,42.66999816894531,1192800.0
2022-06-17,42.59000015258789,44.97999954223633,42.150001525878906,44.06999969482422,2831300.0
2022-06-21,45.56999969482422,45.81999969482422,43.279998779296875,43.310001373291016,807500.0
2022-06-22,42.279998779296875,43.310001373291016,41.650001525878906,41.810001373291016,849000.0
2022-06-23,41.91999816894531,42.31999969482422,40.029998779296875,40.439998626708984,1178300.0
2022-06-24,40.650001525878906,42.75,38.68000030517578,39.540000915527344,8573400.0
2022-06-27,39.72999954223633,41.79999923706055,39.619998931884766,40.56999969482422,2206600.0
2022-06-28,41.060001373291016,42.290000915527344,39.41999816894531,39.540000915527344,1037700.0
2022-06-29,39.20000076293945,39.68000030517578,37.040000915527344,38.119998931884766,1134000.0
2022-06-30,37.349998474121094,37.56999969482422,36.279998779296875,37.060001373291016,1193800.0
2022-07-01,37.0,37.75,35.790000915527344,36.970001220703125,885600.0
2022-07-05,35.400001525878906,36.970001220703125,34.54999923706055,36.959999084472656,1414800.0
2022-07-06,36.63999938964844,37.41999816894531,35.56999969482422,36.88999938964844,1337100.0
2022-07-07,37.63999938964844,38.119998931884766,37.2599983215332,37.939998626708984,829700.0
2022-07-08,38.060001373291016,38.779998779296875,37.06999969482422,38.40999984741211,726700.0
2022-07-11,37.599998474121094,38.77000045776367,36.86000061035156,38.720001220703125,1196500.0
2022-07-12,38.27000045776367,41.15999984741211,38.20000076293945,40.59000015258789,1041700.0
2022-07-13,39.650001525878906,40.2599983215332,38.939998626708984,40.15999984741211,1083400.0
2022-07-14,38.95000076293945,39.43000030517578,38.29999923706055,39.0,790000.0
2022-07-15,39.86000061035156,40.7400016784668,38.93000030517578,40.400001525878906,551200.0
2022-07-18,41.529998779296875,42.599998474121094,41.2599983215332,41.599998474121094,752100.0
2022-07-19,42.02000045776367,44.45000076293945,41.95000076293945,44.380001068115234,860100.0
2022-07-20,44.439998626708984,45.75,44.40999984741211,45.650001525878906,1014500.0
2022-07-21,44.4900016784668,45.470001220703125,44.040000915527344,45.400001525878906,655600.0
2022-07-22,45.439998626708984,45.709999084472656,43.59000015258789,44.150001525878906,444900.0
2022-07-25,44.349998474121094,44.88999938964844,43.27000045776367,43.91999816894531,442500.0
2022-07-26,43.470001220703125,43.72999954223633,41.66999816894531,41.689998626708984,723500.0
2022-07-27,42.029998779296875,42.75,40.88999938964844,42.5099983215332,660100.0
2022-07-28,42.15999984741211,43.709999084472656,38.4900016784668,40.279998779296875,1208500.0
2022-07-29,39.810001373291016,40.130001068115234,38.5,39.61000061035156,1332300.0
2022-08-01,39.40999984741211,40.11000061035156,38.5099983215332,39.36000061035156,735800.0
2022-08-02,38.81999969482422,39.31999969482422,38.11000061035156,38.27000045776367,914300.0
2022-08-03,38.939998626708984,40.25,38.400001525878906,39.84000015258789,718000.0
2022-08-04,39.63999938964844,40.29999923706055,38.72999954223633,39.36000061035156,572900.0
2022-08-05,38.77000045776367,39.33000183105469,38.34000015258789,38.369998931884766,584000.0
2022-08-08,38.56999969482422,40.22999954223633,38.439998626708984,38.900001525878906,599600.0
2022-08-09,38.65999984741211,38.65999984741211,37.45000076293945,38.08000183105469,1424400.0
2022-08-10,39.79999923706055,44.04999923706055,39.18000030517578,43.90999984741211,918600.0
2022-08-11,44.619998931884766,45.63999938964844,44.0099983215332,44.060001373291016,806600.0
2022-08-12,44.36000061035156,44.369998931884766,43.31999969482422,44.220001220703125,755200.0
2022-08-15,43.61000061035156,44.529998779296875,42.810001373291016,44.5,715500.0
2022-08-16,44.709999084472656,45.68000030517578,44.20000076293945,44.689998626708984,676300.0
2022-08-17,43.47999954223633,44.43000030517578,42.72999954223633,44.13999938964844,667600.0
2022-08-18,44.11000061035156,44.689998626708984,43.65999984741211,44.66999816894531,399000.0
2022-08-19,44.11000061035156,44.11000061035156,42.68000030517578,42.720001220703125,445000.0
2022-08-22,41.529998779296875,42.08000183105469,40.45000076293945,40.58000183105469,367300.0
2022-08-23,40.540000915527344,41.459999084472656,40.220001220703125,40.70000076293945,563200.0
2022-08-24,40.619998931884766,41.150001525878906,40.29999923706055,40.75,349800.0
2022-08-25,41.34000015258789,41.72999954223633,41.02000045776367,41.54999923706055,347900.0
2022-08-26,41.31999969482422,41.75,39.11000061035156,39.119998931884766,431900.0
2022-08-29,38.59000015258789,38.81999969482422,37.849998474121094,38.52000045776367,492400.0
2022-08-30,39.040000915527344,39.2400016784668,38.2400016784668,38.650001525878906,384100.0
2022-08-31,39.02000045776367,39.02000045776367,37.939998626708984,38.43000030517578,658900.0
2022-09-01,37.97999954223633,38.36000061035156,36.900001525878906,38.279998779296875,973500.0
2022-09-02,38.56999969482422,39.13999938964844,37.650001525878906,38.04999923706055,751400.0
2022-09-06,38.11000061035156,38.11000061035156,36.130001068115234,36.45000076293945,917400.0
2022-09-07,36.099998474121094,36.7599983215332,35.88999938964844,36.70000076293945,830500.0
2022-09-08,36.189998626708984,37.959999084472656,35.79999923706055,37.869998931884766,582700.0
2022-09-09,38.369998931884766,39.970001220703125,38.369998931884766,39.84000015258789,707800.0
2022-09-12,40.2400016784668,40.88999938964844,39.31999969482422,39.56999969482422,641500.0
2022-09-13,37.939998626708984,38.119998931884766,36.56999969482422,36.68000030517578,630000.0
2022-09-14,36.61000061035156,36.810001373291016,35.5,35.9900016784668,611900.0
2022-09-15,35.88999938964844,38.189998626708984,35.88999938964844,37.25,975100.0
2022-09-16,36.650001525878906,37.4900016784668,36.11000061035156,37.47999954223633,1382200.0
2022-09-19,36.720001220703125,37.790000915527344,36.70000076293945,37.15999984741211,672100.0
2022-09-20,36.65999984741211,36.779998779296875,35.650001525878906,36.099998474121094,646400.0
2022-09-21,36.45000076293945,36.869998931884766,34.900001525878906,34.90999984741211,471000.0
2022-09-22,34.72999954223633,35.04999923706055,33.279998779296875,33.439998626708984,572800.0
2022-09-23,32.7599983215332,33.209999084472656,31.780000686645508,33.16999816894531,742800.0
2022-09-26,32.83000183105469,33.5,32.150001525878906,32.31999969482422,811100.0
2022-09-27,32.880001068115234,33.20000076293945,31.1200008392334,31.850000381469727,769500.0
2022-09-28,32.15999984741211,32.709999084472656,31.799999237060547,32.54999923706055,841500.0
2022-09-29,31.899999618530273,32.5099983215332,30.899999618530273,32.099998474121094,777600.0
2022-09-30,32.209999084472656,32.349998474121094,31.290000915527344,31.450000762939453,956800.0
2022-10-03,32.02000045776367,32.630001068115234,30.549999237060547,32.150001525878906,1010600.0
2022-10-04,32.849998474121094,33.84000015258789,32.75,33.68000030517578,1062000.0
2022-10-05,32.34000015258789,32.97999954223633,32.0099983215332,32.7599983215332,704200.0
2022-10-06,32.209999084472656,32.650001525878906,31.350000381469727,31.549999237060547,612800.0
2022-10-07,31.059999465942383,31.270000457763672,30.290000915527344,30.770000457763672,974400.0
2022-10-10,30.780000686645508,31.280000686645508,29.93000030517578,30.049999237060547,661400.0
2022-10-11,30.18000030517578,30.790000915527344,29.59000015258789,29.920000076293945,793700.0
2022-10-12,29.959999084472656,31.06999969482422,29.290000915527344,30.649999618530273,767900.0
2022-10-13,29.8799991607666,32.72999954223633,29.3799991607666,32.31999969482422,937400.0
2022-10-14,32.470001220703125,33.13999938964844,31.020000457763672,31.34000015258789,745700.0
2022-10-17,32.4900016784668,32.84000015258789,31.790000915527344,32.099998474121094,716300.0
2022-10-18,33.130001068115234,33.5,31.889999389648438,32.060001373291016,922500.0
2022-10-19,31.469999313354492,31.530000686645508,29.389999389648438,29.829999923706055,673700.0
2022-10-20,30.0,31.190000534057617,29.510000228881836,29.6200008392334,664100.0
2022-10-21,29.479999542236328,30.25,28.850000381469727,30.040000915527344,668000.0
2022-10-24,30.209999084472656,30.799999237060547,29.479999542236328,30.479999542236328,836700.0
2022-10-25,30.510000228881836,32.959999084472656,30.18000030517578,32.63999938964844,1188300.0
2022-10-26,32.93000030517578,33.529998779296875,32.20000076293945,32.61000061035156,949100.0
2022-10-27,33.45000076293945,35.130001068115234,32.75,34.529998779296875,1162900.0
2022-10-28,35.130001068115234,37.4900016784668,34.810001373291016,37.0099983215332,2850200.0
2022-10-31,36.40999984741211,37.11000061035156,35.790000915527344,36.11000061035156,2109700.0
2022-11-01,36.810001373291016,37.4900016784668,36.25,36.709999084472656,10875500.0
2022-11-02,36.33000183105469,37.13999938964844,35.290000915527344,35.439998626708984,1552100.0
2022-11-03,34.709999084472656,34.93000030517578,33.75,34.18000030517578,722900.0
2022-11-04,34.84000015258789,35.95000076293945,34.68000030517578,35.029998779296875,605300.0
2022-11-07,35.5,36.939998626708984,34.7599983215332,36.84000015258789,811300.0
2022-11-08,36.88999938964844,37.65999984741211,36.54999923706055,37.36000061035156,701300.0
2022-11-09,36.630001068115234,37.20000076293945,35.95000076293945,36.72999954223633,891600.0
2022-11-10,38.439998626708984,41.18000030517578,38.439998626708984,40.43000030517578,1155900.0
2022-11-11,40.58000183105469,43.2400016784668,40.43000030517578,42.97999954223633,996800.0
2022-11-14,42.15999984741211,42.720001220703125,40.709999084472656,40.709999084472656,760600.0
2022-11-15,41.380001068115234,41.59000015258789,39.380001068115234,39.52000045776367,651300.0
2022-11-16,39.20000076293945,39.77000045776367,37.41999816894531,37.70000076293945,601200.0
2022-11-17,36.5,37.029998779296875,35.959999084472656,37.0099983215332,519400.0
2022-11-18,37.689998626708984,37.90999984741211,36.279998779296875,37.81999969482422,514100.0
2022-11-21,37.58000183105469,38.11000061035156,37.02000045776367,37.810001373291016,497800.0
2022-11-22,38.279998779296875,39.08000183105469,38.09000015258789,39.08000183105469,488600.0
2022-11-23,38.779998779296875,39.900001525878906,38.310001373291016,39.630001068115234,435400.0
2022-11-25,39.7599983215332,39.7599983215332,39.36000061035156,39.560001373291016,146900.0
2022-11-28,38.959999084472656,39.41999816894531,37.68000030517578,38.099998474121094,446500.0
2022-11-29,38.34000015258789,40.380001068115234,38.34000015258789,40.22999954223633,688000.0
2022-11-30,40.2599983215332,41.06999969482422,38.63999938964844,41.029998779296875,862600.0
2022-12-01,40.970001220703125,41.369998931884766,40.0099983215332,40.38999938964844,572100.0
2022-12-02,40.0,41.09000015258789,39.7400016784668,39.779998779296875,445100.0
2022-12-05,39.189998626708984,39.41999816894531,38.380001068115234,38.83000183105469,272000.0
2022-12-06,38.79999923706055,39.220001220703125,37.459999084472656,38.29999923706055,394900.0
2022-12-07,37.959999084472656,38.4900016784668,37.5,38.0099983215332,337600.0
2022-12-08,38.279998779296875,38.41999816894531,37.220001220703125,37.58000183105469,410400.0
2022-12-09,37.13999938964844,38.720001220703125,36.959999084472656,38.189998626708984,380300.0
2022-12-12,37.9900016784668,38.619998931884766,37.880001068115234,38.290000915527344,581000.0
2022-12-13,40.040000915527344,40.63999938964844,38.31999969482422,39.11000061035156,607300.0
2022-12-14,38.790000915527344,40.689998626708984,38.790000915527344,39.869998931884766,1299000.0
2022-12-15,38.79999923706055,39.77000045776367,38.0,39.4900016784668,1468200.0
2022-12-16,38.959999084472656,39.34000015258789,36.689998626708984,37.86000061035156,1372100.0
2022-12-19,37.97999954223633,38.08000183105469,36.849998474121094,37.25,852400.0
2022-12-20,36.91999816894531,37.33000183105469,36.040000915527344,36.08000183105469,877400.0
2022-12-21,36.619998931884766,37.720001220703125,36.540000915527344,37.47999954223633,626100.0
2022-12-22,36.709999084472656,37.0,35.650001525878906,36.97999954223633,595700.0
2022-12-23,36.869998931884766,37.470001220703125,36.279998779296875,37.290000915527344,421300.0
2022-12-27,37.18000030517578,37.900001525878906,36.40999984741211,36.90999984741211,486600.0
2022-12-28,37.099998474121094,37.25,35.599998474121094,35.619998931884766,503600.0
2022-12-29,35.790000915527344,37.40999984741211,35.72999954223633,37.31999969482422,444200.0
2022-12-30,36.709999084472656,37.81999969482422,36.58000183105469,37.65999984741211,447500.0
2023-01-03,38.06999969482422,38.91999816894531,37.56999969482422,37.939998626708984,664700.0
2023-01-04,38.900001525878906,40.95000076293945,38.900001525878906,40.11000061035156,879500.0
2023-01-05,40.36000061035156,40.88999938964844,39.650001525878906,40.36000061035156,729400.0
2023-01-06,40.5,41.369998931884766,39.2400016784668,41.11000061035156,804600.0
2023-01-09,41.630001068115234,41.630001068115234,39.310001373291016,39.349998474121094,689500.0
2023-01-10,38.95000076293945,38.9900016784668,37.36000061035156,38.75,962000.0
2023-01-11,38.70000076293945,39.349998474121094,38.43000030517578,39.09000015258789,1047300.0
2023-01-12,39.22999954223633,40.36000061035156,38.5099983215332,39.689998626708984,1724800.0
2023-01-13,38.81999969482422,39.22999954223633,37.88999938964844,38.34000015258789,605900.0
2023-01-17,38.29999923706055,38.900001525878906,37.779998779296875,38.5,949600.0
2023-01-18,38.5099983215332,38.7599983215332,37.20000076293945,37.310001373291016,766800.0
2023-01-19,36.16999816894531,36.810001373291016,34.58000183105469,36.189998626708984,1211300.0
2023-01-20,36.65999984741211,38.88999938964844,36.099998474121094,38.880001068115234,1521600.0
2023-01-23,39.119998931884766,41.02000045776367,38.689998626708984,40.31999969482422,1490200.0
2023-01-24,39.970001220703125,42.0,39.91999816894531,40.66999816894531,888500.0
2023-01-25,40.20000076293945,42.90999984741211,39.970001220703125,42.720001220703125,1933200.0
2023-01-26,42.88999938964844,43.4900016784668,38.470001220703125,40.22999954223633,2013700.0
2023-01-27,40.040000915527344,41.18000030517578,39.0099983215332,40.52000045776367,1430900.0
2023-01-30,39.47999954223633,40.5099983215332,39.25,39.400001525878906,1247000.0
2023-01-31,39.08000183105469,41.09000015258789,38.86000061035156,41.029998779296875,922300.0
2023-02-01,36.25,38.709999084472656,34.93000030517578,38.06999969482422,3398000.0
2023-02-02,38.20000076293945,44.029998779296875,38.20000076293945,43.939998626708984,2160100.0
2023-02-03,43.220001220703125,44.52000045776367,42.619998931884766,42.790000915527344,1126700.0
2023-02-06,41.9900016784668,41.9900016784668,40.2400016784668,40.63999938964844,830300.0
2023-02-07,40.66999816894531,41.939998626708984,40.439998626708984,41.689998626708984,728800.0
2023-02-08,41.68000030517578,42.099998474121094,41.15999984741211,41.720001220703125,573500.0
2023-02-09,42.099998474121094,42.119998931884766,40.88999938964844,40.95000076293945,546200.0
2023-02-10,40.790000915527344,41.09000015258789,40.11000061035156,40.68000030517578,426600.0
2023-02-13,40.27000045776367,41.599998474121094,39.88999938964844,41.58000183105469,468000.0
2023-02-14,41.47999954223633,41.79999923706055,40.27000045776367,41.189998626708984,706000.0
2023-02-15,40.5,41.810001373291016,40.5,41.790000915527344,640100.0
2023-02-16,41.16999816894531,41.869998931884766,40.5099983215332,41.08000183105469,554600.0
2023-02-17,40.83000183105469,41.150001525878906,39.869998931884766,40.52000045776367,634400.0
2023-02-21,39.709999084472656,40.900001525878906,38.95000076293945,38.959999084472656,631900.0
2023-02-22,39.70000076293945,40.529998779296875,38.93000030517578,40.22999954223633,723100.0
2023-02-23,41.04999923706055,41.4900016784668,38.88999938964844,40.31999969482422,566700.0
2023-02-24,40.15999984741211,40.15999984741211,38.790000915527344,39.63999938964844,589400.0
2023-02-27,40.16999816894531,41.189998626708984,39.63999938964844,40.97999954223633,716500.0
2023-02-28,40.9900016784668,41.59000015258789,40.970001220703125,41.06999969482422,513100.0
2023-03-01,40.869998931884766,41.56999969482422,40.70000076293945,40.93000030517578,461800.0
2023-03-02,40.209999084472656,40.88999938964844,39.63999938964844,40.29999923706055,697800.0
2023-03-03,41.060001373291016,41.209999084472656,40.27000045776367,40.619998931884766,768500.0
2023-03-06,40.5,40.9900016784668,37.91999816894531,38.38999938964844,832000.0
2023-03-07,38.2400016784668,38.650001525878906,37.31999969482422,37.540000915527344,616300.0
2023-03-08,37.54999923706055,38.15999984741211,36.97999954223633,37.56999969482422,421700.0
2023-03-09,37.47999954223633,37.900001525878906,35.349998474121094,35.41999816894531,685800.0
2023-03-10,35.15999984741211,35.650001525878906,33.810001373291016,34.90999984741211,1050000.0
2023-03-13,33.540000915527344,33.650001525878906,31.670000076293945,31.950000762939453,1551700.0
2023-03-14,34.150001525878906,35.099998474121094,32.70000076293945,32.970001220703125,1402100.0
2023-03-15,31.049999237060547,31.6200008392334,29.940000534057617,31.020000457763672,1156800.0
2023-03-16,30.520000457763672,32.060001373291016,29.219999313354492,31.459999084472656,856300.0
2023-03-17,30.149999618530273,30.700000762939453,29.1299991607666,29.3799991607666,1759000.0
2023-03-20,29.860000610351562,30.90999984741211,28.90999984741211,29.110000610351562,949600.0
2023-03-21,30.6200008392334,31.280000686645508,30.049999237060547,30.229999542236328,1122800.0
2023-03-22,30.329999923706055,30.639999389648438,29.399999618530273,29.43000030517578,840700.0
2023-03-23,29.520000457763672,29.809999465942383,27.729999542236328,27.940000534057617,884600.0
2023-03-24,27.190000534057617,27.8700008392334,26.65999984741211,27.760000228881836,1081300.0
2023-03-27,28.610000610351562,29.079999923706055,28.219999313354492,28.899999618530273,683200.0
2023-03-28,28.950000762939453,29.209999084472656,28.260000228881836,28.520000457763672,453800.0
2023-03-29,29.100000381469727,29.520000457763672,28.889999389648438,29.389999389648438,372800.0
2023-03-30,29.799999237060547,29.959999084472656,29.059999465942383,29.559999465942383,536200.0
2023-03-31,29.760000228881836,30.350000381469727,29.329999923706055,30.31999969482422,807000.0
2023-04-03,30.5,30.959999084472656,29.979999542236328,30.280000686645508,759000.0
2023-04-04,30.670000076293945,30.670000076293945,28.959999084472656,29.65999984741211,1095300.0
2023-04-05,28.899999618530273,29.229999542236328,28.459999084472656,28.920000076293945,625600.0
2023-04-06,28.84000015258789,28.84000015258789,26.209999084472656,27.0,1768300.0
2023-04-10,26.959999084472656,28.3799991607666,26.84000015258789,27.530000686645508,970000.0
2023-04-11,27.459999084472656,28.299999237060547,27.139999389648438,28.139999389648438,1130700.0
2023-04-12,28.6200008392334,28.65999984741211,27.100000381469727,27.280000686645508,652100.0
2023-04-13,27.31999969482422,27.93000030517578,26.899999618530273,27.65999984741211,445000.0
2023-04-14,28.0,28.65999984741211,27.229999542236328,27.709999084472656,468100.0
2023-04-17,27.790000915527344,27.979999542236328,27.229999542236328,27.850000381469727,679000.0
2023-04-18,27.829999923706055,27.93000030517578,27.190000534057617,27.690000534057617,412400.0
2023-04-19,27.559999465942383,28.540000915527344,27.389999389648438,28.389999389648438,551500.0
2023-04-20,27.969999313354492,28.219999313354492,27.5,28.219999313354492,647800.0
2023-04-21,28.43000030517578,28.43000030517578,27.700000762939453,28.18000030517578,641100.0
2023-04-24,28.170000076293945,28.43000030517578,27.729999542236328,28.010000228881836,484200.0
2023-04-25,27.530000686645508,27.59000015258789,26.940000534057617,27.010000228881836,427200.0
2023-04-26,26.950000762939453,27.709999084472656,26.479999542236328,26.760000228881836,831600.0
2023-04-27,26.989999771118164,27.510000228881836,25.709999084472656,27.299999237060547,1100700.0
2023-04-28,27.350000381469727,29.239999771118164,27.18000030517578,27.600000381469727,1269200.0
2023-05-01,27.510000228881836,27.899999618530273,26.75,26.850000381469727,863300.0
2023-05-02,26.510000228881836,26.719999313354492,24.25,24.889999389648438,921900.0
2023-05-03,24.809999465942383,25.700000762939453,24.68000030517578,24.809999465942383,733600.0
2023-05-04,24.350000381469727,24.540000915527344,23.190000534057617,23.700000762939453,1063700.0
2023-05-05,24.43000030517578,25.170000076293945,24.389999389648438,24.940000534057617,672600.0
2023-05-08,25.139999389648438,25.450000762939453,24.8700008392334,25.139999389648438,759200.0
2023-05-09,25.510000228881836,26.520000457763672,25.190000534057617,26.229999542236328,750700.0
2023-05-10,26.760000228881836,26.8700008392334,25.59000015258789,26.030000686645508,560500.0
2023-05-11,25.520000457763672,26.3799991607666,25.40999984741211,26.360000610351562,526500.0
2023-05-12,26.8700008392334,26.969999313354492,26.209999084472656,26.700000762939453,576600.0
2023-05-15,26.940000534057617,28.399999618530273,26.940000534057617,27.709999084472656,1262300.0
2023-05-16,27.450000762939453,28.270000457763672,27.399999618530273,27.729999542236328,626900.0
2023-05-17,28.479999542236328,30.219999313354492,28.469999313354492,29.84000015258789,744700.0
2023-05-18,29.84000015258789,30.799999237060547,29.639999389648438,30.520000457763672,455300.0
2023-05-19,30.829999923706055,31.399999618530273,29.700000762939453,30.040000915527344,513900.0
2023-05-22,30.700000762939453,30.93000030517578,30.270000457763672,30.489999771118164,538700.0
2023-05-23,30.610000610351562,31.360000610351562,30.31999969482422,30.389999389648438,407200.0
2023-05-24,29.93000030517578,30.040000915527344,29.200000762939453,29.520000457763672,412800.0
2023-05-25,29.3799991607666,29.770000457763672,28.799999237060547,29.1299991607666,394200.0
2023-05-26,29.280000686645508,29.93000030517578,28.8700008392334,29.709999084472656,539000.0
2023-05-30,29.809999465942383,30.139999389648438,28.920000076293945,29.34000015258789,476600.0
2023-05-31,28.829999923706055,29.440000534057617,27.729999542236328,28.18000030517578,1714600.0
2023-06-01,28.399999618530273,29.170000076293945,28.18000030517578,28.729999542236328,895800.0
2023-06-02,29.549999237060547,31.049999237060547,29.389999389648438,30.889999389648438,704100.0
2023-06-05,30.770000457763672,30.860000610351562,29.389999389648438,30.15999984741211,444100.0
2023-06-06,29.8799991607666,31.829999923706055,29.520000457763672,31.5,523000.0
2023-06-07,32.0,32.91999816894531,31.950000762939453,32.709999084472656,390800.0
2023-06-08,30.75,31.09000015258789,29.239999771118164,30.739999771118164,4588000.0
2023-06-09,30.8799991607666,30.90999984741211,30.0,30.25,3976600.0
2023-06-12,29.979999542236328,30.799999237060547,29.719999313354492,30.639999389648438,1681600.0
2023-06-13,30.5,32.0,30.299999237060547,31.8799991607666,1230300.0
2023-06-14,31.8799991607666,32.099998474121094,30.190000534057617,30.709999084472656,1100000.0
2023-06-15,30.350000381469727,31.1200008392334,29.8799991607666,30.950000762939453,969900.0
2023-06-16,31.31999969482422,31.389999389648438,30.299999237060547,30.739999771118164,1412600.0
2023-06-20,30.5,30.739999771118164,29.559999465942383,30.209999084472656,1612400.0
2023-06-21,30.239999771118164,30.440000534057617,29.68000030517578,30.139999389648438,835300.0
2023-06-22,29.93000030517578,30.219999313354492,29.170000076293945,29.700000762939453,982600.0
2023-06-23,29.1200008392334,29.75,28.770000457763672,29.450000762939453,820100.0
2023-06-26,29.450000762939453,30.18000030517578,29.450000762939453,29.65999984741211,693300.0
2023-06-27,29.670000076293945,30.56999969482422,29.280000686645508,30.290000915527344,670300.0
2023-06-28,29.969999313354492,30.06999969482422,29.420000076293945,29.940000534057617,695300.0
2023-06-29,30.020000457763672,30.93000030517578,30.020000457763672,30.8700008392334,579700.0
2023-06-30,31.450000762939453,31.850000381469727,30.690000534057617,31.389999389648438,1320600.0
2023-07-03,31.440000534057617,32.25,31.440000534057617,31.809999465942383,564500.0
2023-07-05,31.510000228881836,32.220001220703125,31.110000610351562,31.649999618530273,1695800.0
2023-07-06,31.15999984741211,31.530000686645508,30.43000030517578,31.170000076293945,1988600.0
2023-07-07,31.440000534057617,31.8700008392334,31.1200008392334,31.459999084472656,1546700.0
2023-07-10,31.68000030517578,33.380001068115234,31.559999465942383,33.2400016784668,2126600.0
2023-07-11,33.45000076293945,34.2599983215332,33.130001068115234,34.150001525878906,995000.0
2023-07-12,35.119998931884766,35.290000915527344,34.56999969482422,34.77000045776367,685200.0
2023-07-13,35.189998626708984,36.189998626708984,34.84000015258789,36.16999816894531,1057200.0
2023-07-14,36.27000045776367,36.279998779296875,34.400001525878906,34.849998474121094,619600.0
2023-07-17,34.5,35.439998626708984,34.2400016784668,35.09000015258789,452500.0
2023-07-18,35.41999816894531,36.849998474121094,35.400001525878906,36.84000015258789,1419800.0
2023-07-19,37.150001525878906,37.630001068115234,36.560001373291016,37.38999938964844,778200.0
2023-07-20,37.0099983215332,37.06999969482422,36.16999816894531,36.779998779296875,871100.0
2023-07-21,36.959999084472656,37.029998779296875,35.95000076293945,36.529998779296875,735300.0
2023-07-24,36.72999954223633,37.470001220703125,36.58000183105469,37.29999923706055,490900.0
2023-07-25,37.41999816894531,37.56999969482422,36.77000045776367,36.869998931884766,928500.0
2023-07-26,36.560001373291016,37.47999954223633,36.369998931884766,36.38999938964844,1066900.0
2023-07-27,38.849998474121094,39.88999938964844,37.40999984741211,39.400001525878906,1710500.0
2023-07-28,40.349998474121094,41.06999969482422,39.56999969482422,40.75,867300.0
2023-07-31,41.150001525878906,41.88999938964844,40.5,41.56999969482422,1102100.0
2023-08-01,41.45000076293945,41.45000076293945,40.36000061035156,40.54999923706055,950900.0
2023-08-02,40.41999816894531,40.5099983215332,39.41999816894531,39.720001220703125,868700.0
2023-08-03,39.7599983215332,40.349998474121094,39.2400016784668,40.02000045776367,587000.0
2023-08-04,39.7599983215332,40.869998931884766,39.11000061035156,40.540000915527344,630000.0
2023-08-07,40.880001068115234,41.630001068115234,40.72999954223633,41.18000030517578,624700.0
2023-08-08,40.310001373291016,41.029998779296875,39.81999969482422,41.0,530100.0
2023-08-09,40.869998931884766,40.869998931884766,40.0099983215332,40.68000030517578,730800.0
2023-08-10,40.880001068115234,41.400001525878906,40.310001373291016,40.720001220703125,624000.0
2023-08-11,40.5,40.61000061035156,40.02000045776367,40.29999923706055,316800.0
2023-08-14,39.880001068115234,39.880001068115234,39.029998779296875,39.34000015258789,524000.0
2023-08-15,38.91999816894531,39.13999938964844,37.88999938964844,38.220001220703125,505500.0
2023-08-16,38.060001373291016,38.38999938964844,37.290000915527344,37.310001373291016,690300.0
2023-08-17,37.5,37.86000061035156,37.150001525878906,37.43000030517578,684800.0
2023-08-18,36.84000015258789,37.84000015258789,36.84000015258789,37.529998779296875,435100.0
2023-08-21,37.540000915527344,37.650001525878906,37.04999923706055,37.439998626708984,377700.0
2023-08-22,37.900001525878906,37.900001525878906,36.5,36.5099983215332,766500.0
2023-08-23,36.59000015258789,37.150001525878906,36.0,36.90999984741211,357300.0
2023-08-24,36.88999938964844,37.61000061035156,36.88999938964844,37.2599983215332,496400.0
2023-08-25,37.209999084472656,37.68000030517578,36.869998931884766,37.0099983215332,509300.0
2023-08-28,37.380001068115234,37.900001525878906,37.150001525878906,37.189998626708984,327700.0
2023-08-29,37.290000915527344,37.95000076293945,37.040000915527344,37.68000030517578,403000.0
2023-08-30,37.58000183105469,37.970001220703125,37.439998626708984,37.540000915527344,388300.0
2023-08-31,37.75,37.91999816894531,37.22999954223633,37.58000183105469,499400.0
2023-09-01,38.099998474121094,38.849998474121094,38.0,38.72999954223633,400900.0
2023-09-05,37.5,37.7599983215332,36.869998931884766,37.06999969482422,810100.0
2023-09-06,37.06999969482422,37.439998626708984,36.470001220703125,37.43000030517578,599900.0
2023-09-07,37.08000183105469,37.40999984741211,35.83000183105469,36.22999954223633,608600.0
2023-09-08,36.349998474121094,36.349998474121094,35.599998474121094,35.95000076293945,449400.0
2023-09-11,36.27000045776367,36.47999954223633,35.88999938964844,35.939998626708984,438500.0
2023-09-12,35.90999984741211,36.560001373291016,35.66999816894531,35.77000045776367,668400.0
2023-09-13,36.060001373291016,36.060001373291016,34.79999923706055,34.939998626708984,599200.0
2023-09-14,35.470001220703125,35.88999938964844,34.93000030517578,35.22999954223633,544700.0
2023-09-15,34.939998626708984,35.56999969482422,34.689998626708984,34.9900016784668,1102500.0
2023-09-18,34.650001525878906,34.900001525878906,34.400001525878906,34.43000030517578,320900.0
2023-09-19,34.540000915527344,35.31999969482422,34.209999084472656,35.09000015258789,531200.0
2023-09-20,35.47999954223633,36.130001068115234,34.66999816894531,34.720001220703125,479700.0
2023-09-21,34.34000015258789,34.970001220703125,34.25,34.369998931884766,374500.0
2023-09-22,34.34000015258789,34.59000015258789,34.0,34.2400016784668,277400.0
2023-09-25,34.099998474121094,34.40999984741211,33.72999954223633,34.31999969482422,358800.0
2023-09-26,33.900001525878906,34.38999938964844,33.61000061035156,33.83000183105469,438900.0
2023-09-27,34.08000183105469,34.15999984741211,33.41999816894531,33.709999084472656,298100.0
2023-09-28,34.09000015258789,34.86000061035156,33.970001220703125,34.34000015258789,482900.0
2023-09-29,34.439998626708984,34.720001220703125,34.08000183105469,34.20000076293945,336200.0
2023-10-02,32.54999923706055,33.709999084472656,32.29999923706055,33.52000045776367,1102000.0
2023-10-03,32.52000045776367,32.959999084472656,31.350000381469727,31.360000610351562,1048300.0
2023-10-04,31.56999969482422,31.899999618530273,30.709999084472656,31.34000015258789,551500.0
2023-10-05,30.56999969482422,30.829999923706055,29.530000686645508,29.579999923706055,870400.0
2023-10-06,29.239999771118164,31.0,29.200000762939453,30.649999618530273,609100.0
2023-10-09,30.170000076293945,31.479999542236328,30.170000076293945,30.93000030517578,367500.0
2023-10-10,31.209999084472656,32.09000015258789,30.84000015258789,31.65999984741211,603900.0
2023-10-11,31.219999313354492,32.40999984741211,31.219999313354492,32.290000915527344,461500.0
2023-10-12,32.310001373291016,32.310001373291016,31.40999984741211,31.989999771118164,405400.0
2023-10-13,32.25,32.33000183105469,29.969999313354492,30.469999313354492,768400.0
2023-10-16,30.8799991607666,31.09000015258789,30.3799991607666,30.6200008392334,441900.0
2023-10-17,30.260000228881836,31.59000015258789,30.100000381469727,31.399999618530273,579600.0
2023-10-18,30.799999237060547,31.059999465942383,30.290000915527344,30.399999618530273,364400.0
2023-10-19,30.010000228881836,30.43000030517578,29.270000457763672,29.420000076293945,504100.0
2023-10-20,29.299999237060547,29.56999969482422,28.6299991607666,28.649999618530273,477500.0
2023-10-23,28.450000762939453,29.229999542236328,28.31999969482422,28.6299991607666,573700.0
2023-10-24,29.260000228881836,29.479999542236328,28.389999389648438,28.420000076293945,343400.0
2023-10-25,28.149999618530273,28.360000610351562,27.690000534057617,27.81999969482422,744200.0
2023-10-26,28.399999618530273,29.540000915527344,27.260000228881836,27.459999084472656,1242000.0
2023-10-27,27.100000381469727,27.489999771118164,26.450000762939453,26.770000457763672,705600.0
2023-10-30,27.25,27.549999237060547,26.639999389648438,27.139999389648438,398500.0
2023-10-31,27.3700008392334,27.510000228881836,26.920000076293945,27.030000686645508,526700.0
2023-11-01,26.84000015258789,27.260000228881836,26.079999923706055,26.709999084472656,997100.0
2023-11-02,27.229999542236328,28.860000610351562,27.219999313354492,28.850000381469727,816200.0
2023-11-03,29.729999542236328,30.530000686645508,29.149999618530273,29.229999542236328,751100.0
2023-11-06,29.1200008392334,29.530000686645508,28.75,29.40999984741211,665800.0
2023-11-07,29.059999465942383,29.459999084472656,28.530000686645508,28.68000030517578,520800.0
2023-11-08,28.68000030517578,28.959999084472656,28.040000915527344,28.170000076293945,539000.0
2023-11-09,28.489999771118164,28.489999771118164,27.15999984741211,27.360000610351562,563300.0
2023-11-10,27.34000015258789,27.65999984741211,26.940000534057617,27.600000381469727,638600.0
2023-11-13,27.260000228881836,27.56999969482422,26.780000686645508,26.809999465942383,329600.0
2023-11-14,28.06999969482422,28.950000762939453,27.3700008392334,27.440000534057617,792000.0
2023-11-15,26.950000762939453,28.25,26.950000762939453,28.200000762939453,1125800.0
2023-11-16,28.09000015258789,28.09000015258789,26.270000457763672,26.34000015258789,860600.0
2023-11-17,26.700000762939453,27.489999771118164,26.649999618530273,27.469999313354492,700300.0
2023-11-20,27.389999389648438,27.65999984741211,27.100000381469727,27.440000534057617,451900.0
2023-11-21,27.1200008392334,27.1200008392334,26.709999084472656,26.790000915527344,443800.0
2023-11-22,26.899999618530273,27.40999984741211,26.829999923706055,27.1299991607666,386400.0
2023-11-24,27.309999465942383,27.31999969482422,26.84000015258789,27.219999313354492,141500.0
2023-11-27,27.100000381469727,27.549999237060547,26.600000381469727,26.81999969482422,475300.0
2023-11-28,26.719999313354492,27.700000762939453,26.579999923706055,27.670000076293945,494000.0
2023-11-29,27.899999618530273,28.450000762939453,27.510000228881836,27.59000015258789,546400.0
2023-11-30,27.780000686645508,28.219999313354492,27.450000762939453,28.100000381469727,599100.0
2023-12-01,27.950000762939453,29.81999969482422,27.829999923706055,29.25,652400.0
2023-12-04,28.829999923706055,29.920000076293945,28.760000228881836,29.309999465942383,781600.0
2023-12-05,29.1200008392334,29.309999465942383,28.469999313354492,29.270000457763672,619300.0
2023-12-06,29.729999542236328,30.56999969482422,29.170000076293945,29.309999465942383,580600.0
2023-12-07,29.540000915527344,30.979999542236328,29.469999313354492,30.920000076293945,1145700.0
2023-12-08,30.520000457763672,31.190000534057617,30.3799991607666,30.690000534057617,579300.0
2023-12-11,30.6299991607666,31.469999313354492,30.270000457763672,31.280000686645508,647700.0
2023-12-12,31.170000076293945,32.060001373291016,30.959999084472656,31.700000762939453,711700.0
2023-12-13,30.6200008392334,33.470001220703125,30.139999389648438,33.08000183105469,1636800.0
2023-12-14,33.97999954223633,35.16999816894531,33.63999938964844,34.0,1137100.0
2023-12-15,34.08000183105469,34.16999816894531,33.0099983215332,33.38999938964844,1466100.0
2023-12-18,33.029998779296875,33.849998474121094,32.84000015258789,32.970001220703125,824000.0
2023-12-19,33.34000015258789,34.119998931884766,33.060001373291016,33.849998474121094,806000.0
2023-12-20,33.83000183105469,34.09000015258789,32.52000045776367,32.529998779296875,742700.0
2023-12-21,32.959999084472656,34.220001220703125,32.959999084472656,34.16999816894531,757400.0
2023-12-22,34.06999969482422,34.58000183105469,33.470001220703125,33.83000183105469,679400.0
2023-12-26,33.7599983215332,33.90999984741211,33.47999954223633,33.720001220703125,480000.0
2023-12-27,33.7400016784668,33.88999938964844,33.36000061035156,33.52000045776367,453300.0
2023-12-28,33.43000030517578,33.709999084472656,33.20000076293945,33.599998474121094,480600.0
2023-12-29,33.56999969482422,33.79999923706055,32.88999938964844,32.939998626708984,501600.0
2024-01-02,32.40999984741211,33.72999954223633,32.349998474121094,32.9900016784668,679300.0
2024-01-03,32.0,32.650001525878906,31.40999984741211,31.8700008392334,710900.0
2024-01-04,32.119998931884766,32.119998931884766,31.3700008392334,31.520000457763672,413200.0
2024-01-05,31.010000228881836,32.779998779296875,31.010000228881836,32.5099983215332,450300.0
2024-01-08,32.54999923706055,33.59000015258789,32.310001373291016,33.56999969482422,570000.0
2024-01-09,32.36000061035156,33.0,32.02000045776367,32.83000183105469,1496300.0
2024-01-10,32.220001220703125,32.810001373291016,32.220001220703125,32.5,460100.0
2024-01-11,32.470001220703125,32.77000045776367,32.0099983215332,32.72999954223633,889900.0
2024-01-12,33.150001525878906,33.2599983215332,31.389999389648438,31.420000076293945,480600.0
2024-01-16,31.100000381469727,31.34000015258789,30.68000030517578,31.09000015258789,674100.0
2024-01-17,30.299999237060547,30.670000076293945,29.920000076293945,30.110000610351562,799500.0
2024-01-18,29.8700008392334,29.920000076293945,29.010000228881836,29.440000534057617,1056800.0
2024-01-19,29.610000610351562,30.350000381469727,29.1200008392334,30.209999084472656,763900.0
2024-01-22,30.5,31.399999618530273,30.5,31.020000457763672,747200.0
2024-01-23,31.399999618530273,31.670000076293945,30.709999084472656,30.75,533600.0
2024-01-24,31.18000030517578,31.6299991607666,30.15999984741211,30.5,1090400.0
2024-01-25,28.8799991607666,33.02000045776367,28.0,32.630001068115234,1952500.0
2024-01-26,33.13999938964844,36.06999969482422,33.11000061035156,35.470001220703125,2313600.0
2024-01-29,35.470001220703125,36.2400016784668,35.0099983215332,36.22999954223633,1264600.0
2024-01-30,36.34000015258789,36.7400016784668,36.029998779296875,36.68000030517578,808900.0
2024-01-31,36.439998626708984,37.650001525878906,36.029998779296875,36.27000045776367,914900.0
2024-02-01,36.709999084472656,37.220001220703125,34.97999954223633,36.33000183105469,557900.0
2024-02-02,35.900001525878906,36.0099983215332,35.29999923706055,35.5,514700.0
2024-02-05,34.869998931884766,34.900001525878906,33.9900016784668,34.31999969482422,633200.0
2024-02-06,34.20000076293945,34.79999923706055,33.970001220703125,34.279998779296875,403900.0
2024-02-07,34.33000183105469,34.65999984741211,33.619998931884766,34.630001068115234,440100.0
2024-02-08,34.209999084472656,35.400001525878906,33.70000076293945,35.31999969482422,431200.0
2024-02-09,35.310001373291016,35.65999984741211,34.599998474121094,35.459999084472656,494100.0
2024-02-12,35.70000076293945,37.68000030517578,35.630001068115234,37.369998931884766,647000.0
2024-02-13,36.18000030517578,37.119998931884766,35.779998779296875,36.61000061035156,888000.0
2024-02-14,37.16999816894531,37.58000183105469,36.16999816894531,37.310001373291016,490800.0
2024-02-15,37.349998474121094,38.060001373291016,37.11000061035156,37.56999969482422,640200.0
2024-02-16,37.36000061035156,37.90999984741211,36.7599983215332,37.20000076293945,513300.0
2024-02-20,36.77000045776367,38.29999923706055,36.41999816894531,37.72999954223633,652800.0
2024-02-21,38.560001373291016,38.709999084472656,36.349998474121094,36.61000061035156,914900.0
2024-02-22,36.63999938964844,37.0,36.349998474121094,36.70000076293945,581100.0
2024-02-23,36.84000015258789,37.20000076293945,36.4900016784668,36.779998779296875,413400.0
2024-02-26,36.529998779296875,37.08000183105469,36.400001525878906,36.7400016784668,581600.0
2024-02-27,37.13999938964844,37.709999084472656,36.880001068115234,37.220001220703125,604500.0
2024-02-28,36.66999816894531,37.779998779296875,36.66999816894531,37.439998626708984,490000.0
2024-02-29,37.9900016784668,38.63999938964844,37.689998626708984,38.279998779296875,771200.0
2024-03-01,38.36000061035156,38.58000183105469,37.939998626708984,38.279998779296875,832000.0
2024-03-04,38.2400016784668,38.599998474121094,37.22999954223633,37.400001525878906,592700.0
2024-03-05,37.029998779296875,38.810001373291016,36.900001525878906,37.810001373291016,1224900.0
2024-03-06,38.06999969482422,38.40999984741211,37.209999084472656,37.560001373291016,536300.0
2024-03-07,37.720001220703125,38.11000061035156,37.18000030517578,37.439998626708984,577900.0
2024-03-08,37.86000061035156,39.189998626708984,37.650001525878906,38.91999816894531,2080800.0
2024-03-11,38.400001525878906,38.790000915527344,36.34000015258789,36.5,1062000.0
2024-03-12,36.560001373291016,36.900001525878906,35.869998931884766,36.68000030517578,984000.0
2024-03-13,36.4900016784668,38.4900016784668,36.4900016784668,38.41999816894531,1488000.0
2024-03-14,38.439998626708984,38.72999954223633,37.08000183105469,37.599998474121094,959400.0
2024-03-15,37.0,37.970001220703125,36.7599983215332,37.189998626708984,1187600.0
2024-03-18,37.0099983215332,38.45000076293945,36.810001373291016,38.369998931884766,793800.0
2024-03-19,38.45000076293945,39.4900016784668,38.369998931884766,39.130001068115234,692600.0
2024-03-20,39.0099983215332,40.45000076293945,38.59000015258789,40.15999984741211,971800.0
2024-03-21,40.599998474121094,40.86000061035156,37.70000076293945,38.4900016784668,1109400.0
2024-03-22,38.22999954223633,38.279998779296875,35.54999923706055,35.59000015258789,1047500.0
2024-03-25,35.599998474121094,36.220001220703125,35.0099983215332,35.70000076293945,458300.0
2024-03-26,35.81999969482422,37.279998779296875,35.81999969482422,36.970001220703125,1058400.0
2024-03-27,37.439998626708984,37.75,36.63999938964844,37.619998931884766,559400.0
2024-03-28,37.27000045776367,37.959999084472656,36.91999816894531,37.2400016784668,405600.0
2024-04-01,37.369998931884766,37.4900016784668,35.79999923706055,35.97999954223633,670900.0
2024-04-02,35.790000915527344,36.189998626708984,34.75,34.9900016784668,720700.0
2024-04-03,34.84000015258789,35.959999084472656,34.84000015258789,35.38999938964844,527500.0
2024-04-04,36.7599983215332,36.959999084472656,35.40999984741211,35.61000061035156,774900.0
2024-04-05,35.459999084472656,35.66999816894531,34.68000030517578,35.47999954223633,699200.0
2024-04-08,35.650001525878906,37.209999084472656,35.650001525878906,36.470001220703125,553400.0
2024-04-09,36.150001525878906,36.59000015258789,35.779998779296875,36.189998626708984,407700.0
2024-04-10,35.16999816894531,35.86000061035156,34.75,35.380001068115234,487600.0
2024-04-11,35.22999954223633,35.650001525878906,34.400001525878906,34.939998626708984,602200.0
2024-04-12,34.63999938964844,34.81999969482422,34.029998779296875,34.279998779296875,469700.0
2024-04-15,34.68000030517578,34.939998626708984,33.7400016784668,33.790000915527344,682700.0
2024-04-16,33.400001525878906,33.70000076293945,32.810001373291016,33.540000915527344,872800.0
2024-04-17,34.18000030517578,34.18000030517578,32.099998474121094,32.22999954223633,666600.0
2024-04-18,32.459999084472656,33.86000061035156,32.25,33.20000076293945,886000.0
2024-04-19,33.2599983215332,34.849998474121094,33.2599983215332,34.47999954223633,984600.0
2024-04-22,34.61000061035156,34.849998474121094,33.88999938964844,34.220001220703125,1391600.0
2024-04-23,34.08000183105469,35.970001220703125,34.08000183105469,35.849998474121094,787900.0
2024-04-24,35.540000915527344,35.83000183105469,34.7599983215332,35.529998779296875,942400.0
2024-04-25,33.58000183105469,36.91999816894531,33.58000183105469,36.650001525878906,1445500.0
2024-04-26,36.599998474121094,38.88999938964844,36.5,36.970001220703125,1000100.0
2024-04-29,37.25,38.09000015258789,36.81999969482422,38.0099983215332,554000.0
2024-04-30,37.63999938964844,37.88999938964844,36.72999954223633,36.90999984741211,768600.0
2024-05-01,36.560001373291016,39.08000183105469,36.310001373291016,38.380001068115234,1014500.0
2024-05-02,40.2599983215332,41.380001068115234,38.970001220703125,41.209999084472656,1171900.0
2024-05-03,41.790000915527344,41.790000915527344,40.09000015258789,40.810001373291016,766000.0
2024-05-06,41.20000076293945,41.38999938964844,40.20000076293945,40.38999938964844,702000.0
2024-05-07,40.47999954223633,41.279998779296875,39.959999084472656,39.97999954223633,512500.0
2024-05-08,39.560001373291016,40.06999969482422,39.560001373291016,39.97999954223633,1248000.0
2024-05-09,39.90999984741211,40.29999923706055,39.349998474121094,40.2599983215332,601500.0
2024-05-10,40.459999084472656,40.779998779296875,39.81999969482422,40.689998626708984,720300.0
2024-05-13,41.68000030517578,41.779998779296875,40.54999923706055,41.5,1037400.0
2024-05-14,41.900001525878906,42.0,40.90999984741211,41.5,1244400.0
2024-05-15,41.790000915527344,42.400001525878906,41.61000061035156,42.15999984741211,994800.0
2024-05-16,42.189998626708984,42.349998474121094,38.91999816894531,40.560001373291016,1603000.0
2024-05-17,40.720001220703125,41.72999954223633,40.15999984741211,41.560001373291016,681200.0
2024-05-20,41.84000015258789,42.060001373291016,41.43000030517578,41.43000030517578,740300.0
2024-05-21,41.34000015258789,42.68000030517578,41.15999984741211,42.529998779296875,582300.0
2024-05-22,42.16999816894531,42.72999954223633,41.59000015258789,41.650001525878906,1292700.0
2024-05-23,41.529998779296875,41.83000183105469,40.66999816894531,41.15999984741211,1161100.0
2024-05-24,41.5,41.95000076293945,41.34000015258789,41.880001068115234,362000.0
2024-05-28,42.040000915527344,42.209999084472656,41.209999084472656,41.45000076293945,353400.0
2024-05-29,40.7599983215332,40.880001068115234,39.58000183105469,40.709999084472656,710200.0
2024-05-30,41.06999969482422,41.459999084472656,40.400001525878906,41.15999984741211,396200.0
2024-05-31,41.47999954223633,41.779998779296875,40.529998779296875,41.7599983215332,631000.0
2024-06-03,41.9900016784668,42.0,40.84000015258789,41.29999923706055,446900.0
2024-06-04,41.029998779296875,41.43000030517578,40.529998779296875,40.97999954223633,485600.0
2024-06-05,41.130001068115234,41.63999938964844,40.290000915527344,41.349998474121094,529600.0
2024-06-06,41.25,41.790000915527344,40.959999084472656,41.099998474121094,433300.0
2024-06-07,40.599998474121094,41.33000183105469,40.439998626708984,41.150001525878906,450900.0
2024-06-10,40.5,40.79999923706055,40.099998474121094,40.209999084472656,434200.0
2024-06-11,39.349998474121094,40.0,38.41999816894531,38.52000045776367,773900.0
2024-06-12,39.720001220703125,40.900001525878906,39.22999954223633,40.209999084472656,677800.0
2024-06-13,40.13999938964844,40.34000015258789,38.7400016784668,40.25,634900.0
2024-06-14,39.66999816894531,40.099998474121094,39.189998626708984,39.290000915527344,692400.0
2024-06-17,39.220001220703125,40.79999923706055,39.220001220703125,40.650001525878906,765800.0
2024-06-18,40.93000030517578,41.56999969482422,40.439998626708984,40.84000015258789,853300.0
2024-06-20,41.84000015258789,44.560001373291016,41.41999816894531,44.029998779296875,1777300.0
2024-06-21,44.060001373291016,44.40999984741211,43.439998626708984,43.959999084472656,1520700.0
2024-06-24,43.97999954223633,45.08000183105469,43.900001525878906,44.02000045776367,793300.0
2024-06-25,43.779998779296875,43.83000183105469,43.189998626708984,43.36000061035156,937200.0
2024-06-26,43.349998474121094,43.56999969482422,42.5099983215332,43.380001068115234,618000.0
2024-06-27,43.11000061035156,43.36000061035156,42.459999084472656,43.0,506600.0
2024-06-28,43.540000915527344,45.459999084472656,43.5,44.560001373291016,1056600.0
2024-07-01,44.75,45.529998779296875,44.56999969482422,45.33000183105469,663000.0
2024-07-02,44.970001220703125,46.220001220703125,44.720001220703125,45.40999984741211,770300.0
2024-07-03,45.84000015258789,46.0,45.150001525878906,45.38999938964844,273100.0
2024-07-05,45.119998931884766,45.36000061035156,44.65999984741211,44.90999984741211,335600.0
2024-07-08,45.20000076293945,45.5,44.68000030517578,44.93000030517578,539800.0
2024-07-09,44.959999084472656,46.459999084472656,44.650001525878906,46.040000915527344,914100.0
2024-07-10,45.869998931884766,46.31999969482422,44.83000183105469,46.189998626708984,813500.0
2024-07-11,46.52000045776367,46.97999954223633,45.779998779296875,46.65999984741211,859500.0
2024-07-12,46.790000915527344,48.2400016784668,46.560001373291016,47.45000076293945,748200.0
2024-07-15,48.790000915527344,49.349998474121094,48.099998474121094,49.13999938964844,786600.0
2024-07-16,49.959999084472656,51.72999954223633,49.790000915527344,51.599998474121094,1152900.0
2024-07-17,50.84000015258789,52.18000030517578,50.61000061035156,51.58000183105469,485100.0
2024-07-18,51.47999954223633,52.619998931884766,50.83000183105469,50.91999816894531,759800.0
2024-07-19,50.720001220703125,51.11000061035156,50.119998931884766,50.709999084472656,542200.0
2024-07-22,50.56999969482422,50.70000076293945,49.41999816894531,50.2400016784668,572000.0
2024-07-23,50.2400016784668,52.040000915527344,50.2400016784668,51.619998931884766,837600.0
2024-07-24,51.060001373291016,51.77000045776367,50.27000045776367,50.310001373291016,934400.0
2024-07-25,52.29999923706055,52.93000030517578,50.970001220703125,52.31999969482422,1206700.0
2024-07-26,53.150001525878906,55.08000183105469,52.619998931884766,55.0,1346600.0
2024-07-29,55.220001220703125,55.45000076293945,52.900001525878906,53.09000015258789,697000.0
2024-07-30,53.88999938964844,54.900001525878906,53.52000045776367,54.40999984741211,1157900.0
2024-07-31,54.439998626708984,55.68000030517578,54.029998779296875,54.58000183105469,656000.0
2024-08-01,54.54999923706055,54.970001220703125,50.5,50.779998779296875,1538100.0
2024-08-02,49.380001068115234,49.689998626708984,45.90999984741211,46.36000061035156,2350600.0
2024-08-05,43.61000061035156,45.22999954223633,42.75,44.52000045776367,1433400.0
2024-08-06,44.4900016784668,45.849998474121094,44.279998779296875,44.5,1344000.0
2024-08-07,45.36000061035156,46.02000045776367,44.56999969482422,45.16999816894531,590700.0
2024-08-08,45.970001220703125,48.279998779296875,45.779998779296875,47.72999954223633,869100.0
2024-08-09,49.7400016784668,52.09000015258789,49.7400016784668,51.099998474121094,2140200.0
2024-08-12,51.20000076293945,51.290000915527344,49.61000061035156,49.93000030517578,1101700.0
2024-08-13,50.560001373291016,51.34000015258789,50.130001068115234,51.09000015258789,615900.0
2024-08-14,51.560001373291016,52.529998779296875,51.369998931884766,52.40999984741211,656000.0
2024-08-15,53.86000061035156,54.86000061035156,53.2400016784668,53.459999084472656,1172800.0
2024-08-16,53.41999816894531,54.900001525878906,53.36000061035156,54.27000045776367,742600.0
2024-08-19,54.290000915527344,55.47999954223633,54.16999816894531,55.33000183105469,894300.0
2024-08-20,55.02000045776367,55.79999923706055,54.7400016784668,55.150001525878906,789400.0
2024-08-21,55.2599983215332,55.83000183105469,54.18000030517578,54.5099983215332,773600.0
2024-08-22,54.7400016784668,55.630001068115234,54.470001220703125,54.58000183105469,787600.0
2024-08-23,55.029998779296875,56.779998779296875,55.029998779296875,56.529998779296875,773300.0
2024-08-26,56.869998931884766,57.439998626708984,56.2599983215332,56.29999923706055,885500.0
2024-08-27,55.83000183105469,57.20000076293945,55.83000183105469,57.11000061035156,679000.0
2024-08-28,56.58000183105469,57.880001068115234,56.58000183105469,57.599998474121094,645500.0
2024-08-29,58.0,59.06999969482422,57.790000915527344,58.599998474121094,673900.0
2024-08-30,58.5,59.65999984741211,58.099998474121094,58.16999816894531,731500.0
2024-09-03,57.27000045776367,58.709999084472656,56.93000030517578,57.5099983215332,972200.0
2024-09-04,57.84000015258789,58.810001373291016,56.63999938964844,56.79999923706055,925600.0
2024-09-05,57.52000045776367,58.310001373291016,56.189998626708984,56.720001220703125,610500.0
2024-09-06,56.93000030517578,58.189998626708984,55.43000030517578,55.52000045776367,789800.0
2024-09-09,55.83000183105469,56.27000045776367,52.45000076293945,53.90999984741211,2474400.0
2024-09-10,52.66999816894531,52.75,47.25,47.900001525878906,2728400.0
2024-09-11,47.470001220703125,47.68000030517578,45.84000015258789,46.77000045776367,2019000.0
2024-09-12,47.220001220703125,48.470001220703125,47.11000061035156,47.400001525878906,1622800.0
2024-09-13,47.79999923706055,49.209999084472656,47.599998474121094,48.099998474121094,1238400.0
2024-09-16,48.150001525878906,49.65999984741211,48.150001525878906,49.29999923706055,753500.0
2024-09-17,49.77000045776367,52.380001068115234,49.77000045776367,52.27000045776367,1133600.0
2024-09-18,52.56999969482422,54.09000015258789,51.7599983215332,52.400001525878906,1078700.0
2024-09-19,53.880001068115234,54.36000061035156,52.529998779296875,53.060001373291016,1284500.0
2024-09-20,52.849998474121094,53.29999923706055,52.040000915527344,52.470001220703125,1340800.0
2024-09-23,52.689998626708984,53.189998626708984,50.70000076293945,50.83000183105469,1151600.0
2024-09-24,50.79999923706055,50.849998474121094,46.869998931884766,47.0,2163100.0
2024-09-25,47.25,47.5099983215332,46.099998474121094,46.5099983215332,945200.0
2024-09-26,46.630001068115234,47.02000045776367,46.099998474121094,46.599998474121094,840400.0
2024-09-27,47.25,47.439998626708984,46.15999984741211,46.72999954223633,652700.0
2024-09-30,46.220001220703125,47.70000076293945,45.7599983215332,47.58000183105469,1396300.0
2024-10-01,47.2400016784668,47.59000015258789,45.86000061035156,46.45000076293945,584500.0
2024-10-02,46.099998474121094,46.900001525878906,45.459999084472656,46.5,579900.0
2024-10-03,46.08000183105469,47.31999969482422,45.75,47.18000030517578,493000.0
2024-10-04,48.75,49.220001220703125,47.70000076293945,48.34000015258789,661600.0
2024-10-07,47.63999938964844,48.29999923706055,47.439998626708984,48.29999923706055,625000.0
2024-10-08,47.970001220703125,48.95000076293945,47.04999923706055,48.470001220703125,446400.0
2024-10-09,48.380001068115234,50.099998474121094,48.22999954223633,49.86000061035156,592400.0
2024-10-10,49.650001525878906,49.900001525878906,48.619998931884766,49.15999984741211,418400.0
2024-10-11,49.349998474121094,50.959999084472656,49.349998474121094,50.810001373291016,709800.0
2024-10-14,50.689998626708984,51.189998626708984,50.04999923706055,50.7599983215332,434900.0
2024-10-15,51.22999954223633,52.650001525878906,50.5099983215332,51.369998931884766,737200.0
2024-10-16,52.939998626708984,53.279998779296875,51.849998474121094,53.130001068115234,1303300.0
2024-10-17,53.13999938964844,53.220001220703125,52.33000183105469,52.810001373291016,590800.0
2024-10-18,52.38999938964844,52.38999938964844,50.869998931884766,51.150001525878906,711900.0
2024-10-21,51.150001525878906,51.290000915527344,49.65999984741211,50.040000915527344,564900.0
2024-10-22,49.880001068115234,50.95000076293945,49.630001068115234,50.70000076293945,502300.0
2024-10-23,50.56999969482422,51.130001068115234,50.09000015258789,51.0099983215332,1016800.0
2024-10-24,50.630001068115234,51.52000045776367,48.959999084472656,50.060001373291016,1044500.0
2024-10-25,50.08000183105469,51.63999938964844,48.97999954223633,49.380001068115234,741900.0
2024-10-28,49.22999954223633,51.41999816894531,49.209999084472656,51.25,647700.0
2024-10-29,50.369998931884766,50.97999954223633,49.88999938964844,50.099998474121094,427700.0
2024-10-30,50.0,52.27000045776367,50.0,50.970001220703125,425200.0
2024-10-31,51.52000045776367,51.880001068115234,49.72999954223633,49.849998474121094,524100.0
2024-11-01,49.77000045776367,51.20000076293945,49.54999923706055,50.75,555000.0
2024-11-04,50.63999938964844,51.650001525878906,50.36000061035156,50.630001068115234,429200.0
2024-11-05,50.88999938964844,53.2400016784668,50.779998779296875,52.7599983215332,749100.0
2024-11-06,59.16999816894531,63.0099983215332,59.0,62.77000045776367,2725800.0
2024-11-07,61.720001220703125,62.869998931884766,59.88999938964844,60.25,1333200.0
2024-11-08,60.31999969482422,61.029998779296875,58.95000076293945,59.06999969482422,679200.0
2024-11-11,60.40999984741211,61.66999816894531,59.34000015258789,59.56999969482422,954500.0
2024-11-12,59.099998474121094,60.04999923706055,58.33000183105469,58.63999938964844,569700.0
2024-11-13,58.720001220703125,59.84000015258789,56.279998779296875,56.290000915527344,782700.0
2024-11-14,56.880001068115234,57.540000915527344,56.31999969482422,56.70000076293945,664200.0
2024-11-15,57.09000015258789,58.5099983215332,56.95000076293945,58.5,666600.0
2024-11-18,58.5099983215332,59.34000015258789,57.40999984741211,57.66999816894531,542200.0
2024-11-19,56.72999954223633,58.130001068115234,56.41999816894531,57.59000015258789,554200.0
2024-11-20,57.81999969482422,58.400001525878906,56.81999969482422,57.18000030517578,491300.0
2024-11-21,57.65999984741211,58.189998626708984,56.0099983215332,56.79999923706055,906200.0
2024-11-22,57.470001220703125,58.72999954223633,57.470001220703125,58.06999969482422,543000.0
2024-11-25,58.9900016784668,60.2599983215332,58.63999938964844,58.900001525878906,912500.0
2024-11-26,58.77000045776367,59.15999984741211,58.150001525878906,58.56999969482422,634700.0
2024-11-27,58.95000076293945,59.459999084472656,57.65999984741211,57.95000076293945,412600.0
2024-11-29,59.27000045776367,59.79999923706055,58.060001373291016,58.83000183105469,252400.0
2024-12-02,60.4900016784668,60.970001220703125,58.79999923706055,60.41999816894531,591000.0
2024-12-03,60.790000915527344,62.04999923706055,60.029998779296875,61.150001525878906,718700.0
2024-12-04,61.220001220703125,61.959999084472656,60.099998474121094,61.11000061035156,486200.0
2024-12-05,61.34000015258789,62.09000015258789,60.56999969482422,61.959999084472656,421700.0
2024-12-06,62.16999816894531,63.25,61.41999816894531,63.189998626708984,600600.0
2024-12-09,63.45000076293945,65.23999786376953,63.20000076293945,64.44000244140625,1306800.0
2024-12-10,64.30999755859375,65.2699966430664,63.66999816894531,64.33000183105469,922900.0
2024-12-11,64.80000305175781,66.55999755859375,64.6500015258789,66.3499984741211,995000.0
2024-12-12,66.11000061035156,66.70999908447266,65.66999816894531,66.0199966430664,893600.0
2024-12-13,66.0199966430664,66.2300033569336,65.19999694824219,65.2699966430664,665800.0
2024-12-16,65.30999755859375,66.62000274658203,64.72000122070312,66.33999633789062,815800.0
2024-12-17,65.41000366210938,66.2699966430664,64.43000030517578,65.11000061035156,733400.0
2024-12-18,65.58999633789062,66.36000061035156,60.380001068115234,60.689998626708984,886300.0
2024-12-19,63.41999816894531,65.1500015258789,60.59000015258789,61.41999816894531,1084300.0
2024-12-20,60.72999954223633,63.16999816894531,60.0,62.7599983215332,1300100.0
2024-12-23,61.83000183105469,63.15999984741211,61.349998474121094,62.290000915527344,427300.0
2024-12-24,62.439998626708984,63.02000045776367,61.689998626708984,62.95000076293945,171500.0
2024-12-26,62.11000061035156,63.59000015258789,61.810001373291016,63.31999969482422,222700.0
2024-12-27,62.59000015258789,63.459999084472656,61.599998474121094,61.93000030517578,307100.0
2024-12-30,61.029998779296875,61.970001220703125,60.38999938964844,61.400001525878906,661600.0
2024-12-31,61.68000030517578,62.459999084472656,60.95000076293945,61.060001373291016,320100.0
2025-01-02,60.9900016784668,61.709999084472656,60.099998474121094,60.470001220703125,656200.0
2025-01-03,60.93000030517578,61.95000076293945,60.0,61.880001068115234,400500.0
2025-01-06,62.619998931884766,63.13999938964844,61.5099983215332,61.779998779296875,473100.0
2025-01-07,61.779998779296875,62.400001525878906,59.459999084472656,59.65999984741211,726000.0
2025-01-08,59.189998626708984,59.599998474121094,58.439998626708984,59.279998779296875,447500.0
2025-01-10,58.54999923706055,58.77000045776367,57.040000915527344,57.189998626708984,517800.0
2025-01-13,56.38999938964844,57.599998474121094,55.7599983215332,57.540000915527344,643900.0
2025-01-14,58.66999816894531,59.540000915527344,58.11000061035156,59.119998931884766,409400.0
2025-01-15,61.22999954223633,62.040000915527344,60.84000015258789,61.47999954223633,597000.0
2025-01-16,60.900001525878906,61.709999084472656,60.20000076293945,60.869998931884766,466800.0
2025-01-17,61.689998626708984,61.81999969482422,60.959999084472656,61.529998779296875,427200.0
2025-01-21,62.380001068115234,63.790000915527344,61.91999816894531,63.75,573100.0
2025-01-22,63.869998931884766,65.1500015258789,63.619998931884766,65.06999969482422,572200.0
2025-01-23,64.95999908447266,65.9000015258789,64.37000274658203,64.83999633789062,518600.0
2025-01-24,64.45999908447266,65.08000183105469,63.90999984741211,64.48999786376953,396800.0
2025-01-27,64.22000122070312,64.72000122070312,62.900001525878906,63.900001525878906,590600.0
2025-01-28,63.2599983215332,63.5,61.150001525878906,63.08000183105469,752900.0
2025-01-29,63.27000045776367,63.790000915527344,61.72999954223633,63.650001525878906,864600.0
2025-01-30,63.0,65.69000244140625,60.650001525878906,63.709999084472656,1350800.0
2025-01-31,63.29999923706055,64.5,62.290000915527344,63.33000183105469,819000.0
2025-02-03,61.619998931884766,63.650001525878906,59.88999938964844,63.130001068115234,1079800.0
2025-02-04,63.650001525878906,64.73999786376953,59.599998474121094,60.20000076293945,1573100.0
2025-02-05,60.810001373291016,62.0,59.630001068115234,61.90999984741211,841700.0
2025-02-06,62.790000915527344,63.22999954223633,61.79999923706055,62.77000045776367,472700.0
2025-02-07,62.84000015258789,63.25,61.66999816894531,62.029998779296875,397500.0
2025-02-10,62.65999984741211,62.65999984741211,60.5,60.599998474121094,474200.0
2025-02-11,60.029998779296875,63.130001068115234,59.7599983215332,62.470001220703125,607500.0
2025-02-12,62.04999923706055,62.279998779296875,60.189998626708984,61.310001373291016,491800.0
2025-02-13,61.86000061035156,62.20000076293945,60.7400016784668,61.27000045776367,384000.0
2025-02-14,61.27000045776367,62.70000076293945,61.2400016784668,62.40999984741211,512200.0
2025-02-18,62.72999954223633,63.18000030517578,61.02000045776367,61.95000076293945,473900.0
2025-02-19,61.0099983215332,61.849998474121094,60.45000076293945,61.02000045776367,577900.0
2025-02-20,60.81999969482422,61.0,58.630001068115234,59.66999816894531,593700.0
2025-02-21,59.81999969482422,60.20000076293945,56.470001220703125,56.93000030517578,582500.0
2025-02-24,57.59000015258789,57.59000015258789,55.310001373291016,55.45000076293945,790400.0
2025-02-25,55.849998474121094,56.04999923706055,54.279998779296875,54.4900016784668,705900.0
2025-02-26,54.650001525878906,55.279998779296875,52.77000045776367,53.900001525878906,1487100.0
2025-02-27,54.2400016784668,54.709999084472656,53.150001525878906,53.63999938964844,892800.0
2025-02-28,53.77000045776367,54.310001373291016,53.09000015258789,54.0,796700.0
2025-03-03,54.560001373291016,55.04999923706055,51.16999816894531,51.7400016784668,1066000.0
2025-03-04,50.310001373291016,51.29999923706055,49.13999938964844,50.5099983215332,1518200.0
2025-03-05,50.619998931884766,52.060001373291016,50.040000915527344,50.91999816894531,900400.0
2025-03-06,50.25,51.029998779296875,49.0099983215332,49.34000015258789,1231900.0
2025-03-07,49.33000183105469,49.33000183105469,47.0099983215332,48.68000030517578,1454500.0
2025-03-10,47.0,47.0,44.61000061035156,46.5099983215332,1895600.0
2025-03-11,46.56999969482422,48.470001220703125,45.5,47.68000030517578,1263400.0
2025-03-12,48.810001373291016,49.599998474121094,47.93000030517578,48.279998779296875,916600.0
2025-03-13,48.619998931884766,49.02000045776367,47.369998931884766,47.54999923706055,1114500.0
2025-03-14,48.380001068115234,49.630001068115234,48.0099983215332,49.2400016784668,915900.0
2025-03-17,48.79999923706055,48.900001525878906,46.15999984741211,47.959999084472656,1650000.0
2025-03-18,48.18000030517578,48.58000183105469,47.72999954223633,47.869998931884766,896000.0
2025-03-19,48.060001373291016,50.0099983215332,47.689998626708984,49.7400016784668,979200.0
2025-03-20,49.11000061035156,50.58000183105469,49.11000061035156,49.779998779296875,757400.0
2025-03-21,49.13999938964844,50.31999969482422,48.650001525878906,50.0,1317800.0
2025-03-24,51.16999816894531,52.5,50.7599983215332,52.41999816894531,984100.0
2025-03-25,52.209999084472656,52.810001373291016,51.439998626708984,51.59000015258789,1010600.0
2025-03-26,51.90999984741211,52.2400016784668,51.0099983215332,51.45000076293945,666500.0
2025-03-27,51.060001373291016,51.720001220703125,50.400001525878906,51.2599983215332,660100.0
2025-03-28,51.040000915527344,51.279998779296875,49.47999954223633,50.0,727800.0
2025-03-31,48.630001068115234,50.38999938964844,47.9900016784668,50.08000183105469,755900.0
2025-04-01,49.209999084472656,50.31999969482422,49.209999084472656,50.16999816894531,620700.0
2025-04-02,49.38999938964844,52.11000061035156,48.79999923706055,51.58000183105469,482300.0
2025-04-03,48.959999084472656,48.959999084472656,44.54999923706055,44.810001373291016,2146600.0
2025-04-04,42.93000030517578,42.95000076293945,39.900001525878906,41.880001068115234,2140500.0
2025-04-07,38.209999084472656,44.470001220703125,38.209999084472656,43.91999816894531,3422400.0
2025-04-08,44.86000061035156,46.15999984741211,42.099998474121094,42.849998474121094,1873500.0
2025-04-09,41.88999938964844,49.72999954223633,41.220001220703125,48.279998779296875,2186300.0
2025-04-10,46.5099983215332,46.619998931884766,43.459999084472656,44.38999938964844,1245900.0
2025-04-11,44.029998779296875,44.630001068115234,42.13999938964844,44.029998779296875,1394700.0
2025-04-14,45.2599983215332,45.939998626708984,43.779998779296875,44.970001220703125,1381500.0
2025-04-15,45.25,46.11000061035156,45.06999969482422,45.630001068115234,1186900.0
2025-04-16,45.34000015258789,46.77000045776367,44.56999969482422,45.869998931884766,1285600.0
2025-04-17,45.81999969482422,47.290000915527344,45.81999969482422,46.869998931884766,797900.0
2025-04-21,46.38999938964844,46.7400016784668,44.880001068115234,45.599998474121094,762500.0
2025-04-22,46.459999084472656,47.04999923706055,45.47999954223633,46.88999938964844,1061000.0
2025-04-23,48.400001525878906,49.349998474121094,47.36000061035156,47.869998931884766,1571900.0
2025-04-24,49.939998626708984,51.709999084472656,48.0099983215332,48.90999984741211,1889700.0
2025-04-25,48.25,49.040000915527344,47.310001373291016,48.88999938964844,1163500.0
2025-04-28,49.16999816894531,49.25,47.34000015258789,48.150001525878906,1101200.0
2025-04-29,48.040000915527344,48.7599983215332,47.099998474121094,48.439998626708984,701900.0
2025-04-30,47.06999969482422,47.58000183105469,46.04999923706055,47.45000076293945,987800.0
2025-05-01,47.91999816894531,48.369998931884766,46.91999816894531,47.790000915527344,659200.0
2025-05-02,48.650001525878906,49.619998931884766,48.2400016784668,48.91999816894531,1135300.0
2025-05-05,48.369998931884766,49.77000045776367,47.88999938964844,48.900001525878906,576400.0
2025-05-06,48.13999938964844,49.029998779296875,47.869998931884766,48.58000183105469,482500.0
2025-05-07,49.22999954223633,49.599998474121094,48.150001525878906,48.650001525878906,551400.0
2025-05-08,49.540000915527344,51.439998626708984,49.310001373291016,50.470001220703125,710900.0
2025-05-09,50.7599983215332,50.7599983215332,49.630001068115234,50.470001220703125,609400.0
2025-05-12,53.75,55.880001068115234,52.90999984741211,54.0,1202300.0
2025-05-13,54.31999969482422,55.7599983215332,54.11000061035156,55.130001068115234,817400.0
2025-05-14,54.86000061035156,55.77000045776367,54.369998931884766,55.290000915527344,945400.0
2025-05-15,54.810001373291016,55.02000045776367,53.72999954223633,54.33000183105469,1080600.0
2025-05-16,54.310001373291016,54.310001373291016,53.58000183105469,53.95000076293945,673100.0
2025-05-19,53.040000915527344,53.83000183105469,52.56999969482422,53.29999923706055,629700.0
2025-05-20,53.029998779296875,53.34000015258789,52.56999969482422,52.9900016784668,501600.0
2025-05-21,52.2400016784668,52.72999954223633,51.209999084472656,51.290000915527344,647000.0
2025-05-22,51.31999969482422,52.029998779296875,50.29999923706055,51.290000915527344,798900.0
2025-05-23,49.810001373291016,50.83000183105469,49.810001373291016,50.58000183105469,665800.0
2025-05-27,51.40999984741211,52.369998931884766,50.65999984741211,52.279998779296875,461500.0
2025-05-28,52.34000015258789,52.45000076293945,51.41999816894531,51.61000061035156,394800.0
2025-05-29,52.119998931884766,52.2400016784668,51.16999816894531,51.90999984741211,379000.0
2025-05-30,51.5,51.900001525878906,50.70000076293945,51.2400016784668,719700.0
2025-06-02,50.939998626708984,51.369998931884766,50.130001068115234,51.18000030517578,704800.0
2025-06-03,51.150001525878906,52.25,50.77000045776367,52.060001373291016,447900.0
2025-06-04,51.95000076293945,52.04999923706055,49.959999084472656,49.97999954223633,969300.0
2025-06-05,49.52000045776367,50.029998779296875,49.16999816894531,49.41999816894531,786000.0
2025-06-06,50.83000183105469,51.619998931884766,50.31999969482422,51.560001373291016,517400.0
2025-06-09,52.0099983215332,52.16999816894531,50.959999084472656,51.209999084472656,611600.0
2025-06-10,51.61000061035156,52.77000045776367,50.90999984741211,52.27000045776367,667600.0
2025-06-11,52.560001373291016,55.79999923706055,52.279998779296875,54.47999954223633,1434000.0
2025-06-12,53.630001068115234,54.119998931884766,52.86000061035156,53.58000183105469,664100.0
2025-06-13,52.52000045776367,52.61000061035156,50.630001068115234,50.720001220703125,623800.0
2025-06-16,51.380001068115234,53.11000061035156,50.880001068115234,52.54999923706055,476700.0
2025-06-17,52.060001373291016,52.5099983215332,51.310001373291016,51.709999084472656,471300.0
2025-06-18,51.369998931884766,53.34000015258789,51.369998931884766,52.7599983215332,810300.0
2025-06-20,53.2599983215332,54.290000915527344,52.84000015258789,54.06999969482422,1561500.0
2025-06-23,53.619998931884766,54.90999984741211,53.2599983215332,54.7400016784668,881200.0
2025-06-24,55.380001068115234,56.369998931884766,55.20000076293945,55.83000183105469,773900.0
2025-06-25,55.65999984741211,56.220001220703125,55.619998931884766,55.939998626708984,601600.0
2025-06-26,55.959999084472656,56.849998474121094,55.79999923706055,56.560001373291016,698400.0
2025-06-27,56.689998626708984,57.02000045776367,55.84000015258789,56.86000061035156,1210300.0
2025-06-30,57.08000183105469,57.810001373291016,56.86000061035156,57.119998931884766,678400.0
2025-07-01,57.290000915527344,58.880001068115234,57.15999984741211,58.540000915527344,626000.0
2025-07-02,58.5,59.91999816894531,58.349998474121094,59.880001068115234,566100.0
2025-07-03,60.0,60.91999816894531,59.9900016784668,60.400001525878906,353500.0
2025-07-07,59.86000061035156,60.630001068115234,59.029998779296875,59.59000015258789,508700.0
2025-07-08,60.220001220703125,60.540000915527344,59.150001525878906,59.290000915527344,570300.0
2025-07-09,59.90999984741211,61.439998626708984,59.61000061035156,61.27000045776367,827200.0
2025-07-10,61.08000183105469,62.83000183105469,60.849998474121094,62.560001373291016,1045000.0
2025-07-11,61.95000076293945,61.95000076293945,60.9900016784668,61.2400016784668,537500.0
2025-07-14,62.43000030517578,62.459999084472656,61.290000915527344,61.9900016784668,474000.0
2025-07-15,61.29999923706055,61.56999969482422,59.86000061035156,60.08000183105469,522800.0
2025-07-16,60.56999969482422,61.33000183105469,59.5099983215332,61.119998931884766,712900.0
2025-07-17,60.90999984741211,62.54999923706055,60.90999984741211,62.29999923706055,641000.0
2025-07-18,62.369998931884766,62.59000015258789,60.709999084472656,61.15999984741211,480100.0
2025-07-21,61.41999816894531,62.2599983215332,60.75,61.08000183105469,505200.0
2025-07-22,60.65999984741211,63.09000015258789,60.65999984741211,62.869998931884766,995600.0
2025-07-23,63.5,64.23999786376953,62.77000045776367,64.19999694824219,765700.0
2025-07-24,62.91999816894531,64.6500015258789,60.959999084472656,61.0,934900.0
2025-07-25,61.59000015258789,64.08999633789062,60.900001525878906,63.27000045776367,1085400.0
2025-07-28,63.459999084472656,64.55000305175781,62.810001373291016,64.0199966430664,936100.0
2025-07-29,64.44999694824219,65.2699966430664,62.2599983215332,62.779998779296875,798100.0
2025-07-30,62.779998779296875,63.08000183105469,61.189998626708984,61.779998779296875,842800.0
2025-07-31,61.619998931884766,61.91999816894531,61.040000915527344,61.29999923706055,524200.0
2025-08-01,59.93000030517578,60.0,57.40999984741211,57.560001373291016,1319100.0
2025-08-04,58.16999816894531,59.43000030517578,57.459999084472656,59.41999816894531,725300.0
2025-08-05,59.380001068115234,59.79999923706055,58.43000030517578,58.959999084472656,446300.0
2025-08-06,59.0099983215332,59.279998779296875,58.439998626708984,58.689998626708984,480600.0
2025-08-07,59.40999984741211,59.40999984741211,57.56999969482422,57.83000183105469,448500.0
2025-08-08,58.16999816894531,58.52000045776367,57.310001373291016,58.220001220703125,462000.0
2025-08-11,58.34000015258789,58.70000076293945,57.849998474121094,58.36000061035156,291500.0
2025-08-12,58.939998626708984,60.7599983215332,58.939998626708984,60.45000076293945,487100.0
2025-08-13,60.90999984741211,61.13999938964844,60.130001068115234,61.06999969482422,395900.0
2025-08-14,60.2400016784668,61.470001220703125,60.029998779296875,61.45000076293945,386100.0
2025-08-15,61.290000915527344,61.310001373291016,59.22999954223633,59.70000076293945,554800.0
2025-08-18,59.349998474121094,60.470001220703125,59.119998931884766,60.310001373291016,809000.0
2025-08-19,60.380001068115234,61.11000061035156,59.63999938964844,59.869998931884766,460500.0
2025-08-20,59.47999954223633,59.869998931884766,58.619998931884766,59.63999938964844,371500.0
2025-08-21,59.040000915527344,59.810001373291016,58.279998779296875,59.56999969482422,253200.0
2025-08-22,59.91999816894531,62.939998626708984,59.459999084472656,62.36000061035156,501000.0
2025-08-25,62.36000061035156,63.060001373291016,62.29999923706055,62.849998474121094,343200.0
2025-08-26,62.4900016784668,64.08000183105469,62.11000061035156,63.86000061035156,537700.0
2025-08-27,65.69999694824219,65.7699966430664,64.37000274658203,65.36000061035156,650700.0
2025-08-28,65.87000274658203,67.19000244140625,65.5,66.69000244140625,1008500.0
2025-08-29,66.93000030517578,67.33000183105469,65.30999755859375,66.19000244140625,588000.0
2025-09-02,64.86000061035156,65.66000366210938,63.779998779296875,65.48999786376953,424900.0
2025-09-03,65.1500015258789,65.95999908447266,64.94000244140625,65.87000274658203,363300.0
2025-09-04,66.23999786376953,67.16999816894531,65.83999633789062,66.9800033569336,339200.0
2025-09-05,66.98999786376953,68.01000213623047,65.66999816894531,66.2300033569336,348700.0
2025-09-08,66.33999633789062,66.41000366210938,65.08999633789062,65.56999969482422,457500.0
2025-09-09,65.33999633789062,65.63999938964844,63.0099983215332,64.22000122070312,631500.0
2025-09-10,63.83000183105469,64.80999755859375,63.38999938964844,64.06999969482422,444000.0
2025-09-11,64.27999877929688,64.6500015258789,63.470001220703125,63.93000030517578,667600.0
2025-09-12,63.47999954223633,63.560001373291016,62.56999969482422,63.18000030517578,616200.0
2025-09-15,63.25,64.6500015258789,62.900001525878906,63.880001068115234,503600.0
2025-09-16,63.84000015258789,63.939998626708984,62.43000030517578,62.9900016784668,605700.0
2025-09-17,63.189998626708984,64.47000122070312,61.400001525878906,61.81999969482422,872500.0
2025-09-18,62.220001220703125,64.31999969482422,61.970001220703125,64.05999755859375,582000.0
2025-09-19,64.0,64.12000274658203,63.04999923706055,63.459999084472656,1299800.0
2025-09-22,63.06999969482422,63.290000915527344,62.119998931884766,62.630001068115234,744000.0
2025-09-23,63.0099983215332,63.880001068115234,61.0,61.04999923706055,704600.0
2025-09-24,61.099998474121094,61.810001373291016,60.5,60.709999084472656,520700.0
2025-09-25,60.119998931884766,60.5,59.4900016784668,60.060001373291016,595500.0
2025-09-26,60.15999984741211,60.4900016784668,58.900001525878906,59.59000015258789,518200.0
2025-09-29,59.720001220703125,59.97999954223633,57.0099983215332,58.06999969482422,1286100.0
2025-09-30,58.06999969482422,58.40999984741211,55.290000915527344,55.77000045776367,835900.0
2025-10-01,54.97999954223633,55.90999984741211,54.529998779296875,54.88999938964844,880500.0
2025-10-02,54.90999984741211,55.349998474121094,54.310001373291016,55.13999938964844,726500.0
2025-10-03,55.04999923706055,56.4900016784668,55.04999923706055,55.709999084472656,746300.0
2025-10-06,55.7599983215332,56.540000915527344,54.2400016784668,54.77000045776367,699400.0
2025-10-07,55.0099983215332,55.75,54.939998626708984,55.41999816894531,601000.0
2025-10-08,55.90999984741211,55.90999984741211,54.880001068115234,55.02000045776367,319200.0
2025-10-09,55.47999954223633,55.970001220703125,54.75,55.810001373291016,426000.0
2025-10-10,56.060001373291016,56.27000045776367,53.83000183105469,54.08000183105469,839100.0
2025-10-13,54.88999938964844,56.5099983215332,54.88999938964844,56.41999816894531,684800.0
2025-10-14,55.79999923706055,59.290000915527344,55.79999923706055,59.2400016784668,1106400.0
2025-10-15,59.720001220703125,60.25,59.220001220703125,59.75,805400.0
2025-10-16,59.790000915527344,59.790000915527344,57.11000061035156,57.61000061035156,836500.0
2025-10-17,58.290000915527344,59.529998779296875,58.16999816894531,59.029998779296875,832000.0
2025-10-20,59.18000030517578,60.459999084472656,59.15999984741211,59.93000030517578,601300.0
2025-10-21,59.900001525878906,61.099998474121094,59.88999938964844,60.93000030517578,455500.0
2025-10-22,60.9900016784668,61.59000015258789,59.83000183105469,60.540000915527344,741900.0
2025-10-23,62.290000915527344,66.16000366210938,59.93000030517578,65.45999908447266,2355800.0
2025-10-24,66.45999908447266,66.83000183105469,64.70999908447266,65.5,846700.0
2025-10-27,66.27999877929688,67.04000091552734,65.5199966430664,66.26000213623047,519800.0
2025-10-28,66.54000091552734,66.70999908447266,64.62000274658203,64.94000244140625,885300.0
2025-10-29,64.3499984741211,64.80000305175781,61.380001068115234,62.209999084472656,931000.0
2025-10-30,61.81999969482422,63.119998931884766,61.72999954223633,61.90999984741211,935100.0
2025-10-31,61.9900016784668,63.81999969482422,61.58000183105469,62.650001525878906,905800.0
2025-11-03,62.529998779296875,64.0,61.959999084472656,63.599998474121094,745900.0
2025-11-04,62.810001373291016,63.66999816894531,62.4900016784668,62.58000183105469,607900.0
2025-11-05,62.65999984741211,64.54000091552734,61.75,63.95000076293945,660100.0
2025-11-06,64.0199966430664,64.58999633789062,63.27000045776367,63.86000061035156,667600.0
2025-11-07,63.29999923706055,63.61000061035156,62.189998626708984,63.58000183105469,829100.0
2025-11-10,64.19999694824219,64.62999725341797,63.599998474121094,63.7599983215332,652200.0
2025-11-11,63.529998779296875,64.18000030517578,63.34000015258789,63.459999084472656,421100.0
2025-11-12,63.2599983215332,64.73999786376953,63.2400016784668,63.959999084472656,549700.0
2025-11-13,63.45000076293945,63.93000030517578,61.59000015258789,61.84000015258789,726700.0
2025-11-14,61.880001068115234,62.56999969482422,60.7599983215332,61.93000030517578,719800.0
2025-11-17,61.56999969482422,62.13999938964844,59.41999816894531,59.97999954223633,820800.0
2025-11-18,59.41999816894531,61.0,59.2599983215332,60.540000915527344,886600.0
2025-11-19,60.970001220703125,62.380001068115234,60.5099983215332,62.349998474121094,761300.0
2025-11-20,62.970001220703125,64.58999633789062,61.529998779296875,61.66999816894531,849100.0
2025-11-21,62.11000061035156,65.83000183105469,61.90999984741211,64.69999694824219,934800.0
2025-11-24,64.47000122070312,65.45999908447266,63.779998779296875,65.08000183105469,853600.0
2025-11-25,65.23999786376953,67.58000183105469,64.30999755859375,66.7699966430664,725300.0
2025-11-26,66.7699966430664,68.72000122070312,66.7300033569336,67.45999908447266,1086000.0
2025-11-28,67.41000366210938,68.20999908447266,67.41000366210938,67.7300033569336,242000.0
2025-12-01,67.22000122070312,68.8499984741211,66.7300033569336,68.06999969482422,654200.0
2025-12-02,68.69999694824219,69.66999816894531,67.94999694824219,69.37999725341797,651800.0
2025-12-03,69.55000305175781,71.66000366210938,69.30999755859375,71.23999786376953,711700.0
2025-12-04,69.69000244140625,72.08999633789062,69.68000030517578,72.0,747300.0
2025-12-05,71.73999786376953,72.70999908447266,71.05000305175781,72.20999908447266,559700.0
2025-12-08,72.4000015258789,72.73999786376953,71.4800033569336,72.41999816894531,705600.0
2025-12-09,72.12000274658203,73.7300033569336,71.8499984741211,73.45999908447266,606900.0
2025-12-10,73.4000015258789,74.44000244140625,71.66999816894531,73.83000183105469,1430500.0
2025-12-11,74.0,75.83000183105469,73.63999938964844,74.36000061035156,1000500.0
2025-12-12,74.76000213623047,74.91999816894531,73.43000030517578,74.58999633789062,759300.0
2025-12-15,74.51000213623047,75.06999969482422,74.19999694824219,74.3499984741211,682500.0
2025-12-16,74.76000213623047,76.66000366210938,73.81999969482422,75.80999755859375,1002600.0
2025-12-17,76.20999908447266,76.63999938964844,75.4000015258789,76.33999633789062,956200.0
2025-12-18,77.62000274658203,78.2699966430664,77.05999755859375,77.63999938964844,918500.0
2025-12-19,76.93000030517578,78.04000091552734,76.86000061035156,78.0,1463500.0
2025-12-22,78.2699966430664,78.9800033569336,77.47000122070312,77.75,510400.0
2025-12-23,77.81999969482422,78.05000305175781,76.47000122070312,76.61000061035156,536200.0
2025-12-24,76.69000244140625,77.5,76.30000305175781,76.68000030517578,207100.0
2025-12-26,76.38999938964844,76.9800033569336,76.01000213623047,76.63999938964844,307100.0
2025-12-29,76.43000030517578,76.66000366210938,74.37999725341797,75.18000030517578,567900.0
2025-12-30,75.31999969482422,75.31999969482422,74.33999633789062,74.61000061035156,379400.0
2025-12-31,74.62999725341797,74.62999725341797,73.88999938964844,74.02999877929688,501000.0
2026-01-02,74.19999694824219,75.80000305175781,73.77999877929688,75.30000305175781,677900.0
2026-01-05,75.08000183105469,77.75,74.83999633789062,76.30000305175781,639900.0
2026-01-06,76.5999984741211,80.41000366210938,76.5199966430664,80.26000213623047,1137000.0
2026-01-07,80.08000183105469,80.43000030517578,78.26000213623047,79.9800033569336,631000.0
2026-01-08,80.5,81.48999786376953,80.05999755859375,81.25,695400.0
2026-01-09,81.29000091552734,82.02999877929688,80.0,80.36000061035156,685200.0
2026-01-12,72.08000183105469,73.80000305175781,70.05999755859375,71.77999877929688,2399700.0
2026-01-13,71.93000030517578,72.91999816894531,69.61000061035156,69.79000091552734,1646700.0
2026-01-14,69.55999755859375,69.86000061035156,67.77999877929688,69.0,1601000.0
2026-01-15,69.48999786376953,70.7699966430664,69.0199966430664,70.6500015258789,1284800.0
2026-01-16,71.88999938964844,74.16999816894531,71.88999938964844,73.7300033569336,1524800.0
2026-01-20,72.30000305175781,73.76000213623047,69.69999694824219,69.94000244140625,880100.0
2026-01-21,70.26000213623047,71.37999725341797,69.91000366210938,70.48999786376953,493700.0
2026-01-22,71.01000213623047,72.6500015258789,70.58000183105469,71.01000213623047,785800.0
2026-01-23,70.23999786376953,70.73999786376953,68.56999969482422,68.77999877929688,643800.0
2026-01-26,69.5199966430664,70.80000305175781,68.77999877929688,70.18000030517578,718800.0
2026-01-27,69.94999694824219,70.01000213623047,68.06999969482422,69.44999694824219,786400.0
2026-01-28,69.62000274658203,70.41000366210938,68.16999816894531,68.19999694824219,828100.0
2026-01-29,70.61000061035156,73.63999938964844,70.5,73.02999877929688,1702900.0
2026-01-30,72.33999633789062,74.2699966430664,72.0999984741211,72.54000091552734,1197000.0
2026-02-02,72.9800033569336,73.80999755859375,71.80000305175781,73.05000305175781,902100.0
2026-02-03,74.45999908447266,77.79000091552734,73.80999755859375,75.4000015258789,1239400.0
2026-02-04,75.83999633789062,77.58999633789062,75.76000213623047,76.5,920000.0
2026-02-05,76.76000213623047,77.19000244140625,73.8499984741211,77.19000244140625,1629900.0
2026-02-06,78.79000091552734,79.93000030517578,77.94000244140625,79.52999877929688,764900.0
2026-02-09,79.48999786376953,79.55999755859375,77.79000091552734,77.9000015258789,575900.0
2026-02-10,77.66000366210938,78.70999908447266,75.9000015258789,77.11000061035156,839000.0
2026-02-11,77.5199966430664,77.58999633789062,74.62999725341797,76.02999877929688,660000.0
2026-02-12,76.83000183105469,78.02999877929688,71.70999908447266,72.2699966430664,890800.0
2026-02-13,74.25,74.25,71.27999877929688,72.37000274658203,618300.0
2026-02-17,72.75,74.04000091552734,72.05000305175781,73.16000366210938,748100.0
2026-02-18,73.0,74.86000061035156,72.62000274658203,74.43000030517578,1385900.0
2026-02-19,73.79000091552734,75.05999755859375,73.06999969482422,75.01000213623047,769000.0
2026-02-20,74.81999969482422,75.7300033569336,73.08000183105469,75.7300033569336,512200.0
2026-02-23,75.11000061035156,75.33000183105469,70.37999725341797,70.83999633789062,658400.0
2026-02-24,70.80999755859375,72.56999969482422,70.52999877929688,71.55999755859375,742100.0
2026-02-25,72.47000122070312,73.33000183105469,71.27999877929688,73.19000244140625,492000.0
2026-02-26,75.4800033569336,79.51000213623047,75.0,79.2699966430664,1376600.0
2026-02-27,76.5,76.51000213623047,70.37000274658203,70.86000061035156,1078800.0
2026-03-02,69.30000305175781,72.4000015258789,68.52999877929688,71.98999786376953,652700.0
2026-03-03,69.94000244140625,73.55000305175781,69.13999938964844,72.7300033569336,451600.0
2026-03-04,73.1500015258789,75.38999938964844,72.83999633789062,75.0999984741211,543400.0
2026-03-05,74.19000244140625,75.55000305175781,74.19000244140625,75.22000122070312,533400.0
2026-03-06,72.55999755859375,73.19000244140625,70.9800033569336,72.20999908447266,719200.0
2026-03-09,70.47000122070312,72.91000366210938,69.44000244140625,72.45999908447266,614500.0
2026-03-10,72.5999984741211,74.0,71.66999816894531,72.58999633789062,670100.0
2026-03-11,72.7300033569336,74.13999938964844,72.0199966430664,74.08999633789062,600300.0
2026-03-12,71.94999694824219,72.95999908447266,71.30000305175781,71.66000366210938,525700.0
2026-03-13,72.19999694824219,73.0199966430664,70.86000061035156,71.52999877929688,581800.0
2026-03-16,72.05000305175781,72.66999816894531,69.83000183105469,69.91999816894531,593000.0
2026-03-17,71.72000122070312,73.30999755859375,70.93000030517578,71.94000244140625,533800.0
2026-03-18,71.54000091552734,72.68000030517578,70.79000091552734,71.2699966430664,886700.0
2026-03-19,70.31999969482422,73.83000183105469,70.31999969482422,73.54000091552734,586600.0
2026-03-20,73.5,75.0,72.26000213623047,74.62000274658203,1239200.0
2026-03-23,76.4800033569336,78.0,74.4800033569336,74.7300033569336,727000.0
2026-03-24,74.01000213623047,75.47000122070312,73.4800033569336,74.48999786376953,640800.0
2026-03-25,74.91000366210938,75.6500015258789,74.18000030517578,75.11000061035156,511500.0
2026-03-26,74.36000061035156,76.45999908447266,74.36000061035156,75.88999938964844,521100.0
2026-03-27,74.86000061035156,75.08000183105469,72.02999877929688,72.12999725341797,635700.0
2026-03-30,72.01000213623047,73.66999816894531,72.01000213623047,73.02999877929688,466500.0
2026-03-31,74.37000274658203,75.20999908447266,72.05999755859375,74.88999938964844,816700.0
2026-04-01,75.97000122070312,76.0999984741211,73.41999816894531,73.56999969482422,663900.0
2026-04-02,72.20999908447266,74.20999908447266,70.23999786376953,73.0199966430664,771300.0
2026-04-06,72.91999816894531,75.19999694824219,72.91999816894531,75.16999816894531,534700.0
2026-04-07,75.0999984741211,75.98999786376953,74.11000061035156,74.33000183105469,965500.0
2026-04-08,77.4800033569336,79.58999633789062,77.19000244140625,78.6500015258789,655800.0
2026-04-09,78.1500015258789,79.94999694824219,77.6500015258789,79.75,577400.0
2026-04-10,79.75,79.97000122070312,78.55999755859375,78.9800033569336,383100.0
2026-04-13,78.45999908447266,80.55999755859375,78.19000244140625,80.19000244140625,686000.0
2026-04-14,80.41000366210938,83.30000305175781,80.16000366210938,82.63999938964844,502300.0
2026-04-15,83.19999694824219,83.91999816894531,82.44999694824219,83.1500015258789,535300.0
2026-04-16,84.3499984741211,84.83000183105469,83.0999984741211,84.5199966430664,469200.0
2026-04-17,85.98999786376953,91.30000305175781,85.30000305175781,90.58000183105469,1329700.0
2026-04-20,89.91000366210938,92.19999694824219,89.80000305175781,91.75,712100.0
2026-04-21,91.81999969482422,93.73999786376953,89.80999755859375,91.30999755859375,758300.0
2026-04-22,91.9800033569336,93.45999908447266,91.3499984741211,92.44000244140625,818400.0
2026-04-23,95.69999694824219,99.12999725341797,91.97000122070312,92.12000274658203,911500.0
2026-04-24,92.0,92.0,86.0999984741211,86.16000366210938,901300.0
2026-04-27,86.47000122070312,88.63999938964844,85.52999877929688,88.0,1295500.0
2026-04-28,88.48999786376953,88.88999938964844,86.12999725341797,86.31999969482422,467600.0
2026-04-29,86.13999938964844,87.81999969482422,84.75,85.41999816894531,440400.0
2026-04-30,84.51000213623047,85.94000244140625,84.51000213623047,84.77999877929688,733300.0
2026-05-01,85.73999786376953,86.37000274658203,84.56999969482422,85.33999633789062,451600.0
2026-05-04,85.31999969482422,86.01000213623047,83.16000366210938,83.55999755859375,547600.0
2026-05-05,83.05999755859375,85.62999725341797,82.47000122070312,85.08999633789062,412200.0
2026-05-06,86.37000274658203,88.80000305175781,85.9800033569336,88.30000305175781,623900.0
2026-05-07,88.69000244140625,89.0,85.87999725341797,86.4800033569336,547900.0
2026-05-08,86.7699966430664,87.63999938964844,85.5999984741211,87.33999633789062,334500.0
2026-05-11,87.30000305175781,87.62999725341797,84.51000213623047,84.93000030517578,522300.0
2026-05-12,84.41999816894531,85.23999786376953,82.87000274658203,84.62999725341797,500400.0
2026-05-13,84.27999877929688,84.66000366210938,82.69000244140625,83.38999938964844,434900.0
2026-05-14,84.51000213623047,87.29000091552734,84.19999694824219,86.83000183105469,547100.0
2026-05-15,87.05999755859375,87.5199966430664,85.55000305175781,86.76000213623047,637000.0
2026-05-18,87.0,87.87999725341797,85.7699966430664,85.93000030517578,524500.0
2026-05-19,86.41999816894531,86.41999816894531,84.08999633789062,84.8499984741211,700700.0
2026-05-20,85.31999969482422,87.86000061035156,83.23999786376953,87.69000244140625,467700.0
2026-05-21,86.58999633789062,87.25,84.54000091552734,85.77999877929688,569000.0
2026-05-22,85.93000030517578,87.45999908447266,85.30000305175781,86.5999984741211,569300.0
2026-05-26,87.23999786376953,89.9800033569336,87.12000274658203,88.51000213623047,624300.0
2026-05-27,89.41999816894531,90.5,88.1500015258789,89.91999816894531,570700.0
2026-05-28,89.22000122070312,89.22000122070312,85.91000366210938,88.45999908447266,978800.0
2026-05-29,88.66000366210938,89.69000244140625,87.66000366210938,89.06999969482422,843600.0
2026-06-01,88.08999633789062,89.52999877929688,87.33000183105469,89.38999938964844,535600.0
2026-06-02,89.37999725341797,92.94000244140625,88.33999633789062,91.55000305175781,1302600.0
2026-06-03,90.9000015258789,90.9000015258789,87.44999694824219,88.36000061035156,682800.0
2026-06-04,88.86000061035156,91.66000366210938,88.79000091552734,91.1500015258789,560900.0
2026-06-05,91.61000061035156,91.61000061035156,90.08000183105469,91.11000061035156,392900.0
2026-06-08,91.55999755859375,92.4000015258789,90.91999816894531,91.41999816894531,504700.0
2026-06-09,92.30000305175781,95.41000366210938,91.54000091552734,94.22000122070312,672700.0
2026-06-10,94.33000183105469,98.5999984741211,93.5999984741211,96.44999694824219,1304300.0
2026-06-11,97.3499984741211,102.0,96.25,101.62999725341797,1059100.0
2026-06-12,103.05000305175781,103.12000274658203,101.16999816894531,101.70999908447266,621100.0
2026-06-15,102.72000122070312,105.19999694824219,101.4000015258789,102.5,830900.0
2026-06-16,102.88999938964844,103.88999938964844,98.0,101.58999633789062,949500.0
2026-06-17,101.81999969482422,104.20999908447266,100.87999725341797,101.43000030517578,695500.0
2026-06-18,102.91999816894531,103.80000305175781,101.7699966430664,102.41000366210938,1463800.0
2026-06-22,103.22000122070312,105.02999877929688,102.9000015258789,103.68000030517578,569200.0
2026-06-23,101.83999633789062,104.31999969482422,101.54000091552734,103.79000091552734,713200.0
2026-06-24,103.91000366210938,105.69999694824219,103.0999984741211,104.91000366210938,856400.0
2026-06-25,105.66000366210938,107.76000213623047,104.37999725341797,104.95999908447266,700000.0
2026-06-26,104.83000183105469,106.2699966430664,103.87999725341797,106.2699966430664,743600.0
2026-06-29,106.05000305175781,109.12000274658203,104.33999633789062,108.7300033569336,877900.0
2026-06-30,109.43000030517578,109.91000366210938,107.95999908447266,108.3499984741211,673500.0
2026-07-01,108.4000015258789,108.62999725341797,105.3499984741211,105.37000274658203,523000.0
2026-07-02,105.79000091552734,106.66999816894531,100.77999877929688,102.20999908447266,672900.0
2026-07-06,102.33000183105469,104.62000274658203,102.30000305175781,103.5199966430664,563400.0
2026-07-07,105.0,105.73999786376953,102.26000213623047,102.36000061035156,431500.0
2026-07-08,101.54000091552734,102.25,91.12999725341797,93.83000183105469,1264800.0
2026-07-09,95.45999908447266,97.01000213623047,94.7300033569336,95.55000305175781,1093500.0
2026-07-10,96.52999877929688,97.88999938964844,96.16000366210938,96.5,487000.0
2026-07-13,97.62000274658203,97.62999725341797,96.0,97.18000030517578,707800.0
2026-07-14,95.72000122070312,99.12000274658203,95.66999816894531,98.48999786376953,516000.0
2026-07-15,98.86000061035156,100.0199966430664,97.87000274658203,99.18000030517578,352300.0
2026-07-16,98.36000061035156,100.01000213623047,97.62000274658203,98.13999938964844,672600.0
2026-07-17,95.93000030517578,99.80999755859375,94.83999633789062,99.30999755859375,499200.0
2026-07-20,100.5,101.19999694824219,99.08999633789062,99.4800033569336,376400.0
2026-07-21,101.01000213623047,101.68000030517578,98.43000030517578,101.68000030517578,963800.0
2026-07-22,100.1500015258789,102.63999938964844,99.5999984741211,101.87000274658203,871500.0
2026-07-23,100.58000183105469,106.0,100.19000244140625,103.58000183105469,801000.0
2026-07-24,101.31999969482422,104.45999908447266,99.43000030517578,104.30999755859375,867000.0
2026-07-27,105.0199966430664,109.06999969482422,104.87999725341797,106.11000061035156,1160300.0
2026-07-28,106.12000274658203,107.80999755859375,104.66000366210938,107.77999877929688,675800.0
2026-07-29,106.69999694824219,110.13999938964844,106.66999816894531,106.98999786376953,723200.0
2026-07-30,109.12000274658203,111.12999725341797,106.7300033569336,110.62000274658203,709500.0
2026-07-31,110.44000244140625,111.06999969482422,107.16000366210938,108.06999969482422,561300.0
2026-08-03,108.80000305175781,111.94000244140625,108.80000305175781,110.80000305175781,538400.0
2026-08-04,110.79000091552734,113.75,110.62999725341797,112.44999694824219,550100.0
2026-08-05,112.5199966430664,114.12000274658203,111.93000030517578,112.33999633789062,310400.0
2026-08-06,113.12000274658203,113.12000274658203,109.69000244140625,109.94999694824219,294500.0
2026-08-07,109.5199966430664,111.1500015258789,107.83999633789062,108.31999969482422,285000.0
2026-08-10,107.5,108.83000183105469,107.23999786376953,108.41000366210938,253800.0
2026-08-11,108.8499984741211,110.55999755859375,107.55000305175781,108.01000213623047,539600.0
2026-08-12,108.3499984741211,111.23999786376953,107.55999755859375,110.44999694824219,335700.0
2026-08-13,111.11000061035156,112.1500015258789,110.16999816894531,111.62999725341797,413600.0
2026-08-14,111.58999633789062,113.87999725341797,111.5,113.4000015258789,307400.0
2026-08-17,112.63999938964844,114.52999877929688,110.94999694824219,111.25,279500.0
2026-08-18,110.77999877929688,112.05000305175781,110.01000213623047,111.0999984741211,374700.0
2026-08-19,111.73999786376953,112.08999633789062,108.33999633789062,108.51000213623047,390400.0
2026-08-20,108.13999938964844,108.13999938964844,102.0199966430664,103.18000030517578,927100.0
2026-08-21,104.54000091552734,106.98999786376953,104.54000091552734,105.91000366210938,432100.0
2026-08-24,105.88999938964844,108.54000091552734,105.12000274658203,105.19000244140625,285900.0
2026-08-25,107.98999786376953,109.0199966430664,106.06999969482422,107.62999725341797,299900.0
2026-08-26,107.61000061035156,108.2699966430664,104.87999725341797,107.55999755859375,353500.0
2026-08-27,106.9800033569336,108.44999694824219,106.27999877929688,108.02999877929688,205600.0
2026-08-28,108.66999816894531,109.12999725341797,105.6500015258789,105.73999786376953,476700.0
2026-08-31,105.3499984741211,105.70999908447266,103.97000122070312,104.47000122070312,538200.0
2026-09-01,103.0,105.08000183105469,100.7699966430664,102.05000305175781,457200.0
2026-09-02,103.2699966430664,107.33999633789062,103.2699966430664,106.4800033569336,427200.0
2026-09-03,107.97000122070312,109.63999938964844,106.44000244140625,108.79000091552734,408700.0
2026-09-04,107.06999969482422,110.97000122070312,107.05000305175781,110.87000274658203,712900.0
2026-09-08,109.56999969482422,110.83999633789062,107.19000244140625,108.19999694824219,352400.0
2026-09-09,106.63999938964844,108.5,106.05000305175781,107.4000015258789,394100.0
2026-09-10,108.13999938964844,108.1500015258789,105.41000366210938,106.86000061035156,508200.0
2026-09-11,109.2699966430664,111.43000030517578,104.19000244140625,106.37000274658203,545200.0
2026-09-14,108.6500015258789,109.44999694824219,106.98999786376953,109.2300033569336,467700.0
2026-09-15,110.05999755859375,110.22000122070312,105.31999969482422,107.6500015258789,732100.0
2026-09-16,107.0,109.83999633789062,105.8499984741211,107.8499984741211,705200.0
2026-09-17,109.54000091552734,109.80000305175781,107.76000213623047,108.20999908447266,446900.0
2026-09-18,107.62000274658203,108.62999725341797,106.6500015258789,108.52999877929688,1372500.0
2026-09-21,109.54000091552734,110.0,107.6500015258789,108.0,385700.0
2026-09-23,101.19999694824219,102.37000274658203,98.83999633789062,99.19000244140625,924400.0
2026-09-24,99.94000244140625,103.41000366210938,99.55000305175781,101.55999755859375,969100.0
