date,open,high,low,close,volume
2016-09-26,72.33000183105469,72.45999908447266,71.4800033569336,71.52999877929688,199200.0
2016-09-27,71.19999694824219,72.12999725341797,71.05999755859375,72.02999877929688,113000.0
2016-09-28,72.45999908447266,72.86000061035156,72.08000183105469,72.70999908447266,233600.0
2016-09-29,72.66999816894531,72.97000122070312,71.0999984741211,71.37999725341797,201600.0
2016-09-30,71.83999633789062,72.93000030517578,71.48999786376953,72.62000274658203,260600.0
2016-10-03,72.16999816894531,72.91999816894531,71.7300033569336,71.94000244140625,177600.0
2016-10-04,71.98999786376953,72.76000213623047,71.77999877929688,72.29000091552734,145600.0
2016-10-05,72.58999633789062,73.69999694824219,72.54000091552734,73.30999755859375,260800.0
2016-10-06,73.27999877929688,73.80000305175781,72.66999816894531,73.73999786376953,238500.0
2016-10-07,73.56999969482422,73.94999694824219,72.75,73.83000183105469,185500.0
2016-10-10,74.2699966430664,74.69000244140625,74.18000030517578,74.41000366210938,166700.0
2016-10-11,74.4000015258789,74.62999725341797,73.5,73.80999755859375,180300.0
2016-10-12,74.06999969482422,74.25,73.61000061035156,73.80000305175781,112400.0
2016-10-13,73.08999633789062,73.08999633789062,71.77999877929688,72.25,140000.0
2016-10-14,73.25,73.87000274658203,72.9000015258789,73.26000213623047,213100.0
2016-10-17,73.4000015258789,73.76000213623047,72.56999969482422,72.87999725341797,96200.0
2016-10-18,73.91000366210938,73.91000366210938,73.0,73.25,159100.0
2016-10-19,73.66000366210938,74.56999969482422,73.36000061035156,74.43000030517578,129200.0
2016-10-20,74.51000213623047,74.80000305175781,73.80000305175781,74.18000030517578,105700.0
2016-10-21,73.45999908447266,74.16000366210938,73.45999908447266,74.0199966430664,117100.0
2016-10-24,75.0,75.44000244140625,74.22000122070312,74.41999816894531,223100.0
2016-10-25,74.63999938964844,74.9000015258789,74.12999725341797,74.56999969482422,209600.0
2016-10-26,74.02999877929688,74.41000366210938,73.5999984741211,73.9000015258789,208100.0
2016-10-27,74.58999633789062,75.11000061035156,74.01000213623047,74.94000244140625,179100.0
2016-10-28,75.16999816894531,75.55999755859375,74.37999725341797,74.48999786376953,257700.0
2016-10-31,74.80000305175781,75.3499984741211,74.19999694824219,75.1500015258789,145700.0
2016-11-01,75.36000061035156,75.56999969482422,73.9000015258789,74.5199966430664,156900.0
2016-11-02,74.04000091552734,74.08999633789062,72.97000122070312,73.30999755859375,165900.0
2016-11-03,73.56999969482422,74.31999969482422,73.55000305175781,73.98999786376953,199700.0
2016-11-04,73.91000366210938,74.9800033569336,73.16000366210938,74.27999877929688,188800.0
2016-11-07,75.91999816894531,76.18000030517578,75.16999816894531,76.05999755859375,173300.0
2016-11-08,75.80999755859375,76.08999633789062,75.23999786376953,75.73999786376953,149300.0
2016-11-09,76.75,79.98999786376953,76.37999725341797,79.55999755859375,578700.0
2016-11-10,80.62000274658203,83.86000061035156,80.62000274658203,82.16999816894531,418900.0
2016-11-11,82.02999877929688,85.31999969482422,81.63999938964844,85.01000213623047,314600.0
2016-11-14,85.86000061035156,88.43000030517578,85.08000183105469,85.94999694824219,312200.0
2016-11-15,85.37000274658203,86.5999984741211,84.37000274658203,85.86000061035156,403600.0
2016-11-16,84.86000061035156,86.05000305175781,84.66999816894531,85.66999816894531,389600.0
2016-11-17,85.5199966430664,86.0199966430664,85.11000061035156,85.44999694824219,262800.0
2016-11-18,85.48999786376953,86.4000015258789,85.2699966430664,85.5,255100.0
2016-11-21,85.77999877929688,86.27999877929688,85.4000015258789,86.1500015258789,229200.0
2016-11-22,86.5,87.3499984741211,85.87999725341797,85.98999786376953,315000.0
2016-11-23,86.30999755859375,86.83999633789062,85.16000366210938,85.83999633789062,311300.0
2016-11-25,85.9800033569336,86.58000183105469,85.29000091552734,85.52999877929688,82400.0
2016-11-28,84.56999969482422,85.04000091552734,82.83000183105469,82.98999786376953,300100.0
2016-11-29,82.91000366210938,83.86000061035156,82.91000366210938,83.12000274658203,342400.0
2016-11-30,83.95999908447266,84.04000091552734,82.98999786376953,83.37000274658203,353000.0
2016-12-01,84.12000274658203,85.11000061035156,84.12000274658203,84.94000244140625,205100.0
2016-12-02,84.52999877929688,84.97000122070312,84.0,84.66999816894531,194300.0
2016-12-05,85.30000305175781,85.86000061035156,84.80000305175781,85.31999969482422,158200.0
2016-12-06,85.86000061035156,86.9800033569336,85.31999969482422,86.62999725341797,219500.0
2016-12-07,86.43000030517578,86.93000030517578,86.11000061035156,86.91999816894531,216000.0
2016-12-08,87.3499984741211,88.94999694824219,87.19000244140625,88.80000305175781,219100.0
2016-12-09,88.94999694824219,89.18000030517578,87.52999877929688,89.0999984741211,166800.0
2016-12-12,88.7300033569336,89.41999816894531,86.79000091552734,87.13999938964844,172200.0
2016-12-13,87.63999938964844,89.13999938964844,87.38999938964844,89.04000091552734,323200.0
2016-12-14,89.02999877929688,89.37000274658203,87.54000091552734,87.98999786376953,215500.0
2016-12-15,88.62999725341797,89.19999694824219,87.79000091552734,88.61000061035156,148100.0
2016-12-16,89.11000061035156,89.4000015258789,87.2699966430664,87.48999786376953,369500.0
2016-12-19,87.37999725341797,88.55000305175781,87.33999633789062,88.52999877929688,261700.0
2016-12-20,88.91999816894531,89.4800033569336,88.41999816894531,89.30999755859375,132500.0
2016-12-21,89.08999633789062,89.08999633789062,88.30999755859375,88.48999786376953,120900.0
2016-12-22,88.26000213623047,89.05000305175781,88.1500015258789,88.3499984741211,188900.0
2016-12-23,88.05000305175781,88.51000213623047,87.91000366210938,88.31999969482422,103400.0
2016-12-27,88.27999877929688,88.94999694824219,87.83999633789062,88.76000213623047,178600.0
2016-12-28,89.11000061035156,89.56999969482422,88.56999969482422,89.16000366210938,240600.0
2016-12-29,89.08999633789062,89.72000122070312,88.18000030517578,88.63999938964844,270800.0
2016-12-30,88.93000030517578,88.93000030517578,87.88999938964844,88.69000244140625,137800.0
2017-01-03,90.3499984741211,90.80000305175781,87.9800033569336,88.69000244140625,266600.0
2017-01-04,89.12000274658203,90.63999938964844,89.12000274658203,90.36000061035156,218600.0
2017-01-05,89.9000015258789,90.13999938964844,87.88999938964844,88.4800033569336,146600.0
2017-01-06,89.12000274658203,89.93000030517578,88.52999877929688,88.91999816894531,148800.0
2017-01-09,88.5,88.63999938964844,87.25,87.72000122070312,192900.0
2017-01-10,87.76000213623047,89.26000213623047,87.51000213623047,88.63999938964844,195100.0
2017-01-11,88.41000366210938,89.25,88.08000183105469,89.01000213623047,376600.0
2017-01-12,88.29000091552734,88.61000061035156,86.18000030517578,87.36000061035156,372400.0
2017-01-13,88.22000122070312,90.19999694824219,88.20999908447266,89.45999908447266,246100.0
2017-01-17,88.18000030517578,88.62000274658203,86.4000015258789,86.47000122070312,210600.0
2017-01-18,86.87999725341797,87.16999816894531,85.68000030517578,87.16000366210938,178800.0
2017-01-19,87.4000015258789,87.55000305175781,86.0999984741211,87.02999877929688,174200.0
2017-01-20,87.16999816894531,88.68000030517578,87.16999816894531,88.2699966430664,515500.0
2017-01-23,87.91999816894531,88.5199966430664,85.81999969482422,86.33000183105469,341700.0
2017-01-24,87.08999633789062,88.54000091552734,86.30000305175781,88.12000274658203,310700.0
2017-01-25,89.2300033569336,89.38999938964844,87.87999725341797,88.38999938964844,396300.0
2017-01-26,88.72000122070312,89.0199966430664,88.0,88.37000274658203,273700.0
2017-01-27,88.19999694824219,88.58999633789062,87.33999633789062,88.19000244140625,179800.0
2017-01-30,87.27999877929688,87.27999877929688,86.0999984741211,87.18000030517578,241800.0
2017-01-31,86.63999938964844,87.29000091552734,85.62000274658203,85.91000366210938,410300.0
2017-02-01,87.0999984741211,87.58999633789062,84.08999633789062,84.16999816894531,432600.0
2017-02-02,83.70999908447266,84.16999816894531,82.75,82.97000122070312,350100.0
2017-02-03,84.58999633789062,85.19000244140625,83.86000061035156,84.70999908447266,379200.0
2017-02-06,83.81999969482422,85.13999938964844,83.81999969482422,84.0,195300.0
2017-02-07,84.5,84.5999984741211,83.22000122070312,83.58999633789062,215800.0
2017-02-08,83.05999755859375,83.06999969482422,81.97000122070312,82.7699966430664,248600.0
2017-02-09,83.16999816894531,84.47000122070312,83.05999755859375,83.93000030517578,147200.0
2017-02-10,84.37999725341797,84.80000305175781,83.70999908447266,83.77999877929688,172700.0
2017-02-13,84.36000061035156,84.9800033569336,83.81999969482422,84.26000213623047,269100.0
2017-02-14,84.1500015258789,85.11000061035156,83.91000366210938,84.68000030517578,393900.0
2017-02-15,85.19999694824219,85.4000015258789,84.52999877929688,85.2300033569336,136300.0
2017-02-16,85.16999816894531,85.58999633789062,84.4000015258789,85.0,342400.0
2017-02-17,84.0199966430664,84.91999816894531,83.73999786376953,84.70999908447266,196400.0
2017-02-21,84.7699966430664,85.43000030517578,84.2300033569336,85.0999984741211,234500.0
2017-02-22,84.83000183105469,85.6500015258789,84.5,85.38999938964844,161100.0
2017-02-23,85.31999969482422,85.9000015258789,84.61000061035156,85.9000015258789,281300.0
2017-02-24,84.0999984741211,84.95999908447266,84.01000213623047,84.94000244140625,132000.0
2017-02-27,84.81999969482422,85.75,84.62000274658203,85.58000183105469,205500.0
2017-02-28,84.87999725341797,85.5,84.04000091552734,84.45999908447266,293100.0
2017-03-01,86.0,87.37000274658203,85.93000030517578,87.0999984741211,401800.0
2017-03-02,87.12000274658203,87.58999633789062,85.12999725341797,85.19000244140625,274800.0
2017-03-03,85.52999877929688,86.19000244140625,84.9800033569336,85.41000366210938,193900.0
2017-03-06,84.66999816894531,85.63999938964844,84.4000015258789,85.08000183105469,145100.0
2017-03-07,84.94000244140625,85.5,84.43000030517578,84.66999816894531,151000.0
2017-03-08,86.05999755859375,86.0999984741211,83.94000244140625,83.97000122070312,183900.0
2017-03-09,84.38999938964844,85.04000091552734,83.58999633789062,83.83999633789062,160400.0
2017-03-10,84.4000015258789,84.80999755859375,82.44000244140625,83.41999816894531,221800.0
2017-03-13,83.20999908447266,84.97000122070312,82.5,84.61000061035156,273900.0
2017-03-14,83.91999816894531,84.73999786376953,83.56999969482422,84.48999786376953,187100.0
2017-03-15,84.9800033569336,85.5,83.94000244140625,84.08999633789062,372000.0
2017-03-16,84.41000366210938,85.43000030517578,84.16999816894531,85.16999816894531,185400.0
2017-03-17,85.16000366210938,85.25,83.94000244140625,85.02999877929688,1057500.0
2017-03-20,84.70999908447266,85.16000366210938,83.58999633789062,83.63999938964844,126400.0
2017-03-21,84.16999816894531,84.16999816894531,79.0,79.68000030517578,394000.0
2017-03-22,78.81999969482422,79.73999786376953,77.87999725341797,78.56999969482422,397700.0
2017-03-23,78.4800033569336,80.18000030517578,78.18000030517578,79.05999755859375,211800.0
2017-03-24,79.37000274658203,79.77999877929688,78.6500015258789,79.41000366210938,179300.0
2017-03-27,77.66000366210938,79.48999786376953,77.02999877929688,79.44999694824219,197500.0
2017-03-28,79.08000183105469,80.80999755859375,78.9800033569336,80.41999816894531,157600.0
2017-03-29,80.19000244140625,80.29000091552734,79.52999877929688,80.0199966430664,165100.0
2017-03-30,80.01000213623047,83.08000183105469,80.01000213623047,82.9800033569336,197100.0
2017-03-31,82.72000122070312,82.94999694824219,81.95999908447266,82.36000061035156,191400.0
2017-04-03,82.79000091552734,82.88999938964844,80.79000091552734,81.48999786376953,184900.0
2017-04-04,81.16000366210938,81.93000030517578,80.5999984741211,81.06999969482422,173700.0
2017-04-05,82.12000274658203,82.19000244140625,79.3499984741211,79.4000015258789,182300.0
2017-04-06,79.26000213623047,80.61000061035156,78.77999877929688,80.26000213623047,154600.0
2017-04-07,79.31999969482422,80.7300033569336,79.31999969482422,80.3499984741211,214600.0
2017-04-10,80.4800033569336,80.88999938964844,79.16000366210938,79.69999694824219,138200.0
2017-04-11,79.27999877929688,80.56999969482422,78.94000244140625,80.54000091552734,273600.0
2017-04-12,80.44000244140625,81.5999984741211,79.0199966430664,79.33000183105469,215700.0
2017-04-13,78.75,79.56999969482422,77.51000213623047,77.56999969482422,177800.0
2017-04-17,77.73999786376953,79.51000213623047,77.27999877929688,79.41999816894531,128700.0
2017-04-18,78.56999969482422,79.66999816894531,78.02999877929688,79.0,150100.0
2017-04-19,79.68000030517578,80.58000183105469,79.41000366210938,79.73999786376953,129600.0
2017-04-20,80.18000030517578,81.19000244140625,79.75,80.95999908447266,173500.0
2017-04-21,80.62000274658203,81.55999755859375,80.33000183105469,81.19000244140625,209200.0
2017-04-24,84.98999786376953,84.98999786376953,81.81999969482422,82.5199966430664,290000.0
2017-04-25,83.33999633789062,83.9000015258789,82.5199966430664,82.55999755859375,258000.0
2017-04-26,82.05999755859375,84.18000030517578,81.98999786376953,83.25,260200.0
2017-04-27,83.38999938964844,83.63999938964844,82.31999969482422,83.08000183105469,213700.0
2017-04-28,83.05000305175781,83.81999969482422,81.43000030517578,81.4800033569336,183700.0
2017-05-01,81.79000091552734,82.58000183105469,80.9000015258789,82.4000015258789,138500.0
2017-05-02,81.76000213623047,82.44999694824219,81.19000244140625,82.0999984741211,151000.0
2017-05-03,81.30000305175781,82.93000030517578,81.23999786376953,82.76000213623047,126800.0
2017-05-04,83.44999694824219,84.04000091552734,82.86000061035156,83.33000183105469,163400.0
2017-05-05,83.27999877929688,83.56999969482422,82.22000122070312,82.56999969482422,144000.0
2017-05-08,82.58000183105469,82.77999877929688,81.83999633789062,82.55999755859375,106800.0
2017-05-09,82.48999786376953,82.79000091552734,81.06999969482422,81.5199966430664,140600.0
2017-05-10,81.45999908447266,81.91000366210938,80.94000244140625,81.70999908447266,91200.0
2017-05-11,81.13999938964844,81.5,79.95999908447266,80.4800033569336,148300.0
2017-05-12,79.75,80.12999725341797,79.2699966430664,80.06999969482422,119600.0
2017-05-15,80.33999633789062,81.05999755859375,80.30999755859375,80.80999755859375,112400.0
2017-05-16,80.87999725341797,80.87999725341797,79.70999908447266,80.58000183105469,104600.0
2017-05-17,80.58000183105469,80.58000183105469,77.06999969482422,77.56999969482422,249800.0
2017-05-18,77.41000366210938,78.55000305175781,77.19999694824219,78.12000274658203,158700.0
2017-05-19,78.19999694824219,78.94000244140625,77.91000366210938,78.38999938964844,121600.0
2017-05-22,78.66999816894531,79.05999755859375,78.0999984741211,78.6500015258789,105600.0
2017-05-23,78.77999877929688,80.01000213623047,78.06999969482422,79.66999816894531,133300.0
2017-05-24,79.75,79.81999969482422,78.7699966430664,79.02999877929688,161700.0
2017-05-25,79.12000274658203,79.5999984741211,78.58000183105469,79.05999755859375,142200.0
2017-05-26,78.18000030517578,78.79000091552734,78.04000091552734,78.2699966430664,84500.0
2017-05-30,77.98999786376953,78.18000030517578,77.01000213623047,77.7300033569336,121000.0
2017-05-31,77.8499984741211,78.5999984741211,76.62999725341797,77.7300033569336,235500.0
2017-06-01,78.26000213623047,78.80999755859375,77.27999877929688,78.7300033569336,202000.0
2017-06-02,78.08999633789062,79.05999755859375,77.44999694824219,77.52999877929688,274300.0
2017-06-05,77.77999877929688,78.19000244140625,77.30000305175781,77.33000183105469,167000.0
2017-06-06,76.70999908447266,77.52999877929688,75.91999816894531,76.98999786376953,186900.0
2017-06-07,77.44000244140625,78.91000366210938,77.0999984741211,78.73999786376953,406800.0
2017-06-08,78.73999786376953,81.95999908447266,78.61000061035156,80.5199966430664,261800.0
2017-06-09,81.33999633789062,83.69999694824219,81.16000366210938,83.58999633789062,262500.0
2017-06-12,83.61000061035156,84.8499984741211,83.16000366210938,83.16000366210938,333200.0
2017-06-13,83.68000030517578,84.16000366210938,82.43000030517578,82.91000366210938,169900.0
2017-06-14,81.94999694824219,82.75,81.12000274658203,82.68000030517578,170800.0
2017-06-15,82.08000183105469,83.19999694824219,81.87999725341797,82.2300033569336,141800.0
2017-06-16,82.0999984741211,82.41999816894531,81.20999908447266,82.08999633789062,837800.0
2017-06-19,82.55000305175781,82.91000366210938,81.16999816894531,81.80000305175781,197300.0
2017-06-20,81.31999969482422,81.69999694824219,80.41000366210938,81.26000213623047,308700.0
2017-06-21,81.26000213623047,81.26000213623047,80.0,80.3499984741211,191800.0
2017-06-22,80.31999969482422,80.72000122070312,79.63999938964844,80.69999694824219,281600.0
2017-06-23,80.93000030517578,81.0,79.75,80.20999908447266,289100.0
2017-06-26,80.44999694824219,81.54000091552734,80.33000183105469,81.01000213623047,160200.0
2017-06-27,81.5199966430664,82.3499984741211,81.0,81.30999755859375,182100.0
2017-06-28,82.01000213623047,83.13999938964844,81.98999786376953,82.77999877929688,231700.0
2017-06-29,84.45999908447266,84.45999908447266,82.69000244140625,83.58999633789062,226100.0
2017-06-30,83.79000091552734,83.79000091552734,82.68000030517578,82.97000122070312,200200.0
2017-07-03,83.36000061035156,85.37000274658203,83.36000061035156,84.87000274658203,124400.0
2017-07-05,84.97000122070312,84.97000122070312,83.7699966430664,84.55999755859375,184800.0
2017-07-06,84.30999755859375,84.30999755859375,82.9000015258789,83.0,199500.0
2017-07-07,83.37999725341797,83.6500015258789,82.47000122070312,83.4000015258789,159600.0
2017-07-10,83.29000091552734,83.58000183105469,82.58999633789062,82.6500015258789,129900.0
2017-07-11,82.48999786376953,82.70999908447266,81.30000305175781,81.58000183105469,209400.0
2017-07-12,81.4000015258789,82.37000274658203,81.4000015258789,81.66999816894531,175000.0
2017-07-13,81.70999908447266,82.16000366210938,81.43000030517578,81.87000274658203,120500.0
2017-07-14,81.19999694824219,81.9800033569336,80.5,81.48999786376953,133200.0
2017-07-17,81.0999984741211,82.31999969482422,80.8499984741211,81.86000061035156,130900.0
2017-07-18,81.37000274658203,82.0999984741211,81.3499984741211,81.66999816894531,148200.0
2017-07-19,81.7699966430664,81.94999694824219,81.18000030517578,81.80000305175781,98000.0
2017-07-20,81.88999938964844,82.55999755859375,81.5999984741211,81.97000122070312,202500.0
2017-07-21,81.66999816894531,82.47000122070312,81.11000061035156,81.44999694824219,239800.0
2017-07-24,82.30999755859375,83.95999908447266,81.98999786376953,83.56999969482422,261300.0
2017-07-25,85.23999786376953,86.19000244140625,84.88999938964844,85.29000091552734,430000.0
2017-07-26,85.4000015258789,85.5,83.19999694824219,83.33000183105469,193300.0
2017-07-27,83.68000030517578,84.37999725341797,82.7300033569336,83.54000091552734,137500.0
2017-07-28,83.5,83.54000091552734,82.66000366210938,83.0,103600.0
2017-07-31,83.41000366210938,83.9800033569336,83.08999633789062,83.66999816894531,141500.0
2017-08-01,83.56999969482422,84.54000091552734,83.08000183105469,84.37999725341797,177800.0
2017-08-02,84.30999755859375,84.62000274658203,83.31999969482422,84.2699966430664,161900.0
2017-08-03,84.25,84.25,83.12000274658203,83.4000015258789,108500.0
2017-08-04,84.0,84.38999938964844,83.58999633789062,84.01000213623047,82100.0
2017-08-07,84.0,84.08000183105469,83.1500015258789,83.38999938964844,95600.0
2017-08-08,83.31999969482422,84.7699966430664,83.2699966430664,83.38999938964844,94400.0
2017-08-09,82.30999755859375,82.69999694824219,81.73999786376953,82.06999969482422,101100.0
2017-08-10,81.37000274658203,81.5999984741211,80.16999816894531,80.18000030517578,119500.0
2017-08-11,80.12999725341797,81.0,79.27999877929688,79.79000091552734,142000.0
2017-08-14,80.43000030517578,81.7300033569336,80.05000305175781,81.51000213623047,142700.0
2017-08-15,82.05000305175781,82.20999908447266,80.81999969482422,80.83999633789062,67200.0
2017-08-16,81.06999969482422,81.68000030517578,80.75,81.0999984741211,134800.0
2017-08-17,80.66999816894531,80.91000366210938,78.7300033569336,78.7699966430664,136500.0
2017-08-18,78.44000244140625,79.73999786376953,78.33000183105469,79.08999633789062,131700.0
2017-08-21,79.08999633789062,79.0999984741211,78.04000091552734,78.91000366210938,117000.0
2017-08-22,79.25,79.55000305175781,78.86000061035156,79.0,91200.0
2017-08-23,78.41999816894531,79.54000091552734,78.01000213623047,79.12999725341797,113400.0
2017-08-24,79.41000366210938,79.97000122070312,78.97000122070312,79.63999938964844,75400.0
2017-08-25,80.0199966430664,80.56999969482422,79.80000305175781,80.18000030517578,96600.0
2017-08-28,80.43000030517578,80.69999694824219,79.6500015258789,79.97000122070312,83800.0
2017-08-29,78.4800033569336,78.88999938964844,78.26000213623047,78.44999694824219,163400.0
2017-08-30,78.58000183105469,78.58000183105469,78.08999633789062,78.25,224000.0
2017-08-31,78.58999633789062,78.87999725341797,78.0199966430664,78.12999725341797,143900.0
2017-09-01,78.2699966430664,79.06999969482422,78.12000274658203,78.4800033569336,105400.0
2017-09-05,78.0,78.11000061035156,75.9000015258789,76.06999969482422,210700.0
2017-09-06,76.62000274658203,77.11000061035156,76.25,76.48999786376953,147200.0
2017-09-07,76.63999938964844,76.63999938964844,74.72000122070312,75.0,334000.0
2017-09-08,75.0,76.02999877929688,74.86000061035156,75.52999877929688,239400.0
2017-09-11,76.1500015258789,77.22000122070312,76.1500015258789,76.98999786376953,243800.0
2017-09-12,77.47000122070312,78.66999816894531,77.47000122070312,78.4800033569336,152600.0
2017-09-13,78.48999786376953,78.70999908447266,78.06999969482422,78.54000091552734,201900.0
2017-09-14,78.54000091552734,78.58999633789062,77.38999938964844,77.81999969482422,272900.0
2017-09-15,77.83000183105469,78.81999969482422,77.77999877929688,78.69000244140625,367000.0
2017-09-18,78.88999938964844,79.87000274658203,78.8499984741211,79.75,159900.0
2017-09-19,79.58000183105469,80.77999877929688,79.58000183105469,80.31999969482422,150900.0
2017-09-20,80.31999969482422,81.25,79.37999725341797,81.2300033569336,138700.0
2017-09-21,81.23999786376953,81.72000122070312,81.05000305175781,81.5,125600.0
2017-09-22,81.08000183105469,81.8499984741211,81.0199966430664,81.48999786376953,73600.0
2017-09-25,81.37000274658203,82.2300033569336,81.13999938964844,81.66999816894531,69200.0
2017-09-26,82.0,82.0,81.51000213623047,81.56999969482422,137600.0
2017-09-27,82.55999755859375,83.44000244140625,81.80000305175781,83.16999816894531,167300.0
2017-09-28,83.41999816894531,83.41999816894531,82.25,83.16999816894531,99300.0
2017-09-29,83.0,84.23999786376953,83.0,83.36000061035156,147300.0
2017-10-02,83.27999877929688,84.43000030517578,82.69000244140625,84.38999938964844,150800.0
2017-10-03,84.41000366210938,84.41000366210938,83.31999969482422,84.0199966430664,115000.0
2017-10-04,84.05999755859375,84.05999755859375,82.86000061035156,82.95999908447266,76300.0
2017-10-05,83.0999984741211,84.37000274658203,82.97000122070312,84.25,96500.0
2017-10-06,84.29000091552734,85.05999755859375,83.98999786376953,84.4000015258789,95300.0
2017-10-09,84.70999908447266,84.70999908447266,83.88999938964844,84.31999969482422,76500.0
2017-10-10,84.80000305175781,85.16000366210938,84.41000366210938,85.05000305175781,116500.0
2017-10-11,84.62000274658203,84.9000015258789,84.02999877929688,84.18000030517578,89500.0
2017-10-12,84.16000366210938,84.20999908447266,83.33999633789062,83.44000244140625,96500.0
2017-10-13,83.04000091552734,84.0,82.3499984741211,83.08999633789062,74400.0
2017-10-16,83.08999633789062,84.01000213623047,83.08999633789062,83.62000274658203,76500.0
2017-10-17,83.75,83.75,82.76000213623047,83.0,111300.0
2017-10-18,83.44000244140625,84.08000183105469,83.0199966430664,83.83999633789062,112500.0
2017-10-19,83.08999633789062,84.30999755859375,83.08999633789062,84.06999969482422,109300.0
2017-10-20,84.7699966430664,85.30999755859375,84.31999969482422,85.08999633789062,150900.0
2017-10-23,85.5,85.5,83.56999969482422,83.69000244140625,230000.0
2017-10-24,83.45999908447266,83.94999694824219,82.0999984741211,82.66000366210938,291400.0
2017-10-25,82.51000213623047,82.73999786376953,81.55999755859375,82.05000305175781,251800.0
2017-10-26,82.11000061035156,83.43000030517578,82.11000061035156,82.9800033569336,141500.0
2017-10-27,82.98999786376953,83.19999694824219,82.30000305175781,83.04000091552734,197000.0
2017-10-30,82.68000030517578,82.87999725341797,81.45999908447266,81.75,104400.0
2017-10-31,81.7300033569336,82.4800033569336,81.58000183105469,81.61000061035156,113500.0
2017-11-01,82.0199966430664,82.37999725341797,81.0999984741211,81.52999877929688,118100.0
2017-11-02,81.41999816894531,82.31999969482422,80.76000213623047,82.02999877929688,108500.0
2017-11-03,81.91999816894531,82.13999938964844,81.18000030517578,81.77999877929688,72900.0
2017-11-06,81.4800033569336,81.4800033569336,80.52999877929688,80.9800033569336,144000.0
2017-11-07,80.80999755859375,80.95999908447266,78.26000213623047,78.51000213623047,162200.0
2017-11-08,78.19999694824219,78.94000244140625,78.05999755859375,78.80999755859375,145800.0
2017-11-09,78.30999755859375,78.88999938964844,77.70999908447266,78.66000366210938,241600.0
2017-11-10,78.69999694824219,79.3499984741211,78.61000061035156,78.86000061035156,145300.0
2017-11-13,78.25,79.68000030517578,78.25,79.4800033569336,132200.0
2017-11-14,78.94999694824219,80.0,78.94999694824219,79.9000015258789,101000.0
2017-11-15,79.12999725341797,80.08999633789062,78.94000244140625,79.47000122070312,123000.0
2017-11-16,79.87999725341797,80.25,79.13999938964844,79.66999816894531,104000.0
2017-11-17,79.33000183105469,80.29000091552734,79.04000091552734,80.12999725341797,111300.0
2017-11-20,80.2699966430664,80.79000091552734,80.19999694824219,80.76000213623047,76200.0
2017-11-21,81.0,81.02999877929688,80.20999908447266,80.41000366210938,155200.0
2017-11-22,80.30999755859375,80.97000122070312,80.05000305175781,80.1500015258789,122400.0
2017-11-24,80.4000015258789,80.4000015258789,79.80000305175781,79.9000015258789,50700.0
2017-11-27,79.88999938964844,81.12999725341797,79.88999938964844,80.56999969482422,135000.0
2017-11-28,80.66999816894531,83.16999816894531,80.5999984741211,83.0999984741211,173000.0
2017-11-29,83.0999984741211,85.94999694824219,82.4000015258789,85.31999969482422,288500.0
2017-11-30,85.66999816894531,86.19999694824219,84.68000030517578,84.87999725341797,237400.0
2017-12-01,84.69000244140625,84.94000244140625,82.37000274658203,84.62000274658203,238200.0
2017-12-04,85.83000183105469,87.11000061035156,85.52999877929688,86.63999938964844,285200.0
2017-12-05,86.83999633789062,87.0,85.36000061035156,85.54000091552734,328200.0
2017-12-06,85.19999694824219,85.5,84.30999755859375,84.4000015258789,168600.0
2017-12-07,84.3499984741211,85.02999877929688,83.86000061035156,84.86000061035156,131800.0
2017-12-08,85.33000183105469,85.33000183105469,84.12000274658203,84.44999694824219,182000.0
2017-12-11,84.41000366210938,84.66000366210938,83.61000061035156,84.0,212700.0
2017-12-12,84.30000305175781,85.01000213623047,83.83999633789062,84.8499984741211,166900.0
2017-12-13,84.76000213623047,85.61000061035156,84.31999969482422,84.63999938964844,228200.0
2017-12-14,84.8499984741211,85.22000122070312,83.37999725341797,84.04000091552734,278900.0
2017-12-15,84.33999633789062,86.94000244140625,84.33999633789062,85.81999969482422,605000.0
2017-12-18,87.44000244140625,88.37999725341797,86.61000061035156,87.5199966430664,296900.0
2017-12-19,88.12000274658203,88.12000274658203,87.05999755859375,87.27999877929688,178300.0
2017-12-20,88.01000213623047,88.01000213623047,85.93000030517578,86.6500015258789,195100.0
2017-12-21,87.05999755859375,87.9000015258789,86.8499984741211,87.54000091552734,135200.0
2017-12-22,87.37999725341797,87.62999725341797,86.73999786376953,87.54000091552734,130300.0
2017-12-26,87.52999877929688,88.08999633789062,86.22000122070312,87.0999984741211,169000.0
2017-12-27,87.06999969482422,87.25,86.41999816894531,86.75,186300.0
2017-12-28,87.02999877929688,87.0999984741211,86.5199966430664,87.05999755859375,157800.0
2017-12-29,87.16000366210938,87.16000366210938,85.62999725341797,85.69999694824219,215900.0
2018-01-02,86.43000030517578,86.79000091552734,85.16000366210938,85.81999969482422,231900.0
2018-01-03,85.88999938964844,86.2699966430664,85.19999694824219,85.55999755859375,154300.0
2018-01-04,86.0999984741211,86.9800033569336,85.05000305175781,85.2300033569336,224200.0
2018-01-05,85.86000061035156,86.01000213623047,85.12999725341797,85.72000122070312,229700.0
2018-01-08,85.69999694824219,86.2699966430664,85.22000122070312,85.94999694824219,160400.0
2018-01-09,86.29000091552734,87.33999633789062,86.29000091552734,86.55000305175781,163900.0
2018-01-10,86.43000030517578,87.9800033569336,86.43000030517578,86.80000305175781,226500.0
2018-01-11,86.9800033569336,88.08000183105469,86.91000366210938,87.87000274658203,206300.0
2018-01-12,88.47000122070312,89.08999633789062,88.0,88.62000274658203,204500.0
2018-01-16,88.87000274658203,88.98999786376953,86.19999694824219,86.5999984741211,251700.0
2018-01-17,86.94999694824219,87.31999969482422,86.2300033569336,86.75,315000.0
2018-01-18,86.6500015258789,87.18000030517578,86.0999984741211,86.26000213623047,217900.0
2018-01-19,86.3499984741211,87.37000274658203,85.5999984741211,86.7300033569336,361700.0
2018-01-22,86.25,88.0,85.19999694824219,86.1500015258789,475900.0
2018-01-23,84.13999938964844,86.30000305175781,84.0,85.94000244140625,377200.0
2018-01-24,86.2300033569336,86.75,85.95999908447266,86.13999938964844,279000.0
2018-01-25,86.36000061035156,86.41000366210938,85.19000244140625,86.08000183105469,380700.0
2018-01-26,86.0,86.08000183105469,84.52999877929688,85.33000183105469,248300.0
2018-01-29,85.04000091552734,85.95999908447266,84.94000244140625,85.06999969482422,217000.0
2018-01-30,84.5199966430664,85.30000305175781,83.8499984741211,84.11000061035156,225700.0
2018-01-31,84.41000366210938,84.54000091552734,83.22000122070312,83.66999816894531,226200.0
2018-02-01,83.3499984741211,84.44999694824219,82.76000213623047,84.41999816894531,179100.0
2018-02-02,84.02999877929688,84.7699966430664,83.63999938964844,83.88999938964844,222400.0
2018-02-05,82.97000122070312,84.25,80.80999755859375,80.9800033569336,323700.0
2018-02-06,79.38999938964844,81.93000030517578,78.4000015258789,81.80000305175781,409900.0
2018-02-07,81.47000122070312,82.91999816894531,81.31999969482422,81.98999786376953,206900.0
2018-02-08,82.12999725341797,82.12999725341797,80.12000274658203,80.12999725341797,260700.0
2018-02-09,80.93000030517578,81.94000244140625,79.01000213623047,81.20999908447266,325600.0
2018-02-12,81.5,82.75,80.86000061035156,82.08999633789062,295400.0
2018-02-13,81.80000305175781,82.56999969482422,81.55999755859375,82.38999938964844,182400.0
2018-02-14,82.0999984741211,84.5199966430664,82.0999984741211,84.45999908447266,151100.0
2018-02-15,84.91999816894531,85.01000213623047,84.11000061035156,84.7699966430664,148500.0
2018-02-16,84.48999786376953,85.88999938964844,84.30999755859375,85.12999725341797,250200.0
2018-02-20,84.68000030517578,85.23999786376953,83.66999816894531,83.83000183105469,209700.0
2018-02-21,83.69000244140625,85.45999908447266,83.63999938964844,84.30999755859375,163400.0
2018-02-22,84.62000274658203,84.80999755859375,82.55000305175781,82.72000122070312,293100.0
2018-02-23,82.94000244140625,83.75,82.0199966430664,83.73999786376953,216000.0
2018-02-26,84.08000183105469,84.30999755859375,83.13999938964844,84.08999633789062,147500.0
2018-02-27,83.77999877929688,84.9800033569336,83.08999633789062,83.11000061035156,213100.0
2018-02-28,83.20999908447266,84.29000091552734,81.94000244140625,82.01000213623047,183600.0
2018-03-01,82.0,83.01000213623047,81.48999786376953,82.12999725341797,156800.0
2018-03-02,81.61000061035156,83.6500015258789,81.19000244140625,83.43000030517578,148400.0
2018-03-05,82.91999816894531,84.83999633789062,82.33999633789062,84.52999877929688,183200.0
2018-03-06,84.75,85.62999725341797,83.83000183105469,85.27999877929688,167700.0
2018-03-07,84.48999786376953,86.5199966430664,84.48999786376953,86.19999694824219,287900.0
2018-03-08,86.22000122070312,86.30000305175781,84.38999938964844,85.08999633789062,226500.0
2018-03-09,85.8499984741211,87.08000183105469,85.37000274658203,86.9000015258789,182800.0
2018-03-12,86.93000030517578,88.01000213623047,86.47000122070312,87.51000213623047,350500.0
2018-03-13,87.7300033569336,87.7300033569336,85.91000366210938,86.31999969482422,303600.0
2018-03-14,86.77999877929688,86.77999877929688,85.0,85.29000091552734,321300.0
2018-03-15,85.70999908447266,86.25,84.58999633789062,85.52999877929688,247900.0
2018-03-16,85.69999694824219,86.8499984741211,85.45999908447266,86.27999877929688,2609600.0
2018-03-19,86.13999938964844,86.19999694824219,84.91999816894531,86.05000305175781,199300.0
2018-03-20,86.05999755859375,86.48999786376953,84.94999694824219,85.08000183105469,205400.0
2018-03-21,85.08999633789062,86.41999816894531,84.54000091552734,85.66000366210938,233400.0
2018-03-22,84.80999755859375,85.58999633789062,82.88999938964844,82.98999786376953,231700.0
2018-03-23,83.06999969482422,83.06999969482422,80.69000244140625,80.80999755859375,259000.0
2018-03-26,82.0,83.19999694824219,81.62999725341797,82.95999908447266,169900.0
2018-03-27,83.30000305175781,83.55000305175781,81.38999938964844,81.7300033569336,250600.0
2018-03-28,81.7300033569336,82.81999969482422,80.91000366210938,82.0999984741211,176500.0
2018-03-29,82.44999694824219,83.4800033569336,82.31999969482422,83.0999984741211,183000.0
2018-04-02,82.77999877929688,82.9800033569336,80.19999694824219,81.29000091552734,228300.0
2018-04-03,81.52999877929688,82.37999725341797,81.0999984741211,81.87999725341797,283700.0
2018-04-04,80.80000305175781,82.63999938964844,80.54000091552734,82.4800033569336,348200.0
2018-04-05,83.08999633789062,83.33000183105469,82.26000213623047,83.11000061035156,218600.0
2018-04-06,82.48999786376953,82.9800033569336,80.55999755859375,81.5199966430664,283800.0
2018-04-09,81.97000122070312,83.11000061035156,81.41999816894531,81.5,238900.0
2018-04-10,82.51000213623047,82.94000244140625,81.73999786376953,82.70999908447266,138700.0
2018-04-11,82.2699966430664,82.63999938964844,81.93000030517578,82.36000061035156,148400.0
2018-04-12,82.7300033569336,84.54000091552734,82.7300033569336,84.01000213623047,187500.0
2018-04-13,84.55999755859375,84.55999755859375,82.54000091552734,82.9800033569336,131100.0
2018-04-16,83.4000015258789,83.87000274658203,82.97000122070312,83.55999755859375,104400.0
2018-04-17,83.94000244140625,83.94000244140625,82.33999633789062,82.75,102200.0
2018-04-18,83.0,83.1500015258789,82.2300033569336,82.25,125600.0
2018-04-19,82.26000213623047,83.61000061035156,81.48999786376953,83.3499984741211,147700.0
2018-04-20,83.55000305175781,84.5,83.2699966430664,84.36000061035156,272100.0
2018-04-23,84.80000305175781,85.08000183105469,82.83000183105469,84.5199966430664,286300.0
2018-04-24,85.30999755859375,86.19000244140625,84.5199966430664,85.62000274658203,265800.0
2018-04-25,85.19000244140625,86.58000183105469,85.01000213623047,85.88999938964844,241500.0
2018-04-26,85.62999725341797,85.83000183105469,85.02999877929688,85.0999984741211,150300.0
2018-04-27,85.0999984741211,85.95999908447266,85.0999984741211,85.6500015258789,122400.0
2018-04-30,85.93000030517578,86.02999877929688,84.18000030517578,84.20999908447266,160900.0
2018-05-01,84.12999725341797,84.93000030517578,83.25,84.69000244140625,192400.0
2018-05-02,84.4800033569336,85.62000274658203,83.9800033569336,84.54000091552734,206100.0
2018-05-03,84.12000274658203,84.41000366210938,83.0999984741211,83.63999938964844,199400.0
2018-05-04,83.1500015258789,85.3499984741211,82.8499984741211,84.6500015258789,182700.0
2018-05-07,84.86000061035156,85.58000183105469,84.30999755859375,85.01000213623047,153200.0
2018-05-08,84.98999786376953,85.97000122070312,84.80000305175781,85.29000091552734,148500.0
2018-05-09,85.66000366210938,85.91000366210938,83.94999694824219,84.44000244140625,563700.0
2018-05-10,84.4000015258789,85.16000366210938,83.44999694824219,84.62999725341797,232400.0
2018-05-11,84.72000122070312,85.41999816894531,84.3499984741211,84.66000366210938,253600.0
2018-05-14,84.70999908447266,85.01000213623047,84.25,84.47000122070312,234000.0
2018-05-15,84.26000213623047,85.69000244140625,84.26000213623047,85.2699966430664,260500.0
2018-05-16,85.11000061035156,85.75,84.73999786376953,85.33000183105469,144200.0
2018-05-17,85.30000305175781,85.83999633789062,84.9800033569336,85.6500015258789,178400.0
2018-05-18,85.5199966430664,85.70999908447266,84.93000030517578,84.94000244140625,527700.0
2018-05-21,85.20999908447266,86.43000030517578,85.20999908447266,86.38999938964844,205600.0
2018-05-22,86.43000030517578,87.47000122070312,86.43000030517578,86.73999786376953,224600.0
2018-05-23,86.4000015258789,86.91000366210938,86.12999725341797,86.61000061035156,221600.0
2018-05-24,86.36000061035156,86.36000061035156,84.19999694824219,86.01000213623047,304800.0
2018-05-25,85.63999938964844,86.2300033569336,85.54000091552734,85.72000122070312,208700.0
2018-05-29,84.86000061035156,85.69999694824219,84.11000061035156,84.81999969482422,343200.0
2018-05-30,85.30999755859375,86.05999755859375,84.80999755859375,85.81999969482422,237500.0
2018-05-31,85.75,86.1500015258789,84.83000183105469,84.93000030517578,134300.0
2018-06-01,86.29000091552734,86.33000183105469,85.41000366210938,85.83999633789062,127300.0
2018-06-04,86.26000213623047,87.11000061035156,85.93000030517578,87.0999984741211,136500.0
2018-06-05,86.81999969482422,87.45999908447266,86.62999725341797,87.19999694824219,166300.0
2018-06-06,87.19000244140625,88.30999755859375,87.08999633789062,88.08000183105469,187900.0
2018-06-07,88.48999786376953,88.91999816894531,87.6500015258789,87.95999908447266,161100.0
2018-06-08,87.88999938964844,88.69000244140625,87.83999633789062,88.33000183105469,220500.0
2018-06-11,88.47000122070312,88.48999786376953,86.02999877929688,86.44999694824219,265300.0
2018-06-12,86.66999816894531,86.66999816894531,85.0,85.37999725341797,209400.0
2018-06-13,85.47000122070312,86.52999877929688,84.75,85.5199966430664,170600.0
2018-06-14,85.83000183105469,85.83000183105469,84.3499984741211,85.47000122070312,171100.0
2018-06-15,85.1500015258789,85.55000305175781,84.19000244140625,84.94999694824219,464300.0
2018-06-18,84.5,85.55000305175781,84.0,85.05000305175781,137500.0
2018-06-19,84.44999694824219,85.9000015258789,84.36000061035156,85.77999877929688,187600.0
2018-06-20,86.26000213623047,86.61000061035156,85.43000030517578,85.79000091552734,139500.0
2018-06-21,85.80000305175781,86.4000015258789,84.83000183105469,85.68000030517578,151600.0
2018-06-22,86.05999755859375,86.5999984741211,84.81999969482422,85.19000244140625,290200.0
2018-06-25,85.0,85.4000015258789,84.31999969482422,84.8499984741211,197800.0
2018-06-26,84.8499984741211,84.87999725341797,84.05999755859375,84.63999938964844,219000.0
2018-06-27,84.43000030517578,84.76000213623047,83.4000015258789,83.4800033569336,236600.0
2018-06-28,83.58000183105469,84.04000091552734,83.1500015258789,83.4000015258789,141200.0
2018-06-29,83.95999908447266,84.66999816894531,83.4000015258789,83.41999816894531,419800.0
2018-07-02,82.87999725341797,83.6500015258789,82.55999755859375,83.58000183105469,188000.0
2018-07-03,83.80000305175781,84.87000274658203,83.66000366210938,84.08999633789062,179300.0
2018-07-05,84.55999755859375,84.55999755859375,83.43000030517578,83.95999908447266,147900.0
2018-07-06,83.68000030517578,84.75,83.12999725341797,84.4800033569336,125600.0
2018-07-09,85.01000213623047,86.23999786376953,84.8499984741211,86.06999969482422,117000.0
2018-07-10,86.44999694824219,86.52999877929688,84.8499984741211,85.5199966430664,170100.0
2018-07-11,85.08999633789062,85.83999633789062,85.08999633789062,85.36000061035156,134600.0
2018-07-12,85.80000305175781,85.94999694824219,84.0999984741211,85.13999938964844,284100.0
2018-07-13,85.13999938964844,85.33000183105469,83.80000305175781,83.94000244140625,261000.0
2018-07-16,84.30999755859375,84.9800033569336,83.94000244140625,84.51000213623047,143700.0
2018-07-17,84.44000244140625,85.0199966430664,83.97000122070312,84.08000183105469,221100.0
2018-07-18,84.2300033569336,84.61000061035156,83.86000061035156,84.36000061035156,332700.0
2018-07-19,84.2300033569336,84.55999755859375,83.79000091552734,84.1500015258789,215900.0
2018-07-20,84.1500015258789,84.87000274658203,83.80000305175781,84.56999969482422,264800.0
2018-07-23,84.6500015258789,84.7300033569336,83.19000244140625,84.66000366210938,461700.0
2018-07-24,84.31999969482422,84.61000061035156,82.76000213623047,83.05999755859375,262400.0
2018-07-25,83.04000091552734,83.30999755859375,81.44000244140625,81.70999908447266,300900.0
2018-07-26,81.87999725341797,82.55000305175781,81.63999938964844,82.05000305175781,168000.0
2018-07-27,82.06999969482422,82.2699966430664,81.62999725341797,81.9000015258789,201000.0
2018-07-30,82.11000061035156,82.1500015258789,80.54000091552734,80.68000030517578,384200.0
2018-07-31,80.72000122070312,80.72000122070312,79.66000366210938,80.48999786376953,287500.0
2018-08-01,80.79000091552734,81.83999633789062,80.69000244140625,81.4000015258789,187200.0
2018-08-02,81.0199966430664,82.3499984741211,80.83000183105469,81.94999694824219,159300.0
2018-08-03,81.0199966430664,82.75,81.0199966430664,82.48999786376953,365700.0
2018-08-06,82.5,82.73999786376953,81.94000244140625,82.33999633789062,152400.0
2018-08-07,82.37999725341797,83.25,82.37999725341797,82.45999908447266,172000.0
2018-08-08,82.38999938964844,83.5,81.69999694824219,83.29000091552734,173700.0
2018-08-09,83.23999786376953,83.77999877929688,82.81999969482422,82.95999908447266,140400.0
2018-08-10,82.37999725341797,83.26000213623047,82.16999816894531,82.58999633789062,143200.0
2018-08-13,82.13999938964844,83.16000366210938,81.94000244140625,82.02999877929688,172000.0
2018-08-14,82.37999725341797,83.5199966430664,82.37999725341797,83.1500015258789,128800.0
2018-08-15,82.83000183105469,83.37000274658203,82.51000213623047,82.69000244140625,111900.0
2018-08-16,83.08000183105469,84.16000366210938,83.08000183105469,83.58000183105469,107400.0
2018-08-17,83.5,83.98999786376953,83.13999938964844,83.93000030517578,149400.0
2018-08-20,83.79000091552734,84.5,83.33999633789062,84.19999694824219,97900.0
2018-08-21,84.30999755859375,85.88999938964844,84.30999755859375,85.30999755859375,195700.0
2018-08-22,85.0999984741211,85.2300033569336,84.43000030517578,84.62999725341797,101100.0
2018-08-23,84.55999755859375,84.55999755859375,83.6500015258789,84.13999938964844,92300.0
2018-08-24,84.1500015258789,84.19000244140625,83.69000244140625,83.7699966430664,97400.0
2018-08-27,84.12999725341797,84.7300033569336,83.8499984741211,83.98999786376953,154400.0
2018-08-28,84.29000091552734,84.7300033569336,83.37000274658203,83.93000030517578,149000.0
2018-08-29,84.08999633789062,84.2300033569336,83.12000274658203,84.05000305175781,119600.0
2018-08-30,83.36000061035156,83.81999969482422,82.83000183105469,83.04000091552734,137500.0
2018-08-31,82.83999633789062,83.37000274658203,82.62999725341797,83.12999725341797,175300.0
2018-09-04,83.12999725341797,83.9000015258789,82.54000091552734,83.44999694824219,147000.0
2018-09-05,83.25,84.27999877929688,83.25,83.66000366210938,142700.0
2018-09-06,83.69000244140625,83.80999755859375,82.58000183105469,82.5999984741211,284100.0
2018-09-07,82.87000274658203,83.37999725341797,82.33000183105469,83.25,156500.0
2018-09-10,83.54000091552734,83.88999938964844,82.9000015258789,83.20999908447266,133700.0
2018-09-11,82.98999786376953,83.66000366210938,82.75,83.4000015258789,170300.0
2018-09-12,83.29000091552734,83.29000091552734,82.08999633789062,82.44999694824219,180400.0
2018-09-13,82.61000061035156,83.02999877929688,81.4800033569336,81.72000122070312,141700.0
2018-09-14,81.83999633789062,82.80999755859375,81.83999633789062,82.52999877929688,160200.0
2018-09-17,82.68000030517578,82.68000030517578,81.44000244140625,81.63999938964844,239100.0
2018-09-18,81.44000244140625,81.44000244140625,80.36000061035156,80.69999694824219,261000.0
2018-09-19,80.51000213623047,81.5999984741211,80.33000183105469,80.98999786376953,169400.0
2018-09-20,81.22000122070312,82.05999755859375,81.16000366210938,81.48999786376953,169600.0
2018-09-21,81.54000091552734,81.83999633789062,81.20999908447266,81.5,892200.0
2018-09-24,81.33000183105469,81.33999633789062,80.55000305175781,81.05000305175781,304900.0
2018-09-25,81.3499984741211,81.3499984741211,80.58999633789062,80.63999938964844,110400.0
2018-09-26,80.94000244140625,80.94000244140625,79.44999694824219,79.54000091552734,167200.0
2018-09-27,79.51000213623047,79.9800033569336,78.62999725341797,78.69999694824219,173300.0
2018-09-28,78.37999725341797,79.37000274658203,78.30000305175781,78.91000366210938,146300.0
2018-10-01,79.2699966430664,79.2699966430664,78.08000183105469,78.33000183105469,220400.0
2018-10-02,78.3499984741211,78.54000091552734,77.08999633789062,78.51000213623047,264200.0
2018-10-03,78.87000274658203,80.7300033569336,78.87000274658203,80.61000061035156,282700.0
2018-10-04,80.37999725341797,81.72000122070312,80.18000030517578,80.52999877929688,202500.0
2018-10-05,80.77999877929688,81.05999755859375,79.93000030517578,80.37000274658203,174900.0
2018-10-08,80.13999938964844,81.80000305175781,80.13999938964844,81.44999694824219,239900.0
2018-10-09,81.41000366210938,82.19000244140625,81.0,81.7300033569336,234500.0
2018-10-10,81.80000305175781,82.80000305175781,80.73999786376953,80.87000274658203,265500.0
2018-10-11,80.86000061035156,80.86000061035156,78.7300033569336,78.79000091552734,343400.0
2018-10-12,79.58000183105469,79.63999938964844,75.31999969482422,76.83000183105469,427400.0
2018-10-15,76.83999633789062,77.80999755859375,76.61000061035156,76.88999938964844,297600.0
2018-10-16,77.4000015258789,77.4000015258789,75.19000244140625,76.95999908447266,219100.0
2018-10-17,76.91999816894531,77.7699966430664,75.86000061035156,77.30000305175781,163900.0
2018-10-18,77.29000091552734,77.98999786376953,75.88999938964844,76.30999755859375,213600.0
2018-10-19,76.27999877929688,76.83999633789062,75.44000244140625,75.77999877929688,197900.0
2018-10-22,76.70999908447266,76.88999938964844,73.94999694824219,74.47000122070312,236700.0
2018-10-23,73.30999755859375,76.55000305175781,72.8499984741211,76.02999877929688,375400.0
2018-10-24,76.25,76.25,74.19000244140625,74.29000091552734,363500.0
2018-10-25,74.86000061035156,77.47000122070312,74.66999816894531,76.86000061035156,320400.0
2018-10-26,76.2300033569336,77.80999755859375,75.9800033569336,76.62999725341797,501100.0
2018-10-29,77.5,78.76000213623047,77.23999786376953,77.9000015258789,287300.0
2018-10-30,78.1500015258789,78.69000244140625,77.16000366210938,78.33000183105469,325400.0
2018-10-31,78.80999755859375,79.4800033569336,78.30999755859375,78.44000244140625,327900.0
2018-11-01,78.88999938964844,79.33000183105469,78.4000015258789,78.95999908447266,394200.0
2018-11-02,79.6500015258789,79.87999725341797,78.70999908447266,79.33000183105469,352000.0
2018-11-05,79.19999694824219,80.16999816894531,79.16000366210938,79.54000091552734,301900.0
2018-11-06,79.43000030517578,80.20999908447266,78.55999755859375,80.11000061035156,211400.0
2018-11-07,80.16999816894531,80.62000274658203,78.91999816894531,79.93000030517578,210300.0
2018-11-08,79.62999725341797,80.66999816894531,79.37999725341797,79.5999984741211,272100.0
2018-11-09,79.37000274658203,80.05000305175781,78.83999633789062,79.8499984741211,379100.0
2018-11-12,79.69000244140625,80.62999725341797,78.94000244140625,79.0999984741211,278200.0
2018-11-13,79.33000183105469,80.55000305175781,79.12999725341797,79.38999938964844,306200.0
2018-11-14,79.66999816894531,80.33000183105469,78.02999877929688,78.47000122070312,309200.0
2018-11-15,77.88999938964844,79.30999755859375,77.79000091552734,78.94999694824219,297300.0
2018-11-16,78.55000305175781,79.55999755859375,78.27999877929688,79.05000305175781,292600.0
2018-11-19,78.87000274658203,80.0199966430664,78.69999694824219,79.0199966430664,149700.0
2018-11-20,78.66999816894531,79.16000366210938,77.31999969482422,77.44999694824219,234100.0
2018-11-21,77.55999755859375,79.30000305175781,76.61000061035156,78.5999984741211,372500.0
2018-11-23,78.44000244140625,79.79000091552734,78.16999816894531,79.19000244140625,166200.0
2018-11-26,80.0,81.06999969482422,80.0,80.37999725341797,191200.0
2018-11-27,80.11000061035156,80.69000244140625,78.77999877929688,79.22000122070312,210600.0
2018-11-28,79.4800033569336,80.0199966430664,78.5,79.68000030517578,208600.0
2018-11-29,78.81999969482422,79.19000244140625,77.94999694824219,78.69999694824219,391600.0
2018-11-30,78.5,79.98999786376953,78.5,79.75,365600.0
2018-12-03,80.48999786376953,80.48999786376953,78.16999816894531,79.11000061035156,319700.0
2018-12-04,79.06999969482422,79.06999969482422,75.9800033569336,76.41999816894531,395800.0
2018-12-06,75.37999725341797,76.43000030517578,75.0199966430664,76.27999877929688,326700.0
2018-12-07,75.94999694824219,77.5,75.66000366210938,76.11000061035156,295500.0
2018-12-10,75.91999816894531,76.43000030517578,74.66000366210938,74.69999694824219,278200.0
2018-12-11,75.33000183105469,75.37000274658203,72.70999908447266,73.0,519900.0
2018-12-12,73.97000122070312,75.1500015258789,73.23999786376953,73.4000015258789,322200.0
2018-12-13,73.44999694824219,73.87000274658203,71.95999908447266,72.01000213623047,238500.0
2018-12-14,71.66000366210938,72.7699966430664,70.86000061035156,70.9800033569336,199700.0
2018-12-17,70.70999908447266,72.06999969482422,70.37000274658203,70.51000213623047,266100.0
2018-12-18,70.83999633789062,71.0199966430664,68.86000061035156,69.31999969482422,334400.0
2018-12-19,69.25,70.33000183105469,67.45999908447266,67.73999786376953,351600.0
2018-12-20,67.36000061035156,67.94000244140625,66.04000091552734,66.73999786376953,332000.0
2018-12-21,66.80999755859375,67.97000122070312,65.6500015258789,65.69999694824219,645600.0
2018-12-24,65.2699966430664,65.69999694824219,63.900001525878906,63.91999816894531,194100.0
2018-12-26,64.27999877929688,66.68000030517578,63.63999938964844,66.62999725341797,411600.0
2018-12-27,65.55999755859375,66.37000274658203,64.44000244140625,66.31999969482422,289800.0
2018-12-28,66.66000366210938,67.5199966430664,65.88999938964844,66.83000183105469,342700.0
2018-12-31,67.11000061035156,67.41000366210938,66.0,67.31999969482422,223300.0
2019-01-02,66.55000305175781,68.43000030517578,66.54000091552734,68.41000366210938,250700.0
2019-01-03,68.2699966430664,70.26000213623047,68.08000183105469,69.0,336500.0
2019-01-04,70.11000061035156,70.7699966430664,69.70999908447266,70.25,339500.0
2019-01-07,70.02999877929688,71.33999633789062,69.98999786376953,70.80000305175781,188600.0
2019-01-08,70.83000183105469,71.30999755859375,69.66999816894531,71.26000213623047,240200.0
2019-01-09,71.30000305175781,72.31999969482422,70.9000015258789,72.26000213623047,208800.0
2019-01-10,71.86000061035156,72.41000366210938,71.05000305175781,72.18000030517578,293000.0
2019-01-11,71.8499984741211,72.81999969482422,71.5,72.55999755859375,233300.0
2019-01-14,72.08999633789062,73.16000366210938,71.91000366210938,72.27999877929688,257100.0
2019-01-15,72.16999816894531,72.44999694824219,71.18000030517578,72.16000366210938,222300.0
2019-01-16,72.88999938964844,73.9800033569336,72.29000091552734,73.72000122070312,279800.0
2019-01-17,73.6500015258789,74.51000213623047,73.55000305175781,74.08000183105469,266200.0
2019-01-18,74.45999908447266,76.12000274658203,74.20999908447266,76.05000305175781,297700.0
2019-01-22,75.72000122070312,76.54000091552734,74.94000244140625,75.36000061035156,279200.0
2019-01-23,75.58000183105469,76.01000213623047,75.12999725341797,75.70999908447266,213800.0
2019-01-24,75.29000091552734,76.12999725341797,74.83000183105469,75.68000030517578,367900.0
2019-01-25,76.0199966430664,77.3499984741211,75.47000122070312,76.79000091552734,537700.0
2019-01-28,76.44999694824219,80.31999969482422,74.94000244140625,80.25,494100.0
2019-01-29,80.27999877929688,80.55000305175781,78.80000305175781,78.91000366210938,332300.0
2019-01-30,79.22000122070312,79.22000122070312,77.41999816894531,77.62000274658203,560200.0
2019-01-31,77.3499984741211,77.79000091552734,76.18000030517578,77.33000183105469,448300.0
2019-02-01,77.44999694824219,78.52999877929688,77.33000183105469,78.44000244140625,201100.0
2019-02-04,78.41999816894531,79.3499984741211,78.20999908447266,79.1500015258789,134500.0
2019-02-05,79.3499984741211,79.62000274658203,78.5999984741211,79.47000122070312,238200.0
2019-02-06,79.62000274658203,80.16000366210938,79.05000305175781,79.77999877929688,276500.0
2019-02-07,80.37999725341797,81.44999694824219,79.80999755859375,80.8499984741211,298800.0
2019-02-08,80.69000244140625,80.93000030517578,80.12999725341797,80.70999908447266,276300.0
2019-02-11,80.94999694824219,81.31999969482422,80.51000213623047,81.16999816894531,176500.0
2019-02-12,81.6500015258789,81.80000305175781,81.0,81.27999877929688,181100.0
2019-02-13,81.44000244140625,81.8499984741211,81.0,81.44000244140625,164200.0
2019-02-14,80.76000213623047,80.8499984741211,80.06999969482422,80.2300033569336,353000.0
2019-02-15,80.7699966430664,81.44000244140625,80.6500015258789,81.01000213623047,334600.0
2019-02-19,80.62000274658203,81.91000366210938,80.37999725341797,81.69999694824219,185200.0
2019-02-20,81.70999908447266,82.80000305175781,81.37999725341797,82.5999984741211,126400.0
2019-02-21,82.68000030517578,82.83999633789062,82.20999908447266,82.73999786376953,129700.0
2019-02-22,82.66000366210938,83.11000061035156,82.33000183105469,82.88999938964844,132500.0
2019-02-25,83.5,83.94000244140625,82.91000366210938,83.02999877929688,153500.0
2019-02-26,83.0,83.4800033569336,82.26000213623047,82.30000305175781,193400.0
2019-02-27,81.91999816894531,82.58000183105469,81.54000091552734,82.41999816894531,198600.0
2019-02-28,82.58000183105469,82.7699966430664,82.19999694824219,82.2300033569336,213200.0
2019-03-01,82.7300033569336,83.13999938964844,82.13999938964844,82.80999755859375,181500.0
2019-03-04,82.69999694824219,83.1500015258789,81.87000274658203,82.66000366210938,220000.0
2019-03-05,82.54000091552734,83.43000030517578,81.97000122070312,82.9800033569336,159500.0
2019-03-06,82.94000244140625,83.08000183105469,81.36000061035156,81.68000030517578,183800.0
2019-03-07,81.19999694824219,81.54000091552734,80.61000061035156,81.04000091552734,240300.0
2019-03-08,80.73999786376953,81.72000122070312,80.66000366210938,81.54000091552734,193500.0
2019-03-11,81.69999694824219,82.06999969482422,81.2300033569336,81.94000244140625,249700.0
2019-03-12,82.0199966430664,82.08999633789062,81.44999694824219,81.61000061035156,188600.0
2019-03-13,81.95999908447266,82.30999755859375,81.41000366210938,81.44999694824219,253700.0
2019-03-14,81.5,82.01000213623047,80.9000015258789,81.7699966430664,188800.0
2019-03-15,81.70999908447266,82.62999725341797,81.23999786376953,81.91000366210938,772900.0
2019-03-18,82.31999969482422,82.87000274658203,82.12999725341797,82.54000091552734,166800.0
2019-03-19,82.72000122070312,82.72000122070312,80.5,80.66000366210938,166200.0
2019-03-20,80.30999755859375,80.7699966430664,78.25,78.30000305175781,189100.0
2019-03-21,77.80999755859375,78.83000183105469,76.87999725341797,77.8499984741211,293000.0
2019-03-22,77.18000030517578,77.18000030517578,74.77999877929688,75.62999725341797,275800.0
2019-03-25,75.70999908447266,76.70999908447266,75.38999938964844,76.41000366210938,255900.0
2019-03-26,76.8499984741211,78.5,76.8499984741211,78.37000274658203,213000.0
2019-03-27,78.29000091552734,79.18000030517578,77.80999755859375,78.75,175300.0
2019-03-28,78.80000305175781,79.41000366210938,78.13999938964844,79.05999755859375,210700.0
2019-03-29,79.55999755859375,79.8499984741211,78.70999908447266,78.87000274658203,211700.0
2019-04-01,79.33999633789062,80.38999938964844,79.30000305175781,80.30999755859375,244600.0
2019-04-02,79.80000305175781,80.55999755859375,79.58999633789062,79.81999969482422,194100.0
2019-04-03,80.44999694824219,80.62999725341797,79.56999969482422,79.81999969482422,172900.0
2019-04-04,79.9800033569336,80.68000030517578,79.69999694824219,80.62000274658203,287700.0
2019-04-05,80.94000244140625,81.37000274658203,80.37999725341797,80.94999694824219,235900.0
2019-04-08,80.94999694824219,81.41000366210938,80.80999755859375,81.0,210300.0
2019-04-09,80.55999755859375,80.6500015258789,79.61000061035156,79.8499984741211,201600.0
2019-04-10,79.5999984741211,80.43000030517578,79.33000183105469,80.27999877929688,210200.0
2019-04-11,80.68000030517578,81.0999984741211,79.88999938964844,80.58000183105469,145400.0
2019-04-12,80.97000122070312,82.3499984741211,80.88999938964844,82.05000305175781,205900.0
2019-04-15,81.76000213623047,82.18000030517578,80.8499984741211,81.11000061035156,137900.0
2019-04-16,80.98999786376953,82.79000091552734,80.98999786376953,82.69999694824219,196000.0
2019-04-17,82.47000122070312,82.47000122070312,81.48999786376953,81.86000061035156,203600.0
2019-04-18,81.79000091552734,81.79000091552734,80.45999908447266,80.77999877929688,140000.0
2019-04-22,83.0,83.19999694824219,81.13999938964844,81.27999877929688,532100.0
2019-04-23,79.8499984741211,81.69000244140625,78.5,81.37000274658203,344700.0
2019-04-24,80.93000030517578,81.76000213623047,80.25,81.4000015258789,296100.0
2019-04-25,81.25,82.5,80.68000030517578,81.66999816894531,222700.0
2019-04-26,81.63999938964844,82.88999938964844,81.58999633789062,82.77999877929688,200500.0
2019-04-29,82.79000091552734,83.91999816894531,82.79000091552734,83.02999877929688,186800.0
2019-04-30,83.0,83.29000091552734,82.22000122070312,82.37999725341797,306300.0
2019-05-01,82.37999725341797,82.95999908447266,81.44999694824219,81.88999938964844,258300.0
2019-05-02,81.94000244140625,83.27999877929688,81.94000244140625,83.26000213623047,165700.0
2019-05-03,83.4000015258789,84.52999877929688,83.3499984741211,84.44999694824219,150500.0
2019-05-06,83.37000274658203,84.16999816894531,83.30000305175781,83.75,197700.0
2019-05-07,83.11000061035156,83.62000274658203,82.3499984741211,82.73999786376953,150500.0
2019-05-08,82.56999969482422,82.91999816894531,81.62999725341797,81.66999816894531,115600.0
2019-05-09,80.79000091552734,81.83000183105469,80.44000244140625,81.54000091552734,159400.0
2019-05-10,80.81999969482422,81.83999633789062,80.55999755859375,81.70999908447266,111300.0
2019-05-13,80.30999755859375,80.7300033569336,79.33999633789062,79.58999633789062,217900.0
2019-05-14,79.69999694824219,81.11000061035156,79.5999984741211,80.61000061035156,175900.0
2019-05-15,79.66000366210938,79.77999877929688,78.20999908447266,78.79000091552734,213100.0
2019-05-16,79.31999969482422,80.86000061035156,79.31999969482422,80.45999908447266,147900.0
2019-05-17,79.9000015258789,80.86000061035156,79.5999984741211,79.83999633789062,121200.0
2019-05-20,79.55999755859375,80.72000122070312,79.5,79.83000183105469,157400.0
2019-05-21,79.93000030517578,81.05000305175781,79.93000030517578,80.94999694824219,92200.0
2019-05-22,80.69000244140625,80.69000244140625,79.45999908447266,79.58999633789062,73100.0
2019-05-23,78.97000122070312,78.97000122070312,77.77999877929688,78.41999816894531,125500.0
2019-05-24,78.45999908447266,79.33999633789062,78.45999908447266,78.97000122070312,101400.0
2019-05-28,78.87000274658203,79.0,78.04000091552734,78.13999938964844,115600.0
2019-05-29,77.58999633789062,78.47000122070312,77.33000183105469,78.36000061035156,136200.0
2019-05-30,77.83000183105469,78.2300033569336,75.94000244140625,76.55999755859375,163000.0
2019-05-31,75.61000061035156,76.2300033569336,75.23999786376953,75.66000366210938,269700.0
2019-06-03,75.62999725341797,77.41999816894531,75.33000183105469,77.0,165900.0
2019-06-04,77.6500015258789,79.06999969482422,77.6500015258789,79.0,120100.0
2019-06-05,78.87000274658203,78.95999908447266,77.77999877929688,78.36000061035156,111300.0
2019-06-06,78.1500015258789,79.12000274658203,77.83000183105469,78.9800033569336,141400.0
2019-06-07,78.7699966430664,79.43000030517578,78.30999755859375,79.18000030517578,186300.0
2019-06-10,79.6500015258789,80.75,79.18000030517578,80.30000305175781,213600.0
2019-06-11,80.62999725341797,80.97000122070312,79.80999755859375,80.0,223400.0
2019-06-12,79.91999816894531,80.54000091552734,79.72000122070312,79.98999786376953,159100.0
2019-06-13,80.23999786376953,80.86000061035156,80.04000091552734,80.41999816894531,135300.0
2019-06-14,80.6500015258789,80.81999969482422,79.69999694824219,80.51000213623047,193800.0
2019-06-17,80.55999755859375,80.91000366210938,78.87000274658203,79.16999816894531,186100.0
2019-06-18,79.20999908447266,80.56999969482422,78.79000091552734,80.51000213623047,258700.0
2019-06-19,80.7300033569336,81.16999816894531,79.26000213623047,79.31999969482422,273300.0
2019-06-20,79.76000213623047,80.04000091552734,78.23999786376953,79.54000091552734,289000.0
2019-06-21,79.43000030517578,79.91999816894531,78.8499984741211,79.12999725341797,542500.0
2019-06-24,79.2300033569336,79.98999786376953,78.87000274658203,79.05999755859375,230700.0
2019-06-25,79.02999877929688,79.9000015258789,78.27999877929688,79.5999984741211,270200.0
2019-06-26,79.8499984741211,81.18000030517578,79.7699966430664,80.61000061035156,406900.0
2019-06-27,80.70999908447266,81.66000366210938,80.37999725341797,81.62000274658203,261500.0
2019-06-28,82.26000213623047,83.44000244140625,81.83000183105469,82.91000366210938,380300.0
2019-07-01,83.4800033569336,83.7699966430664,82.04000091552734,82.45999908447266,239300.0
2019-07-02,82.18000030517578,82.56999969482422,81.05000305175781,81.62000274658203,164000.0
2019-07-03,81.97000122070312,82.19000244140625,81.26000213623047,82.16000366210938,105500.0
2019-07-05,82.62000274658203,83.22000122070312,82.41999816894531,83.08999633789062,112000.0
2019-07-08,82.73999786376953,82.73999786376953,81.08999633789062,81.19999694824219,278200.0
2019-07-09,80.52999877929688,81.66000366210938,80.52999877929688,81.43000030517578,228700.0
2019-07-10,81.43000030517578,81.55999755859375,80.36000061035156,80.54000091552734,141200.0
2019-07-11,80.72000122070312,81.47000122070312,80.33000183105469,81.4000015258789,132000.0
2019-07-12,81.69999694824219,82.51000213623047,81.5,82.41999816894531,135200.0
2019-07-15,82.69000244140625,82.69000244140625,81.12999725341797,81.26000213623047,226800.0
2019-07-16,81.2300033569336,81.61000061035156,80.75,81.2699966430664,124200.0
2019-07-17,80.95999908447266,81.62999725341797,80.72000122070312,81.12999725341797,126700.0
2019-07-18,80.97000122070312,82.3499984741211,80.44999694824219,81.83000183105469,194600.0
2019-07-19,81.83000183105469,82.30999755859375,81.6500015258789,81.66999816894531,207400.0
2019-07-22,81.73999786376953,83.63999938964844,81.27999877929688,83.44999694824219,366800.0
2019-07-23,82.80000305175781,83.37000274658203,82.27999877929688,82.86000061035156,265900.0
2019-07-24,82.55000305175781,84.11000061035156,82.23999786376953,83.97000122070312,249900.0
2019-07-25,84.0,84.66000366210938,83.54000091552734,83.93000030517578,169500.0
2019-07-26,83.93000030517578,85.3499984741211,83.91999816894531,85.04000091552734,141300.0
2019-07-29,84.94999694824219,85.37000274658203,84.5199966430664,84.70999908447266,161300.0
2019-07-30,84.08000183105469,85.2300033569336,84.08000183105469,85.19000244140625,114800.0
2019-07-31,85.02999877929688,85.83000183105469,84.48999786376953,85.25,252200.0
2019-08-01,84.80999755859375,85.70999908447266,82.76000213623047,82.87999725341797,345900.0
2019-08-02,82.66999816894531,83.20999908447266,81.87000274658203,82.41000366210938,151500.0
2019-08-05,81.16000366210938,81.41999816894531,79.69000244140625,80.55999755859375,173300.0
2019-08-06,80.9000015258789,81.62000274658203,80.05999755859375,81.36000061035156,144100.0
2019-08-07,80.2300033569336,81.44000244140625,79.45999908447266,81.31999969482422,174500.0
2019-08-08,82.01000213623047,83.33999633789062,82.01000213623047,82.98999786376953,209200.0
2019-08-09,82.38999938964844,83.25,82.08000183105469,82.88999938964844,187700.0
2019-08-12,82.02999877929688,82.41999816894531,81.33000183105469,81.51000213623047,114400.0
2019-08-13,81.52999877929688,83.29000091552734,81.52999877929688,82.91000366210938,161500.0
2019-08-14,81.19999694824219,82.0,80.94999694824219,81.11000061035156,367900.0
2019-08-15,81.38999938964844,81.76000213623047,80.4000015258789,80.8499984741211,195000.0
2019-08-16,81.26000213623047,82.7699966430664,81.26000213623047,82.68000030517578,304400.0
2019-08-19,83.73999786376953,83.73999786376953,82.98999786376953,83.4000015258789,103800.0
2019-08-20,82.83999633789062,83.43000030517578,82.08999633789062,82.18000030517578,93600.0
2019-08-21,82.6500015258789,82.72000122070312,82.19999694824219,82.20999908447266,144100.0
2019-08-22,82.5,82.9800033569336,82.19999694824219,82.8499984741211,86200.0
2019-08-23,82.43000030517578,82.9800033569336,79.81999969482422,80.02999877929688,237700.0
2019-08-26,80.56999969482422,81.0199966430664,79.95999908447266,80.81999969482422,175300.0
2019-08-27,81.02999877929688,81.16000366210938,79.12999725341797,79.80999755859375,173800.0
2019-08-28,79.55000305175781,81.36000061035156,79.55000305175781,81.16000366210938,208400.0
2019-08-29,81.18000030517578,82.26000213623047,80.94000244140625,82.18000030517578,128400.0
2019-08-30,82.5,83.13999938964844,82.26000213623047,82.68000030517578,129000.0
2019-09-03,81.9000015258789,82.12999725341797,80.43000030517578,80.83000183105469,164500.0
2019-09-04,81.58000183105469,81.58000183105469,80.81999969482422,81.31999969482422,133700.0
2019-09-05,82.43000030517578,83.73999786376953,82.43000030517578,83.13999938964844,186500.0
2019-09-06,83.0,83.30000305175781,82.30000305175781,82.3499984741211,193900.0
2019-09-09,82.9000015258789,84.30999755859375,82.58000183105469,83.80000305175781,281300.0
2019-09-10,84.16000366210938,84.83000183105469,83.5199966430664,84.41999816894531,227600.0
2019-09-11,84.37999725341797,85.80999755859375,83.68000030517578,85.76000213623047,254300.0
2019-09-12,85.62999725341797,87.06999969482422,84.83000183105469,86.58000183105469,245100.0
2019-09-13,87.66000366210938,88.19999694824219,86.8499984741211,87.25,205900.0
2019-09-16,86.58999633789062,87.58999633789062,86.37000274658203,87.55000305175781,194500.0
2019-09-17,87.13999938964844,87.13999938964844,85.44000244140625,86.37000274658203,256800.0
2019-09-18,85.94999694824219,87.11000061035156,85.45999908447266,86.88999938964844,149900.0
2019-09-19,86.83000183105469,87.44999694824219,85.98999786376953,86.13999938964844,123600.0
2019-09-20,86.29000091552734,87.19000244140625,85.97000122070312,85.9800033569336,582900.0
2019-09-23,85.5199966430664,86.62000274658203,85.0999984741211,86.20999908447266,131600.0
2019-09-24,86.20999908447266,86.48999786376953,84.63999938964844,84.91000366210938,258800.0
2019-09-25,85.19999694824219,86.91999816894531,85.19999694824219,86.47000122070312,177500.0
2019-09-26,86.47000122070312,86.5199966430664,85.37999725341797,85.4800033569336,158700.0
2019-09-27,85.95999908447266,87.08000183105469,85.30000305175781,85.69000244140625,92400.0
2019-09-30,85.93000030517578,86.41000366210938,85.36000061035156,85.93000030517578,130300.0
2019-10-01,86.26000213623047,86.69000244140625,83.75,83.87000274658203,159000.0
2019-10-02,83.11000061035156,83.44999694824219,82.19999694824219,82.7699966430664,211300.0
2019-10-03,82.61000061035156,82.61000061035156,81.29000091552734,82.55000305175781,284600.0
2019-10-04,82.94000244140625,83.98999786376953,82.37999725341797,83.97000122070312,143100.0
2019-10-07,83.87000274658203,84.61000061035156,83.58000183105469,83.94999694824219,148700.0
2019-10-08,83.0,83.01000213623047,81.56999969482422,81.6500015258789,157600.0
2019-10-09,82.41999816894531,82.7699966430664,81.77999877929688,82.44000244140625,112200.0
2019-10-10,82.7699966430664,83.73999786376953,82.7699966430664,83.26000213623047,80200.0
2019-10-11,84.8499984741211,85.01000213623047,83.80999755859375,83.88999938964844,130500.0
2019-10-14,83.69999694824219,83.87000274658203,83.12000274658203,83.37999725341797,151700.0
2019-10-15,83.66999816894531,84.61000061035156,83.37999725341797,84.2699966430664,138400.0
2019-10-16,84.27999877929688,84.94000244140625,83.76000213623047,84.38999938964844,137600.0
2019-10-17,84.72000122070312,84.9800033569336,84.0999984741211,84.87000274658203,98800.0
2019-10-18,84.5199966430664,86.22000122070312,84.5199966430664,86.08000183105469,142500.0
2019-10-21,86.87999725341797,87.44999694824219,86.69999694824219,86.91999816894531,134000.0
2019-10-22,87.16000366210938,87.7300033569336,85.79000091552734,87.08000183105469,129300.0
2019-10-23,87.04000091552734,87.76000213623047,86.3499984741211,86.86000061035156,201800.0
2019-10-24,86.79000091552734,86.83000183105469,85.95999908447266,86.58999633789062,109700.0
2019-10-25,86.43000030517578,87.33999633789062,86.43000030517578,86.66000366210938,115700.0
2019-10-28,84.80000305175781,87.55000305175781,84.80000305175781,86.33000183105469,148800.0
2019-10-29,85.98999786376953,88.23999786376953,85.79000091552734,88.01000213623047,126100.0
2019-10-30,87.7300033569336,88.75,86.95999908447266,87.8499984741211,187200.0
2019-10-31,87.37999725341797,87.37999725341797,85.5,87.30999755859375,173500.0
2019-11-01,88.22000122070312,88.30999755859375,87.44999694824219,88.16000366210938,162200.0
2019-11-04,88.9800033569336,89.22000122070312,88.08000183105469,88.43000030517578,197400.0
2019-11-05,88.87999725341797,89.4800033569336,88.47000122070312,89.33999633789062,161400.0
2019-11-06,88.98999786376953,89.5,88.68000030517578,89.5,123300.0
2019-11-07,89.83999633789062,90.25,88.83000183105469,89.06999969482422,115000.0
2019-11-08,88.58999633789062,89.94999694824219,88.58999633789062,89.6500015258789,94300.0
2019-11-11,89.3499984741211,90.1500015258789,89.1500015258789,89.68000030517578,106900.0
2019-11-12,89.91999816894531,90.37999725341797,89.18000030517578,89.36000061035156,132900.0
2019-11-13,88.7699966430664,89.7699966430664,88.5,89.06999969482422,121400.0
2019-11-14,88.97000122070312,89.56999969482422,88.52999877929688,89.4000015258789,146500.0
2019-11-15,89.7699966430664,89.7699966430664,88.80999755859375,89.04000091552734,207100.0
2019-11-18,88.83999633789062,89.1500015258789,88.30000305175781,89.02999877929688,116600.0
2019-11-19,89.43000030517578,89.76000213623047,88.87999725341797,89.16000366210938,191000.0
2019-11-20,89.11000061035156,89.9000015258789,88.68000030517578,89.13999938964844,198700.0
2019-11-21,89.66999816894531,89.66999816894531,88.66999816894531,89.2699966430664,166600.0
2019-11-22,89.66999816894531,90.06999969482422,89.4800033569336,89.87000274658203,132800.0
2019-11-25,90.19000244140625,90.47000122070312,89.83999633789062,90.19999694824219,111200.0
2019-11-26,89.80999755859375,90.31999969482422,89.80999755859375,90.19000244140625,137700.0
2019-11-27,89.69999694824219,90.68000030517578,89.58000183105469,90.63999938964844,211000.0
2019-11-29,90.62999725341797,91.5199966430664,90.11000061035156,90.11000061035156,106600.0
2019-12-02,90.4800033569336,90.94000244140625,89.94000244140625,89.94999694824219,130700.0
2019-12-03,89.11000061035156,89.8499984741211,89.0,89.66999816894531,164200.0
2019-12-04,89.88999938964844,91.16000366210938,89.88999938964844,90.4000015258789,167600.0
2019-12-05,90.7699966430664,91.05000305175781,90.13999938964844,90.19000244140625,129100.0
2019-12-06,91.05999755859375,91.4800033569336,90.52999877929688,90.54000091552734,189800.0
2019-12-09,90.3499984741211,90.8499984741211,90.18000030517578,90.54000091552734,159800.0
2019-12-10,90.68000030517578,91.08999633789062,90.48999786376953,91.05000305175781,120300.0
2019-12-11,91.26000213623047,91.33999633789062,90.68000030517578,90.81999969482422,95900.0
2019-12-12,91.06999969482422,92.83000183105469,91.06999969482422,92.62000274658203,218900.0
2019-12-13,92.44000244140625,92.98999786376953,91.44999694824219,91.76000213623047,175900.0
2019-12-16,92.54000091552734,92.97000122070312,92.0199966430664,92.9000015258789,224000.0
2019-12-17,92.95999908447266,93.80999755859375,92.6500015258789,93.61000061035156,141100.0
2019-12-18,93.6500015258789,93.72000122070312,93.05000305175781,93.48999786376953,134200.0
2019-12-19,93.38999938964844,93.91999816894531,93.22000122070312,93.7699966430664,302900.0
2019-12-20,94.0,95.06999969482422,93.9000015258789,94.86000061035156,533100.0
2019-12-23,94.8499984741211,95.12999725341797,94.08999633789062,95.06999969482422,330800.0
2019-12-24,95.37999725341797,95.56999969482422,94.83000183105469,95.19999694824219,118600.0
2019-12-26,95.22000122070312,95.61000061035156,94.91999816894531,95.27999877929688,188400.0
2019-12-27,95.55999755859375,95.55999755859375,94.73999786376953,94.81999969482422,143300.0
2019-12-30,95.0999984741211,95.55000305175781,94.8499984741211,95.22000122070312,112300.0
2019-12-31,95.20999908447266,95.68000030517578,95.1500015258789,95.16000366210938,182900.0
2020-01-02,95.4800033569336,95.52999877929688,93.69000244140625,94.37000274658203,173900.0
2020-01-03,93.43000030517578,94.45999908447266,92.8499984741211,94.31999969482422,236300.0
2020-01-06,93.69000244140625,93.81999969482422,92.93000030517578,93.20999908447266,253000.0
2020-01-07,93.19999694824219,93.56999969482422,92.75,93.30999755859375,129400.0
2020-01-08,93.06999969482422,93.94999694824219,92.79000091552734,93.56999969482422,145300.0
2020-01-09,94.23999786376953,94.5,93.66000366210938,94.08000183105469,101000.0
2020-01-10,94.1500015258789,94.1500015258789,93.02999877929688,93.26000213623047,160200.0
2020-01-13,93.55000305175781,93.80000305175781,93.01000213623047,93.80000305175781,115000.0
2020-01-14,93.8499984741211,94.22000122070312,93.55000305175781,93.73999786376953,184100.0
2020-01-15,93.30999755859375,93.66000366210938,92.44000244140625,92.9000015258789,202600.0
2020-01-16,93.52999877929688,94.11000061035156,93.52999877929688,94.01000213623047,139100.0
2020-01-17,94.43000030517578,94.43000030517578,93.98999786376953,94.12999725341797,104600.0
2020-01-21,93.80000305175781,94.1500015258789,92.87000274658203,92.93000030517578,132700.0
2020-01-22,93.08000183105469,93.23999786376953,92.56999969482422,92.75,124500.0
2020-01-23,92.56999969482422,93.1500015258789,91.8499984741211,92.91999816894531,166000.0
2020-01-24,92.91000366210938,92.91000366210938,91.02999877929688,91.93000030517578,240100.0
2020-01-27,90.9800033569336,92.94999694824219,90.91000366210938,91.38999938964844,379600.0
2020-01-28,91.9800033569336,93.01000213623047,91.9800033569336,92.70999908447266,248300.0
2020-01-29,90.70999908447266,92.55999755859375,90.5,90.93000030517578,304100.0
2020-01-30,90.76000213623047,91.5,90.25,91.45999908447266,200100.0
2020-01-31,90.91000366210938,91.05000305175781,89.48999786376953,89.5999984741211,186700.0
2020-02-03,90.0,91.27999877929688,90.0,90.80999755859375,160600.0
2020-02-04,92.0,92.55999755859375,91.48999786376953,91.52999877929688,160100.0
2020-02-05,92.52999877929688,92.80000305175781,91.76000213623047,92.29000091552734,240900.0
2020-02-06,92.66999816894531,92.66999816894531,90.88999938964844,90.94999694824219,167600.0
2020-02-07,90.61000061035156,91.0999984741211,89.87000274658203,89.97000122070312,113200.0
2020-02-10,89.55999755859375,90.5199966430664,89.55999755859375,90.51000213623047,115300.0
2020-02-11,90.76000213623047,91.54000091552734,90.41000366210938,90.58000183105469,169400.0
2020-02-12,91.30999755859375,91.30999755859375,89.8499984741211,90.70999908447266,177100.0
2020-02-13,90.16000366210938,91.69999694824219,90.16000366210938,91.56999969482422,105600.0
2020-02-14,91.5199966430664,91.62999725341797,90.81999969482422,90.93000030517578,114200.0
2020-02-18,90.68000030517578,91.04000091552734,89.5999984741211,89.75,100000.0
2020-02-19,89.91999816894531,90.43000030517578,89.91999816894531,89.94999694824219,111400.0
2020-02-20,89.75,91.02999877929688,89.75,90.91000366210938,170500.0
2020-02-21,90.54000091552734,90.54000091552734,89.16000366210938,89.47000122070312,188200.0
2020-02-24,87.47000122070312,87.47000122070312,85.86000061035156,85.88999938964844,230800.0
2020-02-25,85.91999816894531,86.08000183105469,81.58999633789062,81.73999786376953,404100.0
2020-02-26,82.16999816894531,83.01000213623047,80.5999984741211,80.66999816894531,262900.0
2020-02-27,78.55000305175781,81.0199966430664,77.37000274658203,77.44999694824219,375200.0
2020-02-28,75.0,76.33000183105469,73.41000366210938,74.41999816894531,368500.0
2020-03-02,74.51000213623047,78.05999755859375,74.19000244140625,77.9800033569336,258100.0
2020-03-03,77.69000244140625,78.18000030517578,75.16000366210938,76.1500015258789,321900.0
2020-03-04,76.6500015258789,76.9800033569336,74.62999725341797,76.31999969482422,254400.0
2020-03-05,74.37999725341797,74.66999816894531,71.54000091552734,72.52999877929688,247600.0
2020-03-06,69.7300033569336,71.47000122070312,68.61000061035156,70.4000015258789,277500.0
2020-03-09,66.0,67.30000305175781,61.689998626708984,62.38999938964844,396700.0
2020-03-10,65.19999694824219,66.01000213623047,62.099998474121094,65.94999694824219,231300.0
2020-03-11,63.9900016784668,64.5999984741211,59.959999084472656,61.9900016784668,411300.0
2020-03-12,57.150001525878906,60.77000045776367,55.54999923706055,57.97999954223633,507200.0
2020-03-13,62.29999923706055,65.19000244140625,59.59000015258789,65.13999938964844,383600.0
2020-03-16,58.0,63.290000915527344,58.0,58.619998931884766,437300.0
2020-03-17,60.130001068115234,67.16000366210938,57.72999954223633,66.69000244140625,401000.0
2020-03-18,62.63999938964844,71.12000274658203,62.02000045776367,64.19999694824219,499400.0
2020-03-19,63.09000015258789,63.09000015258789,56.0099983215332,58.31999969482422,576000.0
2020-03-20,59.06999969482422,59.90999984741211,53.7400016784668,53.959999084472656,446000.0
2020-03-23,52.5099983215332,52.86000061035156,46.70000076293945,47.369998931884766,392600.0
2020-03-24,49.959999084472656,52.060001373291016,48.970001220703125,51.79999923706055,394900.0
2020-03-25,51.810001373291016,55.369998931884766,50.310001373291016,51.599998474121094,757300.0
2020-03-26,51.849998474121094,56.529998779296875,50.72999954223633,56.529998779296875,467500.0
2020-03-27,54.16999816894531,54.540000915527344,52.25,53.130001068115234,364500.0
2020-03-30,53.02000045776367,54.650001525878906,51.36000061035156,54.16999816894531,341800.0
2020-03-31,53.560001373291016,55.2400016784668,52.65999984741211,55.2400016784668,316400.0
2020-04-01,52.4900016784668,53.79999923706055,51.63999938964844,52.880001068115234,357800.0
2020-04-02,51.439998626708984,56.06999969482422,51.150001525878906,55.939998626708984,457600.0
2020-04-03,55.439998626708984,56.349998474121094,53.04999923706055,54.2599983215332,333500.0
2020-04-06,56.900001525878906,57.25,54.5099983215332,56.08000183105469,350800.0
2020-04-07,57.9900016784668,59.22999954223633,56.040000915527344,56.66999816894531,269700.0
2020-04-08,57.09000015258789,59.439998626708984,56.380001068115234,59.029998779296875,295900.0
2020-04-09,60.560001373291016,62.970001220703125,60.130001068115234,62.720001220703125,204500.0
2020-04-13,62.31999969482422,62.689998626708984,58.16999816894531,58.849998474121094,148300.0
2020-04-14,60.31999969482422,60.7599983215332,57.630001068115234,58.72999954223633,255800.0
2020-04-15,57.0,57.02000045776367,55.099998474121094,55.619998931884766,276100.0
2020-04-16,55.88999938964844,55.88999938964844,52.93000030517578,53.9900016784668,414100.0
2020-04-17,56.08000183105469,57.95000076293945,55.72999954223633,57.630001068115234,216900.0
2020-04-20,56.689998626708984,60.470001220703125,56.61000061035156,59.439998626708984,313700.0
2020-04-21,59.099998474121094,61.0099983215332,57.810001373291016,59.79999923706055,408400.0
2020-04-22,61.25,61.58000183105469,58.119998931884766,58.45000076293945,299500.0
2020-04-23,58.970001220703125,62.0099983215332,58.56999969482422,60.93000030517578,313900.0
2020-04-24,60.93000030517578,62.0,60.349998474121094,61.4900016784668,151600.0
2020-04-27,61.95000076293945,67.0199966430664,61.869998931884766,66.55000305175781,295900.0
2020-04-28,68.18000030517578,68.72000122070312,66.44000244140625,66.87000274658203,221800.0
2020-04-29,68.25,71.05999755859375,68.01000213623047,69.61000061035156,293500.0
2020-04-30,67.75,69.22000122070312,66.4000015258789,68.18000030517578,310100.0
2020-05-01,66.33000183105469,66.9000015258789,63.869998931884766,64.4800033569336,372700.0
2020-05-04,63.40999984741211,64.11000061035156,61.90999984741211,63.59000015258789,280500.0
2020-05-05,64.4800033569336,65.01000213623047,61.18000030517578,61.27000045776367,308800.0
2020-05-06,61.720001220703125,61.880001068115234,59.83000183105469,60.86000061035156,251900.0
2020-05-07,61.27000045776367,63.040000915527344,60.61000061035156,60.970001220703125,219000.0
2020-05-08,62.380001068115234,63.619998931884766,62.09000015258789,63.25,229300.0
2020-05-11,62.279998779296875,62.33000183105469,60.529998779296875,61.33000183105469,265500.0
2020-05-12,61.560001373291016,61.61000061035156,58.09000015258789,58.38999938964844,297400.0
2020-05-13,57.72999954223633,57.75,55.529998779296875,55.68000030517578,295900.0
2020-05-14,54.9900016784668,58.099998474121094,53.099998474121094,57.47999954223633,332300.0
2020-05-15,56.5099983215332,56.959999084472656,55.709999084472656,56.470001220703125,808600.0
2020-05-18,59.09000015258789,61.310001373291016,58.84000015258789,61.02000045776367,254600.0
2020-05-19,60.25,61.310001373291016,58.060001373291016,58.119998931884766,296500.0
2020-05-20,59.27000045776367,61.25,59.27000045776367,60.959999084472656,228700.0
2020-05-21,60.810001373291016,62.38999938964844,60.650001525878906,61.779998779296875,335100.0
2020-05-22,61.779998779296875,62.15999984741211,60.810001373291016,61.06999969482422,318900.0
2020-05-26,63.61000061035156,65.33000183105469,62.560001373291016,64.44000244140625,287900.0
2020-05-27,67.26000213623047,67.94000244140625,65.30000305175781,67.37999725341797,334900.0
2020-05-28,67.22000122070312,67.22000122070312,64.51000213623047,64.72000122070312,206300.0
2020-05-29,63.72999954223633,64.8499984741211,63.06999969482422,64.33000183105469,253400.0
2020-06-01,64.83999633789062,65.29000091552734,64.05999755859375,64.3499984741211,246900.0
2020-06-02,65.0999984741211,65.30999755859375,63.290000915527344,63.689998626708984,218400.0
2020-06-03,65.29000091552734,66.77999877929688,65.0,65.43000030517578,274500.0
2020-06-04,65.0,66.93000030517578,64.66000366210938,66.54000091552734,236500.0
2020-06-05,70.33999633789062,71.25,69.12999725341797,70.4000015258789,273700.0
2020-06-08,71.94999694824219,72.73999786376953,71.26000213623047,72.68000030517578,297400.0
2020-06-09,70.83000183105469,72.5,70.1500015258789,71.48999786376953,226000.0
2020-06-10,70.62000274658203,70.62000274658203,66.98999786376953,67.30999755859375,278600.0
2020-06-11,63.81999969482422,64.1500015258789,61.25,61.369998931884766,382700.0
2020-06-12,64.48999786376953,64.48999786376953,61.13999938964844,62.66999816894531,325600.0
2020-06-15,60.130001068115234,64.5199966430664,59.75,63.220001220703125,367200.0
2020-06-16,66.58000183105469,66.88999938964844,64.5199966430664,66.04000091552734,321900.0
2020-06-17,66.12000274658203,66.73999786376953,62.529998779296875,62.66999816894531,303200.0
2020-06-18,62.13999938964844,64.36000061035156,62.13999938964844,63.52000045776367,280600.0
2020-06-19,64.2300033569336,64.37000274658203,62.0099983215332,63.380001068115234,742000.0
2020-06-22,62.7400016784668,63.79999923706055,61.97999954223633,63.06999969482422,227600.0
2020-06-23,64.31999969482422,64.5199966430664,61.709999084472656,62.040000915527344,256100.0
2020-06-24,61.36000061035156,61.369998931884766,59.0,59.0099983215332,265500.0
2020-06-25,58.7599983215332,61.54999923706055,58.47999954223633,61.5,263900.0
2020-06-26,60.25,60.290000915527344,58.36000061035156,58.970001220703125,342500.0
2020-06-29,59.97999954223633,61.45000076293945,59.5,60.470001220703125,304600.0
2020-06-30,59.880001068115234,62.15999984741211,59.880001068115234,61.40999984741211,253500.0
2020-07-01,61.54999923706055,61.54999923706055,59.7599983215332,59.9900016784668,193800.0
2020-07-02,61.75,61.939998626708984,59.279998779296875,59.709999084472656,198200.0
2020-07-06,60.52000045776367,61.599998474121094,59.439998626708984,59.970001220703125,215900.0
2020-07-07,59.119998931884766,59.119998931884766,57.83000183105469,57.83000183105469,206000.0
2020-07-08,57.599998474121094,58.560001373291016,56.470001220703125,56.97999954223633,404900.0
2020-07-09,57.0,57.0,53.79999923706055,54.349998474121094,313300.0
2020-07-10,54.189998626708984,57.25,54.189998626708984,57.209999084472656,253200.0
2020-07-13,57.790000915527344,58.279998779296875,56.38999938964844,57.630001068115234,189100.0
2020-07-14,57.4900016784668,57.529998779296875,55.88999938964844,56.869998931884766,252300.0
2020-07-15,58.619998931884766,59.56999969482422,58.04999923706055,59.33000183105469,246400.0
2020-07-16,58.66999816894531,60.2599983215332,58.369998931884766,58.849998474121094,136400.0
2020-07-17,58.65999984741211,59.22999954223633,56.900001525878906,57.33000183105469,214800.0
2020-07-20,57.0099983215332,57.47999954223633,56.5099983215332,56.86000061035156,208400.0
2020-07-21,57.41999816894531,60.119998931884766,57.41999816894531,59.959999084472656,197400.0
2020-07-22,59.33000183105469,59.58000183105469,58.4900016784668,59.20000076293945,218600.0
2020-07-23,59.099998474121094,60.5099983215332,59.099998474121094,60.310001373291016,153800.0
2020-07-24,60.619998931884766,60.97999954223633,59.09000015258789,59.18000030517578,246000.0
2020-07-27,59.349998474121094,59.7599983215332,56.36000061035156,57.7599983215332,406300.0
2020-07-28,57.060001373291016,57.939998626708984,56.869998931884766,56.91999816894531,303200.0
2020-07-29,56.66999816894531,58.279998779296875,56.5,57.9900016784668,383900.0
2020-07-30,56.52000045776367,57.060001373291016,55.279998779296875,56.88999938964844,294700.0
2020-07-31,56.47999954223633,56.810001373291016,55.779998779296875,56.630001068115234,213900.0
2020-08-03,56.95000076293945,57.09000015258789,55.79999923706055,56.65999984741211,194900.0
2020-08-04,56.349998474121094,56.369998931884766,55.41999816894531,55.97999954223633,151200.0
2020-08-05,56.58000183105469,57.5,56.119998931884766,57.41999816894531,137500.0
2020-08-06,56.97999954223633,57.689998626708984,56.5,56.77000045776367,199100.0
2020-08-07,56.380001068115234,58.79999923706055,55.900001525878906,58.790000915527344,182600.0
2020-08-10,58.900001525878906,60.650001525878906,58.7599983215332,59.369998931884766,229000.0
2020-08-11,60.7400016784668,61.2599983215332,59.52000045776367,59.84000015258789,202100.0
2020-08-12,60.7599983215332,60.7599983215332,58.81999969482422,59.65999984741211,169400.0
2020-08-13,59.06999969482422,59.560001373291016,58.400001525878906,58.70000076293945,181700.0
2020-08-14,58.400001525878906,59.650001525878906,58.0,59.27000045776367,195500.0
2020-08-17,59.0099983215332,59.20000076293945,58.08000183105469,58.279998779296875,229600.0
2020-08-18,58.29999923706055,58.29999923706055,56.75,57.02000045776367,190700.0
2020-08-19,56.939998626708984,57.900001525878906,56.75,56.900001525878906,196800.0
2020-08-20,56.220001220703125,56.45000076293945,55.630001068115234,55.66999816894531,180400.0
2020-08-21,56.11000061035156,56.11000061035156,54.97999954223633,55.36000061035156,195700.0
2020-08-24,56.119998931884766,57.150001525878906,55.439998626708984,56.9900016784668,326400.0
2020-08-25,57.189998626708984,57.970001220703125,56.38999938964844,56.880001068115234,189900.0
2020-08-26,56.93000030517578,56.93000030517578,55.90999984741211,55.9900016784668,215100.0
2020-08-27,55.939998626708984,57.20000076293945,55.900001525878906,57.0099983215332,209800.0
2020-08-28,56.93000030517578,56.93000030517578,55.93000030517578,56.290000915527344,159900.0
2020-08-31,56.119998931884766,56.220001220703125,54.9900016784668,55.040000915527344,256100.0
2020-09-01,55.040000915527344,55.720001220703125,54.2599983215332,54.91999816894531,164800.0
2020-09-02,54.7599983215332,55.560001373291016,54.34000015258789,55.18000030517578,201200.0
2020-09-03,55.65999984741211,57.27000045776367,55.04999923706055,55.27000045776367,245100.0
2020-09-04,56.650001525878906,57.47999954223633,55.08000183105469,56.0,214300.0
2020-09-08,55.61000061035156,55.810001373291016,53.709999084472656,54.06999969482422,294600.0
2020-09-09,54.279998779296875,54.279998779296875,52.689998626708984,53.20000076293945,212300.0
2020-09-10,53.5,53.5,51.70000076293945,51.81999969482422,436100.0
2020-09-11,52.34000015258789,52.59000015258789,51.77000045776367,52.290000915527344,299600.0
2020-09-14,52.47999954223633,54.08000183105469,52.189998626708984,53.38999938964844,316900.0
2020-09-15,53.52000045776367,53.61000061035156,51.7599983215332,51.900001525878906,403000.0
2020-09-16,51.7400016784668,52.58000183105469,51.40999984741211,51.65999984741211,327600.0
2020-09-17,51.06999969482422,52.11000061035156,50.81999969482422,52.04999923706055,324700.0
2020-09-18,52.15999984741211,52.56999969482422,51.41999816894531,51.97999954223633,724400.0
2020-09-21,50.9900016784668,51.79999923706055,49.040000915527344,49.220001220703125,622600.0
2020-09-22,49.25,50.650001525878906,49.20000076293945,50.380001068115234,610600.0
2020-09-23,50.70000076293945,51.77000045776367,49.189998626708984,49.189998626708984,568300.0
2020-09-24,49.25,50.83000183105469,48.77000045776367,49.560001373291016,521400.0
2020-09-25,49.209999084472656,49.900001525878906,49.209999084472656,49.75,283300.0
2020-09-28,50.47999954223633,51.540000915527344,50.47999954223633,50.939998626708984,253900.0
2020-09-29,50.54999923706055,50.630001068115234,49.58000183105469,49.900001525878906,238000.0
2020-09-30,50.09000015258789,50.72999954223633,49.91999816894531,50.52000045776367,291000.0
2020-10-01,50.119998931884766,50.84000015258789,49.61000061035156,50.029998779296875,212800.0
2020-10-02,49.25,51.29999923706055,49.25,50.959999084472656,225900.0
2020-10-05,51.560001373291016,52.880001068115234,51.40999984741211,52.869998931884766,291700.0
2020-10-06,53.2400016784668,55.11000061035156,53.08000183105469,53.18000030517578,291500.0
2020-10-07,53.61000061035156,55.060001373291016,53.61000061035156,54.75,308100.0
2020-10-08,54.88999938964844,56.0,54.61000061035156,55.66999816894531,248800.0
2020-10-09,55.77000045776367,56.119998931884766,55.06999969482422,55.29999923706055,270700.0
2020-10-12,55.900001525878906,56.349998474121094,55.13999938964844,56.209999084472656,209100.0
2020-10-13,55.720001220703125,55.880001068115234,54.099998474121094,54.13999938964844,210100.0
2020-10-14,54.06999969482422,54.540000915527344,53.529998779296875,53.560001373291016,195800.0
2020-10-15,53.0,55.16999816894531,53.0,55.08000183105469,153100.0
2020-10-16,55.02000045776367,55.77000045776367,54.290000915527344,55.220001220703125,265600.0
2020-10-19,55.599998474121094,56.02000045776367,54.91999816894531,55.029998779296875,172300.0
2020-10-20,55.689998626708984,57.5099983215332,55.689998626708984,56.97999954223633,326300.0
2020-10-21,56.72999954223633,58.72999954223633,56.72999954223633,58.5099983215332,309200.0
2020-10-22,58.91999816894531,61.689998626708984,58.79999923706055,61.189998626708984,455800.0
2020-10-23,61.61000061035156,62.77000045776367,61.0,62.16999816894531,355300.0
2020-10-26,62.47999954223633,62.88999938964844,60.33000183105469,61.0,390900.0
2020-10-27,60.689998626708984,60.81999969482422,59.13999938964844,59.439998626708984,284700.0
2020-10-28,58.36000061035156,59.15999984741211,57.52000045776367,58.119998931884766,650600.0
2020-10-29,58.529998779296875,60.09000015258789,57.810001373291016,59.86000061035156,323400.0
2020-10-30,59.540000915527344,60.650001525878906,59.400001525878906,60.63999938964844,319300.0
2020-11-02,61.459999084472656,61.779998779296875,60.31999969482422,61.400001525878906,224100.0
2020-11-03,62.619998931884766,63.349998474121094,62.220001220703125,62.95000076293945,307200.0
2020-11-04,61.13999938964844,62.11000061035156,57.779998779296875,57.81999969482422,293300.0
2020-11-05,58.029998779296875,60.27000045776367,58.029998779296875,60.06999969482422,287600.0
2020-11-06,60.52000045776367,60.599998474121094,59.04999923706055,59.369998931884766,163200.0
2020-11-09,64.43000030517578,73.72000122070312,64.2300033569336,71.58000183105469,714300.0
2020-11-10,71.68000030517578,74.86000061035156,70.27999877929688,74.33999633789062,529900.0
2020-11-11,74.4800033569336,74.87000274658203,71.48999786376953,72.2699966430664,370800.0
2020-11-12,71.06999969482422,72.27999877929688,70.05000305175781,71.70999908447266,397500.0
2020-11-13,72.68000030517578,73.94000244140625,71.95999908447266,72.12999725341797,286100.0
2020-11-16,75.0,75.98999786376953,73.73999786376953,75.29000091552734,560700.0
2020-11-17,73.55000305175781,75.8499984741211,73.11000061035156,75.69000244140625,317000.0
2020-11-18,75.9000015258789,76.9800033569336,74.7300033569336,74.95999908447266,458600.0
2020-11-19,74.16999816894531,74.9000015258789,73.54000091552734,74.75,214000.0
2020-11-20,74.05000305175781,74.7300033569336,73.2699966430664,73.91999816894531,302100.0
2020-11-23,74.94999694824219,75.36000061035156,73.94000244140625,74.73999786376953,210400.0
2020-11-24,76.05999755859375,78.70999908447266,75.81999969482422,78.52999877929688,311500.0
2020-11-25,77.36000061035156,79.33999633789062,76.58000183105469,79.30000305175781,610800.0
2020-11-27,78.55000305175781,78.86000061035156,76.44000244140625,77.77999877929688,145800.0
2020-11-30,76.88999938964844,77.77999877929688,74.76000213623047,74.87999725341797,300600.0
2020-12-01,75.94999694824219,77.25,75.55999755859375,76.61000061035156,378300.0
2020-12-02,76.36000061035156,78.1500015258789,76.19000244140625,77.94000244140625,154300.0
2020-12-03,78.2300033569336,78.5199966430664,77.41000366210938,77.93000030517578,153700.0
2020-12-04,78.44999694824219,79.5,78.0,79.36000061035156,122100.0
2020-12-07,79.0,79.91999816894531,78.41000366210938,79.51000213623047,137000.0
2020-12-08,78.41999816894531,79.6500015258789,78.41999816894531,79.30000305175781,172400.0
2020-12-09,79.94999694824219,80.37999725341797,78.83999633789062,79.16000366210938,175400.0
2020-12-10,78.22000122070312,79.66999816894531,78.04000091552734,79.23999786376953,213400.0
2020-12-11,78.01000213623047,79.44000244140625,78.01000213623047,78.7699966430664,274300.0
2020-12-14,79.91999816894531,80.06999969482422,77.97000122070312,77.9800033569336,183900.0
2020-12-15,78.70999908447266,79.4000015258789,77.91999816894531,79.37999725341797,172400.0
2020-12-16,79.94000244140625,79.94000244140625,78.51000213623047,78.83999633789062,182300.0
2020-12-17,78.6500015258789,78.83999633789062,77.2300033569336,78.16999816894531,197000.0
2020-12-18,78.4000015258789,78.98999786376953,76.44000244140625,76.87999725341797,690700.0
2020-12-21,77.38999938964844,77.7300033569336,76.11000061035156,77.41999816894531,271100.0
2020-12-22,77.80000305175781,77.80000305175781,75.58999633789062,75.87000274658203,181000.0
2020-12-23,76.33999633789062,77.62999725341797,76.08000183105469,77.55999755859375,253000.0
2020-12-24,78.05999755859375,78.05999755859375,75.91999816894531,77.0199966430664,88900.0
2020-12-28,77.63999938964844,77.98999786376953,76.54000091552734,77.51000213623047,216100.0
2020-12-29,77.52999877929688,77.52999877929688,75.87000274658203,76.0999984741211,148500.0
2020-12-30,76.58000183105469,77.25,76.0199966430664,76.87000274658203,141100.0
2020-12-31,76.70999908447266,77.19000244140625,76.19000244140625,76.62000274658203,193900.0
2021-01-04,77.08999633789062,77.51000213623047,75.6500015258789,77.36000061035156,245500.0
2021-01-05,77.31999969482422,77.98999786376953,76.30999755859375,77.05999755859375,248900.0
2021-01-06,79.06999969482422,82.55000305175781,78.87000274658203,81.11000061035156,467400.0
2021-01-07,82.6500015258789,83.47000122070312,82.0,82.51000213623047,414300.0
2021-01-08,82.79000091552734,82.79000091552734,80.52999877929688,81.87999725341797,219200.0
2021-01-11,80.80000305175781,82.88999938964844,80.80000305175781,82.86000061035156,154600.0
2021-01-12,83.11000061035156,84.98999786376953,83.11000061035156,84.0999984741211,171200.0
2021-01-13,83.69000244140625,83.69000244140625,82.25,83.08999633789062,118900.0
2021-01-14,83.97000122070312,84.9000015258789,82.58000183105469,84.51000213623047,182000.0
2021-01-15,82.76000213623047,84.01000213623047,82.69999694824219,83.41999816894531,146200.0
2021-01-19,83.62999725341797,84.06999969482422,82.80000305175781,83.83000183105469,137100.0
2021-01-20,83.70999908447266,83.97000122070312,82.43000030517578,83.91000366210938,189200.0
2021-01-21,83.77999877929688,83.8499984741211,82.1500015258789,82.1500015258789,249400.0
2021-01-22,81.48999786376953,84.23999786376953,81.48999786376953,84.11000061035156,222900.0
2021-01-25,81.0,81.88999938964844,79.1500015258789,81.62000274658203,317600.0
2021-01-26,82.06999969482422,82.06999969482422,80.81999969482422,80.8499984741211,411000.0
2021-01-27,79.5,81.2699966430664,79.5,79.9000015258789,374700.0
2021-01-28,80.95999908447266,81.41000366210938,80.20999908447266,80.83999633789062,285300.0
2021-01-29,80.61000061035156,81.33999633789062,78.06999969482422,78.19000244140625,416800.0
2021-02-01,78.94000244140625,79.93000030517578,77.61000061035156,79.62000274658203,258400.0
2021-02-02,80.29000091552734,80.51000213623047,79.18000030517578,80.2300033569336,400500.0
2021-02-03,79.8499984741211,80.31999969482422,79.05000305175781,79.41999816894531,281300.0
2021-02-04,79.62000274658203,81.30999755859375,79.62000274658203,80.9000015258789,246200.0
2021-02-05,81.75,82.11000061035156,80.4000015258789,81.61000061035156,175100.0
2021-02-08,81.75,83.36000061035156,81.61000061035156,83.36000061035156,158200.0
2021-02-09,83.19999694824219,86.02999877929688,83.12000274658203,85.83999633789062,275700.0
2021-02-10,86.13999938964844,87.83000183105469,85.98999786376953,86.8499984741211,272500.0
2021-02-11,86.8499984741211,88.08999633789062,85.73999786376953,86.70999908447266,188100.0
2021-02-12,86.69999694824219,87.7300033569336,86.4000015258789,87.54000091552734,145000.0
2021-02-16,88.41000366210938,89.5,88.05999755859375,88.62999725341797,261900.0
2021-02-17,88.43000030517578,89.29000091552734,87.58000183105469,88.30999755859375,183100.0
2021-02-18,87.54000091552734,88.2300033569336,86.80999755859375,87.55000305175781,179400.0
2021-02-19,87.87000274658203,89.11000061035156,87.66999816894531,89.0999984741211,288600.0
2021-02-22,88.79000091552734,91.56999969482422,88.79000091552734,90.2699966430664,331300.0
2021-02-23,90.83999633789062,92.75,89.72000122070312,92.66000366210938,309600.0
2021-02-24,92.8499984741211,93.6500015258789,91.56999969482422,93.41999816894531,625300.0
2021-02-25,93.43000030517578,94.18000030517578,89.58000183105469,89.61000061035156,331500.0
2021-02-26,89.20999908447266,89.36000061035156,87.19999694824219,87.5,226200.0
2021-03-01,89.13999938964844,90.1500015258789,88.66000366210938,89.7699966430664,300900.0
2021-03-02,89.37000274658203,89.87999725341797,88.27999877929688,89.04000091552734,203100.0
2021-03-03,89.52999877929688,93.0,89.52999877929688,90.56999969482422,274700.0
2021-03-04,90.68000030517578,91.54000091552734,87.38999938964844,87.91000366210938,322500.0
2021-03-05,89.61000061035156,91.7699966430664,87.73999786376953,91.66999816894531,359400.0
2021-03-08,92.69000244140625,94.7699966430664,92.38999938964844,94.0999984741211,256200.0
2021-03-09,92.83999633789062,93.8499984741211,90.91000366210938,91.20999908447266,288900.0
2021-03-10,91.30999755859375,94.0999984741211,91.30999755859375,93.6500015258789,279500.0
2021-03-11,93.05999755859375,94.16999816894531,92.44000244140625,94.08999633789062,243100.0
2021-03-12,95.58000183105469,96.2300033569336,93.8499984741211,94.9800033569336,221500.0
2021-03-15,95.0,95.44999694824219,93.2699966430664,95.2699966430664,371000.0
2021-03-16,94.69999694824219,94.69999694824219,92.12000274658203,93.05999755859375,298700.0
2021-03-17,93.88999938964844,94.7699966430664,92.6500015258789,94.44999694824219,270000.0
2021-03-18,95.68000030517578,99.0999984741211,95.18000030517578,95.73999786376953,305800.0
2021-03-19,94.45999908447266,96.16000366210938,93.22000122070312,96.16000366210938,1573200.0
2021-03-22,95.38999938964844,95.38999938964844,91.19000244140625,91.95999908447266,272000.0
2021-03-23,91.02999877929688,91.18000030517578,88.55000305175781,88.76000213623047,307600.0
2021-03-24,89.55999755859375,91.66000366210938,89.16999816894531,89.25,193000.0
2021-03-25,89.12000274658203,91.7300033569336,88.05000305175781,91.26000213623047,205500.0
2021-03-26,92.73999786376953,93.3499984741211,91.70999908447266,93.13999938964844,179300.0
2021-03-29,91.68000030517578,92.9000015258789,89.3499984741211,89.52999877929688,274000.0
2021-03-30,89.97000122070312,92.25,89.97000122070312,91.72000122070312,167700.0
2021-03-31,91.37999725341797,92.16999816894531,89.4800033569336,89.48999786376953,204900.0
2021-04-01,89.33000183105469,91.2699966430664,88.81999969482422,91.01000213623047,234100.0
2021-04-05,92.20999908447266,92.55000305175781,90.0,90.6500015258789,146600.0
2021-04-06,90.16000366210938,91.27999877929688,89.73999786376953,90.55999755859375,155000.0
2021-04-07,91.08999633789062,91.36000061035156,89.5199966430664,89.94000244140625,136500.0
2021-04-08,89.61000061035156,89.97000122070312,88.1500015258789,89.79000091552734,137000.0
2021-04-09,90.45999908447266,91.1500015258789,89.73999786376953,90.75,176200.0
2021-04-12,91.20999908447266,91.9000015258789,90.58999633789062,91.6500015258789,120600.0
2021-04-13,90.94999694824219,90.94999694824219,89.1500015258789,89.52999877929688,151100.0
2021-04-14,89.5,91.37999725341797,89.5,90.7300033569336,136800.0
2021-04-15,91.01000213623047,91.01000213623047,88.80999755859375,90.55000305175781,144300.0
2021-04-16,91.41999816894531,92.11000061035156,90.63999938964844,91.72000122070312,151100.0
2021-04-19,91.91999816894531,92.31999969482422,90.48999786376953,91.16000366210938,164000.0
2021-04-20,91.12999725341797,91.12999725341797,88.44000244140625,88.45999908447266,165300.0
2021-04-21,87.69999694824219,90.30999755859375,87.5199966430664,89.75,235500.0
2021-04-22,89.6500015258789,90.44000244140625,88.33000183105469,88.37999725341797,168300.0
2021-04-23,88.54000091552734,91.87000274658203,88.54000091552734,90.93000030517578,208100.0
2021-04-26,92.38999938964844,92.80000305175781,89.31999969482422,89.83000183105469,266000.0
2021-04-27,90.56999969482422,91.94000244140625,90.2300033569336,91.81999969482422,160400.0
2021-04-28,92.05000305175781,92.06999969482422,90.69000244140625,90.9000015258789,252600.0
2021-04-29,91.36000061035156,92.97000122070312,90.9000015258789,92.86000061035156,304900.0
2021-04-30,91.77999877929688,92.77999877929688,90.6500015258789,90.88999938964844,335900.0
2021-05-03,92.08000183105469,92.33999633789062,90.83999633789062,92.0199966430664,257700.0
2021-05-04,91.62999725341797,93.36000061035156,90.93000030517578,93.36000061035156,288800.0
2021-05-05,93.33999633789062,94.0199966430664,92.66000366210938,93.3499984741211,180300.0
2021-05-06,94.04000091552734,95.0,93.20999908447266,94.88999938964844,153200.0
2021-05-07,92.5,94.76000213623047,92.38999938964844,94.38999938964844,192100.0
2021-05-10,95.0,95.94999694824219,93.12000274658203,93.19000244140625,129500.0
2021-05-11,92.37999725341797,93.73999786376953,91.87000274658203,91.91999816894531,181100.0
2021-05-12,92.69999694824219,93.2699966430664,88.83999633789062,89.18000030517578,162900.0
2021-05-13,89.05000305175781,93.62000274658203,89.05000305175781,93.19000244140625,231700.0
2021-05-14,93.48999786376953,93.7300033569336,92.54000091552734,93.47000122070312,117900.0
2021-05-17,92.80999755859375,93.5999984741211,92.11000061035156,93.01000213623047,145200.0
2021-05-18,92.45999908447266,93.04000091552734,91.37000274658203,91.51000213623047,230300.0
2021-05-19,90.1500015258789,91.37000274658203,89.08999633789062,91.30999755859375,180200.0
2021-05-20,91.22000122070312,91.25,90.0,90.8499984741211,115200.0
2021-05-21,91.5999984741211,92.41999816894531,91.20999908447266,91.91999816894531,120100.0
2021-05-24,92.63999938964844,92.63999938964844,89.94000244140625,90.22000122070312,315100.0
2021-05-25,90.19999694824219,90.41999816894531,88.4800033569336,88.68000030517578,398000.0
2021-05-26,88.69000244140625,89.69999694824219,88.33000183105469,89.29000091552734,1068500.0
2021-05-27,89.77999877929688,90.0199966430664,88.8499984741211,89.0,196300.0
2021-05-28,88.77999877929688,89.86000061035156,87.8499984741211,89.73999786376953,219800.0
2021-06-01,90.19000244140625,90.83999633789062,89.5199966430664,89.75,184100.0
2021-06-02,90.12999725341797,90.12999725341797,88.33999633789062,88.45999908447266,171500.0
2021-06-03,88.41999816894531,89.27999877929688,87.98999786376953,88.80999755859375,201900.0
2021-06-04,88.30000305175781,88.81999969482422,87.55000305175781,88.52999877929688,147500.0
2021-06-07,88.70999908447266,88.9800033569336,88.16000366210938,88.80000305175781,203800.0
2021-06-08,88.08999633789062,89.56999969482422,87.41000366210938,89.30999755859375,229100.0
2021-06-09,88.5,89.33999633789062,87.91999816894531,88.8499984741211,287700.0
2021-06-10,90.0,90.0,88.16999816894531,88.22000122070312,218900.0
2021-06-11,88.51000213623047,89.44999694824219,87.91999816894531,88.9000015258789,194600.0
2021-06-14,89.25,89.52999877929688,86.41999816894531,86.69999694824219,339800.0
2021-06-15,86.83000183105469,88.98999786376953,86.75,88.08000183105469,180000.0
2021-06-16,87.5999984741211,89.33000183105469,86.76000213623047,88.83000183105469,193300.0
2021-06-17,89.38999938964844,89.38999938964844,84.2699966430664,84.38999938964844,266800.0
2021-06-18,83.5,83.75,81.2300033569336,81.31999969482422,529600.0
2021-06-21,82.08999633789062,85.0,82.08999633789062,84.86000061035156,249100.0
2021-06-22,84.5999984741211,84.6500015258789,82.94999694824219,84.26000213623047,200500.0
2021-06-23,84.62000274658203,84.9800033569336,84.26000213623047,84.3499984741211,133400.0
2021-06-24,84.69999694824219,86.04000091552734,84.0,85.93000030517578,246800.0
2021-06-25,86.23999786376953,87.93000030517578,85.9800033569336,87.43000030517578,419300.0
2021-06-28,86.83999633789062,87.0,84.02999877929688,84.43000030517578,184100.0
2021-06-29,85.2699966430664,85.75,83.55000305175781,83.9000015258789,163100.0
2021-06-30,83.61000061035156,84.63999938964844,83.58000183105469,84.22000122070312,252500.0
2021-07-01,84.79000091552734,85.26000213623047,83.93000030517578,84.9000015258789,201300.0
2021-07-02,84.45999908447266,84.58999633789062,83.5,83.94000244140625,150700.0
2021-07-06,83.5,83.52999877929688,82.05000305175781,82.31999969482422,264900.0
2021-07-07,81.61000061035156,82.80999755859375,81.51000213623047,82.08999633789062,186000.0
2021-07-08,80.88999938964844,81.94999694824219,80.11000061035156,81.37999725341797,271900.0
2021-07-09,82.69000244140625,85.56999969482422,82.6500015258789,85.37000274658203,434500.0
2021-07-12,84.06999969482422,85.73999786376953,83.38999938964844,85.4800033569336,266200.0
2021-07-13,85.0,85.13999938964844,83.97000122070312,84.8499984741211,198500.0
2021-07-14,85.12000274658203,85.66000366210938,84.12000274658203,85.44000244140625,209000.0
2021-07-15,84.69000244140625,86.6500015258789,84.44999694824219,86.37999725341797,224500.0
2021-07-16,87.0999984741211,87.0999984741211,84.37999725341797,84.5199966430664,253600.0
2021-07-19,82.76000213623047,83.51000213623047,80.5,80.98999786376953,352300.0
2021-07-20,81.06999969482422,84.12000274658203,81.05999755859375,82.44000244140625,400500.0
2021-07-21,83.3499984741211,84.41999816894531,82.70999908447266,83.2699966430664,178900.0
2021-07-22,82.86000061035156,82.86000061035156,80.70999908447266,80.93000030517578,199000.0
2021-07-23,81.77999877929688,82.18000030517578,80.72000122070312,82.12999725341797,208500.0
2021-07-26,83.05999755859375,84.11000061035156,82.37000274658203,83.23999786376953,314100.0
2021-07-27,82.66000366210938,84.6500015258789,82.31999969482422,83.8499984741211,245300.0
2021-07-28,83.98999786376953,85.19999694824219,83.06999969482422,84.2699966430664,195000.0
2021-07-29,85.37000274658203,85.79000091552734,84.04000091552734,84.9000015258789,156700.0
2021-07-30,84.0999984741211,85.5999984741211,83.47000122070312,83.70999908447266,224700.0
2021-08-02,84.23999786376953,86.02999877929688,82.9000015258789,82.93000030517578,214600.0
2021-08-03,82.93000030517578,83.9000015258789,81.77999877929688,83.83999633789062,230400.0
2021-08-04,82.76000213623047,84.0,82.58999633789062,82.63999938964844,146800.0
2021-08-05,83.44000244140625,83.91999816894531,82.98999786376953,83.47000122070312,174100.0
2021-08-06,84.75,86.05000305175781,84.37000274658203,85.55000305175781,162400.0
2021-08-09,84.94000244140625,85.94000244140625,84.54000091552734,84.75,158500.0
2021-08-10,84.5,85.91000366210938,84.1500015258789,85.38999938964844,102300.0
2021-08-11,85.69000244140625,87.04000091552734,84.8499984741211,87.0199966430664,156000.0
2021-08-12,86.76000213623047,87.12000274658203,85.7699966430664,86.5999984741211,122800.0
2021-08-13,86.30000305175781,86.30000305175781,85.2699966430664,85.83999633789062,128900.0
2021-08-16,85.16000366210938,85.70999908447266,84.36000061035156,85.2699966430664,130400.0
2021-08-17,84.56999969482422,85.3499984741211,83.79000091552734,84.95999908447266,161200.0
2021-08-18,84.54000091552734,84.9800033569336,83.4000015258789,83.4000015258789,133500.0
2021-08-19,82.58000183105469,83.76000213623047,82.41000366210938,83.16999816894531,134900.0
2021-08-20,83.18000030517578,85.0,83.18000030517578,84.98999786376953,92900.0
2021-08-23,85.44000244140625,85.9800033569336,84.68000030517578,84.94999694824219,237700.0
2021-08-24,85.08000183105469,85.4000015258789,84.58999633789062,85.05999755859375,164200.0
2021-08-25,85.01000213623047,86.16000366210938,84.70999908447266,84.94999694824219,153400.0
2021-08-26,85.16000366210938,85.16000366210938,83.44999694824219,83.51000213623047,136200.0
2021-08-27,84.04000091552734,85.45999908447266,84.04000091552734,85.41000366210938,288800.0
2021-08-30,84.79000091552734,84.79000091552734,83.16000366210938,83.18000030517578,199700.0
2021-08-31,83.51000213623047,84.2300033569336,82.80000305175781,83.80999755859375,177000.0
2021-09-01,83.80999755859375,83.80999755859375,82.12000274658203,82.55999755859375,139400.0
2021-09-02,82.43000030517578,82.9800033569336,82.0,82.38999938964844,147800.0
2021-09-03,82.26000213623047,82.69000244140625,81.5199966430664,81.73999786376953,101500.0
2021-09-07,81.69999694824219,82.63999938964844,80.69000244140625,80.81999969482422,177000.0
2021-09-08,80.5,81.06999969482422,79.80000305175781,80.33000183105469,123700.0
2021-09-09,79.94999694824219,81.08999633789062,79.94000244140625,80.12999725341797,135500.0
2021-09-10,80.3499984741211,80.66999816894531,78.4000015258789,78.44000244140625,172000.0
2021-09-13,79.12000274658203,79.29000091552734,77.98999786376953,78.62999725341797,198400.0
2021-09-14,78.81999969482422,78.81999969482422,76.66000366210938,77.1500015258789,257700.0
2021-09-15,76.95999908447266,78.45999908447266,76.95999908447266,77.77999877929688,235800.0
2021-09-16,78.29000091552734,78.62999725341797,76.9800033569336,77.30000305175781,175200.0
2021-09-17,77.31999969482422,78.56999969482422,77.31999969482422,77.81999969482422,511700.0
2021-09-20,76.0,77.55000305175781,75.68000030517578,77.43000030517578,238600.0
2021-09-21,77.91000366210938,78.4800033569336,77.12999725341797,77.83999633789062,146600.0
2021-09-22,78.55000305175781,79.72000122070312,78.44000244140625,79.13999938964844,118500.0
2021-09-23,79.7300033569336,81.88999938964844,79.7300033569336,81.25,185100.0
2021-09-24,81.30000305175781,82.4000015258789,81.2699966430664,81.55000305175781,182100.0
2021-09-27,82.47000122070312,84.88999938964844,82.47000122070312,84.19000244140625,223600.0
2021-09-28,84.55000305175781,84.87999725341797,83.5999984741211,83.80999755859375,164200.0
2021-09-29,83.75,84.41000366210938,83.22000122070312,83.70999908447266,185100.0
2021-09-30,84.04000091552734,84.5,82.04000091552734,82.16999816894531,159400.0
2021-10-01,82.19000244140625,83.91000366210938,82.02999877929688,83.25,181800.0
2021-10-04,83.2300033569336,84.1500015258789,82.20999908447266,82.97000122070312,181400.0
2021-10-05,83.75,83.75,82.23999786376953,82.41999816894531,128300.0
2021-10-06,81.83000183105469,81.94000244140625,80.43000030517578,81.93000030517578,133500.0
2021-10-07,82.44000244140625,83.41000366210938,82.44000244140625,83.0,131800.0
2021-10-08,83.18000030517578,83.30999755859375,82.48999786376953,83.0,137000.0
2021-10-11,83.37999725341797,83.41000366210938,81.93000030517578,81.98999786376953,132500.0
2021-10-12,81.66000366210938,81.86000061035156,81.05000305175781,81.76000213623047,132500.0
2021-10-13,81.68000030517578,82.1500015258789,80.63999938964844,81.69000244140625,142000.0
2021-10-14,82.29000091552734,82.86000061035156,81.66999816894531,82.83000183105469,74300.0
2021-10-15,83.56999969482422,83.94000244140625,82.94999694824219,83.20999908447266,135100.0
2021-10-18,83.06999969482422,84.5999984741211,82.91000366210938,83.9000015258789,172500.0
2021-10-19,84.38999938964844,85.2699966430664,83.62000274658203,85.12000274658203,147300.0
2021-10-20,84.77999877929688,86.0,84.77999877929688,85.94999694824219,116400.0
2021-10-21,86.08000183105469,86.18000030517578,84.97000122070312,85.72000122070312,127200.0
2021-10-22,85.70999908447266,86.68000030517578,85.70999908447266,86.45999908447266,155700.0
2021-10-25,87.0199966430664,88.88999938964844,86.5999984741211,87.69999694824219,256800.0
2021-10-26,88.18000030517578,88.95999908447266,86.93000030517578,87.81999969482422,182600.0
2021-10-27,87.19999694824219,87.33000183105469,84.0,84.02999877929688,198000.0
2021-10-28,84.44000244140625,85.20999908447266,84.16000366210938,85.1500015258789,159600.0
2021-10-29,85.25,85.5,84.2699966430664,84.5,103900.0
2021-11-01,85.30000305175781,86.7300033569336,85.01000213623047,86.62999725341797,212500.0
2021-11-02,86.5199966430664,86.62999725341797,84.76000213623047,84.83999633789062,118400.0
2021-11-03,84.58000183105469,87.41000366210938,84.58000183105469,87.08999633789062,164900.0
2021-11-04,86.7300033569336,87.79000091552734,85.0,85.56999969482422,112400.0
2021-11-05,86.22000122070312,87.41000366210938,86.22000122070312,87.36000061035156,102700.0
2021-11-08,87.51000213623047,88.05000305175781,86.69000244140625,87.23999786376953,75800.0
2021-11-09,86.5,87.43000030517578,86.26000213623047,87.05000305175781,74200.0
2021-11-10,87.30999755859375,87.86000061035156,87.05999755859375,87.56999969482422,117100.0
2021-11-11,87.7699966430664,88.08999633789062,86.81999969482422,87.6500015258789,91400.0
2021-11-12,87.5999984741211,88.05999755859375,86.52999877929688,87.44999694824219,65400.0
2021-11-15,88.04000091552734,88.55000305175781,87.51000213623047,88.41000366210938,99500.0
2021-11-16,88.0199966430664,88.81999969482422,87.37000274658203,87.70999908447266,105900.0
2021-11-17,87.20999908447266,87.41999816894531,85.69999694824219,86.30000305175781,88100.0
2021-11-18,86.08000183105469,86.76000213623047,85.5999984741211,86.4000015258789,118900.0
2021-11-19,85.33999633789062,85.33999633789062,84.12000274658203,85.04000091552734,114400.0
2021-11-22,85.83000183105469,87.33000183105469,85.45999908447266,86.19000244140625,91700.0
2021-11-23,86.51000213623047,87.47000122070312,86.1500015258789,87.41000366210938,99400.0
2021-11-24,87.05999755859375,87.77999877929688,86.08999633789062,86.7699966430664,73000.0
2021-11-26,84.16999816894531,84.16999816894531,81.47000122070312,82.41000366210938,165200.0
2021-11-29,82.95999908447266,82.95999908447266,81.19999694824219,81.2699966430664,128000.0
2021-11-30,79.98999786376953,80.5199966430664,79.12999725341797,79.77999877929688,191400.0
2021-12-01,80.8499984741211,83.12000274658203,79.97000122070312,80.05999755859375,244700.0
2021-12-02,80.72000122070312,83.41000366210938,80.6500015258789,83.12999725341797,173500.0
2021-12-03,83.12999725341797,83.4800033569336,80.44999694824219,80.80999755859375,124700.0
2021-12-06,82.3499984741211,84.87000274658203,81.77999877929688,84.06999969482422,202400.0
2021-12-07,84.69999694824219,85.0999984741211,82.51000213623047,83.05999755859375,137000.0
2021-12-08,83.16000366210938,83.5199966430664,82.20999908447266,82.80000305175781,122500.0
2021-12-09,82.12000274658203,82.94999694824219,81.58000183105469,82.20999908447266,92000.0
2021-12-10,82.75,83.02999877929688,81.66000366210938,82.94000244140625,93300.0
2021-12-13,82.2300033569336,82.29000091552734,80.8499984741211,81.37000274658203,135000.0
2021-12-14,81.55000305175781,83.55000305175781,81.48999786376953,81.97000122070312,182100.0
2021-12-15,82.05000305175781,83.19000244140625,81.26000213623047,82.79000091552734,227600.0
2021-12-16,83.44999694824219,84.16999816894531,82.18000030517578,82.4000015258789,163800.0
2021-12-17,82.61000061035156,82.61000061035156,80.16999816894531,80.79000091552734,892000.0
2021-12-20,80.0,80.30000305175781,78.7300033569336,80.1500015258789,209400.0
2021-12-21,80.93000030517578,82.43000030517578,80.93000030517578,82.16999816894531,172800.0
2021-12-22,82.2699966430664,83.06999969482422,81.94999694824219,82.66999816894531,98100.0
2021-12-23,83.41000366210938,83.75,82.72000122070312,83.3499984741211,92900.0
2021-12-27,83.2699966430664,84.29000091552734,82.44999694824219,84.11000061035156,130700.0
2021-12-28,83.66999816894531,85.37000274658203,83.66999816894531,84.18000030517578,154000.0
2021-12-29,84.31999969482422,84.87000274658203,84.04000091552734,84.33000183105469,85600.0
2021-12-30,84.61000061035156,85.04000091552734,83.83000183105469,83.87999725341797,85500.0
2021-12-31,83.66999816894531,84.30999755859375,83.27999877929688,83.76000213623047,87400.0
2022-01-03,84.6500015258789,86.0,84.5999984741211,85.51000213623047,141700.0
2022-01-04,86.37999725341797,87.8499984741211,86.37999725341797,86.79000091552734,174900.0
2022-01-05,87.04000091552734,88.31999969482422,86.70999908447266,86.86000061035156,201700.0
2022-01-06,87.91999816894531,89.20999908447266,87.45999908447266,89.06999969482422,160300.0
2022-01-07,88.91999816894531,90.7699966430664,88.36000061035156,90.75,251500.0
2022-01-10,91.0,91.05000305175781,90.26000213623047,90.94999694824219,246300.0
2022-01-11,91.20999908447266,91.69999694824219,89.83000183105469,90.7699966430664,147500.0
2022-01-12,90.5199966430664,91.43000030517578,90.19999694824219,90.83999633789062,148100.0
2022-01-13,91.18000030517578,92.3499984741211,90.88999938964844,91.55000305175781,118600.0
2022-01-14,90.41000366210938,91.91999816894531,90.0,91.87999725341797,126100.0
2022-01-18,92.19999694824219,92.37999725341797,91.02999877929688,91.6500015258789,135400.0
2022-01-19,91.58999633789062,91.73999786376953,89.41000366210938,89.47000122070312,122600.0
2022-01-20,89.25,90.47000122070312,88.29000091552734,88.30999755859375,246500.0
2022-01-21,88.1500015258789,89.44000244140625,86.87000274658203,87.5199966430664,238100.0
2022-01-24,86.5,88.58999633789062,85.69000244140625,88.5,268900.0
2022-01-25,87.86000061035156,89.30000305175781,86.1500015258789,88.16999816894531,179100.0
2022-01-26,88.66000366210938,88.9800033569336,85.69000244140625,86.62999725341797,268700.0
2022-01-27,87.63999938964844,89.19999694824219,84.54000091552734,85.63999938964844,255400.0
2022-01-28,85.7699966430664,86.16999816894531,83.72000122070312,85.68000030517578,181000.0
2022-01-31,85.0,86.08000183105469,83.93000030517578,86.06999969482422,251100.0
2022-02-01,86.05999755859375,86.73999786376953,85.20999908447266,86.63999938964844,183700.0
2022-02-02,86.25,86.25,85.0,85.43000030517578,180200.0
2022-02-03,85.97000122070312,86.51000213623047,85.02999877929688,85.61000061035156,163300.0
2022-02-04,86.2699966430664,87.16999816894531,85.43000030517578,86.45999908447266,131900.0
2022-02-07,86.91000366210938,86.91000366210938,85.94000244140625,86.29000091552734,172800.0
2022-02-08,87.25,88.9000015258789,87.25,88.37000274658203,168700.0
2022-02-09,88.44999694824219,88.52999877929688,87.30999755859375,87.47000122070312,119900.0
2022-02-10,87.51000213623047,88.55999755859375,87.36000061035156,87.69000244140625,176300.0
2022-02-11,87.30999755859375,88.81999969482422,86.81999969482422,87.55000305175781,165100.0
2022-02-14,88.27999877929688,88.4800033569336,86.72000122070312,87.44999694824219,145200.0
2022-02-15,88.05999755859375,88.98999786376953,88.0,88.62999725341797,146200.0
2022-02-16,88.0,89.23999786376953,87.91999816894531,88.19000244140625,134600.0
2022-02-17,87.61000061035156,87.81999969482422,86.2300033569336,86.43000030517578,125200.0
2022-02-18,86.12999725341797,87.94999694824219,86.12999725341797,87.27999877929688,118900.0
2022-02-22,87.4000015258789,87.97000122070312,86.66000366210938,87.12999725341797,114300.0
2022-02-23,87.97000122070312,88.27999877929688,85.66999816894531,86.04000091552734,123500.0
2022-02-24,83.93000030517578,84.27999877929688,81.62999725341797,84.11000061035156,241600.0
2022-02-25,84.29000091552734,86.83000183105469,84.0199966430664,86.68000030517578,169000.0
2022-02-28,84.37000274658203,86.25,84.37000274658203,86.18000030517578,203400.0
2022-03-01,85.29000091552734,86.01000213623047,81.69000244140625,82.86000061035156,226900.0
2022-03-02,83.58000183105469,86.37999725341797,83.58000183105469,85.68000030517578,148900.0
2022-03-03,85.44999694824219,86.3499984741211,84.58000183105469,85.25,169300.0
2022-03-04,83.66999816894531,83.66999816894531,81.37000274658203,82.13999938964844,142800.0
2022-03-07,81.5,82.23999786376953,80.19000244140625,80.25,149400.0
2022-03-08,81.27999877929688,82.20999908447266,79.5999984741211,79.8499984741211,248100.0
2022-03-09,81.87000274658203,82.30999755859375,81.31999969482422,81.86000061035156,174000.0
2022-03-10,81.13999938964844,82.54000091552734,81.13999938964844,82.26000213623047,114800.0
2022-03-11,83.19999694824219,84.75,83.19999694824219,83.86000061035156,328200.0
2022-03-14,85.22000122070312,86.5999984741211,83.06999969482422,83.55999755859375,159700.0
2022-03-15,83.98999786376953,85.12000274658203,82.9800033569336,83.7300033569336,115400.0
2022-03-16,84.58999633789062,86.06999969482422,84.58999633789062,86.04000091552734,128500.0
2022-03-17,85.23999786376953,85.8499984741211,84.2300033569336,85.2699966430664,205100.0
2022-03-18,85.29000091552734,85.56999969482422,83.45999908447266,85.20999908447266,370500.0
2022-03-21,85.66999816894531,86.41000366210938,84.73999786376953,85.48999786376953,144900.0
2022-03-22,86.27999877929688,86.83000183105469,85.19999694824219,85.7300033569336,169900.0
2022-03-23,85.33999633789062,85.47000122070312,83.68000030517578,83.77999877929688,164700.0
2022-03-24,84.0999984741211,84.45999908447266,83.44000244140625,84.0,97000.0
2022-03-25,84.30999755859375,86.41999816894531,84.12000274658203,86.31999969482422,158300.0
2022-03-28,85.87999725341797,86.5999984741211,84.7699966430664,85.73999786376953,135700.0
2022-03-29,86.72000122070312,87.2699966430664,85.73999786376953,86.9800033569336,149100.0
2022-03-30,86.80000305175781,86.83999633789062,83.87000274658203,84.54000091552734,139600.0
2022-03-31,84.29000091552734,85.18000030517578,83.88999938964844,83.91999816894531,151200.0
2022-04-01,84.33999633789062,84.93000030517578,82.5,82.87999725341797,212100.0
2022-04-04,82.4800033569336,82.75,80.91999816894531,82.37000274658203,186000.0
2022-04-05,82.52999877929688,83.13999938964844,81.30000305175781,81.55999755859375,156800.0
2022-04-06,81.16000366210938,81.69000244140625,80.55999755859375,80.68000030517578,181300.0
2022-04-07,80.69000244140625,81.19999694824219,78.95999908447266,79.38999938964844,211200.0
2022-04-08,79.68000030517578,79.87000274658203,78.47000122070312,79.0999984741211,251400.0
2022-04-11,79.30999755859375,80.61000061035156,78.52999877929688,78.58999633789062,153500.0
2022-04-12,78.63999938964844,79.44999694824219,77.43000030517578,77.83999633789062,209700.0
2022-04-13,77.26000213623047,79.3499984741211,77.26000213623047,79.30000305175781,208500.0
2022-04-14,79.20999908447266,79.9800033569336,78.44999694824219,78.68000030517578,167600.0
2022-04-18,78.91000366210938,79.2699966430664,77.79000091552734,78.27999877929688,156900.0
2022-04-19,78.26000213623047,80.91000366210938,78.26000213623047,80.79000091552734,146300.0
2022-04-20,81.44999694824219,82.3499984741211,81.22000122070312,81.37999725341797,121700.0
2022-04-21,81.83999633789062,82.4000015258789,80.36000061035156,80.68000030517578,181000.0
2022-04-22,80.30999755859375,80.97000122070312,77.66000366210938,77.69000244140625,213000.0
2022-04-25,78.30999755859375,78.33999633789062,76.80000305175781,78.19999694824219,367200.0
2022-04-26,77.52999877929688,78.91000366210938,76.41000366210938,76.44999694824219,352400.0
2022-04-27,76.66999816894531,77.75,75.79000091552734,75.98999786376953,410700.0
2022-04-28,76.47000122070312,77.08999633789062,76.0999984741211,76.66000366210938,240300.0
2022-04-29,76.5199966430664,77.08999633789062,74.06999969482422,74.33999633789062,257100.0
2022-05-02,74.79000091552734,75.55999755859375,73.87999725341797,74.81999969482422,244800.0
2022-05-03,74.8499984741211,75.66000366210938,74.26000213623047,75.43000030517578,222400.0
2022-05-04,75.41999816894531,77.80000305175781,75.19000244140625,77.69000244140625,229500.0
2022-05-05,77.08999633789062,77.08999633789062,75.06999969482422,75.7300033569336,225200.0
2022-05-06,75.43000030517578,75.69999694824219,73.91000366210938,74.81999969482422,226500.0
2022-05-09,74.05000305175781,75.54000091552734,73.91000366210938,75.12999725341797,233000.0
2022-05-10,75.55000305175781,75.69000244140625,73.62000274658203,74.55999755859375,232100.0
2022-05-11,74.76000213623047,76.12000274658203,73.98999786376953,74.05999755859375,225500.0
2022-05-12,74.01000213623047,74.87999725341797,73.0,74.87999725341797,425400.0
2022-05-13,75.08999633789062,75.69000244140625,74.66999816894531,74.91000366210938,200700.0
2022-05-16,74.75,75.79000091552734,73.75,75.20999908447266,244800.0
2022-05-17,76.29000091552734,77.58000183105469,76.13999938964844,77.58000183105469,226600.0
2022-05-18,76.95999908447266,77.37000274658203,75.93000030517578,76.33000183105469,214300.0
2022-05-19,75.55000305175781,76.19999694824219,74.93000030517578,75.12000274658203,269700.0
2022-05-20,75.48999786376953,76.25,74.05000305175781,75.2699966430664,681900.0
2022-05-23,76.68000030517578,78.08000183105469,76.12999725341797,76.91000366210938,191400.0
2022-05-24,77.06999969482422,77.61000061035156,75.20999908447266,77.55999755859375,288300.0
2022-05-25,77.5,78.81999969482422,76.79000091552734,77.63999938964844,222700.0
2022-05-26,78.4000015258789,79.12000274658203,78.30000305175781,78.5199966430664,178600.0
2022-05-27,77.76000213623047,79.37999725341797,77.76000213623047,79.37999725341797,131400.0
2022-05-31,78.58000183105469,79.75,78.01000213623047,79.4800033569336,276100.0
2022-06-01,79.41999816894531,79.41999816894531,77.0199966430664,78.19000244140625,183500.0
2022-06-02,78.12999725341797,79.7699966430664,77.51000213623047,79.7699966430664,171100.0
2022-06-03,79.38999938964844,79.54000091552734,78.93000030517578,79.22000122070312,135500.0
2022-06-06,79.79000091552734,79.98999786376953,78.73999786376953,79.20999908447266,128600.0
2022-06-07,78.66999816894531,79.55999755859375,78.37999725341797,79.52999877929688,149300.0
2022-06-08,78.56999969482422,78.93000030517578,77.70999908447266,78.26000213623047,98300.0
2022-06-09,77.88999938964844,78.19999694824219,76.2699966430664,76.30000305175781,120600.0
2022-06-10,75.04000091552734,75.87999725341797,74.62000274658203,75.1500015258789,213900.0
2022-06-13,73.51000213623047,74.95999908447266,73.4000015258789,73.79000091552734,401300.0
2022-06-14,74.0,74.87000274658203,72.87000274658203,73.37000274658203,293200.0
2022-06-15,73.8499984741211,74.73999786376953,73.12000274658203,73.4000015258789,216100.0
2022-06-16,72.5,72.5,70.97000122070312,71.41000366210938,261400.0
2022-06-17,72.16999816894531,72.66000366210938,71.33000183105469,71.58999633789062,409300.0
2022-06-21,72.47000122070312,74.44000244140625,71.76000213623047,74.05999755859375,325100.0
2022-06-22,73.05999755859375,74.41000366210938,73.05999755859375,74.19999694824219,220600.0
2022-06-23,73.8499984741211,74.20999908447266,72.73999786376953,73.86000061035156,215200.0
2022-06-24,74.13999938964844,77.98999786376953,74.13999938964844,77.94999694824219,607300.0
2022-06-27,77.66000366210938,77.9000015258789,76.4800033569336,76.69000244140625,319200.0
2022-06-28,77.37000274658203,77.83000183105469,76.06999969482422,76.1500015258789,178900.0
2022-06-29,76.5999984741211,76.5999984741211,74.33000183105469,74.55000305175781,249600.0
2022-06-30,73.13999938964844,75.25,72.54000091552734,74.4000015258789,135300.0
2022-07-01,74.51000213623047,75.86000061035156,74.08999633789062,75.86000061035156,146500.0
2022-07-05,74.5999984741211,75.44999694824219,73.19000244140625,75.41000366210938,129200.0
2022-07-06,75.04000091552734,75.80000305175781,74.54000091552734,75.47000122070312,192100.0
2022-07-07,76.12000274658203,76.62999725341797,75.95999908447266,76.2699966430664,147600.0
2022-07-08,76.37000274658203,76.5,75.47000122070312,75.88999938964844,71000.0
2022-07-11,75.3499984741211,75.58000183105469,74.55999755859375,74.93000030517578,148600.0
2022-07-12,74.18000030517578,75.61000061035156,74.06999969482422,74.48999786376953,151800.0
2022-07-13,73.47000122070312,73.69999694824219,72.52999877929688,72.79000091552734,117000.0
2022-07-14,71.41999816894531,71.87000274658203,70.88999938964844,71.69999694824219,137200.0
2022-07-15,72.88999938964844,74.04000091552734,72.33000183105469,73.69999694824219,132700.0
2022-07-18,74.37999725341797,75.33999633789062,74.0,74.1500015258789,124800.0
2022-07-19,74.8499984741211,76.3499984741211,74.45999908447266,76.06999969482422,140400.0
2022-07-20,75.38999938964844,77.01000213623047,75.38999938964844,76.73999786376953,166700.0
2022-07-21,76.16999816894531,76.95999908447266,75.88999938964844,76.91999816894531,150300.0
2022-07-22,76.91999816894531,77.43000030517578,76.29000091552734,76.94999694824219,202400.0
2022-07-25,78.0999984741211,78.93000030517578,77.33000183105469,78.3499984741211,177700.0
2022-07-26,78.45999908447266,79.20999908447266,77.9800033569336,78.5999984741211,163400.0
2022-07-27,78.80000305175781,79.87999725341797,78.41999816894531,79.25,140900.0
2022-07-28,79.51000213623047,79.79000091552734,78.68000030517578,79.4000015258789,131900.0
2022-07-29,78.72000122070312,81.06999969482422,78.72000122070312,80.11000061035156,233800.0
2022-08-01,79.5199966430664,81.11000061035156,79.11000061035156,80.62999725341797,144300.0
2022-08-02,80.05999755859375,80.13999938964844,79.0999984741211,79.1500015258789,117900.0
2022-08-03,79.3499984741211,80.18000030517578,78.9000015258789,79.66000366210938,95600.0
2022-08-04,79.45999908447266,79.76000213623047,79.0,79.19000244140625,74700.0
2022-08-05,79.19000244140625,80.58999633789062,79.19000244140625,80.5199966430664,95600.0
2022-08-08,80.88999938964844,81.45999908447266,80.13999938964844,80.29000091552734,204600.0
2022-08-09,80.80000305175781,81.25,80.0999984741211,81.22000122070312,130400.0
2022-08-10,82.01000213623047,82.5,81.30999755859375,81.54000091552734,163800.0
2022-08-11,82.29000091552734,82.66000366210938,81.81999969482422,82.41999816894531,113100.0
2022-08-12,82.43000030517578,83.97000122070312,82.37999725341797,83.87000274658203,81700.0
2022-08-15,83.16999816894531,84.38999938964844,83.16999816894531,84.22000122070312,85500.0
2022-08-16,83.66000366210938,85.44999694824219,83.66000366210938,85.06999969482422,77900.0
2022-08-17,84.56999969482422,84.81999969482422,83.8499984741211,84.44999694824219,112800.0
2022-08-18,84.0199966430664,84.52999877929688,83.68000030517578,84.37000274658203,83800.0
2022-08-19,84.16999816894531,84.16999816894531,83.25,83.81999969482422,181800.0
2022-08-22,82.83000183105469,82.9000015258789,81.61000061035156,81.69000244140625,135600.0
2022-08-23,81.26000213623047,81.69999694824219,80.66000366210938,80.87999725341797,120500.0
2022-08-24,80.4000015258789,80.86000061035156,80.01000213623047,80.2699966430664,111900.0
2022-08-25,80.2699966430664,81.4000015258789,80.2699966430664,81.12000274658203,139700.0
2022-08-26,81.2300033569336,81.4800033569336,79.30000305175781,79.48999786376953,122500.0
2022-08-29,79.0,79.18000030517578,78.27999877929688,78.58999633789062,97700.0
2022-08-30,78.18000030517578,78.2699966430664,77.37999725341797,77.97000122070312,158600.0
2022-08-31,77.97000122070312,78.37999725341797,77.62000274658203,78.0199966430664,181200.0
2022-09-01,77.76000213623047,77.91999816894531,77.18000030517578,77.88999938964844,127700.0
2022-09-02,78.66000366210938,79.2699966430664,77.08000183105469,77.33000183105469,153000.0
2022-09-06,77.94999694824219,78.01000213623047,75.81999969482422,76.37000274658203,136300.0
2022-09-07,76.54000091552734,77.98999786376953,76.38999938964844,77.66999816894531,120700.0
2022-09-08,77.04000091552734,78.8499984741211,77.01000213623047,78.83000183105469,106600.0
2022-09-09,79.08000183105469,80.08999633789062,78.98999786376953,79.44999694824219,104200.0
2022-09-12,79.44999694824219,80.66000366210938,79.44000244140625,79.98999786376953,168400.0
2022-09-13,78.8499984741211,79.08000183105469,77.83999633789062,78.2699966430664,173900.0
2022-09-14,78.69000244140625,78.9800033569336,77.80000305175781,78.91000366210938,212700.0
2022-09-15,78.79000091552734,80.13999938964844,78.79000091552734,79.5,180000.0
2022-09-16,78.8499984741211,79.56999969482422,77.97000122070312,79.37000274658203,596100.0
2022-09-19,78.68000030517578,80.76000213623047,78.68000030517578,80.5,143200.0
2022-09-20,80.2699966430664,81.33000183105469,80.26000213623047,80.98999786376953,144900.0
2022-09-21,81.19999694824219,81.41000366210938,79.36000061035156,79.4000015258789,184000.0
2022-09-22,79.4800033569336,79.4800033569336,78.0,78.16000366210938,138800.0
2022-09-23,77.36000061035156,77.72000122070312,76.4000015258789,77.70999908447266,177200.0
2022-09-26,76.95999908447266,77.94000244140625,76.9000015258789,77.01000213623047,150100.0
2022-09-27,77.3499984741211,77.81999969482422,74.66000366210938,75.2699966430664,218200.0
2022-09-28,75.11000061035156,76.69000244140625,74.77999877929688,75.97000122070312,225400.0
2022-09-29,75.80000305175781,76.12999725341797,74.5,75.87999725341797,333900.0
2022-09-30,75.5999984741211,76.98999786376953,75.55000305175781,76.12000274658203,354300.0
2022-10-03,76.80999755859375,77.83999633789062,76.04000091552734,77.58000183105469,227800.0
2022-10-04,78.36000061035156,80.77999877929688,78.36000061035156,80.7300033569336,258900.0
2022-10-05,79.8499984741211,80.4800033569336,79.48999786376953,80.37999725341797,137400.0
2022-10-06,79.91000366210938,80.70999908447266,79.66000366210938,80.02999877929688,97300.0
2022-10-07,79.87999725341797,79.87999725341797,76.66999816894531,76.68000030517578,275100.0
2022-10-10,77.18000030517578,77.75,76.1500015258789,76.5199966430664,139900.0
2022-10-11,75.91000366210938,76.87999725341797,75.05999755859375,75.6500015258789,260100.0
2022-10-12,75.72000122070312,76.5,74.58999633789062,75.3499984741211,152000.0
2022-10-13,74.88999938964844,77.94999694824219,74.16000366210938,77.77999877929688,264300.0
2022-10-14,78.01000213623047,78.77999877929688,76.70999908447266,77.08999633789062,119500.0
2022-10-17,78.16000366210938,79.5199966430664,78.16000366210938,79.0999984741211,122500.0
2022-10-18,80.0199966430664,80.61000061035156,78.81999969482422,79.37999725341797,141300.0
2022-10-19,79.05999755859375,79.36000061035156,77.12999725341797,78.05999755859375,132100.0
2022-10-20,78.04000091552734,78.58000183105469,75.44999694824219,75.9800033569336,189500.0
2022-10-21,75.61000061035156,76.69000244140625,74.81999969482422,75.69999694824219,304600.0
2022-10-24,74.19999694824219,74.98999786376953,70.1500015258789,70.98999786376953,658300.0
2022-10-25,70.55000305175781,73.22000122070312,70.55000305175781,71.5999984741211,358500.0
2022-10-26,71.97000122070312,74.13999938964844,71.16000366210938,73.62999725341797,412000.0
2022-10-27,74.22000122070312,75.0,73.55000305175781,73.80000305175781,194100.0
2022-10-28,74.36000061035156,75.66999816894531,73.6500015258789,75.45999908447266,154100.0
2022-10-31,75.08999633789062,76.11000061035156,75.0199966430664,75.94999694824219,182500.0
2022-11-01,76.12000274658203,76.1500015258789,75.11000061035156,75.80000305175781,147700.0
2022-11-02,75.61000061035156,76.83999633789062,75.19000244140625,75.56999969482422,237200.0
2022-11-03,74.95999908447266,74.95999908447266,73.48999786376953,74.16000366210938,145100.0
2022-11-04,75.02999877929688,76.1500015258789,75.01000213623047,76.12000274658203,137300.0
2022-11-07,76.33999633789062,76.98999786376953,75.30000305175781,75.81999969482422,114700.0
2022-11-08,75.91000366210938,76.93000030517578,75.33999633789062,76.01000213623047,99700.0
2022-11-09,75.80000305175781,76.20999908447266,75.33000183105469,75.54000091552734,103300.0
2022-11-10,77.12000274658203,80.52999877929688,76.94999694824219,80.5199966430664,256600.0
2022-11-11,80.61000061035156,82.22000122070312,80.58999633789062,81.30000305175781,188500.0
2022-11-14,80.8499984741211,82.22000122070312,80.8499984741211,81.36000061035156,225800.0
2022-11-15,81.55999755859375,82.30000305175781,80.36000061035156,80.94000244140625,209200.0
2022-11-16,80.93000030517578,81.01000213623047,79.25,79.31999969482422,170900.0
2022-11-17,78.33999633789062,78.76000213623047,77.91999816894531,78.5999984741211,155700.0
2022-11-18,79.68000030517578,80.29000091552734,78.51000213623047,79.41000366210938,208200.0
2022-11-21,79.27999877929688,80.25,79.27999877929688,79.91999816894531,123600.0
2022-11-22,80.4000015258789,81.2699966430664,80.31999969482422,81.08999633789062,116300.0
2022-11-23,81.23999786376953,81.76000213623047,80.93000030517578,81.58000183105469,107700.0
2022-11-25,81.88999938964844,82.87000274658203,81.68000030517578,82.83999633789062,77500.0
2022-11-28,82.0199966430664,82.26000213623047,80.25,80.55999755859375,307600.0
2022-11-29,79.62000274658203,80.58000183105469,79.4000015258789,79.4000015258789,126200.0
2022-11-30,79.29000091552734,80.69999694824219,77.72000122070312,80.66999816894531,209300.0
2022-12-01,80.7300033569336,81.38999938964844,80.02999877929688,81.19000244140625,117500.0
2022-12-02,80.6500015258789,82.0,80.44999694824219,81.8499984741211,141100.0
2022-12-05,81.5,81.5,77.73999786376953,78.02999877929688,201000.0
2022-12-06,78.05000305175781,78.18000030517578,77.0,77.62000274658203,188300.0
2022-12-07,77.08000183105469,78.04000091552734,76.66999816894531,77.16000366210938,127100.0
2022-12-08,77.56999969482422,78.18000030517578,77.0,77.70999908447266,133400.0
2022-12-09,77.47000122070312,77.91999816894531,77.22000122070312,77.25,117900.0
2022-12-12,77.27999877929688,78.55999755859375,76.68000030517578,78.2699966430664,141800.0
2022-12-13,79.44000244140625,80.06999969482422,77.19999694824219,77.83000183105469,163500.0
2022-12-14,77.83000183105469,78.0199966430664,76.0,76.08999633789062,216900.0
2022-12-15,75.26000213623047,76.18000030517578,74.11000061035156,74.73999786376953,405200.0
2022-12-16,74.27999877929688,75.55000305175781,73.51000213623047,74.7699966430664,510500.0
2022-12-19,74.94000244140625,75.58000183105469,73.87999725341797,74.6500015258789,197000.0
2022-12-20,74.70999908447266,76.04000091552734,74.70999908447266,75.1500015258789,123300.0
2022-12-21,75.70999908447266,77.27999877929688,75.70999908447266,76.61000061035156,130900.0
2022-12-22,76.38999938964844,76.83999633789062,75.31999969482422,76.51000213623047,155100.0
2022-12-23,76.70999908447266,77.16999816894531,76.19999694824219,76.80000305175781,89800.0
2022-12-27,76.98999786376953,77.5199966430664,76.56999969482422,76.94999694824219,170700.0
2022-12-28,77.27999877929688,77.30999755859375,76.45999908447266,76.45999908447266,95400.0
2022-12-29,76.47000122070312,77.77999877929688,76.47000122070312,77.73999786376953,115800.0
2022-12-30,77.58000183105469,78.11000061035156,77.16000366210938,77.55999755859375,100200.0
2023-01-03,77.98999786376953,78.22000122070312,76.83000183105469,77.72000122070312,137900.0
2023-01-04,78.19999694824219,78.75,76.80999755859375,77.33999633789062,97900.0
2023-01-05,76.38999938964844,77.16999816894531,75.7699966430664,77.02999877929688,92900.0
2023-01-06,77.72000122070312,79.98999786376953,77.72000122070312,79.94999694824219,110600.0
2023-01-09,80.01000213623047,80.54000091552734,79.36000061035156,80.0,122300.0
2023-01-10,79.48999786376953,80.72000122070312,79.4800033569336,80.70999908447266,90100.0
2023-01-11,80.61000061035156,81.0999984741211,80.44000244140625,80.83999633789062,104100.0
2023-01-12,80.93000030517578,81.7300033569336,80.5,80.80000305175781,144300.0
2023-01-13,80.0,80.83999633789062,78.68000030517578,80.5999984741211,94500.0
2023-01-17,80.38999938964844,80.6500015258789,79.37000274658203,80.22000122070312,90600.0
2023-01-18,79.69000244140625,79.69000244140625,77.29000091552734,77.37000274658203,99200.0
2023-01-19,76.7300033569336,77.25,75.88999938964844,76.73999786376953,95000.0
2023-01-20,76.80000305175781,78.5199966430664,76.80000305175781,78.5199966430664,142300.0
2023-01-23,78.0,79.44000244140625,74.95999908447266,75.08000183105469,595100.0
2023-01-24,74.75,75.26000213623047,73.0,74.68000030517578,405100.0
2023-01-25,74.0999984741211,74.94999694824219,73.5999984741211,74.69999694824219,202800.0
2023-01-26,74.47000122070312,74.91999816894531,73.73999786376953,74.70999908447266,176100.0
2023-01-27,74.95999908447266,75.9800033569336,74.79000091552734,75.61000061035156,125200.0
2023-01-30,75.26000213623047,76.13999938964844,75.01000213623047,75.7699966430664,142200.0
2023-01-31,75.7699966430664,76.63999938964844,75.6500015258789,76.48999786376953,258100.0
2023-02-01,76.1500015258789,76.94000244140625,75.9000015258789,76.87999725341797,241600.0
2023-02-02,77.08000183105469,78.5999984741211,76.7699966430664,78.55999755859375,162100.0
2023-02-03,78.51000213623047,79.68000030517578,78.4000015258789,79.63999938964844,156900.0
2023-02-06,79.63999938964844,79.66999816894531,77.7300033569336,78.04000091552734,108200.0
2023-02-07,77.5,79.0199966430664,77.3499984741211,78.91999816894531,108800.0
2023-02-08,78.36000061035156,78.79000091552734,77.7699966430664,77.80999755859375,87500.0
2023-02-09,78.04000091552734,78.41999816894531,76.47000122070312,76.61000061035156,81100.0
2023-02-10,76.16999816894531,76.77999877929688,76.08999633789062,76.51000213623047,127800.0
2023-02-13,76.2300033569336,77.58000183105469,76.2300033569336,77.25,108300.0
2023-02-14,77.01000213623047,77.31999969482422,75.80000305175781,76.76000213623047,134900.0
2023-02-15,76.4000015258789,77.5999984741211,76.31999969482422,77.56999969482422,98200.0
2023-02-16,77.0199966430664,77.0199966430664,76.05999755859375,76.12000274658203,130500.0
2023-02-17,75.70999908447266,76.01000213623047,75.23999786376953,75.97000122070312,160200.0
2023-02-21,75.70999908447266,75.70999908447266,73.69999694824219,74.6500015258789,197000.0
2023-02-22,74.29000091552734,74.87999725341797,74.13999938964844,74.44000244140625,187000.0
2023-02-23,74.88999938964844,75.22000122070312,74.02999877929688,75.0,152400.0
2023-02-24,74.43000030517578,75.16999816894531,74.04000091552734,75.12000274658203,129200.0
2023-02-27,74.75,75.08000183105469,74.23999786376953,74.55999755859375,204500.0
2023-02-28,74.81999969482422,75.54000091552734,74.77999877929688,74.86000061035156,238000.0
2023-03-01,74.37000274658203,74.6500015258789,73.83999633789062,74.6500015258789,211000.0
2023-03-02,74.2699966430664,74.5,73.29000091552734,74.12999725341797,233000.0
2023-03-03,74.41000366210938,74.79000091552734,73.83999633789062,74.66999816894531,174700.0
2023-03-06,74.7300033569336,75.3499984741211,73.72000122070312,73.72000122070312,280800.0
2023-03-07,73.4000015258789,73.58999633789062,72.58000183105469,73.0199966430664,252500.0
2023-03-08,72.94999694824219,73.55000305175781,72.7699966430664,72.91999816894531,188100.0
2023-03-09,72.37000274658203,72.43000030517578,67.5,67.52999877929688,477000.0
2023-03-10,65.16000366210938,65.16000366210938,59.900001525878906,63.380001068115234,1520300.0
2023-03-13,47.29999923706055,63.189998626708984,34.709999084472656,51.75,3274800.0
2023-03-14,60.56999969482422,62.040000915527344,49.150001525878906,51.09000015258789,1865300.0
2023-03-15,46.2400016784668,50.54999923706055,45.0,47.599998474121094,2314900.0
2023-03-16,46.47999954223633,53.47999954223633,46.2599983215332,52.68000030517578,2341100.0
2023-03-17,52.7599983215332,53.5,50.650001525878906,51.08000183105469,1877700.0
2023-03-20,51.310001373291016,54.56999969482422,50.06999969482422,50.970001220703125,1287900.0
2023-03-21,53.70000076293945,57.099998474121094,53.27000045776367,53.529998779296875,1138300.0
2023-03-22,53.58000183105469,53.91999816894531,50.400001525878906,50.810001373291016,691600.0
2023-03-23,51.43000030517578,51.849998474121094,48.970001220703125,50.18000030517578,758900.0
2023-03-24,49.29999923706055,50.79999923706055,48.959999084472656,50.599998474121094,716000.0
2023-03-27,52.45000076293945,52.970001220703125,50.650001525878906,51.599998474121094,479400.0
2023-03-28,51.34000015258789,52.70000076293945,51.15999984741211,51.5099983215332,395500.0
2023-03-29,52.33000183105469,52.77000045776367,51.349998474121094,52.72999954223633,490900.0
2023-03-30,53.04999923706055,53.189998626708984,50.560001373291016,50.81999969482422,577200.0
2023-03-31,51.41999816894531,52.22999954223633,50.869998931884766,52.08000183105469,443800.0
2023-04-03,52.2400016784668,52.369998931884766,50.869998931884766,50.97999954223633,508800.0
2023-04-04,51.380001068115234,51.5,48.75,49.91999816894531,500500.0
2023-04-05,49.189998626708984,49.959999084472656,48.59000015258789,49.70000076293945,836400.0
2023-04-06,49.54999923706055,50.470001220703125,49.22999954223633,50.369998931884766,474300.0
2023-04-10,49.849998474121094,51.22999954223633,49.41999816894531,50.97999954223633,450200.0
2023-04-11,50.959999084472656,51.90999984741211,50.720001220703125,51.75,416000.0
2023-04-12,52.18000030517578,52.20000076293945,50.41999816894531,50.630001068115234,361900.0
2023-04-13,50.63999938964844,51.369998931884766,50.220001220703125,50.56999969482422,447100.0
2023-04-14,51.33000183105469,51.70000076293945,49.09000015258789,49.4900016784668,546900.0
2023-04-17,49.369998931884766,51.2400016784668,48.58000183105469,51.11000061035156,579400.0
2023-04-18,51.15999984741211,51.22999954223633,48.04999923706055,48.540000915527344,889800.0
2023-04-19,48.939998626708984,50.34000015258789,48.540000915527344,49.84000015258789,846700.0
2023-04-20,49.0,49.88999938964844,48.790000915527344,49.68000030517578,422600.0
2023-04-21,49.599998474121094,49.599998474121094,48.33000183105469,48.79999923706055,650500.0
2023-04-24,47.630001068115234,51.58000183105469,47.630001068115234,49.630001068115234,1364300.0
2023-04-25,48.86000061035156,49.43000030517578,47.75,47.77000045776367,482600.0
2023-04-26,47.88999938964844,48.25,46.5,46.91999816894531,453600.0
2023-04-27,47.09000015258789,47.72999954223633,46.720001220703125,47.060001373291016,483100.0
2023-04-28,46.869998931884766,48.52000045776367,46.81999969482422,48.43000030517578,703300.0
2023-05-01,48.369998931884766,48.81999969482422,47.36000061035156,47.79999923706055,737600.0
2023-05-02,47.880001068115234,47.880001068115234,42.630001068115234,44.0099983215332,1680000.0
2023-05-03,44.5,47.41999816894531,44.209999084472656,44.79999923706055,1078600.0
2023-05-04,43.5,43.709999084472656,39.470001220703125,40.650001525878906,2291600.0
2023-05-05,42.689998626708984,44.08000183105469,41.130001068115234,43.709999084472656,970500.0
2023-05-08,45.0,45.06999969482422,42.75,43.040000915527344,762600.0
2023-05-09,42.439998626708984,42.880001068115234,41.029998779296875,41.16999816894531,650100.0
2023-05-10,42.0099983215332,42.349998474121094,38.77000045776367,39.0,1409900.0
2023-05-11,38.20000076293945,38.4900016784668,34.56999969482422,35.0099983215332,2315100.0
2023-05-12,35.43000030517578,35.83000183105469,30.829999923706055,33.560001373291016,4211100.0
2023-05-15,34.2400016784668,36.0,33.83000183105469,34.540000915527344,1782600.0
2023-05-16,34.22999954223633,36.90999984741211,34.20000076293945,34.91999816894531,1803100.0
2023-05-17,35.68000030517578,38.90999984741211,35.68000030517578,38.59000015258789,1638700.0
2023-05-18,38.5,39.66999816894531,37.599998474121094,38.77000045776367,1264800.0
2023-05-19,39.09000015258789,39.369998931884766,37.18000030517578,37.75,1359400.0
2023-05-22,37.869998931884766,40.65999984741211,37.869998931884766,40.599998474121094,1260100.0
2023-05-23,40.779998779296875,42.459999084472656,40.34000015258789,40.470001220703125,1167400.0
2023-05-24,40.36000061035156,40.83000183105469,38.54999923706055,39.63999938964844,986000.0
2023-05-25,39.40999984741211,39.93000030517578,37.91999816894531,39.54999923706055,755100.0
2023-05-26,41.0099983215332,41.27000045776367,38.439998626708984,39.220001220703125,2115800.0
2023-05-30,39.119998931884766,40.4900016784668,37.13999938964844,40.0099983215332,2091900.0
2023-05-31,39.56999969482422,40.150001525878906,38.02000045776367,39.150001525878906,1212600.0
2023-06-01,39.7599983215332,41.18000030517578,39.04999923706055,40.0,8430600.0
2023-06-02,41.06999969482422,43.4900016784668,40.63999938964844,43.38999938964844,1290400.0
2023-06-05,43.099998474121094,43.369998931884766,40.83000183105469,41.79999923706055,829400.0
2023-06-06,41.5,45.5,41.25,44.880001068115234,1159100.0
2023-06-07,44.75,48.15999984741211,44.5099983215332,47.65999984741211,1369400.0
2023-06-08,47.029998779296875,47.56999969482422,45.16999816894531,47.41999816894531,940600.0
2023-06-09,47.5,47.5,45.36000061035156,45.63999938964844,525700.0
2023-06-12,45.70000076293945,47.7400016784668,45.029998779296875,45.36000061035156,789600.0
2023-06-13,45.34000015258789,47.20000076293945,44.95000076293945,46.27000045776367,570900.0
2023-06-14,46.560001373291016,46.86000061035156,44.209999084472656,44.709999084472656,763300.0
2023-06-15,44.5,46.25,44.290000915527344,45.88999938964844,555900.0
2023-06-16,45.97999954223633,46.900001525878906,44.59000015258789,46.630001068115234,3094400.0
2023-06-20,46.0,46.22999954223633,45.029998779296875,45.81999969482422,755700.0
2023-06-21,45.47999954223633,45.709999084472656,44.41999816894531,44.47999954223633,550900.0
2023-06-22,44.36000061035156,44.36000061035156,41.68000030517578,43.0,1144500.0
2023-06-23,42.65999984741211,43.31999969482422,40.34000015258789,41.150001525878906,5182500.0
2023-06-26,41.400001525878906,42.880001068115234,41.38999938964844,42.59000015258789,1253100.0
2023-06-27,42.58000183105469,44.0,41.84000015258789,42.58000183105469,630400.0
2023-06-28,42.38999938964844,42.459999084472656,41.5099983215332,42.029998779296875,445800.0
2023-06-29,42.5,43.4900016784668,42.08000183105469,42.290000915527344,765700.0
2023-06-30,42.68000030517578,42.75,41.209999084472656,41.22999954223633,762200.0
2023-07-03,41.7400016784668,43.33000183105469,41.540000915527344,42.459999084472656,792800.0
2023-07-05,41.88999938964844,42.849998474121094,41.25,42.130001068115234,711000.0
2023-07-06,41.25,41.279998779296875,39.02000045776367,40.619998931884766,1222600.0
2023-07-07,40.75,42.400001525878906,40.58000183105469,41.91999816894531,820500.0
2023-07-10,42.15999984741211,44.060001373291016,41.66999816894531,43.150001525878906,686700.0
2023-07-11,42.7400016784668,44.9900016784668,42.720001220703125,44.810001373291016,956400.0
2023-07-12,45.470001220703125,46.86000061035156,45.470001220703125,46.45000076293945,939800.0
2023-07-13,46.58000183105469,47.34000015258789,45.54999923706055,47.27000045776367,634500.0
2023-07-14,47.61000061035156,47.619998931884766,46.09000015258789,47.18000030517578,810700.0
2023-07-17,46.91999816894531,48.5099983215332,46.560001373291016,48.15999984741211,658400.0
2023-07-18,48.369998931884766,52.81999969482422,48.369998931884766,52.58000183105469,1382700.0
2023-07-19,52.790000915527344,54.36000061035156,52.16999816894531,53.9900016784668,1420900.0
2023-07-20,53.779998779296875,54.93000030517578,53.209999084472656,53.88999938964844,1431300.0
2023-07-21,54.54999923706055,54.93000030517578,53.58000183105469,53.689998626708984,886100.0
2023-07-24,54.68000030517578,57.349998474121094,53.70000076293945,57.209999084472656,1394700.0
2023-07-25,56.63999938964844,57.72999954223633,54.220001220703125,54.83000183105469,1686200.0
2023-07-26,55.56999969482422,57.779998779296875,55.400001525878906,57.470001220703125,1059600.0
2023-07-27,57.68000030517578,58.630001068115234,56.18000030517578,56.27000045776367,795800.0
2023-07-28,57.0099983215332,58.06999969482422,56.20000076293945,57.150001525878906,499100.0
2023-07-31,57.2400016784668,57.939998626708984,56.31999969482422,57.130001068115234,508100.0
2023-08-01,56.7599983215332,56.7599983215332,54.75,55.5099983215332,452500.0
2023-08-02,54.22999954223633,54.810001373291016,53.5,54.130001068115234,575000.0
2023-08-03,53.720001220703125,54.560001373291016,52.540000915527344,53.72999954223633,504000.0
2023-08-04,53.459999084472656,55.34000015258789,53.06999969482422,55.099998474121094,433500.0
2023-08-07,55.040000915527344,55.720001220703125,54.68000030517578,55.560001373291016,312700.0
2023-08-08,53.79999923706055,55.34000015258789,52.209999084472656,55.119998931884766,421200.0
2023-08-09,54.779998779296875,55.7599983215332,54.16999816894531,54.779998779296875,491700.0
2023-08-10,55.0,56.90999984741211,54.630001068115234,56.209999084472656,662400.0
2023-08-11,55.33000183105469,57.2599983215332,55.33000183105469,56.15999984741211,380100.0
2023-08-14,55.5,55.849998474121094,54.77000045776367,54.83000183105469,522900.0
2023-08-15,53.31999969482422,53.849998474121094,52.16999816894531,52.20000076293945,722400.0
2023-08-16,52.29999923706055,52.560001373291016,51.25,52.47999954223633,519900.0
2023-08-17,52.810001373291016,54.900001525878906,52.75,54.38999938964844,724300.0
2023-08-18,53.77000045776367,54.93000030517578,53.349998474121094,54.189998626708984,435300.0
2023-08-21,54.279998779296875,54.279998779296875,51.79999923706055,53.18000030517578,784600.0
2023-08-22,53.599998474121094,53.88999938964844,51.79999923706055,52.029998779296875,511300.0
2023-08-23,52.189998626708984,53.79999923706055,51.7400016784668,53.25,328500.0
2023-08-24,52.790000915527344,54.029998779296875,52.7599983215332,53.79999923706055,303400.0
2023-08-25,53.93000030517578,54.20000076293945,51.86000061035156,52.02000045776367,554100.0
2023-08-28,52.61000061035156,53.81999969482422,52.099998474121094,53.5099983215332,336500.0
2023-08-29,53.5099983215332,54.08000183105469,52.93000030517578,54.04999923706055,304900.0
2023-08-30,53.22999954223633,53.86000061035156,53.0099983215332,53.560001373291016,288600.0
2023-08-31,53.34000015258789,54.04999923706055,53.16999816894531,53.7400016784668,269300.0
2023-09-01,54.25,55.70000076293945,54.08000183105469,55.13999938964844,319900.0
2023-09-05,54.560001373291016,54.77000045776367,52.7599983215332,52.84000015258789,369700.0
2023-09-06,52.68000030517578,53.52000045776367,50.47999954223633,50.689998626708984,527200.0
2023-09-07,50.33000183105469,50.630001068115234,49.5099983215332,49.75,302500.0
2023-09-08,50.040000915527344,50.34000015258789,49.08000183105469,49.849998474121094,327600.0
2023-09-11,49.93000030517578,50.38999938964844,48.68000030517578,48.849998474121094,400600.0
2023-09-12,49.060001373291016,49.38999938964844,48.209999084472656,49.2400016784668,388700.0
2023-09-13,49.119998931884766,49.119998931884766,47.70000076293945,48.91999816894531,360500.0
2023-09-14,49.70000076293945,50.18000030517578,49.22999954223633,50.150001525878906,373400.0
2023-09-15,49.70000076293945,51.08000183105469,49.369998931884766,50.709999084472656,1392900.0
2023-09-18,50.5099983215332,50.63999938964844,49.5099983215332,50.27000045776367,410900.0
2023-09-19,50.400001525878906,51.099998474121094,49.77000045776367,50.72999954223633,338300.0
2023-09-20,51.27000045776367,51.72999954223633,49.83000183105469,49.939998626708984,321400.0
2023-09-21,49.4900016784668,49.779998779296875,48.720001220703125,48.95000076293945,285900.0
2023-09-22,49.0,49.060001373291016,48.16999816894531,48.59000015258789,304200.0
2023-09-25,48.41999816894531,49.08000183105469,48.13999938964844,48.470001220703125,323800.0
2023-09-26,47.779998779296875,49.22999954223633,47.400001525878906,47.439998626708984,381100.0
2023-09-27,47.779998779296875,48.130001068115234,46.810001373291016,47.40999984741211,419000.0
2023-09-28,47.220001220703125,49.529998779296875,47.220001220703125,48.68000030517578,573000.0
2023-09-29,49.25,50.61000061035156,48.75,49.689998626708984,582000.0
2023-10-02,49.5099983215332,49.880001068115234,48.41999816894531,48.630001068115234,490400.0
2023-10-03,48.2599983215332,48.310001373291016,46.709999084472656,46.939998626708984,382400.0
2023-10-04,46.81999969482422,47.5,45.91999816894531,47.2599983215332,322700.0
2023-10-05,47.13999938964844,48.560001373291016,46.880001068115234,48.16999816894531,402300.0
2023-10-06,47.2599983215332,48.689998626708984,46.439998626708984,48.150001525878906,444100.0
2023-10-09,47.4900016784668,48.86000061035156,47.43000030517578,48.599998474121094,335500.0
2023-10-10,49.2400016784668,50.689998626708984,48.75,49.86000061035156,402200.0
2023-10-11,50.290000915527344,51.22999954223633,49.41999816894531,50.2599983215332,323000.0
2023-10-12,50.560001373291016,50.560001373291016,49.2400016784668,49.58000183105469,315700.0
2023-10-13,49.970001220703125,50.060001373291016,48.20000076293945,48.47999954223633,379000.0
2023-10-16,49.04999923706055,50.7599983215332,49.04999923706055,50.08000183105469,522200.0
2023-10-17,49.5,51.75,49.5,51.06999969482422,562400.0
2023-10-18,50.380001068115234,50.5099983215332,48.72999954223633,48.97999954223633,444700.0
2023-10-19,49.13999938964844,49.63999938964844,47.810001373291016,48.0099983215332,466900.0
2023-10-20,47.70000076293945,47.70000076293945,45.560001373291016,45.689998626708984,777500.0
2023-10-23,48.0,49.66999816894531,46.97999954223633,47.779998779296875,1068600.0
2023-10-24,48.619998931884766,48.720001220703125,47.27000045776367,48.130001068115234,499100.0
2023-10-25,47.790000915527344,47.790000915527344,46.310001373291016,47.150001525878906,405200.0
2023-10-26,47.75,48.970001220703125,47.150001525878906,48.810001373291016,416900.0
2023-10-27,48.90999984741211,48.90999984741211,47.34000015258789,48.54999923706055,436200.0
2023-10-30,49.31999969482422,49.93000030517578,49.09000015258789,49.36000061035156,401300.0
2023-10-31,49.439998626708984,49.810001373291016,48.84000015258789,49.38999938964844,243800.0
2023-11-01,49.779998779296875,50.599998474121094,48.84000015258789,50.540000915527344,385300.0
2023-11-02,51.5,53.59000015258789,51.06999969482422,53.15999984741211,622500.0
2023-11-03,54.81999969482422,56.77000045776367,54.0099983215332,55.779998779296875,801700.0
2023-11-06,55.52000045776367,56.4900016784668,54.16999816894531,54.56999969482422,458300.0
2023-11-07,54.43000030517578,54.5,53.29999923706055,53.31999969482422,263500.0
2023-11-08,53.16999816894531,53.220001220703125,52.279998779296875,52.7599983215332,289800.0
2023-11-09,52.599998474121094,53.189998626708984,51.790000915527344,52.459999084472656,480700.0
2023-11-10,52.86000061035156,53.08000183105469,51.2400016784668,52.060001373291016,290600.0
2023-11-13,51.75,53.060001373291016,51.18000030517578,52.65999984741211,363900.0
2023-11-14,54.97999954223633,58.27000045776367,54.77000045776367,56.7599983215332,705100.0
2023-11-15,56.79999923706055,58.43000030517578,56.79999923706055,57.150001525878906,413400.0
2023-11-16,56.970001220703125,56.970001220703125,55.52000045776367,56.15999984741211,255500.0
2023-11-17,56.869998931884766,57.16999816894531,56.0,56.810001373291016,293700.0
2023-11-20,57.029998779296875,57.2599983215332,56.0,56.810001373291016,268300.0
2023-11-21,56.209999084472656,56.58000183105469,55.27000045776367,55.310001373291016,203700.0
2023-11-22,56.27000045776367,56.4900016784668,55.11000061035156,55.599998474121094,271600.0
2023-11-24,55.70000076293945,56.34000015258789,55.56999969482422,55.93000030517578,112700.0
2023-11-27,55.529998779296875,56.220001220703125,55.0099983215332,56.209999084472656,319800.0
2023-11-28,55.9900016784668,56.63999938964844,55.18000030517578,56.63999938964844,304800.0
2023-11-29,56.5,59.5,56.5,57.79999923706055,710200.0
2023-11-30,58.0,58.7400016784668,57.09000015258789,58.06999969482422,390900.0
2023-12-01,57.83000183105469,62.65999984741211,57.310001373291016,62.599998474121094,682300.0
2023-12-04,61.97999954223633,64.16999816894531,61.97999954223633,63.75,404700.0
2023-12-05,63.29999923706055,63.5,62.279998779296875,62.7599983215332,505700.0
2023-12-06,63.66999816894531,65.30000305175781,62.47999954223633,62.849998474121094,349900.0
2023-12-07,63.40999984741211,65.5999984741211,62.93000030517578,65.44000244140625,324400.0
2023-12-08,65.19000244140625,66.5999984741211,64.73999786376953,65.68000030517578,255400.0
2023-12-11,65.2699966430664,65.88999938964844,65.04000091552734,65.5999984741211,360200.0
2023-12-12,65.75,65.98999786376953,64.83000183105469,65.69000244140625,429900.0
2023-12-13,65.93000030517578,70.66999816894531,65.05000305175781,70.54000091552734,671700.0
2023-12-14,72.87000274658203,75.19000244140625,72.11000061035156,74.45999908447266,916300.0
2023-12-15,74.12999725341797,74.16000366210938,72.08999633789062,72.87000274658203,2130400.0
2023-12-18,73.68000030517578,73.68000030517578,71.4000015258789,72.01000213623047,431200.0
2023-12-19,72.30000305175781,73.97000122070312,72.06999969482422,73.18000030517578,376300.0
2023-12-20,72.9000015258789,74.16999816894531,71.3499984741211,71.54000091552734,417100.0
2023-12-21,72.30999755859375,72.8499984741211,71.76000213623047,72.44000244140625,291800.0
2023-12-22,72.9800033569336,73.86000061035156,72.58000183105469,72.66999816894531,220500.0
2023-12-26,72.8499984741211,74.69999694824219,72.72000122070312,74.29000091552734,220100.0
2023-12-27,74.2300033569336,74.69999694824219,73.7300033569336,74.30000305175781,388900.0
2023-12-28,73.48999786376953,74.6500015258789,73.36000061035156,73.95999908447266,189300.0
2023-12-29,73.5999984741211,73.94999694824219,72.37000274658203,72.45999908447266,299500.0
2024-01-02,71.47000122070312,73.7300033569336,71.0999984741211,72.55999755859375,238600.0
2024-01-03,71.33000183105469,71.33999633789062,68.76000213623047,69.81999969482422,375000.0
2024-01-04,69.68000030517578,70.70999908447266,69.66000366210938,69.83999633789062,295400.0
2024-01-05,68.93000030517578,70.8499984741211,68.93000030517578,70.44000244140625,291400.0
2024-01-08,70.06999969482422,70.75,69.9800033569336,70.37999725341797,267300.0
2024-01-09,69.7300033569336,70.62999725341797,69.1500015258789,70.30000305175781,278300.0
2024-01-10,70.0,70.48999786376953,69.0199966430664,69.37000274658203,448200.0
2024-01-11,68.73999786376953,68.7699966430664,66.8499984741211,68.62999725341797,520600.0
2024-01-12,69.44000244140625,69.75,67.5999984741211,68.29000091552734,306300.0
2024-01-16,67.05999755859375,68.56999969482422,66.80000305175781,66.95999908447266,253700.0
2024-01-17,65.38999938964844,67.18000030517578,64.97000122070312,66.41999816894531,249700.0
2024-01-18,66.94999694824219,67.5199966430664,66.06999969482422,67.0199966430664,269400.0
2024-01-19,67.08999633789062,68.2300033569336,66.1500015258789,68.19999694824219,356200.0
2024-01-22,66.48999786376953,69.41000366210938,66.2699966430664,68.19000244140625,746700.0
2024-01-23,67.88999938964844,68.20999908447266,64.5,64.52999877929688,742300.0
2024-01-24,65.48999786376953,66.5199966430664,63.290000915527344,63.459999084472656,878400.0
2024-01-25,64.44000244140625,65.30000305175781,62.61000061035156,64.81999969482422,784600.0
2024-01-26,65.08999633789062,66.33999633789062,64.52999877929688,64.80000305175781,292100.0
2024-01-29,65.06999969482422,66.73999786376953,64.62000274658203,66.69999694824219,394500.0
2024-01-30,66.05000305175781,66.69000244140625,65.73999786376953,66.01000213623047,250400.0
2024-01-31,63.5,66.55999755859375,62.849998474121094,63.22999954223633,426000.0
2024-02-01,63.70000076293945,64.26000213623047,59.9900016784668,62.27000045776367,455000.0
2024-02-02,60.790000915527344,62.709999084472656,60.36000061035156,61.90999984741211,716800.0
2024-02-05,61.04999923706055,61.58000183105469,59.810001373291016,60.97999954223633,439300.0
2024-02-06,60.97999954223633,61.59000015258789,60.13999938964844,60.439998626708984,328200.0
2024-02-07,60.84000015258789,61.06999969482422,58.959999084472656,60.290000915527344,362000.0
2024-02-08,60.0,61.130001068115234,59.959999084472656,61.119998931884766,316900.0
2024-02-09,61.310001373291016,62.20000076293945,60.63999938964844,61.720001220703125,471400.0
2024-02-12,61.650001525878906,63.0099983215332,61.4900016784668,61.869998931884766,298100.0
2024-02-13,59.47999954223633,60.11000061035156,58.439998626708984,59.86000061035156,460300.0
2024-02-14,60.88999938964844,61.36000061035156,59.650001525878906,60.63999938964844,265800.0
2024-02-15,61.130001068115234,63.5,61.0099983215332,63.09000015258789,331900.0
2024-02-16,61.869998931884766,63.02000045776367,61.599998474121094,62.47999954223633,237300.0
2024-02-20,61.38999938964844,62.380001068115234,61.38999938964844,61.72999954223633,218000.0
2024-02-21,61.68000030517578,61.810001373291016,61.060001373291016,61.380001068115234,258700.0
2024-02-22,61.0,61.7599983215332,60.880001068115234,61.45000076293945,250400.0
2024-02-23,61.31999969482422,61.880001068115234,60.650001525878906,61.20000076293945,136800.0
2024-02-26,60.790000915527344,61.63999938964844,60.0099983215332,60.439998626708984,163900.0
2024-02-27,60.97999954223633,61.459999084472656,60.029998779296875,60.29999923706055,217800.0
2024-02-28,58.95000076293945,59.75,58.5,58.52000045776367,369800.0
2024-02-29,59.65999984741211,60.65999984741211,59.22999954223633,60.279998779296875,376100.0
2024-03-01,59.7599983215332,60.20000076293945,58.380001068115234,60.130001068115234,217100.0
2024-03-04,60.90999984741211,61.72999954223633,59.84000015258789,60.16999816894531,325400.0
2024-03-05,59.93000030517578,63.619998931884766,59.93000030517578,63.2400016784668,406400.0
2024-03-06,63.15999984741211,64.29000091552734,61.81999969482422,62.5,413400.0
2024-03-07,63.33000183105469,63.77000045776367,62.70000076293945,63.189998626708984,251900.0
2024-03-08,63.29999923706055,64.3499984741211,62.439998626708984,62.7599983215332,300200.0
2024-03-11,62.79999923706055,63.33000183105469,62.08000183105469,62.22999954223633,298900.0
2024-03-12,62.11000061035156,62.56999969482422,60.869998931884766,61.470001220703125,253700.0
2024-03-13,61.29999923706055,62.43000030517578,61.119998931884766,61.36000061035156,200900.0
2024-03-14,60.70000076293945,60.81999969482422,59.040000915527344,59.400001525878906,272900.0
2024-03-15,59.13999938964844,60.470001220703125,59.13999938964844,59.29999923706055,1080400.0
2024-03-18,59.13999938964844,59.630001068115234,58.599998474121094,59.36000061035156,305600.0
2024-03-19,59.099998474121094,60.279998779296875,59.099998474121094,59.439998626708984,252600.0
2024-03-20,59.099998474121094,61.779998779296875,59.099998474121094,61.150001525878906,288600.0
2024-03-21,61.650001525878906,62.65999984741211,61.2599983215332,62.029998779296875,255800.0
2024-03-22,62.31999969482422,62.31999969482422,60.04999923706055,60.099998474121094,195800.0
2024-03-25,60.349998474121094,61.29999923706055,60.349998474121094,60.459999084472656,148800.0
2024-03-26,61.11000061035156,61.11000061035156,59.93000030517578,59.959999084472656,148900.0
2024-03-27,60.5099983215332,62.40999984741211,60.369998931884766,62.400001525878906,260700.0
2024-03-28,62.31999969482422,63.0,61.9900016784668,62.38999938964844,269000.0
2024-04-01,62.529998779296875,62.529998779296875,60.68000030517578,60.90999984741211,179400.0
2024-04-02,60.310001373291016,60.310001373291016,59.31999969482422,59.86000061035156,220300.0
2024-04-03,59.41999816894531,60.16999816894531,59.41999816894531,59.65999984741211,178000.0
2024-04-04,60.61000061035156,61.45000076293945,59.5,59.790000915527344,161300.0
2024-04-05,59.41999816894531,60.209999084472656,59.2400016784668,59.31999969482422,204500.0
2024-04-08,59.9900016784668,61.25,59.619998931884766,61.02000045776367,198900.0
2024-04-09,61.209999084472656,62.380001068115234,60.599998474121094,62.09000015258789,193900.0
2024-04-10,59.9900016784668,60.0099983215332,58.380001068115234,59.13999938964844,350800.0
2024-04-11,59.59000015258789,59.59000015258789,58.349998474121094,58.56999969482422,423600.0
2024-04-12,58.0099983215332,58.540000915527344,57.56999969482422,58.279998779296875,195900.0
2024-04-15,58.43000030517578,59.45000076293945,57.41999816894531,58.36000061035156,333800.0
2024-04-16,57.83000183105469,58.16999816894531,56.47999954223633,56.560001373291016,478300.0
2024-04-17,57.130001068115234,57.529998779296875,56.25,56.25,280800.0
2024-04-18,56.290000915527344,57.09000015258789,56.0,56.380001068115234,237600.0
2024-04-19,56.16999816894531,58.68000030517578,56.16999816894531,58.400001525878906,550400.0
2024-04-22,57.709999084472656,59.29999923706055,56.02000045776367,58.40999984741211,804700.0
2024-04-23,57.189998626708984,58.709999084472656,57.189998626708984,58.20000076293945,334500.0
2024-04-24,57.59000015258789,58.79999923706055,57.58000183105469,58.66999816894531,186700.0
2024-04-25,58.2400016784668,59.150001525878906,57.290000915527344,59.11000061035156,343700.0
2024-04-26,58.97999954223633,59.68000030517578,58.43000030517578,58.630001068115234,201900.0
2024-04-29,58.599998474121094,58.619998931884766,57.54999923706055,57.689998626708984,237000.0
2024-04-30,57.04999923706055,57.88999938964844,56.619998931884766,56.689998626708984,273800.0
2024-05-01,57.40999984741211,59.20000076293945,56.779998779296875,58.0,289700.0
2024-05-02,58.58000183105469,58.810001373291016,57.63999938964844,58.4900016784668,234900.0
2024-05-03,59.33000183105469,59.869998931884766,58.41999816894531,58.86000061035156,206500.0
2024-05-06,59.290000915527344,59.689998626708984,59.09000015258789,59.25,234100.0
2024-05-07,59.34000015258789,59.77000045776367,58.880001068115234,58.90999984741211,181100.0
2024-05-08,58.52000045776367,59.5,58.52000045776367,59.20000076293945,170600.0
2024-05-09,59.16999816894531,59.72999954223633,58.95000076293945,59.459999084472656,173500.0
2024-05-10,59.560001373291016,59.91999816894531,58.63999938964844,59.459999084472656,139800.0
2024-05-13,59.83000183105469,59.97999954223633,59.380001068115234,59.380001068115234,173800.0
2024-05-14,60.08000183105469,60.36000061035156,59.380001068115234,60.060001373291016,201600.0
2024-05-15,60.7400016784668,61.16999816894531,59.54999923706055,59.939998626708984,185900.0
2024-05-16,59.7400016784668,59.95000076293945,59.5,59.52000045776367,152600.0
2024-05-17,59.720001220703125,60.279998779296875,59.59000015258789,59.81999969482422,164300.0
2024-05-20,59.689998626708984,59.75,58.849998474121094,58.88999938964844,208900.0
2024-05-21,58.849998474121094,59.33000183105469,58.650001525878906,58.779998779296875,143900.0
2024-05-22,58.599998474121094,58.81999969482422,57.7400016784668,58.2400016784668,238600.0
2024-05-23,58.33000183105469,58.369998931884766,56.63999938964844,56.939998626708984,187000.0
2024-05-24,57.33000183105469,57.33000183105469,56.68000030517578,56.86000061035156,189500.0
2024-05-28,56.959999084472656,57.06999969482422,56.15999984741211,56.41999816894531,209400.0
2024-05-29,55.310001373291016,56.41999816894531,54.5,56.36000061035156,308200.0
2024-05-30,57.2599983215332,58.18000030517578,56.619998931884766,58.06999969482422,379100.0
2024-05-31,57.58000183105469,58.16999816894531,56.95000076293945,57.7400016784668,248300.0
2024-06-03,58.150001525878906,58.150001525878906,56.529998779296875,56.900001525878906,287000.0
2024-06-04,56.06999969482422,56.58000183105469,55.81999969482422,56.02000045776367,202900.0
2024-06-05,56.540000915527344,56.70000076293945,55.72999954223633,56.540000915527344,165000.0
2024-06-06,56.720001220703125,57.290000915527344,56.130001068115234,57.119998931884766,223600.0
2024-06-07,56.209999084472656,57.0,56.209999084472656,56.900001525878906,219100.0
2024-06-10,56.11000061035156,56.939998626708984,55.209999084472656,55.4900016784668,282200.0
2024-06-11,54.97999954223633,55.7400016784668,54.97999954223633,55.09000015258789,313700.0
2024-06-12,56.93000030517578,58.08000183105469,56.5,57.11000061035156,388700.0
2024-06-13,56.86000061035156,57.33000183105469,55.88999938964844,56.59000015258789,285500.0
2024-06-14,55.77000045776367,56.22999954223633,55.40999984741211,55.939998626708984,324600.0
2024-06-17,55.650001525878906,57.279998779296875,55.29999923706055,57.09000015258789,346700.0
2024-06-18,56.709999084472656,57.97999954223633,56.709999084472656,57.439998626708984,529000.0
2024-06-20,57.5,57.5,55.619998931884766,56.45000076293945,485100.0
2024-06-21,56.18000030517578,56.5,55.43000030517578,56.0099983215332,984400.0
2024-06-24,56.18000030517578,57.939998626708984,56.040000915527344,57.560001373291016,407700.0
2024-06-25,57.22999954223633,57.290000915527344,56.31999969482422,56.34000015258789,257000.0
2024-06-26,55.9900016784668,56.68000030517578,55.58000183105469,56.560001373291016,208700.0
2024-06-27,56.2599983215332,57.279998779296875,55.709999084472656,57.11000061035156,225800.0
2024-06-28,57.529998779296875,58.599998474121094,56.9900016784668,57.209999084472656,517900.0
2024-07-01,57.2599983215332,58.08000183105469,57.209999084472656,57.5099983215332,485900.0
2024-07-02,57.43000030517578,58.09000015258789,56.88999938964844,57.900001525878906,208300.0
2024-07-03,58.369998931884766,58.369998931884766,57.029998779296875,57.040000915527344,150300.0
2024-07-05,56.93000030517578,57.02000045776367,56.029998779296875,56.29999923706055,176200.0
2024-07-08,56.810001373291016,57.02000045776367,56.02000045776367,56.2400016784668,139000.0
2024-07-09,56.0,57.209999084472656,55.75,57.08000183105469,152500.0
2024-07-10,57.0,57.83000183105469,56.86000061035156,57.7400016784668,240300.0
2024-07-11,59.130001068115234,60.41999816894531,58.47999954223633,59.939998626708984,664900.0
2024-07-12,60.310001373291016,61.15999984741211,59.56999969482422,60.86000061035156,315400.0
2024-07-15,61.790000915527344,63.54999923706055,61.4900016784668,62.9900016784668,351700.0
2024-07-16,63.61000061035156,66.5999984741211,63.47999954223633,66.23999786376953,453800.0
2024-07-17,65.56999969482422,68.29000091552734,65.52999877929688,67.97000122070312,498400.0
2024-07-18,67.16999816894531,69.0199966430664,66.27999877929688,66.91000366210938,410700.0
2024-07-19,66.72000122070312,68.1500015258789,66.56999969482422,67.29000091552734,447900.0
2024-07-22,66.69000244140625,69.33999633789062,64.31999969482422,68.33000183105469,581600.0
2024-07-23,67.7300033569336,69.37999725341797,67.58999633789062,68.33999633789062,430600.0
2024-07-24,67.80000305175781,68.73999786376953,66.22000122070312,66.29000091552734,355300.0
2024-07-25,66.43000030517578,69.2699966430664,66.38999938964844,68.63999938964844,370400.0
2024-07-26,69.37999725341797,69.95999908447266,68.69999694824219,69.12999725341797,280300.0
2024-07-29,68.9800033569336,69.0,66.61000061035156,66.88999938964844,378600.0
2024-07-30,67.4000015258789,68.91999816894531,66.97000122070312,68.86000061035156,321600.0
2024-07-31,68.94999694824219,70.44000244140625,68.06999969482422,68.58999633789062,424000.0
2024-08-01,68.44999694824219,68.56999969482422,65.1500015258789,65.77999877929688,436700.0
2024-08-02,63.43000030517578,64.76000213623047,62.66999816894531,64.62000274658203,383400.0
2024-08-05,62.33000183105469,65.55000305175781,61.16999816894531,65.05999755859375,484500.0
2024-08-06,65.02999877929688,66.16999816894531,64.66000366210938,65.04000091552734,307600.0
2024-08-07,65.9000015258789,66.20999908447266,64.37999725341797,65.0,280300.0
2024-08-08,65.76000213623047,66.0,65.0,65.93000030517578,257700.0
2024-08-09,65.8499984741211,66.16999816894531,65.19000244140625,65.79000091552734,240400.0
2024-08-12,63.95000076293945,65.91999816894531,62.61000061035156,63.45000076293945,411200.0
2024-08-13,64.33000183105469,64.58999633789062,62.869998931884766,64.43000030517578,232300.0
2024-08-14,64.66000366210938,64.69000244140625,63.27000045776367,63.459999084472656,204300.0
2024-08-15,64.81999969482422,65.87000274658203,64.41000366210938,64.4800033569336,244300.0
2024-08-16,64.4800033569336,65.69999694824219,64.41999816894531,65.31999969482422,195700.0
2024-08-19,65.33000183105469,66.05000305175781,65.05000305175781,65.97000122070312,155300.0
2024-08-20,65.52999877929688,65.52999877929688,64.0199966430664,64.05999755859375,150800.0
2024-08-21,64.4000015258789,64.87999725341797,63.810001373291016,64.62000274658203,215900.0
2024-08-22,64.69999694824219,65.33999633789062,64.25,64.38999938964844,218500.0
2024-08-23,65.0,68.72000122070312,64.36000061035156,67.86000061035156,486300.0
2024-08-26,68.3499984741211,69.1500015258789,67.62999725341797,68.18000030517578,260100.0
2024-08-27,67.73999786376953,67.83000183105469,65.62999725341797,66.51000213623047,431900.0
2024-08-28,66.26000213623047,68.12000274658203,66.26000213623047,67.04000091552734,178200.0
2024-08-29,67.68000030517578,67.93000030517578,66.0199966430664,67.08000183105469,215800.0
2024-08-30,66.79000091552734,66.95999908447266,65.7300033569336,66.37000274658203,205100.0
2024-09-03,65.81999969482422,66.51000213623047,65.19999694824219,65.69000244140625,287100.0
2024-09-04,65.33999633789062,66.0999984741211,64.7699966430664,65.37999725341797,191600.0
2024-09-05,66.0,66.1500015258789,64.87000274658203,64.98999786376953,187100.0
2024-09-06,65.19999694824219,65.33999633789062,63.380001068115234,64.2300033569336,223200.0
2024-09-09,64.18000030517578,64.26000213623047,63.290000915527344,63.65999984741211,293700.0
2024-09-10,63.779998779296875,63.779998779296875,62.279998779296875,63.54999923706055,261200.0
2024-09-11,62.84000015258789,62.91999816894531,61.09000015258789,62.68000030517578,223000.0
2024-09-12,62.790000915527344,63.15999984741211,62.02000045776367,62.95000076293945,283000.0
2024-09-13,63.86000061035156,64.51000213623047,63.720001220703125,64.47000122070312,252000.0
2024-09-16,64.58000183105469,65.16999816894531,63.540000915527344,64.51000213623047,284100.0
2024-09-17,64.87999725341797,66.33000183105469,64.36000061035156,64.87999725341797,347400.0
2024-09-18,65.23999786376953,66.30999755859375,63.959999084472656,64.8499984741211,506800.0
2024-09-19,66.55000305175781,66.69999694824219,64.87000274658203,65.98999786376953,439100.0
2024-09-20,65.75,66.02999877929688,63.849998474121094,63.93000030517578,979100.0
2024-09-23,64.41999816894531,64.62999725341797,63.540000915527344,64.51000213623047,440200.0
2024-09-24,64.41000366210938,64.66999816894531,62.93000030517578,63.130001068115234,218300.0
2024-09-25,63.130001068115234,63.16999816894531,62.02000045776367,62.060001373291016,268700.0
2024-09-26,63.029998779296875,63.27000045776367,62.150001525878906,62.900001525878906,235800.0
2024-09-27,63.720001220703125,63.849998474121094,62.349998474121094,62.43000030517578,188400.0
2024-09-30,62.130001068115234,63.43000030517578,62.130001068115234,62.77000045776367,181000.0
2024-10-01,62.38999938964844,62.38999938964844,60.58000183105469,61.290000915527344,226300.0
2024-10-02,62.95000076293945,62.95000076293945,61.56999969482422,62.0,342800.0
2024-10-03,61.81999969482422,62.63999938964844,61.349998474121094,62.630001068115234,225200.0
2024-10-04,63.709999084472656,64.19000244140625,62.880001068115234,63.599998474121094,367900.0
2024-10-07,63.189998626708984,63.54999923706055,62.38999938964844,62.84000015258789,186600.0
2024-10-08,63.13999938964844,63.459999084472656,62.459999084472656,62.86000061035156,349400.0
2024-10-09,62.7599983215332,64.31999969482422,62.70000076293945,63.93000030517578,318200.0
2024-10-10,63.31999969482422,64.27999877929688,62.900001525878906,64.25,295500.0
2024-10-11,64.8499984741211,67.02999877929688,64.76000213623047,66.44999694824219,364900.0
2024-10-14,66.30999755859375,67.19000244140625,65.7300033569336,66.76000213623047,289000.0
2024-10-15,67.13999938964844,68.33000183105469,66.44999694824219,67.06999969482422,354500.0
2024-10-16,67.73999786376953,68.91999816894531,67.54000091552734,67.72000122070312,268000.0
2024-10-17,67.58000183105469,68.23999786376953,67.0999984741211,68.18000030517578,345400.0
2024-10-18,68.19000244140625,68.19000244140625,66.75,67.02999877929688,307900.0
2024-10-21,67.12999725341797,67.12999725341797,64.6500015258789,64.83000183105469,267200.0
2024-10-22,65.0199966430664,65.4000015258789,64.75,65.31999969482422,266300.0
2024-10-23,65.27999877929688,65.54000091552734,64.30000305175781,64.91999816894531,262000.0
2024-10-24,65.0,66.79000091552734,64.38999938964844,66.66999816894531,534300.0
2024-10-25,66.93000030517578,67.38999938964844,65.94000244140625,66.02999877929688,462500.0
2024-10-28,68.0,72.68000030517578,67.45999908447266,72.37000274658203,749000.0
2024-10-29,72.62999725341797,73.36000061035156,71.81999969482422,72.79000091552734,399800.0
2024-10-30,72.66999816894531,74.05999755859375,72.0199966430664,72.25,330400.0
2024-10-31,72.36000061035156,73.19999694824219,72.0199966430664,72.2300033569336,423500.0
2024-11-01,72.66000366210938,73.05000305175781,72.04000091552734,72.37000274658203,308600.0
2024-11-04,71.83999633789062,72.48999786376953,71.4000015258789,71.6500015258789,408600.0
2024-11-05,72.05000305175781,73.3499984741211,71.7699966430664,73.18000030517578,330700.0
2024-11-06,78.36000061035156,81.38999938964844,76.73999786376953,80.01000213623047,865500.0
2024-11-07,79.38999938964844,79.98999786376953,77.25,77.58999633789062,559600.0
2024-11-08,78.01000213623047,78.51000213623047,77.26000213623047,77.69000244140625,330400.0
2024-11-11,78.98999786376953,81.44999694824219,78.37000274658203,80.0199966430664,411300.0
2024-11-12,79.88999938964844,81.2300033569336,78.62999725341797,78.8499984741211,247300.0
2024-11-13,79.62000274658203,80.38999938964844,77.75,77.7699966430664,233700.0
2024-11-14,78.33000183105469,78.61000061035156,76.77999877929688,77.29000091552734,196100.0
2024-11-15,77.87000274658203,77.97000122070312,76.5,77.58999633789062,251000.0
2024-11-18,77.55000305175781,78.25,77.12000274658203,77.16999816894531,243800.0
2024-11-19,76.11000061035156,77.27999877929688,76.05999755859375,77.06999969482422,274800.0
2024-11-20,76.87000274658203,77.20999908447266,75.9000015258789,76.43000030517578,168200.0
2024-11-21,76.43000030517578,78.80000305175781,76.33999633789062,77.94999694824219,236800.0
2024-11-22,78.25,80.37999725341797,78.1500015258789,80.27999877929688,305100.0
2024-11-25,80.9000015258789,82.69999694824219,80.3499984741211,80.51000213623047,864300.0
2024-11-26,80.44999694824219,80.93000030517578,79.37999725341797,79.80999755859375,297300.0
2024-11-27,80.48999786376953,81.41999816894531,80.08000183105469,80.3499984741211,286000.0
2024-11-29,80.52999877929688,80.58999633789062,78.36000061035156,78.9800033569336,120900.0
2024-12-02,79.1500015258789,79.41999816894531,77.69999694824219,78.66999816894531,255900.0
2024-12-03,78.62000274658203,79.25,77.97000122070312,78.2699966430664,218000.0
2024-12-04,78.37000274658203,78.7699966430664,77.0,78.0,229400.0
2024-12-05,78.58999633789062,79.0,76.45999908447266,76.55000305175781,204700.0
2024-12-06,77.22000122070312,77.43000030517578,75.88999938964844,76.41999816894531,230000.0
2024-12-09,76.7699966430664,77.29000091552734,75.58000183105469,75.7699966430664,235800.0
2024-12-10,75.94999694824219,76.95999908447266,74.87000274658203,75.38999938964844,380400.0
2024-12-11,76.08999633789062,76.95999908447266,75.2699966430664,75.30999755859375,489500.0
2024-12-12,75.25,76.25,74.54000091552734,74.70999908447266,449600.0
2024-12-13,74.55999755859375,74.69999694824219,73.1500015258789,74.08000183105469,320700.0
2024-12-16,74.18000030517578,74.5999984741211,73.63999938964844,74.25,371400.0
2024-12-17,73.72000122070312,74.56999969482422,72.80000305175781,73.02999877929688,461100.0
2024-12-18,73.7300033569336,74.4000015258789,69.37999725341797,69.66999816894531,531800.0
2024-12-19,70.81999969482422,71.01000213623047,68.08999633789062,68.20999908447266,346500.0
2024-12-20,67.81999969482422,70.2699966430664,67.5199966430664,69.44999694824219,922700.0
2024-12-23,68.80000305175781,69.91000366210938,68.80000305175781,69.75,319900.0
2024-12-24,69.68000030517578,70.52999877929688,69.38999938964844,70.52999877929688,112700.0
2024-12-26,69.9000015258789,71.81999969482422,69.80000305175781,71.6500015258789,250000.0
2024-12-27,71.12000274658203,71.68000030517578,69.9000015258789,70.38999938964844,309000.0
2024-12-30,69.98999786376953,71.6500015258789,69.05000305175781,71.44000244140625,495700.0
2024-12-31,71.45999908447266,72.0199966430664,70.3499984741211,71.23999786376953,329600.0
2025-01-02,71.62000274658203,71.93000030517578,69.94999694824219,70.05000305175781,336200.0
2025-01-03,70.19999694824219,71.93000030517578,69.55000305175781,71.91000366210938,327000.0
2025-01-06,72.0,72.83000183105469,70.91999816894531,71.23999786376953,461500.0
2025-01-07,71.66999816894531,72.0,68.6500015258789,69.5999984741211,414100.0
2025-01-08,69.01000213623047,69.62999725341797,68.45999908447266,69.31999969482422,300700.0
2025-01-10,67.76000213623047,68.05000305175781,66.52999877929688,67.38999938964844,653600.0
2025-01-13,67.08000183105469,68.9000015258789,67.08000183105469,68.58999633789062,539400.0
2025-01-14,69.13999938964844,70.37999725341797,68.97000122070312,70.16999816894531,398300.0
2025-01-15,72.29000091552734,72.5999984741211,70.87000274658203,71.30000305175781,368200.0
2025-01-16,70.88999938964844,71.13999938964844,69.73999786376953,70.87000274658203,371700.0
2025-01-17,71.66999816894531,71.75,70.55000305175781,71.22000122070312,355100.0
2025-01-21,71.54000091552734,72.36000061035156,71.2699966430664,71.45999908447266,297800.0
2025-01-22,71.0,71.58000183105469,70.63999938964844,71.11000061035156,340600.0
2025-01-23,70.80999755859375,72.16999816894531,70.66999816894531,71.12000274658203,461400.0
2025-01-24,70.7699966430664,71.6500015258789,70.27999877929688,71.11000061035156,475600.0
2025-01-27,73.18000030517578,74.54000091552734,70.37000274658203,74.1500015258789,1005000.0
2025-01-28,74.38999938964844,75.91999816894531,74.04000091552734,75.47000122070312,700200.0
2025-01-29,75.11000061035156,75.68000030517578,74.13999938964844,74.30000305175781,519400.0
2025-01-30,74.97000122070312,75.55000305175781,74.16999816894531,74.70999908447266,361500.0
2025-01-31,74.76000213623047,75.16000366210938,73.87000274658203,74.51000213623047,309600.0
2025-02-03,72.80999755859375,74.4800033569336,71.88999938964844,73.23999786376953,288300.0
2025-02-04,73.23999786376953,75.25,73.23999786376953,75.11000061035156,366100.0
2025-02-05,75.62999725341797,75.73999786376953,74.19000244140625,75.44000244140625,228700.0
2025-02-06,75.61000061035156,76.0,74.81999969482422,75.80999755859375,360200.0
2025-02-07,75.69000244140625,75.73999786376953,74.4800033569336,75.12000274658203,270900.0
2025-02-10,75.30999755859375,75.30999755859375,73.68000030517578,73.77999877929688,309200.0
2025-02-11,73.38999938964844,74.70999908447266,73.3499984741211,74.6500015258789,269800.0
2025-02-12,73.4800033569336,73.55000305175781,72.4000015258789,72.66000366210938,383600.0
2025-02-13,72.80000305175781,73.05999755859375,72.23999786376953,72.66000366210938,181800.0
2025-02-14,73.19999694824219,74.20999908447266,72.62000274658203,72.87000274658203,199900.0
2025-02-18,72.76000213623047,74.12999725341797,72.62000274658203,73.54000091552734,259900.0
2025-02-19,72.63999938964844,73.80999755859375,72.63999938964844,73.16000366210938,262600.0
2025-02-20,72.87999725341797,73.13999938964844,71.62000274658203,72.5999984741211,370300.0
2025-02-21,73.36000061035156,73.36000061035156,70.68000030517578,70.8499984741211,303500.0
2025-02-24,71.23999786376953,71.30000305175781,70.12000274658203,70.2300033569336,286700.0
2025-02-25,70.66000366210938,71.70999908447266,70.41000366210938,70.91999816894531,286400.0
2025-02-26,70.73999786376953,71.33000183105469,70.22000122070312,70.97000122070312,368300.0
2025-02-27,70.94000244140625,71.83999633789062,70.87000274658203,71.47000122070312,262300.0
2025-02-28,71.33999633789062,72.58000183105469,71.33999633789062,72.22000122070312,474500.0
2025-03-03,72.12000274658203,74.1500015258789,71.55000305175781,72.01000213623047,517200.0
2025-03-04,71.25,71.7699966430664,69.3499984741211,69.6500015258789,560500.0
2025-03-05,69.69999694824219,70.25,68.45999908447266,69.5,505400.0
2025-03-06,68.87000274658203,69.55999755859375,68.01000213623047,69.05000305175781,395800.0
2025-03-07,68.94999694824219,70.18000030517578,67.94000244140625,69.62999725341797,357800.0
2025-03-10,68.68000030517578,70.87999725341797,68.26000213623047,68.52999877929688,913800.0
2025-03-11,68.66999816894531,69.11000061035156,66.97000122070312,67.33999633789062,560800.0
2025-03-12,67.7300033569336,68.19000244140625,66.33000183105469,66.51000213623047,554300.0
2025-03-13,66.86000061035156,67.36000061035156,65.81999969482422,65.97000122070312,408800.0
2025-03-14,66.44999694824219,68.13999938964844,65.98999786376953,68.0999984741211,368700.0
2025-03-17,68.0,69.3499984741211,67.75,68.7699966430664,567300.0
2025-03-18,68.44000244140625,68.9000015258789,67.4000015258789,68.26000213623047,392700.0
2025-03-19,68.48999786376953,68.88999938964844,67.5,68.06999969482422,467000.0
2025-03-20,67.30999755859375,69.02999877929688,67.12000274658203,68.26000213623047,594900.0
2025-03-21,68.5,68.77999877929688,67.30999755859375,68.44000244140625,2866500.0
2025-03-24,69.16000366210938,70.37999725341797,68.47000122070312,70.20999908447266,536700.0
2025-03-25,70.20999908447266,70.62999725341797,69.1500015258789,69.7300033569336,337800.0
2025-03-26,70.01000213623047,70.94999694824219,69.83999633789062,70.18000030517578,446500.0
2025-03-27,70.31999969482422,70.47000122070312,69.0999984741211,69.79000091552734,291200.0
2025-03-28,69.47000122070312,70.33000183105469,67.94000244140625,68.55000305175781,254800.0
2025-03-31,67.94000244140625,69.38999938964844,67.33999633789062,68.97000122070312,273400.0
2025-04-01,68.55000305175781,68.75,67.61000061035156,68.47000122070312,259600.0
2025-04-02,67.79000091552734,69.51000213623047,67.72000122070312,69.5,244900.0
2025-04-03,66.08999633789062,66.8499984741211,64.87000274658203,64.91000366210938,689600.0
2025-04-04,62.31999969482422,63.04999923706055,60.279998779296875,61.5,766300.0
2025-04-07,59.72999954223633,64.3499984741211,58.45000076293945,60.869998931884766,699200.0
2025-04-08,62.34000015258789,63.099998474121094,59.31999969482422,60.02000045776367,773000.0
2025-04-09,58.90999984741211,64.05000305175781,57.45000076293945,63.18000030517578,832700.0
2025-04-10,61.869998931884766,61.869998931884766,59.279998779296875,60.41999816894531,876000.0
2025-04-11,59.599998474121094,62.060001373291016,58.86000061035156,61.25,505100.0
2025-04-14,62.04999923706055,62.43000030517578,60.40999984741211,62.099998474121094,543300.0
2025-04-15,62.22999954223633,63.88999938964844,62.22999954223633,63.33000183105469,353800.0
2025-04-16,63.279998779296875,64.41999816894531,63.16999816894531,64.2300033569336,682500.0
2025-04-17,64.01000213623047,65.38999938964844,64.01000213623047,65.01000213623047,666100.0
2025-04-21,66.0,66.22000122070312,63.5099983215332,64.37999725341797,675300.0
2025-04-22,65.22000122070312,66.9000015258789,65.05000305175781,66.80999755859375,468100.0
2025-04-23,68.0,69.13999938964844,66.08000183105469,66.56999969482422,495200.0
2025-04-24,66.1500015258789,66.5199966430664,65.29000091552734,66.33999633789062,571600.0
2025-04-25,65.68000030517578,66.2300033569336,65.47000122070312,65.91999816894531,314900.0
2025-04-28,65.81999969482422,66.56999969482422,65.58000183105469,66.44999694824219,551600.0
2025-04-29,66.26000213623047,66.80999755859375,65.12999725341797,66.79000091552734,399100.0
2025-04-30,65.9000015258789,66.62999725341797,65.27999877929688,66.11000061035156,313700.0
2025-05-01,65.91999816894531,67.83000183105469,65.55999755859375,67.1500015258789,370900.0
2025-05-02,67.94999694824219,68.47000122070312,67.16000366210938,68.33999633789062,250100.0
2025-05-05,67.95999908447266,69.30000305175781,66.87999725341797,68.25,315900.0
2025-05-06,67.61000061035156,68.52999877929688,66.7699966430664,67.80999755859375,245700.0
2025-05-07,68.4000015258789,68.72000122070312,66.4800033569336,66.93000030517578,594300.0
2025-05-08,67.44999694824219,68.88999938964844,67.12999725341797,68.4000015258789,404000.0
2025-05-09,68.62000274658203,68.77999877929688,67.73999786376953,68.05999755859375,569800.0
2025-05-12,70.80999755859375,71.3499984741211,69.91999816894531,70.83000183105469,442900.0
2025-05-13,71.08000183105469,71.08000183105469,69.62999725341797,70.44000244140625,288800.0
2025-05-14,70.02999877929688,70.33000183105469,69.37999725341797,69.54000091552734,285600.0
2025-05-15,69.69999694824219,70.25,69.01000213623047,70.05000305175781,253000.0
2025-05-16,69.98999786376953,70.16000366210938,69.0199966430664,70.0,352600.0
2025-05-19,69.2699966430664,70.0,69.19999694824219,69.83000183105469,245000.0
2025-05-20,69.76000213623047,70.08999633789062,69.38999938964844,69.51000213623047,218700.0
2025-05-21,68.97000122070312,69.19999694824219,67.30999755859375,67.38999938964844,234000.0
2025-05-22,66.98999786376953,68.68000030517578,66.83000183105469,67.61000061035156,475800.0
2025-05-23,66.16999816894531,67.11000061035156,66.11000061035156,66.88999938964844,412600.0
2025-05-27,67.5199966430664,67.93000030517578,66.70999908447266,67.93000030517578,204300.0
2025-05-28,67.66999816894531,68.22000122070312,66.66999816894531,66.70999908447266,251200.0
2025-05-29,67.02999877929688,67.47000122070312,66.25,67.44999694824219,345400.0
2025-05-30,66.62000274658203,66.87000274658203,66.0,66.51000213623047,261100.0
2025-06-02,66.52999877929688,66.56999969482422,65.05999755859375,65.87000274658203,409000.0
2025-06-03,65.75,66.77999877929688,65.30999755859375,66.51000213623047,286400.0
2025-06-04,66.33999633789062,66.5999984741211,65.61000061035156,65.95999908447266,377000.0
2025-06-05,65.88999938964844,66.20999908447266,65.38999938964844,65.9000015258789,229300.0
2025-06-06,67.05999755859375,67.37000274658203,66.31999969482422,66.94999694824219,242900.0
2025-06-09,67.16999816894531,68.37000274658203,66.7300033569336,67.68000030517578,294900.0
2025-06-10,67.70999908447266,69.01000213623047,67.70999908447266,68.26000213623047,205000.0
2025-06-11,68.47000122070312,68.87000274658203,67.11000061035156,67.25,243900.0
2025-06-12,67.0,67.0,66.19999694824219,66.7699966430664,206400.0
2025-06-13,65.56999969482422,66.0,64.97000122070312,65.36000061035156,287100.0
2025-06-16,66.19000244140625,66.4000015258789,65.0,65.1500015258789,294600.0
2025-06-17,64.83999633789062,65.4000015258789,64.36000061035156,64.68000030517578,213800.0
2025-06-18,64.51000213623047,65.66999816894531,64.30000305175781,65.22000122070312,195700.0
2025-06-20,65.55999755859375,65.91000366210938,64.94999694824219,65.0999984741211,476200.0
2025-06-23,64.97000122070312,66.81999969482422,64.80999755859375,66.7699966430664,305400.0
2025-06-24,67.0999984741211,68.23999786376953,67.04000091552734,67.08000183105469,258100.0
2025-06-25,66.93000030517578,67.19000244140625,66.66000366210938,66.87999725341797,211600.0
2025-06-26,67.16000366210938,68.4800033569336,67.05000305175781,68.41000366210938,294500.0
2025-06-27,68.2699966430664,68.62000274658203,67.37999725341797,67.83999633789062,1158700.0
2025-06-30,68.19000244140625,68.37999725341797,67.4000015258789,67.52999877929688,392200.0
2025-07-01,67.26000213623047,70.97000122070312,67.26000213623047,70.02999877929688,484200.0
2025-07-02,70.05999755859375,70.91999816894531,69.56999969482422,70.9000015258789,485400.0
2025-07-03,71.36000061035156,71.9000015258789,70.93000030517578,71.12999725341797,151600.0
2025-07-07,70.72000122070312,71.41999816894531,69.58000183105469,69.76000213623047,322600.0
2025-07-08,70.29000091552734,71.05999755859375,69.87999725341797,70.27999877929688,517000.0
2025-07-09,70.41999816894531,70.86000061035156,69.69000244140625,70.20999908447266,222500.0
2025-07-10,69.8499984741211,70.72000122070312,69.4800033569336,70.06999969482422,366400.0
2025-07-11,69.41000366210938,69.98999786376953,68.73999786376953,68.94999694824219,341300.0
2025-07-14,68.98999786376953,69.7699966430664,68.68000030517578,69.5199966430664,363100.0
2025-07-15,69.2300033569336,69.3499984741211,66.83000183105469,66.9800033569336,391100.0
2025-07-16,67.37999725341797,67.66000366210938,66.16999816894531,67.04000091552734,280900.0
2025-07-17,66.98999786376953,68.16999816894531,66.98999786376953,68.0999984741211,414300.0
2025-07-18,68.43000030517578,68.43000030517578,67.16000366210938,67.6500015258789,284300.0
2025-07-21,67.66000366210938,68.72000122070312,67.48999786376953,67.58999633789062,324000.0
2025-07-22,67.61000061035156,68.1500015258789,67.27999877929688,67.27999877929688,416200.0
2025-07-23,67.5999984741211,68.12000274658203,66.5,67.43000030517578,298000.0
2025-07-24,66.80999755859375,67.58000183105469,65.86000061035156,66.0,282500.0
2025-07-25,66.05999755859375,66.2699966430664,65.22000122070312,65.69000244140625,408000.0
2025-07-28,65.30000305175781,65.5,61.400001525878906,62.869998931884766,1148400.0
2025-07-29,62.630001068115234,63.15999984741211,61.90999984741211,62.61000061035156,1245500.0
2025-07-30,62.52000045776367,63.45000076293945,61.86000061035156,62.20000076293945,637900.0
2025-07-31,61.41999816894531,62.33000183105469,61.22999954223633,61.880001068115234,395200.0
2025-08-01,61.15999984741211,62.0099983215332,60.31999969482422,61.349998474121094,619100.0
2025-08-04,61.119998931884766,62.720001220703125,60.70000076293945,62.560001373291016,477000.0
2025-08-05,62.689998626708984,63.16999816894531,61.779998779296875,63.150001525878906,390600.0
2025-08-06,63.150001525878906,63.150001525878906,62.2599983215332,62.619998931884766,346600.0
2025-08-07,63.13999938964844,63.20000076293945,62.189998626708984,62.279998779296875,420600.0
2025-08-08,62.779998779296875,63.33000183105469,62.36000061035156,63.2599983215332,509300.0
2025-08-11,63.36000061035156,63.47999954223633,62.7400016784668,63.2400016784668,339000.0
2025-08-12,63.7400016784668,65.83999633789062,63.68000030517578,65.5999984741211,410300.0
2025-08-13,65.68000030517578,67.16000366210938,65.68000030517578,67.05999755859375,377100.0
2025-08-14,66.12000274658203,66.91999816894531,65.69999694824219,66.83999633789062,362200.0
2025-08-15,67.04000091552734,67.04000091552734,65.30999755859375,65.3499984741211,204900.0
2025-08-18,65.30000305175781,65.30000305175781,64.56999969482422,64.86000061035156,313600.0
2025-08-19,64.87999725341797,65.80999755859375,64.87999725341797,65.75,527300.0
2025-08-20,65.95999908447266,66.16000366210938,65.23999786376953,65.62000274658203,337100.0
2025-08-21,65.25,65.66999816894531,65.19999694824219,65.54000091552734,236300.0
2025-08-22,65.91999816894531,69.19999694824219,65.69000244140625,68.68000030517578,582300.0
2025-08-25,68.27999877929688,68.58999633789062,67.66999816894531,67.91999816894531,464500.0
2025-08-26,67.88999938964844,68.93000030517578,67.54000091552734,68.5199966430664,300700.0
2025-08-27,68.41000366210938,69.22000122070312,68.19999694824219,68.70999908447266,246600.0
2025-08-28,69.22000122070312,69.22000122070312,68.06999969482422,68.5199966430664,250400.0
2025-08-29,67.81999969482422,68.68000030517578,67.80999755859375,68.12000274658203,357600.0
2025-09-02,67.23999786376953,67.56999969482422,66.58000183105469,66.93000030517578,319600.0
2025-09-03,66.83000183105469,67.69999694824219,66.72000122070312,67.52999877929688,310000.0
2025-09-04,67.69999694824219,68.87999725341797,67.44000244140625,68.86000061035156,296800.0
2025-09-05,69.27999877929688,70.19999694824219,68.06999969482422,68.30999755859375,469100.0
2025-09-08,68.18000030517578,68.29000091552734,67.06999969482422,68.2699966430664,244200.0
2025-09-09,68.27999877929688,68.27999877929688,67.44999694824219,68.12000274658203,314400.0
2025-09-10,68.01000213623047,68.58000183105469,67.08000183105469,67.94000244140625,417400.0
2025-09-11,67.97000122070312,68.95999908447266,67.69999694824219,68.83000183105469,536400.0
2025-09-12,68.55000305175781,68.81999969482422,67.91999816894531,68.0199966430664,314500.0
2025-09-15,68.05000305175781,68.31999969482422,66.45999908447266,66.62000274658203,321700.0
2025-09-16,66.44000244140625,66.63999938964844,65.19000244140625,65.76000213623047,270000.0
2025-09-17,65.8499984741211,68.54000091552734,65.47000122070312,66.93000030517578,394800.0
2025-09-18,67.16999816894531,68.55000305175781,67.01000213623047,67.9800033569336,950500.0
2025-09-19,68.0199966430664,68.0199966430664,66.2300033569336,66.5999984741211,1066300.0
2025-09-22,66.41999816894531,66.75,65.51000213623047,65.62999725341797,291700.0
2025-09-23,65.83000183105469,67.16999816894531,65.83000183105469,66.05999755859375,398200.0
2025-09-24,65.95999908447266,66.58000183105469,65.86000061035156,66.12000274658203,247700.0
2025-09-25,66.08999633789062,66.08999633789062,65.37000274658203,65.63999938964844,230700.0
2025-09-26,65.95999908447266,66.30999755859375,65.45999908447266,65.80000305175781,196100.0
2025-09-29,65.7300033569336,65.7300033569336,64.87999725341797,65.56999969482422,284600.0
2025-09-30,65.69000244140625,65.94000244140625,64.58000183105469,65.63999938964844,211100.0
2025-10-01,65.33000183105469,65.45999908447266,64.63999938964844,64.91999816894531,212300.0
2025-10-02,64.7300033569336,65.02999877929688,64.19999694824219,64.61000061035156,263100.0
2025-10-03,64.87000274658203,65.6500015258789,64.54000091552734,65.0,268600.0
2025-10-06,65.7699966430664,66.31999969482422,64.91999816894531,65.72000122070312,262800.0
2025-10-07,65.68000030517578,66.63999938964844,65.31999969482422,65.37000274658203,297000.0
2025-10-08,65.37000274658203,65.51000213623047,64.55000305175781,64.9800033569336,334600.0
2025-10-09,65.08999633789062,65.13999938964844,64.0999984741211,64.6500015258789,283000.0
2025-10-10,65.05999755859375,65.36000061035156,62.369998931884766,62.5,438100.0
2025-10-13,63.06999969482422,63.529998779296875,62.43000030517578,63.470001220703125,345000.0
2025-10-14,63.220001220703125,64.54000091552734,62.9900016784668,64.26000213623047,564700.0
2025-10-15,64.30999755859375,64.45999908447266,62.040000915527344,62.709999084472656,657200.0
2025-10-16,62.31999969482422,62.56999969482422,59.36000061035156,59.81999969482422,878400.0
2025-10-17,60.279998779296875,61.220001220703125,59.97999954223633,61.130001068115234,652000.0
2025-10-20,61.38999938964844,62.220001220703125,61.189998626708984,61.81999969482422,339000.0
2025-10-21,61.65999984741211,62.18000030517578,61.540000915527344,61.7400016784668,279100.0
2025-10-22,61.95000076293945,62.529998779296875,61.34000015258789,61.58000183105469,431100.0
2025-10-23,61.900001525878906,62.47999954223633,60.959999084472656,62.29999923706055,383000.0
2025-10-24,62.84000015258789,64.5,62.66999816894531,63.900001525878906,758500.0
2025-10-27,65.8499984741211,66.29000091552734,62.5099983215332,64.06999969482422,1100600.0
2025-10-28,64.66000366210938,65.94999694824219,63.599998474121094,65.54000091552734,736300.0
2025-10-29,65.23999786376953,66.08000183105469,64.0999984741211,64.41999816894531,615600.0
2025-10-30,64.22000122070312,65.26000213623047,64.22000122070312,64.94000244140625,557600.0
2025-10-31,64.58000183105469,65.0199966430664,63.88999938964844,64.93000030517578,445400.0
2025-11-03,64.45999908447266,65.2300033569336,63.54999923706055,65.19000244140625,409800.0
2025-11-04,64.79000091552734,64.94999694824219,64.20999908447266,64.5,343700.0
2025-11-05,64.54000091552734,65.87999725341797,64.12999725341797,65.55999755859375,322200.0
2025-11-06,65.20999908447266,65.5999984741211,64.41999816894531,64.6500015258789,323700.0
2025-11-07,64.81999969482422,65.68000030517578,64.05000305175781,65.66999816894531,281900.0
2025-11-10,65.55000305175781,66.5199966430664,64.98999786376953,65.91999816894531,439400.0
2025-11-11,66.4000015258789,66.75,66.02999877929688,66.61000061035156,398300.0
2025-11-12,66.58000183105469,67.31999969482422,66.27999877929688,66.27999877929688,315800.0
2025-11-13,65.81999969482422,66.76000213623047,65.5999984741211,65.98999786376953,269300.0
2025-11-14,65.9000015258789,66.05000305175781,64.80999755859375,65.9800033569336,292700.0
2025-11-17,65.91000366210938,65.9800033569336,63.060001373291016,63.09000015258789,458200.0
2025-11-18,62.540000915527344,63.83000183105469,62.540000915527344,63.349998474121094,269900.0
2025-11-19,63.65999984741211,63.88999938964844,63.16999816894531,63.779998779296875,288000.0
2025-11-20,64.0999984741211,65.13999938964844,63.400001525878906,63.70000076293945,240700.0
2025-11-21,64.16000366210938,65.8499984741211,63.849998474121094,65.0999984741211,492000.0
2025-11-24,64.93000030517578,65.5199966430664,64.22000122070312,65.20999908447266,393800.0
2025-11-25,65.7300033569336,67.44999694824219,65.7300033569336,66.87999725341797,375900.0
2025-11-26,66.4000015258789,67.30999755859375,66.37999725341797,66.4000015258789,567700.0
2025-11-28,65.88999938964844,66.12999725341797,65.2300033569336,65.54000091552734,205900.0
2025-12-01,64.87999725341797,66.48999786376953,64.87999725341797,66.22000122070312,340500.0
2025-12-02,66.44999694824219,66.44999694824219,65.44999694824219,65.44999694824219,288500.0
2025-12-03,65.37999725341797,66.37999725341797,65.29000091552734,65.98999786376953,434400.0
2025-12-04,66.05999755859375,67.12999725341797,65.87999725341797,66.62000274658203,309300.0
2025-12-05,66.18000030517578,66.93000030517578,66.16000366210938,66.51000213623047,206000.0
2025-12-08,66.88999938964844,68.0999984741211,66.52999877929688,67.41000366210938,541400.0
2025-12-09,67.37999725341797,68.30000305175781,67.37999725341797,67.6500015258789,327400.0
2025-12-10,67.62999725341797,69.88999938964844,67.29000091552734,69.56999969482422,570100.0
2025-12-11,69.5999984741211,70.58000183105469,69.4800033569336,69.5,340800.0
2025-12-12,69.8499984741211,69.8499984741211,68.5999984741211,69.1500015258789,381800.0
2025-12-15,69.81999969482422,70.19000244140625,69.0999984741211,69.62999725341797,513100.0
2025-12-16,69.75,70.2699966430664,68.91000366210938,69.25,446000.0
2025-12-17,69.22000122070312,70.79000091552734,69.0999984741211,70.66999816894531,415600.0
2025-12-18,71.12999725341797,71.45999908447266,70.36000061035156,71.33999633789062,446700.0
2025-12-19,71.11000061035156,71.56999969482422,70.27999877929688,70.94000244140625,1022800.0
2025-12-22,70.94000244140625,71.8499984741211,70.48999786376953,70.9000015258789,330600.0
2025-12-23,70.97000122070312,71.12999725341797,70.1500015258789,70.19000244140625,211600.0
2025-12-24,70.11000061035156,70.5199966430664,69.9000015258789,70.31999969482422,125600.0
2025-12-26,70.25,70.31999969482422,69.66000366210938,69.9800033569336,189400.0
2025-12-29,70.05999755859375,70.33999633789062,69.0999984741211,69.20999908447266,209100.0
2025-12-30,69.06999969482422,69.44999694824219,68.66999816894531,68.70999908447266,211100.0
2025-12-31,68.83000183105469,68.91000366210938,68.30000305175781,68.37000274658203,165000.0
2026-01-02,68.11000061035156,68.58999633789062,67.04000091552734,68.41999816894531,335000.0
2026-01-05,67.95999908447266,70.88999938964844,67.95999908447266,70.12000274658203,412700.0
2026-01-06,69.72000122070312,70.55999755859375,69.44000244140625,70.37999725341797,317600.0
2026-01-07,70.06999969482422,70.20999908447266,69.05999755859375,69.70999908447266,350000.0
2026-01-08,69.5199966430664,72.08000183105469,69.3499984741211,71.29000091552734,381800.0
2026-01-09,71.25,72.0,70.44999694824219,71.08000183105469,297200.0
2026-01-12,70.3499984741211,70.83000183105469,69.63999938964844,69.7300033569336,327200.0
2026-01-13,69.69999694824219,70.25,69.26000213623047,69.38999938964844,236100.0
2026-01-14,69.36000061035156,70.55000305175781,69.0,70.51000213623047,232800.0
2026-01-15,70.41999816894531,72.08999633789062,70.41999816894531,71.86000061035156,319800.0
2026-01-16,71.70999908447266,72.4000015258789,71.0199966430664,71.25,276500.0
2026-01-20,70.19000244140625,71.08000183105469,69.94999694824219,70.16999816894531,216000.0
2026-01-21,70.83000183105469,73.44000244140625,70.77999877929688,73.2300033569336,435600.0
2026-01-22,73.05000305175781,74.98999786376953,72.9800033569336,74.0199966430664,394200.0
2026-01-23,73.68000030517578,73.68000030517578,69.9000015258789,70.80000305175781,618700.0
2026-01-26,72.05999755859375,75.41999816894531,72.05999755859375,75.11000061035156,1111500.0
2026-01-27,77.75,78.25,74.66999816894531,74.76000213623047,663300.0
2026-01-28,74.83000183105469,75.37999725341797,73.87999725341797,74.13999938964844,470300.0
2026-01-29,74.47000122070312,75.33999633789062,73.70999908447266,75.33000183105469,474300.0
2026-01-30,74.80999755859375,75.72000122070312,74.12000274658203,74.77999877929688,464500.0
2026-02-02,74.66000366210938,76.0999984741211,73.94000244140625,75.44000244140625,407000.0
2026-02-03,74.37999725341797,76.5199966430664,74.20999908447266,75.16999816894531,587000.0
2026-02-04,75.97000122070312,77.31999969482422,75.76000213623047,76.33000183105469,481600.0
2026-02-05,76.58000183105469,77.45999908447266,75.95999908447266,77.38999938964844,596700.0
2026-02-06,78.0199966430664,79.05000305175781,77.9800033569336,78.91000366210938,481200.0
2026-02-09,78.20999908447266,79.41000366210938,78.12999725341797,79.12000274658203,540500.0
2026-02-10,79.0199966430664,79.5199966430664,77.98999786376953,78.77999877929688,502100.0
2026-02-11,79.5,80.25,77.04000091552734,77.19999694824219,531800.0
2026-02-12,77.68000030517578,77.95999908447266,75.1500015258789,76.63999938964844,379000.0
2026-02-13,76.58000183105469,79.0,75.83999633789062,78.19999694824219,686800.0
2026-02-17,78.33000183105469,79.26000213623047,77.87000274658203,79.02999877929688,470300.0
2026-02-18,79.05000305175781,80.61000061035156,78.7699966430664,79.05999755859375,426500.0
2026-02-19,78.72000122070312,79.11000061035156,77.7300033569336,79.0,351900.0
2026-02-20,79.08999633789062,80.11000061035156,78.01000213623047,80.06999969482422,298900.0
2026-02-23,80.0,80.33000183105469,75.56999969482422,76.72000122070312,375100.0
2026-02-24,76.48999786376953,77.0999984741211,75.5,76.83000183105469,280400.0
2026-02-25,77.5199966430664,78.25,76.68000030517578,78.22000122070312,238000.0
2026-02-26,78.5199966430664,79.86000061035156,77.43000030517578,78.69000244140625,405500.0
2026-02-27,76.69000244140625,77.0,73.48999786376953,75.7699966430664,682400.0
2026-03-02,74.70999908447266,78.44999694824219,74.55000305175781,78.13999938964844,801200.0
2026-03-03,76.4000015258789,78.41000366210938,75.68000030517578,77.81999969482422,640700.0
2026-03-04,78.29000091552734,79.01000213623047,77.44000244140625,78.30999755859375,546300.0
2026-03-05,77.66000366210938,77.95999908447266,75.68000030517578,76.5999984741211,488100.0
2026-03-06,74.77999877929688,75.70999908447266,73.01000213623047,75.62000274658203,394800.0
2026-03-09,74.41999816894531,74.83000183105469,71.7300033569336,74.29000091552734,659200.0
2026-03-10,74.08999633789062,75.69999694824219,72.55000305175781,74.06999969482422,593500.0
2026-03-11,73.62999725341797,74.36000061035156,72.5999984741211,73.88999938964844,442500.0
2026-03-12,72.63999938964844,73.9800033569336,72.13999938964844,73.75,365800.0
2026-03-13,74.33999633789062,74.55000305175781,73.05999755859375,73.08999633789062,526700.0
2026-03-16,73.69999694824219,73.87000274658203,72.19999694824219,72.22000122070312,366200.0
2026-03-17,73.18000030517578,73.55999755859375,71.76000213623047,72.2699966430664,296400.0
2026-03-18,72.05000305175781,72.58000183105469,71.05999755859375,71.55999755859375,401000.0
2026-03-19,71.36000061035156,72.01000213623047,70.5,71.1500015258789,329000.0
2026-03-20,71.44000244140625,71.87000274658203,70.37999725341797,70.56999969482422,695100.0
2026-03-23,72.31999969482422,73.72000122070312,71.69000244140625,72.29000091552734,351900.0
2026-03-24,71.66000366210938,73.93000030517578,71.63999938964844,73.41999816894531,382300.0
2026-03-25,74.19999694824219,74.69999694824219,73.33999633789062,74.0,237700.0
2026-03-26,73.5199966430664,74.51000213623047,73.5199966430664,74.01000213623047,228000.0
2026-03-27,73.58000183105469,73.58000183105469,72.56999969482422,72.69000244140625,198100.0
2026-03-30,73.4000015258789,73.62999725341797,72.69000244140625,72.76000213623047,251700.0
2026-03-31,73.91000366210938,74.83999633789062,73.38999938964844,74.25,373600.0
2026-04-01,74.7699966430664,75.51000213623047,74.44999694824219,74.94000244140625,436200.0
2026-04-02,73.4000015258789,74.83999633789062,72.98999786376953,74.79000091552734,221800.0
2026-04-06,74.94999694824219,76.37999725341797,74.43000030517578,76.23999786376953,250800.0
2026-04-07,76.80000305175781,77.31999969482422,75.66999816894531,76.5,374700.0
2026-04-08,78.3499984741211,79.2300033569336,78.12000274658203,78.2300033569336,337300.0
2026-04-09,77.93000030517578,80.04000091552734,77.44000244140625,79.55999755859375,395500.0
2026-04-10,79.4000015258789,79.52999877929688,77.97000122070312,78.54000091552734,298200.0
2026-04-13,78.22000122070312,79.2699966430664,77.37999725341797,79.13999938964844,451300.0
2026-04-14,78.77999877929688,79.45999908447266,77.77999877929688,79.12000274658203,282800.0
2026-04-15,79.12000274658203,79.19000244140625,77.97000122070312,78.66999816894531,348300.0
2026-04-16,78.41999816894531,78.66000366210938,77.93000030517578,78.38999938964844,335300.0
2026-04-17,79.37000274658203,81.29000091552734,78.58999633789062,80.08999633789062,720300.0
2026-04-20,77.41000366210938,82.73999786376953,77.41000366210938,80.05999755859375,646900.0
2026-04-21,79.83999633789062,79.83999633789062,77.16999816894531,77.77999877929688,625000.0
2026-04-22,78.08999633789062,78.77999877929688,76.93000030517578,78.11000061035156,432100.0
2026-04-23,78.4800033569336,78.83999633789062,77.63999938964844,77.87000274658203,320900.0
2026-04-24,77.66999816894531,78.0199966430664,76.6500015258789,77.08000183105469,413800.0
2026-04-27,77.16000366210938,79.05999755859375,77.16000366210938,78.70999908447266,329600.0
2026-04-28,79.55000305175781,80.0,77.9000015258789,77.91000366210938,347200.0
2026-04-29,77.41000366210938,78.02999877929688,76.66999816894531,77.37999725341797,831900.0
2026-04-30,76.76000213623047,79.55999755859375,76.76000213623047,79.51000213623047,571700.0
2026-05-01,79.55999755859375,80.31999969482422,78.51000213623047,80.13999938964844,420300.0
2026-05-04,79.41000366210938,80.62999725341797,78.94999694824219,79.13999938964844,426500.0
2026-05-05,79.25,80.31999969482422,78.83999633789062,79.88999938964844,377000.0
2026-05-06,80.63999938964844,81.36000061035156,80.29000091552734,80.69000244140625,414300.0
2026-05-07,80.87999725341797,81.16999816894531,79.83000183105469,79.87000274658203,289600.0
2026-05-08,80.11000061035156,80.58000183105469,79.76000213623047,80.45999908447266,420200.0
2026-05-11,80.80000305175781,80.93000030517578,78.26000213623047,78.45999908447266,481200.0
2026-05-12,78.58999633789062,78.58999633789062,76.13999938964844,77.5,406600.0
2026-05-13,77.05999755859375,77.27999877929688,75.7300033569336,75.76000213623047,586700.0
2026-05-14,76.37999725341797,77.51000213623047,76.37999725341797,76.91999816894531,319900.0
2026-05-15,76.91000366210938,76.91000366210938,74.83999633789062,75.72000122070312,429000.0
2026-05-18,74.43000030517578,77.06999969482422,74.43000030517578,76.94000244140625,286300.0
2026-05-19,76.43000030517578,76.56999969482422,75.66999816894531,76.48999786376953,416500.0
2026-05-20,76.58999633789062,78.69000244140625,76.58999633789062,78.22000122070312,308900.0
2026-05-21,77.6500015258789,78.30999755859375,77.05000305175781,78.12000274658203,329000.0
2026-05-22,78.2300033569336,78.55999755859375,77.55000305175781,77.79000091552734,247700.0
2026-05-26,78.20999908447266,79.37000274658203,77.81999969482422,78.41999816894531,291000.0
2026-05-27,78.9800033569336,79.26000213623047,77.62999725341797,77.86000061035156,272300.0
2026-05-28,77.68000030517578,77.73999786376953,76.75,77.29000091552734,339300.0
2026-05-29,76.52999877929688,77.11000061035156,76.29000091552734,76.5999984741211,288600.0
2026-06-01,75.94000244140625,76.36000061035156,70.06999969482422,74.44999694824219,469200.0
2026-06-02,74.52999877929688,75.9000015258789,74.52999877929688,75.80000305175781,289800.0
2026-06-03,75.30999755859375,75.69000244140625,74.13999938964844,74.19000244140625,450700.0
2026-06-04,75.45999908447266,76.44000244140625,75.30000305175781,76.37000274658203,315700.0
2026-06-05,76.4800033569336,77.44999694824219,76.12999725341797,77.05999755859375,246900.0
2026-06-08,77.41999816894531,77.69999694824219,76.48999786376953,76.72000122070312,231900.0
2026-06-09,77.3499984741211,79.43000030517578,77.3499984741211,77.9800033569336,228400.0
2026-06-10,78.30000305175781,78.97000122070312,77.8499984741211,78.29000091552734,300400.0
2026-06-11,78.6500015258789,79.08000183105469,77.69000244140625,78.83000183105469,292700.0
2026-06-12,79.43000030517578,80.41999816894531,79.11000061035156,80.25,232600.0
2026-06-15,80.62000274658203,81.31999969482422,78.6500015258789,78.8499984741211,273000.0
2026-06-16,79.52999877929688,79.7300033569336,78.77999877929688,79.19999694824219,322900.0
2026-06-17,78.63999938964844,79.5999984741211,76.37000274658203,77.30000305175781,519800.0
2026-06-18,77.8499984741211,78.36000061035156,77.52999877929688,77.8499984741211,611200.0
2026-06-22,78.0199966430664,79.38999938964844,78.0199966430664,79.18000030517578,286900.0
2026-06-23,79.62999725341797,81.18000030517578,79.27999877929688,81.0999984741211,399100.0
2026-06-24,81.27999877929688,82.11000061035156,81.04000091552734,81.75,350900.0
2026-06-25,82.52999877929688,83.18000030517578,81.23999786376953,81.77999877929688,393400.0
2026-06-26,82.08999633789062,82.5,81.13999938964844,81.98999786376953,794300.0
2026-06-29,81.06999969482422,81.66999816894531,80.5999984741211,80.80000305175781,414800.0
2026-06-30,80.52999877929688,81.6500015258789,80.37000274658203,81.48999786376953,414200.0
2026-07-01,81.66000366210938,83.63999938964844,81.0999984741211,82.9800033569336,338800.0
2026-07-02,83.7699966430664,83.80999755859375,81.86000061035156,82.7300033569336,259100.0
2026-07-06,82.61000061035156,83.30999755859375,82.25,83.05999755859375,273700.0
2026-07-07,83.66999816894531,83.73999786376953,82.6500015258789,82.69000244140625,334300.0
2026-07-08,82.22000122070312,82.26000213623047,80.33999633789062,80.93000030517578,540900.0
2026-07-09,80.70999908447266,82.87999725341797,80.70999908447266,81.88999938964844,402300.0
2026-07-10,82.19000244140625,83.04000091552734,81.94999694824219,82.4800033569336,426600.0
2026-07-13,82.44000244140625,82.91000366210938,81.87999725341797,82.37999725341797,469800.0
2026-07-14,82.44000244140625,82.83999633789062,81.5999984741211,82.08000183105469,344100.0
2026-07-15,82.20999908447266,84.2699966430664,82.20999908447266,83.13999938964844,426600.0
2026-07-16,83.30000305175781,86.30999755859375,82.06999969482422,85.79000091552734,573000.0
2026-07-17,84.77999877929688,85.94000244140625,84.19999694824219,85.8499984741211,639100.0
2026-07-20,85.43000030517578,85.95999908447266,83.63999938964844,83.80000305175781,527700.0
2026-07-21,84.20999908447266,84.44999694824219,82.66000366210938,84.4000015258789,395700.0
2026-07-22,84.61000061035156,84.95999908447266,83.76000213623047,84.73999786376953,411900.0
2026-07-23,83.75,84.80000305175781,82.94999694824219,84.75,539600.0
2026-07-24,85.33999633789062,85.87000274658203,83.97000122070312,83.97000122070312,917000.0
2026-07-27,83.19999694824219,84.22000122070312,79.81999969482422,80.0199966430664,1021500.0
2026-07-28,80.56999969482422,80.56999969482422,79.08999633789062,80.06999969482422,543000.0
2026-07-29,80.33000183105469,80.45999908447266,79.05999755859375,79.62000274658203,413800.0
2026-07-30,80.19000244140625,80.75,79.79000091552734,79.87000274658203,291900.0
2026-07-31,80.05000305175781,80.55999755859375,79.41999816894531,79.9000015258789,397800.0
2026-08-03,79.87000274658203,81.1500015258789,79.62999725341797,80.1500015258789,268300.0
2026-08-04,80.33000183105469,81.86000061035156,79.87999725341797,80.86000061035156,355400.0
2026-08-05,81.08000183105469,81.08000183105469,79.48999786376953,79.63999938964844,387300.0
2026-08-06,79.08000183105469,80.2699966430664,78.86000061035156,79.0199966430664,383600.0
2026-08-07,78.83999633789062,79.61000061035156,78.4800033569336,79.27999877929688,238300.0
2026-08-10,78.80999755859375,79.37999725341797,78.25,78.69000244140625,419600.0
2026-08-11,79.04000091552734,79.4800033569336,78.77999877929688,79.43000030517578,187000.0
2026-08-12,79.80999755859375,79.83000183105469,79.18000030517578,79.43000030517578,241500.0
2026-08-13,80.0,80.23999786376953,79.51000213623047,79.86000061035156,218000.0
2026-08-14,79.72000122070312,80.55000305175781,79.72000122070312,80.29000091552734,176200.0
2026-08-17,80.04000091552734,80.69999694824219,79.58000183105469,79.83000183105469,314100.0
2026-08-18,80.19999694824219,80.72000122070312,79.01000213623047,79.08000183105469,265600.0
2026-08-19,79.37000274658203,79.41999816894531,77.58999633789062,77.80999755859375,349400.0
2026-08-20,77.76000213623047,77.98999786376953,76.98999786376953,77.58999633789062,262700.0
2026-08-21,78.16000366210938,78.2699966430664,77.08999633789062,77.5,441400.0
2026-08-24,77.48999786376953,78.19999694824219,76.80999755859375,76.8499984741211,310700.0
2026-08-25,76.87999725341797,76.93000030517578,76.1500015258789,76.16000366210938,412800.0
2026-08-26,76.41999816894531,77.33999633789062,75.83000183105469,77.25,280100.0
2026-08-27,76.63999938964844,77.2699966430664,76.16999816894531,77.2300033569336,197700.0
2026-08-28,77.5,77.80999755859375,76.91000366210938,77.29000091552734,193600.0
2026-08-31,76.5999984741211,77.0199966430664,75.6500015258789,75.93000030517578,194600.0
2026-09-01,75.86000061035156,76.41000366210938,74.80000305175781,75.18000030517578,270500.0
2026-09-02,75.75,77.05999755859375,75.22000122070312,76.51000213623047,367800.0
2026-09-03,77.0,77.70999908447266,76.58999633789062,76.6500015258789,274800.0
2026-09-04,76.5199966430664,77.33999633789062,76.4800033569336,77.19000244140625,217400.0
2026-09-08,76.91999816894531,76.91999816894531,76.04000091552734,76.19000244140625,228300.0
2026-09-09,75.9800033569336,76.23999786376953,75.19999694824219,75.38999938964844,252200.0
2026-09-10,75.25,76.0999984741211,74.56999969482422,75.81999969482422,211800.0
2026-09-11,76.76000213623047,76.76000213623047,75.20999908447266,75.80000305175781,227800.0
2026-09-14,75.75,76.58000183105469,75.4800033569336,76.0,289400.0
2026-09-15,75.97000122070312,76.41000366210938,75.25,75.43000030517578,257000.0
2026-09-16,75.63999938964844,75.86000061035156,73.68000030517578,74.86000061035156,399600.0
2026-09-17,75.5199966430664,75.5199966430664,74.2699966430664,74.58000183105469,310900.0
2026-09-18,74.58000183105469,74.9000015258789,73.94000244140625,74.63999938964844,693100.0
2026-09-21,74.91000366210938,75.06999969482422,72.75,72.81999969482422,581100.0
2026-09-23,71.37999725341797,71.37999725341797,70.11000061035156,70.33999633789062,763600.0
2026-09-24,70.76000213623047,71.30999755859375,70.12999725341797,71.12999725341797,645100.0
