date,open,high,low,close,volume
2016-09-26,69.16000366210938,70.52999877929688,66.2699966430664,66.58999633789062,3242400.0
2016-09-27,67.12999725341797,67.26000213623047,66.30000305175781,66.91000366210938,2629900.0
2016-09-28,67.19999694824219,67.33999633789062,65.7699966430664,66.30999755859375,1562100.0
2016-09-29,66.29000091552734,66.68000030517578,64.94000244140625,65.2699966430664,1021000.0
2016-09-30,65.5,65.61000061035156,64.62000274658203,64.8499984741211,1171800.0
2016-10-03,64.91000366210938,65.93000030517578,64.63999938964844,65.76000213623047,1026500.0
2016-10-04,66.76000213623047,67.33000183105469,66.33000183105469,66.83999633789062,1389100.0
2016-10-05,66.98999786376953,67.55999755859375,66.52999877929688,67.41000366210938,1212900.0
2016-10-06,67.05000305175781,67.58000183105469,66.70999908447266,67.55999755859375,541900.0
2016-10-07,67.2300033569336,68.25,67.11000061035156,67.8499984741211,741100.0
2016-10-10,68.01000213623047,68.43000030517578,66.61000061035156,66.88999938964844,786800.0
2016-10-11,67.3499984741211,67.66000366210938,66.30000305175781,67.0999984741211,1315100.0
2016-10-12,66.8499984741211,67.5,66.16999816894531,66.80999755859375,692600.0
2016-10-13,66.22000122070312,66.66999816894531,65.69000244140625,65.88999938964844,1080000.0
2016-10-14,66.19000244140625,66.54000091552734,65.80999755859375,66.08999633789062,595300.0
2016-10-17,65.94000244140625,65.98999786376953,64.5199966430664,64.58000183105469,819200.0
2016-10-18,65.20999908447266,65.3499984741211,64.70999908447266,65.01000213623047,708500.0
2016-10-19,64.97000122070312,65.13999938964844,64.61000061035156,64.8499984741211,906000.0
2016-10-20,65.19999694824219,65.19999694824219,63.77000045776367,63.779998779296875,605800.0
2016-10-21,63.68000030517578,64.04000091552734,62.88999938964844,63.91999816894531,1346800.0
2016-10-24,64.1500015258789,64.44999694824219,63.970001220703125,64.33000183105469,507300.0
2016-10-25,64.5199966430664,64.54000091552734,63.75,63.91999816894531,693800.0
2016-10-26,63.77000045776367,64.0,63.310001373291016,63.5099983215332,971400.0
2016-10-27,62.66999816894531,62.790000915527344,61.58000183105469,62.15999984741211,1380900.0
2016-10-28,62.06999969482422,63.4900016784668,61.720001220703125,63.2400016784668,1123300.0
2016-10-31,62.97999954223633,63.439998626708984,62.400001525878906,63.209999084472656,894900.0
2016-11-01,63.0099983215332,63.400001525878906,62.58000183105469,63.11000061035156,815700.0
2016-11-02,62.79999923706055,63.459999084472656,62.79999923706055,62.900001525878906,445900.0
2016-11-03,62.7400016784668,63.439998626708984,62.72999954223633,62.9900016784668,657200.0
2016-11-04,63.220001220703125,64.08999633789062,62.68000030517578,63.400001525878906,549800.0
2016-11-07,63.91999816894531,64.05999755859375,62.75,63.70000076293945,824000.0
2016-11-08,63.400001525878906,63.880001068115234,62.970001220703125,63.59000015258789,852300.0
2016-11-09,63.86000061035156,66.22000122070312,63.630001068115234,66.19000244140625,1311500.0
2016-11-10,66.51000213623047,68.36000061035156,65.25,67.63999938964844,1618100.0
2016-11-11,67.4000015258789,68.16999816894531,66.98999786376953,67.94000244140625,2150800.0
2016-11-14,68.08999633789062,68.94999694824219,67.86000061035156,68.7699966430664,1878500.0
2016-11-15,68.43000030517578,68.5999984741211,67.97000122070312,68.52999877929688,840300.0
2016-11-16,68.19999694824219,68.66000366210938,67.91999816894531,68.5999984741211,592400.0
2016-11-17,68.45999908447266,69.01000213623047,68.37999725341797,68.87000274658203,529100.0
2016-11-18,68.75,68.81999969482422,67.88999938964844,68.68000030517578,1253100.0
2016-11-21,68.83000183105469,68.83000183105469,68.2300033569336,68.45999908447266,1691000.0
2016-11-22,68.70999908447266,68.70999908447266,68.12999725341797,68.26000213623047,595900.0
2016-11-23,68.08999633789062,68.47000122070312,67.8499984741211,67.94000244140625,626500.0
2016-11-25,68.2300033569336,68.63999938964844,67.8499984741211,68.43000030517578,250400.0
2016-11-28,68.4000015258789,68.72000122070312,67.9000015258789,68.62999725341797,811700.0
2016-11-29,68.58000183105469,69.08000183105469,68.13999938964844,68.80000305175781,983700.0
2016-11-30,68.83000183105469,69.44999694824219,68.22000122070312,68.9000015258789,1183200.0
2016-12-01,69.22000122070312,69.51000213623047,68.41000366210938,69.4800033569336,980900.0
2016-12-02,70.16000366210938,72.18000030517578,69.94999694824219,72.05999755859375,1396500.0
2016-12-05,71.91999816894531,72.94000244140625,71.80000305175781,72.63999938964844,1123700.0
2016-12-06,73.01000213623047,73.73999786376953,72.7699966430664,73.55000305175781,1178500.0
2016-12-07,73.70999908447266,75.13999938964844,73.52999877929688,74.83999633789062,1323000.0
2016-12-08,74.69999694824219,75.66000366210938,74.26000213623047,75.27999877929688,743300.0
2016-12-09,75.56999969482422,76.73999786376953,75.52999877929688,76.68000030517578,918900.0
2016-12-12,76.8499984741211,77.19000244140625,76.29000091552734,76.66000366210938,770600.0
2016-12-13,77.12999725341797,77.29000091552734,76.51000213623047,76.58999633789062,513400.0
2016-12-14,76.30999755859375,76.69999694824219,75.97000122070312,76.2699966430664,654900.0
2016-12-15,76.1500015258789,76.55000305175781,75.5,75.56999969482422,890800.0
2016-12-16,75.70999908447266,76.22000122070312,75.4000015258789,75.72000122070312,1841900.0
2016-12-19,75.95999908447266,76.76000213623047,75.23999786376953,75.41999816894531,521200.0
2016-12-20,74.9000015258789,75.12000274658203,74.16000366210938,74.9000015258789,717500.0
2016-12-21,74.88999938964844,75.12000274658203,74.0199966430664,74.12999725341797,512600.0
2016-12-22,74.22000122070312,74.55999755859375,73.2699966430664,73.69999694824219,371800.0
2016-12-23,73.55999755859375,73.62999725341797,72.81999969482422,73.4000015258789,438800.0
2016-12-27,73.5199966430664,73.9000015258789,73.04000091552734,73.73999786376953,428100.0
2016-12-28,74.0199966430664,74.12999725341797,73.23999786376953,73.30999755859375,365300.0
2016-12-29,73.54000091552734,73.69999694824219,73.2699966430664,73.66999816894531,383400.0
2016-12-30,73.76000213623047,74.0999984741211,73.4800033569336,73.88999938964844,522700.0
2017-01-03,73.68000030517578,74.20999908447266,72.54000091552734,73.01000213623047,652300.0
2017-01-04,74.47000122070312,75.91000366210938,73.63999938964844,75.87999725341797,871800.0
2017-01-05,75.6500015258789,76.19000244140625,74.8499984741211,75.08999633789062,591500.0
2017-01-06,75.94000244140625,76.08999633789062,75.43000030517578,75.5,732400.0
2017-01-09,75.25,75.36000061035156,74.12000274658203,74.52999877929688,569600.0
2017-01-10,74.61000061035156,74.9800033569336,73.66000366210938,73.68000030517578,548300.0
2017-01-11,73.69000244140625,74.05999755859375,73.12000274658203,73.94000244140625,578300.0
2017-01-12,73.69000244140625,73.83999633789062,72.63999938964844,73.83000183105469,454000.0
2017-01-13,74.5199966430664,75.05999755859375,73.55999755859375,75.0199966430664,513300.0
2017-01-17,75.51000213623047,75.58000183105469,74.66999816894531,74.76000213623047,792700.0
2017-01-18,75.06999969482422,75.31999969482422,74.38999938964844,75.29000091552734,507900.0
2017-01-19,75.19000244140625,75.79000091552734,75.01000213623047,75.75,624100.0
2017-01-20,75.88999938964844,76.6500015258789,75.5999984741211,76.63999938964844,692900.0
2017-01-23,76.63999938964844,76.69999694824219,75.61000061035156,76.05000305175781,646000.0
2017-01-24,76.37000274658203,77.2699966430664,76.27999877929688,76.79000091552734,558600.0
2017-01-25,77.0,78.11000061035156,76.69000244140625,77.94999694824219,707400.0
2017-01-26,77.98999786376953,78.25,77.6500015258789,77.97000122070312,701900.0
2017-01-27,78.06999969482422,78.37999725341797,77.33999633789062,77.83000183105469,464600.0
2017-01-30,77.45999908447266,77.87000274658203,76.80000305175781,77.87000274658203,615700.0
2017-01-31,78.69999694824219,79.76000213623047,78.25,79.62000274658203,1383600.0
2017-02-01,79.76000213623047,79.98999786376953,78.38999938964844,78.44999694824219,622700.0
2017-02-02,77.9800033569336,78.9000015258789,77.7699966430664,77.94000244140625,849700.0
2017-02-03,78.55999755859375,78.86000061035156,77.7300033569336,78.13999938964844,1116400.0
2017-02-06,78.05000305175781,78.22000122070312,77.44999694824219,77.79000091552734,962200.0
2017-02-07,78.54000091552734,80.0999984741211,77.52999877929688,79.19000244140625,1572800.0
2017-02-08,78.79000091552734,79.22000122070312,76.80000305175781,76.97000122070312,882300.0
2017-02-09,77.05999755859375,78.19000244140625,76.75,78.12999725341797,508500.0
2017-02-10,78.37000274658203,78.37000274658203,77.52999877929688,77.66999816894531,434400.0
2017-02-13,77.70999908447266,79.23999786376953,77.70999908447266,79.0999984741211,560800.0
2017-02-14,79.13999938964844,79.91999816894531,78.88999938964844,79.62000274658203,692400.0
2017-02-15,79.55999755859375,80.22000122070312,79.36000061035156,80.16000366210938,739500.0
2017-02-16,80.0999984741211,80.47000122070312,79.62000274658203,80.4000015258789,679800.0
2017-02-17,80.33000183105469,81.31999969482422,79.94999694824219,80.94000244140625,1104400.0
2017-02-21,81.18000030517578,81.37000274658203,80.45999908447266,80.54000091552734,860100.0
2017-02-22,79.94000244140625,80.87999725341797,79.86000061035156,80.54000091552734,712700.0
2017-02-23,80.56999969482422,80.83000183105469,80.01000213623047,80.26000213623047,669700.0
2017-02-24,79.29000091552734,80.29000091552734,79.2300033569336,79.69999694824219,2142000.0
2017-02-27,79.83999633789062,80.0,78.4000015258789,78.95999908447266,1412300.0
2017-02-28,78.62000274658203,78.80999755859375,77.33000183105469,78.05000305175781,20233300.0
2017-03-01,78.66999816894531,80.62999725341797,78.4000015258789,79.30000305175781,2719400.0
2017-03-02,79.0999984741211,79.16999816894531,77.7699966430664,78.25,2155800.0
2017-03-03,78.62000274658203,78.88999938964844,77.68000030517578,78.2699966430664,1742800.0
2017-03-06,78.05999755859375,78.54000091552734,77.70999908447266,77.98999786376953,1123000.0
2017-03-07,78.16000366210938,78.4800033569336,77.80000305175781,77.97000122070312,1243100.0
2017-03-08,78.16999816894531,78.75,77.8499984741211,78.38999938964844,1285000.0
2017-03-09,78.52999877929688,78.58999633789062,77.86000061035156,78.58000183105469,2220100.0
2017-03-10,79.12000274658203,79.66999816894531,78.77999877929688,79.62999725341797,1231800.0
2017-03-13,79.70999908447266,80.47000122070312,79.47000122070312,80.25,1055800.0
2017-03-14,79.88999938964844,80.58999633789062,79.8499984741211,80.37999725341797,846900.0
2017-03-15,80.75,80.75,79.9000015258789,80.26000213623047,1483900.0
2017-03-16,80.41999816894531,80.76000213623047,80.19000244140625,80.44999694824219,846300.0
2017-03-17,80.29000091552734,80.68000030517578,79.91000366210938,80.56999969482422,1465000.0
2017-03-20,80.37999725341797,80.97000122070312,80.08000183105469,80.51000213623047,1151400.0
2017-03-21,80.94000244140625,80.94000244140625,79.41000366210938,79.63999938964844,1264600.0
2017-03-22,79.55000305175781,80.06999969482422,79.18000030517578,79.7300033569336,1055800.0
2017-03-23,79.9000015258789,80.26000213623047,79.3499984741211,79.8499984741211,896400.0
2017-03-24,80.08999633789062,80.3499984741211,79.12000274658203,79.44000244140625,623400.0
2017-03-27,78.83000183105469,79.33000183105469,78.31999969482422,79.18000030517578,657400.0
2017-03-28,78.91999816894531,79.62999725341797,78.69000244140625,79.13999938964844,625700.0
2017-03-29,79.12000274658203,79.22000122070312,78.30999755859375,79.20999908447266,990400.0
2017-03-30,79.12999725341797,80.0999984741211,78.83000183105469,80.0,776200.0
2017-03-31,80.4000015258789,81.31999969482422,79.4000015258789,81.06999969482422,1009100.0
2017-04-03,81.02999877929688,81.44000244140625,80.05999755859375,80.66999816894531,743700.0
2017-04-04,80.62999725341797,80.91999816894531,80.22000122070312,80.88999938964844,1156400.0
2017-04-05,81.05999755859375,81.51000213623047,80.23999786376953,80.41999816894531,1020500.0
2017-04-06,80.43000030517578,80.83000183105469,80.11000061035156,80.31999969482422,1105800.0
2017-04-07,80.3499984741211,81.19000244140625,80.01000213623047,81.08000183105469,1019200.0
2017-04-10,81.29000091552734,81.56999969482422,80.77999877929688,81.11000061035156,721400.0
2017-04-11,80.62000274658203,80.98999786376953,80.0,80.58999633789062,1003400.0
2017-04-12,80.58999633789062,81.62999725341797,80.12000274658203,81.52999877929688,1050500.0
2017-04-13,81.36000061035156,82.16000366210938,80.58000183105469,81.29000091552734,672400.0
2017-04-17,81.26000213623047,82.25,80.93000030517578,82.16000366210938,607200.0
2017-04-18,81.75,82.62000274658203,81.75,81.93000030517578,654100.0
2017-04-19,81.94000244140625,82.5,81.94000244140625,82.22000122070312,636600.0
2017-04-20,82.72000122070312,83.30999755859375,82.27999877929688,83.0,945600.0
2017-04-21,82.97000122070312,83.52999877929688,82.73999786376953,82.98999786376953,880300.0
2017-04-24,83.81999969482422,84.1500015258789,83.30000305175781,83.83999633789062,1435600.0
2017-04-25,84.0999984741211,84.62999725341797,83.93000030517578,84.16000366210938,968700.0
2017-04-26,82.4000015258789,84.08000183105469,82.4000015258789,83.62999725341797,1186300.0
2017-04-27,83.80000305175781,83.80000305175781,82.29000091552734,82.4000015258789,1115700.0
2017-04-28,82.4800033569336,82.72000122070312,81.8499984741211,82.41000366210938,1823800.0
2017-05-01,82.62000274658203,83.0999984741211,82.30999755859375,82.66000366210938,926700.0
2017-05-02,82.7699966430664,83.12000274658203,82.0999984741211,82.9800033569336,948200.0
2017-05-03,82.48999786376953,83.1500015258789,82.27999877929688,83.02999877929688,999100.0
2017-05-04,83.16000366210938,83.70999908447266,82.44999694824219,82.9800033569336,818200.0
2017-05-05,83.25,83.87999725341797,82.98999786376953,83.76000213623047,886900.0
2017-05-08,83.56999969482422,84.08999633789062,82.13999938964844,82.26000213623047,989500.0
2017-05-09,83.0,85.3499984741211,83.0,84.98999786376953,2528900.0
2017-05-10,85.37999725341797,86.27999877929688,83.72000122070312,84.83999633789062,1336700.0
2017-05-11,84.44999694824219,84.83999633789062,83.72000122070312,84.36000061035156,1230100.0
2017-05-12,84.2699966430664,84.72000122070312,83.86000061035156,84.06999969482422,1069300.0
2017-05-15,84.41000366210938,85.12000274658203,84.16000366210938,85.0,1414000.0
2017-05-16,84.81999969482422,84.81999969482422,83.08999633789062,83.93000030517578,2093600.0
2017-05-17,83.16999816894531,84.69999694824219,82.54000091552734,84.1500015258789,1712000.0
2017-05-18,84.0999984741211,84.7699966430664,83.73999786376953,84.41000366210938,902200.0
2017-05-19,84.56999969482422,85.12999725341797,83.9000015258789,85.04000091552734,2979100.0
2017-05-22,85.0,85.36000061035156,84.55000305175781,85.05000305175781,966600.0
2017-05-23,85.12000274658203,85.79000091552734,84.88999938964844,85.7300033569336,1192200.0
2017-05-24,85.83999633789062,86.16999816894531,85.37000274658203,86.02999877929688,662900.0
2017-05-25,86.29000091552734,86.62999725341797,85.81999969482422,86.27999877929688,932100.0
2017-05-26,86.30000305175781,86.75,85.97000122070312,86.62999725341797,969200.0
2017-05-30,86.58000183105469,86.87999725341797,85.86000061035156,86.6500015258789,1070800.0
2017-05-31,86.73999786376953,86.88999938964844,86.05000305175781,86.37000274658203,5628400.0
2017-06-01,86.77999877929688,86.98999786376953,86.27999877929688,86.81999969482422,1230500.0
2017-06-02,86.88999938964844,87.0,86.2699966430664,86.75,878800.0
2017-06-05,86.66000366210938,87.25,86.37999725341797,86.9000015258789,1216700.0
2017-06-06,86.29000091552734,87.13999938964844,86.0999984741211,86.7699966430664,1011300.0
2017-06-07,87.0,89.16000366210938,86.58000183105469,88.87999725341797,1619300.0
2017-06-08,88.69000244140625,89.83000183105469,88.69000244140625,88.9800033569336,1251800.0
2017-06-09,88.80999755859375,89.7699966430664,88.48999786376953,89.75,1050100.0
2017-06-12,89.20999908447266,89.79000091552734,89.05000305175781,89.76000213623047,942100.0
2017-06-13,89.94000244140625,90.08999633789062,89.20999908447266,89.93000030517578,1269200.0
2017-06-14,89.33000183105469,90.29000091552734,89.33000183105469,90.0,823700.0
2017-06-15,89.4800033569336,89.69999694824219,88.98999786376953,89.54000091552734,746900.0
2017-06-16,88.83999633789062,89.95999908447266,88.18000030517578,88.56999969482422,3292200.0
2017-06-19,88.95999908447266,89.70999908447266,88.95999908447266,89.62000274658203,858200.0
2017-06-20,89.58999633789062,89.80999755859375,88.5999984741211,88.95999908447266,997100.0
2017-06-21,89.06999969482422,89.1500015258789,88.66999816894531,88.81999969482422,609600.0
2017-06-22,88.81999969482422,88.94000244140625,88.44000244140625,88.56999969482422,598500.0
2017-06-23,88.70999908447266,89.26000213623047,88.58999633789062,88.7699966430664,850200.0
2017-06-26,88.80000305175781,89.6500015258789,88.80000305175781,89.62000274658203,704500.0
2017-06-27,89.62000274658203,90.05999755859375,89.38999938964844,90.01000213623047,847400.0
2017-06-28,90.05999755859375,90.76000213623047,89.69999694824219,90.55000305175781,772800.0
2017-06-29,91.23999786376953,91.30000305175781,90.05000305175781,91.0,751100.0
2017-06-30,91.11000061035156,91.80000305175781,91.0,91.4000015258789,910000.0
2017-07-03,91.83000183105469,92.29000091552734,91.54000091552734,91.91000366210938,538100.0
2017-07-05,92.20999908447266,93.55000305175781,92.16000366210938,93.02999877929688,1392100.0
2017-07-06,92.95999908447266,93.41000366210938,92.12999725341797,92.18000030517578,919200.0
2017-07-07,92.31999969482422,93.29000091552734,91.4000015258789,92.9800033569336,1044800.0
2017-07-10,93.01000213623047,93.19999694824219,92.62000274658203,92.69000244140625,751100.0
2017-07-11,92.58000183105469,93.04000091552734,92.05000305175781,92.79000091552734,618700.0
2017-07-12,92.5199966430664,92.70999908447266,91.63999938964844,91.94000244140625,801200.0
2017-07-13,92.3499984741211,92.68000030517578,91.12000274658203,92.54000091552734,710600.0
2017-07-14,92.41000366210938,92.4800033569336,91.83000183105469,91.9800033569336,474000.0
2017-07-17,91.98999786376953,92.54000091552734,91.95999908447266,92.0199966430664,669900.0
2017-07-18,91.94000244140625,93.18000030517578,91.81999969482422,93.12000274658203,720900.0
2017-07-19,93.13999938964844,93.36000061035156,92.3499984741211,92.91000366210938,529700.0
2017-07-20,92.86000061035156,93.25,92.54000091552734,93.1500015258789,503600.0
2017-07-21,93.2699966430664,94.37000274658203,93.2699966430664,93.94000244140625,792700.0
2017-07-24,93.80999755859375,94.48999786376953,93.76000213623047,93.8499984741211,712000.0
2017-07-25,94.29000091552734,94.31999969482422,93.30999755859375,93.4000015258789,748300.0
2017-07-26,93.5999984741211,94.58999633789062,93.38999938964844,94.04000091552734,834700.0
2017-07-27,94.04000091552734,94.0999984741211,92.62000274658203,93.29000091552734,641000.0
2017-07-28,93.22000122070312,94.1500015258789,93.12000274658203,93.48999786376953,551100.0
2017-07-31,93.77999877929688,94.69999694824219,93.51000213623047,94.52999877929688,811200.0
2017-08-01,94.80999755859375,95.25,94.12999725341797,95.20999908447266,839400.0
2017-08-02,94.93000030517578,95.20999908447266,94.05000305175781,94.79000091552734,693400.0
2017-08-03,94.79000091552734,95.25,94.3499984741211,94.98999786376953,756200.0
2017-08-04,95.7699966430664,95.94999694824219,92.19999694824219,93.5,1228900.0
2017-08-07,93.5999984741211,95.3499984741211,92.36000061035156,94.63999938964844,1151700.0
2017-08-08,94.2699966430664,95.55999755859375,94.0199966430664,95.45999908447266,871100.0
2017-08-09,95.51000213623047,96.94999694824219,94.91000366210938,96.80000305175781,759100.0
2017-08-10,96.6500015258789,97.23999786376953,96.3499984741211,96.66999816894531,806800.0
2017-08-11,96.9800033569336,97.2699966430664,95.80999755859375,96.2300033569336,540000.0
2017-08-14,96.45999908447266,98.0199966430664,96.23999786376953,97.06999969482422,909600.0
2017-08-15,97.27999877929688,98.05999755859375,96.86000061035156,97.54000091552734,1029500.0
2017-08-16,97.79000091552734,98.55000305175781,97.5,97.83000183105469,667400.0
2017-08-17,97.87000274658203,98.04000091552734,97.12999725341797,97.19000244140625,797300.0
2017-08-18,96.93000030517578,97.31999969482422,96.23999786376953,96.30000305175781,1240900.0
2017-08-21,96.20999908447266,97.38999938964844,95.70999908447266,97.08999633789062,924800.0
2017-08-22,97.19999694824219,99.23999786376953,97.02999877929688,99.11000061035156,1048400.0
2017-08-23,98.80999755859375,99.4000015258789,98.37000274658203,98.4000015258789,865000.0
2017-08-24,99.0,99.04000091552734,98.19000244140625,98.45999908447266,738500.0
2017-08-25,98.9000015258789,99.98999786376953,98.55000305175781,99.7699966430664,787500.0
2017-08-28,100.0,100.44000244140625,99.16999816894531,100.1500015258789,720800.0
2017-08-29,100.0,100.37999725341797,99.66000366210938,100.33999633789062,634100.0
2017-08-30,100.41000366210938,100.56999969482422,99.63999938964844,100.2699966430664,728400.0
2017-08-31,100.63999938964844,101.3499984741211,100.33000183105469,100.88999938964844,987400.0
2017-09-01,100.61000061035156,101.16000366210938,100.5199966430664,100.94000244140625,649400.0
2017-09-05,100.52999877929688,102.31999969482422,100.52999877929688,102.19999694824219,1603200.0
2017-09-06,102.56999969482422,104.0999984741211,102.45999908447266,103.7300033569336,1355900.0
2017-09-07,104.01000213623047,104.31999969482422,103.19000244140625,103.68000030517578,967000.0
2017-09-08,103.76000213623047,105.91000366210938,103.69999694824219,104.73999786376953,1126100.0
2017-09-11,105.36000061035156,105.9000015258789,103.86000061035156,104.37999725341797,1296700.0
2017-09-12,104.7300033569336,105.48999786376953,104.27999877929688,104.7300033569336,1132400.0
2017-09-13,104.7300033569336,105.5999984741211,104.0199966430664,105.37000274658203,1698200.0
2017-09-14,105.0,106.52999877929688,105.0,105.8499984741211,1966400.0
2017-09-15,105.8499984741211,106.41000366210938,104.63999938964844,104.66999816894531,6221300.0
2017-09-18,104.6500015258789,105.80999755859375,104.6500015258789,105.48999786376953,1577300.0
2017-09-19,105.54000091552734,106.26000213623047,105.26000213623047,105.43000030517578,1514200.0
2017-09-20,105.66000366210938,107.05999755859375,105.43000030517578,106.4000015258789,919600.0
2017-09-21,106.5999984741211,106.9800033569336,105.55999755859375,106.26000213623047,973600.0
2017-09-22,106.19999694824219,106.72000122070312,105.80999755859375,106.5999984741211,733800.0
2017-09-25,106.72000122070312,106.98999786376953,105.58000183105469,106.30999755859375,785000.0
2017-09-26,106.30999755859375,106.69999694824219,104.66999816894531,104.70999908447266,846400.0
2017-09-27,105.3499984741211,107.06999969482422,105.0,106.69999694824219,864100.0
2017-09-28,106.54000091552734,107.72000122070312,106.51000213623047,107.31999969482422,601600.0
2017-09-29,107.37000274658203,108.26000213623047,107.01000213623047,107.62999725341797,785000.0
2017-10-02,107.91999816894531,108.41000366210938,107.4800033569336,108.18000030517578,674100.0
2017-10-03,108.70999908447266,109.61000061035156,108.05000305175781,109.06999969482422,1019000.0
2017-10-04,109.19999694824219,109.6500015258789,108.31999969482422,109.33999633789062,739900.0
2017-10-05,110.20999908447266,110.20999908447266,108.38999938964844,108.43000030517578,932300.0
2017-10-06,108.80000305175781,109.0999984741211,107.62999725341797,108.16999816894531,1626500.0
2017-10-09,107.8499984741211,109.33999633789062,107.8499984741211,109.22000122070312,710400.0
2017-10-10,109.2300033569336,109.29000091552734,108.33000183105469,108.43000030517578,599100.0
2017-10-11,108.63999938964844,109.0999984741211,107.93000030517578,109.0999984741211,803500.0
2017-10-12,108.81999969482422,110.37000274658203,108.7699966430664,110.0199966430664,681200.0
2017-10-13,110.19999694824219,110.66999816894531,109.91999816894531,110.5,646000.0
2017-10-16,110.1500015258789,110.6500015258789,109.45999908447266,109.69999694824219,927000.0
2017-10-17,110.11000061035156,110.48999786376953,109.38999938964844,109.52999877929688,765500.0
2017-10-18,109.58000183105469,109.79000091552734,108.86000061035156,109.58999633789062,760100.0
2017-10-19,109.55999755859375,109.55999755859375,108.12000274658203,108.93000030517578,813400.0
2017-10-20,109.29000091552734,110.08999633789062,109.20999908447266,109.98999786376953,742900.0
2017-10-23,109.93000030517578,111.04000091552734,109.44000244140625,110.69000244140625,726300.0
2017-10-24,111.0,111.25,110.01000213623047,110.25,525300.0
2017-10-25,110.1500015258789,110.51000213623047,108.47000122070312,109.7300033569336,939100.0
2017-10-26,110.0,111.62000274658203,109.5999984741211,111.48999786376953,757300.0
2017-10-27,111.33000183105469,112.5,110.77999877929688,111.94999694824219,657400.0
2017-10-30,111.81999969482422,112.7300033569336,111.76000213623047,111.86000061035156,528900.0
2017-10-31,111.5999984741211,113.37999725341797,111.44999694824219,113.05999755859375,793800.0
2017-11-01,113.69000244140625,113.80999755859375,112.5999984741211,112.62999725341797,513800.0
2017-11-02,113.4800033569336,115.73999786376953,113.12000274658203,115.56999969482422,947100.0
2017-11-03,115.55000305175781,115.91000366210938,114.88999938964844,115.0199966430664,581700.0
2017-11-06,115.06999969482422,115.70999908447266,114.0,114.44000244140625,1020900.0
2017-11-07,113.29000091552734,116.55999755859375,112.3499984741211,113.41999816894531,1115800.0
2017-11-08,113.30999755859375,113.7699966430664,112.62000274658203,113.41999816894531,743300.0
2017-11-09,113.05999755859375,114.41000366210938,109.83999633789062,114.12999725341797,853700.0
2017-11-10,114.33000183105469,115.31999969482422,113.9000015258789,114.44999694824219,1037100.0
2017-11-13,114.68000030517578,116.12999725341797,114.51000213623047,115.73999786376953,881100.0
2017-11-14,115.68000030517578,116.91000366210938,115.51000213623047,116.5999984741211,1497800.0
2017-11-15,116.79000091552734,116.80000305175781,115.37000274658203,115.51000213623047,757100.0
2017-11-16,115.75,116.33999633789062,115.2300033569336,116.0199966430664,671800.0
2017-11-17,115.94999694824219,116.8499984741211,115.88999938964844,116.4800033569336,777500.0
2017-11-20,116.7300033569336,119.29000091552734,116.7300033569336,119.2300033569336,1413300.0
2017-11-21,120.13999938964844,120.48999786376953,118.19999694824219,119.62999725341797,937000.0
2017-11-22,119.76000213623047,120.2300033569336,118.45999908447266,119.3499984741211,701100.0
2017-11-24,119.62999725341797,120.83999633789062,119.54000091552734,120.12999725341797,333000.0
2017-11-27,120.58000183105469,121.0199966430664,120.38999938964844,120.5,786400.0
2017-11-28,121.0,122.80000305175781,120.72000122070312,122.72000122070312,886000.0
2017-11-29,123.31999969482422,125.04000091552734,119.77999877929688,120.93000030517578,2075700.0
2017-11-30,121.18000030517578,124.25,120.80000305175781,123.43000030517578,2264400.0
2017-12-01,124.41999816894531,125.0,122.29000091552734,124.25,1566400.0
2017-12-04,126.0,127.77999877929688,122.3499984741211,123.11000061035156,1550500.0
2017-12-05,123.0199966430664,123.9800033569336,121.2699966430664,123.7699966430664,1349800.0
2017-12-06,123.69000244140625,124.3499984741211,122.83999633789062,123.41000366210938,1020000.0
2017-12-07,123.76000213623047,124.76000213623047,122.37000274658203,124.19000244140625,919900.0
2017-12-08,125.0,125.5,124.01000213623047,125.2699966430664,1213700.0
2017-12-11,126.76000213623047,126.9800033569336,124.76000213623047,126.3499984741211,1263800.0
2017-12-12,126.81999969482422,128.32000732421875,126.26000213623047,127.62000274658203,1204200.0
2017-12-13,127.81999969482422,128.3000030517578,126.12000274658203,126.27999877929688,1591400.0
2017-12-14,126.87000274658203,127.61000061035156,125.16999816894531,126.05999755859375,1699200.0
2017-12-15,126.38999938964844,127.06999969482422,125.1500015258789,126.37000274658203,2725500.0
2017-12-18,126.58000183105469,126.95999908447266,125.54000091552734,125.79000091552734,1761500.0
2017-12-19,126.31999969482422,127.22000122070312,124.5199966430664,124.6500015258789,1585100.0
2017-12-20,124.69999694824219,125.5199966430664,123.2699966430664,124.2300033569336,945500.0
2017-12-21,124.5,125.0,123.76000213623047,124.62999725341797,1635200.0
2017-12-22,124.6500015258789,125.19999694824219,124.30000305175781,124.47000122070312,683600.0
2017-12-26,124.19000244140625,124.47000122070312,123.23999786376953,124.04000091552734,521400.0
2017-12-27,123.87000274658203,125.54000091552734,123.72000122070312,124.76000213623047,647000.0
2017-12-28,125.0999984741211,125.0999984741211,123.72000122070312,124.8499984741211,823000.0
2017-12-29,125.06999969482422,125.76000213623047,124.27999877929688,124.58999633789062,673000.0
2018-01-02,124.87999725341797,125.30000305175781,122.3499984741211,122.75,842100.0
2018-01-03,122.3499984741211,124.0999984741211,120.3499984741211,123.55999755859375,1010700.0
2018-01-04,123.75,124.9000015258789,123.48999786376953,124.04000091552734,918100.0
2018-01-05,124.05000305175781,127.83000183105469,124.05000305175781,127.5999984741211,1241400.0
2018-01-08,127.47000122070312,129.9499969482422,127.05000305175781,129.52999877929688,1130500.0
2018-01-09,129.6999969482422,131.57000732421875,129.6999969482422,130.7899932861328,1085900.0
2018-01-10,130.47999572753906,132.4600067138672,130.30999755859375,132.3300018310547,791900.0
2018-01-11,132.41000366210938,133.30999755859375,131.86000061035156,132.19000244140625,1083000.0
2018-01-12,132.19000244140625,132.6199951171875,131.4199981689453,131.50999450683594,618200.0
2018-01-16,132.22000122070312,133.05999755859375,129.8300018310547,130.7899932861328,861900.0
2018-01-17,130.86000061035156,131.8699951171875,130.57000732421875,131.52000427246094,721000.0
2018-01-18,131.07000732421875,133.0,130.77000427246094,132.91000366210938,760600.0
2018-01-19,133.05999755859375,134.14999389648438,132.64999389648438,133.8800048828125,885300.0
2018-01-22,133.80999755859375,134.63999938964844,133.3699951171875,134.55999755859375,607600.0
2018-01-23,134.33999633789062,134.9600067138672,133.92999267578125,134.80999755859375,635900.0
2018-01-24,135.0,135.66000366210938,133.38999938964844,135.57000732421875,605900.0
2018-01-25,136.3800048828125,137.42999267578125,135.25999450683594,137.16000366210938,793900.0
2018-01-26,137.5,137.63999938964844,136.0,137.02000427246094,953700.0
2018-01-29,137.1999969482422,138.5399932861328,134.72999572753906,135.11000061035156,983600.0
2018-01-30,134.52999877929688,134.89999389648438,132.3800048828125,133.2899932861328,1434200.0
2018-01-31,133.57000732421875,135.4199981689453,133.5,134.38999938964844,872400.0
2018-02-01,134.1699981689453,136.8000030517578,133.55999755859375,136.55999755859375,893000.0
2018-02-02,136.19000244140625,136.94000244140625,134.52999877929688,134.64999389648438,861600.0
2018-02-05,133.1699981689453,136.57000732421875,130.0500030517578,130.52999877929688,1719300.0
2018-02-06,125.56999969482422,125.68000030517578,108.0,116.94000244140625,7648400.0
2018-02-07,111.01000213623047,116.08999633789062,111.01000213623047,114.56999969482422,4190800.0
2018-02-08,114.41000366210938,114.87999725341797,111.06999969482422,111.1500015258789,3246300.0
2018-02-09,104.3499984741211,108.61000061035156,96.80999755859375,107.11000061035156,7012900.0
2018-02-12,108.58000183105469,113.31999969482422,108.3499984741211,110.68000030517578,2567300.0
2018-02-13,110.7300033569336,113.47000122070312,109.54000091552734,112.22000122070312,2403500.0
2018-02-14,111.58999633789062,115.62000274658203,111.31999969482422,115.0,2331900.0
2018-02-15,116.47000122070312,117.58000183105469,114.62000274658203,117.44999694824219,2075500.0
2018-02-16,116.83999633789062,117.38999938964844,110.83999633789062,111.44999694824219,2804000.0
2018-02-20,110.95999908447266,113.02999877929688,110.02999877929688,110.77999877929688,1707200.0
2018-02-21,111.23999786376953,113.0999984741211,110.75,111.30000305175781,1400500.0
2018-02-22,111.33999633789062,112.06999969482422,109.58999633789062,109.95999908447266,992900.0
2018-02-23,110.11000061035156,110.12000274658203,108.2699966430664,108.75,2064200.0
2018-02-26,108.94000244140625,111.95999908447266,108.86000061035156,111.33000183105469,1609000.0
2018-02-27,110.94000244140625,111.93000030517578,110.16000366210938,110.19000244140625,1271500.0
2018-02-28,110.98999786376953,113.48999786376953,110.58000183105469,112.01000213623047,1800900.0
2018-03-01,111.62999725341797,112.7300033569336,111.06999969482422,111.36000061035156,2780200.0
2018-03-02,111.02999877929688,116.37000274658203,110.69999694824219,115.0,1907400.0
2018-03-05,114.51000213623047,116.56999969482422,113.12000274658203,115.3499984741211,1957400.0
2018-03-06,115.3499984741211,119.19999694824219,115.16000366210938,118.16999816894531,2139400.0
2018-03-07,117.5999984741211,119.0999984741211,117.22000122070312,118.79000091552734,1488400.0
2018-03-08,119.38999938964844,120.6500015258789,118.9000015258789,119.88999938964844,1257500.0
2018-03-09,120.22000122070312,124.55000305175781,120.18000030517578,124.54000091552734,1432700.0
2018-03-12,124.16999816894531,124.54000091552734,123.05999755859375,123.81999969482422,1253500.0
2018-03-13,124.55999755859375,124.55999755859375,119.45999908447266,119.91999816894531,1141100.0
2018-03-14,120.55000305175781,120.55000305175781,118.94999694824219,119.29000091552734,818800.0
2018-03-15,119.29000091552734,119.41999816894531,117.63999938964844,118.61000061035156,938200.0
2018-03-16,118.94999694824219,119.76000213623047,117.80999755859375,119.22000122070312,1218000.0
2018-03-19,119.19999694824219,120.44999694824219,117.22000122070312,118.52999877929688,1275400.0
2018-03-20,118.5999984741211,121.55000305175781,117.98999786376953,119.9000015258789,1166800.0
2018-03-21,116.22000122070312,118.5,116.0,117.33000183105469,1441300.0
2018-03-22,116.5199966430664,117.29000091552734,112.41000366210938,112.62000274658203,1039200.0
2018-03-23,112.63999938964844,113.83999633789062,111.36000061035156,111.70999908447266,1030200.0
2018-03-26,112.94000244140625,115.29000091552734,112.26000213623047,114.58999633789062,818200.0
2018-03-27,114.54000091552734,114.93000030517578,111.12999725341797,112.05999755859375,1014000.0
2018-03-28,112.05999755859375,113.5199966430664,111.47000122070312,111.91000366210938,814200.0
2018-03-29,112.45999908447266,115.36000061035156,112.08999633789062,114.0999984741211,1472700.0
2018-04-02,114.08000183105469,115.12999725341797,111.30000305175781,112.4800033569336,1105600.0
2018-04-03,112.1500015258789,112.5199966430664,109.16999816894531,110.98999786376953,1894000.0
2018-04-04,109.66000366210938,111.80999755859375,109.0199966430664,111.20999908447266,1661300.0
2018-04-05,112.38999938964844,112.80999755859375,111.08999633789062,111.5999984741211,1020700.0
2018-04-06,110.26000213623047,111.05999755859375,108.47000122070312,109.33999633789062,1301900.0
2018-04-09,109.87000274658203,112.05000305175781,109.7300033569336,110.02999877929688,931000.0
2018-04-10,110.62000274658203,111.58000183105469,109.83999633789062,110.27999877929688,893800.0
2018-04-11,109.66999816894531,109.75,108.02999877929688,108.44999694824219,1181700.0
2018-04-12,108.91999816894531,110.6500015258789,108.22000122070312,109.66999816894531,675600.0
2018-04-13,109.94999694824219,110.04000091552734,108.05000305175781,108.3499984741211,895000.0
2018-04-16,109.08000183105469,109.73999786376953,108.58000183105469,108.80999755859375,568200.0
2018-04-17,109.62999725341797,110.31999969482422,109.0999984741211,110.08999633789062,763900.0
2018-04-18,110.25,110.66999816894531,109.30000305175781,109.33000183105469,563500.0
2018-04-19,108.98999786376953,110.4000015258789,108.80000305175781,109.87999725341797,988300.0
2018-04-20,110.19000244140625,110.88999938964844,109.63999938964844,110.16000366210938,562800.0
2018-04-23,110.73999786376953,110.86000061035156,107.81999969482422,107.94000244140625,818900.0
2018-04-24,108.48999786376953,108.87999725341797,105.4800033569336,105.55000305175781,1069900.0
2018-04-25,105.26000213623047,106.58999633789062,104.33000183105469,106.2699966430664,1061100.0
2018-04-26,106.44000244140625,107.70999908447266,104.81999969482422,106.87000274658203,964300.0
2018-04-27,106.66999816894531,107.44999694824219,105.16000366210938,106.19000244140625,853600.0
2018-04-30,106.61000061035156,108.30999755859375,106.61000061035156,106.77999877929688,803800.0
2018-05-01,106.38999938964844,107.4000015258789,105.88999938964844,107.29000091552734,919700.0
2018-05-02,106.8499984741211,108.80999755859375,106.43000030517578,106.79000091552734,1904000.0
2018-05-03,106.68000030517578,107.0,104.54000091552734,105.44999694824219,1857000.0
2018-05-04,108.5,108.5,101.88999938964844,102.48999786376953,2096800.0
2018-05-07,102.41999816894531,104.1500015258789,101.9000015258789,103.16000366210938,1315300.0
2018-05-08,102.0999984741211,103.5199966430664,102.0,102.37000274658203,1149600.0
2018-05-09,102.56999969482422,104.91000366210938,102.1500015258789,103.91000366210938,1165000.0
2018-05-10,104.2699966430664,105.73999786376953,103.77999877929688,105.41000366210938,846900.0
2018-05-11,105.25,107.19000244140625,104.66999816894531,106.81999969482422,1019000.0
2018-05-14,107.05000305175781,108.36000061035156,106.80000305175781,108.11000061035156,1247400.0
2018-05-15,107.94000244140625,109.55000305175781,107.63999938964844,108.11000061035156,1100700.0
2018-05-16,107.94999694824219,109.41999816894531,107.4800033569336,108.44999694824219,731400.0
2018-05-17,108.44000244140625,108.66000366210938,107.13999938964844,108.37999725341797,728000.0
2018-05-18,108.01000213623047,108.48999786376953,106.55000305175781,106.55999755859375,1893300.0
2018-05-21,106.76000213623047,107.38999938964844,106.29000091552734,106.48999786376953,914700.0
2018-05-22,106.98999786376953,106.98999786376953,103.94999694824219,104.44000244140625,992600.0
2018-05-23,104.22000122070312,104.55999755859375,103.37000274658203,103.83999633789062,711500.0
2018-05-24,103.47000122070312,104.56999969482422,102.06999969482422,102.77999877929688,1925400.0
2018-05-25,102.7699966430664,103.36000061035156,102.08999633789062,103.08999633789062,883700.0
2018-05-29,102.9800033569336,103.66000366210938,101.54000091552734,101.98999786376953,925000.0
2018-05-30,101.27999877929688,101.69999694824219,97.2300033569336,99.0199966430664,2159300.0
2018-05-31,98.68000030517578,99.20999908447266,97.4800033569336,97.55999755859375,2187300.0
2018-06-01,98.8499984741211,99.06999969482422,97.55000305175781,98.41999816894531,1000800.0
2018-06-04,98.31999969482422,98.87000274658203,97.55999755859375,98.06999969482422,1071100.0
2018-06-05,98.08000183105469,99.83000183105469,98.08000183105469,99.30000305175781,837300.0
2018-06-06,99.30000305175781,100.45999908447266,99.0999984741211,100.31999969482422,1019600.0
2018-06-07,101.01000213623047,103.22000122070312,100.95999908447266,102.91000366210938,1717700.0
2018-06-08,102.44999694824219,104.5,101.80999755859375,103.94999694824219,1257500.0
2018-06-11,104.29000091552734,105.29000091552734,103.27999877929688,104.91999816894531,1896300.0
2018-06-12,104.7699966430664,105.62999725341797,103.58999633789062,105.5999984741211,1483100.0
2018-06-13,105.79000091552734,106.08000183105469,104.4000015258789,104.5,914700.0
2018-06-14,104.68000030517578,105.79000091552734,103.16999816894531,103.80999755859375,967900.0
2018-06-15,103.4000015258789,104.33000183105469,102.47000122070312,102.81999969482422,1620800.0
2018-06-18,102.62000274658203,103.68000030517578,101.66999816894531,103.54000091552734,851500.0
2018-06-19,102.70999908447266,105.62000274658203,101.0,105.19999694824219,1440600.0
2018-06-20,105.04000091552734,106.5,104.08000183105469,104.22000122070312,994700.0
2018-06-21,104.20999908447266,104.63999938964844,103.04000091552734,103.94999694824219,789100.0
2018-06-22,104.58000183105469,105.41999816894531,103.77999877929688,104.9800033569336,1437500.0
2018-06-25,104.68000030517578,105.16999816894531,102.55000305175781,104.1500015258789,1038500.0
2018-06-26,104.68000030517578,107.66999816894531,104.68000030517578,105.7699966430664,1513600.0
2018-06-27,105.94000244140625,106.33000183105469,103.91999816894531,103.94999694824219,992000.0
2018-06-28,103.94000244140625,104.56999969482422,103.11000061035156,103.80999755859375,641500.0
2018-06-29,103.91000366210938,105.56999969482422,102.3499984741211,104.06999969482422,968700.0
2018-07-02,103.37999725341797,103.93000030517578,103.11000061035156,103.75,586500.0
2018-07-03,104.27999877929688,104.41999816894531,102.18000030517578,102.41999816894531,318600.0
2018-07-05,102.66000366210938,103.11000061035156,101.86000061035156,102.94000244140625,570800.0
2018-07-06,102.54000091552734,103.04000091552734,100.29000091552734,100.79000091552734,774500.0
2018-07-09,100.51000213623047,103.37000274658203,100.51000213623047,103.20999908447266,1016600.0
2018-07-10,103.5,103.7300033569336,102.33000183105469,102.9000015258789,932100.0
2018-07-11,101.91000366210938,103.1500015258789,101.75,102.1500015258789,597900.0
2018-07-12,102.51000213623047,103.62000274658203,102.51000213623047,103.12999725341797,554300.0
2018-07-13,103.23999786376953,103.44000244140625,102.33000183105469,102.9000015258789,436000.0
2018-07-16,102.83000183105469,104.62000274658203,102.83000183105469,103.7300033569336,606500.0
2018-07-17,103.94999694824219,105.12000274658203,103.11000061035156,104.87999725341797,400700.0
2018-07-18,105.0,106.16999816894531,104.62999725341797,106.0199966430664,486000.0
2018-07-19,105.61000061035156,106.06999969482422,104.41999816894531,104.76000213623047,515000.0
2018-07-20,104.38999938964844,105.19999694824219,103.80999755859375,104.62000274658203,450700.0
2018-07-23,104.83999633789062,105.20999908447266,103.66000366210938,104.29000091552734,623800.0
2018-07-24,104.4000015258789,105.0999984741211,103.36000061035156,104.12999725341797,562900.0
2018-07-25,104.06999969482422,105.5,103.77999877929688,105.33000183105469,515100.0
2018-07-26,105.30999755859375,105.6500015258789,103.7300033569336,103.91999816894531,494000.0
2018-07-27,104.13999938964844,104.25,102.11000061035156,102.16999816894531,512700.0
2018-07-30,102.08000183105469,102.08000183105469,96.37000274658203,96.68000030517578,1156900.0
2018-07-31,97.23999786376953,97.41999816894531,94.0,97.12999725341797,1436200.0
2018-08-01,97.06999969482422,98.47000122070312,96.2699966430664,96.36000061035156,751000.0
2018-08-02,96.33999633789062,96.66000366210938,95.02999877929688,95.80000305175781,1146700.0
2018-08-03,94.18000030517578,97.0,92.63999938964844,94.62999725341797,1486400.0
2018-08-06,94.20999908447266,94.91999816894531,92.80999755859375,92.95999908447266,1204700.0
2018-08-07,93.18000030517578,94.3499984741211,92.94999694824219,93.62000274658203,867000.0
2018-08-08,93.66999816894531,94.11000061035156,92.41999816894531,92.69999694824219,692600.0
2018-08-09,92.80000305175781,93.4800033569336,92.08999633789062,92.0999984741211,1020400.0
2018-08-10,91.94999694824219,92.62999725341797,91.0999984741211,92.48999786376953,977500.0
2018-08-13,92.5,93.93000030517578,92.48999786376953,92.77999877929688,660400.0
2018-08-14,93.18000030517578,93.9000015258789,93.01000213623047,93.45999908447266,574000.0
2018-08-15,93.27999877929688,94.98999786376953,93.08999633789062,94.6500015258789,923600.0
2018-08-16,94.77999877929688,95.94999694824219,94.77999877929688,95.11000061035156,676400.0
2018-08-17,94.95999908447266,96.22000122070312,94.55000305175781,95.7699966430664,837500.0
2018-08-20,97.20999908447266,99.20999908447266,96.81999969482422,98.77999877929688,938400.0
2018-08-21,98.9000015258789,99.23999786376953,97.48999786376953,97.83999633789062,637900.0
2018-08-22,97.5999984741211,99.4800033569336,97.05000305175781,99.12000274658203,835200.0
2018-08-23,98.81999969482422,100.9000015258789,98.76000213623047,100.08000183105469,1063500.0
2018-08-24,100.18000030517578,102.75,99.76000213623047,102.61000061035156,1148500.0
2018-08-27,103.06999969482422,103.97000122070312,100.81999969482422,101.13999938964844,1056500.0
2018-08-28,101.54000091552734,101.86000061035156,100.06999969482422,100.2300033569336,646800.0
2018-08-29,100.16999816894531,101.0199966430664,99.8499984741211,100.7699966430664,459600.0
2018-08-30,100.05000305175781,100.75,99.4800033569336,100.63999938964844,573800.0
2018-08-31,100.63999938964844,101.13999938964844,100.1500015258789,100.80000305175781,709800.0
2018-09-04,100.66000366210938,104.08999633789062,100.62999725341797,104.01000213623047,1087800.0
2018-09-05,104.23999786376953,104.86000061035156,102.95999908447266,103.30999755859375,656900.0
2018-09-06,103.37999725341797,103.79000091552734,101.9800033569336,102.9000015258789,577100.0
2018-09-07,103.12000274658203,104.9800033569336,102.9800033569336,104.33000183105469,744900.0
2018-09-10,104.61000061035156,105.22000122070312,103.37000274658203,103.41000366210938,824700.0
2018-09-11,103.37000274658203,104.55000305175781,102.51000213623047,104.04000091552734,527900.0
2018-09-12,103.77999877929688,104.4000015258789,102.22000122070312,103.5,712100.0
2018-09-13,103.93000030517578,104.33000183105469,103.19000244140625,104.06999969482422,399100.0
2018-09-14,104.05999755859375,105.19999694824219,103.62999725341797,104.19999694824219,385200.0
2018-09-17,104.69999694824219,105.06999969482422,103.62000274658203,104.77999877929688,470600.0
2018-09-18,104.77999877929688,107.69999694824219,104.68000030517578,106.19000244140625,1293500.0
2018-09-19,105.87999725341797,107.19000244140625,104.72000122070312,106.94000244140625,666400.0
2018-09-20,106.38999938964844,107.44999694824219,105.26000213623047,107.18000030517578,1138700.0
2018-09-21,108.1500015258789,109.12000274658203,106.75,107.1500015258789,1705800.0
2018-09-24,107.26000213623047,107.26000213623047,105.05999755859375,105.29000091552734,901500.0
2018-09-25,102.22000122070312,105.05000305175781,99.5999984741211,101.98999786376953,1364500.0
2018-09-26,101.9800033569336,102.33999633789062,98.27999877929688,98.87000274658203,1264100.0
2018-09-27,98.56999969482422,99.0,97.22000122070312,97.76000213623047,882200.0
2018-09-28,96.97000122070312,97.9800033569336,95.56999969482422,95.95999908447266,918800.0
2018-10-01,95.5,97.23999786376953,95.31999969482422,97.02999877929688,759500.0
2018-10-02,97.0199966430664,97.55000305175781,96.19000244140625,96.62000274658203,721300.0
2018-10-03,97.36000061035156,97.36000061035156,95.37999725341797,95.63999938964844,910400.0
2018-10-04,95.62000274658203,96.0,93.76000213623047,95.43000030517578,1162200.0
2018-10-05,94.18000030517578,98.5,94.18000030517578,97.20999908447266,1034200.0
2018-10-08,97.5199966430664,100.12999725341797,97.04000091552734,99.91999816894531,883900.0
2018-10-09,98.7699966430664,101.97000122070312,98.7699966430664,101.4000015258789,1204600.0
2018-10-10,100.73999786376953,103.19999694824219,100.1500015258789,101.95999908447266,1151100.0
2018-10-11,102.30999755859375,102.41000366210938,100.33000183105469,100.80000305175781,1413900.0
2018-10-12,100.44999694824219,102.0,99.11000061035156,100.11000061035156,941300.0
2018-10-15,97.7300033569336,102.27999877929688,96.7699966430664,99.26000213623047,937000.0
2018-10-16,99.2699966430664,103.05999755859375,99.2699966430664,102.79000091552734,725500.0
2018-10-17,100.69000244140625,103.43000030517578,99.52999877929688,102.63999938964844,1138900.0
2018-10-18,103.38999938964844,104.26000213623047,101.5,103.30000305175781,607500.0
2018-10-19,102.3499984741211,105.0999984741211,102.3499984741211,104.91000366210938,697000.0
2018-10-22,104.06999969482422,104.9000015258789,103.08000183105469,104.43000030517578,647600.0
2018-10-23,105.33999633789062,107.25,103.5199966430664,106.77999877929688,1119300.0
2018-10-24,106.31999969482422,106.91999816894531,105.26000213623047,105.80000305175781,1081900.0
2018-10-25,105.80000305175781,107.12999725341797,105.62000274658203,106.69999694824219,703300.0
2018-10-26,106.69999694824219,107.69999694824219,105.81999969482422,106.93000030517578,847500.0
2018-10-29,109.0,110.0,107.69999694824219,108.91000366210938,929600.0
2018-10-30,109.58999633789062,112.41999816894531,109.0,111.94999694824219,791500.0
2018-10-31,112.48999786376953,114.5999984741211,111.30000305175781,112.8499984741211,1069600.0
2018-11-01,113.66999816894531,114.37000274658203,110.11000061035156,110.5,1157400.0
2018-11-02,114.5,114.5,106.5,112.25,986700.0
2018-11-05,114.13999938964844,115.11000061035156,111.83999633789062,112.13999938964844,676900.0
2018-11-06,111.13999938964844,113.98999786376953,110.47000122070312,112.44000244140625,576600.0
2018-11-07,112.44000244140625,112.6500015258789,110.0,111.2300033569336,748500.0
2018-11-08,110.2300033569336,111.38999938964844,107.27999877929688,109.80000305175781,1493300.0
2018-11-09,108.0199966430664,109.70999908447266,108.0199966430664,108.9000015258789,888100.0
2018-11-12,108.45999908447266,109.0199966430664,106.75,107.5999984741211,656900.0
2018-11-13,108.0,109.9000015258789,106.86000061035156,109.48999786376953,662000.0
2018-11-14,109.06999969482422,110.58000183105469,108.44000244140625,109.5999984741211,1143300.0
2018-11-15,108.55999755859375,109.93000030517578,107.52999877929688,109.70999908447266,595500.0
2018-11-16,109.9800033569336,110.5199966430664,108.70999908447266,110.11000061035156,741100.0
2018-11-19,110.55000305175781,112.66999816894531,109.55000305175781,110.91999816894531,929700.0
2018-11-20,111.73999786376953,112.20999908447266,108.13999938964844,110.0,852800.0
2018-11-21,110.44000244140625,111.33999633789062,107.58000183105469,107.97000122070312,691400.0
2018-11-23,106.55000305175781,108.0199966430664,106.33000183105469,107.38999938964844,236700.0
2018-11-26,107.38999938964844,108.7300033569336,106.63999938964844,107.2699966430664,696300.0
2018-11-27,106.0999984741211,108.08999633789062,105.86000061035156,107.93000030517578,855600.0
2018-11-28,107.5199966430664,108.75,105.87000274658203,106.23999786376953,643500.0
2018-11-29,105.6500015258789,108.01000213623047,104.54000091552734,106.83000183105469,906200.0
2018-11-30,106.06999969482422,108.02999877929688,106.06999969482422,107.62000274658203,895400.0
2018-12-03,107.72000122070312,109.25,101.87000274658203,105.12999725341797,1745800.0
2018-12-04,107.23999786376953,107.98999786376953,103.4800033569336,103.9000015258789,1513000.0
2018-12-06,103.58000183105469,104.25,102.44000244140625,103.62000274658203,1276900.0
2018-12-07,104.44000244140625,105.33999633789062,103.43000030517578,104.33999633789062,1241400.0
2018-12-10,104.31999969482422,105.87000274658203,103.9000015258789,105.45999908447266,552000.0
2018-12-11,106.05000305175781,106.62999725341797,103.30999755859375,103.37999725341797,848600.0
2018-12-12,104.30999755859375,106.12999725341797,103.47000122070312,104.48999786376953,1466100.0
2018-12-13,104.30999755859375,105.48999786376953,102.19000244140625,102.86000061035156,797600.0
2018-12-14,103.16000366210938,103.61000061035156,100.33000183105469,100.88999938964844,573300.0
2018-12-17,101.48999786376953,102.7300033569336,100.18000030517578,100.2699966430664,554900.0
2018-12-18,100.37999725341797,102.31999969482422,98.69000244140625,99.1500015258789,715700.0
2018-12-19,99.76000213623047,100.44000244140625,97.6500015258789,98.08000183105469,503900.0
2018-12-20,98.5999984741211,99.18000030517578,96.52999877929688,96.75,859900.0
2018-12-21,96.41000366210938,100.88999938964844,96.0,96.08000183105469,1437300.0
2018-12-24,95.73999786376953,96.6500015258789,91.2300033569336,91.2300033569336,353600.0
2018-12-26,91.55000305175781,94.23999786376953,87.87000274658203,94.12000274658203,785700.0
2018-12-27,93.20999908447266,95.63999938964844,91.77999877929688,95.62000274658203,625800.0
2018-12-28,95.66999816894531,96.95999908447266,95.2300033569336,96.20999908447266,526400.0
2018-12-31,95.9800033569336,97.83000183105469,95.55000305175781,97.83000183105469,502100.0
2019-01-02,95.94000244140625,98.12000274658203,95.19999694824219,95.88999938964844,891700.0
2019-01-03,95.0,97.61000061035156,95.0,95.58999633789062,752500.0
2019-01-04,98.30000305175781,99.47000122070312,96.9800033569336,98.36000061035156,635400.0
2019-01-07,95.5,98.33999633789062,94.23999786376953,96.55000305175781,1043300.0
2019-01-08,97.30999755859375,97.94999694824219,92.1500015258789,93.5199966430664,1074600.0
2019-01-09,94.0999984741211,95.88999938964844,92.56999969482422,92.80000305175781,501800.0
2019-01-10,92.12000274658203,92.83999633789062,89.54000091552734,91.55000305175781,744500.0
2019-01-11,92.0,92.61000061035156,90.72000122070312,91.38999938964844,678000.0
2019-01-14,91.0,92.41000366210938,90.58999633789062,92.19999694824219,701200.0
2019-01-15,92.51000213623047,93.68000030517578,92.0999984741211,92.72000122070312,606900.0
2019-01-16,92.61000061035156,95.68000030517578,91.9800033569336,92.97000122070312,697800.0
2019-01-17,92.51000213623047,93.94000244140625,91.80000305175781,93.52999877929688,459100.0
2019-01-18,95.37999725341797,96.11000061035156,94.0,95.08999633789062,1073100.0
2019-01-22,95.2699966430664,97.70999908447266,95.2699966430664,97.26000213623047,890200.0
2019-01-23,97.2699966430664,98.37000274658203,96.54000091552734,98.20999908447266,793500.0
2019-01-24,98.0,98.4800033569336,95.98999786376953,96.08999633789062,604400.0
2019-01-25,96.97000122070312,96.97000122070312,95.12999725341797,96.02999877929688,743000.0
2019-01-28,95.69000244140625,97.0,95.2300033569336,96.7300033569336,461200.0
2019-01-29,96.54000091552734,96.91999816894531,94.75,95.54000091552734,688100.0
2019-01-30,95.05999755859375,95.98999786376953,92.93000030517578,93.5199966430664,718600.0
2019-01-31,93.55999755859375,93.55999755859375,91.62000274658203,93.2699966430664,859100.0
2019-02-01,92.9000015258789,94.16999816894531,92.80999755859375,94.05000305175781,478600.0
2019-02-04,94.05999755859375,94.5199966430664,92.1500015258789,93.70999908447266,553300.0
2019-02-05,94.04000091552734,95.20999908447266,92.87999725341797,95.0999984741211,788900.0
2019-02-06,95.20999908447266,96.38999938964844,94.0999984741211,95.04000091552734,765700.0
2019-02-07,94.54000091552734,95.06999969482422,93.05000305175781,95.0,888300.0
2019-02-08,94.9000015258789,97.0,92.19999694824219,94.6500015258789,1162200.0
2019-02-11,95.05000305175781,95.70999908447266,94.0,94.12000274658203,1030400.0
2019-02-12,94.29000091552734,95.87000274658203,93.94000244140625,94.0,710400.0
2019-02-13,94.04000091552734,96.12999725341797,93.8499984741211,95.0,634600.0
2019-02-14,95.33999633789062,95.4800033569336,92.45999908447266,92.63999938964844,742600.0
2019-02-15,93.86000061035156,93.94999694824219,92.4000015258789,93.54000091552734,728000.0
2019-02-19,94.01000213623047,95.54000091552734,93.27999877929688,94.16000366210938,975600.0
2019-02-20,93.73999786376953,95.26000213623047,93.25,95.1500015258789,720400.0
2019-02-21,95.31999969482422,96.30000305175781,94.25,94.83999633789062,1051200.0
2019-02-22,94.68000030517578,96.66999816894531,94.68000030517578,96.5999984741211,1091000.0
2019-02-25,99.0,99.43000030517578,95.38999938964844,95.4000015258789,1696000.0
2019-02-26,95.81999969482422,96.01000213623047,94.9000015258789,94.9000015258789,765500.0
2019-02-27,94.38999938964844,94.98999786376953,93.68000030517578,94.1500015258789,702900.0
2019-02-28,93.69999694824219,96.16000366210938,93.69999694824219,95.91000366210938,1086300.0
2019-03-01,96.1500015258789,97.4800033569336,95.44000244140625,96.19999694824219,784600.0
2019-03-04,96.19000244140625,97.5999984741211,95.62000274658203,97.54000091552734,853200.0
2019-03-05,98.0199966430664,98.36000061035156,96.43000030517578,96.91000366210938,913500.0
2019-03-06,96.5,96.91000366210938,94.54000091552734,94.80000305175781,721800.0
2019-03-07,94.95999908447266,95.2699966430664,92.30999755859375,92.7300033569336,1148700.0
2019-03-08,92.88999938964844,92.88999938964844,89.52999877929688,92.33000183105469,1294800.0
2019-03-11,93.16000366210938,94.9000015258789,92.26000213623047,94.5,855600.0
2019-03-12,94.76000213623047,95.87000274658203,94.54000091552734,95.66000366210938,767800.0
2019-03-13,95.94000244140625,96.37000274658203,94.52999877929688,95.83000183105469,936100.0
2019-03-14,95.97000122070312,96.08999633789062,94.48999786376953,95.2699966430664,670100.0
2019-03-15,95.58000183105469,98.0199966430664,94.4800033569336,97.05999755859375,1686500.0
2019-03-18,96.83000183105469,98.05999755859375,95.83000183105469,95.83000183105469,715100.0
2019-03-19,96.0,96.91999816894531,95.2699966430664,95.51000213623047,715200.0
2019-03-20,95.79000091552734,97.04000091552734,94.51000213623047,94.69000244140625,661100.0
2019-03-21,94.87999725341797,96.02999877929688,94.19999694824219,94.70999908447266,554900.0
2019-03-22,94.30999755859375,95.69999694824219,93.11000061035156,95.44000244140625,959200.0
2019-03-25,95.43000030517578,96.1500015258789,94.83999633789062,95.25,825100.0
2019-03-26,94.98999786376953,95.22000122070312,93.05999755859375,94.7699966430664,933700.0
2019-03-27,94.5199966430664,94.75,93.47000122070312,94.27999877929688,658200.0
2019-03-28,94.66000366210938,94.70999908447266,93.33999633789062,94.16000366210938,635000.0
2019-03-29,94.37999725341797,95.5,94.37999725341797,95.44000244140625,665100.0
2019-04-01,95.44999694824219,96.83000183105469,95.0,96.83000183105469,589200.0
2019-04-02,96.3499984741211,97.4800033569336,96.2699966430664,96.5,460600.0
2019-04-03,96.62000274658203,97.30000305175781,95.66999816894531,95.69999694824219,606000.0
2019-04-04,95.5199966430664,96.33000183105469,94.30000305175781,95.75,434800.0
2019-04-05,95.6500015258789,96.12000274658203,95.05000305175781,95.8499984741211,738900.0
2019-04-08,96.19000244140625,96.4800033569336,95.3499984741211,95.58999633789062,421400.0
2019-04-09,95.73999786376953,96.48999786376953,94.58000183105469,94.91000366210938,480400.0
2019-04-10,94.63999938964844,96.33000183105469,94.02999877929688,96.13999938964844,898200.0
2019-04-11,96.38999938964844,96.63999938964844,95.3499984741211,95.91000366210938,572500.0
2019-04-12,96.01000213623047,97.54000091552734,95.9800033569336,96.1500015258789,436600.0
2019-04-15,96.55000305175781,98.33999633789062,96.23999786376953,97.69000244140625,479100.0
2019-04-16,97.52999877929688,99.29000091552734,97.52999877929688,98.93000030517578,466700.0
2019-04-17,98.08000183105469,101.16999816894531,98.08000183105469,100.80000305175781,643400.0
2019-04-18,101.1500015258789,101.68000030517578,100.30999755859375,101.26000213623047,645800.0
2019-04-22,100.97000122070312,101.36000061035156,100.12000274658203,101.06999969482422,488600.0
2019-04-23,101.66000366210938,102.0,100.69000244140625,101.12000274658203,514200.0
2019-04-24,100.80000305175781,101.62000274658203,100.80000305175781,101.3499984741211,601500.0
2019-04-25,100.72000122070312,101.91000366210938,100.48999786376953,101.73999786376953,387600.0
2019-04-26,101.3499984741211,102.4800033569336,100.95999908447266,101.55000305175781,334800.0
2019-04-29,101.20999908447266,102.18000030517578,100.6500015258789,101.0,412800.0
2019-04-30,101.43000030517578,101.8499984741211,100.87000274658203,101.61000061035156,777200.0
2019-05-01,101.2300033569336,102.0,100.7699966430664,101.04000091552734,511400.0
2019-05-02,100.63999938964844,100.91000366210938,99.80999755859375,99.9000015258789,1009200.0
2019-05-03,100.79000091552734,102.31999969482422,100.45999908447266,100.9800033569336,708100.0
2019-05-06,100.19999694824219,103.91000366210938,100.0,103.06999969482422,704500.0
2019-05-07,102.97000122070312,103.94000244140625,101.37999725341797,101.77999877929688,975300.0
2019-05-08,101.55999755859375,103.0,101.52999877929688,102.62999725341797,1347000.0
2019-05-09,101.88999938964844,104.47000122070312,101.88999938964844,103.5999984741211,999800.0
2019-05-10,103.38999938964844,104.13999938964844,102.22000122070312,103.41999816894531,724100.0
2019-05-13,102.02999877929688,103.44000244140625,102.02999877929688,103.13999938964844,596600.0
2019-05-14,103.0,105.62000274658203,103.0,105.06999969482422,849700.0
2019-05-15,104.5199966430664,104.94999694824219,102.98999786376953,103.87999725341797,657000.0
2019-05-16,103.77999877929688,105.4000015258789,103.77999877929688,105.25,633000.0
2019-05-17,104.30000305175781,106.56999969482422,104.30000305175781,105.79000091552734,580000.0
2019-05-20,106.25,107.8499984741211,106.19000244140625,107.63999938964844,477500.0
2019-05-21,107.25,108.0,106.0,107.33999633789062,654500.0
2019-05-22,106.70999908447266,107.9000015258789,106.05999755859375,107.79000091552734,399800.0
2019-05-23,107.79000091552734,108.54000091552734,105.94000244140625,106.20999908447266,697900.0
2019-05-24,106.08000183105469,107.38999938964844,105.05999755859375,106.94999694824219,372400.0
2019-05-28,106.94999694824219,107.86000061035156,105.5,105.5,953000.0
2019-05-29,104.93000030517578,107.66999816894531,103.08999633789062,107.2699966430664,907100.0
2019-05-30,108.2699966430664,108.69999694824219,104.52999877929688,106.5999984741211,839400.0
2019-05-31,106.63999938964844,109.66999816894531,105.91000366210938,108.54000091552734,1213900.0
2019-06-03,108.25,109.69999694824219,107.52999877929688,109.13999938964844,966600.0
2019-06-04,109.5,110.30000305175781,108.0999984741211,109.94000244140625,699000.0
2019-06-05,110.05999755859375,111.79000091552734,109.75,110.91999816894531,709500.0
2019-06-06,112.25,112.33999633789062,110.91999816894531,111.06999969482422,680600.0
2019-06-07,112.01000213623047,112.01000213623047,110.12000274658203,111.30999755859375,452200.0
2019-06-10,111.04000091552734,112.91000366210938,110.52999877929688,111.12999725341797,470500.0
2019-06-11,111.04000091552734,111.04000091552734,106.02999877929688,108.02999877929688,960000.0
2019-06-12,107.56999969482422,108.79000091552734,105.83000183105469,107.69999694824219,617000.0
2019-06-13,107.70999908447266,107.70999908447266,105.12999725341797,107.26000213623047,530600.0
2019-06-14,107.80000305175781,108.80000305175781,106.25,107.73999786376953,384900.0
2019-06-17,107.4000015258789,108.19000244140625,106.05999755859375,106.69999694824219,374400.0
2019-06-18,106.29000091552734,107.19000244140625,105.37999725341797,106.33999633789062,841600.0
2019-06-19,107.19000244140625,107.19000244140625,105.30000305175781,106.23999786376953,834100.0
2019-06-20,106.19000244140625,107.13999938964844,105.0999984741211,107.08000183105469,508700.0
2019-06-21,107.36000061035156,108.13999938964844,106.44000244140625,106.44000244140625,634100.0
2019-06-24,106.22000122070312,108.08000183105469,106.22000122070312,107.3499984741211,620600.0
2019-06-25,107.62000274658203,108.36000061035156,106.45999908447266,107.5,790200.0
2019-06-26,107.18000030517578,107.80000305175781,105.8499984741211,105.8499984741211,573600.0
2019-06-27,105.83999633789062,107.5999984741211,105.19000244140625,106.05999755859375,488300.0
2019-06-28,106.5199966430664,107.45999908447266,103.45999908447266,103.62999725341797,2443700.0
2019-07-01,104.68000030517578,106.73999786376953,104.25,106.69999694824219,672300.0
2019-07-02,106.69999694824219,108.56999969482422,104.8499984741211,108.47000122070312,699300.0
2019-07-03,108.4800033569336,110.20999908447266,108.08999633789062,110.0,390500.0
2019-07-05,109.97000122070312,111.0,109.6500015258789,110.4000015258789,326700.0
2019-07-08,109.93000030517578,111.06999969482422,108.75,110.62000274658203,624200.0
2019-07-09,109.51000213623047,111.47000122070312,108.83000183105469,110.9800033569336,534300.0
2019-07-10,111.69000244140625,112.0999984741211,110.62999725341797,111.69999694824219,487200.0
2019-07-11,112.06999969482422,114.12999725341797,111.5,113.0,528000.0
2019-07-12,112.87999725341797,114.29000091552734,111.5999984741211,114.05999755859375,481400.0
2019-07-15,113.95999908447266,114.54000091552734,112.22000122070312,114.06999969482422,566100.0
2019-07-16,114.44000244140625,114.7300033569336,113.4800033569336,114.08000183105469,351800.0
2019-07-17,113.55000305175781,114.38999938964844,113.45999908447266,114.19999694824219,472500.0
2019-07-18,114.3499984741211,115.0,113.55999755859375,114.52999877929688,445700.0
2019-07-19,115.18000030517578,115.41999816894531,113.73999786376953,114.91000366210938,469800.0
2019-07-22,114.4800033569336,115.91999816894531,112.5,114.5199966430664,346500.0
2019-07-23,114.69000244140625,115.08000183105469,114.22000122070312,114.7699966430664,315000.0
2019-07-24,114.83999633789062,115.48999786376953,109.80000305175781,111.6500015258789,920900.0
2019-07-25,113.8499984741211,113.8499984741211,110.45999908447266,111.20999908447266,563300.0
2019-07-26,111.69999694824219,112.13999938964844,110.22000122070312,111.1500015258789,489500.0
2019-07-29,110.55999755859375,111.51000213623047,110.0999984741211,110.44999694824219,391300.0
2019-07-30,110.44000244140625,111.5,109.70999908447266,110.55999755859375,598200.0
2019-07-31,111.16999816894531,111.45999908447266,109.22000122070312,109.30999755859375,486200.0
2019-08-01,109.11000061035156,115.06999969482422,108.0999984741211,115.06999969482422,1055400.0
2019-08-02,116.06999969482422,117.3499984741211,114.51000213623047,116.4800033569336,791600.0
2019-08-05,117.06999969482422,119.4000015258789,114.47000122070312,114.7699966430664,808700.0
2019-08-06,115.75,118.4800033569336,113.12000274658203,118.4800033569336,752200.0
2019-08-07,119.0,119.2699966430664,115.87999725341797,118.01000213623047,633600.0
2019-08-08,117.8499984741211,119.0,116.9800033569336,118.86000061035156,561900.0
2019-08-09,119.06999969482422,120.08000183105469,118.08000183105469,119.01000213623047,719000.0
2019-08-12,119.01000213623047,121.2300033569336,118.41999816894531,119.37999725341797,616300.0
2019-08-13,120.63999938964844,121.87000274658203,118.44000244140625,120.72000122070312,711800.0
2019-08-14,120.12999725341797,122.37999725341797,119.20999908447266,119.41000366210938,625300.0
2019-08-15,119.30999755859375,122.0199966430664,119.30999755859375,121.87000274658203,629100.0
2019-08-16,122.12000274658203,122.87999725341797,120.0,121.37000274658203,1888800.0
2019-08-19,121.51000213623047,121.87999725341797,119.30000305175781,120.33000183105469,680200.0
2019-08-20,119.47000122070312,121.26000213623047,118.51000213623047,119.44999694824219,586100.0
2019-08-21,120.25,120.25,117.75,119.16999816894531,552000.0
2019-08-22,119.68000030517578,120.94999694824219,119.20999908447266,119.88999938964844,375000.0
2019-08-23,120.52999877929688,121.9000015258789,119.0199966430664,119.8499984741211,635600.0
2019-08-26,119.94999694824219,121.55000305175781,119.43000030517578,120.69999694824219,358100.0
2019-08-27,120.69999694824219,120.69999694824219,117.87000274658203,120.05999755859375,433400.0
2019-08-28,119.80000305175781,120.73999786376953,118.44000244140625,119.95999908447266,282100.0
2019-08-29,120.0,120.0,117.88999938964844,118.94000244140625,360000.0
2019-08-30,120.06999969482422,120.87999725341797,118.18000030517578,119.16000366210938,550400.0
2019-09-03,117.12000274658203,119.88999938964844,117.12000274658203,119.08999633789062,537000.0
2019-09-04,119.81999969482422,120.16999816894531,118.93000030517578,119.18000030517578,650300.0
2019-09-05,120.27999877929688,120.27999877929688,118.58000183105469,119.20999908447266,486500.0
2019-09-06,120.3499984741211,120.3499984741211,118.55000305175781,118.69999694824219,667300.0
2019-09-09,119.88999938964844,119.88999938964844,118.38999938964844,118.69999694824219,698400.0
2019-09-10,119.16999816894531,119.16999816894531,114.6500015258789,115.2300033569336,894100.0
2019-09-11,115.44999694824219,116.26000213623047,113.73999786376953,114.98999786376953,779000.0
2019-09-12,115.79000091552734,116.44999694824219,114.54000091552734,115.05999755859375,409400.0
2019-09-13,114.0999984741211,114.25,109.19999694824219,111.05999755859375,1346500.0
2019-09-16,111.72000122070312,113.02999877929688,110.16000366210938,111.0,668200.0
2019-09-17,111.5999984741211,114.61000061035156,110.91999816894531,113.4800033569336,754900.0
2019-09-18,114.5,117.19000244140625,114.01000213623047,115.66000366210938,992800.0
2019-09-19,114.55999755859375,117.37999725341797,114.55999755859375,116.44000244140625,731000.0
2019-09-20,118.05000305175781,118.05000305175781,115.37999725341797,115.55999755859375,1253800.0
2019-09-23,114.81999969482422,117.22000122070312,114.05999755859375,115.91999816894531,611000.0
2019-09-24,116.47000122070312,118.6500015258789,116.44999694824219,118.2300033569336,793000.0
2019-09-25,118.41000366210938,118.41000366210938,115.9800033569336,117.93000030517578,516200.0
2019-09-26,117.87999725341797,118.06999969482422,116.2699966430664,117.7699966430664,444400.0
2019-09-27,117.5199966430664,118.23999786376953,114.27999877929688,115.44000244140625,607500.0
2019-09-30,115.18000030517578,116.55000305175781,114.61000061035156,114.91000366210938,665000.0
2019-10-01,115.27999877929688,116.54000091552734,114.1500015258789,115.58000183105469,511500.0
2019-10-02,115.18000030517578,116.2699966430664,112.72000122070312,112.80000305175781,978600.0
2019-10-03,112.80000305175781,116.38999938964844,112.80000305175781,116.16000366210938,694400.0
2019-10-04,115.7699966430664,117.94999694824219,115.5,116.27999877929688,681200.0
2019-10-07,115.41000366210938,118.44999694824219,115.41000366210938,118.25,625400.0
2019-10-08,117.04000091552734,118.25,114.52999877929688,116.4800033569336,560600.0
2019-10-09,117.29000091552734,117.87000274658203,116.4800033569336,117.1500015258789,464100.0
2019-10-10,116.2699966430664,118.37000274658203,116.2699966430664,117.08000183105469,533500.0
2019-10-11,117.97000122070312,117.97000122070312,114.58000183105469,115.5999984741211,690900.0
2019-10-14,115.62999725341797,117.31999969482422,115.0999984741211,115.18000030517578,327000.0
2019-10-15,115.02999877929688,116.75,115.02999877929688,115.05000305175781,457500.0
2019-10-16,115.2300033569336,115.91999816894531,114.16000366210938,115.4800033569336,633200.0
2019-10-17,115.44000244140625,117.3499984741211,114.83999633789062,116.44999694824219,316100.0
2019-10-18,115.75,117.22000122070312,115.75,116.7699966430664,377600.0
2019-10-21,117.55999755859375,117.55999755859375,115.01000213623047,115.2699966430664,616900.0
2019-10-22,115.97000122070312,116.95999908447266,114.62999725341797,114.68000030517578,430400.0
2019-10-23,114.0,114.94999694824219,113.38999938964844,114.02999877929688,460100.0
2019-10-24,114.68000030517578,116.33000183105469,113.87000274658203,115.69999694824219,261700.0
2019-10-25,116.0,116.18000030517578,113.73999786376953,114.0999984741211,435700.0
2019-10-28,114.55000305175781,114.66000366210938,112.19000244140625,113.22000122070312,655300.0
2019-10-29,113.54000091552734,115.01000213623047,113.2300033569336,113.83999633789062,723600.0
2019-10-30,113.62999725341797,116.97000122070312,113.23999786376953,116.63999938964844,575200.0
2019-10-31,117.2699966430664,117.83999633789062,114.81999969482422,115.1500015258789,966100.0
2019-11-01,119.47000122070312,119.47000122070312,112.44999694824219,114.8499984741211,1028800.0
2019-11-04,115.25,115.83999633789062,112.58000183105469,113.5199966430664,591800.0
2019-11-05,113.25,115.26000213623047,112.75,115.26000213623047,712600.0
2019-11-06,114.7699966430664,115.41000366210938,114.16999816894531,114.44999694824219,711100.0
2019-11-07,114.66000366210938,115.4800033569336,113.62000274658203,115.4000015258789,778500.0
2019-11-08,115.86000061035156,115.86000061035156,114.12000274658203,114.87999725341797,451700.0
2019-11-11,114.97000122070312,116.41000366210938,114.48999786376953,115.0999984741211,411900.0
2019-11-12,115.01000213623047,116.30999755859375,114.02999877929688,115.87999725341797,428200.0
2019-11-13,116.27999877929688,117.51000213623047,115.87000274658203,117.4000015258789,478900.0
2019-11-14,117.87999725341797,117.87999725341797,116.70999908447266,117.5199966430664,548300.0
2019-11-15,118.45999908447266,119.63999938964844,118.0999984741211,119.48999786376953,762600.0
2019-11-18,120.0,121.20999908447266,119.69999694824219,120.47000122070312,716500.0
2019-11-19,122.0,122.5999984741211,120.36000061035156,122.5,714000.0
2019-11-20,121.29000091552734,123.62999725341797,121.29000091552734,123.31999969482422,797100.0
2019-11-21,123.41999816894531,123.98999786376953,122.55000305175781,123.1500015258789,680400.0
2019-11-22,122.55999755859375,124.31999969482422,122.55999755859375,123.7699966430664,766400.0
2019-11-25,124.47000122070312,124.87999725341797,122.81999969482422,123.76000213623047,732300.0
2019-11-26,123.62000274658203,123.8499984741211,118.19999694824219,119.5199966430664,3250800.0
2019-11-27,119.55999755859375,119.5999984741211,116.62000274658203,118.44000244140625,670700.0
2019-11-29,118.02999877929688,120.41999816894531,116.01000213623047,118.9000015258789,420400.0
2019-12-02,118.04000091552734,119.5999984741211,117.1500015258789,119.27999877929688,621100.0
2019-12-03,119.37999725341797,120.58999633789062,118.72000122070312,120.06999969482422,722200.0
2019-12-04,119.36000061035156,120.95999908447266,119.36000061035156,120.23999786376953,494700.0
2019-12-05,120.66999816894531,121.38999938964844,119.33999633789062,119.87000274658203,543700.0
2019-12-06,120.58999633789062,121.0,119.33000183105469,120.58999633789062,445600.0
2019-12-09,119.9800033569336,121.8499984741211,118.94000244140625,119.66000366210938,491500.0
2019-12-10,118.93000030517578,119.73999786376953,115.66000366210938,115.66000366210938,758400.0
2019-12-11,115.5,116.12000274658203,114.6500015258789,115.69999694824219,514500.0
2019-12-12,115.2699966430664,116.04000091552734,114.19999694824219,115.41999816894531,742100.0
2019-12-13,116.05000305175781,116.31999969482422,114.13999938964844,115.5,482800.0
2019-12-16,115.2699966430664,117.1500015258789,114.66000366210938,117.08999633789062,834300.0
2019-12-17,117.48999786376953,117.88999938964844,115.9000015258789,116.70999908447266,1073100.0
2019-12-18,116.58000183105469,116.75,115.5199966430664,116.43000030517578,669000.0
2019-12-19,116.47000122070312,117.83000183105469,115.6500015258789,117.55999755859375,676600.0
2019-12-20,121.5,121.5,117.8499984741211,119.0199966430664,1327300.0
2019-12-23,118.79000091552734,119.52999877929688,117.31999969482422,118.30000305175781,573600.0
2019-12-24,118.16000366210938,118.98999786376953,117.51000213623047,118.97000122070312,316400.0
2019-12-26,119.0,119.05000305175781,118.31999969482422,119.05000305175781,286300.0
2019-12-27,119.08999633789062,119.5,118.6500015258789,118.83999633789062,377300.0
2019-12-30,119.06999969482422,119.26000213623047,117.5199966430664,119.25,423900.0
2019-12-31,118.58999633789062,120.0,118.41999816894531,120.0,384600.0
2020-01-02,119.69999694824219,120.18000030517578,118.27999877929688,119.5199966430664,460700.0
2020-01-03,119.02999877929688,122.12000274658203,119.02999877929688,121.33000183105469,599700.0
2020-01-06,120.48999786376953,120.9800033569336,119.29000091552734,120.19000244140625,604200.0
2020-01-07,119.98999786376953,119.98999786376953,118.06999969482422,118.22000122070312,515100.0
2020-01-08,117.75,118.55000305175781,115.70999908447266,117.01000213623047,1039300.0
2020-01-09,117.30999755859375,117.37999725341797,115.87999725341797,116.01000213623047,789300.0
2020-01-10,116.5999984741211,116.5999984741211,115.80999755859375,115.8499984741211,917400.0
2020-01-13,115.7699966430664,115.7699966430664,114.44999694824219,115.08999633789062,704500.0
2020-01-14,114.98999786376953,116.22000122070312,114.68000030517578,115.48999786376953,723300.0
2020-01-15,115.73999786376953,116.97000122070312,114.97000122070312,116.87000274658203,829400.0
2020-01-16,116.76000213623047,117.7300033569336,116.2699966430664,117.52999877929688,510400.0
2020-01-17,117.33000183105469,117.76000213623047,116.0199966430664,116.52999877929688,661600.0
2020-01-21,116.4000015258789,117.80000305175781,116.27999877929688,117.38999938964844,662300.0
2020-01-22,119.48999786376953,119.97000122070312,117.88999938964844,118.72000122070312,607300.0
2020-01-23,118.38999938964844,119.9800033569336,117.80999755859375,119.62000274658203,420100.0
2020-01-24,120.0,120.29000091552734,118.87000274658203,119.80999755859375,410900.0
2020-01-27,119.25,121.61000061035156,119.05000305175781,119.7300033569336,671200.0
2020-01-28,120.0999984741211,122.18000030517578,119.94000244140625,121.19999694824219,644000.0
2020-01-29,120.94999694824219,122.72000122070312,120.37999725341797,121.5,386700.0
2020-01-30,121.19999694824219,123.30000305175781,121.16999816894531,123.18000030517578,410200.0
2020-01-31,122.47000122070312,124.19000244140625,122.26000213623047,123.22000122070312,540000.0
2020-02-03,124.0,124.75,122.08000183105469,123.86000061035156,530300.0
2020-02-04,123.01000213623047,124.83999633789062,122.13999938964844,122.47000122070312,831500.0
2020-02-05,122.94999694824219,124.18000030517578,122.44000244140625,123.7699966430664,1134200.0
2020-02-06,123.94999694824219,127.93000030517578,122.75,127.93000030517578,991500.0
2020-02-07,125.0,127.25,122.0,122.54000091552734,860700.0
2020-02-10,122.01000213623047,123.80999755859375,121.31999969482422,123.69000244140625,526200.0
2020-02-11,123.38999938964844,124.6500015258789,122.58000183105469,123.30999755859375,422100.0
2020-02-12,122.93000030517578,123.8499984741211,121.77999877929688,123.52999877929688,356300.0
2020-02-13,122.86000061035156,124.30000305175781,122.5199966430664,124.2699966430664,331500.0
2020-02-14,124.4000015258789,125.79000091552734,123.62999725341797,125.62999725341797,371900.0
2020-02-18,123.0,125.45999908447266,121.69000244140625,123.54000091552734,823200.0
2020-02-19,124.16999816894531,124.81999969482422,120.13999938964844,120.44000244140625,577800.0
2020-02-20,120.05999755859375,122.83000183105469,119.87999725341797,122.83000183105469,647000.0
2020-02-21,122.20999908447266,124.55000305175781,120.45999908447266,122.61000061035156,2379500.0
2020-02-24,120.68000030517578,124.2699966430664,119.94000244140625,121.98999786376953,827700.0
2020-02-25,122.58999633789062,122.5999984741211,120.1500015258789,122.0999984741211,703600.0
2020-02-26,123.93000030517578,125.16999816894531,122.33000183105469,123.80999755859375,861100.0
2020-02-27,120.3499984741211,126.16999816894531,119.66000366210938,121.2300033569336,1424500.0
2020-02-28,122.73999786376953,122.73999786376953,111.86000061035156,114.0,1920300.0
2020-03-02,112.41999816894531,118.18000030517578,112.41999816894531,118.18000030517578,1232900.0
2020-03-03,117.98999786376953,119.44000244140625,116.1500015258789,117.20999908447266,1188800.0
2020-03-04,117.5199966430664,119.72000122070312,115.0,118.58999633789062,1312000.0
2020-03-05,115.91999816894531,121.08999633789062,115.70999908447266,115.94999694824219,1588800.0
2020-03-06,115.0,119.0999984741211,114.08000183105469,116.7699966430664,1401400.0
2020-03-09,112.04000091552734,116.75,110.12999725341797,111.7699966430664,1378000.0
2020-03-10,111.80999755859375,114.45999908447266,108.8499984741211,110.9000015258789,1400700.0
2020-03-11,112.0,112.0,105.51000213623047,106.3499984741211,1358100.0
2020-03-12,98.97000122070312,102.0,90.22000122070312,93.47000122070312,1855200.0
2020-03-13,95.38999938964844,99.58000183105469,91.30999755859375,94.80000305175781,1711500.0
2020-03-16,92.0,92.0,82.01000213623047,82.69999694824219,1597000.0
2020-03-17,84.47000122070312,91.5999984741211,80.68000030517578,88.54000091552734,1903900.0
2020-03-18,86.56999969482422,86.9800033569336,74.12000274658203,75.8499984741211,1853800.0
2020-03-19,75.9000015258789,89.94000244140625,72.01000213623047,82.91000366210938,1671100.0
2020-03-20,83.25,84.11000061035156,78.58999633789062,79.69000244140625,1760600.0
2020-03-23,80.19999694824219,80.44000244140625,73.12999725341797,76.54000091552734,1481400.0
2020-03-24,78.76000213623047,81.55999755859375,75.11000061035156,78.1500015258789,1911400.0
2020-03-25,77.80999755859375,83.54000091552734,76.81999969482422,80.0,1226900.0
2020-03-26,79.05999755859375,91.01000213623047,78.94000244140625,90.81999969482422,1406700.0
2020-03-27,87.12000274658203,94.88999938964844,87.01000213623047,90.88999938964844,1236800.0
2020-03-30,92.1500015258789,95.41000366210938,88.81999969482422,93.02999877929688,786000.0
2020-03-31,90.80999755859375,94.0,87.79000091552734,89.25,1017600.0
2020-04-01,86.4000015258789,90.22000122070312,84.91999816894531,88.18000030517578,999700.0
2020-04-02,85.73999786376953,92.87999725341797,85.73999786376953,92.37000274658203,1029600.0
2020-04-03,93.43000030517578,93.43000030517578,89.30000305175781,89.62000274658203,1175000.0
2020-04-06,94.0999984741211,97.2300033569336,90.22000122070312,94.88999938964844,972400.0
2020-04-07,97.33999633789062,97.33999633789062,91.0,93.5,1381300.0
2020-04-08,94.06999969482422,95.69999694824219,92.0999984741211,95.69999694824219,791200.0
2020-04-09,95.91000366210938,96.6500015258789,92.73999786376953,93.41999816894531,1498300.0
2020-04-13,92.83999633789062,94.5199966430664,91.41999816894531,93.30999755859375,2301000.0
2020-04-14,94.51000213623047,100.56999969482422,94.51000213623047,100.51000213623047,1581900.0
2020-04-15,98.29000091552734,101.2699966430664,97.55999755859375,98.08999633789062,1107800.0
2020-04-16,98.04000091552734,99.5,97.68000030517578,97.94000244140625,1121500.0
2020-04-17,98.22000122070312,102.23999786376953,98.22000122070312,102.0,1107600.0
2020-04-20,101.80999755859375,104.38999938964844,100.37000274658203,102.95999908447266,1102500.0
2020-04-21,101.30999755859375,102.5,100.12999725341797,100.38999938964844,1282600.0
2020-04-22,100.72000122070312,102.55000305175781,99.41999816894531,100.19999694824219,827300.0
2020-04-23,99.19999694824219,100.1500015258789,97.41999816894531,99.05000305175781,966700.0
2020-04-24,99.87999725341797,100.7699966430664,96.37000274658203,96.5199966430664,726500.0
2020-04-27,98.05999755859375,98.44000244140625,97.05999755859375,97.13999938964844,643600.0
2020-04-28,98.76000213623047,98.9800033569336,96.5,98.5,821200.0
2020-04-29,99.08000183105469,100.69999694824219,98.93000030517578,99.31999969482422,644300.0
2020-04-30,99.30999755859375,99.37999725341797,96.43000030517578,99.37999725341797,546700.0
2020-05-01,98.98999786376953,99.7300033569336,93.33999633789062,94.01000213623047,958600.0
2020-05-04,92.02999877929688,94.94999694824219,92.02999877929688,94.44999694824219,1532700.0
2020-05-05,94.61000061035156,99.73999786376953,93.80000305175781,98.94000244140625,635400.0
2020-05-06,100.58000183105469,100.62999725341797,97.3499984741211,97.4800033569336,896000.0
2020-05-07,98.62000274658203,100.9000015258789,98.31999969482422,99.45999908447266,678500.0
2020-05-08,100.44000244140625,102.27999877929688,98.83000183105469,100.18000030517578,502400.0
2020-05-11,99.95999908447266,101.0,99.01000213623047,99.87999725341797,897200.0
2020-05-12,99.88999938964844,101.54000091552734,97.79000091552734,97.9000015258789,576000.0
2020-05-13,98.08000183105469,99.9000015258789,96.54000091552734,98.05999755859375,965000.0
2020-05-14,97.63999938964844,99.55000305175781,95.8499984741211,99.33999633789062,431800.0
2020-05-15,97.66999816894531,100.45999908447266,97.29000091552734,99.87999725341797,621600.0
2020-05-18,101.6500015258789,104.25,101.05000305175781,102.76000213623047,425200.0
2020-05-19,101.30999755859375,103.0,98.93000030517578,98.94000244140625,629400.0
2020-05-20,99.20999908447266,101.55000305175781,99.20999908447266,100.48999786376953,374400.0
2020-05-21,99.91999816894531,101.94999694824219,95.76000213623047,97.9800033569336,811000.0
2020-05-22,97.94000244140625,99.58999633789062,96.5,99.30999755859375,423600.0
2020-05-26,100.72000122070312,102.5,100.44000244140625,101.41999816894531,564700.0
2020-05-27,103.05000305175781,103.33000183105469,101.12000274658203,102.66000366210938,840900.0
2020-05-28,103.0,103.3499984741211,102.05000305175781,102.62999725341797,610700.0
2020-05-29,102.73999786376953,106.45999908447266,102.55000305175781,106.45999908447266,927500.0
2020-06-01,106.61000061035156,107.12000274658203,103.9000015258789,105.08000183105469,534200.0
2020-06-02,105.0,105.0,101.9000015258789,102.68000030517578,525300.0
2020-06-03,103.33000183105469,104.75,102.0199966430664,104.0,906600.0
2020-06-04,104.0,104.0,100.66000366210938,101.02999877929688,626700.0
2020-06-05,102.1500015258789,102.48999786376953,97.69999694824219,97.83999633789062,2020000.0
2020-06-08,98.0,103.5999984741211,98.0,103.43000030517578,1171200.0
2020-06-09,103.01000213623047,103.18000030517578,101.04000091552734,103.05000305175781,584400.0
2020-06-10,103.58999633789062,103.80000305175781,99.66999816894531,101.37000274658203,1092200.0
2020-06-11,101.27999877929688,101.36000061035156,96.66999816894531,97.0,1271600.0
2020-06-12,99.0,99.91000366210938,97.29000091552734,99.9000015258789,865200.0
2020-06-15,98.26000213623047,101.55000305175781,97.26000213623047,101.0999984741211,569600.0
2020-06-16,102.81999969482422,103.27999877929688,100.16000366210938,101.44999694824219,598000.0
2020-06-17,102.31999969482422,102.87000274658203,99.91000366210938,101.04000091552734,583900.0
2020-06-18,100.31999969482422,102.2699966430664,99.94999694824219,100.25,395500.0
2020-06-19,102.4800033569336,102.48999786376953,98.69999694824219,98.75,860600.0
2020-06-22,98.62000274658203,100.29000091552734,98.0999984741211,100.05000305175781,583800.0
2020-06-23,97.9000015258789,98.51000213623047,95.68000030517578,95.76000213623047,1040300.0
2020-06-24,94.77999877929688,96.23999786376953,93.6500015258789,93.76000213623047,889800.0
2020-06-25,93.81999969482422,95.23999786376953,93.0199966430664,95.08999633789062,770800.0
2020-06-26,94.0199966430664,94.12999725341797,91.25,91.51000213623047,1363000.0
2020-06-29,92.80999755859375,93.9000015258789,91.26000213623047,92.80999755859375,862300.0
2020-06-30,91.95999908447266,93.37999725341797,90.86000061035156,93.27999877929688,1048400.0
2020-07-01,93.44999694824219,97.38999938964844,93.08999633789062,96.45999908447266,1078000.0
2020-07-02,97.79000091552734,97.79000091552734,94.22000122070312,95.08999633789062,658100.0
2020-07-06,96.48999786376953,96.62000274658203,94.83999633789062,95.0,540900.0
2020-07-07,93.12000274658203,94.4800033569336,92.58999633789062,93.70999908447266,590800.0
2020-07-08,93.36000061035156,93.81999969482422,92.29000091552734,93.01000213623047,779100.0
2020-07-09,92.9800033569336,93.08000183105469,89.66999816894531,90.19000244140625,1097600.0
2020-07-10,90.3499984741211,91.83999633789062,90.12000274658203,91.55000305175781,828900.0
2020-07-13,92.48999786376953,93.77999877929688,91.02999877929688,91.48999786376953,507300.0
2020-07-14,91.76000213623047,92.0999984741211,89.9800033569336,90.61000061035156,706000.0
2020-07-15,91.87999725341797,94.12999725341797,91.33000183105469,94.04000091552734,615500.0
2020-07-16,94.4800033569336,94.4800033569336,91.81999969482422,92.91000366210938,378300.0
2020-07-17,93.27999877929688,93.79000091552734,92.08000183105469,92.66000366210938,410100.0
2020-07-20,92.68000030517578,94.93000030517578,92.01000213623047,93.31999969482422,674100.0
2020-07-21,95.0,95.0199966430664,92.73999786376953,93.12000274658203,684300.0
2020-07-22,93.55000305175781,93.55000305175781,90.91000366210938,91.6500015258789,836800.0
2020-07-23,91.48999786376953,92.79000091552734,90.58000183105469,91.20999908447266,868000.0
2020-07-24,90.44999694824219,91.13999938964844,88.95999908447266,89.45999908447266,722500.0
2020-07-27,89.33999633789062,90.0,87.22000122070312,87.33000183105469,771800.0
2020-07-28,87.77999877929688,89.45999908447266,87.30000305175781,87.43000030517578,698800.0
2020-07-29,87.63999938964844,89.5,86.73999786376953,89.13999938964844,569900.0
2020-07-30,87.80000305175781,89.33000183105469,86.88999938964844,86.88999938964844,911800.0
2020-07-31,87.38999938964844,87.87999725341797,85.54000091552734,87.69999694824219,1114100.0
2020-08-03,86.91999816894531,88.29000091552734,85.1500015258789,86.33000183105469,862900.0
2020-08-04,87.13999938964844,88.19999694824219,85.58000183105469,85.58000183105469,872400.0
2020-08-05,86.3499984741211,87.95999908447266,85.25,86.66999816894531,1064400.0
2020-08-06,86.54000091552734,88.26000213623047,85.0,85.0,931900.0
2020-08-07,85.16000366210938,88.38999938964844,85.0,88.05999755859375,883500.0
2020-08-10,87.91000366210938,87.94000244140625,85.54000091552734,85.54000091552734,1063800.0
2020-08-11,86.47000122070312,88.91000366210938,86.3499984741211,88.81999969482422,878000.0
2020-08-12,88.5199966430664,89.56999969482422,86.81999969482422,86.81999969482422,751700.0
2020-08-13,87.05999755859375,87.5199966430664,86.13999938964844,86.23999786376953,397100.0
2020-08-14,86.11000061035156,88.26000213623047,86.06999969482422,88.26000213623047,617000.0
2020-08-17,88.5999984741211,90.26000213623047,88.01000213623047,89.81999969482422,774000.0
2020-08-18,89.97000122070312,90.69999694824219,89.16000366210938,90.18000030517578,719900.0
2020-08-19,90.76000213623047,91.0,88.91000366210938,89.0199966430664,780700.0
2020-08-20,88.66000366210938,90.30999755859375,88.58000183105469,89.62000274658203,554700.0
2020-08-21,89.05000305175781,92.37999725341797,89.01000213623047,91.63999938964844,1147400.0
2020-08-24,92.48999786376953,93.30000305175781,91.54000091552734,92.69000244140625,717400.0
2020-08-25,92.87999725341797,92.95999908447266,90.12000274658203,90.5999984741211,1066400.0
2020-08-26,90.05999755859375,94.2699966430664,89.5999984741211,91.2300033569336,896800.0
2020-08-27,90.58000183105469,92.91000366210938,90.58000183105469,92.41000366210938,687000.0
2020-08-28,93.33000183105469,93.33000183105469,91.43000030517578,91.75,639100.0
2020-08-31,92.5199966430664,92.68000030517578,89.94999694824219,91.79000091552734,886500.0
2020-09-01,91.19999694824219,91.19999694824219,88.22000122070312,90.06999969482422,736900.0
2020-09-02,89.72000122070312,91.13999938964844,88.01000213623047,88.47000122070312,823700.0
2020-09-03,88.95999908447266,90.47000122070312,88.5999984741211,89.80000305175781,868400.0
2020-09-04,89.61000061035156,92.16000366210938,89.06999969482422,91.02999877929688,970100.0
2020-09-08,90.3499984741211,90.7300033569336,87.66999816894531,89.66999816894531,1034300.0
2020-09-09,90.0199966430664,91.4800033569336,89.18000030517578,89.94999694824219,741400.0
2020-09-10,90.02999877929688,90.80000305175781,87.06999969482422,87.08999633789062,1037200.0
2020-09-11,87.6500015258789,88.9000015258789,87.29000091552734,88.8499984741211,949000.0
2020-09-14,89.43000030517578,90.52999877929688,88.62999725341797,89.94000244140625,639800.0
2020-09-15,89.43000030517578,90.87999725341797,89.01000213623047,89.61000061035156,546700.0
2020-09-16,89.69999694824219,91.0999984741211,89.6500015258789,90.55999755859375,748600.0
2020-09-17,90.05999755859375,91.45999908447266,88.73999786376953,88.94000244140625,587300.0
2020-09-18,88.70999908447266,90.8499984741211,87.62999725341797,90.8499984741211,1647600.0
2020-09-21,90.30000305175781,90.8499984741211,89.13999938964844,90.0,1124600.0
2020-09-22,89.62999725341797,90.61000061035156,88.95999908447266,89.83999633789062,898100.0
2020-09-23,89.08000183105469,91.6500015258789,88.01000213623047,89.06999969482422,1672700.0
2020-09-24,88.43000030517578,90.08000183105469,88.04000091552734,89.30000305175781,574200.0
2020-09-25,88.62999725341797,89.7300033569336,88.33999633789062,89.69999694824219,452100.0
2020-09-28,90.4800033569336,91.56999969482422,88.83999633789062,89.0,519800.0
2020-09-29,89.26000213623047,90.56999969482422,83.79000091552734,86.88999938964844,1329300.0
2020-09-30,87.68000030517578,88.91999816894531,86.66000366210938,87.73999786376953,879200.0
2020-10-01,88.5,88.94999694824219,87.16000366210938,88.58999633789062,613200.0
2020-10-02,87.29000091552734,88.23999786376953,86.77999877929688,87.48999786376953,547900.0
2020-10-05,89.2300033569336,89.37000274658203,87.7300033569336,87.83000183105469,753400.0
2020-10-06,88.1500015258789,88.69999694824219,86.31999969482422,86.83999633789062,658900.0
2020-10-07,87.76000213623047,88.0,84.3499984741211,84.88999938964844,915000.0
2020-10-08,85.87999725341797,86.37999725341797,84.8499984741211,85.02999877929688,1007100.0
2020-10-09,85.88999938964844,85.88999938964844,84.77999877929688,85.36000061035156,770100.0
2020-10-12,85.4000015258789,85.61000061035156,84.02999877929688,84.4800033569336,719400.0
2020-10-13,84.22000122070312,84.45999908447266,83.69999694824219,84.20999908447266,862900.0
2020-10-14,84.37000274658203,84.8499984741211,83.83000183105469,84.58000183105469,1236500.0
2020-10-15,83.58000183105469,84.48999786376953,83.58000183105469,83.75,1117100.0
2020-10-16,85.30000305175781,85.30000305175781,83.58000183105469,83.9000015258789,1334000.0
2020-10-19,84.3499984741211,84.3499984741211,81.97000122070312,81.98999786376953,732400.0
2020-10-20,82.0199966430664,82.1500015258789,81.0,81.7300033569336,1433400.0
2020-10-21,81.27999877929688,81.7699966430664,80.0999984741211,80.0999984741211,1045100.0
2020-10-22,80.44000244140625,81.5199966430664,79.9000015258789,80.73999786376953,1279900.0
2020-10-23,81.2300033569336,82.0999984741211,80.5,81.72000122070312,1947900.0
2020-10-26,81.0,81.69999694824219,79.80000305175781,80.62999725341797,670000.0
2020-10-27,80.47000122070312,81.9800033569336,80.26000213623047,81.30000305175781,730600.0
2020-10-28,80.12000274658203,80.72000122070312,78.04000091552734,78.47000122070312,1000900.0
2020-10-29,78.2300033569336,79.72000122070312,77.62999725341797,79.22000122070312,681600.0
2020-10-30,80.0,83.16999816894531,79.80999755859375,81.29000091552734,1162200.0
2020-11-02,82.0,84.87999725341797,82.0,83.37000274658203,828000.0
2020-11-03,85.0,86.80999755859375,84.5999984741211,86.73999786376953,1033700.0
2020-11-04,85.94000244140625,88.44000244140625,85.94000244140625,87.0,1048900.0
2020-11-05,87.4800033569336,88.16000366210938,82.5,83.05000305175781,1064800.0
2020-11-06,83.30000305175781,85.04000091552734,82.55000305175781,84.6500015258789,638500.0
2020-11-09,87.69999694824219,89.66000366210938,86.76000213623047,87.19999694824219,1024000.0
2020-11-10,87.0999984741211,87.9800033569336,85.4000015258789,86.04000091552734,891500.0
2020-11-11,86.5199966430664,88.25,85.2699966430664,88.06999969482422,770700.0
2020-11-12,87.6500015258789,87.95999908447266,85.16000366210938,86.18000030517578,454800.0
2020-11-13,87.12999725341797,87.97000122070312,86.69999694824219,87.6500015258789,459900.0
2020-11-16,88.33000183105469,89.54000091552734,87.25,88.2300033569336,632600.0
2020-11-17,87.91999816894531,87.91999816894531,86.47000122070312,86.80000305175781,536200.0
2020-11-18,87.19999694824219,88.79000091552734,86.52999877929688,88.66000366210938,696900.0
2020-11-19,88.9000015258789,90.8499984741211,87.45999908447266,89.91000366210938,729900.0
2020-11-20,89.62000274658203,90.7300033569336,88.69999694824219,89.94000244140625,892000.0
2020-11-23,90.08999633789062,92.58999633789062,89.54000091552734,92.58999633789062,772200.0
2020-11-24,92.73999786376953,94.5199966430664,91.13999938964844,92.0199966430664,1461000.0
2020-11-25,91.54000091552734,91.94000244140625,89.47000122070312,91.80999755859375,918900.0
2020-11-27,91.80000305175781,92.68000030517578,91.16999816894531,91.70999908447266,453800.0
2020-11-30,91.62000274658203,91.73999786376953,88.91000366210938,91.31999969482422,993000.0
2020-12-01,91.70999908447266,93.44999694824219,91.37000274658203,93.44999694824219,847700.0
2020-12-02,92.79000091552734,93.76000213623047,92.20999908447266,93.7300033569336,860200.0
2020-12-03,93.43000030517578,93.55999755859375,91.0999984741211,93.19000244140625,866200.0
2020-12-04,93.20999908447266,94.0,91.7699966430664,93.16000366210938,1035300.0
2020-12-07,92.30000305175781,93.7699966430664,92.08999633789062,93.5199966430664,541300.0
2020-12-08,92.91000366210938,93.33000183105469,91.36000061035156,91.36000061035156,646100.0
2020-12-09,91.77999877929688,92.36000061035156,87.88999938964844,88.87999725341797,1109500.0
2020-12-10,87.93000030517578,89.05999755859375,86.62000274658203,86.94000244140625,891800.0
2020-12-11,86.2699966430664,86.9000015258789,84.6500015258789,85.97000122070312,990600.0
2020-12-14,86.44999694824219,88.98999786376953,85.72000122070312,88.25,872000.0
2020-12-15,88.80999755859375,91.12999725341797,88.30000305175781,90.77999877929688,870100.0
2020-12-16,91.36000061035156,91.8499984741211,90.0199966430664,90.43000030517578,536900.0
2020-12-17,90.7300033569336,92.11000061035156,89.1500015258789,89.54000091552734,872700.0
2020-12-18,89.88999938964844,91.16000366210938,88.72000122070312,90.77999877929688,1957700.0
2020-12-21,90.16000366210938,90.62000274658203,89.08000183105469,90.26000213623047,654200.0
2020-12-22,90.37000274658203,91.11000061035156,89.95999908447266,90.70999908447266,535000.0
2020-12-23,91.27999877929688,91.80999755859375,91.05999755859375,91.0999984741211,500500.0
2020-12-24,90.94999694824219,92.11000061035156,90.91999816894531,92.05000305175781,201100.0
2020-12-28,92.16999816894531,93.75,92.06999969482422,93.30000305175781,460100.0
2020-12-29,93.70999908447266,93.94999694824219,91.16999816894531,91.66000366210938,515900.0
2020-12-30,91.97000122070312,92.9000015258789,91.66000366210938,92.62000274658203,417000.0
2020-12-31,92.08000183105469,93.12999725341797,91.04000091552734,93.12000274658203,547600.0
2021-01-04,92.88999938964844,94.04000091552734,92.52999877929688,92.61000061035156,717600.0
2021-01-05,93.16000366210938,93.80000305175781,92.04000091552734,92.55000305175781,603300.0
2021-01-06,93.5999984741211,95.47000122070312,92.3499984741211,95.47000122070312,919700.0
2021-01-07,95.41000366210938,96.94999694824219,95.31999969482422,96.79000091552734,696200.0
2021-01-08,96.79000091552734,99.16999816894531,96.72000122070312,98.80999755859375,711000.0
2021-01-11,98.70999908447266,99.97000122070312,97.05999755859375,99.80000305175781,748300.0
2021-01-12,100.0,101.5999984741211,99.55000305175781,101.0199966430664,721500.0
2021-01-13,100.81999969482422,101.51000213623047,97.19999694824219,97.37999725341797,1129100.0
2021-01-14,97.62999725341797,97.69000244140625,94.73999786376953,95.77999877929688,883100.0
2021-01-15,96.12999725341797,96.72000122070312,95.36000061035156,96.61000061035156,578900.0
2021-01-19,96.80000305175781,98.56999969482422,96.4800033569336,97.44999694824219,690200.0
2021-01-20,97.38999938964844,98.43000030517578,97.22000122070312,97.5,729900.0
2021-01-21,97.29000091552734,97.44999694824219,94.88999938964844,96.08000183105469,548200.0
2021-01-22,96.01000213623047,96.01000213623047,94.93000030517578,95.19999694824219,479800.0
2021-01-25,95.19000244140625,95.87999725341797,93.5999984741211,95.58999633789062,462600.0
2021-01-26,95.08000183105469,96.6500015258789,94.33000183105469,95.7300033569336,632900.0
2021-01-27,95.2300033569336,95.56999969482422,91.04000091552734,91.55999755859375,1084100.0
2021-01-28,91.51000213623047,94.31999969482422,91.06999969482422,92.5199966430664,645900.0
2021-01-29,92.4800033569336,92.75,90.16999816894531,91.7300033569336,633900.0
2021-02-01,92.16000366210938,94.95999908447266,91.9000015258789,94.94999694824219,683200.0
2021-02-02,95.9800033569336,98.66000366210938,95.9800033569336,97.48999786376953,913000.0
2021-02-03,96.04000091552734,98.16999816894531,94.80999755859375,95.3499984741211,645700.0
2021-02-04,95.02999877929688,96.68000030517578,94.26000213623047,95.12000274658203,693500.0
2021-02-05,93.08000183105469,94.13999938964844,89.08999633789062,89.55999755859375,1714700.0
2021-02-08,90.9000015258789,92.33999633789062,88.94999694824219,92.01000213623047,1263500.0
2021-02-09,92.43000030517578,92.9000015258789,91.08999633789062,92.13999938964844,728800.0
2021-02-10,92.0,92.45999908447266,89.98999786376953,90.29000091552734,692500.0
2021-02-11,90.44000244140625,90.44000244140625,87.9800033569336,88.0,683500.0
2021-02-12,88.0,89.4800033569336,87.0,89.38999938964844,811000.0
2021-02-16,90.5999984741211,96.97000122070312,90.13999938964844,96.83999633789062,1791300.0
2021-02-17,96.44000244140625,97.19999694824219,95.2699966430664,96.0199966430664,877200.0
2021-02-18,95.43000030517578,101.13999938964844,95.08000183105469,99.58999633789062,1538700.0
2021-02-19,100.12000274658203,100.70999908447266,96.12000274658203,96.22000122070312,1213100.0
2021-02-22,96.16000366210938,97.47000122070312,95.2699966430664,96.11000061035156,762400.0
2021-02-23,95.70999908447266,97.83000183105469,94.41000366210938,97.51000213623047,867500.0
2021-02-24,97.94000244140625,102.26000213623047,97.66999816894531,100.37999725341797,1090400.0
2021-02-25,99.9800033569336,101.56999969482422,99.76000213623047,100.0,691100.0
2021-02-26,99.23999786376953,100.55000305175781,97.13999938964844,98.95999908447266,981100.0
2021-03-01,100.06999969482422,102.33999633789062,98.33000183105469,100.31999969482422,889400.0
2021-03-02,100.05999755859375,101.19999694824219,97.5,97.62000274658203,848100.0
2021-03-03,98.2699966430664,99.0,96.0199966430664,96.0199966430664,726600.0
2021-03-04,97.45999908447266,100.05000305175781,97.02999877929688,98.22000122070312,724000.0
2021-03-05,97.58999633789062,106.87999725341797,97.58999633789062,104.63999938964844,1770000.0
2021-03-08,105.9000015258789,106.91999816894531,103.30999755859375,105.37999725341797,684800.0
2021-03-09,105.36000061035156,106.5,102.6500015258789,103.75,678500.0
2021-03-10,106.0999984741211,106.0999984741211,102.30000305175781,103.48999786376953,441300.0
2021-03-11,103.19000244140625,103.75,101.38999938964844,102.66000366210938,371800.0
2021-03-12,104.05000305175781,104.33999633789062,102.87999725341797,104.33999633789062,487700.0
2021-03-15,103.70999908447266,105.0,102.86000061035156,104.80000305175781,377200.0
2021-03-16,104.73999786376953,105.3499984741211,102.5999984741211,103.19000244140625,383400.0
2021-03-17,103.58000183105469,105.12999725341797,103.02999877929688,103.79000091552734,517100.0
2021-03-18,103.7300033569336,105.12000274658203,102.4000015258789,102.4000015258789,478500.0
2021-03-19,102.83999633789062,103.5199966430664,101.5199966430664,102.06999969482422,1526100.0
2021-03-22,101.19000244140625,101.4800033569336,99.73999786376953,100.98999786376953,599000.0
2021-03-23,100.33999633789062,101.95999908447266,99.66000366210938,101.6500015258789,524400.0
2021-03-24,102.0,103.68000030517578,101.7300033569336,103.05999755859375,492200.0
2021-03-25,103.2300033569336,103.44999694824219,98.62999725341797,98.94999694824219,987000.0
2021-03-26,99.29000091552734,99.8499984741211,96.2699966430664,97.72000122070312,986100.0
2021-03-29,98.08000183105469,99.36000061035156,97.08000183105469,99.16000366210938,607100.0
2021-03-30,98.79000091552734,99.7300033569336,96.69999694824219,97.19999694824219,534900.0
2021-03-31,96.75,99.19000244140625,96.44000244140625,98.69000244140625,649200.0
2021-04-01,99.20999908447266,101.52999877929688,98.0999984741211,100.86000061035156,591900.0
2021-04-05,100.83999633789062,101.87999725341797,100.16999816894531,101.51000213623047,387600.0
2021-04-06,101.63999938964844,101.88999938964844,99.83999633789062,99.83999633789062,336000.0
2021-04-07,99.3499984741211,100.83999633789062,99.04000091552734,100.26000213623047,431300.0
2021-04-08,100.04000091552734,101.5,98.80000305175781,99.36000061035156,375100.0
2021-04-09,100.04000091552734,101.11000061035156,99.56999969482422,100.08999633789062,509000.0
2021-04-12,100.0,101.62000274658203,99.62000274658203,101.41999816894531,375500.0
2021-04-13,100.68000030517578,102.4800033569336,100.4800033569336,100.98999786376953,373100.0
2021-04-14,101.52999877929688,102.94999694824219,100.69000244140625,101.86000061035156,499300.0
2021-04-15,101.44999694824219,104.69000244140625,101.44999694824219,103.5,534000.0
2021-04-16,104.37000274658203,104.76000213623047,103.30000305175781,104.72000122070312,365500.0
2021-04-19,104.13999938964844,105.36000061035156,102.66000366210938,103.69999694824219,397100.0
2021-04-20,103.87999725341797,105.5,103.70999908447266,104.27999877929688,434200.0
2021-04-21,104.38999938964844,105.48999786376953,103.22000122070312,104.98999786376953,409300.0
2021-04-22,104.75,105.63999938964844,103.80999755859375,104.30000305175781,335800.0
2021-04-23,104.30000305175781,105.2300033569336,103.55999755859375,104.37000274658203,431700.0
2021-04-26,103.87999725341797,105.52999877929688,103.52999877929688,104.94000244140625,523700.0
2021-04-27,105.30000305175781,105.69999694824219,103.94000244140625,103.9800033569336,317900.0
2021-04-28,104.41999816894531,104.45999908447266,101.62000274658203,102.70999908447266,398600.0
2021-04-29,103.12000274658203,103.61000061035156,100.52999877929688,103.33999633789062,530000.0
2021-04-30,103.54000091552734,107.7699966430664,102.04000091552734,104.37000274658203,796200.0
2021-05-03,105.79000091552734,109.2300033569336,104.80999755859375,106.76000213623047,636200.0
2021-05-04,106.1500015258789,108.26000213623047,105.3499984741211,107.91000366210938,561400.0
2021-05-05,108.5199966430664,109.7300033569336,108.16000366210938,109.63999938964844,404000.0
2021-05-06,109.3499984741211,110.55000305175781,107.13999938964844,107.23999786376953,479400.0
2021-05-07,104.80000305175781,108.58999633789062,104.80000305175781,108.0999984741211,416800.0
2021-05-10,108.13999938964844,111.56999969482422,108.11000061035156,110.62999725341797,437400.0
2021-05-11,110.7300033569336,110.94000244140625,109.02999877929688,109.52999877929688,777100.0
2021-05-12,108.9800033569336,111.91999816894531,108.37000274658203,111.16000366210938,676400.0
2021-05-13,112.0,116.38999938964844,111.48999786376953,113.66000366210938,828000.0
2021-05-14,113.47000122070312,115.44999694824219,112.63999938964844,113.83000183105469,556400.0
2021-05-17,113.94999694824219,113.94999694824219,112.04000091552734,112.63999938964844,316500.0
2021-05-18,112.37000274658203,112.37000274658203,109.91000366210938,109.91000366210938,556200.0
2021-05-19,109.41999816894531,113.05999755859375,108.27999877929688,111.5999984741211,723200.0
2021-05-20,110.52999877929688,113.41999816894531,110.52999877929688,111.77999877929688,271300.0
2021-05-21,111.37999725341797,112.91999816894531,110.62999725341797,111.4000015258789,351600.0
2021-05-24,112.58999633789062,112.6500015258789,110.0199966430664,110.06999969482422,452400.0
2021-05-25,111.12000274658203,111.62999725341797,109.05999755859375,109.7699966430664,484800.0
2021-05-26,110.11000061035156,111.76000213623047,109.69000244140625,110.47000122070312,439700.0
2021-05-27,110.44999694824219,110.94999694824219,109.37999725341797,110.2300033569336,549600.0
2021-05-28,110.16999816894531,112.06999969482422,109.43000030517578,111.30000305175781,533200.0
2021-06-01,112.45999908447266,113.12999725341797,110.08000183105469,110.62999725341797,320600.0
2021-06-02,110.62000274658203,112.95999908447266,109.87999725341797,112.87999725341797,446300.0
2021-06-03,113.12000274658203,113.12000274658203,111.63999938964844,112.19999694824219,547200.0
2021-06-04,112.86000061035156,112.86000061035156,111.38999938964844,111.94999694824219,519800.0
2021-06-07,111.66999816894531,112.16000366210938,111.11000061035156,112.0,526200.0
2021-06-08,112.0,115.33000183105469,111.23999786376953,112.44999694824219,873400.0
2021-06-09,112.11000061035156,114.30000305175781,111.83999633789062,114.11000061035156,552500.0
2021-06-10,113.83000183105469,113.8499984741211,113.01000213623047,113.41999816894531,423200.0
2021-06-11,113.08999633789062,114.44000244140625,112.58999633789062,113.91999816894531,412100.0
2021-06-14,113.7699966430664,114.79000091552734,113.7699966430664,114.76000213623047,390100.0
2021-06-15,115.0,116.0,114.22000122070312,114.56999969482422,472700.0
2021-06-16,115.23999786376953,116.80000305175781,114.16000366210938,116.33000183105469,536600.0
2021-06-17,115.62999725341797,117.47000122070312,115.62999725341797,117.37999725341797,736400.0
2021-06-18,116.2300033569336,116.7300033569336,113.41999816894531,113.41999816894531,1031800.0
2021-06-21,113.66999816894531,120.0,113.5199966430664,118.04000091552734,1065500.0
2021-06-22,118.80000305175781,120.0,117.33000183105469,119.98999786376953,495100.0
2021-06-23,119.33999633789062,119.88999938964844,118.6500015258789,118.69000244140625,672800.0
2021-06-24,119.38999938964844,121.5,118.87000274658203,121.12999725341797,876700.0
2021-06-25,121.0999984741211,121.7699966430664,119.48999786376953,121.7699966430664,1426600.0
2021-06-28,122.2699966430664,122.2699966430664,119.33000183105469,119.4000015258789,410100.0
2021-06-29,119.02999877929688,120.94999694824219,118.2300033569336,119.97000122070312,391000.0
2021-06-30,120.30000305175781,120.30000305175781,118.87999725341797,119.05000305175781,525700.0
2021-07-01,119.81999969482422,120.55999755859375,118.37000274658203,118.5,425600.0
2021-07-02,120.9000015258789,120.9000015258789,117.23999786376953,118.0,495100.0
2021-07-06,117.62999725341797,118.69999694824219,114.54000091552734,117.37999725341797,734700.0
2021-07-07,117.2300033569336,118.04000091552734,115.93000030517578,117.22000122070312,472500.0
2021-07-08,115.94000244140625,116.9800033569336,115.27999877929688,116.23999786376953,547900.0
2021-07-09,117.0,118.86000061035156,116.29000091552734,118.79000091552734,451500.0
2021-07-12,118.91999816894531,119.31999969482422,116.9000015258789,118.23999786376953,362500.0
2021-07-13,118.1500015258789,118.1500015258789,116.2699966430664,116.36000061035156,338600.0
2021-07-14,116.36000061035156,117.05000305175781,115.88999938964844,116.20999908447266,327100.0
2021-07-15,115.4000015258789,117.13999938964844,115.4000015258789,117.13999938964844,495300.0
2021-07-16,117.08000183105469,117.7699966430664,115.54000091552734,116.62999725341797,486100.0
2021-07-19,114.66999816894531,116.41999816894531,114.27999877929688,115.55999755859375,526300.0
2021-07-20,114.80000305175781,116.94000244140625,114.44999694824219,115.55999755859375,556900.0
2021-07-21,115.47000122070312,118.45999908447266,115.47000122070312,118.30000305175781,487800.0
2021-07-22,118.30999755859375,118.31999969482422,116.04000091552734,117.0199966430664,347000.0
2021-07-23,117.69999694824219,120.5,117.69999694824219,120.19999694824219,782500.0
2021-07-26,120.27999877929688,121.02999877929688,117.94999694824219,118.0199966430664,358000.0
2021-07-27,118.47000122070312,118.47000122070312,115.58000183105469,115.58000183105469,503300.0
2021-07-28,116.44000244140625,117.23999786376953,115.11000061035156,116.80000305175781,470700.0
2021-07-29,116.7300033569336,117.41000366210938,115.55999755859375,115.94999694824219,534000.0
2021-07-30,116.44999694824219,120.0,115.95999908447266,118.47000122070312,876800.0
2021-08-02,119.0,121.12000274658203,118.37999725341797,120.68000030517578,392600.0
2021-08-03,119.93000030517578,122.9000015258789,119.69999694824219,122.43000030517578,610500.0
2021-08-04,122.55000305175781,124.87999725341797,122.4000015258789,123.41000366210938,675500.0
2021-08-05,124.16999816894531,124.22000122070312,119.73999786376953,121.0,492400.0
2021-08-06,121.0,123.4800033569336,120.93000030517578,122.83000183105469,637500.0
2021-08-09,122.47000122070312,124.0,121.0199966430664,121.04000091552734,617100.0
2021-08-10,120.97000122070312,122.27999877929688,119.58000183105469,122.27999877929688,382100.0
2021-08-11,122.2300033569336,124.95999908447266,121.93000030517578,124.95999908447266,539900.0
2021-08-12,125.0,128.32000732421875,123.3499984741211,126.87999725341797,957400.0
2021-08-13,126.81999969482422,127.58000183105469,125.26000213623047,127.0,411700.0
2021-08-16,126.5,126.68000030517578,125.06999969482422,125.75,373900.0
2021-08-17,125.76000213623047,127.43000030517578,122.56999969482422,124.11000061035156,566100.0
2021-08-18,124.37000274658203,139.0,122.05999755859375,122.62999725341797,6564200.0
2021-08-19,121.86000061035156,128.74000549316406,121.06999969482422,127.62000274658203,1434800.0
2021-08-20,127.62999725341797,130.0399932861328,126.7300033569336,129.75999450683594,899100.0
2021-08-23,130.10000610351562,130.4199981689453,126.05000305175781,126.36000061035156,520700.0
2021-08-24,125.72000122070312,126.80000305175781,124.30999755859375,125.5999984741211,450700.0
2021-08-25,126.36000061035156,126.36000061035156,124.61000061035156,125.61000061035156,395100.0
2021-08-26,125.04000091552734,125.87999725341797,124.62999725341797,125.0999984741211,304000.0
2021-08-27,124.77999877929688,126.0199966430664,124.63999938964844,125.4000015258789,275600.0
2021-08-30,124.66000366210938,125.75,123.5999984741211,124.0199966430664,301100.0
2021-08-31,124.98999786376953,126.41000366210938,122.30999755859375,126.1500015258789,851200.0
2021-09-01,125.55999755859375,127.68000030517578,125.02999877929688,127.29000091552734,560500.0
2021-09-02,127.88999938964844,127.88999938964844,124.77999877929688,127.80999755859375,342600.0
2021-09-03,127.98999786376953,128.33999633789062,125.94000244140625,126.25,479900.0
2021-09-07,127.0,127.12000274658203,123.38999938964844,123.38999938964844,429600.0
2021-09-08,123.80999755859375,125.98999786376953,122.5999984741211,124.97000122070312,404600.0
2021-09-09,125.5999984741211,126.02999877929688,124.12000274658203,124.29000091552734,366000.0
2021-09-10,124.58999633789062,127.3499984741211,124.58000183105469,126.13999938964844,466700.0
2021-09-13,126.06999969482422,126.5199966430664,123.16000366210938,124.4000015258789,377300.0
2021-09-14,125.5999984741211,125.5999984741211,123.45999908447266,124.2300033569336,616500.0
2021-09-15,123.47000122070312,125.25,123.47000122070312,123.83000183105469,506100.0
2021-09-16,123.47000122070312,124.7699966430664,123.08000183105469,123.70999908447266,369600.0
2021-09-17,123.56999969482422,123.9000015258789,121.16000366210938,123.61000061035156,876400.0
2021-09-20,122.81999969482422,124.0,121.33999633789062,121.75,494700.0
2021-09-21,123.01000213623047,124.56999969482422,122.66999816894531,123.87999725341797,425600.0
2021-09-22,124.58999633789062,125.4000015258789,123.0999984741211,123.98999786376953,374200.0
2021-09-23,125.58000183105469,125.69999694824219,123.08000183105469,123.8499984741211,553200.0
2021-09-24,123.7699966430664,127.30999755859375,123.7699966430664,125.83999633789062,418200.0
2021-09-27,125.04000091552734,125.88999938964844,122.70999908447266,123.5999984741211,345800.0
2021-09-28,122.70999908447266,123.79000091552734,121.76000213623047,122.69999694824219,316200.0
2021-09-29,122.9800033569336,125.37999725341797,122.23999786376953,125.18000030517578,299000.0
2021-09-30,125.69999694824219,126.38999938964844,123.33000183105469,123.86000061035156,569000.0
2021-10-01,124.4000015258789,125.45999908447266,122.7300033569336,123.44000244140625,319200.0
2021-10-04,123.62000274658203,125.47000122070312,122.16999816894531,123.41000366210938,369500.0
2021-10-05,123.26000213623047,125.81999969482422,120.83999633789062,120.83999633789062,685500.0
2021-10-06,120.48999786376953,123.08000183105469,119.12000274658203,121.69000244140625,762500.0
2021-10-07,124.12000274658203,126.0,123.16999816894531,125.01000213623047,441200.0
2021-10-08,124.79000091552734,126.63999938964844,123.87999725341797,126.37000274658203,398000.0
2021-10-11,125.70999908447266,128.88999938964844,124.77999877929688,125.1500015258789,318200.0
2021-10-12,125.12000274658203,127.54000091552734,124.1500015258789,125.19999694824219,357600.0
2021-10-13,125.36000061035156,125.69999694824219,123.47000122070312,124.95999908447266,247100.0
2021-10-14,125.12999725341797,126.7300033569336,124.87999725341797,126.58999633789062,240800.0
2021-10-15,126.87999725341797,126.98999786376953,124.31999969482422,125.54000091552734,380800.0
2021-10-18,126.04000091552734,127.25,125.19000244140625,127.25,313800.0
2021-10-19,128.0,128.97999572753906,125.63999938964844,125.87999725341797,366000.0
2021-10-20,126.01000213623047,127.38999938964844,125.3499984741211,127.02999877929688,467800.0
2021-10-21,127.98999786376953,127.98999786376953,125.69000244140625,127.08999633789062,389800.0
2021-10-22,126.1500015258789,129.33999633789062,125.43000030517578,129.33999633789062,483300.0
2021-10-25,130.0,131.49000549316406,128.22000122070312,129.39999389648438,363900.0
2021-10-26,130.10000610351562,131.9199981689453,129.02999877929688,131.25999450683594,368900.0
2021-10-27,131.64999389648438,132.52000427246094,129.7899932861328,130.13999938964844,710400.0
2021-10-28,130.27999877929688,131.82000732421875,128.52999877929688,131.1699981689453,539800.0
2021-10-29,130.50999450683594,134.25,129.6199951171875,131.94000244140625,749800.0
2021-11-01,133.14999389648438,133.6699981689453,131.13999938964844,133.6699981689453,469500.0
2021-11-02,134.17999267578125,135.49000549316406,132.22000122070312,135.07000732421875,529200.0
2021-11-03,134.07000732421875,135.07000732421875,132.3800048828125,134.67999267578125,480100.0
2021-11-04,133.3699951171875,135.64999389648438,131.13999938964844,132.52000427246094,559500.0
2021-11-05,132.02999877929688,133.36000061035156,131.61000061035156,133.27000427246094,341000.0
2021-11-08,133.97999572753906,134.83999633789062,130.32000732421875,133.77000427246094,449300.0
2021-11-09,134.22000122070312,134.24000549316406,130.58999633789062,131.22000122070312,626100.0
2021-11-10,131.49000549316406,132.1199951171875,127.01000213623047,127.86000061035156,774500.0
2021-11-11,128.75999450683594,129.75999450683594,126.41999816894531,129.1999969482422,495300.0
2021-11-12,129.8300018310547,132.5,129.72999572753906,130.9600067138672,460300.0
2021-11-15,131.69000244140625,132.27999877929688,131.0,131.0,609800.0
2021-11-16,131.27999877929688,134.32000732421875,131.0,132.00999450683594,459600.0
2021-11-17,132.0,132.3000030517578,128.69000244140625,129.49000549316406,421600.0
2021-11-18,129.5,130.4499969482422,127.37999725341797,129.50999450683594,570800.0
2021-11-19,129.50999450683594,131.33999633789062,128.3800048828125,129.47999572753906,649100.0
2021-11-22,129.3000030517578,130.97999572753906,126.70999908447266,126.87000274658203,567400.0
2021-11-23,126.5999984741211,130.08999633789062,125.02999877929688,128.99000549316406,708600.0
2021-11-24,128.6999969482422,132.14999389648438,128.25999450683594,130.9600067138672,774600.0
2021-11-26,130.49000549316406,131.69000244140625,128.5500030517578,128.8800048828125,466100.0
2021-11-29,130.10000610351562,130.99000549316406,128.38999938964844,129.6999969482422,673900.0
2021-11-30,127.77999877929688,130.1699981689453,126.7300033569336,128.94000244140625,2419500.0
2021-12-01,128.63999938964844,131.00999450683594,126.80999755859375,127.08999633789062,690800.0
2021-12-02,126.81999969482422,130.58999633789062,126.81999969482422,129.77999877929688,598100.0
2021-12-03,130.07000732421875,130.27000427246094,126.88999938964844,129.0800018310547,517900.0
2021-12-06,129.52999877929688,131.5399932861328,128.38999938964844,131.1999969482422,538900.0
2021-12-07,132.0,132.89999389648438,128.47000122070312,130.97000122070312,642100.0
2021-12-08,131.02000427246094,132.14999389648438,129.92999267578125,131.36000061035156,517000.0
2021-12-09,131.9600067138672,132.33999633789062,128.17999267578125,129.0399932861328,534600.0
2021-12-10,129.0,133.02000427246094,128.75999450683594,132.0500030517578,500700.0
2021-12-13,132.7100067138672,132.7100067138672,129.25999450683594,130.69000244140625,373800.0
2021-12-14,129.9199981689453,130.85000610351562,128.42999267578125,128.42999267578125,524900.0
2021-12-15,129.1300048828125,130.89999389648438,127.20999908447266,129.86000061035156,531600.0
2021-12-16,130.86000061035156,132.2100067138672,129.30999755859375,132.0500030517578,504000.0
2021-12-17,131.88999938964844,132.0500030517578,128.10000610351562,128.25,844800.0
2021-12-20,127.83000183105469,128.36000061035156,124.33000183105469,125.97000122070312,501300.0
2021-12-21,127.98999786376953,127.98999786376953,125.69999694824219,125.91999816894531,690000.0
2021-12-22,125.91999816894531,129.32000732421875,125.37000274658203,129.19000244140625,543100.0
2021-12-23,129.8699951171875,131.0,129.0,129.0,316100.0
2021-12-27,128.17999267578125,129.8000030517578,127.75,129.8000030517578,322400.0
2021-12-28,129.39999389648438,132.0,129.39999389648438,130.1699981689453,251900.0
2021-12-29,131.19000244140625,131.19000244140625,128.4199981689453,129.0,194500.0
2021-12-30,128.63999938964844,130.25,128.5399932861328,129.25999450683594,231600.0
2021-12-31,129.77999877929688,130.8699951171875,129.39999389648438,130.39999389648438,198200.0
2022-01-03,129.88999938964844,129.92999267578125,126.54000091552734,128.4600067138672,464600.0
2022-01-04,126.79000091552734,129.2100067138672,124.77999877929688,125.7300033569336,918500.0
2022-01-05,126.79000091552734,126.79000091552734,124.01000213623047,124.48999786376953,472500.0
2022-01-06,124.05000305175781,126.0,123.18000030517578,125.4800033569336,400000.0
2022-01-07,125.08000183105469,125.37000274658203,123.25,124.16999816894531,535900.0
2022-01-10,124.18000030517578,124.68000030517578,120.54000091552734,122.66999816894531,675100.0
2022-01-11,121.52999877929688,125.94000244140625,121.16000366210938,125.94000244140625,513300.0
2022-01-12,126.58000183105469,127.0,123.55999755859375,124.58000183105469,366400.0
2022-01-13,124.41999816894531,124.7300033569336,120.36000061035156,120.36000061035156,510700.0
2022-01-14,119.73999786376953,121.0,117.0,118.16000366210938,735000.0
2022-01-18,117.02999877929688,120.13999938964844,115.77999877929688,119.30000305175781,704500.0
2022-01-19,119.87000274658203,121.23999786376953,119.2699966430664,120.29000091552734,510900.0
2022-01-20,117.19999694824219,122.13999938964844,116.29000091552734,120.3499984741211,469700.0
2022-01-21,121.01000213623047,121.31999969482422,118.08999633789062,118.08999633789062,659900.0
2022-01-24,118.41000366210938,118.41000366210938,113.0999984741211,118.0999984741211,789200.0
2022-01-25,117.66999816894531,117.7699966430664,114.36000061035156,115.61000061035156,559500.0
2022-01-26,115.63999938964844,117.87000274658203,113.76000213623047,114.8499984741211,657100.0
2022-01-27,115.87000274658203,117.91999816894531,114.75,114.75,422300.0
2022-01-28,114.11000061035156,116.31999969482422,112.66999816894531,116.31999969482422,482000.0
2022-01-31,115.3499984741211,118.52999877929688,115.0,118.52999877929688,717400.0
2022-02-01,118.97000122070312,119.16000366210938,117.2699966430664,118.88999938964844,430700.0
2022-02-02,118.3499984741211,120.19999694824219,118.05000305175781,120.0,558800.0
2022-02-03,118.94000244140625,119.93000030517578,116.13999938964844,116.68000030517578,612900.0
2022-02-04,115.0999984741211,120.69999694824219,114.0,120.25,1126400.0
2022-02-07,121.33000183105469,121.7300033569336,119.13999938964844,119.94999694824219,509700.0
2022-02-08,120.91999816894531,122.5999984741211,118.58999633789062,122.58999633789062,649800.0
2022-02-09,124.43000030517578,125.20999908447266,120.69999694824219,121.30000305175781,739400.0
2022-02-10,120.05999755859375,124.38999938964844,119.55000305175781,121.0999984741211,769300.0
2022-02-11,124.0,124.0,119.75,120.29000091552734,711700.0
2022-02-14,120.37000274658203,121.41000366210938,118.95999908447266,120.58000183105469,584600.0
2022-02-15,121.1500015258789,122.5,120.58000183105469,121.80999755859375,586300.0
2022-02-16,121.7699966430664,122.61000061035156,120.70999908447266,121.22000122070312,491700.0
2022-02-17,120.1500015258789,121.43000030517578,118.43000030517578,118.43000030517578,599200.0
2022-02-18,119.11000061035156,119.11000061035156,116.3499984741211,118.80999755859375,651100.0
2022-02-22,118.18000030517578,118.91999816894531,115.5,116.47000122070312,841000.0
2022-02-23,116.11000061035156,118.44000244140625,114.44999694824219,114.54000091552734,561300.0
2022-02-24,113.38999938964844,117.41000366210938,112.23999786376953,117.2699966430664,751800.0
2022-02-25,117.45999908447266,118.22000122070312,115.75,117.44000244140625,564000.0
2022-02-28,116.27999877929688,117.80999755859375,115.0,117.29000091552734,1143900.0
2022-03-01,116.91000366210938,118.6500015258789,116.1500015258789,117.19999694824219,649800.0
2022-03-02,118.54000091552734,118.77999877929688,117.06999969482422,118.63999938964844,663000.0
2022-03-03,118.98999786376953,119.54000091552734,116.62999725341797,117.33999633789062,988100.0
2022-03-04,116.5999984741211,120.79000091552734,115.05000305175781,120.5199966430664,661300.0
2022-03-07,120.94999694824219,120.94999694824219,116.31999969482422,116.41999816894531,546100.0
2022-03-08,116.80999755859375,117.58999633789062,113.5999984741211,113.69000244140625,473700.0
2022-03-09,115.6500015258789,116.2699966430664,113.69000244140625,115.08000183105469,633200.0
2022-03-10,113.5999984741211,114.23999786376953,112.27999877929688,114.12000274658203,330000.0
2022-03-11,114.25,116.12999725341797,114.0,114.0,503500.0
2022-03-14,114.94000244140625,116.36000061035156,113.08000183105469,113.72000122070312,713000.0
2022-03-15,113.20999908447266,114.75,111.76000213623047,114.33000183105469,874100.0
2022-03-16,114.6500015258789,115.88999938964844,113.52999877929688,115.2300033569336,745800.0
2022-03-17,114.81999969482422,119.33000183105469,114.3499984741211,117.63999938964844,669600.0
2022-03-18,118.41999816894531,119.44000244140625,116.80000305175781,116.80000305175781,926500.0
2022-03-21,117.04000091552734,118.54000091552734,115.08999633789062,116.0199966430664,582800.0
2022-03-22,116.44000244140625,120.20999908447266,116.44000244140625,119.45999908447266,518100.0
2022-03-23,118.9800033569336,119.3499984741211,114.9800033569336,115.29000091552734,452400.0
2022-03-24,115.27999877929688,115.44999694824219,113.05000305175781,113.69999694824219,667000.0
2022-03-25,114.12000274658203,115.63999938964844,113.01000213623047,114.7300033569336,634400.0
2022-03-28,115.1500015258789,115.19999694824219,110.75,112.94000244140625,514200.0
2022-03-29,114.73999786376953,114.77999877929688,112.38999938964844,114.77999877929688,667000.0
2022-03-30,114.30999755859375,115.83000183105469,113.4800033569336,114.69000244140625,497300.0
2022-03-31,114.20999908447266,118.0,113.5999984741211,114.41999816894531,1001300.0
2022-04-01,115.18000030517578,117.26000213623047,113.9000015258789,116.8499984741211,533400.0
2022-04-04,116.16999816894531,116.9000015258789,112.77999877929688,112.91999816894531,632700.0
2022-04-05,113.5199966430664,115.38999938964844,112.87999725341797,113.18000030517578,569800.0
2022-04-06,113.87999725341797,116.12999725341797,113.0199966430664,114.91999816894531,515900.0
2022-04-07,115.77999877929688,118.55999755859375,114.62999725341797,117.94000244140625,819800.0
2022-04-08,119.61000061035156,119.61000061035156,115.87999725341797,116.3499984741211,495300.0
2022-04-11,116.77999877929688,117.3499984741211,115.8499984741211,116.75,478500.0
2022-04-12,117.0,117.93000030517578,116.75,117.76000213623047,589900.0
2022-04-13,117.7699966430664,121.75,117.55999755859375,119.55000305175781,1489200.0
2022-04-14,120.86000061035156,121.9800033569336,116.83000183105469,117.33000183105469,920000.0
2022-04-18,119.08999633789062,119.93000030517578,115.51000213623047,116.33999633789062,721200.0
2022-04-19,116.87999725341797,117.97000122070312,115.81999969482422,117.77999877929688,647100.0
2022-04-20,118.18000030517578,120.66000366210938,117.69000244140625,118.20999908447266,764100.0
2022-04-21,118.41000366210938,118.41000366210938,113.55999755859375,115.0,589400.0
2022-04-22,114.31999969482422,115.62999725341797,114.0,114.11000061035156,488400.0
2022-04-25,114.30999755859375,116.12999725341797,112.5999984741211,115.2699966430664,570200.0
2022-04-26,114.48999786376953,115.0999984741211,111.55999755859375,111.55999755859375,527300.0
2022-04-27,112.13999938964844,115.81999969482422,112.13999938964844,115.45999908447266,675700.0
2022-04-28,116.18000030517578,117.08000183105469,114.33999633789062,115.2699966430664,741100.0
2022-04-29,114.37000274658203,119.36000061035156,112.16000366210938,112.9800033569336,1104900.0
2022-05-02,113.1500015258789,113.62999725341797,109.51000213623047,111.95999908447266,1069500.0
2022-05-03,112.93000030517578,113.54000091552734,111.83000183105469,112.3499984741211,945100.0
2022-05-04,112.87999725341797,114.80999755859375,111.22000122070312,114.69999694824219,845200.0
2022-05-05,114.3499984741211,114.5999984741211,110.83999633789062,111.29000091552734,865900.0
2022-05-06,110.70999908447266,111.94000244140625,108.63999938964844,111.25,603900.0
2022-05-09,110.18000030517578,110.97000122070312,107.19000244140625,107.19000244140625,711600.0
2022-05-10,107.77999877929688,108.51000213623047,105.72000122070312,108.23999786376953,823900.0
2022-05-11,107.04000091552734,109.55000305175781,107.04000091552734,108.5199966430664,663800.0
2022-05-12,108.11000061035156,108.66999816894531,104.43000030517578,107.05999755859375,824000.0
2022-05-13,107.4000015258789,109.7300033569336,105.9800033569336,109.37999725341797,581100.0
2022-05-16,109.79000091552734,109.79000091552734,107.58999633789062,109.27999877929688,415100.0
2022-05-17,109.2699966430664,110.4800033569336,108.05999755859375,108.45999908447266,528200.0
2022-05-18,108.19999694824219,108.43000030517578,104.83999633789062,104.83999633789062,530000.0
2022-05-19,104.41000366210938,107.3499984741211,103.81999969482422,105.55999755859375,577900.0
2022-05-20,106.05000305175781,107.19000244140625,104.94000244140625,106.94000244140625,626400.0
2022-05-23,107.41000366210938,107.94000244140625,106.5199966430664,107.63999938964844,564600.0
2022-05-24,106.72000122070312,107.72000122070312,105.30999755859375,106.94999694824219,482800.0
2022-05-25,107.75,108.18000030517578,105.6500015258789,107.72000122070312,746700.0
2022-05-26,108.44000244140625,109.4800033569336,108.05000305175781,109.4000015258789,557200.0
2022-05-27,109.29000091552734,111.8499984741211,109.0,111.8499984741211,491900.0
2022-05-31,110.4800033569336,112.43000030517578,110.4800033569336,112.30999755859375,1240700.0
2022-06-01,112.5999984741211,113.51000213623047,111.95999908447266,112.41999816894531,614200.0
2022-06-02,113.37999725341797,115.54000091552734,112.54000091552734,115.54000091552734,431500.0
2022-06-03,114.9000015258789,115.80999755859375,113.91999816894531,114.0,335800.0
2022-06-06,114.3499984741211,115.83000183105469,113.8499984741211,114.9000015258789,324700.0
2022-06-07,114.3499984741211,115.0199966430664,113.5,113.63999938964844,554300.0
2022-06-08,113.87999725341797,114.26000213623047,112.62999725341797,113.48999786376953,380500.0
2022-06-09,113.80999755859375,115.11000061035156,113.19000244140625,113.62000274658203,475300.0
2022-06-10,113.11000061035156,113.11000061035156,109.7699966430664,109.7699966430664,697600.0
2022-06-13,107.87999725341797,109.8499984741211,106.41000366210938,108.5199966430664,491000.0
2022-06-14,107.01000213623047,109.12999725341797,107.01000213623047,107.5199966430664,386700.0
2022-06-15,109.05000305175781,110.45999908447266,107.66000366210938,109.72000122070312,593400.0
2022-06-16,109.38999938964844,109.8499984741211,107.83999633789062,108.87000274658203,505500.0
2022-06-17,107.4800033569336,110.41999816894531,107.4800033569336,109.1500015258789,935500.0
2022-06-21,109.22000122070312,110.97000122070312,109.22000122070312,109.69000244140625,783800.0
2022-06-22,109.37000274658203,110.02999877929688,108.52999877929688,109.37999725341797,731400.0
2022-06-23,109.3499984741211,112.80000305175781,109.3499984741211,112.3499984741211,444000.0
2022-06-24,112.22000122070312,115.33999633789062,111.83999633789062,114.94000244140625,894300.0
2022-06-27,114.93000030517578,115.12000274658203,113.6500015258789,114.52999877929688,429700.0
2022-06-28,114.30999755859375,116.12999725341797,113.23999786376953,114.06999969482422,398900.0
2022-06-29,114.51000213623047,115.0999984741211,112.63999938964844,113.9000015258789,514500.0
2022-06-30,112.30999755859375,114.30999755859375,111.83000183105469,113.19000244140625,801500.0
2022-07-01,113.95999908447266,114.70999908447266,111.87999725341797,114.68000030517578,465100.0
2022-07-05,114.19000244140625,117.54000091552734,113.11000061035156,117.44000244140625,537200.0
2022-07-06,117.93000030517578,119.58999633789062,117.44000244140625,117.7300033569336,668400.0
2022-07-07,117.72000122070312,119.30999755859375,117.72000122070312,119.19000244140625,377400.0
2022-07-08,120.11000061035156,120.19000244140625,118.43000030517578,118.51000213623047,314000.0
2022-07-11,118.20999908447266,121.55000305175781,118.05999755859375,121.27999877929688,469000.0
2022-07-12,121.7699966430664,122.94999694824219,119.12999725341797,120.12000274658203,597300.0
2022-07-13,119.87999725341797,120.80000305175781,118.06999969482422,118.11000061035156,693100.0
2022-07-14,116.87999725341797,117.9800033569336,115.81999969482422,117.93000030517578,385000.0
2022-07-15,119.58000183105469,119.88999938964844,118.36000061035156,118.9800033569336,511300.0
2022-07-18,119.05000305175781,120.61000061035156,118.02999877929688,118.18000030517578,618900.0
2022-07-19,121.52999877929688,123.05999755859375,120.83000183105469,121.86000061035156,1036600.0
2022-07-20,122.36000061035156,123.37999725341797,121.0199966430664,121.77999877929688,592200.0
2022-07-21,122.5,124.0999984741211,121.88999938964844,124.0,440800.0
2022-07-22,123.66000366210938,124.55000305175781,123.01000213623047,123.7300033569336,398500.0
2022-07-25,123.01000213623047,124.83999633789062,123.01000213623047,124.75,437400.0
2022-07-26,122.72000122070312,125.8499984741211,122.72000122070312,125.08000183105469,799100.0
2022-07-27,124.61000061035156,125.83000183105469,123.43000030517578,125.1500015258789,587600.0
2022-07-28,124.87999725341797,126.87000274658203,124.58999633789062,125.66999816894531,915300.0
2022-07-29,124.88999938964844,125.19999694824219,121.05000305175781,123.37999725341797,1122500.0
2022-08-01,123.0199966430664,123.0199966430664,115.63999938964844,116.52999877929688,1448100.0
2022-08-02,115.97000122070312,118.37999725341797,114.87000274658203,117.63999938964844,866400.0
2022-08-03,117.87999725341797,118.3499984741211,116.7699966430664,117.8499984741211,632400.0
2022-08-04,117.51000213623047,119.30999755859375,117.13999938964844,119.08999633789062,540100.0
2022-08-05,119.69999694824219,120.91000366210938,118.68000030517578,120.4800033569336,444700.0
2022-08-08,121.3499984741211,121.3499984741211,118.66000366210938,118.80999755859375,384400.0
2022-08-09,118.80000305175781,119.41000366210938,118.33000183105469,118.75,372900.0
2022-08-10,118.61000061035156,119.20999908447266,117.7699966430664,118.45999908447266,628900.0
2022-08-11,118.45999908447266,119.83999633789062,117.37999725341797,117.5,486800.0
2022-08-12,118.0,119.75,116.93000030517578,119.63999938964844,562100.0
2022-08-15,118.06999969482422,120.9000015258789,118.06999969482422,119.3499984741211,437100.0
2022-08-16,118.80999755859375,120.29000091552734,118.80999755859375,119.91999816894531,507700.0
2022-08-17,119.62000274658203,123.56999969482422,119.62000274658203,123.55999755859375,594300.0
2022-08-18,124.05000305175781,126.61000061035156,123.98999786376953,126.31999969482422,742200.0
2022-08-19,126.55999755859375,126.55999755859375,123.0199966430664,123.77999877929688,2295300.0
2022-08-22,122.80999755859375,126.01000213623047,122.61000061035156,123.43000030517578,538100.0
2022-08-23,123.5,125.0,121.37000274658203,121.95999908447266,361700.0
2022-08-24,121.62999725341797,123.5999984741211,121.62999725341797,122.48999786376953,527700.0
2022-08-25,122.5,123.44999694824219,122.08999633789062,123.29000091552734,245700.0
2022-08-26,123.83999633789062,124.2300033569336,119.9800033569336,120.3499984741211,477500.0
2022-08-29,120.0199966430664,121.05000305175781,119.38999938964844,120.33000183105469,383500.0
2022-08-30,119.83000183105469,120.31999969482422,117.77999877929688,117.77999877929688,825400.0
2022-08-31,119.08999633789062,120.0999984741211,117.83999633789062,117.97000122070312,702300.0
2022-09-01,117.80000305175781,121.33000183105469,117.19999694824219,121.2300033569336,613800.0
2022-09-02,121.58000183105469,122.62999725341797,119.66999816894531,119.80999755859375,566300.0
2022-09-06,123.4000015258789,123.4000015258789,120.41000366210938,121.48999786376953,374400.0
2022-09-07,120.70999908447266,124.69999694824219,120.54000091552734,123.69000244140625,512800.0
2022-09-08,123.7699966430664,124.70999908447266,122.2300033569336,124.11000061035156,485100.0
2022-09-09,123.91000366210938,124.2699966430664,123.30000305175781,123.97000122070312,352600.0
2022-09-12,123.83999633789062,124.9800033569336,123.58000183105469,123.7300033569336,376900.0
2022-09-13,123.06999969482422,123.55000305175781,120.79000091552734,120.93000030517578,650400.0
2022-09-14,121.25,121.73999786376953,120.44999694824219,121.41999816894531,719900.0
2022-09-15,124.70999908447266,124.70999908447266,118.87000274658203,119.13999938964844,727500.0
2022-09-16,119.01000213623047,121.13999938964844,117.79000091552734,120.55000305175781,1136000.0
2022-09-19,120.22000122070312,121.12999725341797,118.75,120.63999938964844,448700.0
2022-09-20,120.23999786376953,120.29000091552734,118.12999725341797,119.44000244140625,388400.0
2022-09-21,119.16000366210938,121.55000305175781,118.02999877929688,118.06999969482422,412600.0
2022-09-22,118.0,118.55999755859375,116.48999786376953,117.62000274658203,340100.0
2022-09-23,117.80999755859375,118.05000305175781,115.1500015258789,116.12999725341797,504900.0
2022-09-26,115.8499984741211,117.66000366210938,115.38999938964844,116.41000366210938,489900.0
2022-09-27,117.4800033569336,119.66999816894531,115.55999755859375,116.97000122070312,517500.0
2022-09-28,117.25,119.0,116.7699966430664,118.36000061035156,540900.0
2022-09-29,118.38999938964844,118.58999633789062,116.80999755859375,117.7300033569336,532500.0
2022-09-30,118.66000366210938,119.54000091552734,117.18000030517578,117.37000274658203,834300.0
2022-10-03,117.11000061035156,118.9800033569336,116.38999938964844,118.12999725341797,711100.0
2022-10-04,118.76000213623047,120.23999786376953,118.37000274658203,119.97000122070312,742600.0
2022-10-05,120.02999877929688,120.63999938964844,118.48999786376953,119.7699966430664,595700.0
2022-10-06,119.45999908447266,121.7699966430664,118.58000183105469,121.68000030517578,707200.0
2022-10-07,121.75,121.94000244140625,118.20999908447266,118.94000244140625,661900.0
2022-10-10,119.06999969482422,120.0999984741211,118.62999725341797,118.70999908447266,417600.0
2022-10-11,118.69999694824219,119.91000366210938,116.54000091552734,118.05999755859375,540000.0
2022-10-12,118.05999755859375,118.9800033569336,116.79000091552734,118.13999938964844,549400.0
2022-10-13,117.38999938964844,120.69999694824219,115.36000061035156,120.06999969482422,657100.0
2022-10-14,121.16000366210938,121.16000366210938,115.76000213623047,116.11000061035156,710600.0
2022-10-17,116.6500015258789,120.38999938964844,116.6500015258789,120.1500015258789,760200.0
2022-10-18,122.05000305175781,122.87000274658203,120.70999908447266,121.98999786376953,779600.0
2022-10-19,121.5,122.37000274658203,119.41000366210938,119.75,535600.0
2022-10-20,120.1500015258789,121.19999694824219,118.37999725341797,118.9800033569336,422500.0
2022-10-21,120.20999908447266,120.3499984741211,118.54000091552734,119.87000274658203,482300.0
2022-10-24,120.13999938964844,122.36000061035156,120.13999938964844,122.08999633789062,480300.0
2022-10-25,122.7300033569336,124.44000244140625,121.69999694824219,124.41000366210938,744900.0
2022-10-26,125.11000061035156,125.51000213623047,123.12000274658203,123.95999908447266,654000.0
2022-10-27,125.30999755859375,125.37000274658203,123.76000213623047,123.94999694824219,599100.0
2022-10-28,123.7699966430664,125.68000030517578,123.6500015258789,125.44999694824219,675500.0
2022-10-31,125.4000015258789,125.88999938964844,124.29000091552734,124.5,1084500.0
2022-11-01,124.5199966430664,127.52999877929688,124.5199966430664,127.36000061035156,897600.0
2022-11-02,127.66999816894531,128.74000549316406,125.6500015258789,126.0999984741211,896300.0
2022-11-03,124.22000122070312,126.66999816894531,124.22000122070312,124.9000015258789,765400.0
2022-11-04,128.60000610351562,130.5399932861328,126.01000213623047,128.3000030517578,1123500.0
2022-11-07,130.16000366210938,130.16000366210938,125.69000244140625,127.31999969482422,881300.0
2022-11-08,126.83999633789062,127.9000015258789,124.13999938964844,125.76000213623047,1098500.0
2022-11-09,125.25,125.25,122.41999816894531,123.26000213623047,835200.0
2022-11-10,124.97000122070312,125.94999694824219,116.37000274658203,120.95999908447266,1607000.0
2022-11-11,120.97000122070312,121.44999694824219,114.16999816894531,115.0999984741211,2227400.0
2022-11-14,116.62000274658203,120.05000305175781,115.01000213623047,118.62000274658203,1209700.0
2022-11-15,119.4800033569336,123.25,119.4800033569336,122.62999725341797,1091600.0
2022-11-16,121.5,125.2300033569336,121.5,122.51000213623047,711500.0
2022-11-17,122.91999816894531,125.69999694824219,121.0,123.70999908447266,685200.0
2022-11-18,124.33999633789062,125.1500015258789,121.41999816894531,121.51000213623047,829300.0
2022-11-21,120.8499984741211,124.56999969482422,120.8499984741211,124.02999877929688,603200.0
2022-11-22,124.48999786376953,125.47000122070312,124.20999908447266,125.36000061035156,588700.0
2022-11-23,125.33000183105469,126.83999633789062,124.16000366210938,124.83999633789062,670100.0
2022-11-25,125.25,127.0,124.69000244140625,125.8499984741211,214100.0
2022-11-28,127.0,127.0,124.38999938964844,124.66999816894531,490600.0
2022-11-29,124.44000244140625,124.80000305175781,122.86000061035156,123.25,555400.0
2022-11-30,123.27999877929688,127.08999633789062,123.27999877929688,126.83999633789062,2291700.0
2022-12-01,127.29000091552734,128.14999389648438,125.26000213623047,126.81999969482422,474900.0
2022-12-02,127.08000183105469,128.9499969482422,126.22000122070312,128.3300018310547,546200.0
2022-12-05,128.36000061035156,128.5399932861328,125.95999908447266,127.23999786376953,532600.0
2022-12-06,127.62000274658203,129.83999633789062,127.62000274658203,128.38999938964844,715200.0
2022-12-07,129.0,130.52000427246094,126.9000015258789,128.5,819200.0
2022-12-08,129.4199981689453,130.2899932861328,126.4800033569336,126.81999969482422,573500.0
2022-12-09,127.61000061035156,128.30999755859375,124.29000091552734,124.38999938964844,792400.0
2022-12-12,124.6500015258789,125.79000091552734,123.37000274658203,125.69000244140625,574900.0
2022-12-13,128.3699951171875,128.52999877929688,122.69999694824219,122.97000122070312,835000.0
2022-12-14,123.02999877929688,123.91999816894531,121.45999908447266,121.68000030517578,600000.0
2022-12-15,121.22000122070312,124.16000366210938,119.93000030517578,124.13999938964844,1236700.0
2022-12-16,124.36000061035156,125.02999877929688,122.12000274658203,124.0199966430664,1003900.0
2022-12-19,124.72000122070312,125.62999725341797,122.69999694824219,123.26000213623047,463400.0
2022-12-20,123.76000213623047,124.5,122.19999694824219,123.18000030517578,433600.0
2022-12-21,123.19000244140625,126.31999969482422,121.9800033569336,126.19000244140625,751100.0
2022-12-22,124.88999938964844,125.5,122.63999938964844,124.26000213623047,568700.0
2022-12-23,125.76000213623047,126.19999694824219,124.45999908447266,126.18000030517578,295700.0
2022-12-27,127.16999816894531,127.62999725341797,125.48999786376953,126.37000274658203,384000.0
2022-12-28,124.86000061035156,127.22000122070312,124.86000061035156,126.12000274658203,396700.0
2022-12-29,127.58999633789062,127.68000030517578,125.4000015258789,127.18000030517578,1322800.0
2022-12-30,127.19000244140625,127.72000122070312,124.76000213623047,125.47000122070312,351600.0
2023-01-03,126.43000030517578,126.87000274658203,125.0199966430664,126.33000183105469,517800.0
2023-01-04,127.79000091552734,127.79000091552734,123.5199966430664,124.47000122070312,689100.0
2023-01-05,123.61000061035156,125.81999969482422,123.0999984741211,123.7699966430664,488800.0
2023-01-06,124.13999938964844,125.52999877929688,121.93000030517578,123.48999786376953,470400.0
2023-01-09,123.30000305175781,125.62999725341797,122.12000274658203,122.18000030517578,771300.0
2023-01-10,122.41000366210938,123.0999984741211,121.20999908447266,122.48999786376953,760200.0
2023-01-11,122.86000061035156,124.18000030517578,122.51000213623047,123.43000030517578,545800.0
2023-01-12,122.5999984741211,124.37999725341797,122.26000213623047,123.7699966430664,825100.0
2023-01-13,124.01000213623047,124.83000183105469,122.45999908447266,124.48999786376953,589600.0
2023-01-17,124.70999908447266,126.30999755859375,123.55000305175781,123.62000274658203,570800.0
2023-01-18,125.02999877929688,125.23999786376953,122.2699966430664,122.58000183105469,782700.0
2023-01-19,122.88999938964844,123.8499984741211,121.6500015258789,122.29000091552734,696000.0
2023-01-20,123.20999908447266,123.63999938964844,121.95999908447266,122.30000305175781,687500.0
2023-01-23,121.81999969482422,123.05000305175781,121.55999755859375,123.02999877929688,470700.0
2023-01-24,123.97000122070312,124.5,121.13999938964844,121.56999969482422,625800.0
2023-01-25,122.0999984741211,122.91999816894531,120.80000305175781,122.38999938964844,1423800.0
2023-01-26,122.1500015258789,124.04000091552734,122.0,123.33000183105469,560900.0
2023-01-27,122.69999694824219,122.97000122070312,121.63999938964844,122.0999984741211,331600.0
2023-01-30,122.5999984741211,123.29000091552734,121.5999984741211,122.6500015258789,581900.0
2023-01-31,123.44000244140625,123.44000244140625,122.0,122.87999725341797,601900.0
2023-02-01,121.95999908447266,124.06999969482422,121.95999908447266,123.05000305175781,589300.0
2023-02-02,123.5,123.5,120.51000213623047,120.81999969482422,930500.0
2023-02-03,116.11000061035156,124.95999908447266,116.11000061035156,124.26000213623047,1357100.0
2023-02-06,124.37999725341797,129.2899932861328,123.45999908447266,126.25,954000.0
2023-02-07,125.66000366210938,127.38999938964844,125.45999908447266,127.38999938964844,660300.0
2023-02-08,126.2300033569336,128.08999633789062,126.2300033569336,126.87999725341797,393100.0
2023-02-09,128.1199951171875,128.36000061035156,125.44999694824219,125.63999938964844,490900.0
2023-02-10,125.05999755859375,126.9800033569336,125.05999755859375,126.19999694824219,294200.0
2023-02-13,126.51000213623047,128.72000122070312,126.44000244140625,128.5800018310547,725300.0
2023-02-14,127.11000061035156,128.52999877929688,126.4000015258789,126.55000305175781,385900.0
2023-02-15,125.16999816894531,128.77000427246094,125.16999816894531,128.5399932861328,457100.0
2023-02-16,127.52999877929688,128.25999450683594,126.7300033569336,126.7300033569336,373000.0
2023-02-17,125.95999908447266,129.97000122070312,125.95999908447266,129.08999633789062,625600.0
2023-02-21,129.0,129.8699951171875,128.42999267578125,128.4600067138672,952900.0
2023-02-22,129.17999267578125,131.47000122070312,128.1699981689453,128.27000427246094,1087100.0
2023-02-23,132.00999450683594,132.00999450683594,127.36000061035156,128.72999572753906,1547900.0
2023-02-24,129.38999938964844,129.7899932861328,128.1199951171875,129.69000244140625,662800.0
2023-02-27,129.63999938964844,129.97000122070312,126.8499984741211,127.58000183105469,577600.0
2023-02-28,127.02999877929688,127.29000091552734,125.61000061035156,126.16999816894531,648200.0
2023-03-01,126.4800033569336,127.26000213623047,125.5199966430664,126.70999908447266,567700.0
2023-03-02,126.76000213623047,126.87999725341797,125.58000183105469,126.18000030517578,442200.0
2023-03-03,126.38999938964844,127.61000061035156,125.83000183105469,126.41000366210938,398000.0
2023-03-06,127.04000091552734,127.36000061035156,125.1500015258789,125.31999969482422,664700.0
2023-03-07,124.97000122070312,125.5,123.2699966430664,123.48999786376953,701200.0
2023-03-08,122.91000366210938,123.80000305175781,122.77999877929688,123.2300033569336,397100.0
2023-03-09,124.2300033569336,124.2300033569336,121.08999633789062,121.16999816894531,628400.0
2023-03-10,122.5,122.5,118.25,118.6500015258789,748000.0
2023-03-13,118.16999816894531,123.73999786376953,117.30999755859375,122.26000213623047,1204000.0
2023-03-14,124.66999816894531,124.68000030517578,122.12000274658203,124.61000061035156,1102700.0
2023-03-15,122.58999633789062,125.02999877929688,121.30000305175781,122.25,797400.0
2023-03-16,120.27999877929688,125.54000091552734,120.27999877929688,123.9800033569336,864200.0
2023-03-17,123.98999786376953,126.70999908447266,123.66999816894531,125.55000305175781,1658400.0
2023-03-20,126.55000305175781,126.55000305175781,124.5999984741211,125.6500015258789,732400.0
2023-03-21,126.19999694824219,128.3800048828125,124.73999786376953,128.3800048828125,879800.0
2023-03-22,128.77999877929688,129.5500030517578,126.83000183105469,127.05999755859375,645600.0
2023-03-23,126.97000122070312,128.02000427246094,125.66000366210938,127.18000030517578,700300.0
2023-03-24,126.91000366210938,129.5,126.83999633789062,129.27999877929688,596100.0
2023-03-27,129.89999389648438,131.74000549316406,129.50999450683594,131.4600067138672,712000.0
2023-03-28,131.77000427246094,132.6999969482422,130.4600067138672,131.77000427246094,905200.0
2023-03-29,131.77999877929688,133.44000244140625,131.5399932861328,132.69000244140625,579500.0
2023-03-30,132.61000061035156,133.8000030517578,131.4499969482422,132.30999755859375,468800.0
2023-03-31,131.58999633789062,134.24000549316406,131.58999633789062,134.24000549316406,572700.0
2023-04-03,133.35000610351562,134.6699981689453,133.19000244140625,134.55999755859375,436300.0
2023-04-04,134.17999267578125,135.82000732421875,134.17999267578125,135.24000549316406,559700.0
2023-04-05,135.0,136.58999633789062,134.83999633789062,135.6199951171875,493700.0
2023-04-06,134.75,137.1999969482422,134.75,136.02000427246094,538300.0
2023-04-10,134.6699981689453,135.44000244140625,132.77999877929688,133.19000244140625,876000.0
2023-04-11,133.1999969482422,134.08999633789062,132.9499969482422,133.9600067138672,630300.0
2023-04-12,134.75999450683594,135.32000732421875,134.07000732421875,134.52000427246094,554400.0
2023-04-13,134.9199981689453,135.58999633789062,134.0500030517578,135.1699981689453,680300.0
2023-04-14,134.32000732421875,137.1300048828125,133.3300018310547,136.75999450683594,594500.0
2023-04-17,135.47999572753906,137.64999389648438,135.13999938964844,137.5500030517578,398900.0
2023-04-18,136.50999450683594,138.52999877929688,136.42999267578125,137.1999969482422,465700.0
2023-04-19,135.47000122070312,138.47000122070312,135.47000122070312,137.97999572753906,489700.0
2023-04-20,138.25,139.0800018310547,136.9499969482422,138.72000122070312,570500.0
2023-04-21,138.89999389648438,139.50999450683594,137.7100067138672,139.50999450683594,355100.0
2023-04-24,138.4600067138672,140.10000610351562,138.4600067138672,139.72000122070312,595300.0
2023-04-25,140.14999389648438,140.55999755859375,138.4600067138672,139.10000610351562,582900.0
2023-04-26,138.5500030517578,139.5800018310547,137.05999755859375,137.66000366210938,679200.0
2023-04-27,137.25999450683594,138.27000427246094,136.77999877929688,138.1999969482422,388400.0
2023-04-28,138.27000427246094,140.14999389648438,138.1199951171875,139.6999969482422,553300.0
2023-05-01,139.97999572753906,140.07000732421875,138.00999450683594,138.32000732421875,670500.0
2023-05-02,138.61000061035156,138.8699951171875,137.08999633789062,138.72999572753906,778900.0
2023-05-03,138.72999572753906,139.3300018310547,137.5500030517578,138.30999755859375,557700.0
2023-05-04,138.11000061035156,139.52999877929688,136.97999572753906,137.07000732421875,836400.0
2023-05-05,137.2899932861328,138.97000122070312,133.39999389648438,136.5800018310547,962900.0
2023-05-08,136.89999389648438,137.19000244140625,135.1999969482422,136.47000122070312,673600.0
2023-05-09,136.55999755859375,136.92999267578125,135.2100067138672,136.05999755859375,734100.0
2023-05-10,136.80999755859375,138.8300018310547,136.2899932861328,138.4499969482422,803800.0
2023-05-11,138.4499969482422,139.9499969482422,138.4499969482422,139.0399932861328,836700.0
2023-05-12,139.50999450683594,140.82000732421875,138.25999450683594,138.77999877929688,772000.0
2023-05-15,139.83999633789062,139.83999633789062,138.17999267578125,139.02000427246094,536400.0
2023-05-16,139.5399932861328,139.5399932861328,137.97999572753906,138.02999877929688,526900.0
2023-05-17,138.13999938964844,138.88999938964844,136.4600067138672,136.57000732421875,619500.0
2023-05-18,138.19000244140625,138.19000244140625,136.22000122070312,137.25,425900.0
2023-05-19,137.0399932861328,138.97000122070312,136.8699951171875,138.97000122070312,700300.0
2023-05-22,138.4199981689453,139.91000366210938,138.25999450683594,139.27999877929688,366600.0
2023-05-23,138.2899932861328,138.75999450683594,135.4499969482422,135.5500030517578,625900.0
2023-05-24,134.36000061035156,136.60000610351562,134.32000732421875,135.52999877929688,379300.0
2023-05-25,135.05999755859375,135.05999755859375,133.38999938964844,133.85000610351562,574700.0
2023-05-26,133.47000122070312,134.75999450683594,133.39999389648438,133.77000427246094,398100.0
2023-05-30,132.27000427246094,133.67999267578125,131.22999572753906,132.30999755859375,653000.0
2023-05-31,131.36000061035156,133.5,131.36000061035156,132.4199981689453,1241500.0
2023-06-01,133.0,133.60000610351562,131.94000244140625,133.60000610351562,803600.0
2023-06-02,133.97999572753906,136.38999938964844,133.74000549316406,135.17999267578125,753500.0
2023-06-05,133.97999572753906,135.83999633789062,133.97999572753906,135.05999755859375,629700.0
2023-06-06,135.5,135.85000610351562,131.3300018310547,131.72000122070312,847300.0
2023-06-07,131.25,133.7899932861328,130.9199981689453,133.02999877929688,896600.0
2023-06-08,134.1999969482422,135.63999938964844,132.9499969482422,135.63999938964844,686100.0
2023-06-09,135.52999877929688,138.66000366210938,135.07000732421875,138.42999267578125,886000.0
2023-06-12,138.89999389648438,139.0,134.69000244140625,135.47000122070312,860700.0
2023-06-13,136.3800048828125,136.99000549316406,135.16000366210938,135.77000427246094,697700.0
2023-06-14,135.0500030517578,138.80999755859375,134.97999572753906,138.80999755859375,622400.0
2023-06-15,138.11000061035156,139.13999938964844,137.30999755859375,138.0800018310547,641100.0
2023-06-16,139.25,139.25,136.0,137.36000061035156,1109500.0
2023-06-20,137.39999389648438,138.07000732421875,135.82000732421875,136.8800048828125,571900.0
2023-06-21,137.69000244140625,137.69000244140625,136.27000427246094,136.50999450683594,716200.0
2023-06-22,137.42999267578125,137.42999267578125,135.8699951171875,137.41000366210938,373100.0
2023-06-23,136.1999969482422,137.4499969482422,135.1699981689453,135.3300018310547,776800.0
2023-06-26,134.8800048828125,135.5,133.36000061035156,133.75,391500.0
2023-06-27,133.02000427246094,134.66000366210938,133.02000427246094,134.08999633789062,385700.0
2023-06-28,133.14999389648438,135.1999969482422,133.13999938964844,134.52000427246094,398400.0
2023-06-29,135.35000610351562,136.25999450683594,134.41000366210938,135.75999450683594,353300.0
2023-06-30,137.13999938964844,138.4199981689453,136.5399932861328,138.00999450683594,526800.0
2023-07-03,138.6999969482422,138.6999969482422,137.1999969482422,137.39999389648438,213400.0
2023-07-05,138.27000427246094,138.27000427246094,136.11000061035156,138.07000732421875,468900.0
2023-07-06,138.27000427246094,138.99000549316406,136.3300018310547,136.89999389648438,407700.0
2023-07-07,136.14999389648438,137.94000244140625,135.77999877929688,135.83999633789062,343100.0
2023-07-10,135.02000427246094,136.8300018310547,135.02000427246094,136.0,291500.0
2023-07-11,136.6300048828125,138.7100067138672,135.8300018310547,137.60000610351562,482900.0
2023-07-12,138.8000030517578,138.8000030517578,135.72000122070312,136.4600067138672,589300.0
2023-07-13,137.0,140.6199951171875,137.0,140.47999572753906,885300.0
2023-07-14,140.07000732421875,142.66000366210938,139.35000610351562,141.6300048828125,764500.0
2023-07-17,141.6300048828125,142.5,141.02999877929688,141.02999877929688,559500.0
2023-07-18,140.63999938964844,141.3800048828125,139.69000244140625,140.19000244140625,547300.0
2023-07-19,141.3800048828125,141.4499969482422,138.57000732421875,140.19000244140625,492600.0
2023-07-20,139.63999938964844,142.27999877929688,139.30999755859375,142.22000122070312,532100.0
2023-07-21,142.6300048828125,143.5399932861328,141.6199951171875,143.49000549316406,418500.0
2023-07-24,142.57000732421875,143.50999450683594,142.0500030517578,142.30999755859375,516200.0
2023-07-25,141.47000122070312,143.02000427246094,141.47000122070312,142.97999572753906,366300.0
2023-07-26,141.9199981689453,143.8300018310547,141.9199981689453,143.72000122070312,376100.0
2023-07-27,143.5,143.6999969482422,141.02999877929688,141.60000610351562,574900.0
2023-07-28,142.75,142.75,140.35000610351562,140.36000061035156,618000.0
2023-07-31,139.8699951171875,141.0800018310547,139.60000610351562,139.67999267578125,833300.0
2023-08-01,140.38999938964844,141.44000244140625,139.7899932861328,139.85000610351562,881700.0
2023-08-02,139.5800018310547,141.47999572753906,138.83999633789062,139.80999755859375,577900.0
2023-08-03,139.32000732421875,140.80999755859375,137.0,140.00999450683594,933400.0
2023-08-04,139.02000427246094,147.3699951171875,138.6999969482422,145.57000732421875,1316500.0
2023-08-07,144.6699981689453,147.8000030517578,144.6699981689453,146.2899932861328,738800.0
2023-08-08,144.9499969482422,147.57000732421875,144.89999389648438,145.9600067138672,639600.0
2023-08-09,147.0,148.27999877929688,145.77999877929688,146.17999267578125,496000.0
2023-08-10,147.33999633789062,148.75999450683594,146.82000732421875,148.36000061035156,686200.0
2023-08-11,147.30999755859375,150.7899932861328,147.30999755859375,150.25,1020400.0
2023-08-14,150.86000061035156,150.89999389648438,148.36000061035156,148.52999877929688,758900.0
2023-08-15,148.60000610351562,149.6999969482422,148.14999389648438,149.33999633789062,558500.0
2023-08-16,148.82000732421875,150.17999267578125,148.82000732421875,149.99000549316406,469700.0
2023-08-17,148.4199981689453,151.14999389648438,148.4199981689453,149.77999877929688,732100.0
2023-08-18,150.49000549316406,151.13999938964844,149.63999938964844,150.1199951171875,815700.0
2023-08-21,151.02000427246094,151.2100067138672,149.8699951171875,150.58999633789062,607400.0
2023-08-22,150.19000244140625,150.58999633789062,149.0500030517578,149.7899932861328,524900.0
2023-08-23,149.5399932861328,152.3699951171875,149.5399932861328,150.1199951171875,596400.0
2023-08-24,150.57000732421875,151.47999572753906,148.44000244140625,148.8699951171875,392300.0
2023-08-25,148.42999267578125,151.8000030517578,148.0,151.22999572753906,839600.0
2023-08-28,150.6199951171875,151.77999877929688,150.39999389648438,151.67999267578125,396700.0
2023-08-29,151.7100067138672,152.11000061035156,150.1199951171875,150.27000427246094,431400.0
2023-08-30,149.36000061035156,150.7899932861328,149.16000366210938,149.88999938964844,638600.0
2023-08-31,149.55999755859375,150.5399932861328,149.02999877929688,149.7100067138672,457800.0
2023-09-01,149.0800018310547,150.8300018310547,149.0800018310547,150.36000061035156,425000.0
2023-09-05,149.25999450683594,150.50999450683594,148.8800048828125,149.0,346000.0
2023-09-06,148.61000061035156,151.16000366210938,148.52999877929688,149.97999572753906,614900.0
2023-09-07,150.89999389648438,153.8000030517578,150.44000244140625,153.55999755859375,847100.0
2023-09-08,154.39999389648438,154.88999938964844,153.05999755859375,153.05999755859375,441000.0
2023-09-11,152.83999633789062,154.6199951171875,152.52999877929688,154.6199951171875,379600.0
2023-09-12,154.3300018310547,154.80999755859375,152.8000030517578,153.16000366210938,446000.0
2023-09-13,152.33999633789062,153.08999633789062,150.8699951171875,151.6199951171875,853700.0
2023-09-14,150.9499969482422,151.61000061035156,149.25,150.63999938964844,730100.0
2023-09-15,149.75,151.05999755859375,148.13999938964844,149.25999450683594,1309700.0
2023-09-18,150.8699951171875,151.97000122070312,150.33999633789062,151.6999969482422,481700.0
2023-09-19,151.6999969482422,158.7100067138672,151.6999969482422,155.8699951171875,1649600.0
2023-09-20,155.89999389648438,157.3800048828125,155.1199951171875,155.1300048828125,627500.0
2023-09-21,155.1300048828125,155.67999267578125,154.33999633789062,155.32000732421875,727100.0
2023-09-22,155.38999938964844,157.4199981689453,155.19000244140625,157.10000610351562,587000.0
2023-09-25,156.2100067138672,157.35000610351562,154.94000244140625,155.3699951171875,638900.0
2023-09-26,155.08999633789062,156.8800048828125,154.8000030517578,155.92999267578125,793500.0
2023-09-27,155.63999938964844,155.9600067138672,154.63999938964844,154.77000427246094,521700.0
2023-09-28,155.33999633789062,156.72999572753906,155.0500030517578,156.39999389648438,394900.0
2023-09-29,155.82000732421875,157.94000244140625,155.22999572753906,156.2100067138672,662200.0
2023-10-02,155.41000366210938,156.8000030517578,154.22000122070312,156.8000030517578,538800.0
2023-10-03,155.2100067138672,157.69000244140625,155.1699981689453,157.24000549316406,554800.0
2023-10-04,156.92999267578125,160.17999267578125,156.75999450683594,159.9600067138672,1022700.0
2023-10-05,160.7899932861328,160.94000244140625,158.86000061035156,160.2100067138672,734800.0
2023-10-06,159.4499969482422,161.99000549316406,159.39999389648438,161.64999389648438,895000.0
2023-10-09,160.27000427246094,164.25,160.0,162.8699951171875,619700.0
2023-10-10,162.75,164.39999389648438,161.5500030517578,161.5500030517578,736200.0
2023-10-11,161.11000061035156,162.2100067138672,159.6699981689453,161.5800018310547,943900.0
2023-10-12,160.61000061035156,161.8000030517578,159.41000366210938,160.85000610351562,772500.0
2023-10-13,160.2100067138672,162.13999938964844,158.83999633789062,162.0800018310547,919700.0
2023-10-16,161.36000061035156,163.67999267578125,161.36000061035156,163.1999969482422,864500.0
2023-10-17,162.69000244140625,164.05999755859375,162.22999572753906,163.57000732421875,625800.0
2023-10-18,164.17999267578125,165.8699951171875,163.02999877929688,163.6999969482422,749200.0
2023-10-19,164.86000061035156,164.86000061035156,162.16000366210938,162.72999572753906,643700.0
2023-10-20,162.60000610351562,163.99000549316406,160.92999267578125,161.97000122070312,699500.0
2023-10-23,161.3000030517578,161.8000030517578,160.47000122070312,161.22999572753906,706600.0
2023-10-24,161.25999450683594,163.1699981689453,161.25999450683594,162.27000427246094,732300.0
2023-10-25,161.92999267578125,163.77999877929688,161.16000366210938,162.4199981689453,762200.0
2023-10-26,162.22999572753906,165.3800048828125,162.22999572753906,163.88999938964844,677400.0
2023-10-27,164.39999389648438,164.8800048828125,161.25999450683594,161.25999450683594,821300.0
2023-10-30,162.05999755859375,163.75999450683594,162.02000427246094,163.5,714000.0
2023-10-31,163.9199981689453,165.02999877929688,163.0,163.88999938964844,765400.0
2023-11-01,164.72999572753906,166.77000427246094,164.5800018310547,165.67999267578125,755800.0
2023-11-02,165.86000061035156,167.2100067138672,162.6999969482422,162.8000030517578,1251300.0
2023-11-03,163.10000610351562,170.17999267578125,162.3800048828125,169.5,1450500.0
2023-11-06,171.05999755859375,174.99000549316406,170.05999755859375,174.0800018310547,1289500.0
2023-11-07,174.08999633789062,176.17999267578125,172.85000610351562,172.88999938964844,871500.0
2023-11-08,175.30999755859375,175.39999389648438,171.91000366210938,173.99000549316406,536900.0
2023-11-09,174.63999938964844,176.35000610351562,173.7899932861328,176.35000610351562,604900.0
2023-11-10,176.05999755859375,177.30999755859375,174.9499969482422,174.97000122070312,716500.0
2023-11-13,175.7899932861328,178.47999572753906,175.3000030517578,178.47999572753906,737700.0
2023-11-14,178.9600067138672,178.9600067138672,175.83999633789062,177.38999938964844,1497500.0
2023-11-15,177.38999938964844,178.24000549316406,176.57000732421875,176.97999572753906,1031500.0
2023-11-16,176.5399932861328,177.7899932861328,176.27999877929688,177.7899932861328,817300.0
2023-11-17,177.2899932861328,177.7899932861328,176.3000030517578,176.66000366210938,1136500.0
2023-11-20,176.16000366210938,177.41000366210938,175.91000366210938,176.8000030517578,769200.0
2023-11-21,177.3800048828125,179.9600067138672,176.9499969482422,176.9499969482422,727500.0
2023-11-22,179.27000427246094,180.22999572753906,177.19000244140625,180.05999755859375,591700.0
2023-11-24,179.69000244140625,180.4199981689453,179.3000030517578,180.05999755859375,210500.0
2023-11-27,180.3000030517578,180.8300018310547,179.72000122070312,180.39999389648438,638000.0
2023-11-28,181.1199951171875,182.3300018310547,179.57000732421875,180.88999938964844,1075100.0
2023-11-29,180.8800048828125,180.8800048828125,178.5399932861328,179.5,797800.0
2023-11-30,180.0,182.19000244140625,179.83999633789062,182.19000244140625,1632300.0
2023-12-01,182.22999572753906,183.74000549316406,180.25999450683594,180.25999450683594,1393000.0
2023-12-04,180.72000122070312,181.82000732421875,180.0,181.77999877929688,1087100.0
2023-12-05,181.61000061035156,182.19000244140625,180.11000061035156,181.9600067138672,695200.0
2023-12-06,182.3300018310547,182.3300018310547,175.39999389648438,177.75999450683594,1171200.0
2023-12-07,177.55999755859375,178.22999572753906,175.13999938964844,177.25999450683594,1002600.0
2023-12-08,176.7899932861328,179.0800018310547,176.00999450683594,178.72000122070312,806100.0
2023-12-11,179.25999450683594,179.4499969482422,177.69000244140625,178.0,968500.0
2023-12-12,178.13999938964844,180.27999877929688,177.44000244140625,178.4199981689453,771300.0
2023-12-13,178.2100067138672,179.6699981689453,175.75,178.47000122070312,1155400.0
2023-12-14,178.9499969482422,178.9499969482422,168.3800048828125,172.27999877929688,1969900.0
2023-12-15,172.05999755859375,175.0399932861328,171.3000030517578,175.0399932861328,1325800.0
2023-12-18,175.0399932861328,176.49000549316406,173.19000244140625,174.99000549316406,656600.0
2023-12-19,175.8800048828125,176.99000549316406,174.67999267578125,176.99000549316406,602800.0
2023-12-20,176.1300048828125,177.13999938964844,173.52000427246094,174.10000610351562,891200.0
2023-12-21,174.6300048828125,176.3000030517578,174.14999389648438,176.11000061035156,651500.0
2023-12-22,175.85000610351562,176.3699951171875,174.7899932861328,175.52999877929688,420200.0
2023-12-26,175.86000061035156,175.86000061035156,173.5,173.69000244140625,433300.0
2023-12-27,174.11000061035156,175.6300048828125,173.63999938964844,175.61000061035156,475600.0
2023-12-28,176.0399932861328,178.63999938964844,176.0399932861328,177.83999633789062,682600.0
2023-12-29,177.85000610351562,179.08999633789062,177.44000244140625,178.55999755859375,521900.0
2024-01-02,178.36000061035156,179.86000061035156,175.55999755859375,178.1999969482422,669000.0
2024-01-03,178.49000549316406,179.0399932861328,173.00999450683594,174.8800048828125,756800.0
2024-01-04,175.11000061035156,176.05999755859375,173.2899932861328,173.5500030517578,841600.0
2024-01-05,174.36000061035156,175.72999572753906,172.30999755859375,173.1300048828125,818700.0
2024-01-08,174.1199951171875,176.39999389648438,172.6999969482422,176.39999389648438,694800.0
2024-01-09,176.3699951171875,176.60000610351562,174.8800048828125,175.5,725500.0
2024-01-10,174.97999572753906,176.17999267578125,174.0399932861328,175.61000061035156,543200.0
2024-01-11,175.8300018310547,178.25,175.8300018310547,177.8000030517578,729000.0
2024-01-12,177.94000244140625,180.8699951171875,177.14999389648438,180.67999267578125,639000.0
2024-01-16,181.05999755859375,184.47999572753906,181.0,183.67999267578125,1099600.0
2024-01-17,184.0,188.35000610351562,183.5399932861328,187.1300048828125,1099100.0
2024-01-18,187.39999389648438,187.60000610351562,184.67999267578125,186.92999267578125,762900.0
2024-01-19,186.6699981689453,187.5500030517578,185.3800048828125,185.3800048828125,495600.0
2024-01-22,186.0,187.1699981689453,184.74000549316406,185.86000061035156,596400.0
2024-01-23,186.14999389648438,188.9499969482422,184.39999389648438,188.8699951171875,927500.0
2024-01-24,189.41000366210938,190.16000366210938,188.50999450683594,188.8000030517578,620600.0
2024-01-25,188.89999389648438,189.72000122070312,187.22000122070312,188.69000244140625,672500.0
2024-01-26,188.11000061035156,188.8800048828125,186.3699951171875,186.42999267578125,549200.0
2024-01-29,185.50999450683594,186.22999572753906,182.57000732421875,183.5,953700.0
2024-01-30,184.41000366210938,185.3300018310547,181.6699981689453,183.25999450683594,777300.0
2024-01-31,183.77999877929688,185.97999572753906,183.4600067138672,183.85000610351562,968200.0
2024-02-01,183.85000610351562,185.1699981689453,181.05999755859375,184.72999572753906,1217400.0
2024-02-02,180.97000122070312,187.02000427246094,180.8000030517578,182.77999877929688,1178100.0
2024-02-05,180.32000732421875,182.8300018310547,180.0800018310547,181.75,802000.0
2024-02-06,182.97999572753906,182.97999572753906,178.52000427246094,180.41000366210938,510000.0
2024-02-07,182.35000610351562,185.83999633789062,182.10000610351562,184.4600067138672,743100.0
2024-02-08,186.17999267578125,186.27000427246094,183.5800018310547,184.16000366210938,547300.0
2024-02-09,183.8800048828125,185.9199981689453,182.72000122070312,183.5,577100.0
2024-02-12,184.19000244140625,184.6300048828125,182.1699981689453,184.44000244140625,522100.0
2024-02-13,185.64999389648438,187.0,183.52000427246094,185.1999969482422,578100.0
2024-02-14,186.74000549316406,187.0399932861328,183.67999267578125,184.75999450683594,591600.0
2024-02-15,185.44000244140625,186.05999755859375,184.2899932861328,186.05999755859375,491400.0
2024-02-16,186.6999969482422,187.97999572753906,186.22000122070312,186.69000244140625,434800.0
2024-02-20,186.9600067138672,192.16000366210938,186.74000549316406,191.72000122070312,1393500.0
2024-02-21,192.61000061035156,195.67999267578125,189.39999389648438,189.91000366210938,1039600.0
2024-02-22,195.66000366210938,196.8300018310547,191.52000427246094,195.52000427246094,1682000.0
2024-02-23,196.8000030517578,197.8800048828125,196.33999633789062,197.14999389648438,1121800.0
2024-02-26,197.97999572753906,199.0,196.42999267578125,196.57000732421875,639000.0
2024-02-27,197.5,197.66000366210938,193.22999572753906,194.86000061035156,723000.0
2024-02-28,195.50999450683594,195.9600067138672,193.9499969482422,195.77999877929688,529100.0
2024-02-29,194.39999389648438,194.6300048828125,190.4600067138672,192.0,1183000.0
2024-03-01,192.3300018310547,192.6999969482422,186.89999389648438,187.02000427246094,1026300.0
2024-03-04,187.35000610351562,191.33999633789062,186.27000427246094,189.36000061035156,1521400.0
2024-03-05,189.13999938964844,190.5,185.22999572753906,190.25,914100.0
2024-03-06,189.8300018310547,190.8300018310547,186.8699951171875,187.6199951171875,718000.0
2024-03-07,188.50999450683594,189.5,182.3699951171875,183.80999755859375,1512900.0
2024-03-08,183.6300048828125,186.97000122070312,182.25999450683594,186.69000244140625,859900.0
2024-03-11,185.82000732421875,187.47000122070312,183.35000610351562,183.8300018310547,789700.0
2024-03-12,184.64999389648438,184.74000549316406,181.50999450683594,181.6999969482422,980400.0
2024-03-13,182.94000244140625,185.6199951171875,182.0500030517578,183.5,925500.0
2024-03-14,183.66000366210938,183.72999572753906,180.41000366210938,181.1300048828125,862400.0
2024-03-15,179.00999450683594,183.91000366210938,178.75,183.52000427246094,1391800.0
2024-03-18,184.0,185.58999633789062,183.0399932861328,183.6999969482422,626600.0
2024-03-19,183.1199951171875,184.57000732421875,182.6699981689453,183.52999877929688,818000.0
2024-03-20,183.52000427246094,183.52999877929688,181.22999572753906,183.1999969482422,730400.0
2024-03-21,181.32000732421875,184.25,181.32000732421875,184.1999969482422,866500.0
2024-03-22,183.61000061035156,183.61000061035156,180.4499969482422,180.9199981689453,741800.0
2024-03-25,181.47999572753906,182.0,179.30999755859375,179.60000610351562,692200.0
2024-03-26,179.5,180.39999389648438,177.77000427246094,178.11000061035156,895600.0
2024-03-27,178.5,180.1699981689453,178.2100067138672,180.1699981689453,629300.0
2024-03-28,180.13999938964844,183.72999572753906,179.94000244140625,183.72999572753906,1015800.0
2024-04-01,183.0500030517578,183.99000549316406,180.8800048828125,181.8699951171875,516900.0
2024-04-02,181.07000732421875,183.11000061035156,181.07000732421875,182.64999389648438,583100.0
2024-04-03,182.50999450683594,183.3000030517578,178.8300018310547,178.8300018310547,739700.0
2024-04-04,180.1999969482422,184.42999267578125,179.60000610351562,181.57000732421875,946100.0
2024-04-05,182.07000732421875,183.07000732421875,179.60000610351562,180.92999267578125,713500.0
2024-04-08,180.99000549316406,183.52999877929688,180.86000061035156,182.3699951171875,711400.0
2024-04-09,182.1199951171875,182.47000122070312,177.10000610351562,179.1300048828125,896900.0
2024-04-10,179.4600067138672,181.3000030517578,179.0800018310547,180.0,777500.0
2024-04-11,180.14999389648438,180.6699981689453,175.6300048828125,177.5,900300.0
2024-04-12,177.05999755859375,179.58999633789062,176.58999633789062,178.50999450683594,1083600.0
2024-04-15,180.0399932861328,180.52000427246094,177.27000427246094,177.3699951171875,752300.0
2024-04-16,177.6300048828125,179.5500030517578,176.47000122070312,176.7100067138672,661800.0
2024-04-17,176.72999572753906,177.82000732421875,175.0,176.9600067138672,585200.0
2024-04-18,176.7100067138672,178.0500030517578,175.39999389648438,177.50999450683594,692400.0
2024-04-19,178.27000427246094,181.02999877929688,178.1199951171875,180.85000610351562,882400.0
2024-04-22,180.82000732421875,182.30999755859375,179.10000610351562,179.99000549316406,585600.0
2024-04-23,180.32000732421875,180.74000549316406,177.82000732421875,178.82000732421875,641200.0
2024-04-24,177.60000610351562,180.3000030517578,177.10000610351562,179.38999938964844,579200.0
2024-04-25,179.8300018310547,182.39999389648438,178.60000610351562,181.69000244140625,712900.0
2024-04-26,181.39999389648438,181.55999755859375,178.39999389648438,178.39999389648438,515000.0
2024-04-29,179.89999389648438,181.77000427246094,178.4600067138672,180.39999389648438,597100.0
2024-04-30,179.80999755859375,181.4199981689453,178.91000366210938,181.14999389648438,596200.0
2024-05-01,180.9600067138672,181.39999389648438,178.72000122070312,179.89999389648438,535400.0
2024-05-02,181.44000244140625,181.44000244140625,174.1199951171875,174.1199951171875,1354400.0
2024-05-03,176.50999450683594,180.0800018310547,175.00999450683594,179.6699981689453,961100.0
2024-05-06,179.66000366210938,183.67999267578125,179.66000366210938,182.8699951171875,979800.0
2024-05-07,182.6699981689453,185.22000122070312,181.75999450683594,184.25,914400.0
2024-05-08,184.25999450683594,186.1699981689453,183.2899932861328,185.5,721000.0
2024-05-09,185.05999755859375,185.75,181.75,182.9199981689453,863500.0
2024-05-10,183.9199981689453,184.02000427246094,179.97999572753906,181.05999755859375,587100.0
2024-05-13,181.50999450683594,183.5,180.4499969482422,182.14999389648438,617000.0
2024-05-14,182.22999572753906,183.75999450683594,179.16000366210938,180.61000061035156,677400.0
2024-05-15,180.7899932861328,180.97000122070312,177.57000732421875,177.7899932861328,681700.0
2024-05-16,178.25,182.3300018310547,177.57000732421875,181.60000610351562,728700.0
2024-05-17,183.1199951171875,183.50999450683594,180.8800048828125,183.50999450683594,553500.0
2024-05-20,182.2100067138672,183.35000610351562,180.42999267578125,182.6999969482422,448200.0
2024-05-21,183.91000366210938,185.3000030517578,182.9499969482422,183.74000549316406,632600.0
2024-05-22,183.67999267578125,185.02000427246094,183.0,184.0,423100.0
2024-05-23,183.5500030517578,184.02000427246094,180.22000122070312,180.41000366210938,620300.0
2024-05-24,180.6300048828125,182.99000549316406,180.41000366210938,182.5800018310547,383700.0
2024-05-28,182.16000366210938,183.22000122070312,178.5,178.85000610351562,635700.0
2024-05-29,178.2100067138672,178.47999572753906,175.72000122070312,176.60000610351562,533700.0
2024-05-30,177.47999572753906,177.47999572753906,174.72000122070312,174.72000122070312,520900.0
2024-05-31,175.8800048828125,175.88999938964844,172.97000122070312,172.99000549316406,1766200.0
2024-06-03,173.60000610351562,175.2899932861328,173.25,174.99000549316406,775200.0
2024-06-04,173.9600067138672,176.5500030517578,173.19000244140625,175.72000122070312,532100.0
2024-06-05,175.4600067138672,176.27000427246094,173.00999450683594,174.6999969482422,615900.0
2024-06-06,173.9499969482422,174.72000122070312,171.44000244140625,174.0,1096900.0
2024-06-07,174.02999877929688,175.3800048828125,171.89999389648438,172.67999267578125,715000.0
2024-06-10,172.89999389648438,173.58999633789062,171.0,171.57000732421875,636600.0
2024-06-11,172.0,173.94000244140625,170.72000122070312,173.4600067138672,746900.0
2024-06-12,174.08999633789062,174.77999877929688,168.35000610351562,169.39999389648438,1069800.0
2024-06-13,169.6199951171875,170.1699981689453,167.0800018310547,168.7100067138672,688400.0
2024-06-14,168.3300018310547,168.75,167.41000366210938,167.60000610351562,456500.0
2024-06-17,166.7100067138672,170.27000427246094,166.1300048828125,170.27000427246094,611200.0
2024-06-18,169.7899932861328,170.49000549316406,168.3800048828125,169.39999389648438,965700.0
2024-06-20,169.4600067138672,172.33999633789062,169.27000427246094,172.33999633789062,587800.0
2024-06-21,171.5800018310547,176.61000061035156,169.52999877929688,175.91000366210938,1437400.0
2024-06-24,174.42999267578125,175.1999969482422,171.0800018310547,171.3300018310547,746200.0
2024-06-25,171.8800048828125,172.07000732421875,168.3000030517578,168.94000244140625,767600.0
2024-06-26,169.52999877929688,170.0,167.82000732421875,170.0,988100.0
2024-06-27,170.0800018310547,170.94000244140625,169.39999389648438,170.27000427246094,606100.0
2024-06-28,170.42999267578125,172.3699951171875,168.66000366210938,170.05999755859375,1638000.0
2024-07-01,172.0399932861328,172.1699981689453,170.4499969482422,171.9199981689453,547200.0
2024-07-02,172.10000610351562,172.8699951171875,170.52000427246094,171.38999938964844,532100.0
2024-07-03,171.8000030517578,171.8000030517578,169.3000030517578,170.9199981689453,302500.0
2024-07-05,171.60000610351562,171.60000610351562,168.1699981689453,169.6699981689453,569800.0
2024-07-08,169.91000366210938,170.11000061035156,168.2899932861328,168.8000030517578,554400.0
2024-07-09,169.30999755859375,170.22000122070312,166.8800048828125,168.57000732421875,540800.0
2024-07-10,168.5399932861328,169.86000061035156,167.61000061035156,169.3300018310547,514000.0
2024-07-11,169.22999572753906,171.0,168.16000366210938,169.77000427246094,666600.0
2024-07-12,170.5500030517578,171.27000427246094,169.08999633789062,169.5,755300.0
2024-07-15,171.25999450683594,173.52999877929688,169.97000122070312,172.52000427246094,696800.0
2024-07-16,171.88999938964844,175.17999267578125,171.88999938964844,172.85000610351562,722600.0
2024-07-17,173.14999389648438,180.47000122070312,173.0,180.25,1129600.0
2024-07-18,179.8000030517578,184.69000244140625,179.8000030517578,183.94000244140625,873900.0
2024-07-19,185.08999633789062,185.57000732421875,183.55999755859375,184.6300048828125,865500.0
2024-07-22,184.99000549316406,187.02000427246094,184.0,186.0,694200.0
2024-07-23,186.50999450683594,187.27000427246094,183.00999450683594,183.22000122070312,827600.0
2024-07-24,183.60000610351562,186.77000427246094,182.02000427246094,185.1699981689453,812500.0
2024-07-25,184.25999450683594,189.1300048828125,183.58999633789062,187.0500030517578,927800.0
2024-07-26,187.8000030517578,188.75,185.74000549316406,186.4600067138672,549900.0
2024-07-29,186.0399932861328,187.00999450683594,184.69000244140625,185.5800018310547,507400.0
2024-07-30,185.35000610351562,187.6199951171875,185.00999450683594,187.0500030517578,592300.0
2024-07-31,186.89999389648438,186.89999389648438,182.33999633789062,183.50999450683594,835900.0
2024-08-01,183.74000549316406,186.50999450683594,181.32000732421875,185.75,1181000.0
2024-08-02,186.10000610351562,195.0,186.10000610351562,193.7899932861328,1435500.0
2024-08-05,193.94000244140625,202.6699981689453,192.32000732421875,196.27000427246094,1792400.0
2024-08-06,196.00999450683594,199.05999755859375,195.27999877929688,197.25,1589700.0
2024-08-07,196.3800048828125,203.3699951171875,194.0,202.24000549316406,2317000.0
2024-08-08,202.4199981689453,205.9600067138672,201.5500030517578,204.17999267578125,1651800.0
2024-08-09,204.1699981689453,204.47000122070312,200.82000732421875,200.82000732421875,801800.0
2024-08-12,201.5399932861328,204.1699981689453,200.47000122070312,203.6199951171875,496400.0
2024-08-13,203.5500030517578,203.85000610351562,199.14999389648438,202.27999877929688,1023600.0
2024-08-14,201.0399932861328,206.42999267578125,200.30999755859375,205.99000549316406,1014800.0
2024-08-15,206.75999450683594,206.75999450683594,200.5399932861328,200.97999572753906,1087400.0
2024-08-16,201.00999450683594,204.5,201.00999450683594,202.94000244140625,689300.0
2024-08-19,204.02999877929688,205.1699981689453,202.97999572753906,204.58999633789062,483000.0
2024-08-20,203.92999267578125,206.42999267578125,203.50999450683594,206.02000427246094,634000.0
2024-08-21,205.5399932861328,207.1699981689453,204.99000549316406,206.92999267578125,662400.0
2024-08-22,206.39999389648438,210.89999389648438,206.0800018310547,209.7899932861328,643800.0
2024-08-23,210.1999969482422,210.57000732421875,206.58999633789062,209.6199951171875,889700.0
2024-08-26,210.0,214.27000427246094,210.0,213.1300048828125,827500.0
2024-08-27,213.14999389648438,216.13999938964844,211.0500030517578,211.35000610351562,1016300.0
2024-08-28,210.66000366210938,211.72999572753906,208.2100067138672,209.02000427246094,745300.0
2024-08-29,209.22999572753906,210.57000732421875,206.05999755859375,207.08999633789062,671600.0
2024-08-30,206.6699981689453,209.08999633789062,204.39999389648438,205.39999389648438,1001800.0
2024-09-03,204.88999938964844,212.83999633789062,203.7100067138672,212.83999633789062,1094400.0
2024-09-04,213.3300018310547,213.80999755859375,208.5800018310547,210.42999267578125,613300.0
2024-09-05,210.50999450683594,211.3800048828125,207.86000061035156,210.6199951171875,561600.0
2024-09-06,210.02999877929688,212.24000549316406,209.6300048828125,211.14999389648438,752800.0
2024-09-09,210.9199981689453,215.5399932861328,210.5500030517578,211.33999633789062,752100.0
2024-09-10,211.6300048828125,212.3300018310547,209.61000061035156,211.80999755859375,622900.0
2024-09-11,211.2899932861328,211.86000061035156,207.57000732421875,211.74000549316406,677500.0
2024-09-12,211.49000549316406,211.85000610351562,209.27000427246094,209.72000122070312,509000.0
2024-09-13,211.36000061035156,212.2100067138672,209.4199981689453,209.58999633789062,368300.0
2024-09-16,209.88999938964844,213.47000122070312,209.88999938964844,212.61000061035156,470100.0
2024-09-17,212.99000549316406,215.22999572753906,211.27999877929688,213.64999389648438,461700.0
2024-09-18,213.64999389648438,213.72000122070312,208.16000366210938,210.66000366210938,597100.0
2024-09-19,209.89999389648438,210.74000549316406,205.5399932861328,206.94000244140625,877000.0
2024-09-20,207.41000366210938,208.97999572753906,206.74000549316406,208.2100067138672,1700100.0
2024-09-23,208.39999389648438,210.36000061035156,208.19000244140625,209.5800018310547,464000.0
2024-09-24,209.5800018310547,210.77999877929688,204.0,206.74000549316406,615700.0
2024-09-25,208.94000244140625,209.02999877929688,202.50999450683594,203.10000610351562,680200.0
2024-09-26,201.77999877929688,205.97000122070312,201.5,205.4499969482422,586800.0
2024-09-27,204.00999450683594,206.0,202.3699951171875,202.60000610351562,698600.0
2024-09-30,203.1300048828125,204.8699951171875,201.50999450683594,204.8699951171875,660400.0
2024-10-01,205.24000549316406,211.60000610351562,204.77999877929688,209.94000244140625,695900.0
2024-10-02,209.72999572753906,211.9600067138672,207.69000244140625,211.85000610351562,578200.0
2024-10-03,210.6699981689453,213.16000366210938,209.72999572753906,210.14999389648438,885600.0
2024-10-04,211.8800048828125,212.1199951171875,208.24000549316406,210.4199981689453,804100.0
2024-10-07,211.13999938964844,212.49000549316406,206.85000610351562,207.3800048828125,910500.0
2024-10-08,208.10000610351562,209.6999969482422,205.41000366210938,207.52000427246094,1287100.0
2024-10-09,207.30999755859375,209.02000427246094,204.52999877929688,206.11000061035156,954700.0
2024-10-10,206.82000732421875,207.3300018310547,205.24000549316406,206.8000030517578,640500.0
2024-10-11,206.49000549316406,207.0,204.1999969482422,206.0,660300.0
2024-10-14,205.58999633789062,207.55999755859375,205.13999938964844,205.42999267578125,631600.0
2024-10-15,206.83999633789062,211.58999633789062,206.6300048828125,210.5,1636000.0
2024-10-16,210.52000427246094,213.0500030517578,208.8300018310547,210.6999969482422,800900.0
2024-10-17,210.50999450683594,211.24000549316406,209.08999633789062,209.5500030517578,564500.0
2024-10-18,210.5500030517578,211.2100067138672,208.35000610351562,209.27999877929688,702600.0
2024-10-21,209.27999877929688,212.6699981689453,209.16000366210938,212.4199981689453,596000.0
2024-10-22,212.7899932861328,214.3800048828125,211.4600067138672,213.77000427246094,882300.0
2024-10-23,212.7100067138672,215.0,210.64999389648438,213.5500030517578,860000.0
2024-10-24,213.99000549316406,216.77999877929688,213.60000610351562,214.99000549316406,534000.0
2024-10-25,215.0500030517578,216.9499969482422,211.6699981689453,212.82000732421875,552300.0
2024-10-28,211.83999633789062,213.30999755859375,210.92999267578125,212.94000244140625,546800.0
2024-10-29,213.35000610351562,215.33999633789062,212.00999450683594,212.2100067138672,660900.0
2024-10-30,213.5,213.5,209.5,209.6199951171875,737800.0
2024-10-31,210.3300018310547,216.24000549316406,209.9499969482422,213.57000732421875,2525500.0
2024-11-01,207.16000366210938,211.11000061035156,203.00999450683594,210.0,1295600.0
2024-11-04,208.5800018310547,210.36000061035156,206.75,209.60000610351562,791300.0
2024-11-05,210.13999938964844,215.27999877929688,209.4600067138672,212.16000366210938,1077700.0
2024-11-06,206.69000244140625,212.02999877929688,196.9199981689453,201.36000061035156,2375500.0
2024-11-07,202.9199981689453,203.9199981689453,199.25999450683594,199.75999450683594,947100.0
2024-11-08,198.75,199.55999755859375,196.72000122070312,196.86000061035156,1885800.0
2024-11-11,195.94000244140625,202.52999877929688,195.7100067138672,200.0500030517578,1289600.0
2024-11-12,199.8300018310547,200.22000122070312,197.5399932861328,199.47000122070312,1003700.0
2024-11-13,198.41000366210938,201.44000244140625,195.55999755859375,196.8800048828125,928600.0
2024-11-14,198.00999450683594,201.69000244140625,197.30999755859375,198.42999267578125,741100.0
2024-11-15,198.86000061035156,201.27000427246094,197.52000427246094,200.7100067138672,1411500.0
2024-11-18,201.72000122070312,207.27999877929688,201.3000030517578,205.77000427246094,1681900.0
2024-11-19,205.9600067138672,207.74000549316406,204.0500030517578,204.97999572753906,910000.0
2024-11-20,205.88999938964844,209.4199981689453,204.99000549316406,208.5,735600.0
2024-11-21,210.17999267578125,211.2100067138672,208.5,210.97999572753906,845200.0
2024-11-22,210.4499969482422,213.36000061035156,209.75,213.25999450683594,674600.0
2024-11-25,212.22999572753906,214.27000427246094,211.22999572753906,214.1300048828125,2013100.0
2024-11-26,212.32000732421875,219.9600067138672,210.22999572753906,217.3000030517578,1509400.0
2024-11-27,219.9499969482422,221.66000366210938,216.63999938964844,217.83999633789062,1327300.0
2024-11-29,218.6699981689453,220.7100067138672,215.00999450683594,215.85000610351562,465700.0
2024-12-02,217.11000061035156,217.25999450683594,211.91000366210938,211.91000366210938,757500.0
2024-12-03,213.64999389648438,214.5,209.6300048828125,212.1199951171875,1009800.0
2024-12-04,211.1300048828125,215.17999267578125,209.42999267578125,212.05999755859375,1025700.0
2024-12-05,213.66000366210938,215.0,208.33999633789062,208.5500030517578,781100.0
2024-12-06,208.5500030517578,208.5500030517578,202.94000244140625,203.99000549316406,843600.0
2024-12-09,202.44000244140625,203.3699951171875,200.1699981689453,201.60000610351562,856600.0
2024-12-10,202.17999267578125,205.2899932861328,201.13999938964844,203.0,590100.0
2024-12-11,203.0500030517578,205.1199951171875,201.2100067138672,202.58999633789062,629800.0
2024-12-12,203.9600067138672,204.07000732421875,199.6199951171875,199.85000610351562,619700.0
2024-12-13,201.47999572753906,201.47999572753906,198.52000427246094,200.97999572753906,536600.0
2024-12-16,200.33999633789062,202.16000366210938,195.64999389648438,195.64999389648438,687200.0
2024-12-17,197.0,198.57000732421875,195.63999938964844,198.0800018310547,932800.0
2024-12-18,197.97999572753906,200.2100067138672,194.97000122070312,200.07000732421875,1172600.0
2024-12-19,199.19000244140625,200.35000610351562,193.8000030517578,193.8000030517578,1004200.0
2024-12-20,192.00999450683594,195.2899932861328,191.61000061035156,191.61000061035156,2172400.0
2024-12-23,193.4499969482422,194.3699951171875,191.1300048828125,193.10000610351562,893800.0
2024-12-24,193.08999633789062,195.1300048828125,191.5399932861328,194.41000366210938,278400.0
2024-12-26,193.77999877929688,196.83999633789062,193.77999877929688,196.5500030517578,636000.0
2024-12-27,195.8699951171875,197.60000610351562,195.38999938964844,197.22999572753906,476700.0
2024-12-30,197.1999969482422,197.7100067138672,194.32000732421875,195.92999267578125,648300.0
2024-12-31,196.39999389648438,196.6199951171875,194.52999877929688,195.39999389648438,471700.0
2025-01-02,196.35000610351562,197.27000427246094,194.9499969482422,196.44000244140625,574500.0
2025-01-03,197.14999389648438,197.14999389648438,194.9199981689453,195.24000549316406,497000.0
2025-01-06,192.6199951171875,194.94000244140625,190.3800048828125,191.75999450683594,757200.0
2025-01-07,191.02000427246094,196.1199951171875,189.3699951171875,190.83999633789062,946600.0
2025-01-08,190.9199981689453,192.99000549316406,189.75999450683594,192.99000549316406,635400.0
2025-01-10,192.05999755859375,194.82000732421875,190.27000427246094,190.94000244140625,779900.0
2025-01-13,191.6300048828125,193.32000732421875,191.25,192.72000122070312,795000.0
2025-01-14,192.2899932861328,195.5500030517578,190.83999633789062,193.3699951171875,923300.0
2025-01-15,194.22000122070312,194.36000061035156,187.3000030517578,192.41000366210938,1780100.0
2025-01-16,193.36000061035156,194.39999389648438,191.69000244140625,193.9199981689453,496200.0
2025-01-17,193.60000610351562,196.00999450683594,192.42999267578125,194.77999877929688,667700.0
2025-01-21,195.85000610351562,197.36000061035156,193.55999755859375,197.1699981689453,801300.0
2025-01-22,197.13999938964844,198.58999633789062,195.16000366210938,197.72999572753906,588500.0
2025-01-23,199.11000061035156,202.25,197.10000610351562,201.61000061035156,840600.0
2025-01-24,200.61000061035156,201.00999450683594,199.4199981689453,200.17999267578125,707800.0
2025-01-27,202.99000549316406,205.58999633789062,198.77000427246094,205.44000244140625,1034300.0
2025-01-28,205.94000244140625,206.57000732421875,203.10000610351562,203.6300048828125,597900.0
2025-01-29,202.00999450683594,204.47000122070312,201.8000030517578,204.02000427246094,487700.0
2025-01-30,203.75999450683594,207.1699981689453,203.75999450683594,205.91000366210938,438900.0
2025-01-31,205.97999572753906,206.88999938964844,204.30999755859375,204.3300018310547,632000.0
2025-02-03,204.91000366210938,210.80999755859375,204.44000244140625,209.5500030517578,765700.0
2025-02-04,208.6999969482422,211.32000732421875,208.08999633789062,209.19000244140625,700700.0
2025-02-05,209.49000549316406,210.8699951171875,207.4499969482422,208.27999877929688,756200.0
2025-02-06,209.69000244140625,211.16000366210938,206.77000427246094,207.0,916600.0
2025-02-07,206.5399932861328,212.77000427246094,205.64999389648438,211.1699981689453,922800.0
2025-02-10,213.0500030517578,216.8300018310547,209.61000061035156,209.7100067138672,854200.0
2025-02-11,208.8800048828125,209.19000244140625,201.0,208.0,1001400.0
2025-02-12,206.00999450683594,213.25999450683594,206.00999450683594,212.0399932861328,817800.0
2025-02-13,212.0,212.0,207.9499969482422,208.22999572753906,599900.0
2025-02-14,209.4499969482422,209.4499969482422,202.0,202.3300018310547,691300.0
2025-02-18,203.30999755859375,207.07000732421875,202.3300018310547,207.02000427246094,597700.0
2025-02-19,207.69000244140625,210.8800048828125,206.72000122070312,210.25,491600.0
2025-02-20,210.25,210.25,206.4499969482422,208.91000366210938,481200.0
2025-02-21,209.00999450683594,211.19000244140625,206.91000366210938,210.92999267578125,811900.0
2025-02-24,211.1199951171875,212.3699951171875,209.91000366210938,210.7899932861328,694300.0
2025-02-25,209.9600067138672,213.55999755859375,207.72999572753906,208.05999755859375,895600.0
2025-02-26,207.5,209.5800018310547,205.0,205.30999755859375,1140200.0
2025-02-27,205.05999755859375,209.44000244140625,204.99000549316406,208.0,824800.0
2025-02-28,208.99000549316406,212.11000061035156,207.97000122070312,210.8000030517578,922100.0
2025-03-03,211.6999969482422,215.4499969482422,210.52000427246094,214.9600067138672,834600.0
2025-03-04,216.02999877929688,217.75999450683594,210.8800048828125,211.32000732421875,963900.0
2025-03-05,210.82000732421875,214.5800018310547,210.82000732421875,212.3699951171875,746000.0
2025-03-06,212.61000061035156,215.64999389648438,211.13999938964844,213.0,1059600.0
2025-03-07,213.99000549316406,218.24000549316406,212.5500030517578,213.0,933800.0
2025-03-10,214.69000244140625,219.1999969482422,212.92999267578125,219.02000427246094,945200.0
2025-03-11,218.92999267578125,220.6300048828125,210.72999572753906,211.16000366210938,1244900.0
2025-03-12,211.3300018310547,211.3300018310547,203.0500030517578,208.5,1057200.0
2025-03-13,207.55999755859375,216.3000030517578,207.55999755859375,215.1300048828125,1060500.0
2025-03-14,212.0399932861328,215.39999389648438,212.0399932861328,213.9499969482422,658800.0
2025-03-17,214.2899932861328,218.8800048828125,213.9199981689453,215.88999938964844,741900.0
2025-03-18,217.8699951171875,219.8300018310547,214.80999755859375,219.66000366210938,598900.0
2025-03-19,217.94000244140625,220.0,217.00999450683594,217.8000030517578,723300.0
2025-03-20,218.5800018310547,220.07000732421875,216.75,219.4199981689453,664400.0
2025-03-21,220.57000732421875,223.50999450683594,214.77000427246094,214.77000427246094,1526600.0
2025-03-24,214.8000030517578,217.08999633789062,212.6999969482422,212.9600067138672,1015700.0
2025-03-25,214.4499969482422,216.42999267578125,213.10000610351562,214.22000122070312,681200.0
2025-03-26,214.82000732421875,218.1199951171875,213.9199981689453,217.9499969482422,624700.0
2025-03-27,216.80999755859375,221.0,216.39999389648438,220.27000427246094,558100.0
2025-03-28,220.30999755859375,222.80999755859375,219.77999877929688,222.67999267578125,891300.0
2025-03-31,223.42999267578125,227.22000122070312,223.42999267578125,226.2899932861328,941800.0
2025-04-01,225.52000427246094,226.72999572753906,223.1999969482422,225.0399932861328,629100.0
2025-04-02,225.0800018310547,228.00999450683594,224.32000732421875,224.47999572753906,699900.0
2025-04-03,227.5500030517578,234.3699951171875,225.07000732421875,225.8000030517578,1335400.0
2025-04-04,227.0,230.35000610351562,213.9199981689453,215.08999633789062,1916000.0
2025-04-07,212.38999938964844,212.88999938964844,206.50999450683594,207.27000427246094,2093000.0
2025-04-08,210.3699951171875,213.4499969482422,207.44000244140625,208.1300048828125,1481000.0
2025-04-09,205.69000244140625,210.39999389648438,200.8800048828125,205.80999755859375,2131500.0
2025-04-10,204.4600067138672,213.1199951171875,202.5,210.02000427246094,1514400.0
2025-04-11,207.97000122070312,217.1999969482422,207.97000122070312,215.08999633789062,1190600.0
2025-04-14,216.8699951171875,218.64999389648438,214.0800018310547,217.14999389648438,896400.0
2025-04-15,217.4600067138672,218.35000610351562,215.0800018310547,217.9499969482422,614300.0
2025-04-16,218.1300048828125,219.8300018310547,216.97999572753906,217.97000122070312,927500.0
2025-04-17,219.1300048828125,219.91000366210938,217.02999877929688,217.07000732421875,546200.0
2025-04-21,217.97000122070312,218.52999877929688,214.00999450683594,214.38999938964844,958000.0
2025-04-22,216.25999450683594,216.47000122070312,212.50999450683594,214.07000732421875,794700.0
2025-04-23,215.2899932861328,215.2899932861328,207.75,211.4199981689453,1313900.0
2025-04-24,210.82000732421875,213.38999938964844,209.24000549316406,212.67999267578125,778500.0
2025-04-25,211.1699981689453,213.86000061035156,210.0399932861328,213.58999633789062,640100.0
2025-04-28,212.75999450683594,214.75,211.91000366210938,212.19000244140625,637100.0
2025-04-29,212.82000732421875,217.1999969482422,211.19000244140625,217.0500030517578,651000.0
2025-04-30,217.60000610351562,222.58999633789062,216.1999969482422,221.8000030517578,1240300.0
2025-05-01,220.0,221.85000610351562,217.2899932861328,221.2100067138672,1088700.0
2025-05-02,218.94000244140625,229.4600067138672,214.0500030517578,226.38999938964844,1371100.0
2025-05-05,227.83999633789062,232.9499969482422,226.0,231.6699981689453,1248900.0
2025-05-06,231.7100067138672,234.27999877929688,229.44000244140625,233.32000732421875,844200.0
2025-05-07,233.9199981689453,236.0,232.10000610351562,234.22999572753906,1035700.0
2025-05-08,236.02000427246094,236.02000427246094,228.13999938964844,228.13999938964844,1197700.0
2025-05-09,229.33999633789062,231.92999267578125,226.9499969482422,231.7100067138672,741500.0
2025-05-12,229.47000122070312,229.50999450683594,215.64999389648438,221.1199951171875,1689700.0
2025-05-13,221.52999877929688,222.75999450683594,219.44000244140625,220.3800048828125,786800.0
2025-05-14,217.16000366210938,217.75,212.75,213.52999877929688,1671700.0
2025-05-15,213.92999267578125,219.25999450683594,213.8800048828125,219.13999938964844,881200.0
2025-05-16,219.4499969482422,222.1699981689453,217.86000061035156,220.9499969482422,1156100.0
2025-05-19,220.17999267578125,224.49000549316406,220.17999267578125,224.41000366210938,1182700.0
2025-05-20,223.1199951171875,226.19000244140625,222.89999389648438,226.05999755859375,855700.0
2025-05-21,225.10000610351562,228.8000030517578,224.41000366210938,228.22999572753906,930500.0
2025-05-22,228.2899932861328,229.22999572753906,225.50999450683594,228.4199981689453,701100.0
2025-05-23,226.5800018310547,232.08999633789062,226.5800018310547,231.5800018310547,637600.0
2025-05-27,230.17999267578125,231.9499969482422,228.52999877929688,231.25999450683594,655200.0
2025-05-28,231.9600067138672,232.6300048828125,225.44000244140625,225.99000549316406,895100.0
2025-05-29,225.74000549316406,227.69000244140625,224.0,227.24000549316406,572500.0
2025-05-30,229.05999755859375,230.6999969482422,227.82000732421875,229.1199951171875,1170100.0
2025-06-02,230.72999572753906,231.63999938964844,228.32000732421875,231.10000610351562,809500.0
2025-06-03,231.69000244140625,231.69000244140625,225.32000732421875,227.27999877929688,728400.0
2025-06-04,228.2899932861328,228.2899932861328,223.5,223.74000549316406,641500.0
2025-06-05,225.25999450683594,225.89999389648438,221.9199981689453,222.75,977700.0
2025-06-06,222.99000549316406,223.36000061035156,221.1699981689453,222.60000610351562,412600.0
2025-06-09,221.3699951171875,222.77000427246094,218.13999938964844,219.5500030517578,677100.0
2025-06-10,219.77999877929688,221.5500030517578,218.5800018310547,221.10000610351562,663700.0
2025-06-11,219.8699951171875,223.1199951171875,219.27000427246094,222.88999938964844,488400.0
2025-06-12,222.88999938964844,226.47999572753906,222.88999938964844,226.3000030517578,694200.0
2025-06-13,227.94000244140625,229.0,224.94000244140625,225.80999755859375,723400.0
2025-06-16,225.77000427246094,226.3000030517578,223.61000061035156,224.49000549316406,534500.0
2025-06-17,225.11000061035156,226.14999389648438,223.97000122070312,225.41000366210938,520000.0
2025-06-18,226.2100067138672,227.66000366210938,224.32000732421875,227.60000610351562,609100.0
2025-06-20,229.41000366210938,230.5,224.91000366210938,225.85000610351562,969000.0
2025-06-23,226.86000061035156,230.41000366210938,225.0,230.1199951171875,797400.0
2025-06-24,230.1199951171875,230.9199981689453,226.57000732421875,229.27000427246094,592000.0
2025-06-25,229.4499969482422,230.97999572753906,227.57000732421875,230.39999389648438,475400.0
2025-06-26,230.00999450683594,231.82000732421875,226.0399932861328,226.14999389648438,665700.0
2025-06-27,225.41000366210938,229.36000061035156,223.5399932861328,229.0,741200.0
2025-06-30,229.49000549316406,233.2100067138672,227.6199951171875,233.2100067138672,628800.0
2025-07-01,233.7100067138672,233.72000122070312,227.42999267578125,232.0,741300.0
2025-07-02,232.41000366210938,233.77000427246094,227.4600067138672,231.35000610351562,773300.0
2025-07-03,231.19000244140625,232.74000549316406,229.75,231.3699951171875,325300.0
2025-07-07,232.30999755859375,235.25999450683594,229.77000427246094,235.22000122070312,636200.0
2025-07-08,234.92999267578125,237.27000427246094,231.77999877929688,232.5399932861328,600000.0
2025-07-09,232.2100067138672,233.6999969482422,230.25999450683594,232.05999755859375,600100.0
2025-07-10,232.52000427246094,234.60000610351562,231.19000244140625,234.42999267578125,689600.0
2025-07-11,233.52999877929688,236.77999877929688,231.80999755859375,235.00999450683594,669300.0
2025-07-14,236.1199951171875,237.72000122070312,233.92999267578125,235.9600067138672,754100.0
2025-07-15,236.64999389648438,237.32000732421875,233.08999633789062,233.9499969482422,871900.0
2025-07-16,235.0,238.49000549316406,233.07000732421875,237.10000610351562,1084600.0
2025-07-17,237.8800048828125,239.25,236.16000366210938,237.83999633789062,704200.0
2025-07-18,237.63999938964844,239.6699981689453,235.86000061035156,238.6199951171875,2122900.0
2025-07-21,238.00999450683594,238.99000549316406,236.25999450683594,236.25999450683594,692100.0
2025-07-22,236.4199981689453,241.19000244140625,235.72999572753906,241.17999267578125,681400.0
2025-07-23,240.8699951171875,243.7100067138672,238.0,240.75,845800.0
2025-07-24,240.9600067138672,247.0500030517578,240.77999877929688,245.91000366210938,1251700.0
2025-07-25,246.77999877929688,248.7899932861328,245.75,246.50999450683594,782100.0
2025-07-28,247.72999572753906,247.72999572753906,240.85000610351562,241.5399932861328,928000.0
2025-07-29,241.0500030517578,243.99000549316406,238.0,239.75999450683594,2201800.0
2025-07-30,239.77999877929688,243.0399932861328,238.1999969482422,241.67999267578125,1064000.0
2025-07-31,241.6199951171875,242.67999267578125,240.52999877929688,241.0399932861328,938000.0
2025-08-01,241.4600067138672,249.6300048828125,241.14999389648438,247.7899932861328,1327700.0
2025-08-04,248.13999938964844,251.2100067138672,246.0,250.8699951171875,974500.0
2025-08-05,249.5,250.67999267578125,246.02000427246094,248.7899932861328,1291000.0
2025-08-06,248.36000061035156,248.8300018310547,244.0,248.10000610351562,603900.0
2025-08-07,248.11000061035156,250.8000030517578,245.16000366210938,249.5,701300.0
2025-08-08,248.08999633789062,252.9199981689453,248.08999633789062,252.5800018310547,886500.0
2025-08-11,251.9199981689453,255.27000427246094,251.2100067138672,253.24000549316406,791300.0
2025-08-12,254.5,254.5,246.6300048828125,248.52000427246094,816800.0
2025-08-13,246.3300018310547,248.4499969482422,245.19000244140625,245.42999267578125,772300.0
2025-08-14,245.5800018310547,247.5399932861328,243.49000549316406,243.7100067138672,662100.0
2025-08-15,243.72999572753906,248.19000244140625,243.50999450683594,247.6300048828125,740400.0
2025-08-18,246.91000366210938,249.3000030517578,245.7100067138672,245.9600067138672,822600.0
2025-08-19,244.39999389648438,247.02000427246094,243.92999267578125,246.1300048828125,767100.0
2025-08-20,246.9499969482422,251.99000549316406,246.5,251.92999267578125,1498800.0
2025-08-21,249.8300018310547,252.11000061035156,248.91000366210938,249.25,647300.0
2025-08-22,250.58999633789062,251.2899932861328,245.1699981689453,246.42999267578125,706200.0
2025-08-25,245.0,249.36000061035156,244.25999450683594,249.0800018310547,828600.0
2025-08-26,248.77999877929688,249.1699981689453,242.07000732421875,242.75999450683594,1463000.0
2025-08-27,242.0500030517578,243.60000610351562,237.91000366210938,237.9499969482422,1181200.0
2025-08-28,237.2899932861328,237.75999450683594,234.02000427246094,235.25999450683594,1165900.0
2025-08-29,235.6999969482422,237.42999267578125,234.55999755859375,235.9499969482422,819300.0
2025-09-02,236.66000366210938,238.02999877929688,231.64999389648438,231.8800048828125,1139200.0
2025-09-03,231.5,235.6300048828125,230.14999389648438,235.41000366210938,979700.0
2025-09-04,232.7100067138672,236.49000549316406,232.7100067138672,234.1699981689453,745700.0
2025-09-05,233.83999633789062,233.8800048828125,230.89999389648438,232.5800018310547,666400.0
2025-09-08,233.83999633789062,234.83999633789062,230.97000122070312,234.3699951171875,753800.0
2025-09-09,233.25999450683594,234.85000610351562,232.10000610351562,232.42999267578125,641000.0
2025-09-10,233.42999267578125,235.60000610351562,230.89999389648438,234.50999450683594,593900.0
2025-09-11,234.97999572753906,237.64999389648438,234.50999450683594,236.3699951171875,588600.0
2025-09-12,236.5399932861328,237.24000549316406,233.82000732421875,234.2100067138672,601400.0
2025-09-15,233.42999267578125,238.8000030517578,233.27999877929688,234.08999633789062,1137000.0
2025-09-16,233.11000061035156,237.75999450683594,232.3699951171875,233.74000549316406,855500.0
2025-09-17,233.86000061035156,237.1199951171875,232.5800018310547,236.9600067138672,606100.0
2025-09-18,236.6699981689453,237.27999877929688,233.0,234.42999267578125,936400.0
2025-09-19,231.69000244140625,235.1300048828125,231.3800048828125,233.05999755859375,982900.0
2025-09-22,235.0,237.97999572753906,233.64999389648438,236.6199951171875,840100.0
2025-09-23,236.99000549316406,240.52000427246094,234.85000610351562,240.32000732421875,1151000.0
2025-09-24,240.05999755859375,243.30999755859375,238.0,243.19000244140625,959100.0
2025-09-25,243.1699981689453,245.88999938964844,239.1999969482422,243.99000549316406,1124800.0
2025-09-26,246.02000427246094,246.94000244140625,243.5,243.52000427246094,617700.0
2025-09-29,244.07000732421875,247.57000732421875,242.1999969482422,246.24000549316406,834500.0
2025-09-30,247.6199951171875,248.99000549316406,244.22999572753906,245.25,840500.0
2025-10-01,245.0,245.4499969482422,239.3300018310547,241.57000732421875,806900.0
2025-10-02,241.82000732421875,242.99000549316406,239.08999633789062,241.49000549316406,676600.0
2025-10-03,241.3000030517578,242.25,239.10000610351562,239.5399932861328,637300.0
2025-10-06,238.57000732421875,239.75999450683594,234.72000122070312,236.83999633789062,859400.0
2025-10-07,237.66000366210938,240.89999389648438,236.75999450683594,240.89999389648438,618600.0
2025-10-08,241.2100067138672,241.44000244140625,237.1300048828125,241.25999450683594,566400.0
2025-10-09,241.89999389648438,242.13999938964844,239.52999877929688,240.77000427246094,492100.0
2025-10-10,241.4600067138672,246.3800048828125,240.2899932861328,244.7100067138672,659500.0
2025-10-13,246.39999389648438,246.39999389648438,241.22999572753906,243.49000549316406,734300.0
2025-10-14,243.88999938964844,246.63999938964844,237.41000366210938,238.2100067138672,937600.0
2025-10-15,239.0500030517578,243.7899932861328,236.9499969482422,241.74000549316406,834400.0
2025-10-16,242.38999938964844,242.60000610351562,235.7100067138672,235.97000122070312,724700.0
2025-10-17,236.89999389648438,240.41000366210938,236.60000610351562,239.6199951171875,725000.0
2025-10-20,238.7100067138672,239.25,233.52999877929688,237.08999633789062,620200.0
2025-10-21,237.08999633789062,238.19000244140625,232.82000732421875,233.2899932861328,507600.0
2025-10-22,234.14999389648438,238.72000122070312,231.60000610351562,237.35000610351562,770500.0
2025-10-23,235.8800048828125,240.85000610351562,235.19000244140625,237.25,483100.0
2025-10-24,236.8800048828125,240.4600067138672,235.5,238.75,591000.0
2025-10-27,238.60000610351562,239.67999267578125,236.50999450683594,238.27000427246094,633300.0
2025-10-28,238.00999450683594,240.7899932861328,237.6300048828125,238.52999877929688,613800.0
2025-10-29,238.39999389648438,238.39999389648438,231.7899932861328,232.67999267578125,897800.0
2025-10-30,232.1199951171875,238.55999755859375,232.1199951171875,236.80999755859375,1125600.0
2025-10-31,239.3800048828125,251.2100067138672,238.9499969482422,245.63999938964844,1758000.0
2025-11-03,247.1999969482422,248.17999267578125,243.19000244140625,246.9199981689453,1031000.0
2025-11-04,249.3000030517578,251.42999267578125,245.97999572753906,250.25999450683594,734500.0
2025-11-05,251.44000244140625,253.63999938964844,249.19000244140625,251.39999389648438,774100.0
2025-11-06,250.0,253.0,248.86000061035156,252.63999938964844,540200.0
2025-11-07,255.25,257.4100036621094,252.82000732421875,256.6199951171875,978400.0
2025-11-10,255.97999572753906,259.9800109863281,251.6199951171875,259.1400146484375,932000.0
2025-11-11,261.8999938964844,261.8999938964844,256.9800109863281,259.25,840500.0
2025-11-12,260.7300109863281,262.9800109863281,259.0,260.8800048828125,666900.0
2025-11-13,260.989990234375,261.3599853515625,258.8500061035156,259.9599914550781,714500.0
2025-11-14,261.1400146484375,262.2099914550781,257.0799865722656,258.3500061035156,734100.0
2025-11-17,258.07000732421875,259.1300048828125,255.58999633789062,257.8699951171875,640000.0
2025-11-18,258.80999755859375,261.1199951171875,256.3699951171875,259.1099853515625,800500.0
2025-11-19,258.6000061035156,259.3800048828125,251.6199951171875,254.2899932861328,867400.0
2025-11-20,254.2899932861328,255.8300018310547,252.3300018310547,255.32000732421875,736300.0
2025-11-21,255.77999877929688,256.6400146484375,251.61000061035156,252.60000610351562,861900.0
2025-11-24,252.5500030517578,256.6700134277344,251.55999755859375,254.5,1517600.0
2025-11-25,256.44000244140625,257.7300109863281,252.47999572753906,257.32000732421875,598000.0
2025-11-26,258.19000244140625,259.20001220703125,255.97999572753906,258.1199951171875,529400.0
2025-11-28,258.57000732421875,260.42999267578125,257.5899963378906,258.1700134277344,231600.0
2025-12-01,258.7200012207031,259.55999755859375,254.74000549316406,255.27999877929688,652800.0
2025-12-02,256.32000732421875,256.6000061035156,252.88999938964844,254.35000610351562,584000.0
2025-12-03,255.89999389648438,256.25,252.30999755859375,253.89999389648438,556600.0
2025-12-04,253.10000610351562,255.27999877929688,250.67999267578125,254.9199981689453,618900.0
2025-12-05,255.1300048828125,255.1300048828125,250.58999633789062,252.75999450683594,503000.0
2025-12-08,253.2100067138672,254.75,251.97999572753906,253.22000122070312,863300.0
2025-12-09,254.25,257.2300109863281,252.8300018310547,253.02000427246094,490900.0
2025-12-10,253.6999969482422,253.77999877929688,247.67999267578125,249.05999755859375,860800.0
2025-12-11,250.25999450683594,252.5,249.5399932861328,251.10000610351562,666300.0
2025-12-12,253.99000549316406,254.52000427246094,251.92999267578125,253.02000427246094,776400.0
2025-12-15,252.80999755859375,254.17999267578125,244.74000549316406,246.75,1159900.0
2025-12-16,248.16000366210938,251.4600067138672,247.13999938964844,248.99000549316406,830600.0
2025-12-17,249.35000610351562,253.6999969482422,249.35000610351562,252.25999450683594,702600.0
2025-12-18,251.3000030517578,253.02999877929688,248.30999755859375,248.6699981689453,736800.0
2025-12-19,249.3300018310547,250.5399932861328,247.27000427246094,247.27000427246094,1323600.0
2025-12-22,247.8699951171875,252.82000732421875,245.33999633789062,251.8300018310547,655400.0
2025-12-23,251.94000244140625,255.8699951171875,251.19000244140625,254.75999450683594,376400.0
2025-12-24,254.69000244140625,256.8500061035156,254.02999877929688,255.9600067138672,219200.0
2025-12-26,256.6600036621094,256.9100036621094,254.69000244140625,256.1499938964844,256300.0
2025-12-29,256.5299987792969,258.07000732421875,255.11000061035156,256.1099853515625,312300.0
2025-12-30,256.70001220703125,256.95001220703125,254.30999755859375,254.5399932861328,378400.0
2025-12-31,255.83999633789062,255.83999633789062,250.9499969482422,251.0,374800.0
2026-01-02,250.9499969482422,251.42999267578125,247.3300018310547,248.11000061035156,475700.0
2026-01-05,248.16000366210938,254.8000030517578,247.72999572753906,252.11000061035156,613800.0
2026-01-06,251.19000244140625,253.11000061035156,248.3000030517578,250.08999633789062,652100.0
2026-01-07,251.9499969482422,259.4200134277344,249.63999938964844,255.16000366210938,1300700.0
2026-01-08,253.8300018310547,262.6300048828125,253.8300018310547,260.5400085449219,1675700.0
2026-01-09,260.7699890136719,262.7099914550781,259.6300048828125,260.95001220703125,807700.0
2026-01-12,260.5299987792969,264.5,260.1099853515625,263.9700012207031,1105200.0
2026-01-13,263.2200012207031,266.7699890136719,260.7699890136719,266.7699890136719,981700.0
2026-01-14,266.7699890136719,268.8599853515625,261.75,268.80999755859375,688400.0
2026-01-15,268.9599914550781,271.69000244140625,267.75,270.8299865722656,732000.0
2026-01-16,269.4800109863281,276.4700012207031,268.17999267578125,273.54998779296875,923200.0
2026-01-20,273.8500061035156,275.760009765625,269.29998779296875,271.9200134277344,712000.0
2026-01-21,271.9200134277344,274.6099853515625,270.260009765625,273.07000732421875,727800.0
2026-01-22,274.4100036621094,278.5,274.19000244140625,277.1199951171875,753800.0
2026-01-23,277.1000061035156,277.7200012207031,273.80999755859375,276.3900146484375,570200.0
2026-01-26,277.989990234375,279.3299865722656,266.0299987792969,270.1400146484375,1120400.0
2026-01-27,269.7300109863281,270.30999755859375,264.4200134277344,268.0400085449219,774000.0
2026-01-28,268.29998779296875,269.0,264.5199890136719,264.6000061035156,565000.0
2026-01-29,266.3299865722656,270.30999755859375,264.0,265.5199890136719,933100.0
2026-01-30,266.95001220703125,266.95001220703125,261.79998779296875,265.05999755859375,702800.0
2026-02-02,267.80999755859375,269.6600036621094,262.3999938964844,263.9200134277344,983500.0
2026-02-03,263.82000732421875,270.010009765625,261.17999267578125,268.67999267578125,1238100.0
2026-02-04,268.0,273.75,267.44000244140625,271.20001220703125,1083600.0
2026-02-05,272.1600036621094,277.3500061035156,272.1600036621094,275.2799987792969,1465800.0
2026-02-06,267.5,274.9100036621094,255.77000427246094,273.3599853515625,1623900.0
2026-02-09,274.75,280.8900146484375,271.7200012207031,280.8800048828125,1015500.0
2026-02-10,280.29998779296875,283.1300048828125,272.0,274.07000732421875,894900.0
2026-02-11,273.32000732421875,274.19000244140625,268.2699890136719,268.6400146484375,690700.0
2026-02-12,270.75,274.4100036621094,267.5,270.6000061035156,743700.0
2026-02-13,272.1400146484375,275.1099853515625,270.9200134277344,275.1099853515625,850200.0
2026-02-17,277.2099914550781,285.79998779296875,276.2099914550781,284.20001220703125,1356300.0
2026-02-18,285.0,286.70001220703125,282.510009765625,285.3900146484375,781300.0
2026-02-19,285.0199890136719,287.54998779296875,282.0899963378906,286.1700134277344,550600.0
2026-02-20,284.4200134277344,288.67999267578125,282.75,288.67999267578125,568700.0
2026-02-23,289.6400146484375,293.5799865722656,288.54998779296875,290.1099853515625,1012100.0
2026-02-24,291.94000244140625,294.2799987792969,288.6099853515625,292.94000244140625,574100.0
2026-02-25,293.989990234375,295.0,288.6099853515625,291.2699890136719,960700.0
2026-02-26,292.2200012207031,294.79998779296875,288.3999938964844,292.29998779296875,591800.0
2026-02-27,291.6000061035156,303.1199951171875,291.6000061035156,299.7200012207031,1352900.0
2026-03-02,302.6700134277344,305.67999267578125,297.4100036621094,297.489990234375,1140100.0
2026-03-03,299.0,305.0,294.7099914550781,304.42999267578125,1055200.0
2026-03-04,302.1700134277344,302.54998779296875,298.1099853515625,300.6199951171875,987100.0
2026-03-05,301.739990234375,301.739990234375,293.1600036621094,297.489990234375,766900.0
2026-03-06,299.29998779296875,301.9700012207031,296.3599853515625,301.2699890136719,759100.0
2026-03-09,303.04998779296875,303.1700134277344,297.54998779296875,299.20001220703125,994100.0
2026-03-10,296.75,297.8500061035156,279.04998779296875,285.5199890136719,1684800.0
2026-03-11,285.19000244140625,288.8900146484375,283.0299987792969,284.0,1292400.0
2026-03-12,284.5400085449219,290.30999755859375,281.6300048828125,290.25,1100800.0
2026-03-13,292.0,293.8599853515625,288.9800109863281,289.8999938964844,820200.0
2026-03-16,288.239990234375,293.7799987792969,287.20001220703125,291.7799987792969,1024000.0
2026-03-17,294.8800048828125,297.1000061035156,292.32000732421875,292.8900146484375,737500.0
2026-03-18,296.42999267578125,296.42999267578125,286.9700012207031,286.9700012207031,695900.0
2026-03-19,285.8399963378906,287.4700012207031,281.92999267578125,284.4100036621094,612500.0
2026-03-20,285.6300048828125,286.75,282.4800109863281,283.95001220703125,985800.0
2026-03-23,284.1300048828125,285.9200134277344,279.8299865722656,280.6199951171875,1050500.0
2026-03-24,281.5,283.1400146484375,279.17999267578125,283.0899963378906,671000.0
2026-03-25,282.7099914550781,284.6199951171875,276.9700012207031,277.0400085449219,990100.0
2026-03-26,280.3900146484375,281.95001220703125,278.19000244140625,279.7900085449219,824200.0
2026-03-27,282.57000732421875,283.6400146484375,272.1499938964844,273.0,836400.0
2026-03-30,274.4800109863281,282.57000732421875,274.4800109863281,282.29998779296875,678300.0
2026-03-31,282.6600036621094,283.92999267578125,278.2799987792969,281.07000732421875,678500.0
2026-04-01,280.0400085449219,283.5199890136719,278.7799987792969,280.2900085449219,855000.0
2026-04-02,281.94000244140625,290.2900085449219,280.1700134277344,289.95001220703125,738300.0
2026-04-06,288.25,296.70001220703125,288.25,296.05999755859375,596600.0
2026-04-07,297.5299987792969,302.1499938964844,295.29998779296875,295.6400146484375,683800.0
2026-04-08,290.3699951171875,297.25,284.3699951171875,296.95001220703125,841800.0
2026-04-09,298.6700134277344,299.6499938964844,293.0299987792969,294.82000732421875,770800.0
2026-04-10,295.0,297.6199951171875,293.6499938964844,295.95001220703125,705000.0
2026-04-13,295.6499938964844,301.1000061035156,295.2200012207031,300.29998779296875,695200.0
2026-04-14,300.32000732421875,302.4599914550781,294.8900146484375,300.75,688900.0
2026-04-15,303.3999938964844,305.6700134277344,300.75,304.989990234375,537200.0
2026-04-16,302.7200012207031,309.8699951171875,302.3999938964844,309.3800048828125,790700.0
2026-04-17,307.0,308.70001220703125,299.42999267578125,299.94000244140625,1555700.0
2026-04-20,300.9100036621094,307.2799987792969,299.9100036621094,304.3999938964844,1251900.0
2026-04-21,302.7300109863281,305.3999938964844,299.010009765625,299.25,972200.0
2026-04-22,300.5199890136719,301.9700012207031,293.67999267578125,297.45001220703125,935300.0
2026-04-23,299.4100036621094,303.04998779296875,297.45001220703125,300.1199951171875,610000.0
2026-04-24,298.80999755859375,304.2900085449219,297.6499938964844,303.80999755859375,662900.0
2026-04-27,303.989990234375,304.5,298.17999267578125,298.44000244140625,740500.0
2026-04-28,302.2200012207031,305.05999755859375,301.1700134277344,303.6400146484375,666000.0
2026-04-29,305.42999267578125,307.489990234375,303.3500061035156,305.6000061035156,688700.0
2026-04-30,305.1099853515625,307.8999938964844,298.8900146484375,300.0899963378906,889300.0
2026-05-01,314.3699951171875,329.7900085449219,314.3699951171875,326.9599914550781,1567900.0
2026-05-04,324.92999267578125,340.5299987792969,324.92999267578125,338.9100036621094,1233400.0
2026-05-05,339.0899963378906,346.4800109863281,338.6700134277344,343.9800109863281,1003600.0
2026-05-06,338.1700134277344,346.0,334.3699951171875,346.0,1027300.0
2026-05-07,342.1300048828125,343.6199951171875,333.5400085449219,338.6499938964844,1030900.0
2026-05-08,338.20001220703125,349.3900146484375,335.7300109863281,348.55999755859375,806500.0
2026-05-11,345.8500061035156,350.4800109863281,339.5400085449219,350.4800109863281,1476500.0
2026-05-12,350.0,355.8800048828125,347.45001220703125,355.79998779296875,1092800.0
2026-05-13,354.6499938964844,367.9100036621094,352.80999755859375,366.70001220703125,894500.0
2026-05-14,366.7200012207031,367.3699951171875,357.8999938964844,358.6700134277344,734100.0
2026-05-15,362.0199890136719,364.45001220703125,357.4200134277344,363.0199890136719,1104200.0
2026-05-18,358.0899963378906,370.32000732421875,358.0899963378906,366.2799987792969,645800.0
2026-05-19,367.7900085449219,371.17999267578125,362.760009765625,362.9700012207031,986700.0
2026-05-20,365.239990234375,369.30999755859375,360.489990234375,360.9200134277344,956600.0
2026-05-21,359.9200134277344,363.92999267578125,351.2099914550781,351.94000244140625,1031600.0
2026-05-22,351.69000244140625,361.2799987792969,350.2300109863281,357.3500061035156,492900.0
2026-05-26,356.7900085449219,357.9800109863281,352.0,354.489990234375,737000.0
2026-05-27,354.6000061035156,356.0,347.25,347.69000244140625,906000.0
2026-05-28,348.9200134277344,349.95001220703125,342.79998779296875,344.239990234375,755700.0
2026-05-29,345.07000732421875,347.239990234375,327.69000244140625,333.55999755859375,2573600.0
2026-06-01,328.5400085449219,330.42999267578125,300.5,300.989990234375,2829200.0
2026-06-02,297.67999267578125,299.0,269.9599914550781,275.5899963378906,5000100.0
2026-06-03,273.0,290.82000732421875,272.8500061035156,285.1000061035156,2414600.0
2026-06-04,285.489990234375,288.8900146484375,282.5,286.0299987792969,1708900.0
2026-06-05,282.3800048828125,288.010009765625,279.3900146484375,281.9100036621094,1520000.0
2026-06-08,280.3299865722656,281.6300048828125,274.0299987792969,280.32000732421875,1566700.0
2026-06-09,280.0,291.55999755859375,276.0899963378906,290.6000061035156,1792900.0
2026-06-10,290.30999755859375,301.989990234375,282.0799865722656,301.0799865722656,1401200.0
2026-06-11,299.6400146484375,306.19000244140625,293.510009765625,295.8999938964844,1245300.0
2026-06-12,295.260009765625,298.29998779296875,290.6499938964844,294.9100036621094,1159700.0
2026-06-15,290.20001220703125,300.3500061035156,289.20001220703125,292.9100036621094,1570600.0
2026-06-16,292.9200134277344,295.32000732421875,264.510009765625,265.239990234375,2743100.0
2026-06-17,265.0,265.1300048828125,248.55999755859375,254.69000244140625,4216700.0
2026-06-18,257.44000244140625,259.1300048828125,246.9600067138672,249.10000610351562,3051200.0
2026-06-22,251.39999389648438,258.8699951171875,247.7100067138672,255.97999572753906,2369100.0
2026-06-23,255.22000122070312,264.6000061035156,254.24000549316406,257.4200134277344,1500900.0
2026-06-24,257.5400085449219,264.1099853515625,249.33999633789062,249.58999633789062,2121800.0
2026-06-25,253.47999572753906,254.3300018310547,242.0399932861328,244.97999572753906,1824300.0
2026-06-26,242.1699981689453,245.91000366210938,241.22999572753906,242.2100067138672,1741500.0
2026-06-29,240.0,246.25,227.14999389648438,231.50999450683594,1948600.0
2026-06-30,229.25999450683594,242.97999572753906,229.0,242.6699981689453,2108800.0
2026-07-01,241.49000549316406,251.75,241.0,247.72000122070312,1246900.0
2026-07-02,249.67999267578125,254.22000122070312,248.82000732421875,248.99000549316406,1367200.0
2026-07-06,249.30999755859375,253.2100067138672,242.02000427246094,245.0800018310547,1317500.0
2026-07-07,244.35000610351562,260.80999755859375,244.35000610351562,258.6400146484375,1590300.0
2026-07-08,257.1600036621094,271.3599853515625,254.61000061035156,264.9800109863281,1545200.0
2026-07-09,264.4100036621094,268.54998779296875,258.3399963378906,267.8500061035156,1047900.0
2026-07-10,270.69000244140625,270.7699890136719,263.3900146484375,268.07000732421875,812600.0
2026-07-13,267.7300109863281,280.760009765625,267.0,277.1300048828125,1465000.0
2026-07-14,274.5799865722656,279.5299987792969,271.20001220703125,274.9800109863281,824300.0
2026-07-15,276.4700012207031,278.5,273.1099853515625,277.1099853515625,936300.0
2026-07-16,277.6700134277344,282.8599853515625,274.94000244140625,277.8900146484375,1080000.0
2026-07-17,278.5799865722656,284.0,272.5899963378906,273.4100036621094,1716600.0
2026-07-20,273.95001220703125,279.3599853515625,270.2099914550781,278.2099914550781,849700.0
2026-07-21,278.4599914550781,280.32000732421875,272.8999938964844,274.3999938964844,872800.0
2026-07-22,276.30999755859375,291.0299987792969,275.0,281.79998779296875,1129700.0
2026-07-23,280.4700012207031,291.1700134277344,278.0,284.8599853515625,980300.0
2026-07-24,285.0799865722656,286.25,281.3399963378906,285.07000732421875,646600.0
2026-07-27,285.3399963378906,290.32000732421875,277.04998779296875,288.8699951171875,990200.0
2026-07-28,287.5899963378906,299.3699951171875,287.5899963378906,297.3900146484375,1136800.0
2026-07-29,296.3900146484375,308.8399963378906,294.5899963378906,307.80999755859375,1383200.0
2026-07-30,302.92999267578125,306.9599914550781,296.5199890136719,296.5199890136719,1633500.0
2026-07-31,287.5400085449219,311.05999755859375,287.5400085449219,310.2300109863281,1696900.0
2026-08-03,302.5299987792969,310.75,292.4700012207031,297.8299865722656,1063800.0
2026-08-04,293.3599853515625,297.0400085449219,288.0,288.4200134277344,950200.0
2026-08-05,288.29998779296875,290.8500061035156,284.510009765625,284.760009765625,935300.0
2026-08-06,290.2300109863281,290.9100036621094,284.3500061035156,289.1700134277344,931500.0
2026-08-07,284.4200134277344,290.760009765625,284.4200134277344,286.5799865722656,756000.0
2026-08-10,288.05999755859375,293.1300048828125,284.3299865722656,285.0199890136719,755300.0
2026-08-11,283.95001220703125,287.07000732421875,280.04998779296875,282.7300109863281,776000.0
2026-08-12,278.95001220703125,290.9800109863281,278.95001220703125,290.9800109863281,814200.0
2026-08-13,290.8299865722656,294.8699951171875,290.45001220703125,293.0799865722656,667800.0
2026-08-14,296.8800048828125,296.9200134277344,292.3500061035156,296.1400146484375,362600.0
2026-08-17,293.2699890136719,297.6700134277344,290.8599853515625,295.0,523800.0
2026-08-18,298.5299987792969,300.8900146484375,290.7200012207031,290.989990234375,660000.0
2026-08-19,293.25,295.75,273.3599853515625,280.75,1861400.0
2026-08-20,282.3900146484375,297.20001220703125,280.760009765625,294.1099853515625,1446800.0
2026-08-21,297.239990234375,302.760009765625,295.19000244140625,300.739990234375,1242400.0
2026-08-24,304.6199951171875,309.8299865722656,300.55999755859375,308.0899963378906,1327600.0
2026-08-25,307.07000732421875,311.0,302.5,308.82000732421875,789400.0
2026-08-26,309.29998779296875,313.489990234375,307.9800109863281,312.19000244140625,727300.0
2026-08-27,312.3399963378906,317.739990234375,310.94000244140625,313.95001220703125,836400.0
2026-08-28,315.0,316.82000732421875,307.4100036621094,310.45001220703125,953900.0
2026-08-31,309.0,310.0799865722656,299.1400146484375,300.20001220703125,2110100.0
2026-09-01,296.989990234375,309.17999267578125,296.989990234375,307.6199951171875,744100.0
2026-09-02,305.04998779296875,306.2900085449219,288.30999755859375,294.1199951171875,1182100.0
2026-09-03,296.0,300.6199951171875,290.0799865722656,298.5,1132700.0
2026-09-04,293.5,301.82000732421875,293.5,298.3800048828125,779800.0
2026-09-08,294.4800109863281,296.4200134277344,290.19000244140625,293.3299865722656,897200.0
2026-09-09,291.44000244140625,297.9800109863281,287.79998779296875,291.8699951171875,1023700.0
2026-09-10,290.989990234375,295.8999938964844,283.3800048828125,287.489990234375,865600.0
2026-09-11,290.989990234375,290.989990234375,279.8900146484375,281.0400085449219,750400.0
2026-09-14,285.0400085449219,287.1700134277344,282.1199951171875,284.5,868400.0
2026-09-15,281.30999755859375,282.7099914550781,270.04998779296875,270.44000244140625,1067700.0
2026-09-16,268.4800109863281,276.20001220703125,266.1400146484375,270.42999267578125,1151200.0
2026-09-17,267.20001220703125,268.4100036621094,264.9100036621094,266.6700134277344,730600.0
2026-09-18,270.1300048828125,273.82000732421875,265.1700134277344,272.8599853515625,1873600.0
2026-09-21,271.3800048828125,275.760009765625,268.6499938964844,271.42999267578125,1028600.0
2026-09-23,265.25,273.3399963378906,265.25,268.8699951171875,830200.0
2026-09-24,268.8699951171875,270.5299987792969,265.760009765625,267.57000732421875,535300.0
