date,open,high,low,close,volume
2016-09-26,97.30000305175781,98.13999938964844,96.72000122070312,97.63999938964844,6213100.0
2016-09-27,98.1500015258789,98.19999694824219,96.61000061035156,96.83999633789062,1821200.0
2016-09-28,99.16000366210938,99.83999633789062,98.61000061035156,99.26000213623047,2878400.0
2016-09-29,98.83000183105469,99.13999938964844,97.12999725341797,98.0,2346900.0
2016-09-30,98.5,99.43000030517578,96.27999877929688,97.12000274658203,2945800.0
2016-10-03,96.76000213623047,96.76000213623047,93.75,94.5999984741211,1594500.0
2016-10-04,93.98999786376953,94.0,91.19000244140625,92.18000030517578,2092200.0
2016-10-05,92.26000213623047,92.5,89.5999984741211,90.83000183105469,1788000.0
2016-10-06,90.12999725341797,91.97000122070312,89.18000030517578,90.98999786376953,1800600.0
2016-10-07,91.44000244140625,93.7699966430664,90.7300033569336,91.62000274658203,1293600.0
2016-10-10,91.66000366210938,93.05999755859375,91.66000366210938,92.5,1146000.0
2016-10-11,92.41000366210938,92.7300033569336,91.08000183105469,91.5199966430664,693500.0
2016-10-12,91.70999908447266,93.41000366210938,91.20999908447266,93.31999969482422,895300.0
2016-10-13,93.05999755859375,94.70999908447266,92.44999694824219,94.58000183105469,1221900.0
2016-10-14,94.69999694824219,95.69999694824219,93.69000244140625,94.70999908447266,1044100.0
2016-10-17,94.76000213623047,95.30000305175781,94.33999633789062,94.94000244140625,714200.0
2016-10-18,95.75,97.11000061035156,95.05999755859375,96.56999969482422,939700.0
2016-10-19,96.75,97.11000061035156,95.43000030517578,96.5,795700.0
2016-10-20,96.41999816894531,97.18000030517578,95.81999969482422,96.01000213623047,898600.0
2016-10-21,95.2699966430664,96.19999694824219,95.02999877929688,95.68000030517578,756700.0
2016-10-24,96.41000366210938,97.12000274658203,95.31999969482422,95.9800033569336,995000.0
2016-10-25,96.16999816894531,97.02999877929688,94.76000213623047,96.9000015258789,929300.0
2016-10-26,96.2699966430664,97.16999816894531,95.61000061035156,96.55000305175781,1578900.0
2016-10-27,97.66000366210938,97.66000366210938,90.6500015258789,92.0199966430664,2288600.0
2016-10-28,92.12000274658203,93.87000274658203,90.51000213623047,92.61000061035156,1597400.0
2016-10-31,93.11000061035156,93.62000274658203,91.95999908447266,93.43000030517578,1187200.0
2016-11-01,93.43000030517578,93.70999908447266,89.33999633789062,89.77999877929688,1665000.0
2016-11-02,89.87000274658203,90.29000091552734,88.19000244140625,88.20999908447266,1680500.0
2016-11-03,88.16999816894531,88.83999633789062,86.55999755859375,88.69999694824219,1679500.0
2016-11-04,88.91999816894531,91.0999984741211,88.41999816894531,90.83000183105469,1418700.0
2016-11-07,92.04000091552734,94.0199966430664,92.04000091552734,93.30999755859375,2064000.0
2016-11-08,93.62999725341797,95.47000122070312,92.37000274658203,94.87999725341797,1845700.0
2016-11-09,92.06999969482422,93.12999725341797,90.23999786376953,91.2300033569336,2363000.0
2016-11-10,90.83999633789062,91.31999969482422,87.43000030517578,88.2300033569336,3058300.0
2016-11-11,88.2300033569336,89.45999908447266,87.12000274658203,87.93000030517578,3516800.0
2016-11-14,87.77999877929688,89.98999786376953,85.62999725341797,89.97000122070312,2071600.0
2016-11-15,90.0999984741211,92.08999633789062,89.72000122070312,90.61000061035156,1452800.0
2016-11-16,89.9800033569336,90.37999725341797,88.1500015258789,89.13999938964844,1434200.0
2016-11-17,89.11000061035156,89.79000091552734,86.19000244140625,87.54000091552734,1985500.0
2016-11-18,87.94999694824219,89.16999816894531,86.69999694824219,88.94000244140625,1654600.0
2016-11-21,89.69999694824219,90.87000274658203,89.04000091552734,89.30000305175781,1381600.0
2016-11-22,89.79000091552734,92.0999984741211,89.19999694824219,91.98999786376953,1501800.0
2016-11-23,91.22000122070312,92.0,89.04000091552734,89.69999694824219,1213400.0
2016-11-25,89.73999786376953,91.4000015258789,89.6500015258789,90.94999694824219,518400.0
2016-11-28,90.93000030517578,91.94999694824219,90.5,91.52999877929688,895200.0
2016-11-29,91.70999908447266,94.08999633789062,91.6500015258789,93.5,1482400.0
2016-11-30,92.97000122070312,92.97000122070312,91.62999725341797,92.33000183105469,1722200.0
2016-12-01,91.58999633789062,92.12000274658203,88.22000122070312,88.63999938964844,2081700.0
2016-12-02,88.66000366210938,90.81999969482422,88.6500015258789,89.0999984741211,1218300.0
2016-12-05,89.19000244140625,90.26000213623047,89.0999984741211,89.83999633789062,984500.0
2016-12-06,90.16999816894531,91.47000122070312,89.5,89.7300033569336,1575400.0
2016-12-07,90.1500015258789,92.48999786376953,90.12000274658203,92.25,1156200.0
2016-12-08,92.9000015258789,94.44999694824219,92.41000366210938,94.20999908447266,1596500.0
2016-12-09,94.75,95.69999694824219,93.43000030517578,94.01000213623047,1211400.0
2016-12-12,93.75,96.91999816894531,93.75,96.47000122070312,2112000.0
2016-12-13,96.47000122070312,97.20999908447266,94.86000061035156,96.68000030517578,1896200.0
2016-12-14,97.0,97.08999633789062,94.4000015258789,94.52999877929688,1433300.0
2016-12-15,94.18000030517578,96.0199966430664,93.38999938964844,94.33000183105469,1289600.0
2016-12-16,95.12000274658203,96.58999633789062,94.20999908447266,94.58999633789062,3071600.0
2016-12-19,96.04000091552734,96.62999725341797,94.9000015258789,96.5999984741211,1079600.0
2016-12-20,96.58999633789062,98.13999938964844,95.36000061035156,95.75,1537500.0
2016-12-21,95.8499984741211,97.83999633789062,95.2699966430664,95.31999969482422,1171800.0
2016-12-22,95.16000366210938,96.5199966430664,94.62000274658203,96.19000244140625,815500.0
2016-12-23,96.47000122070312,97.31999969482422,96.12000274658203,96.3499984741211,1736500.0
2016-12-27,96.63999938964844,97.18000030517578,96.0,96.41999816894531,510000.0
2016-12-28,96.6500015258789,96.91000366210938,95.5,96.0199966430664,875800.0
2016-12-29,96.20999908447266,98.76000213623047,96.0999984741211,98.41000366210938,1184500.0
2016-12-30,98.1500015258789,98.79000091552734,97.4000015258789,98.26000213623047,1305800.0
2017-01-03,98.88999938964844,99.38999938964844,98.02999877929688,99.36000061035156,1412600.0
2017-01-04,99.43000030517578,103.43000030517578,99.12999725341797,102.51000213623047,2490700.0
2017-01-05,102.29000091552734,105.31999969482422,101.7699966430664,105.23999786376953,2819800.0
2017-01-06,104.88999938964844,105.2300033569336,103.69000244140625,104.04000091552734,1262300.0
2017-01-09,103.62000274658203,103.87000274658203,102.0199966430664,102.80000305175781,1494300.0
2017-01-10,103.01000213623047,103.27999877929688,101.97000122070312,102.36000061035156,1230000.0
2017-01-11,102.16999816894531,103.29000091552734,101.94999694824219,102.19999694824219,935600.0
2017-01-12,102.04000091552734,103.20999908447266,101.56999969482422,102.5,1058500.0
2017-01-13,102.23999786376953,102.94000244140625,102.08999633789062,102.29000091552734,718700.0
2017-01-17,102.88999938964844,103.7699966430664,102.5,103.33999633789062,1413000.0
2017-01-18,102.94000244140625,105.0,102.8499984741211,104.62999725341797,1854500.0
2017-01-19,103.77999877929688,104.9000015258789,103.0999984741211,104.75,983100.0
2017-01-20,105.0999984741211,106.4000015258789,105.06999969482422,105.80000305175781,1526800.0
2017-01-23,105.69999694824219,106.38999938964844,105.5199966430664,106.05000305175781,990300.0
2017-01-24,106.08999633789062,107.72000122070312,105.7699966430664,107.3499984741211,1175600.0
2017-01-25,107.30000305175781,108.0,106.5,107.38999938964844,1302400.0
2017-01-26,107.58999633789062,108.3499984741211,107.0,107.56999969482422,1296000.0
2017-01-27,107.76000213623047,107.80000305175781,105.93000030517578,106.43000030517578,849100.0
2017-01-30,106.54000091552734,106.54000091552734,105.76000213623047,106.41999816894531,774000.0
2017-01-31,106.58999633789062,108.06999969482422,106.58999633789062,107.62999725341797,1303900.0
2017-02-01,107.47000122070312,107.76000213623047,106.22000122070312,106.4000015258789,1019900.0
2017-02-02,106.69999694824219,107.5,106.22000122070312,106.87000274658203,955700.0
2017-02-03,107.72000122070312,109.0,107.38999938964844,107.75,964100.0
2017-02-06,107.37000274658203,107.61000061035156,105.54000091552734,106.88999938964844,1446500.0
2017-02-07,107.01000213623047,107.80999755859375,106.58000183105469,107.13999938964844,663200.0
2017-02-08,107.2699966430664,108.54000091552734,106.62999725341797,107.75,868100.0
2017-02-09,107.75,108.18000030517578,106.66000366210938,107.7699966430664,712800.0
2017-02-10,107.72000122070312,108.08000183105469,106.18000030517578,107.19999694824219,1801600.0
2017-02-13,107.6500015258789,107.97000122070312,107.0,107.23999786376953,1115900.0
2017-02-14,107.19999694824219,107.19999694824219,105.0,105.30000305175781,1837500.0
2017-02-15,104.86000061035156,104.86000061035156,103.44000244140625,104.43000030517578,2573500.0
2017-02-16,104.73999786376953,105.58999633789062,102.81999969482422,103.13999938964844,2274200.0
2017-02-17,105.06999969482422,106.0,101.69999694824219,104.1500015258789,2336800.0
2017-02-21,104.1500015258789,104.97000122070312,103.87999725341797,104.72000122070312,1520200.0
2017-02-22,104.61000061035156,105.80000305175781,103.2300033569336,103.69999694824219,1317300.0
2017-02-23,104.0999984741211,106.06999969482422,103.54000091552734,105.83000183105469,1299500.0
2017-02-24,105.97000122070312,108.41000366210938,105.55000305175781,107.83000183105469,1403700.0
2017-02-27,108.02999877929688,108.44000244140625,107.45999908447266,107.61000061035156,671000.0
2017-02-28,107.62999725341797,108.43000030517578,106.87000274658203,108.0,1348600.0
2017-03-01,107.43000030517578,108.55000305175781,106.2699966430664,108.04000091552734,1229500.0
2017-03-02,108.04000091552734,108.62999725341797,106.44000244140625,107.36000061035156,908300.0
2017-03-03,107.18000030517578,108.54000091552734,106.66000366210938,108.33000183105469,794400.0
2017-03-06,108.0,108.16000366210938,106.94000244140625,107.69999694824219,666800.0
2017-03-07,107.25,108.22000122070312,106.8499984741211,107.4800033569336,642100.0
2017-03-08,107.20999908447266,107.20999908447266,104.29000091552734,104.37999725341797,1769900.0
2017-03-09,104.30999755859375,104.94999694824219,103.23999786376953,103.9800033569336,1428000.0
2017-03-10,103.9800033569336,105.87999725341797,103.38999938964844,103.9000015258789,870900.0
2017-03-13,103.33000183105469,103.48999786376953,101.8499984741211,103.16000366210938,1121500.0
2017-03-14,103.1500015258789,103.16000366210938,102.11000061035156,102.4000015258789,862300.0
2017-03-15,103.0,104.7699966430664,103.0,104.51000213623047,2187900.0
2017-03-16,104.4000015258789,104.8499984741211,102.94999694824219,103.41000366210938,1157900.0
2017-03-17,103.5999984741211,104.27999877929688,102.87999725341797,102.88999938964844,1790700.0
2017-03-20,102.94999694824219,104.37999725341797,102.94000244140625,103.7300033569336,1261900.0
2017-03-21,104.11000061035156,105.0,103.3499984741211,103.45999908447266,885300.0
2017-03-22,104.0999984741211,104.87999725341797,103.44999694824219,104.62999725341797,970600.0
2017-03-23,104.61000061035156,105.81999969482422,104.16000366210938,104.9000015258789,762900.0
2017-03-24,105.11000061035156,105.5199966430664,103.66999816894531,103.73999786376953,1230600.0
2017-03-27,103.55000305175781,103.94000244140625,102.19000244140625,102.80000305175781,678300.0
2017-03-28,103.0,103.63999938964844,102.22000122070312,103.5,664600.0
2017-03-29,103.45999908447266,105.5,103.37999725341797,105.37000274658203,1140300.0
2017-03-30,105.01000213623047,105.75,104.54000091552734,105.44000244140625,791600.0
2017-03-31,105.12999725341797,106.66999816894531,105.02999877929688,106.38999938964844,1157200.0
2017-04-03,106.4000015258789,106.62000274658203,105.16999816894531,106.19000244140625,896100.0
2017-04-04,106.19999694824219,106.44999694824219,105.55000305175781,105.87999725341797,695600.0
2017-04-05,105.79000091552734,107.77999877929688,105.56999969482422,106.87999725341797,831600.0
2017-04-06,106.97000122070312,108.31999969482422,106.33999633789062,108.2300033569336,933700.0
2017-04-07,108.12999725341797,109.41000366210938,107.80000305175781,108.69999694824219,887000.0
2017-04-10,108.66000366210938,109.55000305175781,108.4000015258789,109.30000305175781,953500.0
2017-04-11,109.38999938964844,109.80000305175781,108.66999816894531,109.41999816894531,637000.0
2017-04-12,109.44000244140625,110.0,109.0199966430664,109.91999816894531,797400.0
2017-04-13,109.91999816894531,110.11000061035156,109.36000061035156,109.61000061035156,577800.0
2017-04-17,109.94999694824219,111.25,109.55999755859375,111.23999786376953,689100.0
2017-04-18,111.11000061035156,112.33000183105469,110.91000366210938,112.0,1423000.0
2017-04-19,112.0,113.13999938964844,111.63999938964844,113.0199966430664,1158000.0
2017-04-20,113.02999877929688,113.58000183105469,112.62000274658203,113.27999877929688,1058400.0
2017-04-21,113.16999816894531,113.72000122070312,112.72000122070312,112.87999725341797,823500.0
2017-04-24,113.2699966430664,113.68000030517578,111.26000213623047,111.94999694824219,1425500.0
2017-04-25,112.19999694824219,112.62999725341797,111.9000015258789,112.08999633789062,633400.0
2017-04-26,111.9000015258789,111.94000244140625,111.0999984741211,111.22000122070312,789900.0
2017-04-27,111.22000122070312,113.55000305175781,111.22000122070312,113.29000091552734,1106000.0
2017-04-28,113.0,115.47000122070312,112.75,114.83999633789062,1891500.0
2017-05-01,115.19999694824219,115.3499984741211,113.70999908447266,114.26000213623047,1287600.0
2017-05-02,114.41999816894531,114.5,112.4000015258789,112.7699966430664,1129900.0
2017-05-03,113.37000274658203,113.37000274658203,111.4800033569336,111.51000213623047,986500.0
2017-05-04,111.43000030517578,111.91000366210938,110.25,111.87000274658203,1154800.0
2017-05-05,112.05000305175781,113.87000274658203,112.05000305175781,113.80999755859375,650800.0
2017-05-08,114.16999816894531,114.26000213623047,112.61000061035156,113.54000091552734,691900.0
2017-05-09,113.69999694824219,114.5999984741211,113.16999816894531,114.0,823600.0
2017-05-10,113.94999694824219,114.91000366210938,113.70999908447266,114.43000030517578,656500.0
2017-05-11,114.12000274658203,114.47000122070312,113.36000061035156,113.66999816894531,610600.0
2017-05-12,113.63999938964844,115.30999755859375,113.44999694824219,115.08000183105469,683000.0
2017-05-15,114.98999786376953,116.08000183105469,114.75,115.95999908447266,774100.0
2017-05-16,115.83000183105469,115.97000122070312,114.62000274658203,115.22000122070312,593100.0
2017-05-17,113.55999755859375,115.9800033569336,112.68000030517578,115.20999908447266,1186600.0
2017-05-18,115.20999908447266,115.20999908447266,113.36000061035156,114.66000366210938,852600.0
2017-05-19,114.69999694824219,115.91000366210938,114.13999938964844,114.83999633789062,813200.0
2017-05-22,115.18000030517578,116.62999725341797,114.44999694824219,115.87999725341797,992200.0
2017-05-23,116.23999786376953,116.56999969482422,115.83000183105469,116.19000244140625,697200.0
2017-05-24,116.31999969482422,117.76000213623047,116.31999969482422,117.16999816894531,708800.0
2017-05-25,117.36000061035156,119.45999908447266,116.80000305175781,118.76000213623047,828700.0
2017-05-26,118.86000061035156,119.13999938964844,116.95999908447266,117.80999755859375,502800.0
2017-05-30,117.36000061035156,118.55999755859375,117.3499984741211,118.0,580900.0
2017-05-31,118.12000274658203,118.93000030517578,117.41999816894531,118.19000244140625,1146300.0
2017-06-01,118.18000030517578,118.5,117.47000122070312,117.80000305175781,1283500.0
2017-06-02,118.29000091552734,119.7699966430664,118.19000244140625,119.7699966430664,780900.0
2017-06-05,119.72000122070312,119.91999816894531,118.45999908447266,118.95999908447266,741900.0
2017-06-06,119.01000213623047,120.04000091552734,118.45999908447266,118.83000183105469,569400.0
2017-06-07,118.9000015258789,119.5,117.7699966430664,118.0199966430664,994900.0
2017-06-08,118.0199966430664,118.94999694824219,115.0999984741211,116.75,1058800.0
2017-06-09,113.94999694824219,117.98999786376953,111.66999816894531,113.31999969482422,7069000.0
2017-06-12,113.27999877929688,114.72000122070312,110.87000274658203,114.69999694824219,3072300.0
2017-06-13,113.80000305175781,115.38999938964844,113.0999984741211,115.36000061035156,1704100.0
2017-06-14,116.56999969482422,118.69999694824219,115.33999633789062,117.44999694824219,2163600.0
2017-06-15,117.0,118.54000091552734,116.52999877929688,117.75,1226000.0
2017-06-16,118.0199966430664,118.18000030517578,115.95999908447266,116.61000061035156,1832000.0
2017-06-19,117.47000122070312,117.47000122070312,115.45999908447266,116.55000305175781,1312500.0
2017-06-20,116.58999633789062,117.83000183105469,116.31999969482422,117.63999938964844,1237900.0
2017-06-21,117.52999877929688,119.16999816894531,117.47000122070312,119.08000183105469,1373800.0
2017-06-22,119.13999938964844,120.69000244140625,118.30000305175781,120.41999816894531,1802000.0
2017-06-23,120.2699966430664,121.5,120.08000183105469,120.54000091552734,2166400.0
2017-06-26,120.98999786376953,121.52999877929688,119.79000091552734,120.1500015258789,1573600.0
2017-06-27,119.87000274658203,120.0,116.58000183105469,116.63999938964844,1524300.0
2017-06-28,116.88999938964844,117.06999969482422,114.69999694824219,115.36000061035156,1460900.0
2017-06-29,114.91999816894531,115.1500015258789,111.8499984741211,112.93000030517578,1749600.0
2017-06-30,112.76000213623047,113.56999969482422,112.3499984741211,112.94999694824219,1977200.0
2017-07-03,113.54000091552734,113.77999877929688,111.94000244140625,113.30999755859375,684700.0
2017-07-05,113.16999816894531,113.7300033569336,110.33999633789062,111.0,1375200.0
2017-07-06,110.54000091552734,110.93000030517578,108.7300033569336,109.36000061035156,1125600.0
2017-07-07,109.69999694824219,111.0,109.3499984741211,110.1500015258789,879300.0
2017-07-10,110.38999938964844,111.26000213623047,110.0199966430664,110.05999755859375,1242500.0
2017-07-11,109.98999786376953,110.63999938964844,109.02999877929688,109.5999984741211,1065100.0
2017-07-12,110.38999938964844,112.2300033569336,109.9800033569336,112.0,1116800.0
2017-07-13,111.94999694824219,112.79000091552734,111.37999725341797,112.5,1203000.0
2017-07-14,113.22000122070312,114.19999694824219,112.0999984741211,112.43000030517578,948200.0
2017-07-17,112.13999938964844,112.77999877929688,111.58000183105469,112.70999908447266,1225000.0
2017-07-18,112.58999633789062,113.45999908447266,112.2699966430664,113.01000213623047,939400.0
2017-07-19,112.55999755859375,113.18000030517578,111.4800033569336,112.3499984741211,1257300.0
2017-07-20,112.5,113.12000274658203,112.04000091552734,112.11000061035156,1201600.0
2017-07-21,112.08999633789062,112.73999786376953,111.7699966430664,112.45999908447266,608800.0
2017-07-24,112.5,113.6500015258789,112.01000213623047,113.25,711700.0
2017-07-25,113.4000015258789,113.4000015258789,111.88999938964844,112.44000244140625,762400.0
2017-07-26,112.38999938964844,113.5,112.11000061035156,113.31999969482422,634900.0
2017-07-27,113.31999969482422,114.66999816894531,112.37999725341797,114.1500015258789,1508100.0
2017-07-28,114.11000061035156,114.88999938964844,112.19999694824219,113.18000030517578,1406300.0
2017-07-31,113.0,115.44000244140625,112.69999694824219,115.33999633789062,1521000.0
2017-08-01,115.44999694824219,118.23999786376953,115.41000366210938,117.58999633789062,2193700.0
2017-08-02,117.55000305175781,117.55999755859375,116.1500015258789,117.12999725341797,1230900.0
2017-08-03,117.11000061035156,117.19999694824219,115.05000305175781,115.75,1043700.0
2017-08-04,115.70999908447266,116.43000030517578,114.9000015258789,115.19999694824219,795200.0
2017-08-07,115.19999694824219,115.37000274658203,114.12000274658203,114.55999755859375,673300.0
2017-08-08,114.31999969482422,114.56999969482422,113.38999938964844,113.7699966430664,825100.0
2017-08-09,114.0,114.62000274658203,113.44000244140625,114.41000366210938,656900.0
2017-08-10,114.08000183105469,114.52999877929688,112.81999969482422,112.8499984741211,1471700.0
2017-08-11,113.04000091552734,113.16999816894531,110.66999816894531,111.81999969482422,1282700.0
2017-08-14,112.54000091552734,115.12999725341797,112.30000305175781,114.8499984741211,1019800.0
2017-08-15,114.72000122070312,115.16000366210938,113.58000183105469,115.12999725341797,716400.0
2017-08-16,115.13999938964844,116.83999633789062,115.01000213623047,116.48999786376953,902400.0
2017-08-17,116.37999725341797,116.87000274658203,115.30000305175781,115.48999786376953,910900.0
2017-08-18,115.16999816894531,115.47000122070312,113.88999938964844,114.86000061035156,802500.0
2017-08-21,115.0,116.80000305175781,114.69000244140625,116.44000244140625,717900.0
2017-08-22,116.45999908447266,118.06999969482422,116.19000244140625,117.62999725341797,806000.0
2017-08-23,117.58999633789062,118.58000183105469,117.04000091552734,118.13999938964844,702700.0
2017-08-24,118.37999725341797,118.86000061035156,117.6500015258789,117.94000244140625,1034700.0
2017-08-25,118.62000274658203,118.80000305175781,117.56999969482422,118.13999938964844,646600.0
2017-08-28,118.29000091552734,118.88999938964844,116.9000015258789,117.56999969482422,793200.0
2017-08-29,117.55000305175781,118.0,116.7699966430664,117.37000274658203,859000.0
2017-08-30,117.12000274658203,118.05999755859375,117.02999877929688,118.05999755859375,500800.0
2017-08-31,118.30000305175781,119.0,117.88999938964844,118.33999633789062,1093400.0
2017-09-01,118.41999816894531,118.41999816894531,117.23999786376953,117.70999908447266,702300.0
2017-09-05,117.73999786376953,119.23999786376953,117.08999633789062,119.18000030517578,1011800.0
2017-09-06,119.44999694824219,120.20999908447266,118.45999908447266,119.69000244140625,1199000.0
2017-09-07,119.97000122070312,122.12999725341797,119.45999908447266,121.43000030517578,1552000.0
2017-09-08,120.70999908447266,121.22000122070312,120.01000213623047,120.62999725341797,960200.0
2017-09-11,121.7699966430664,127.2300033569336,121.7699966430664,126.04000091552734,2940000.0
2017-09-12,125.9000015258789,126.51000213623047,123.80999755859375,124.77999877929688,2026300.0
2017-09-13,124.47000122070312,124.69999694824219,120.01000213623047,121.54000091552734,4572600.0
2017-09-14,120.8499984741211,121.05000305175781,118.5,120.93000030517578,2744600.0
2017-09-15,120.79000091552734,121.08999633789062,117.0,117.58999633789062,9754100.0
2017-09-18,117.72000122070312,118.02999877929688,116.16999816894531,117.0999984741211,2023700.0
2017-09-19,117.20999908447266,117.44999694824219,115.6500015258789,117.26000213623047,2015800.0
2017-09-20,117.6500015258789,117.75,114.1500015258789,114.94999694824219,1728700.0
2017-09-21,115.13999938964844,117.62000274658203,115.01000213623047,116.2300033569336,2074300.0
2017-09-22,116.4000015258789,116.55000305175781,113.9000015258789,114.51000213623047,2041000.0
2017-09-25,114.51000213623047,114.73999786376953,113.75,114.22000122070312,1335500.0
2017-09-26,114.19999694824219,114.33000183105469,113.20999908447266,113.29000091552734,1418900.0
2017-09-27,113.04000091552734,115.26000213623047,112.13999938964844,115.25,1886700.0
2017-09-28,114.77999877929688,116.18000030517578,114.44000244140625,116.16000366210938,1341500.0
2017-09-29,115.83999633789062,118.5999984741211,115.79000091552734,118.33000183105469,2152900.0
2017-10-02,118.66000366210938,119.30000305175781,118.16999816894531,118.45999908447266,1485400.0
2017-10-03,118.33000183105469,118.55999755859375,116.36000061035156,116.5,1060100.0
2017-10-04,116.18000030517578,117.08000183105469,115.06999969482422,117.05000305175781,1654800.0
2017-10-05,117.05000305175781,118.44000244140625,116.26000213623047,118.41000366210938,1388400.0
2017-10-06,118.0999984741211,118.38999938964844,117.08999633789062,118.22000122070312,1224500.0
2017-10-09,118.20999908447266,119.33000183105469,118.11000061035156,118.95999908447266,685100.0
2017-10-10,119.2300033569336,120.72000122070312,118.87999725341797,119.76000213623047,1121500.0
2017-10-11,119.73999786376953,121.16999816894531,119.47000122070312,120.62000274658203,1057000.0
2017-10-12,121.19999694824219,122.77999877929688,120.80999755859375,122.75,972700.0
2017-10-13,123.0,123.18000030517578,121.38999938964844,121.77999877929688,1026200.0
2017-10-16,121.51000213623047,122.19000244140625,121.16999816894531,121.73999786376953,1243600.0
2017-10-17,121.58000183105469,123.13999938964844,121.45999908447266,122.72000122070312,1202000.0
2017-10-18,122.51000213623047,123.94000244140625,122.33000183105469,123.8499984741211,900900.0
2017-10-19,123.06999969482422,123.98999786376953,122.5,123.87999725341797,800400.0
2017-10-20,124.0,124.16000366210938,123.0,123.38999938964844,774100.0
2017-10-23,122.16000366210938,123.58000183105469,120.05999755859375,120.22000122070312,1610000.0
2017-10-24,120.33999633789062,121.58999633789062,119.77999877929688,121.19000244140625,1214800.0
2017-10-25,121.01000213623047,123.5,121.01000213623047,122.9800033569336,1794400.0
2017-10-26,122.8499984741211,123.5,115.5999984741211,115.80999755859375,2865400.0
2017-10-27,115.62000274658203,117.0999984741211,114.51000213623047,116.55000305175781,1380400.0
2017-10-30,116.55000305175781,118.5,116.45999908447266,117.58999633789062,970700.0
2017-10-31,117.73999786376953,118.55000305175781,116.8499984741211,118.44000244140625,961100.0
2017-11-01,118.8499984741211,118.8499984741211,116.86000061035156,116.94000244140625,934100.0
2017-11-02,117.29000091552734,119.30000305175781,116.97000122070312,118.7699966430664,1412800.0
2017-11-03,118.1500015258789,119.6500015258789,117.61000061035156,119.05999755859375,765600.0
2017-11-06,119.66999816894531,122.08000183105469,119.66999816894531,121.83000183105469,992200.0
2017-11-07,121.55999755859375,122.0199966430664,120.4800033569336,122.01000213623047,1131200.0
2017-11-08,121.9800033569336,123.98999786376953,121.4000015258789,123.5,1454100.0
2017-11-09,123.16999816894531,123.37999725341797,122.0999984741211,122.23999786376953,732800.0
2017-11-10,121.86000061035156,121.94999694824219,120.4800033569336,120.8499984741211,988900.0
2017-11-13,121.20999908447266,123.83999633789062,120.68000030517578,122.69999694824219,1012800.0
2017-11-14,122.27999877929688,123.41999816894531,121.66000366210938,122.72000122070312,1065500.0
2017-11-15,123.0999984741211,123.2699966430664,119.98999786376953,120.1500015258789,689500.0
2017-11-16,120.16999816894531,121.25,119.61000061035156,120.2699966430664,1364900.0
2017-11-17,119.75,120.0,117.83999633789062,118.11000061035156,800900.0
2017-11-20,118.0999984741211,118.61000061035156,117.33999633789062,117.41000366210938,909000.0
2017-11-21,117.62999725341797,118.48999786376953,117.05999755859375,118.27999877929688,1217800.0
2017-11-22,118.36000061035156,118.68000030517578,117.0,117.20999908447266,688800.0
2017-11-24,117.3499984741211,117.9000015258789,116.55999755859375,117.54000091552734,359200.0
2017-11-27,117.87000274658203,118.31999969482422,117.37999725341797,118.05999755859375,1177300.0
2017-11-28,117.91999816894531,118.94000244140625,117.54000091552734,118.52999877929688,1198900.0
2017-11-29,118.3499984741211,118.66000366210938,115.9000015258789,116.98999786376953,1799800.0
2017-11-30,117.4000015258789,118.08999633789062,116.4800033569336,116.69999694824219,3501800.0
2017-12-01,117.11000061035156,118.81999969482422,116.19999694824219,118.80999755859375,1108600.0
2017-12-04,118.69000244140625,118.80000305175781,110.48999786376953,110.58999633789062,2484900.0
2017-12-05,110.48999786376953,113.75,110.08999633789062,113.0199966430664,1828100.0
2017-12-06,112.56999969482422,113.88999938964844,112.16000366210938,112.63999938964844,1001100.0
2017-12-07,112.73999786376953,114.88999938964844,111.77999877929688,114.13999938964844,1210900.0
2017-12-08,114.81999969482422,115.83000183105469,114.30000305175781,114.80999755859375,1077000.0
2017-12-11,114.70999908447266,115.08999633789062,113.55000305175781,114.94999694824219,860300.0
2017-12-12,114.83999633789062,115.44000244140625,113.4800033569336,114.9000015258789,1110200.0
2017-12-13,115.13999938964844,115.93000030517578,115.0199966430664,115.30999755859375,1226000.0
2017-12-14,114.20999908447266,115.62999725341797,114.08000183105469,115.2699966430664,765100.0
2017-12-15,116.12999725341797,116.16999816894531,114.33000183105469,114.45999908447266,2215500.0
2017-12-18,115.01000213623047,115.26000213623047,114.04000091552734,114.0999984741211,910700.0
2017-12-19,114.33999633789062,114.61000061035156,111.66000366210938,111.77999877929688,1450500.0
2017-12-20,111.27999877929688,111.77999877929688,110.06999969482422,110.41999816894531,1620000.0
2017-12-21,110.52999877929688,110.87999725341797,109.19000244140625,109.30999755859375,988700.0
2017-12-22,110.45999908447266,111.38999938964844,109.56999969482422,110.9800033569336,1270800.0
2017-12-26,111.05999755859375,112.31999969482422,110.38999938964844,111.58999633789062,648700.0
2017-12-27,111.83999633789062,113.5199966430664,111.80000305175781,112.5,920000.0
2017-12-28,112.4000015258789,114.06999969482422,112.3499984741211,114.02999877929688,1010000.0
2017-12-29,114.30000305175781,114.70999908447266,113.80999755859375,113.9000015258789,690900.0
2018-01-02,114.04000091552734,114.20999908447266,111.9800033569336,112.66000366210938,1224400.0
2018-01-03,113.19000244140625,115.08000183105469,113.0999984741211,113.69000244140625,1472800.0
2018-01-04,113.51000213623047,113.80999755859375,112.01000213623047,112.27999877929688,1458500.0
2018-01-05,112.87999725341797,113.70999908447266,112.58999633789062,113.0,1066900.0
2018-01-08,113.0,114.69999694824219,112.98999786376953,114.1500015258789,834700.0
2018-01-09,114.26000213623047,114.55000305175781,112.5,112.5999984741211,947300.0
2018-01-10,112.62999725341797,112.70999908447266,109.0,109.54000091552734,1650600.0
2018-01-11,109.83999633789062,109.98999786376953,107.2300033569336,107.94000244140625,1714600.0
2018-01-12,107.38999938964844,107.87000274658203,104.72000122070312,105.77999877929688,1907400.0
2018-01-16,106.51000213623047,109.7300033569336,106.4800033569336,107.4800033569336,1889100.0
2018-01-17,107.0999984741211,107.83000183105469,104.5199966430664,107.01000213623047,2365700.0
2018-01-18,106.26000213623047,107.56999969482422,105.9000015258789,106.95999908447266,1839500.0
2018-01-19,107.23999786376953,107.5,106.0999984741211,107.30000305175781,1467500.0
2018-01-22,107.38999938964844,109.3499984741211,107.11000061035156,109.33999633789062,1565800.0
2018-01-23,109.4800033569336,111.63999938964844,108.62000274658203,111.11000061035156,1445500.0
2018-01-24,111.11000061035156,111.41999816894531,110.25,110.8499984741211,1021700.0
2018-01-25,110.73999786376953,111.88999938964844,110.62000274658203,111.41000366210938,1156800.0
2018-01-26,111.62999725341797,112.05000305175781,110.9800033569336,111.6500015258789,1375500.0
2018-01-29,112.43000030517578,112.43000030517578,107.30999755859375,107.37000274658203,1413200.0
2018-01-30,107.0199966430664,107.69999694824219,106.41000366210938,106.55999755859375,1471000.0
2018-01-31,106.75,112.06999969482422,106.75,111.94999694824219,2538100.0
2018-02-01,111.95999908447266,112.2300033569336,107.44999694824219,107.9800033569336,1784900.0
2018-02-02,106.72000122070312,108.02999877929688,105.4000015258789,107.70999908447266,1562400.0
2018-02-05,107.25,108.91000366210938,104.33000183105469,104.33000183105469,1868000.0
2018-02-06,103.36000061035156,105.08000183105469,101.0999984741211,104.5,2238500.0
2018-02-07,104.2300033569336,106.69999694824219,103.91000366210938,104.16999816894531,1335700.0
2018-02-08,104.16999816894531,104.48999786376953,98.91000366210938,98.95999908447266,2088800.0
2018-02-09,99.5,102.91999816894531,98.27999877929688,102.20999908447266,1988000.0
2018-02-12,102.80999755859375,105.06999969482422,100.0,105.05000305175781,2390100.0
2018-02-13,104.83000183105469,105.5999984741211,103.33999633789062,105.12000274658203,1618000.0
2018-02-14,104.88999938964844,105.56999969482422,103.0999984741211,105.2699966430664,1726300.0
2018-02-15,105.44000244140625,105.77999877929688,103.08000183105469,105.44999694824219,2392400.0
2018-02-16,102.30999755859375,105.3499984741211,101.18000030517578,102.19999694824219,2253600.0
2018-02-20,101.41000366210938,102.43000030517578,99.37000274658203,99.58000183105469,1999900.0
2018-02-21,99.55000305175781,99.55000305175781,97.04000091552734,97.94999694824219,2908500.0
2018-02-22,98.01000213623047,101.25,98.01000213623047,100.83000183105469,2092300.0
2018-02-23,101.25,102.7699966430664,100.26000213623047,102.19999694824219,1441200.0
2018-02-26,102.48999786376953,102.93000030517578,101.05999755859375,101.58000183105469,1300600.0
2018-02-27,101.58999633789062,102.3499984741211,99.2699966430664,100.30000305175781,2287900.0
2018-02-28,100.91000366210938,101.62000274658203,99.62000274658203,100.63999938964844,1629900.0
2018-03-01,100.05000305175781,101.23999786376953,98.43000030517578,98.9000015258789,1298000.0
2018-03-02,98.47000122070312,98.48999786376953,96.55999755859375,98.22000122070312,1461600.0
2018-03-05,97.54000091552734,100.79000091552734,97.47000122070312,100.36000061035156,1153200.0
2018-03-06,100.37000274658203,101.9000015258789,100.16999816894531,101.18000030517578,1059700.0
2018-03-07,100.98999786376953,103.29000091552734,100.7300033569336,103.05999755859375,1699400.0
2018-03-08,103.02999877929688,103.81999969482422,102.13999938964844,103.72000122070312,1257400.0
2018-03-09,103.75,104.16999816894531,101.9000015258789,103.13999938964844,1162000.0
2018-03-12,103.66999816894531,105.12000274658203,103.52999877929688,104.3499984741211,1670200.0
2018-03-13,104.72000122070312,105.94999694824219,104.66000366210938,105.66000366210938,1425100.0
2018-03-14,105.13999938964844,105.69999694824219,104.56999969482422,105.47000122070312,1606000.0
2018-03-15,105.68000030517578,105.88999938964844,104.68000030517578,105.33000183105469,839000.0
2018-03-16,105.12000274658203,106.61000061035156,104.83999633789062,106.37000274658203,1502600.0
2018-03-19,106.30999755859375,106.37000274658203,104.0,104.75,1269500.0
2018-03-20,104.81999969482422,105.47000122070312,104.44999694824219,104.97000122070312,882300.0
2018-03-21,104.77999877929688,105.30000305175781,102.98999786376953,103.37000274658203,1308400.0
2018-03-22,102.9800033569336,104.91999816894531,102.37999725341797,102.91000366210938,1394200.0
2018-03-23,103.33000183105469,104.29000091552734,102.01000213623047,102.30000305175781,1603800.0
2018-03-26,103.02999877929688,103.33999633789062,101.0199966430664,102.0999984741211,979300.0
2018-03-27,102.44000244140625,104.36000061035156,101.30999755859375,102.70999908447266,1055400.0
2018-03-28,103.3499984741211,105.26000213623047,103.30999755859375,105.04000091552734,1035300.0
2018-03-29,105.08999633789062,105.86000061035156,104.62999725341797,105.37999725341797,1097500.0
2018-04-02,105.55999755859375,105.66999816894531,102.0,102.93000030517578,955700.0
2018-04-03,102.97000122070312,103.58999633789062,101.7300033569336,103.0199966430664,847300.0
2018-04-04,102.4800033569336,104.97000122070312,102.13999938964844,104.5999984741211,777000.0
2018-04-05,104.63999938964844,105.38999938964844,103.54000091552734,105.20999908447266,639200.0
2018-04-06,105.29000091552734,106.05999755859375,103.94000244140625,104.30000305175781,839600.0
2018-04-09,104.38999938964844,105.98999786376953,104.08000183105469,104.37999725341797,746400.0
2018-04-10,104.68000030517578,105.01000213623047,102.69999694824219,103.4800033569336,906200.0
2018-04-11,103.41999816894531,105.44000244140625,103.23999786376953,104.55000305175781,1243100.0
2018-04-12,104.76000213623047,104.76000213623047,100.5,100.98999786376953,1519600.0
2018-04-13,101.33999633789062,102.56999969482422,101.33999633789062,102.44000244140625,754100.0
2018-04-16,102.83000183105469,103.70999908447266,102.02999877929688,103.19000244140625,696500.0
2018-04-17,103.4800033569336,105.76000213623047,102.66000366210938,104.51000213623047,772200.0
2018-04-18,104.61000061035156,105.06999969482422,103.95999908447266,104.12000274658203,490000.0
2018-04-19,103.88999938964844,103.88999938964844,102.13999938964844,103.16999816894531,712100.0
2018-04-20,103.31999969482422,103.93000030517578,102.0999984741211,102.31999969482422,729000.0
2018-04-23,102.2699966430664,103.11000061035156,101.4800033569336,101.79000091552734,991100.0
2018-04-24,102.19999694824219,102.4000015258789,100.91000366210938,101.41000366210938,1062200.0
2018-04-25,101.29000091552734,101.81999969482422,100.7699966430664,101.47000122070312,801700.0
2018-04-26,101.70999908447266,104.04000091552734,101.37999725341797,103.5,959400.0
2018-04-27,102.51000213623047,108.4000015258789,102.51000213623047,107.80000305175781,1804900.0
2018-04-30,107.91999816894531,108.38999938964844,105.16999816894531,105.69000244140625,1502200.0
2018-05-01,105.31999969482422,105.88999938964844,104.56999969482422,105.01000213623047,1463300.0
2018-05-02,104.7300033569336,105.91999816894531,104.31999969482422,105.33999633789062,1180800.0
2018-05-03,105.27999877929688,105.73999786376953,103.66999816894531,104.97000122070312,1222500.0
2018-05-04,104.73999786376953,106.62999725341797,104.4800033569336,106.38999938964844,921500.0
2018-05-07,106.31999969482422,106.91000366210938,105.61000061035156,106.66000366210938,918400.0
2018-05-08,106.5,106.5,103.73999786376953,104.54000091552734,1868300.0
2018-05-09,104.48999786376953,106.05000305175781,104.19999694824219,105.91999816894531,938300.0
2018-05-10,106.58999633789062,108.91000366210938,106.0999984741211,108.3499984741211,1401900.0
2018-05-11,108.63999938964844,109.77999877929688,108.4800033569336,108.79000091552734,1325200.0
2018-05-14,108.4800033569336,109.26000213623047,107.51000213623047,108.2300033569336,1394300.0
2018-05-15,107.58000183105469,107.58000183105469,106.26000213623047,107.2300033569336,1523300.0
2018-05-16,107.4800033569336,107.4800033569336,106.22000122070312,106.9000015258789,1043400.0
2018-05-17,106.88999938964844,106.91999816894531,105.0199966430664,105.5,1742500.0
2018-05-18,105.5,106.97000122070312,104.48999786376953,105.23999786376953,1467000.0
2018-05-21,105.5999984741211,106.91999816894531,104.87999725341797,106.58999633789062,837400.0
2018-05-22,106.45999908447266,106.73999786376953,105.7300033569336,106.33999633789062,949600.0
2018-05-23,106.44999694824219,107.29000091552734,105.88999938964844,106.61000061035156,982200.0
2018-05-24,106.87999725341797,107.19000244140625,105.4000015258789,106.29000091552734,816200.0
2018-05-25,106.91000366210938,107.3499984741211,106.29000091552734,106.55999755859375,587100.0
2018-05-29,106.45999908447266,107.44999694824219,105.63999938964844,107.0199966430664,898000.0
2018-05-30,107.01000213623047,108.6500015258789,106.45999908447266,108.0199966430664,982700.0
2018-05-31,107.66000366210938,108.02999877929688,106.55999755859375,107.4800033569336,1277100.0
2018-06-01,107.51000213623047,108.75,107.16000366210938,108.51000213623047,827500.0
2018-06-04,108.95999908447266,108.9800033569336,107.80999755859375,108.86000061035156,757200.0
2018-06-05,109.0,109.68000030517578,107.87999725341797,108.20999908447266,883200.0
2018-06-06,108.25,108.54000091552734,107.11000061035156,108.36000061035156,673500.0
2018-06-07,108.38999938964844,108.7300033569336,106.8499984741211,108.0999984741211,910600.0
2018-06-08,108.23999786376953,109.94000244140625,107.91999816894531,109.56999969482422,1958200.0
2018-06-11,109.30000305175781,110.12999725341797,109.12000274658203,109.29000091552734,1751100.0
2018-06-12,109.01000213623047,110.01000213623047,108.12000274658203,108.76000213623047,1824500.0
2018-06-13,108.97000122070312,109.27999877929688,105.68000030517578,105.80999755859375,1521400.0
2018-06-14,105.13999938964844,106.9000015258789,105.0999984741211,106.62999725341797,1147400.0
2018-06-15,106.6500015258789,107.77999877929688,106.0999984741211,106.2300033569336,1776200.0
2018-06-18,105.80999755859375,106.38999938964844,105.12999725341797,105.94000244140625,700900.0
2018-06-19,105.51000213623047,107.2300033569336,105.45999908447266,106.26000213623047,1014900.0
2018-06-20,106.23999786376953,108.43000030517578,106.23999786376953,106.81999969482422,1011500.0
2018-06-21,106.94000244140625,108.29000091552734,106.5999984741211,107.26000213623047,664500.0
2018-06-22,107.47000122070312,108.23999786376953,106.6500015258789,107.88999938964844,2017700.0
2018-06-25,108.16999816894531,108.86000061035156,107.44999694824219,108.05000305175781,1124500.0
2018-06-26,108.41000366210938,110.11000061035156,107.79000091552734,109.2300033569336,1169100.0
2018-06-27,109.44999694824219,110.16999816894531,109.16999816894531,109.63999938964844,852800.0
2018-06-28,109.43000030517578,110.51000213623047,108.6500015258789,110.38999938964844,877400.0
2018-06-29,109.62000274658203,112.06999969482422,109.01000213623047,111.58000183105469,1722000.0
2018-07-02,111.80999755859375,112.8499984741211,110.80000305175781,111.93000030517578,1356300.0
2018-07-03,111.94000244140625,113.33000183105469,111.06999969482422,112.48999786376953,941900.0
2018-07-05,112.55000305175781,115.44000244140625,112.23999786376953,114.5999984741211,1501000.0
2018-07-06,115.0,116.0,114.81999969482422,115.30000305175781,991000.0
2018-07-09,115.41000366210938,115.58999633789062,113.55999755859375,114.4800033569336,1428500.0
2018-07-10,114.41000366210938,116.0999984741211,114.36000061035156,115.83000183105469,915700.0
2018-07-11,115.77999877929688,116.7300033569336,115.41999816894531,116.23999786376953,880900.0
2018-07-12,116.54000091552734,117.43000030517578,116.13999938964844,116.26000213623047,1020700.0
2018-07-13,116.55000305175781,117.05000305175781,115.9000015258789,116.23999786376953,802000.0
2018-07-16,116.22000122070312,116.22000122070312,114.66000366210938,115.66000366210938,608800.0
2018-07-17,116.47000122070312,116.55999755859375,115.16000366210938,115.93000030517578,1175500.0
2018-07-18,115.4800033569336,116.26000213623047,114.33999633789062,115.2699966430664,1154800.0
2018-07-19,114.93000030517578,117.30000305175781,114.93000030517578,116.68000030517578,1273100.0
2018-07-20,116.61000061035156,116.6500015258789,115.08999633789062,116.0,1494300.0
2018-07-23,115.95999908447266,116.0199966430664,114.83999633789062,115.83000183105469,1115500.0
2018-07-24,115.87000274658203,116.11000061035156,114.87000274658203,115.26000213623047,1644000.0
2018-07-25,115.5199966430664,117.1500015258789,115.4000015258789,117.0199966430664,1145500.0
2018-07-26,117.91000366210938,117.91000366210938,116.66999816894531,117.0,1245200.0
2018-07-27,118.75,122.52999877929688,118.0,121.11000061035156,2466300.0
2018-07-30,121.13999938964844,121.7699966430664,118.81999969482422,120.75,1538300.0
2018-07-31,121.0,121.68000030517578,120.55000305175781,121.41999816894531,1293900.0
2018-08-01,120.26000213623047,121.77999877929688,119.56999969482422,121.52999877929688,1135200.0
2018-08-02,121.12000274658203,122.7300033569336,120.8499984741211,121.04000091552734,1207800.0
2018-08-03,121.12000274658203,122.98999786376953,120.41999816894531,122.58000183105469,1076200.0
2018-08-06,122.55000305175781,123.12999725341797,121.56999969482422,122.08000183105469,844200.0
2018-08-07,122.25,122.33000183105469,121.30000305175781,122.12999725341797,671100.0
2018-08-08,122.44999694824219,123.0,121.16999816894531,121.54000091552734,945600.0
2018-08-09,121.61000061035156,122.88999938964844,121.61000061035156,121.81999969482422,1084900.0
2018-08-10,121.63999938964844,122.37999725341797,120.62000274658203,120.95999908447266,1029100.0
2018-08-13,121.0,122.0,121.0,121.5,803800.0
2018-08-14,121.30000305175781,121.87999725341797,120.70999908447266,121.16999816894531,645600.0
2018-08-15,120.94000244140625,122.23999786376953,120.63999938964844,121.47000122070312,785600.0
2018-08-16,121.47000122070312,122.47000122070312,121.47000122070312,122.37000274658203,579600.0
2018-08-17,122.4000015258789,124.11000061035156,122.4000015258789,124.02999877929688,883900.0
2018-08-20,124.0,124.72000122070312,123.3499984741211,123.80000305175781,779000.0
2018-08-21,123.5199966430664,123.69999694824219,122.68000030517578,122.8499984741211,645900.0
2018-08-22,122.8499984741211,122.8499984741211,121.19999694824219,122.02999877929688,670100.0
2018-08-23,122.18000030517578,123.05000305175781,122.1500015258789,122.31999969482422,802400.0
2018-08-24,122.26000213623047,124.18000030517578,122.26000213623047,123.63999938964844,579900.0
2018-08-27,124.04000091552734,124.16000366210938,122.6500015258789,123.20999908447266,720000.0
2018-08-28,123.36000061035156,124.31999969482422,122.91999816894531,124.30000305175781,699800.0
2018-08-29,124.4800033569336,125.0999984741211,123.98999786376953,124.11000061035156,493700.0
2018-08-30,124.55000305175781,124.58999633789062,123.18000030517578,123.69999694824219,535400.0
2018-08-31,123.88999938964844,124.51000213623047,123.5999984741211,124.27999877929688,685900.0
2018-09-04,124.1500015258789,125.0,123.12000274658203,123.47000122070312,1196400.0
2018-09-05,122.97000122070312,123.77999877929688,122.4000015258789,123.45999908447266,787400.0
2018-09-06,123.75,124.41000366210938,123.27999877929688,124.20999908447266,589400.0
2018-09-07,123.86000061035156,124.0,122.44999694824219,122.6500015258789,813300.0
2018-09-10,123.3499984741211,124.16000366210938,123.0,123.37000274658203,859700.0
2018-09-11,123.0,124.0199966430664,122.69000244140625,123.04000091552734,1075400.0
2018-09-12,123.20999908447266,123.61000061035156,122.41999816894531,122.91000366210938,928500.0
2018-09-13,122.3499984741211,123.5999984741211,122.0,122.66000366210938,919800.0
2018-09-14,122.43000030517578,122.43000030517578,121.05999755859375,121.88999938964844,845400.0
2018-09-17,121.72000122070312,122.9800033569336,121.51000213623047,122.38999938964844,1012800.0
2018-09-18,121.9800033569336,123.12999725341797,121.9800033569336,122.80999755859375,635700.0
2018-09-19,123.08000183105469,123.16000366210938,121.4800033569336,121.68000030517578,1004100.0
2018-09-20,121.62999725341797,122.69999694824219,121.11000061035156,121.83999633789062,1034400.0
2018-09-21,121.45999908447266,121.94999694824219,120.81999969482422,120.91999816894531,1905200.0
2018-09-24,119.51000213623047,119.51000213623047,115.7300033569336,115.91999816894531,2695000.0
2018-09-25,112.91999816894531,114.9000015258789,112.80000305175781,113.55000305175781,7784300.0
2018-09-26,113.68000030517578,113.79000091552734,111.33000183105469,111.5199966430664,2666300.0
2018-09-27,111.56999969482422,112.27999877929688,111.37000274658203,111.5999984741211,2002200.0
2018-09-28,111.6500015258789,112.61000061035156,111.31999969482422,112.4800033569336,2010900.0
2018-10-01,112.56999969482422,112.9000015258789,111.11000061035156,111.30000305175781,1471700.0
2018-10-02,111.37999725341797,111.63999938964844,110.72000122070312,111.13999938964844,1344200.0
2018-10-03,111.3499984741211,111.58000183105469,108.79000091552734,109.5999984741211,1218400.0
2018-10-04,109.13999938964844,109.77999877929688,107.2300033569336,109.5199966430664,1245900.0
2018-10-05,109.66999816894531,110.91999816894531,109.56999969482422,109.79000091552734,1528700.0
2018-10-08,109.6500015258789,111.30000305175781,109.6500015258789,110.75,1291300.0
2018-10-09,111.02999877929688,111.75,110.2699966430664,111.70999908447266,1320700.0
2018-10-10,111.47000122070312,112.5199966430664,109.8499984741211,109.88999938964844,1370400.0
2018-10-11,110.0999984741211,110.0999984741211,106.33999633789062,107.5,2357100.0
2018-10-12,108.05000305175781,108.48999786376953,106.87999725341797,107.43000030517578,2431300.0
2018-10-15,107.04000091552734,108.02999877929688,107.04000091552734,107.27999877929688,1196300.0
2018-10-16,107.43000030517578,110.51000213623047,107.16999816894531,109.98999786376953,1689500.0
2018-10-17,110.30999755859375,111.20999908447266,109.81999969482422,110.93000030517578,960600.0
2018-10-18,110.81999969482422,112.16999816894531,110.76000213623047,111.75,1729200.0
2018-10-19,111.88999938964844,112.91000366210938,111.77999877929688,112.58000183105469,1312800.0
2018-10-22,113.19999694824219,113.4000015258789,112.33999633789062,112.54000091552734,1408600.0
2018-10-23,111.70999908447266,113.55999755859375,111.56999969482422,113.16999816894531,1609500.0
2018-10-24,113.36000061035156,116.36000061035156,113.08999633789062,115.68000030517578,1613400.0
2018-10-25,116.30000305175781,117.02999877929688,114.91999816894531,116.80000305175781,2456400.0
2018-10-26,116.75,116.75,105.56999969482422,106.01000213623047,4733000.0
2018-10-29,106.47000122070312,108.0199966430664,105.58999633789062,106.18000030517578,2787800.0
2018-10-30,106.1500015258789,107.5999984741211,103.05000305175781,103.97000122070312,2880000.0
2018-10-31,104.16999816894531,104.62999725341797,102.27999877929688,103.26000213623047,3302000.0
2018-11-01,103.62999725341797,105.94999694824219,102.41000366210938,105.72000122070312,1375000.0
2018-11-02,106.0,107.66999816894531,104.81999969482422,107.52999877929688,2346000.0
2018-11-05,107.9000015258789,111.11000061035156,107.9000015258789,110.4800033569336,1937900.0
2018-11-06,110.80999755859375,111.29000091552734,109.70999908447266,111.19999694824219,1111300.0
2018-11-07,111.87000274658203,112.4800033569336,110.6500015258789,111.91999816894531,875800.0
2018-11-08,111.36000061035156,112.0999984741211,110.94000244140625,112.0,1074600.0
2018-11-09,112.0199966430664,112.0199966430664,109.33999633789062,110.62000274658203,1579400.0
2018-11-12,110.5199966430664,112.19000244140625,110.2300033569336,111.55999755859375,943900.0
2018-11-13,111.75,112.56999969482422,111.0,112.13999938964844,1333500.0
2018-11-14,112.79000091552734,113.22000122070312,110.91999816894531,111.62000274658203,1506600.0
2018-11-15,111.04000091552734,111.62000274658203,109.69999694824219,111.2300033569336,1323100.0
2018-11-16,110.80000305175781,112.94999694824219,110.76000213623047,111.41000366210938,1958700.0
2018-11-19,111.48999786376953,113.33999633789062,111.11000061035156,112.02999877929688,1246300.0
2018-11-20,111.95999908447266,112.11000061035156,107.94999694824219,108.0,1895600.0
2018-11-21,107.98999786376953,110.25,107.06999969482422,109.20999908447266,1116000.0
2018-11-23,108.91999816894531,109.93000030517578,108.5199966430664,109.37999725341797,301800.0
2018-11-26,109.93000030517578,111.0999984741211,109.6500015258789,110.69999694824219,1189300.0
2018-11-27,110.79000091552734,111.83000183105469,109.70999908447266,111.55999755859375,1474300.0
2018-11-28,111.68000030517578,113.91000366210938,111.26000213623047,113.22000122070312,953100.0
2018-11-29,113.0,114.37999725341797,111.93000030517578,113.69000244140625,826300.0
2018-11-30,114.0199966430664,115.12999725341797,112.94999694824219,115.04000091552734,1724000.0
2018-12-03,115.5,116.0,113.80000305175781,115.88999938964844,1085300.0
2018-12-04,115.79000091552734,116.9000015258789,113.30000305175781,113.5999984741211,1225600.0
2018-12-06,113.16999816894531,117.0199966430664,110.77999877929688,116.9000015258789,1335000.0
2018-12-07,116.66000366210938,117.44000244140625,114.93000030517578,115.72000122070312,916400.0
2018-12-10,116.48999786376953,116.94000244140625,114.08999633789062,116.3499984741211,860400.0
2018-12-11,116.80000305175781,117.87000274658203,115.98999786376953,116.79000091552734,1289000.0
2018-12-12,117.2699966430664,117.66999816894531,114.97000122070312,115.5999984741211,1826300.0
2018-12-13,114.75,116.87999725341797,114.19999694824219,115.36000061035156,764100.0
2018-12-14,114.94000244140625,115.12000274658203,112.73999786376953,114.31999969482422,864000.0
2018-12-17,114.58999633789062,114.58999633789062,107.05999755859375,107.51000213623047,1780000.0
2018-12-18,108.06999969482422,109.56999969482422,108.05999755859375,109.0,1361700.0
2018-12-19,109.4800033569336,110.5,108.08000183105469,108.51000213623047,1109700.0
2018-12-20,108.26000213623047,108.83000183105469,105.44999694824219,106.0999984741211,1621100.0
2018-12-21,106.0999984741211,109.18000030517578,105.2300033569336,106.0999984741211,2420500.0
2018-12-24,105.76000213623047,105.76000213623047,101.54000091552734,102.41000366210938,1361200.0
2018-12-26,102.61000061035156,104.7300033569336,100.56999969482422,104.68000030517578,1782700.0
2018-12-27,104.02999877929688,105.05000305175781,101.81999969482422,104.80999755859375,1901300.0
2018-12-28,105.75,107.33999633789062,105.37000274658203,106.06999969482422,1386900.0
2018-12-31,106.51000213623047,106.91000366210938,104.77999877929688,106.55000305175781,1024900.0
2019-01-02,105.5199966430664,105.63999938964844,102.44999694824219,103.19000244140625,1411800.0
2019-01-03,103.0,105.68000030517578,102.4800033569336,102.66999816894531,1511600.0
2019-01-04,102.91000366210938,105.33000183105469,102.8499984741211,104.80999755859375,1474300.0
2019-01-07,105.16000366210938,107.05000305175781,104.9800033569336,106.19999694824219,1382900.0
2019-01-08,105.9000015258789,107.75,105.9000015258789,107.33999633789062,1771600.0
2019-01-09,106.0,106.44999694824219,100.05000305175781,101.83000183105469,3241800.0
2019-01-10,101.8499984741211,105.30000305175781,101.56999969482422,105.08000183105469,1942300.0
2019-01-11,104.91999816894531,106.69999694824219,104.38999938964844,106.63999938964844,1180100.0
2019-01-14,106.27999877929688,106.9000015258789,105.55000305175781,106.51000213623047,1079700.0
2019-01-15,106.58999633789062,108.2699966430664,106.52999877929688,107.29000091552734,1053400.0
2019-01-16,107.18000030517578,107.86000061035156,106.5,106.94000244140625,966200.0
2019-01-17,106.52999877929688,107.44000244140625,106.2300033569336,106.62000274658203,1096100.0
2019-01-18,106.9000015258789,107.30000305175781,105.22000122070312,107.25,1180600.0
2019-01-22,106.88999938964844,107.26000213623047,104.22000122070312,105.0999984741211,1942400.0
2019-01-23,105.19000244140625,105.54000091552734,102.5999984741211,104.02999877929688,1468400.0
2019-01-24,104.02999877929688,104.30000305175781,103.25,104.08999633789062,1346400.0
2019-01-25,104.1500015258789,104.43000030517578,102.81999969482422,104.16999816894531,1876600.0
2019-01-28,103.87999725341797,106.0999984741211,103.02999877929688,105.69999694824219,1454200.0
2019-01-29,105.68000030517578,106.98999786376953,105.33000183105469,106.6500015258789,1441700.0
2019-01-30,106.37999725341797,108.30000305175781,106.37999725341797,107.43000030517578,1316200.0
2019-01-31,107.23999786376953,109.43000030517578,106.38999938964844,108.33999633789062,1495800.0
2019-02-01,108.55000305175781,108.6500015258789,106.38999938964844,108.55999755859375,1279500.0
2019-02-04,108.41000366210938,109.31999969482422,107.26000213623047,109.27999877929688,1149600.0
2019-02-05,109.27999877929688,111.1500015258789,109.22000122070312,110.83000183105469,1634600.0
2019-02-06,109.75,109.95999908447266,106.88999938964844,107.9000015258789,3407500.0
2019-02-07,108.8499984741211,110.97000122070312,107.83999633789062,110.05000305175781,2473700.0
2019-02-08,110.12999725341797,112.45999908447266,109.33000183105469,112.31999969482422,1760300.0
2019-02-11,112.04000091552734,114.45999908447266,112.04000091552734,113.2300033569336,1800200.0
2019-02-12,113.54000091552734,113.55000305175781,111.48999786376953,111.61000061035156,1262700.0
2019-02-13,110.70999908447266,112.48999786376953,110.26000213623047,112.19000244140625,1225900.0
2019-02-14,112.19000244140625,114.76000213623047,111.91000366210938,113.80999755859375,1740900.0
2019-02-15,114.43000030517578,115.11000061035156,112.97000122070312,115.02999877929688,1289000.0
2019-02-19,115.0,116.8499984741211,114.26000213623047,116.41000366210938,1517100.0
2019-02-20,116.30999755859375,118.70999908447266,116.0,118.48999786376953,2554600.0
2019-02-21,118.01000213623047,118.01000213623047,116.05000305175781,116.37000274658203,2518700.0
2019-02-22,116.7300033569336,118.9800033569336,116.16999816894531,118.48999786376953,1122500.0
2019-02-25,118.66999816894531,118.81999969482422,117.01000213623047,117.11000061035156,1669300.0
2019-02-26,117.69999694824219,117.69999694824219,114.75,115.04000091552734,1483100.0
2019-02-27,114.0999984741211,115.44999694824219,113.29000091552734,114.1500015258789,1531900.0
2019-02-28,114.12999725341797,114.61000061035156,112.01000213623047,113.12000274658203,2838900.0
2019-03-01,113.68000030517578,114.9000015258789,113.08999633789062,114.6500015258789,2058600.0
2019-03-04,115.16000366210938,115.23999786376953,112.19999694824219,113.4000015258789,1416100.0
2019-03-05,113.11000061035156,114.05999755859375,113.0,113.13999938964844,1408600.0
2019-03-06,113.29000091552734,113.47000122070312,112.37999725341797,112.55999755859375,1027900.0
2019-03-07,112.95999908447266,114.37000274658203,112.45999908447266,112.6500015258789,1803500.0
2019-03-08,112.66000366210938,113.83000183105469,111.30000305175781,111.98999786376953,1389400.0
2019-03-11,112.55000305175781,114.08999633789062,112.4000015258789,113.94000244140625,1421100.0
2019-03-12,114.33999633789062,115.37999725341797,114.06999969482422,114.80000305175781,810400.0
2019-03-13,115.11000061035156,116.80000305175781,115.11000061035156,115.97000122070312,1224000.0
2019-03-14,115.0,115.5,114.55999755859375,115.37000274658203,900100.0
2019-03-15,115.5199966430664,115.79000091552734,114.88999938964844,115.2300033569336,1578700.0
2019-03-18,115.37000274658203,115.94999694824219,114.91000366210938,115.62999725341797,676000.0
2019-03-19,115.93000030517578,116.44000244140625,115.2699966430664,115.62999725341797,745700.0
2019-03-20,115.66999816894531,117.02999877929688,115.0,116.56999969482422,960700.0
2019-03-21,116.56999969482422,119.55999755859375,116.25,119.41000366210938,818100.0
2019-03-22,119.4800033569336,120.93000030517578,119.08000183105469,119.12000274658203,1068200.0
2019-03-25,118.61000061035156,119.11000061035156,117.68000030517578,117.69999694824219,631800.0
2019-03-26,118.05000305175781,118.95999908447266,117.55999755859375,118.88999938964844,744200.0
2019-03-27,118.87000274658203,119.66000366210938,117.66999816894531,118.7699966430664,1641800.0
2019-03-28,118.91000366210938,119.98999786376953,118.4800033569336,119.63999938964844,854400.0
2019-03-29,119.77999877929688,119.77999877929688,118.61000061035156,119.0,1181700.0
2019-04-01,119.20999908447266,120.12000274658203,117.97000122070312,120.02999877929688,809100.0
2019-04-02,120.27999877929688,122.0,119.38999938964844,121.70999908447266,1114100.0
2019-04-03,121.87000274658203,122.66000366210938,120.81999969482422,121.66000366210938,780300.0
2019-04-04,121.88999938964844,122.26000213623047,120.70999908447266,121.93000030517578,483100.0
2019-04-05,122.01000213623047,122.75,121.73999786376953,122.41000366210938,961500.0
2019-04-08,122.27999877929688,122.66999816894531,120.81999969482422,121.41000366210938,1075600.0
2019-04-09,121.4800033569336,121.94999694824219,120.31999969482422,120.52999877929688,1076300.0
2019-04-10,121.38999938964844,122.08000183105469,121.01000213623047,121.9800033569336,996400.0
2019-04-11,121.9800033569336,122.69999694824219,120.97000122070312,121.72000122070312,778800.0
2019-04-12,121.52999877929688,122.76000213623047,120.87000274658203,122.7300033569336,782100.0
2019-04-15,122.87999725341797,123.0199966430664,121.4800033569336,121.9000015258789,558600.0
2019-04-16,121.80000305175781,122.30000305175781,118.22000122070312,119.06999969482422,862800.0
2019-04-17,119.16999816894531,120.02999877929688,117.55999755859375,119.12000274658203,775900.0
2019-04-18,119.12000274658203,120.9800033569336,118.93000030517578,120.44999694824219,863000.0
2019-04-22,120.01000213623047,120.4000015258789,118.0999984741211,119.37999725341797,866600.0
2019-04-23,118.0,119.91999816894531,116.93000030517578,117.30000305175781,1675900.0
2019-04-24,117.61000061035156,119.79000091552734,117.37999725341797,119.26000213623047,1251900.0
2019-04-25,117.9000015258789,120.41000366210938,117.30999755859375,119.80999755859375,1147600.0
2019-04-26,117.75,118.0,113.62000274658203,116.79000091552734,2665500.0
2019-04-29,116.48999786376953,118.23999786376953,115.81999969482422,117.12000274658203,1502000.0
2019-04-30,116.94999694824219,118.79000091552734,116.87999725341797,117.70999908447266,1639300.0
2019-05-01,118.05000305175781,119.12999725341797,117.33999633789062,117.63999938964844,1407100.0
2019-05-02,117.97000122070312,120.80999755859375,117.30000305175781,118.80000305175781,1539400.0
2019-05-03,119.33999633789062,121.01000213623047,119.16999816894531,120.69999694824219,1192400.0
2019-05-06,120.11000061035156,120.41999816894531,119.04000091552734,119.38999938964844,1212800.0
2019-05-07,118.97000122070312,119.44000244140625,116.5999984741211,117.41999816894531,1014600.0
2019-05-08,117.25,119.25,117.19000244140625,117.68000030517578,808200.0
2019-05-09,117.38999938964844,117.8499984741211,115.79000091552734,117.5999984741211,796400.0
2019-05-10,117.47000122070312,118.45999908447266,116.7300033569336,117.58000183105469,1190900.0
2019-05-13,116.58999633789062,117.11000061035156,116.12999725341797,116.70999908447266,797700.0
2019-05-14,117.0,117.80999755859375,116.79000091552734,116.88999938964844,956800.0
2019-05-15,117.08000183105469,118.16999816894531,116.56999969482422,117.63999938964844,856500.0
2019-05-16,117.5199966430664,118.80999755859375,117.5199966430664,118.3499984741211,846700.0
2019-05-17,117.69000244140625,118.22000122070312,117.16000366210938,117.9800033569336,689100.0
2019-05-20,117.6500015258789,117.91000366210938,115.66999816894531,116.16999816894531,721500.0
2019-05-21,116.69000244140625,117.69000244140625,116.31999969482422,117.0,1019100.0
2019-05-22,117.4800033569336,118.5,117.0,118.3499984741211,782300.0
2019-05-23,118.05000305175781,119.63999938964844,117.86000061035156,119.30999755859375,1013900.0
2019-05-24,119.7699966430664,120.72000122070312,119.7699966430664,119.9800033569336,723600.0
2019-05-28,120.48999786376953,121.0,119.08000183105469,119.08000183105469,1134100.0
2019-05-29,119.33000183105469,119.36000061035156,116.88999938964844,117.4800033569336,805200.0
2019-05-30,117.86000061035156,118.44000244140625,117.27999877929688,117.72000122070312,619900.0
2019-05-31,117.33000183105469,118.63999938964844,117.08000183105469,117.72000122070312,985800.0
2019-06-03,118.1500015258789,120.43000030517578,114.16000366210938,114.86000061035156,1584400.0
2019-06-04,114.79000091552734,115.05000305175781,111.9000015258789,112.80000305175781,1618800.0
2019-06-05,113.55999755859375,115.25,113.33000183105469,114.8499984741211,2413400.0
2019-06-06,116.0199966430664,116.2300033569336,114.69999694824219,115.5,1210600.0
2019-06-07,116.19000244140625,117.37999725341797,115.93000030517578,116.0,1247300.0
2019-06-10,116.54000091552734,117.3499984741211,115.48999786376953,116.83000183105469,1116700.0
2019-06-11,117.44999694824219,119.5199966430664,117.33000183105469,119.22000122070312,1637800.0
2019-06-12,119.44999694824219,119.95999908447266,118.77999877929688,119.38999938964844,1254500.0
2019-06-13,118.2699966430664,119.13999938964844,118.20999908447266,118.94999694824219,1220800.0
2019-06-14,118.70999908447266,120.11000061035156,118.5,119.76000213623047,769900.0
2019-06-17,120.11000061035156,122.70999908447266,120.11000061035156,122.48999786376953,1117700.0
2019-06-18,123.04000091552734,124.0,122.01000213623047,122.43000030517578,1116600.0
2019-06-19,122.04000091552734,124.37000274658203,121.9000015258789,124.0,950900.0
2019-06-20,124.88999938964844,125.19000244140625,124.18000030517578,124.87999725341797,1118400.0
2019-06-21,124.75,124.75,122.16999816894531,123.1500015258789,1759600.0
2019-06-24,123.36000061035156,123.8499984741211,122.5999984741211,123.20999908447266,653100.0
2019-06-25,123.37999725341797,124.0199966430664,120.94000244140625,121.0,949500.0
2019-06-26,121.01000213623047,121.37000274658203,117.02999877929688,117.25,1536300.0
2019-06-27,117.31999969482422,118.02999877929688,116.94999694824219,117.5999984741211,960300.0
2019-06-28,117.73999786376953,118.44000244140625,117.19999694824219,117.79000091552734,1244600.0
2019-07-01,118.94000244140625,118.94000244140625,115.8499984741211,117.06999969482422,837600.0
2019-07-02,117.30000305175781,119.69999694824219,116.62999725341797,119.12999725341797,919500.0
2019-07-03,119.76000213623047,121.33000183105469,119.76000213623047,120.94000244140625,431800.0
2019-07-05,120.27999877929688,121.44000244140625,119.19999694824219,121.04000091552734,518200.0
2019-07-08,120.68000030517578,120.94000244140625,119.63999938964844,120.43000030517578,636600.0
2019-07-09,120.25,122.18000030517578,120.19999694824219,121.68000030517578,1724800.0
2019-07-10,122.1500015258789,122.36000061035156,120.95999908447266,122.12000274658203,660300.0
2019-07-11,122.16999816894531,122.30999755859375,119.87000274658203,121.02999877929688,881200.0
2019-07-12,121.33999633789062,121.62999725341797,120.01000213623047,120.06999969482422,690900.0
2019-07-15,120.08000183105469,120.69999694824219,119.51000213623047,119.63999938964844,556600.0
2019-07-16,119.55999755859375,119.91000366210938,118.63999938964844,119.5999984741211,1077100.0
2019-07-17,119.95999908447266,120.06999969482422,118.4000015258789,119.37000274658203,585000.0
2019-07-18,118.94000244140625,120.54000091552734,118.62999725341797,120.2699966430664,625100.0
2019-07-19,120.44999694824219,120.5199966430664,117.5,117.7300033569336,766600.0
2019-07-22,117.80999755859375,117.94999694824219,117.12999725341797,117.56999969482422,828600.0
2019-07-23,117.27999877929688,118.16000366210938,115.66999816894531,117.30999755859375,925600.0
2019-07-24,117.4000015258789,118.19000244140625,116.86000061035156,117.5199966430664,847900.0
2019-07-25,117.69999694824219,117.69999694824219,112.44999694824219,112.83000183105469,1688300.0
2019-07-26,112.9000015258789,113.13999938964844,110.88999938964844,111.52999877929688,1494000.0
2019-07-29,112.0999984741211,112.4800033569336,110.83999633789062,111.20999908447266,982700.0
2019-07-30,111.02999877929688,114.51000213623047,111.0199966430664,114.0,1701100.0
2019-07-31,113.58000183105469,116.16000366210938,112.7699966430664,114.36000061035156,2003200.0
2019-08-01,114.19999694824219,115.77999877929688,112.41999816894531,115.52999877929688,1555300.0
2019-08-02,115.55999755859375,117.93000030517578,115.37999725341797,117.20999908447266,929000.0
2019-08-05,116.61000061035156,117.12999725341797,114.18000030517578,115.51000213623047,1214200.0
2019-08-06,115.69000244140625,117.91000366210938,115.0199966430664,117.08999633789062,847300.0
2019-08-07,116.5199966430664,118.83999633789062,116.06999969482422,118.52999877929688,1158200.0
2019-08-08,118.26000213623047,119.83000183105469,117.04000091552734,119.73999786376953,936200.0
2019-08-09,119.51000213623047,120.55999755859375,117.76000213623047,120.30000305175781,853500.0
2019-08-12,120.19999694824219,120.25,119.05000305175781,119.75,843900.0
2019-08-13,119.66000366210938,120.66000366210938,118.81999969482422,120.19000244140625,869800.0
2019-08-14,120.1500015258789,120.1500015258789,117.94999694824219,118.0,929500.0
2019-08-15,118.29000091552734,120.7699966430664,117.94999694824219,120.55999755859375,1031400.0
2019-08-16,121.02999877929688,124.44000244140625,120.69000244140625,123.66999816894531,1484700.0
2019-08-19,124.41000366210938,125.0,123.61000061035156,124.33000183105469,780200.0
2019-08-20,124.01000213623047,124.54000091552734,122.80999755859375,123.08999633789062,702000.0
2019-08-21,123.16000366210938,124.0,122.54000091552734,123.29000091552734,463000.0
2019-08-22,123.36000061035156,124.0,122.06999969482422,122.87000274658203,617900.0
2019-08-23,123.22000122070312,123.56999969482422,120.2699966430664,120.72000122070312,750500.0
2019-08-26,121.36000061035156,121.91999816894531,120.26000213623047,121.19000244140625,579100.0
2019-08-27,121.83999633789062,122.33000183105469,120.30999755859375,120.33999633789062,989000.0
2019-08-28,120.66999816894531,121.63999938964844,120.33999633789062,121.27999877929688,659800.0
2019-08-29,122.01000213623047,124.08999633789062,121.8499984741211,123.5999984741211,728000.0
2019-08-30,124.13999938964844,124.44000244140625,123.25,123.62999725341797,771000.0
2019-09-03,123.33999633789062,125.54000091552734,122.79000091552734,125.52999877929688,1244800.0
2019-09-04,126.1500015258789,126.6500015258789,125.55000305175781,126.44999694824219,1022900.0
2019-09-05,126.37999725341797,126.9000015258789,125.19999694824219,126.66999816894531,1437900.0
2019-09-06,126.98999786376953,128.67999267578125,126.48999786376953,128.6199951171875,1123500.0
2019-09-09,128.6199951171875,128.7100067138672,127.43000030517578,128.08999633789062,1761800.0
2019-09-10,127.80999755859375,127.97000122070312,126.23999786376953,127.6500015258789,1620800.0
2019-09-11,126.7699966430664,128.72000122070312,126.5199966430664,128.5,1307600.0
2019-09-12,127.25,129.57000732421875,126.45999908447266,126.52999877929688,1944900.0
2019-09-13,126.22000122070312,126.83000183105469,124.0,124.31999969482422,2232400.0
2019-09-16,124.0999984741211,126.7699966430664,123.9800033569336,126.38999938964844,1801600.0
2019-09-17,126.77999877929688,128.3300018310547,126.77999877929688,128.0800018310547,1083800.0
2019-09-18,128.63999938964844,129.0,123.9800033569336,125.30000305175781,1599700.0
2019-09-19,125.02999877929688,127.01000213623047,123.77999877929688,123.83000183105469,2924800.0
2019-09-20,124.31999969482422,125.55999755859375,124.02999877929688,125.02999877929688,2217900.0
2019-09-23,124.72000122070312,126.83000183105469,124.72000122070312,126.30999755859375,1892600.0
2019-09-24,126.97000122070312,128.0399932861328,126.52999877929688,127.55999755859375,1824800.0
2019-09-25,127.68000030517578,128.02999877929688,126.83000183105469,127.66999816894531,1183200.0
2019-09-26,128.10000610351562,129.0500030517578,127.77999877929688,128.52999877929688,1439700.0
2019-09-27,128.72000122070312,129.5,128.25,128.85000610351562,1696800.0
2019-09-30,128.8699951171875,130.10000610351562,128.5500030517578,129.80999755859375,983000.0
2019-10-01,129.61000061035156,129.86000061035156,128.52999877929688,129.05999755859375,1222500.0
2019-10-02,129.38999938964844,129.8699951171875,126.16000366210938,127.66000366210938,1779800.0
2019-10-03,127.81999969482422,130.6699981689453,127.81999969482422,129.64999389648438,1783500.0
2019-10-04,129.88999938964844,130.3699951171875,129.25,130.27000427246094,1261600.0
2019-10-07,129.6699981689453,130.0800018310547,127.87999725341797,128.25999450683594,1688400.0
2019-10-08,128.55999755859375,130.32000732421875,127.62999725341797,129.0,1461500.0
2019-10-09,129.60000610351562,131.14999389648438,129.36000061035156,130.66000366210938,1404800.0
2019-10-10,130.1999969482422,130.77000427246094,129.33999633789062,130.64999389648438,877300.0
2019-10-11,131.0,131.10000610351562,129.22999572753906,129.30999755859375,941900.0
2019-10-14,129.69000244140625,130.66000366210938,129.38999938964844,129.85000610351562,754400.0
2019-10-15,129.99000549316406,130.1999969482422,128.8699951171875,129.7899932861328,774500.0
2019-10-16,129.8300018310547,130.6199951171875,128.58999633789062,130.60000610351562,860400.0
2019-10-17,130.57000732421875,132.32000732421875,130.49000549316406,131.77000427246094,972500.0
2019-10-18,131.77000427246094,133.0800018310547,130.75,132.97999572753906,813100.0
2019-10-21,132.88999938964844,134.41000366210938,132.38999938964844,134.3300018310547,860100.0
2019-10-22,134.5399932861328,135.11000061035156,133.8800048828125,134.80999755859375,836300.0
2019-10-23,135.22000122070312,136.32000732421875,134.2100067138672,135.74000549316406,1052500.0
2019-10-24,136.00999450683594,136.00999450683594,133.94000244140625,134.35000610351562,681700.0
2019-10-25,134.19000244140625,134.19000244140625,132.5399932861328,132.82000732421875,1009600.0
2019-10-28,132.94000244140625,132.94000244140625,131.72999572753906,132.27999877929688,973100.0
2019-10-29,132.4199981689453,134.25,126.51000213623047,130.58999633789062,3003200.0
2019-10-30,129.0399932861328,130.1300048828125,123.25,129.41000366210938,7840700.0
2019-10-31,129.1999969482422,129.41000366210938,126.43000030517578,127.04000091552734,2384300.0
2019-11-01,127.4000015258789,127.7699966430664,125.47000122070312,126.80000305175781,1499600.0
2019-11-04,126.76000213623047,126.91999816894531,123.80000305175781,124.06999969482422,1670900.0
2019-11-05,123.72000122070312,124.0,122.19999694824219,123.33000183105469,1624800.0
2019-11-06,123.72000122070312,124.33000183105469,122.25,122.69999694824219,1541200.0
2019-11-07,122.33999633789062,122.69000244140625,118.0199966430664,118.68000030517578,2692500.0
2019-11-08,117.05000305175781,118.43000030517578,116.18000030517578,116.56999969482422,2595700.0
2019-11-11,116.55999755859375,117.5199966430664,116.23999786376953,116.66000366210938,2027600.0
2019-11-12,116.80999755859375,118.41999816894531,116.01000213623047,116.0999984741211,3393600.0
2019-11-13,116.5199966430664,116.81999969482422,115.75,116.12999725341797,1971500.0
2019-11-14,116.29000091552734,117.22000122070312,115.94999694824219,117.12000274658203,1741700.0
2019-11-15,117.61000061035156,118.91999816894531,117.02999877929688,118.87000274658203,1674200.0
2019-11-18,118.9800033569336,120.66999816894531,118.9800033569336,120.47000122070312,1621000.0
2019-11-19,121.08999633789062,122.0999984741211,120.19999694824219,121.98999786376953,1582100.0
2019-11-20,121.94999694824219,122.19999694824219,120.29000091552734,121.33999633789062,1932200.0
2019-11-21,120.80000305175781,121.05000305175781,118.87000274658203,119.83999633789062,1511700.0
2019-11-22,120.06999969482422,120.33999633789062,119.04000091552734,119.5999984741211,1885400.0
2019-11-25,120.33000183105469,121.11000061035156,117.80999755859375,118.30000305175781,1759700.0
2019-11-26,118.11000061035156,120.81999969482422,117.87999725341797,120.62000274658203,2669600.0
2019-11-27,120.66999816894531,121.37000274658203,120.38999938964844,121.19999694824219,1320800.0
2019-11-29,121.0,121.55999755859375,120.6500015258789,120.94999694824219,497700.0
2019-12-02,120.91999816894531,120.98999786376953,118.91000366210938,119.26000213623047,1774400.0
2019-12-03,119.31999969482422,119.72000122070312,117.70999908447266,118.0999984741211,1619400.0
2019-12-04,117.5999984741211,119.37999725341797,117.55000305175781,119.0999984741211,1129700.0
2019-12-05,119.19999694824219,119.61000061035156,116.7300033569336,117.5199966430664,2132400.0
2019-12-06,118.1500015258789,119.37999725341797,117.91999816894531,118.37000274658203,1411300.0
2019-12-09,118.37000274658203,119.2699966430664,118.05000305175781,118.72000122070312,1228600.0
2019-12-10,118.73999786376953,118.91999816894531,117.45999908447266,117.58999633789062,1576800.0
2019-12-11,117.94000244140625,118.05000305175781,115.62000274658203,117.0199966430664,1751600.0
2019-12-12,116.20999908447266,117.0,114.55000305175781,114.66999816894531,2054900.0
2019-12-13,114.44999694824219,115.18000030517578,112.31999969482422,113.70999908447266,2847200.0
2019-12-16,114.0,115.86000061035156,113.25,115.48999786376953,1587100.0
2019-12-17,115.69000244140625,116.05000305175781,113.58000183105469,113.80999755859375,1300500.0
2019-12-18,113.80999755859375,116.63999938964844,113.7699966430664,116.41999816894531,1655000.0
2019-12-19,116.0999984741211,119.08999633789062,115.73999786376953,119.0,2011200.0
2019-12-20,120.6500015258789,120.91999816894531,117.52999877929688,118.0199966430664,2730600.0
2019-12-23,118.27999877929688,118.7699966430664,116.33000183105469,116.62000274658203,1099500.0
2019-12-24,116.97000122070312,117.45999908447266,116.26000213623047,116.73999786376953,486700.0
2019-12-26,116.95999908447266,118.11000061035156,116.95999908447266,118.11000061035156,745100.0
2019-12-27,118.5,118.80000305175781,117.30999755859375,118.18000030517578,580300.0
2019-12-30,117.93000030517578,118.3499984741211,117.13999938964844,118.30999755859375,694400.0
2019-12-31,118.41000366210938,119.77999877929688,118.05000305175781,119.73999786376953,1129600.0
2020-01-02,120.01000213623047,120.36000061035156,117.45999908447266,118.0,1071900.0
2020-01-03,117.2300033569336,120.18000030517578,117.08000183105469,119.94000244140625,869400.0
2020-01-06,119.47000122070312,119.6500015258789,118.05000305175781,118.86000061035156,1151000.0
2020-01-07,118.37999725341797,118.52999877929688,116.76000213623047,117.69000244140625,1006400.0
2020-01-08,117.83999633789062,118.94999694824219,117.23999786376953,118.70999908447266,2553900.0
2020-01-09,118.30000305175781,119.66999816894531,118.06999969482422,118.72000122070312,980000.0
2020-01-10,119.05999755859375,120.66999816894531,118.44999694824219,120.37000274658203,2048800.0
2020-01-13,120.61000061035156,122.19999694824219,119.76000213623047,121.97000122070312,2072100.0
2020-01-14,121.97000122070312,122.69999694824219,119.9800033569336,120.75,2408200.0
2020-01-15,120.95999908447266,121.91999816894531,120.62000274658203,120.98999786376953,1443700.0
2020-01-16,122.8499984741211,123.98999786376953,122.0999984741211,123.66999816894531,2232100.0
2020-01-17,123.81999969482422,124.77999877929688,123.1500015258789,124.44000244140625,1355000.0
2020-01-21,124.43000030517578,125.80999755859375,123.80000305175781,125.7300033569336,1286400.0
2020-01-22,126.0999984741211,127.16999816894531,125.80999755859375,126.27999877929688,1648000.0
2020-01-23,126.12000274658203,127.5199966430664,126.05000305175781,127.11000061035156,1258900.0
2020-01-24,127.44000244140625,129.16000366210938,126.97000122070312,128.25999450683594,1916300.0
2020-01-27,127.5199966430664,129.47000122070312,127.5199966430664,129.02000427246094,1527000.0
2020-01-28,129.1300048828125,130.30999755859375,129.1300048828125,129.82000732421875,1678100.0
2020-01-29,130.22000122070312,130.44000244140625,127.5,127.62999725341797,1895900.0
2020-01-30,127.20999908447266,128.3000030517578,125.5199966430664,125.73999786376953,1594700.0
2020-01-31,125.61000061035156,126.13999938964844,122.4000015258789,122.98999786376953,1923000.0
2020-02-03,123.37000274658203,124.51000213623047,122.72000122070312,123.13999938964844,1396000.0
2020-02-04,123.63999938964844,125.4800033569336,123.33000183105469,124.98999786376953,1222500.0
2020-02-05,125.12000274658203,125.1500015258789,123.45999908447266,123.86000061035156,1748300.0
2020-02-06,123.94999694824219,124.33999633789062,123.2699966430664,124.0199966430664,1127800.0
2020-02-07,124.19000244140625,124.29000091552734,122.8499984741211,123.27999877929688,922800.0
2020-02-10,123.79000091552734,126.11000061035156,123.0999984741211,126.08000183105469,1854200.0
2020-02-11,126.44000244140625,127.63999938964844,125.30999755859375,125.5199966430664,1869900.0
2020-02-12,125.36000061035156,127.88999938964844,125.29000091552734,127.05000305175781,1829700.0
2020-02-13,126.48999786376953,127.69999694824219,126.43000030517578,126.52999877929688,1610100.0
2020-02-14,125.91000366210938,131.8300018310547,125.19999694824219,131.5,3785900.0
2020-02-18,131.5399932861328,133.22999572753906,131.1699981689453,133.1999969482422,3167800.0
2020-02-19,133.0399932861328,133.72999572753906,132.0500030517578,132.41000366210938,2250500.0
2020-02-20,133.3800048828125,136.36000061035156,132.8800048828125,136.3000030517578,3939700.0
2020-02-21,136.52999877929688,138.4600067138672,136.02999877929688,138.1300048828125,3346800.0
2020-02-24,136.97999572753906,137.22999572753906,134.6699981689453,135.27000427246094,3314000.0
2020-02-25,136.3800048828125,137.17999267578125,132.9199981689453,133.5399932861328,5027100.0
2020-02-26,133.5,133.9499969482422,130.32000732421875,130.3800048828125,2665400.0
2020-02-27,129.22000122070312,129.36000061035156,122.9800033569336,123.19000244140625,2844900.0
2020-02-28,121.12999725341797,121.12999725341797,115.4000015258789,120.11000061035156,5045700.0
2020-03-02,120.9000015258789,130.77000427246094,120.61000061035156,130.49000549316406,6312700.0
2020-03-03,130.72999572753906,133.22000122070312,127.16000366210938,129.58999633789062,4144400.0
2020-03-04,131.69000244140625,135.02999877929688,130.5500030517578,134.97999572753906,2950400.0
2020-03-05,132.6199951171875,134.30999755859375,128.0500030517578,129.8699951171875,2408700.0
2020-03-06,126.22000122070312,129.1300048828125,124.05999755859375,128.24000549316406,3622100.0
2020-03-09,120.48999786376953,123.95999908447266,119.0,120.66999816894531,2708400.0
2020-03-10,124.36000061035156,135.7100067138672,123.41000366210938,134.4499969482422,9935000.0
2020-03-11,131.0,138.1999969482422,129.08999633789062,137.0,34673400.0
2020-03-12,127.98999786376953,130.72000122070312,124.62000274658203,128.3699951171875,9406200.0
2020-03-13,133.3699951171875,143.61000061035156,127.62999725341797,143.33999633789062,6545900.0
2020-03-16,132.4199981689453,139.6199951171875,127.51000213623047,128.30999755859375,6914100.0
2020-03-17,131.67999267578125,139.75,128.94000244140625,138.24000549316406,8061000.0
2020-03-18,131.80999755859375,139.6699981689453,128.3300018310547,137.33999633789062,7986500.0
2020-03-19,137.1999969482422,137.35000610351562,121.38999938964844,125.2699966430664,4429300.0
2020-03-20,125.94999694824219,129.6300048828125,119.01000213623047,121.19999694824219,4732000.0
2020-03-23,120.4800033569336,120.4800033569336,105.0,107.9000015258789,3915400.0
2020-03-24,111.55000305175781,118.20999908447266,107.62999725341797,116.72000122070312,4666500.0
2020-03-25,116.9800033569336,128.99000549316406,116.9800033569336,121.43000030517578,3729600.0
2020-03-26,121.80999755859375,134.86000061035156,121.20999908447266,134.1300048828125,3885100.0
2020-03-27,130.3300018310547,135.94000244140625,129.63999938964844,132.85000610351562,3703000.0
2020-03-30,134.5800018310547,140.97999572753906,134.30999755859375,139.80999755859375,3774600.0
2020-03-31,139.1699981689453,139.52999877929688,130.02000427246094,138.91000366210938,3774200.0
2020-04-01,132.85000610351562,135.16000366210938,127.12000274658203,134.47999572753906,2542100.0
2020-04-02,132.3000030517578,136.27999877929688,131.05999755859375,135.00999450683594,2551500.0
2020-04-03,133.9600067138672,137.57000732421875,132.19000244140625,136.49000549316406,2819800.0
2020-04-06,141.14999389648438,142.39999389648438,138.9600067138672,139.5,2425800.0
2020-04-07,142.85000610351562,144.05999755859375,139.22999572753906,140.5,2359500.0
2020-04-08,140.75,147.11000061035156,139.02999877929688,145.80999755859375,2104300.0
2020-04-09,146.97000122070312,152.58999633789062,146.6300048828125,148.2899932861328,3032600.0
2020-04-13,146.85000610351562,146.97999572753906,140.19000244140625,140.7100067138672,2361200.0
2020-04-14,143.9600067138672,147.82000732421875,143.52999877929688,144.8800048828125,3636300.0
2020-04-15,142.64999389648438,144.08999633789062,138.85000610351562,140.89999389648438,4310800.0
2020-04-16,141.47000122070312,142.8800048828125,139.3000030517578,141.9499969482422,4086300.0
2020-04-17,144.89999389648438,149.74000549316406,142.69000244140625,149.1999969482422,1799400.0
2020-04-20,147.47999572753906,148.0,143.19000244140625,143.72000122070312,2077900.0
2020-04-21,142.10000610351562,146.16000366210938,140.88999938964844,144.6999969482422,2560700.0
2020-04-22,146.9600067138672,150.50999450683594,146.50999450683594,149.17999267578125,2081400.0
2020-04-23,148.97000122070312,151.64999389648438,148.24000549316406,148.52999877929688,1927400.0
2020-04-24,149.0800018310547,150.4199981689453,147.60000610351562,150.02999877929688,1448200.0
2020-04-27,151.92999267578125,155.05999755859375,149.85000610351562,154.22999572753906,1746300.0
2020-04-28,156.41000366210938,158.36000061035156,153.5399932861328,154.14999389648438,1656900.0
2020-04-29,155.8300018310547,156.60000610351562,148.27000427246094,148.61000061035156,1901400.0
2020-04-30,146.49000549316406,150.60000610351562,146.02000427246094,149.49000549316406,3019700.0
2020-05-01,146.47000122070312,149.2100067138672,145.5,145.9199981689453,1316900.0
2020-05-04,146.44000244140625,147.1199951171875,143.19000244140625,145.77000427246094,1389700.0
2020-05-05,145.6999969482422,149.11000061035156,144.5,148.0,999100.0
2020-05-06,149.19000244140625,151.72000122070312,148.0,149.6999969482422,1107200.0
2020-05-07,150.2899932861328,151.0,147.1999969482422,149.02999877929688,1655600.0
2020-05-08,153.0,153.17999267578125,143.0,145.05999755859375,2077100.0
2020-05-11,143.6300048828125,146.22000122070312,143.33999633789062,144.36000061035156,2087800.0
2020-05-12,143.82000732421875,144.1999969482422,132.5500030517578,132.92999267578125,3860300.0
2020-05-13,132.6999969482422,136.82000732421875,131.25,133.4199981689453,2474700.0
2020-05-14,132.0,134.44000244140625,130.10000610351562,132.72000122070312,2624100.0
2020-05-15,132.41000366210938,132.6699981689453,129.1999969482422,130.77000427246094,3107400.0
2020-05-18,134.38999938964844,135.97999572753906,130.1199951171875,131.42999267578125,3194700.0
2020-05-19,131.33999633789062,132.60000610351562,130.25,131.41000366210938,2040800.0
2020-05-20,133.02000427246094,133.3699951171875,129.80999755859375,132.75,1979200.0
2020-05-21,131.83999633789062,132.00999450683594,129.82000732421875,130.75,1886700.0
2020-05-22,130.83999633789062,135.86000061035156,130.5399932861328,135.80999755859375,1518100.0
2020-05-26,139.4199981689453,139.8699951171875,136.47999572753906,138.33999633789062,1969400.0
2020-05-27,140.0,140.0,134.7899932861328,139.32000732421875,2158500.0
2020-05-28,140.55999755859375,146.2100067138672,139.38999938964844,146.0500030517578,1652500.0
2020-05-29,143.1300048828125,144.66000366210938,141.13999938964844,143.55999755859375,2341800.0
2020-06-01,143.9499969482422,144.94000244140625,142.3699951171875,142.44000244140625,2024200.0
2020-06-02,143.92999267578125,143.92999267578125,138.91000366210938,140.0,2369100.0
2020-06-03,140.66000366210938,141.86000061035156,138.94000244140625,139.49000549316406,1630600.0
2020-06-04,138.61000061035156,140.5500030517578,134.02000427246094,136.9600067138672,2804400.0
2020-06-05,139.41000366210938,141.9499969482422,136.4199981689453,141.27999877929688,2733700.0
2020-06-08,141.4199981689453,142.1300048828125,139.58999633789062,141.60000610351562,1918900.0
2020-06-09,141.07000732421875,142.82000732421875,139.80999755859375,141.47999572753906,1980100.0
2020-06-10,141.5800018310547,143.49000549316406,138.1699981689453,138.27999877929688,2161700.0
2020-06-11,138.22000122070312,138.22000122070312,132.80999755859375,133.92999267578125,3828300.0
2020-06-12,135.6300048828125,136.7899932861328,134.14999389648438,136.0,1703100.0
2020-06-15,133.66000366210938,139.75999450683594,133.1300048828125,139.52000427246094,2026500.0
2020-06-16,142.5,143.7899932861328,139.25,142.50999450683594,1962800.0
2020-06-17,143.07000732421875,146.86000061035156,143.0500030517578,145.5,3594200.0
2020-06-18,144.7100067138672,146.10000610351562,141.72999572753906,143.16000366210938,8472200.0
2020-06-19,145.4499969482422,145.4499969482422,138.6999969482422,139.85000610351562,5838700.0
2020-06-22,139.72999572753906,145.1699981689453,139.16000366210938,142.11000061035156,3014500.0
2020-06-23,143.19000244140625,143.99000549316406,140.6699981689453,141.91000366210938,2071500.0
2020-06-24,140.60000610351562,141.42999267578125,136.5,140.02000427246094,1721500.0
2020-06-25,140.07000732421875,143.1699981689453,139.58999633789062,143.07000732421875,1451400.0
2020-06-26,143.49000549316406,146.07000732421875,140.22000122070312,140.58999633789062,6131300.0
2020-06-29,142.72000122070312,142.72000122070312,139.50999450683594,140.1300048828125,1440300.0
2020-06-30,140.02000427246094,142.50999450683594,139.14999389648438,142.11000061035156,1671400.0
2020-07-01,142.77000427246094,148.6999969482422,142.35000610351562,147.38999938964844,1180400.0
2020-07-02,149.3000030517578,149.8000030517578,147.77000427246094,148.58999633789062,1296800.0
2020-07-06,150.0,150.49000549316406,147.22000122070312,147.80999755859375,1299900.0
2020-07-07,146.49000549316406,148.42999267578125,146.00999450683594,147.49000549316406,1280400.0
2020-07-08,148.42999267578125,149.58999633789062,145.63999938964844,147.11000061035156,1133500.0
2020-07-09,146.8699951171875,147.99000549316406,144.91000366210938,147.02999877929688,946100.0
2020-07-10,147.02999877929688,148.57000732421875,146.88999938964844,147.38999938964844,1727700.0
2020-07-13,147.85000610351562,147.92999267578125,142.0500030517578,142.69000244140625,1485200.0
2020-07-14,142.99000549316406,147.2899932861328,142.99000549316406,146.77999877929688,1059300.0
2020-07-15,148.77000427246094,149.00999450683594,142.97999572753906,144.1699981689453,1788800.0
2020-07-16,144.42999267578125,145.13999938964844,140.2899932861328,140.4600067138672,1535700.0
2020-07-17,141.10000610351562,144.9499969482422,139.94000244140625,143.75,1112200.0
2020-07-20,143.7899932861328,145.97999572753906,143.25,144.24000549316406,1041400.0
2020-07-21,146.17999267578125,146.42999267578125,142.3800048828125,143.3000030517578,1152100.0
2020-07-22,142.82000732421875,145.14999389648438,142.58999633789062,144.8699951171875,1077400.0
2020-07-23,145.36000061035156,146.9600067138672,144.36000061035156,145.7899932861328,1192900.0
2020-07-24,145.60000610351562,147.24000549316406,145.1300048828125,146.99000549316406,1104500.0
2020-07-27,146.42999267578125,151.1199951171875,145.44000244140625,151.00999450683594,1577900.0
2020-07-28,151.17999267578125,154.4199981689453,150.80999755859375,153.97000122070312,1711900.0
2020-07-29,154.0,157.3699951171875,154.0,157.1999969482422,1531800.0
2020-07-30,156.4199981689453,159.4199981689453,156.1199951171875,158.72999572753906,1956700.0
2020-07-31,162.1300048828125,165.49000549316406,158.64999389648438,160.5399932861328,4292100.0
2020-08-03,159.85000610351562,161.57000732421875,159.5500030517578,160.66000366210938,1513300.0
2020-08-04,159.52999877929688,161.49000549316406,159.02000427246094,161.10000610351562,1674600.0
2020-08-05,161.42999267578125,161.5,158.7100067138672,159.61000061035156,966700.0
2020-08-06,158.89999389648438,160.0,156.83999633789062,157.0,867700.0
2020-08-07,156.5500030517578,159.0500030517578,156.22000122070312,158.61000061035156,971700.0
2020-08-10,158.58999633789062,159.11000061035156,155.57000732421875,158.24000549316406,1520400.0
2020-08-11,158.5399932861328,158.5399932861328,151.4499969482422,151.6300048828125,1422000.0
2020-08-12,151.9199981689453,154.8699951171875,151.5,154.44000244140625,953000.0
2020-08-13,154.08999633789062,155.08999633789062,152.0399932861328,152.13999938964844,968800.0
2020-08-14,152.3699951171875,155.13999938964844,152.27000427246094,153.32000732421875,1294900.0
2020-08-17,153.33999633789062,157.0,153.30999755859375,156.52000427246094,1098600.0
2020-08-18,156.5500030517578,157.1999969482422,154.80999755859375,156.4600067138672,762300.0
2020-08-19,157.1999969482422,157.3300018310547,151.41000366210938,151.97999572753906,1185400.0
2020-08-20,151.47999572753906,156.0399932861328,151.1199951171875,155.14999389648438,1055300.0
2020-08-21,155.75999450683594,155.75999450683594,152.77999877929688,154.55999755859375,757100.0
2020-08-24,154.25,154.74000549316406,150.30999755859375,152.85000610351562,844400.0
2020-08-25,153.92999267578125,155.80999755859375,152.6699981689453,154.75,1312800.0
2020-08-26,153.75999450683594,154.08999633789062,152.33999633789062,153.9600067138672,815600.0
2020-08-27,154.6699981689453,155.5800018310547,153.4499969482422,153.6999969482422,870000.0
2020-08-28,153.9499969482422,154.35000610351562,151.6199951171875,154.2899932861328,1049000.0
2020-08-31,154.91000366210938,157.0,154.47000122070312,155.64999389648438,1328200.0
2020-09-01,155.11000061035156,155.24000549316406,152.10000610351562,153.55999755859375,735500.0
2020-09-02,152.33999633789062,155.24000549316406,151.30999755859375,155.0,2040800.0
2020-09-03,154.77000427246094,155.4600067138672,146.66000366210938,148.16000366210938,1350000.0
2020-09-04,148.1999969482422,148.99000549316406,142.02999877929688,145.17999267578125,2312300.0
2020-09-08,144.60000610351562,145.4600067138672,140.33999633789062,144.30999755859375,2021800.0
2020-09-09,145.6199951171875,149.75999450683594,145.19000244140625,147.5800018310547,2120200.0
2020-09-10,147.11000061035156,148.5399932861328,145.4499969482422,145.6300048828125,928100.0
2020-09-11,146.5800018310547,147.47000122070312,145.11000061035156,145.60000610351562,1532200.0
2020-09-14,145.00999450683594,146.33999633789062,143.22000122070312,144.27999877929688,1745700.0
2020-09-15,144.86000061035156,148.47000122070312,144.83999633789062,147.27999877929688,1881900.0
2020-09-16,150.0,152.97999572753906,149.3699951171875,150.42999267578125,2125400.0
2020-09-17,148.8300018310547,149.69000244140625,145.5399932861328,146.72999572753906,1855000.0
2020-09-18,145.69000244140625,147.0800018310547,144.02999877929688,144.8800048828125,2608700.0
2020-09-21,144.32000732421875,144.64999389648438,141.35000610351562,141.86000061035156,2085400.0
2020-09-22,141.60000610351562,144.97000122070312,141.08999633789062,143.41000366210938,1770700.0
2020-09-23,142.4499969482422,143.25,138.7100067138672,139.19000244140625,2067300.0
2020-09-24,139.52999877929688,143.11000061035156,139.47999572753906,141.25,1166500.0
2020-09-25,141.25,142.0800018310547,139.75,142.02000427246094,1225500.0
2020-09-28,144.17999267578125,146.13999938964844,143.83999633789062,145.94000244140625,1414600.0
2020-09-29,146.0,148.1699981689453,145.74000549316406,147.52000427246094,1017500.0
2020-09-30,148.13999938964844,148.7899932861328,145.44000244140625,146.75999450683594,1656400.0
2020-10-01,146.88999938964844,148.25,145.1999969482422,147.25,1482900.0
2020-10-02,146.39999389648438,149.77999877929688,145.39999389648438,149.35000610351562,1726000.0
2020-10-05,149.07000732421875,152.4199981689453,147.13999938964844,151.97999572753906,1339300.0
2020-10-06,151.97999572753906,153.47999572753906,150.17999267578125,153.02999877929688,1222200.0
2020-10-07,153.5800018310547,154.1999969482422,152.19000244140625,152.5800018310547,1438100.0
2020-10-08,153.25999450683594,158.0,153.13999938964844,156.85000610351562,1000800.0
2020-10-09,157.58999633789062,158.6999969482422,156.82000732421875,158.33999633789062,1205400.0
2020-10-12,158.27000427246094,159.5800018310547,156.92999267578125,159.05999755859375,1320700.0
2020-10-13,158.6199951171875,159.50999450683594,157.41000366210938,157.97999572753906,1120200.0
2020-10-14,157.99000549316406,158.27999877929688,155.38999938964844,156.36000061035156,1044500.0
2020-10-15,155.58999633789062,158.66000366210938,155.0,156.6699981689453,1038600.0
2020-10-16,156.5399932861328,158.99000549316406,155.88999938964844,157.6999969482422,1336500.0
2020-10-19,158.16000366210938,158.6999969482422,154.52999877929688,155.17999267578125,1021000.0
2020-10-20,155.77000427246094,156.63999938964844,154.52000427246094,155.60000610351562,705900.0
2020-10-21,154.6199951171875,156.38999938964844,153.72999572753906,154.8699951171875,1025100.0
2020-10-22,154.7899932861328,155.0,151.9600067138672,152.3000030517578,1223600.0
2020-10-23,152.5,152.8699951171875,150.25,152.60000610351562,743000.0
2020-10-26,151.75999450683594,152.72999572753906,150.4600067138672,152.6699981689453,878900.0
2020-10-27,152.97999572753906,153.55999755859375,150.66000366210938,150.66000366210938,737700.0
2020-10-28,148.72999572753906,151.16000366210938,148.16000366210938,149.8800048828125,995500.0
2020-10-29,149.8699951171875,150.3300018310547,147.55999755859375,148.72000122070312,1118100.0
2020-10-30,147.5800018310547,147.5800018310547,140.91000366210938,144.3000030517578,1855300.0
2020-11-02,146.25999450683594,148.2899932861328,145.0,145.9499969482422,1175800.0
2020-11-03,147.47999572753906,147.91000366210938,145.33999633789062,145.88999938964844,1404600.0
2020-11-04,146.5,151.22999572753906,146.16000366210938,148.00999450683594,2445200.0
2020-11-05,150.52999877929688,151.39999389648438,147.41000366210938,147.50999450683594,1874500.0
2020-11-06,148.33999633789062,148.33999633789062,146.42999267578125,146.67999267578125,2211100.0
2020-11-09,149.8699951171875,150.8300018310547,138.0,138.22000122070312,3239100.0
2020-11-10,138.55999755859375,138.9499969482422,134.4199981689453,135.82000732421875,2867600.0
2020-11-11,138.19000244140625,141.69000244140625,137.27000427246094,140.99000549316406,2579100.0
2020-11-12,141.39999389648438,142.61000061035156,140.14999389648438,141.39999389648438,1263300.0
2020-11-13,142.61000061035156,144.99000549316406,141.00999450683594,144.64999389648438,1500900.0
2020-11-16,145.0,145.14999389648438,140.41000366210938,142.0,1875600.0
2020-11-17,141.86000061035156,143.27999877929688,140.38999938964844,142.4199981689453,1131600.0
2020-11-18,142.22999572753906,145.11000061035156,141.66000366210938,142.39999389648438,1812200.0
2020-11-19,141.97000122070312,143.4499969482422,140.41000366210938,143.0,1229600.0
2020-11-20,143.0,144.32000732421875,142.00999450683594,142.6999969482422,1457800.0
2020-11-23,142.64999389648438,143.97000122070312,139.72999572753906,139.97000122070312,1230700.0
2020-11-24,139.75,140.44000244140625,131.91000366210938,132.60000610351562,3999800.0
2020-11-25,133.9499969482422,135.94000244140625,132.7100067138672,135.75,3046600.0
2020-11-27,136.27999877929688,136.82000732421875,135.2100067138672,136.72999572753906,487100.0
2020-11-30,137.0,137.07000732421875,134.27000427246094,134.75,2116500.0
2020-12-01,135.83999633789062,137.75,134.7899932861328,135.1300048828125,2106100.0
2020-12-02,134.75,135.22000122070312,132.0800018310547,132.16000366210938,1680000.0
2020-12-03,133.64999389648438,135.35000610351562,133.02000427246094,133.64999389648438,1672800.0
2020-12-04,133.77000427246094,135.8000030517578,132.7100067138672,135.47000122070312,1805600.0
2020-12-07,135.22999572753906,137.55999755859375,134.7899932861328,135.22999572753906,1556900.0
2020-12-08,135.3699951171875,136.38999938964844,133.0800018310547,133.3699951171875,1927900.0
2020-12-09,133.4499969482422,133.61000061035156,129.72000122070312,129.75,2580200.0
2020-12-10,130.0,131.1699981689453,128.67999267578125,129.66000366210938,2774900.0
2020-12-11,129.22000122070312,130.8800048828125,128.0,130.27000427246094,1767000.0
2020-12-14,129.16000366210938,131.05999755859375,128.0,128.08999633789062,1847600.0
2020-12-15,128.27000427246094,129.1999969482422,126.79000091552734,128.8000030517578,2529300.0
2020-12-16,129.24000549316406,130.77999877929688,128.0399932861328,129.5800018310547,1494600.0
2020-12-17,130.1999969482422,134.91000366210938,130.1999969482422,133.92999267578125,2303000.0
2020-12-18,134.07000732421875,134.9499969482422,132.19000244140625,134.02000427246094,5403600.0
2020-12-21,131.97999572753906,134.74000549316406,131.27999877929688,134.64999389648438,2065700.0
2020-12-22,134.33999633789062,138.60000610351562,134.19000244140625,138.5399932861328,2023300.0
2020-12-23,139.22999572753906,139.9600067138672,136.7899932861328,136.7899932861328,1959300.0
2020-12-24,136.8800048828125,138.1699981689453,136.52999877929688,137.42999267578125,460100.0
2020-12-28,137.72000122070312,138.8800048828125,137.3699951171875,138.61000061035156,1140600.0
2020-12-29,139.0,139.57000732421875,137.72000122070312,138.0,1009200.0
2020-12-30,138.2100067138672,139.77999877929688,137.72000122070312,138.35000610351562,1032800.0
2020-12-31,138.19000244140625,139.72000122070312,137.0,139.50999450683594,1019000.0
2021-01-04,139.99000549316406,139.99000549316406,135.08999633789062,135.2899932861328,1858100.0
2021-01-05,135.42999267578125,136.27999877929688,132.8800048828125,132.9600067138672,1614000.0
2021-01-06,132.1300048828125,132.82000732421875,130.05999755859375,132.11000061035156,1823800.0
2021-01-07,131.89999389648438,134.16000366210938,131.60000610351562,133.61000061035156,2187100.0
2021-01-08,133.50999450683594,134.89999389648438,132.00999450683594,133.60000610351562,2341500.0
2021-01-11,133.17999267578125,133.3699951171875,129.57000732421875,131.27000427246094,1917500.0
2021-01-12,130.99000549316406,131.9199981689453,130.0500030517578,131.50999450683594,1748700.0
2021-01-13,131.75,133.60000610351562,131.75,133.14999389648438,1272800.0
2021-01-14,132.94000244140625,134.2100067138672,131.6300048828125,133.4499969482422,1442200.0
2021-01-15,133.10000610351562,136.64999389648438,132.6999969482422,136.47999572753906,1762600.0
2021-01-19,139.1999969482422,139.25999450683594,137.0800018310547,137.99000549316406,1622100.0
2021-01-20,137.99000549316406,141.4199981689453,137.13999938964844,140.72000122070312,1814000.0
2021-01-21,140.00999450683594,141.5399932861328,139.13999938964844,141.22000122070312,1459500.0
2021-01-22,140.6699981689453,142.0399932861328,140.14999389648438,140.4600067138672,1109700.0
2021-01-25,141.0399932861328,143.75,140.61000061035156,142.6300048828125,1651800.0
2021-01-26,142.2899932861328,146.0,141.86000061035156,145.85000610351562,1167100.0
2021-01-27,145.36000061035156,149.69000244140625,144.0,149.1699981689453,2866100.0
2021-01-28,147.1199951171875,149.08999633789062,144.6999969482422,144.8699951171875,3027600.0
2021-01-29,143.8300018310547,147.3800048828125,141.85000610351562,143.9499969482422,3433600.0
2021-02-01,144.39999389648438,148.25,143.38999938964844,148.2100067138672,1954200.0
2021-02-02,149.0,150.42999267578125,147.89999389648438,148.61000061035156,1231100.0
2021-02-03,148.36000061035156,148.36000061035156,145.99000549316406,147.32000732421875,1283000.0
2021-02-04,147.13999938964844,147.33999633789062,142.86000061035156,145.0500030517578,2725400.0
2021-02-05,145.0500030517578,147.0,144.64999389648438,145.55999755859375,1478600.0
2021-02-08,145.02000427246094,146.66000366210938,144.2100067138672,146.3699951171875,1025400.0
2021-02-09,146.3699951171875,148.35000610351562,145.80999755859375,148.24000549316406,1220800.0
2021-02-10,149.5,149.9600067138672,146.05999755859375,147.52999877929688,801900.0
2021-02-11,147.19000244140625,148.75,143.94000244140625,144.82000732421875,1521700.0
2021-02-12,144.0,145.0,138.35000610351562,140.05999755859375,1957100.0
2021-02-16,140.8300018310547,140.86000061035156,135.8000030517578,137.1999969482422,2529600.0
2021-02-17,136.9199981689453,138.66000366210938,136.72999572753906,138.27999877929688,1203100.0
2021-02-18,137.66000366210938,139.0,137.1300048828125,137.94000244140625,1011900.0
2021-02-19,138.05999755859375,139.4600067138672,136.41000366210938,136.4499969482422,1446600.0
2021-02-22,135.5500030517578,138.05999755859375,134.5,137.60000610351562,1647200.0
2021-02-23,138.36000061035156,138.85000610351562,135.83999633789062,137.3000030517578,1776700.0
2021-02-24,136.72999572753906,137.63999938964844,134.6999969482422,135.14999389648438,1243500.0
2021-02-25,135.0,137.2100067138672,133.1699981689453,134.3699951171875,1386600.0
2021-02-26,134.92999267578125,138.0,134.50999450683594,134.72999572753906,2722100.0
2021-03-01,135.58999633789062,137.02000427246094,132.3000030517578,132.9600067138672,1930900.0
2021-03-02,132.8800048828125,133.80999755859375,129.8800048828125,131.1199951171875,1761900.0
2021-03-03,130.5,131.0,125.12000274658203,125.66000366210938,2075700.0
2021-03-04,126.1500015258789,131.0399932861328,124.6500015258789,129.0,2959700.0
2021-03-05,129.0,132.58999633789062,126.33000183105469,132.0,2783300.0
2021-03-08,131.97000122070312,135.0,130.02999877929688,132.17999267578125,2053600.0
2021-03-09,133.5399932861328,137.4499969482422,133.25,135.0800018310547,1728900.0
2021-03-10,135.6199951171875,136.77999877929688,134.27999877929688,135.35000610351562,1811900.0
2021-03-11,135.64999389648438,137.22999572753906,134.38999938964844,134.85000610351562,1648800.0
2021-03-12,131.60000610351562,134.32000732421875,130.22000122070312,134.19000244140625,2864000.0
2021-03-15,134.5800018310547,135.64999389648438,134.08999633789062,135.07000732421875,2388700.0
2021-03-16,135.5,136.41000366210938,135.11000061035156,135.67999267578125,1737300.0
2021-03-17,135.25,135.72999572753906,134.02999877929688,134.67999267578125,1782900.0
2021-03-18,133.67999267578125,135.05999755859375,132.25999450683594,134.16000366210938,1174300.0
2021-03-19,134.16000366210938,137.58999633789062,133.39999389648438,133.50999450683594,2355000.0
2021-03-22,133.83999633789062,136.80999755859375,133.50999450683594,136.5500030517578,1422300.0
2021-03-23,137.1300048828125,140.1999969482422,136.5800018310547,140.0,1629100.0
2021-03-24,139.19000244140625,141.08999633789062,138.11000061035156,140.08999633789062,2166100.0
2021-03-25,140.07000732421875,140.72999572753906,137.77000427246094,138.36000061035156,1763100.0
2021-03-26,138.27000427246094,143.10000610351562,137.63999938964844,142.91000366210938,1867300.0
2021-03-29,142.9499969482422,145.0500030517578,141.07000732421875,144.5500030517578,1270500.0
2021-03-30,143.6699981689453,144.1199951171875,140.75999450683594,141.24000549316406,1322800.0
2021-03-31,140.6699981689453,142.3699951171875,138.6999969482422,140.83999633789062,1600700.0
2021-04-01,141.66000366210938,143.3699951171875,140.5500030517578,143.25,1334100.0
2021-04-05,143.5399932861328,145.8699951171875,142.72000122070312,145.77000427246094,1268000.0
2021-04-06,145.41000366210938,145.64999389648438,143.07000732421875,144.6699981689453,1266600.0
2021-04-07,145.25999450683594,145.35000610351562,142.52000427246094,142.89999389648438,1726700.0
2021-04-08,144.0500030517578,145.80999755859375,141.66000366210938,141.8800048828125,1510700.0
2021-04-09,142.0,142.0500030517578,140.32000732421875,141.25999450683594,1385000.0
2021-04-12,141.49000549316406,143.6699981689453,140.2899932861328,143.52000427246094,974400.0
2021-04-13,143.60000610351562,146.4600067138672,143.33999633789062,146.19000244140625,1288800.0
2021-04-14,145.75,146.2899932861328,143.4199981689453,143.6199951171875,725000.0
2021-04-15,144.47999572753906,147.39999389648438,144.41000366210938,147.24000549316406,965800.0
2021-04-16,147.55999755859375,147.77999877929688,145.50999450683594,145.9600067138672,1292200.0
2021-04-19,146.1999969482422,147.97999572753906,145.39999389648438,147.75999450683594,774500.0
2021-04-20,148.00999450683594,151.77999877929688,148.00999450683594,150.94000244140625,1382100.0
2021-04-21,151.92999267578125,152.3000030517578,150.3000030517578,150.82000732421875,1434100.0
2021-04-22,150.30999755859375,150.66000366210938,148.97000122070312,149.0500030517578,1066500.0
2021-04-23,148.8800048828125,149.82000732421875,147.72000122070312,149.0399932861328,697400.0
2021-04-26,149.50999450683594,149.50999450683594,147.74000549316406,148.22999572753906,1345800.0
2021-04-27,148.89999389648438,148.89999389648438,146.69000244140625,147.92999267578125,1082500.0
2021-04-28,148.38999938964844,148.5,146.58999633789062,147.1699981689453,1151600.0
2021-04-29,147.52999877929688,149.0399932861328,145.27000427246094,149.0399932861328,1656100.0
2021-04-30,150.0,154.55999755859375,149.66000366210938,154.30999755859375,2837200.0
2021-05-03,153.4199981689453,153.77000427246094,150.57000732421875,151.6699981689453,1607800.0
2021-05-04,151.64999389648438,154.1300048828125,151.5399932861328,153.00999450683594,1553100.0
2021-05-05,152.22000122070312,152.60000610351562,149.64999389648438,150.16000366210938,1453600.0
2021-05-06,150.0,150.91000366210938,148.1999969482422,149.52999877929688,1129600.0
2021-05-07,150.0500030517578,151.39999389648438,148.85000610351562,151.17999267578125,1312400.0
2021-05-10,151.8800048828125,152.50999450683594,150.74000549316406,151.02999877929688,954300.0
2021-05-11,150.5399932861328,150.5399932861328,147.7899932861328,148.64999389648438,1118300.0
2021-05-12,148.0500030517578,148.97999572753906,146.30999755859375,147.1199951171875,1094600.0
2021-05-13,147.25,149.99000549316406,146.1199951171875,148.94000244140625,1847400.0
2021-05-14,149.30999755859375,149.91000366210938,148.0800018310547,148.8800048828125,555700.0
2021-05-17,149.02000427246094,150.47999572753906,148.11000061035156,148.22000122070312,791400.0
2021-05-18,147.6999969482422,150.5399932861328,146.75999450683594,149.91000366210938,907300.0
2021-05-19,150.0399932861328,151.16000366210938,148.2100067138672,150.00999450683594,763700.0
2021-05-20,150.16000366210938,153.13999938964844,149.63999938964844,151.25,822700.0
2021-05-21,150.33999633789062,151.88999938964844,150.25,150.89999389648438,644400.0
2021-05-24,151.60000610351562,152.22999572753906,150.55999755859375,151.22000122070312,913200.0
2021-05-25,151.22000122070312,152.72000122070312,150.0,152.44000244140625,775800.0
2021-05-26,152.77000427246094,153.3699951171875,150.74000549316406,150.9600067138672,887000.0
2021-05-27,150.9600067138672,151.83999633789062,149.5800018310547,150.1699981689453,979200.0
2021-05-28,151.3300018310547,152.7100067138672,150.1699981689453,151.55999755859375,800600.0
2021-06-01,152.17999267578125,153.1699981689453,151.55999755859375,153.14999389648438,815700.0
2021-06-02,153.61000061035156,154.80999755859375,152.72000122070312,154.75999450683594,1536200.0
2021-06-03,155.0,156.1300048828125,153.6300048828125,155.42999267578125,1683400.0
2021-06-04,156.1999969482422,156.5800018310547,155.0,155.17999267578125,1030100.0
2021-06-07,156.05999755859375,159.10000610351562,155.5,158.5,1543600.0
2021-06-08,158.97999572753906,160.8699951171875,158.39999389648438,160.02000427246094,1680100.0
2021-06-09,161.24000549316406,162.13999938964844,160.19000244140625,160.8800048828125,1424200.0
2021-06-10,160.19000244140625,164.0399932861328,159.10000610351562,163.94000244140625,1123900.0
2021-06-11,163.05999755859375,163.5,161.44000244140625,162.1999969482422,1185500.0
2021-06-14,161.13999938964844,162.39999389648438,160.3699951171875,162.3300018310547,1062100.0
2021-06-15,162.0500030517578,162.44000244140625,159.27000427246094,159.3699951171875,1034800.0
2021-06-16,160.27000427246094,161.94000244140625,157.4499969482422,157.57000732421875,2547000.0
2021-06-17,157.0,157.75999450683594,155.00999450683594,156.69000244140625,2104600.0
2021-06-18,156.8300018310547,157.52999877929688,154.07000732421875,154.1999969482422,4174800.0
2021-06-21,154.57000732421875,156.2899932861328,153.10000610351562,155.67999267578125,1593700.0
2021-06-22,155.57000732421875,156.6199951171875,154.88999938964844,154.88999938964844,1185000.0
2021-06-23,154.42999267578125,154.52999877929688,149.9600067138672,151.9499969482422,1944100.0
2021-06-24,151.9499969482422,152.92999267578125,149.6999969482422,150.02999877929688,1543900.0
2021-06-25,150.17999267578125,152.44000244140625,149.7100067138672,152.2100067138672,1041000.0
2021-06-28,152.69000244140625,153.4199981689453,151.82000732421875,152.69000244140625,1066500.0
2021-06-29,152.25999450683594,153.88999938964844,151.72000122070312,152.41000366210938,929200.0
2021-06-30,152.33999633789062,153.5800018310547,150.25999450683594,150.4600067138672,1333500.0
2021-07-01,150.5800018310547,151.55999755859375,149.74000549316406,149.83999633789062,1556900.0
2021-07-02,150.3800048828125,151.6199951171875,149.66000366210938,150.27000427246094,1187100.0
2021-07-06,150.27000427246094,152.52000427246094,149.8800048828125,152.32000732421875,1398100.0
2021-07-07,152.58999633789062,154.6300048828125,151.13999938964844,153.88999938964844,1648100.0
2021-07-08,153.7100067138672,155.41000366210938,153.30999755859375,154.5800018310547,1072800.0
2021-07-09,155.10000610351562,155.82000732421875,154.5399932861328,155.75999450683594,1279700.0
2021-07-12,156.22999572753906,158.05999755859375,155.5,157.67999267578125,1021800.0
2021-07-13,157.60000610351562,158.0,154.99000549316406,155.49000549316406,774000.0
2021-07-14,155.38999938964844,157.75,155.1199951171875,157.36000061035156,733700.0
2021-07-15,157.88999938964844,158.5,156.10000610351562,157.08999633789062,624100.0
2021-07-16,157.3800048828125,158.75999450683594,156.77000427246094,157.32000732421875,738700.0
2021-07-19,157.52000427246094,158.5800018310547,155.10000610351562,156.32000732421875,1557500.0
2021-07-20,156.6199951171875,157.8000030517578,156.25,157.0,958600.0
2021-07-21,156.60000610351562,156.6199951171875,154.41000366210938,154.67999267578125,922900.0
2021-07-22,154.22999572753906,154.8800048828125,153.3300018310547,153.97999572753906,805600.0
2021-07-23,153.82000732421875,155.08999633789062,152.72999572753906,154.86000061035156,737500.0
2021-07-26,154.27000427246094,154.4499969482422,152.85000610351562,153.77999877929688,974100.0
2021-07-27,153.77999877929688,155.75,152.85000610351562,155.3800048828125,814500.0
2021-07-28,155.30999755859375,155.3300018310547,153.3699951171875,154.16000366210938,765300.0
2021-07-29,154.67999267578125,154.88999938964844,149.8000030517578,150.49000549316406,1613800.0
2021-07-30,154.49000549316406,157.69000244140625,153.3800048828125,154.16000366210938,1819400.0
2021-08-02,154.35000610351562,156.61000061035156,153.0,154.74000549316406,862300.0
2021-08-03,154.77000427246094,156.5500030517578,153.97000122070312,155.14999389648438,1073300.0
2021-08-04,155.49000549316406,157.1199951171875,154.35000610351562,155.92999267578125,828400.0
2021-08-05,156.39999389648438,156.6199951171875,154.08999633789062,155.9600067138672,1107600.0
2021-08-06,155.8000030517578,157.9499969482422,155.52000427246094,157.0800018310547,758900.0
2021-08-09,156.72000122070312,158.0500030517578,156.22000122070312,157.6699981689453,1477100.0
2021-08-10,157.5500030517578,157.75,154.24000549316406,154.3699951171875,895500.0
2021-08-11,154.64999389648438,156.9600067138672,154.3300018310547,156.4600067138672,752800.0
2021-08-12,156.5500030517578,158.0500030517578,155.1699981689453,157.52000427246094,868100.0
2021-08-13,158.16000366210938,159.17999267578125,157.63999938964844,159.10000610351562,477200.0
2021-08-16,158.88999938964844,161.6999969482422,158.19000244140625,161.39999389648438,1011200.0
2021-08-17,161.1199951171875,162.3699951171875,160.00999450683594,161.6199951171875,815000.0
2021-08-18,161.1999969482422,161.82000732421875,158.88999938964844,159.64999389648438,1273700.0
2021-08-19,160.36000061035156,163.61000061035156,159.58999633789062,162.89999389648438,1136400.0
2021-08-20,162.64999389648438,164.25,161.77999877929688,162.77000427246094,1007500.0
2021-08-23,162.17999267578125,163.38999938964844,161.39999389648438,162.08999633789062,1215400.0
2021-08-24,162.19000244140625,162.2899932861328,160.0,161.5800018310547,949400.0
2021-08-25,160.67999267578125,161.0500030517578,157.0800018310547,158.6300048828125,1244800.0
2021-08-26,158.3000030517578,159.52999877929688,157.5399932861328,158.86000061035156,791100.0
2021-08-27,159.60000610351562,160.4499969482422,158.75,160.11000061035156,904600.0
2021-08-30,160.10000610351562,162.4499969482422,159.33999633789062,162.4199981689453,1133300.0
2021-08-31,162.44000244140625,164.16000366210938,161.0,163.91000366210938,1272700.0
2021-09-01,164.39999389648438,166.8300018310547,163.4199981689453,166.60000610351562,1169100.0
2021-09-02,167.0,168.07000732421875,164.77999877929688,168.0,1109300.0
2021-09-03,167.3000030517578,168.3000030517578,165.99000549316406,167.60000610351562,1296200.0
2021-09-07,166.92999267578125,166.92999267578125,164.27000427246094,166.39999389648438,1343800.0
2021-09-08,165.74000549316406,168.3000030517578,165.50999450683594,166.13999938964844,1400300.0
2021-09-09,159.13999938964844,160.4499969482422,157.75999450683594,157.8800048828125,5111700.0
2021-09-10,158.1699981689453,158.97999572753906,155.19000244140625,155.3699951171875,2428000.0
2021-09-13,156.05999755859375,156.80999755859375,153.60000610351562,154.7100067138672,1617900.0
2021-09-14,153.8699951171875,154.75,153.24000549316406,154.2100067138672,1077300.0
2021-09-15,154.14999389648438,156.75999450683594,153.77999877929688,156.02000427246094,1695700.0
2021-09-16,156.02000427246094,156.75999450683594,154.00999450683594,156.41000366210938,968000.0
2021-09-17,155.05999755859375,157.99000549316406,155.05999755859375,156.8000030517578,2601700.0
2021-09-20,156.2100067138672,157.72999572753906,154.88999938964844,157.30999755859375,1447600.0
2021-09-21,157.3699951171875,158.64999389648438,156.5500030517578,157.16000366210938,1785900.0
2021-09-22,157.6699981689453,160.08999633789062,157.39999389648438,159.52999877929688,1789400.0
2021-09-23,159.8000030517578,160.0,153.9600067138672,154.67999267578125,1523600.0
2021-09-24,154.35000610351562,155.00999450683594,152.11000061035156,152.72000122070312,1083700.0
2021-09-27,151.92999267578125,152.88999938964844,147.60000610351562,147.77999877929688,1514600.0
2021-09-28,146.77000427246094,147.00999450683594,143.00999450683594,146.08999633789062,2709000.0
2021-09-29,146.22000122070312,148.1999969482422,146.22000122070312,146.75999450683594,1128000.0
2021-09-30,147.27000427246094,147.63999938964844,144.3699951171875,144.4499969482422,995500.0
2021-10-01,145.4199981689453,146.4199981689453,144.0500030517578,145.05999755859375,889900.0
2021-10-04,144.52000427246094,146.0399932861328,143.8300018310547,145.4499969482422,1177400.0
2021-10-05,143.0,144.14999389648438,141.0,142.6999969482422,1694700.0
2021-10-06,142.4600067138672,145.1199951171875,140.8800048828125,145.10000610351562,1449300.0
2021-10-07,145.77999877929688,146.77000427246094,143.42999267578125,143.69000244140625,1022800.0
2021-10-08,143.3800048828125,143.3800048828125,140.25999450683594,140.66000366210938,1066700.0
2021-10-11,140.27000427246094,140.75,139.4499969482422,139.72999572753906,1065700.0
2021-10-12,139.97999572753906,142.24000549316406,139.30999755859375,141.8699951171875,1372400.0
2021-10-13,142.1300048828125,144.41000366210938,141.47999572753906,144.3300018310547,1537400.0
2021-10-14,145.6300048828125,149.42999267578125,145.44000244140625,148.9499969482422,1631200.0
2021-10-15,149.57000732421875,149.99000549316406,146.8000030517578,147.5399932861328,1323900.0
2021-10-18,146.8699951171875,148.0500030517578,146.11000061035156,147.5399932861328,1783500.0
2021-10-19,147.57000732421875,150.11000061035156,146.75999450683594,149.91000366210938,1699600.0
2021-10-20,150.75,154.27000427246094,150.3800048828125,153.16000366210938,1330500.0
2021-10-21,153.02000427246094,154.8699951171875,152.3300018310547,154.77999877929688,980900.0
2021-10-22,155.0,157.10000610351562,153.97999572753906,156.88999938964844,969400.0
2021-10-25,156.91000366210938,157.35000610351562,155.1300048828125,156.72000122070312,1087300.0
2021-10-26,157.32000732421875,158.27999877929688,156.57000732421875,157.25,1143000.0
2021-10-27,161.99000549316406,161.99000549316406,156.6199951171875,156.88999938964844,1319000.0
2021-10-28,157.3300018310547,160.22999572753906,157.05999755859375,160.08999633789062,930500.0
2021-10-29,159.0399932861328,160.5,157.00999450683594,157.80999755859375,1512900.0
2021-11-01,157.49000549316406,158.14999389648438,155.07000732421875,158.07000732421875,907800.0
2021-11-02,158.7899932861328,159.1699981689453,157.1199951171875,157.97000122070312,847800.0
2021-11-03,158.36000061035156,159.6699981689453,157.3300018310547,158.5,1216000.0
2021-11-04,158.72000122070312,159.27000427246094,155.97000122070312,156.16000366210938,1051000.0
2021-11-05,156.80999755859375,157.25,154.39999389648438,155.47000122070312,773500.0
2021-11-08,155.75,156.4199981689453,153.88999938964844,156.05999755859375,862600.0
2021-11-09,156.5500030517578,159.50999450683594,156.41000366210938,157.14999389648438,1243900.0
2021-11-10,156.60000610351562,157.99000549316406,154.02999877929688,154.11000061035156,855800.0
2021-11-11,154.0399932861328,154.63999938964844,151.86000061035156,153.6699981689453,730800.0
2021-11-12,154.02000427246094,156.52999877929688,153.35000610351562,156.32000732421875,1062600.0
2021-11-15,158.0,162.5800018310547,158.0,161.1999969482422,1851200.0
2021-11-16,161.41000366210938,162.35000610351562,160.5,161.7100067138672,1583300.0
2021-11-17,161.0800018310547,164.27999877929688,160.8300018310547,164.11000061035156,1325800.0
2021-11-18,164.74000549316406,165.3000030517578,161.61000061035156,164.3000030517578,949100.0
2021-11-19,165.47000122070312,166.5,164.3699951171875,165.5800018310547,1550800.0
2021-11-22,164.5,165.49000549316406,162.77999877929688,163.17999267578125,947700.0
2021-11-23,163.3300018310547,166.13999938964844,163.17999267578125,165.11000061035156,1249800.0
2021-11-24,165.83999633789062,166.75,164.85000610351562,166.2100067138672,1183900.0
2021-11-26,164.97000122070312,168.5399932861328,164.0,164.75999450683594,1044100.0
2021-11-29,165.88999938964844,169.97000122070312,163.58999633789062,168.7899932861328,1400700.0
2021-11-30,167.97999572753906,169.82000732421875,166.9499969482422,167.74000549316406,2684700.0
2021-12-01,168.69000244140625,169.2100067138672,162.7100067138672,162.83999633789062,1875600.0
2021-12-02,163.36000061035156,166.8699951171875,163.05999755859375,165.6999969482422,1281000.0
2021-12-03,165.86000061035156,166.75999450683594,163.49000549316406,165.27999877929688,1369300.0
2021-12-06,165.82000732421875,166.97999572753906,164.0500030517578,165.14999389648438,1016300.0
2021-12-07,166.24000549316406,167.6199951171875,165.0,167.4199981689453,1350200.0
2021-12-08,167.10000610351562,168.5,165.77000427246094,168.11000061035156,1046000.0
2021-12-09,168.3000030517578,168.3000030517578,164.80999755859375,166.32000732421875,1121300.0
2021-12-10,166.69000244140625,168.3000030517578,165.47000122070312,167.10000610351562,1179000.0
2021-12-13,167.0500030517578,172.4199981689453,166.75,171.4199981689453,1561800.0
2021-12-14,170.0,170.0,165.38999938964844,167.24000549316406,1237600.0
2021-12-15,167.75,170.3800048828125,166.33999633789062,170.3699951171875,1320900.0
2021-12-16,170.50999450683594,172.64999389648438,169.89999389648438,171.99000549316406,1138600.0
2021-12-17,172.3300018310547,174.63999938964844,170.5,171.5399932861328,2835900.0
2021-12-20,170.27999877929688,172.80999755859375,169.6699981689453,171.14999389648438,1041700.0
2021-12-21,172.0399932861328,173.3699951171875,169.2899932861328,169.8800048828125,1194500.0
2021-12-22,170.41000366210938,171.41000366210938,169.0399932861328,171.41000366210938,1285400.0
2021-12-23,171.52999877929688,171.52999877929688,168.80999755859375,169.80999755859375,943400.0
2021-12-27,170.92999267578125,173.58999633789062,169.77999877929688,173.5,1290000.0
2021-12-28,173.44000244140625,174.9600067138672,172.3699951171875,174.86000061035156,1106700.0
2021-12-29,175.07000732421875,176.00999450683594,174.02000427246094,175.25999450683594,624300.0
2021-12-30,175.3300018310547,176.52999877929688,175.17999267578125,176.08999633789062,622600.0
2021-12-31,176.5399932861328,178.22000122070312,176.10000610351562,176.8699951171875,752000.0
2022-01-03,176.86000061035156,177.14999389648438,171.7100067138672,175.08999633789062,1000700.0
2022-01-04,174.5,175.0,168.22000122070312,169.08999633789062,1531600.0
2022-01-05,166.5800018310547,167.35000610351562,162.82000732421875,162.8800048828125,1470500.0
2022-01-06,161.3300018310547,162.24000549316406,157.6199951171875,160.8000030517578,1709400.0
2022-01-07,159.86000061035156,162.22000122070312,158.42999267578125,161.05999755859375,1265700.0
2022-01-10,158.5800018310547,161.0,155.1300048828125,159.24000549316406,1172300.0
2022-01-11,159.14999389648438,159.42999267578125,156.35000610351562,159.02999877929688,817300.0
2022-01-12,158.30999755859375,160.97999572753906,157.88999938964844,158.9499969482422,1060200.0
2022-01-13,159.2100067138672,159.8800048828125,157.14999389648438,157.6199951171875,1004100.0
2022-01-14,155.22999572753906,156.5,153.25999450683594,155.8800048828125,1395600.0
2022-01-18,154.5500030517578,156.58999633789062,153.44000244140625,155.8699951171875,1502000.0
2022-01-19,156.55999755859375,157.8699951171875,154.91000366210938,154.92999267578125,1113300.0
2022-01-20,155.10000610351562,158.0,154.80999755859375,155.39999389648438,1304200.0
2022-01-21,156.5800018310547,157.25,154.77999877929688,154.9499969482422,1825400.0
2022-01-24,154.1699981689453,154.25999450683594,150.8699951171875,153.91000366210938,2383200.0
2022-01-25,153.14999389648438,154.4600067138672,151.77000427246094,152.6699981689453,1478800.0
2022-01-26,153.00999450683594,153.85000610351562,147.1999969482422,147.72999572753906,1372400.0
2022-01-27,148.6199951171875,150.08999633789062,144.4499969482422,145.25999450683594,1275100.0
2022-01-28,145.8000030517578,149.00999450683594,143.8000030517578,148.8800048828125,1948300.0
2022-01-31,149.0500030517578,150.3300018310547,147.8800048828125,149.22999572753906,2902000.0
2022-02-01,149.44000244140625,149.44000244140625,146.60000610351562,147.74000549316406,1984900.0
2022-02-02,147.9600067138672,149.92999267578125,147.75,149.22999572753906,1816300.0
2022-02-03,148.85000610351562,149.0,146.6300048828125,147.0,1501600.0
2022-02-04,145.74000549316406,147.0,144.57000732421875,145.16000366210938,1320600.0
2022-02-07,145.2899932861328,146.8800048828125,145.08999633789062,146.0500030517578,1812400.0
2022-02-08,145.75,145.77999877929688,143.5,143.5800018310547,1408900.0
2022-02-09,145.27000427246094,147.47000122070312,145.02000427246094,146.9199981689453,1563700.0
2022-02-10,144.1699981689453,144.9600067138672,139.5800018310547,140.2100067138672,1393000.0
2022-02-11,140.58999633789062,140.77999877929688,135.82000732421875,136.2899932861328,3829600.0
2022-02-14,136.52999877929688,137.2899932861328,135.25999450683594,136.13999938964844,1939300.0
2022-02-15,138.25,138.74000549316406,136.0399932861328,136.52999877929688,1494800.0
2022-02-16,136.17999267578125,136.55999755859375,133.97000122070312,134.60000610351562,3146000.0
2022-02-17,134.66000366210938,139.10000610351562,134.61000061035156,137.75999450683594,3676800.0
2022-02-18,135.58999633789062,136.14999389648438,131.1199951171875,135.1999969482422,3174400.0
2022-02-22,135.77000427246094,138.25999450683594,134.1999969482422,136.0,1980500.0
2022-02-23,136.52000427246094,138.47999572753906,131.9499969482422,132.22999572753906,2768300.0
2022-02-24,130.5399932861328,134.6199951171875,130.10000610351562,134.33999633789062,3425100.0
2022-02-25,135.0,138.25,134.02000427246094,137.89999389648438,1678900.0
2022-02-28,136.3800048828125,137.3800048828125,133.1999969482422,134.9199981689453,2864900.0
2022-03-01,136.08999633789062,136.5399932861328,133.3000030517578,134.1199951171875,1694800.0
2022-03-02,134.5800018310547,135.92999267578125,133.1699981689453,135.30999755859375,1774700.0
2022-03-03,136.0800018310547,137.97999572753906,134.6300048828125,137.24000549316406,1129000.0
2022-03-04,136.1999969482422,139.7899932861328,136.13999938964844,139.24000549316406,1521000.0
2022-03-07,138.9199981689453,139.47000122070312,135.8699951171875,136.1199951171875,1187800.0
2022-03-08,135.07000732421875,136.63999938964844,132.57000732421875,133.49000549316406,1530100.0
2022-03-09,135.80999755859375,137.1199951171875,134.6699981689453,135.4499969482422,952600.0
2022-03-10,133.4600067138672,135.6300048828125,132.1999969482422,135.2899932861328,1145000.0
2022-03-11,136.02000427246094,136.6999969482422,134.8800048828125,135.67999267578125,1412400.0
2022-03-14,135.0,135.22999572753906,131.7100067138672,132.58999633789062,2045600.0
2022-03-15,133.5800018310547,135.27999877929688,132.72000122070312,135.14999389648438,1302900.0
2022-03-16,136.42999267578125,137.41000366210938,133.94000244140625,136.07000732421875,1183400.0
2022-03-17,135.4600067138672,138.64999389648438,135.4600067138672,138.22000122070312,966500.0
2022-03-18,138.2100067138672,139.69000244140625,137.89999389648438,138.99000549316406,2515200.0
2022-03-21,138.47999572753906,140.57000732421875,136.39999389648438,137.17999267578125,902900.0
2022-03-22,137.61000061035156,139.22000122070312,136.8300018310547,138.4199981689453,1659600.0
2022-03-23,138.0,138.64999389648438,136.22000122070312,136.64999389648438,934700.0
2022-03-24,136.47999572753906,137.6699981689453,136.35000610351562,137.64999389648438,686500.0
2022-03-25,138.42999267578125,138.57000732421875,136.97999572753906,138.22999572753906,819200.0
2022-03-28,138.94000244140625,141.1300048828125,138.5399932861328,140.88999938964844,1093400.0
2022-03-29,142.00999450683594,145.47999572753906,141.9499969482422,144.7100067138672,1467300.0
2022-03-30,143.8699951171875,144.99000549316406,142.97999572753906,144.16000366210938,868700.0
2022-03-31,144.8000030517578,145.3300018310547,141.75999450683594,141.8000030517578,1919100.0
2022-04-01,142.4199981689453,146.00999450683594,142.1199951171875,145.89999389648438,965200.0
2022-04-04,145.7899932861328,146.74000549316406,143.52999877929688,146.5500030517578,1390600.0
2022-04-05,145.61000061035156,148.39999389648438,145.3300018310547,146.41000366210938,931800.0
2022-04-06,146.08999633789062,149.25,145.1999969482422,149.07000732421875,1083300.0
2022-04-07,148.49000549316406,148.97000122070312,146.27000427246094,148.1699981689453,1222400.0
2022-04-08,148.11000061035156,150.13999938964844,147.5500030517578,149.97999572753906,1168400.0
2022-04-11,150.35000610351562,150.67999267578125,145.10000610351562,145.47000122070312,987400.0
2022-04-12,144.5800018310547,146.13999938964844,143.89999389648438,145.52000427246094,1419200.0
2022-04-13,145.02000427246094,148.32000732421875,145.02000427246094,147.14999389648438,1195900.0
2022-04-14,147.25,147.7100067138672,144.6699981689453,145.02000427246094,1366300.0
2022-04-18,145.02999877929688,145.75,144.07000732421875,145.0399932861328,1024000.0
2022-04-19,145.52000427246094,150.88999938964844,145.52000427246094,150.35000610351562,1476000.0
2022-04-20,150.38999938964844,153.5,149.6300048828125,152.6699981689453,1453100.0
2022-04-21,152.91000366210938,152.97999572753906,150.17999267578125,150.33999633789062,1601700.0
2022-04-22,150.3699951171875,151.63999938964844,149.19000244140625,149.75999450683594,1606900.0
2022-04-25,150.0,151.85000610351562,148.57000732421875,151.55999755859375,2210600.0
2022-04-26,151.07000732421875,151.9600067138672,149.5500030517578,149.61000061035156,1722200.0
2022-04-27,149.89999389648438,151.77999877929688,148.0399932861328,148.24000549316406,1771500.0
2022-04-28,149.1199951171875,151.8000030517578,146.44000244140625,151.5,1937400.0
2022-04-29,151.3800048828125,152.74000549316406,145.4199981689453,146.1199951171875,2383100.0
2022-05-02,145.75999450683594,146.3800048828125,138.3300018310547,141.27999877929688,1758600.0
2022-05-03,141.92999267578125,144.00999450683594,140.2899932861328,142.25999450683594,1479600.0
2022-05-04,141.61000061035156,144.97999572753906,140.1699981689453,144.66000366210938,1299500.0
2022-05-05,144.35000610351562,144.88999938964844,140.11000061035156,141.36000061035156,1323200.0
2022-05-06,139.92999267578125,141.85000610351562,138.8800048828125,141.0800018310547,1081300.0
2022-05-09,139.57000732421875,139.80999755859375,132.8300018310547,133.3800048828125,1349000.0
2022-05-10,134.5800018310547,135.55999755859375,125.12000274658203,126.5999984741211,2305400.0
2022-05-11,127.4000015258789,130.25999450683594,126.93000030517578,127.0,1716800.0
2022-05-12,126.58999633789062,127.37999725341797,125.11000061035156,127.11000061035156,1480000.0
2022-05-13,128.50999450683594,131.69000244140625,126.80000305175781,131.19000244140625,2289500.0
2022-05-16,130.8699951171875,131.60000610351562,128.07000732421875,128.41000366210938,1527300.0
2022-05-17,129.63999938964844,129.6999969482422,127.19000244140625,128.64999389648438,1476300.0
2022-05-18,128.14999389648438,128.5,124.79000091552734,125.29000091552734,1360000.0
2022-05-19,124.37999725341797,129.25999450683594,124.3499984741211,127.66999816894531,1501600.0
2022-05-20,129.0500030517578,131.57000732421875,127.5,131.10000610351562,1570200.0
2022-05-23,132.92999267578125,133.58999633789062,131.02000427246094,133.52000427246094,1201700.0
2022-05-24,133.27000427246094,136.82000732421875,131.97000122070312,136.6300048828125,1337600.0
2022-05-25,135.69000244140625,138.25999450683594,134.85000610351562,137.85000610351562,1263400.0
2022-05-26,138.49000549316406,140.00999450683594,136.5399932861328,136.7899932861328,1343000.0
2022-05-27,137.1199951171875,141.77000427246094,137.11000061035156,141.50999450683594,971700.0
2022-05-31,139.72000122070312,140.27999877929688,137.6699981689453,139.58999633789062,1735000.0
2022-06-01,139.61000061035156,139.82000732421875,136.86000061035156,137.44000244140625,1314800.0
2022-06-02,136.57000732421875,138.38999938964844,134.3699951171875,138.3699951171875,1562600.0
2022-06-03,136.8699951171875,137.5,134.19000244140625,134.49000549316406,1329500.0
2022-06-06,134.5,135.94000244140625,134.25,134.91000366210938,1357400.0
2022-06-07,134.41000366210938,135.30999755859375,132.10000610351562,135.25999450683594,1263800.0
2022-06-08,134.57000732421875,135.27000427246094,132.19000244140625,132.85000610351562,1147400.0
2022-06-09,132.6999969482422,136.5,132.19000244140625,133.22000122070312,1398700.0
2022-06-10,131.3800048828125,132.63999938964844,129.17999267578125,131.36000061035156,1637600.0
2022-06-13,128.66000366210938,129.74000549316406,126.41000366210938,127.18000030517578,1912500.0
2022-06-14,126.58999633789062,126.8499984741211,124.11000061035156,124.56999969482422,3037900.0
2022-06-15,126.58999633789062,130.57000732421875,126.0,128.92999267578125,2065800.0
2022-06-16,125.91999816894531,127.27999877929688,124.62000274658203,125.30999755859375,1543900.0
2022-06-17,125.72000122070312,128.3800048828125,125.72000122070312,127.18000030517578,2339500.0
2022-06-21,128.39999389648438,129.88999938964844,127.94000244140625,128.13999938964844,1652500.0
2022-06-22,127.30999755859375,133.89999389648438,127.13999938964844,132.2899932861328,1802500.0
2022-06-23,133.2899932861328,136.8300018310547,133.0399932861328,136.63999938964844,1566200.0
2022-06-24,137.27000427246094,138.97999572753906,135.88999938964844,138.8000030517578,1319600.0
2022-06-27,138.02999877929688,139.13999938964844,137.11000061035156,137.25,997500.0
2022-06-28,137.49000549316406,138.11000061035156,134.10000610351562,134.55999755859375,978500.0
2022-06-29,131.69000244140625,131.8699951171875,124.0,127.4000015258789,4161500.0
2022-06-30,129.14999389648438,132.3000030517578,128.17999267578125,129.8300018310547,3313900.0
2022-07-01,129.8300018310547,133.4600067138672,129.47000122070312,131.5800018310547,1512500.0
2022-07-05,130.25999450683594,130.32000732421875,125.41000366210938,128.55999755859375,2172100.0
2022-07-06,129.55999755859375,131.25999450683594,128.1199951171875,128.39999389648438,1115400.0
2022-07-07,128.30999755859375,129.47000122070312,127.62999725341797,128.42999267578125,857200.0
2022-07-08,127.51000213623047,127.95999908447266,125.87000274658203,126.33000183105469,953800.0
2022-07-11,125.62999725341797,127.18000030517578,124.33999633789062,126.72000122070312,813800.0
2022-07-12,126.3499984741211,126.83000183105469,123.54000091552734,124.3499984741211,920300.0
2022-07-13,122.3499984741211,124.48999786376953,121.80999755859375,122.86000061035156,958900.0
2022-07-14,120.98999786376953,122.37000274658203,120.6500015258789,121.02999877929688,1180700.0
2022-07-15,122.66999816894531,123.16000366210938,120.22000122070312,120.9800033569336,1378100.0
2022-07-18,121.45999908447266,121.63999938964844,119.62999725341797,119.98999786376953,1258000.0
2022-07-19,121.04000091552734,123.68000030517578,119.95999908447266,123.62999725341797,1961500.0
2022-07-20,123.58999633789062,125.73999786376953,122.91999816894531,123.31999969482422,1197400.0
2022-07-21,123.5,125.30000305175781,122.51000213623047,125.0999984741211,1705200.0
2022-07-22,126.01000213623047,127.83999633789062,125.23999786376953,127.41999816894531,1383600.0
2022-07-25,126.98999786376953,129.4600067138672,125.8499984741211,127.12000274658203,1687800.0
2022-07-26,127.19999694824219,128.86000061035156,126.66999816894531,127.51000213623047,1176000.0
2022-07-27,127.51000213623047,129.52999877929688,127.3499984741211,129.2100067138672,2012600.0
2022-07-28,130.91000366210938,138.08999633789062,130.1199951171875,136.92999267578125,2219000.0
2022-07-29,136.89999389648438,136.89999389648438,131.27999877929688,132.4499969482422,3406200.0
2022-08-01,131.7899932861328,132.25,130.02999877929688,130.5399932861328,1295000.0
2022-08-02,130.36000061035156,132.94000244140625,129.16000366210938,129.27000427246094,2302500.0
2022-08-03,130.0,131.1699981689453,129.17999267578125,129.3800048828125,1720700.0
2022-08-04,129.64999389648438,129.92999267578125,128.55999755859375,129.44000244140625,1416900.0
2022-08-05,128.32000732421875,129.63999938964844,127.54000091552734,129.47000122070312,1122100.0
2022-08-08,130.97999572753906,132.64999389648438,130.19000244140625,130.97999572753906,1472100.0
2022-08-09,130.9199981689453,131.52999877929688,129.72999572753906,130.17999267578125,1265900.0
2022-08-10,132.0500030517578,133.1300048828125,131.13999938964844,132.5,1673600.0
2022-08-11,133.22999572753906,133.25,128.7100067138672,129.02999877929688,951600.0
2022-08-12,130.05999755859375,131.6199951171875,129.6699981689453,131.4199981689453,1200500.0
2022-08-15,131.25,134.0399932861328,131.24000549316406,133.10000610351562,1057000.0
2022-08-16,132.11000061035156,135.1999969482422,131.6199951171875,134.52999877929688,933800.0
2022-08-17,133.50999450683594,134.19000244140625,132.07000732421875,132.2100067138672,1270100.0
2022-08-18,132.19000244140625,132.35000610351562,129.74000549316406,131.0500030517578,1125200.0
2022-08-19,131.25999450683594,131.94000244140625,129.50999450683594,130.35000610351562,1061500.0
2022-08-22,129.7899932861328,130.39999389648438,126.5199966430664,126.62000274658203,1183200.0
2022-08-23,126.30000305175781,126.30000305175781,123.36000061035156,125.19999694824219,1729900.0
2022-08-24,124.98999786376953,127.58999633789062,124.58000183105469,125.63999938964844,1209600.0
2022-08-25,126.58999633789062,128.55999755859375,125.72000122070312,128.49000549316406,938000.0
2022-08-26,128.6699981689453,129.0,125.16999816894531,125.2699966430664,1212900.0
2022-08-29,124.87000274658203,125.54000091552734,123.51000213623047,123.97000122070312,801500.0
2022-08-30,124.0,125.02999877929688,122.94999694824219,123.80999755859375,1004800.0
2022-08-31,124.8499984741211,126.20999908447266,123.56999969482422,123.62999725341797,1814400.0
2022-09-01,122.75,123.16000366210938,120.58000183105469,122.0,1208300.0
2022-09-02,123.19999694824219,124.01000213623047,118.0199966430664,118.27999877929688,1565400.0
2022-09-06,118.52999877929688,119.97000122070312,117.55999755859375,119.30000305175781,1367000.0
2022-09-07,119.80000305175781,122.23999786376953,119.3499984741211,121.94000244140625,1153100.0
2022-09-08,121.3499984741211,123.23999786376953,121.16000366210938,122.66000366210938,1026900.0
2022-09-09,122.93000030517578,124.87999725341797,122.27999877929688,124.44999694824219,1020800.0
2022-09-12,124.70999908447266,126.95999908447266,124.69999694824219,126.75,1354800.0
2022-09-13,124.0,124.47000122070312,119.75,120.16999816894531,1676000.0
2022-09-14,117.69000244140625,118.37999725341797,115.4000015258789,116.08000183105469,1417100.0
2022-09-15,115.95999908447266,116.2699966430664,111.88999938964844,111.88999938964844,1971400.0
2022-09-16,112.62000274658203,112.62000274658203,111.0,112.08000183105469,3752500.0
2022-09-19,111.05999755859375,111.8499984741211,109.79000091552734,111.1500015258789,2441700.0
2022-09-20,110.20999908447266,111.43000030517578,108.97000122070312,109.75,2499700.0
2022-09-21,110.2699966430664,111.9000015258789,108.75,108.79000091552734,2198000.0
2022-09-22,107.80000305175781,108.26000213623047,106.1500015258789,107.41000366210938,2999600.0
2022-09-23,105.6500015258789,106.0999984741211,102.18000030517578,103.33999633789062,3348700.0
2022-09-26,102.8499984741211,103.66999816894531,100.31999969482422,101.77999877929688,2157100.0
2022-09-27,102.58000183105469,103.58999633789062,97.52999877929688,97.7300033569336,2320300.0
2022-09-28,98.20999908447266,100.12000274658203,96.5,99.7699966430664,2423800.0
2022-09-29,98.31999969482422,98.88999938964844,96.08000183105469,96.91000366210938,2385700.0
2022-09-30,98.22000122070312,99.58000183105469,97.01000213623047,99.18000030517578,3053000.0
2022-10-03,100.30999755859375,101.3499984741211,98.83999633789062,100.44999694824219,2256600.0
2022-10-04,101.47000122070312,103.37999725341797,101.0199966430664,102.20999908447266,2010300.0
2022-10-05,100.58999633789062,101.26000213623047,98.23999786376953,99.0,2072800.0
2022-10-06,98.55999755859375,99.0199966430664,93.55999755859375,94.4000015258789,3140600.0
2022-10-07,93.30999755859375,94.79000091552734,92.05999755859375,92.44999694824219,2572400.0
2022-10-10,92.91999816894531,93.51000213623047,89.44000244140625,89.68000030517578,1781300.0
2022-10-11,89.36000061035156,91.69999694824219,88.54000091552734,90.05000305175781,3022100.0
2022-10-12,89.7300033569336,91.25,89.02999877929688,89.22000122070312,2383200.0
2022-10-13,86.75,93.12000274658203,85.76000213623047,92.0999984741211,3057400.0
2022-10-14,93.12000274658203,94.13999938964844,90.33999633789062,90.83999633789062,2646500.0
2022-10-17,92.91999816894531,95.4800033569336,92.2300033569336,95.1500015258789,2991300.0
2022-10-18,96.5,98.37000274658203,95.70999908447266,96.83999633789062,2922800.0
2022-10-19,95.08000183105469,96.5,94.01000213623047,95.20999908447266,3127000.0
2022-10-20,95.44999694824219,97.19000244140625,94.83999633789062,95.08000183105469,2081700.0
2022-10-21,95.05999755859375,96.87000274658203,93.6500015258789,96.86000061035156,1763700.0
2022-10-24,97.76000213623047,98.91999816894531,95.98999786376953,97.44000244140625,2599200.0
2022-10-25,98.26000213623047,101.83000183105469,98.0199966430664,101.55000305175781,2796300.0
2022-10-26,101.0,102.2300033569336,99.94000244140625,100.2699966430664,2587300.0
2022-10-27,101.91000366210938,101.91000366210938,98.55000305175781,99.91000366210938,3087000.0
2022-10-28,99.4000015258789,101.56999969482422,98.8499984741211,101.38999938964844,1782200.0
2022-10-31,100.20999908447266,100.98999786376953,99.52999877929688,100.25,2400200.0
2022-11-01,101.80000305175781,102.36000061035156,96.58000183105469,96.87000274658203,3877000.0
2022-11-02,96.54000091552734,98.25,94.16999816894531,94.2300033569336,3506100.0
2022-11-03,92.95999908447266,95.70999908447266,92.30999755859375,94.94999694824219,2499800.0
2022-11-04,95.93000030517578,97.3499984741211,94.81999969482422,96.7699966430664,1847800.0
2022-11-07,97.37999725341797,97.97000122070312,96.56999969482422,97.22000122070312,1480400.0
2022-11-08,97.58000183105469,100.04000091552734,97.0199966430664,98.44999694824219,1956200.0
2022-11-09,98.37000274658203,98.98999786376953,96.9000015258789,97.08999633789062,1605300.0
2022-11-10,101.33000183105469,108.97000122070312,101.19999694824219,108.58999633789062,2886600.0
2022-11-11,108.47000122070312,113.26000213623047,108.38999938964844,111.58000183105469,2804400.0
2022-11-14,110.86000061035156,110.86000061035156,107.30000305175781,107.41999816894531,1723700.0
2022-11-15,109.33999633789062,112.06999969482422,109.11000061035156,111.87000274658203,2038500.0
2022-11-16,111.58999633789062,112.12000274658203,109.83999633789062,109.8499984741211,1699400.0
2022-11-17,107.91999816894531,109.80999755859375,107.83999633789062,109.29000091552734,1983200.0
2022-11-18,111.01000213623047,111.36000061035156,109.29000091552734,110.45999908447266,1244800.0
2022-11-21,109.9000015258789,110.8499984741211,108.6500015258789,110.58999633789062,1571700.0
2022-11-22,110.80999755859375,110.80999755859375,108.30999755859375,109.5,1799300.0
2022-11-23,109.22000122070312,111.06999969482422,109.19000244140625,110.98999786376953,1207300.0
2022-11-25,111.37000274658203,112.2699966430664,110.58999633789062,111.2699966430664,431800.0
2022-11-28,110.0,110.9000015258789,107.08999633789062,107.4800033569336,1818200.0
2022-11-29,107.63999938964844,109.0,107.30999755859375,108.75,1422100.0
2022-11-30,108.23999786376953,112.69999694824219,107.51000213623047,112.45999908447266,2598100.0
2022-12-01,113.2300033569336,114.86000061035156,110.93000030517578,111.69999694824219,1564400.0
2022-12-02,110.08999633789062,111.25,108.7699966430664,110.8499984741211,1610600.0
2022-12-05,110.12999725341797,110.87999725341797,108.55000305175781,109.16000366210938,1475000.0
2022-12-06,109.51000213623047,109.6500015258789,107.4800033569336,108.05000305175781,1199100.0
2022-12-07,107.79000091552734,109.98999786376953,107.5199966430664,108.80000305175781,1352200.0
2022-12-08,109.0,110.66000366210938,106.83999633789062,107.31999969482422,2221300.0
2022-12-09,106.73999786376953,108.8499984741211,106.12999725341797,106.95999908447266,1294000.0
2022-12-12,107.06999969482422,108.37999725341797,106.5199966430664,108.33000183105469,1953800.0
2022-12-13,112.47000122070312,113.4800033569336,109.16000366210938,111.08999633789062,2243300.0
2022-12-14,107.18000030517578,109.30000305175781,104.5,104.63999938964844,4600700.0
2022-12-15,103.16000366210938,105.02999877929688,102.80000305175781,104.27999877929688,2626900.0
2022-12-16,102.4800033569336,102.81999969482422,99.01000213623047,101.54000091552734,5083600.0
2022-12-19,101.0,101.30000305175781,98.7300033569336,99.38999938964844,2022400.0
2022-12-20,98.66999816894531,100.25,97.83000183105469,98.73999786376953,2170600.0
2022-12-21,98.77999877929688,102.02999877929688,98.69999694824219,100.44999694824219,1623400.0
2022-12-22,99.44000244140625,100.66999816894531,98.08000183105469,99.86000061035156,1957300.0
2022-12-23,99.22000122070312,101.33000183105469,98.69000244140625,100.87000274658203,833600.0
2022-12-27,100.75,101.04000091552734,98.72000122070312,100.3499984741211,1124700.0
2022-12-28,100.7699966430664,101.25,99.12999725341797,99.4000015258789,2197800.0
2022-12-29,100.19000244140625,102.13999938964844,99.4000015258789,101.30000305175781,1149100.0
2022-12-30,100.37000274658203,101.22000122070312,98.9000015258789,100.2699966430664,1200300.0
2023-01-03,101.5,103.33999633789062,100.72000122070312,102.83000183105469,2410100.0
2023-01-04,100.5999984741211,105.7699966430664,99.72000122070312,103.6500015258789,2492500.0
2023-01-05,102.30000305175781,102.30000305175781,97.91000366210938,98.08000183105469,2218100.0
2023-01-06,98.45999908447266,102.0199966430664,97.05000305175781,101.37999725341797,2015500.0
2023-01-09,101.41999816894531,102.61000061035156,100.54000091552734,101.13999938964844,2859100.0
2023-01-10,100.95999908447266,102.38999938964844,100.0199966430664,102.31999969482422,1448300.0
2023-01-11,103.13999938964844,105.44999694824219,102.95999908447266,105.02999877929688,1857000.0
2023-01-12,105.72000122070312,107.48999786376953,103.8499984741211,107.27999877929688,1547000.0
2023-01-13,105.77999877929688,107.05000305175781,105.12999725341797,106.0,1056000.0
2023-01-17,106.08000183105469,107.47000122070312,105.02999877929688,106.8499984741211,1801700.0
2023-01-18,106.8499984741211,107.41000366210938,104.62000274658203,105.44000244140625,1834000.0
2023-01-19,105.11000061035156,106.38999938964844,104.11000061035156,104.95999908447266,1901800.0
2023-01-20,105.05999755859375,107.29000091552734,103.4000015258789,106.73999786376953,1636300.0
2023-01-23,106.66000366210938,108.26000213623047,106.05000305175781,107.22000122070312,1214500.0
2023-01-24,106.43000030517578,109.05000305175781,106.2699966430664,107.0,1668300.0
2023-01-25,106.33000183105469,107.37999725341797,104.33999633789062,107.19000244140625,1636000.0
2023-01-26,107.91999816894531,109.36000061035156,107.68000030517578,109.30999755859375,1365100.0
2023-01-27,109.23999786376953,111.87000274658203,109.0,111.30999755859375,1663000.0
2023-01-30,110.06999969482422,112.19999694824219,110.01000213623047,111.02999877929688,2074200.0
2023-01-31,110.75,114.81999969482422,110.75,114.62000274658203,4887400.0
2023-02-01,114.5,116.86000061035156,112.30999755859375,116.1500015258789,2309000.0
2023-02-02,117.7699966430664,122.43000030517578,117.56999969482422,119.91999816894531,2962900.0
2023-02-03,117.16000366210938,118.41999816894531,113.83999633789062,115.20999908447266,2045200.0
2023-02-06,112.95999908447266,114.56999969482422,112.12999725341797,114.4000015258789,1145800.0
2023-02-07,113.43000030517578,114.45999908447266,112.11000061035156,113.4800033569336,1725600.0
2023-02-08,113.0999984741211,113.66999816894531,111.7699966430664,112.61000061035156,1541800.0
2023-02-09,113.44000244140625,114.18000030517578,111.08000183105469,111.30000305175781,1013800.0
2023-02-10,110.0,111.79000091552734,109.20999908447266,111.45999908447266,1554000.0
2023-02-13,111.87000274658203,113.12000274658203,111.51000213623047,112.97000122070312,1195100.0
2023-02-14,112.3499984741211,113.5199966430664,110.75,112.83000183105469,1471000.0
2023-02-15,112.37999725341797,113.66000366210938,111.47000122070312,113.62999725341797,1425200.0
2023-02-16,111.31999969482422,113.88999938964844,110.12000274658203,112.87999725341797,1484100.0
2023-02-17,113.16000366210938,113.20999908447266,107.72000122070312,110.76000213623047,3369700.0
2023-02-21,109.98999786376953,110.38999938964844,106.68000030517578,108.41000366210938,2382800.0
2023-02-22,108.61000061035156,109.16999816894531,106.12999725341797,106.63999938964844,1781600.0
2023-02-23,107.70999908447266,108.83000183105469,107.1500015258789,108.76000213623047,1201900.0
2023-02-24,107.3499984741211,108.12000274658203,104.5999984741211,105.04000091552734,1203200.0
2023-02-27,106.55999755859375,107.25,103.91999816894531,104.87999725341797,1481900.0
2023-02-28,104.7699966430664,106.44999694824219,103.93000030517578,104.2300033569336,2178200.0
2023-03-01,103.29000091552734,103.5,100.0199966430664,100.83000183105469,2351800.0
2023-03-02,99.94000244140625,103.5,98.86000061035156,103.0999984741211,2259800.0
2023-03-03,103.83999633789062,106.75,103.68000030517578,106.0,2673800.0
2023-03-06,106.86000061035156,106.86000061035156,104.87000274658203,105.31999969482422,1447300.0
2023-03-07,105.62000274658203,106.0,102.83999633789062,102.94999694824219,1571100.0
2023-03-08,103.0,106.70999908447266,103.0,105.79000091552734,1546300.0
2023-03-09,106.0,106.52999877929688,104.06999969482422,104.37999725341797,1867500.0
2023-03-10,104.19000244140625,105.33999633789062,101.97000122070312,102.54000091552734,2405000.0
2023-03-13,102.0199966430664,108.02999877929688,101.66999816894531,105.93000030517578,2979900.0
2023-03-14,106.29000091552734,107.2300033569336,104.55999755859375,105.69999694824219,2170100.0
2023-03-15,104.16000366210938,106.9000015258789,103.66999816894531,105.26000213623047,3288600.0
2023-03-16,104.76000213623047,105.0999984741211,101.54000091552734,103.08999633789062,4055000.0
2023-03-17,100.72000122070312,101.66999816894531,98.77999877929688,100.69999694824219,5200600.0
2023-03-20,100.38999938964844,101.91999816894531,99.33999633789062,101.66000366210938,2229700.0
2023-03-21,101.6500015258789,101.8499984741211,95.56999969482422,97.83000183105469,4285700.0
2023-03-22,97.33000183105469,97.33000183105469,92.04000091552734,92.29000091552734,2592100.0
2023-03-23,92.41999816894531,95.8499984741211,91.83999633789062,93.51000213623047,2573400.0
2023-03-24,93.33000183105469,94.44999694824219,91.93000030517578,94.37000274658203,2618800.0
2023-03-27,93.38999938964844,94.77999877929688,93.02999877929688,94.0,2121300.0
2023-03-28,93.13999938964844,94.44999694824219,90.77999877929688,91.41999816894531,3015400.0
2023-03-29,92.95999908447266,93.55000305175781,90.72000122070312,92.4000015258789,4373300.0
2023-03-30,93.75,94.87000274658203,92.68000030517578,93.47000122070312,3786900.0
2023-03-31,93.88999938964844,98.47000122070312,93.88999938964844,98.30999755859375,3935000.0
2023-04-03,98.0,98.12000274658203,93.11000061035156,93.31999969482422,4271700.0
2023-04-04,93.12999725341797,93.52999877929688,91.79000091552734,92.77999877929688,3137800.0
2023-04-05,92.4000015258789,92.80999755859375,89.8499984741211,90.20999908447266,4402500.0
2023-04-06,90.0,90.97000122070312,88.41000366210938,90.93000030517578,2686100.0
2023-04-10,89.75,92.87999725341797,89.22000122070312,92.62999725341797,3841600.0
2023-04-11,92.80999755859375,95.02999877929688,92.01000213623047,93.83999633789062,2628300.0
2023-04-12,95.08000183105469,95.63999938964844,92.54000091552734,92.80000305175781,2362400.0
2023-04-13,93.12000274658203,93.48999786376953,91.2300033569336,91.93000030517578,1939200.0
2023-04-14,92.04000091552734,92.51000213623047,88.11000061035156,89.77999877929688,2709600.0
2023-04-17,90.5,96.27999877929688,90.5,96.19999694824219,3832300.0
2023-04-18,96.08000183105469,98.11000061035156,95.19999694824219,97.56999969482422,4471100.0
2023-04-19,97.0,98.19999694824219,96.25,96.51000213623047,2401200.0
2023-04-20,95.54000091552734,95.86000061035156,93.20999908447266,94.25,2245900.0
2023-04-21,94.30000305175781,96.69000244140625,94.04000091552734,96.63999938964844,1827300.0
2023-04-24,97.05999755859375,98.0999984741211,96.62999725341797,97.48999786376953,1981100.0
2023-04-25,97.2699966430664,98.54000091552734,96.86000061035156,97.63999938964844,1576000.0
2023-04-26,97.87000274658203,99.73999786376953,97.30999755859375,97.66999816894531,2777900.0
2023-04-27,97.79000091552734,102.45999908447266,97.79000091552734,101.75,3860100.0
2023-04-28,100.83000183105469,101.27999877929688,95.33000183105469,99.1500015258789,3889900.0
2023-05-01,98.6500015258789,98.95999908447266,96.58000183105469,96.93000030517578,2289800.0
2023-05-02,96.93000030517578,97.77999877929688,93.27999877929688,94.75,2534100.0
2023-05-03,95.52999877929688,96.5199966430664,94.27999877929688,94.79000091552734,1246500.0
2023-05-04,94.8499984741211,97.61000061035156,94.48999786376953,95.87999725341797,2317600.0
2023-05-05,96.62000274658203,96.75,94.63999938964844,96.41999816894531,2142800.0
2023-05-08,95.25,97.94999694824219,95.25,97.37000274658203,1564600.0
2023-05-09,96.51000213623047,97.0199966430664,94.88999938964844,96.61000061035156,2121000.0
2023-05-10,97.69999694824219,99.44999694824219,97.11000061035156,98.87000274658203,2030800.0
2023-05-11,98.30999755859375,99.08000183105469,97.43000030517578,97.7699966430664,2082800.0
2023-05-12,97.66999816894531,98.41999816894531,95.58999633789062,97.0999984741211,1448100.0
2023-05-15,97.47000122070312,98.62999725341797,96.69999694824219,98.37999725341797,1406100.0
2023-05-16,98.18000030517578,98.37999725341797,93.58999633789062,93.5999984741211,1539100.0
2023-05-17,93.56999969482422,96.61000061035156,93.20999908447266,95.62000274658203,1615300.0
2023-05-18,95.0,95.7300033569336,92.9800033569336,94.19999694824219,2439100.0
2023-05-19,92.75,93.87000274658203,90.55999755859375,90.75,3962200.0
2023-05-22,90.80000305175781,91.80999755859375,88.94999694824219,91.51000213623047,3322600.0
2023-05-23,91.5,92.94999694824219,90.0,90.43000030517578,2100800.0
2023-05-24,90.0999984741211,90.22000122070312,86.33000183105469,86.48999786376953,2504700.0
2023-05-25,89.19999694824219,93.13999938964844,88.87999725341797,92.22000122070312,4977600.0
2023-05-26,94.37000274658203,100.1500015258789,94.30000305175781,98.88999938964844,6252100.0
2023-05-30,102.69999694824219,104.29000091552734,99.98999786376953,100.5999984741211,5907500.0
2023-05-31,100.6500015258789,102.80999755859375,99.6500015258789,102.45999908447266,7580000.0
2023-06-01,102.22000122070312,105.87999725341797,102.22000122070312,104.77999877929688,4746900.0
2023-06-02,106.7300033569336,107.22000122070312,104.08000183105469,105.30000305175781,4131900.0
2023-06-05,105.47000122070312,106.12000274658203,103.25,104.81999969482422,2336100.0
2023-06-06,107.73999786376953,108.8499984741211,104.0,105.33999633789062,3980200.0
2023-06-07,105.6500015258789,105.76000213623047,100.30000305175781,103.62000274658203,3646400.0
2023-06-08,103.19999694824219,104.62999725341797,100.77999877929688,104.51000213623047,2221400.0
2023-06-09,104.9000015258789,106.45999908447266,103.62000274658203,104.25,1809600.0
2023-06-12,104.26000213623047,105.91000366210938,103.0999984741211,105.3499984741211,1885400.0
2023-06-13,106.29000091552734,107.20999908447266,102.69999694824219,104.9800033569336,3630300.0
2023-06-14,104.08999633789062,106.81999969482422,104.08999633789062,105.48999786376953,2911000.0
2023-06-15,105.11000061035156,106.22000122070312,104.55000305175781,105.38999938964844,2433100.0
2023-06-16,105.58000183105469,107.0999984741211,105.02999877929688,105.18000030517578,4570800.0
2023-06-20,104.16999816894531,105.48999786376953,102.9800033569336,104.9000015258789,1868100.0
2023-06-21,104.77999877929688,104.83999633789062,102.54000091552734,104.33999633789062,2440000.0
2023-06-22,106.12000274658203,106.91999816894531,103.1500015258789,105.47000122070312,5027900.0
2023-06-23,105.1500015258789,105.54000091552734,103.19000244140625,104.1500015258789,8097900.0
2023-06-26,104.01000213623047,107.58000183105469,103.80999755859375,107.19999694824219,2477100.0
2023-06-27,107.88999938964844,109.4800033569336,107.19999694824219,109.0199966430664,3855000.0
2023-06-28,109.01000213623047,109.94999694824219,108.13999938964844,109.58999633789062,3539900.0
2023-06-29,109.19999694824219,111.91999816894531,108.68000030517578,111.87999725341797,2783000.0
2023-06-30,113.4000015258789,114.43000030517578,112.33000183105469,113.87000274658203,4068100.0
2023-07-03,113.75,115.5199966430664,112.83999633789062,115.2300033569336,1568800.0
2023-07-05,114.9800033569336,116.26000213623047,114.05999755859375,115.30000305175781,3057900.0
2023-07-06,113.30999755859375,114.8499984741211,112.37999725341797,114.48999786376953,2248100.0
2023-07-07,114.0,114.94999694824219,113.37999725341797,113.80000305175781,2007700.0
2023-07-10,113.7300033569336,114.62000274658203,113.19999694824219,114.01000213623047,1974800.0
2023-07-11,114.81999969482422,117.29000091552734,114.13999938964844,116.41999816894531,2653400.0
2023-07-12,118.16000366210938,118.44999694824219,117.19999694824219,117.75,2831900.0
2023-07-13,118.37999725341797,118.55000305175781,116.66999816894531,118.29000091552734,1935900.0
2023-07-14,117.51000213623047,118.66000366210938,117.11000061035156,118.27999877929688,2027400.0
2023-07-17,118.0,119.16999816894531,117.0999984741211,118.20999908447266,1986700.0
2023-07-18,118.41000366210938,118.61000061035156,115.62000274658203,117.30999755859375,3427400.0
2023-07-19,118.04000091552734,122.08999633789062,118.04000091552734,121.16999816894531,2569500.0
2023-07-20,120.30000305175781,120.5,117.77999877929688,118.76000213623047,3009300.0
2023-07-21,119.12000274658203,121.08000183105469,118.70999908447266,120.1500015258789,2933200.0
2023-07-24,120.7699966430664,123.20999908447266,120.25,123.12000274658203,2668500.0
2023-07-25,122.31999969482422,122.55000305175781,120.58999633789062,120.62000274658203,2114400.0
2023-07-26,121.0999984741211,121.20999908447266,117.6500015258789,118.63999938964844,3455800.0
2023-07-27,119.86000061035156,120.06999969482422,114.94000244140625,115.1500015258789,3397900.0
2023-07-28,123.22000122070312,126.80000305175781,121.55000305175781,122.77999877929688,5273000.0
2023-07-31,122.77999877929688,125.13999938964844,120.44999694824219,124.62000274658203,5427800.0
2023-08-01,124.04000091552734,125.02999877929688,122.44999694824219,123.38999938964844,2689700.0
2023-08-02,122.45999908447266,124.7300033569336,122.27999877929688,123.36000061035156,2360900.0
2023-08-03,122.0199966430664,122.30000305175781,118.45999908447266,120.8499984741211,3072900.0
2023-08-04,121.0199966430664,123.16000366210938,119.83000183105469,119.95999908447266,1969900.0
2023-08-07,120.2300033569336,121.69999694824219,119.83999633789062,120.88999938964844,1791500.0
2023-08-08,119.87999725341797,120.18000030517578,117.91999816894531,119.11000061035156,1980300.0
2023-08-09,118.62999725341797,119.9800033569336,118.12000274658203,119.30999755859375,1714000.0
2023-08-10,120.19999694824219,122.29000091552734,119.69000244140625,120.76000213623047,1185000.0
2023-08-11,119.52999877929688,120.4800033569336,119.0,120.33000183105469,1190500.0
2023-08-14,119.8499984741211,122.38999938964844,119.30999755859375,121.4800033569336,1841800.0
2023-08-15,120.44999694824219,122.66000366210938,120.19999694824219,121.62999725341797,1469600.0
2023-08-16,121.9800033569336,122.55000305175781,121.0199966430664,121.1500015258789,2425200.0
2023-08-17,121.2300033569336,123.1500015258789,121.18000030517578,121.8499984741211,2608500.0
2023-08-18,120.4800033569336,121.9800033569336,120.01000213623047,121.33999633789062,1372800.0
2023-08-21,121.33999633789062,122.30000305175781,119.37999725341797,120.95999908447266,1511800.0
2023-08-22,122.26000213623047,124.41999816894531,121.69000244140625,123.72000122070312,2439500.0
2023-08-23,124.43000030517578,126.0999984741211,123.7300033569336,125.7699966430664,2128800.0
2023-08-24,126.69999694824219,130.9499969482422,126.51000213623047,127.45999908447266,3407300.0
2023-08-25,126.1500015258789,127.19999694824219,124.77999877929688,125.94999694824219,1865800.0
2023-08-28,126.5999984741211,127.7699966430664,125.69000244140625,127.1500015258789,1636600.0
2023-08-29,127.18000030517578,130.42999267578125,126.38999938964844,130.3699951171875,1529100.0
2023-08-30,129.83999633789062,131.97000122070312,129.83999633789062,131.66000366210938,1617500.0
2023-08-31,131.67999267578125,132.25,130.9499969482422,131.72000122070312,2004500.0
2023-09-01,132.6199951171875,133.38999938964844,131.13999938964844,132.11000061035156,1248300.0
2023-09-05,131.97999572753906,132.0500030517578,129.83999633789062,130.6999969482422,2268800.0
2023-09-06,129.9499969482422,131.4199981689453,129.05999755859375,129.97999572753906,1513800.0
2023-09-07,129.85000610351562,132.19000244140625,129.5500030517578,131.8000030517578,1768300.0
2023-09-08,131.99000549316406,132.1699981689453,129.89999389648438,129.97999572753906,1462000.0
2023-09-11,130.82000732421875,131.3699951171875,129.66000366210938,131.11000061035156,1684200.0
2023-09-12,130.6300048828125,131.89999389648438,130.47000122070312,130.92999267578125,1546600.0
2023-09-13,130.7100067138672,131.05999755859375,127.54000091552734,128.2100067138672,2822100.0
2023-09-14,128.52999877929688,129.85000610351562,128.3300018310547,128.47999572753906,2176200.0
2023-09-15,128.24000549316406,129.7100067138672,127.44999694824219,128.75,5884300.0
2023-09-18,128.4499969482422,129.7100067138672,127.04000091552734,128.0500030517578,2111100.0
2023-09-19,127.54000091552734,128.6699981689453,126.62999725341797,126.98999786376953,1673100.0
2023-09-20,129.00999450683594,129.74000549316406,127.80000305175781,128.07000732421875,1689300.0
2023-09-21,126.66999816894531,126.79000091552734,123.81999969482422,123.94000244140625,2016400.0
2023-09-22,124.4000015258789,126.43000030517578,122.88999938964844,123.23999786376953,2019000.0
2023-09-25,122.83999633789062,123.95999908447266,122.41000366210938,123.5999984741211,1218100.0
2023-09-26,122.62999725341797,122.6500015258789,119.5199966430664,119.80999755859375,1721900.0
2023-09-27,120.44999694824219,120.58999633789062,116.41999816894531,116.83999633789062,3216500.0
2023-09-28,116.5,118.70999908447266,116.4000015258789,118.54000091552734,2261800.0
2023-09-29,121.98999786376953,123.18000030517578,119.95999908447266,121.0199966430664,2266100.0
2023-10-02,120.3499984741211,121.52999877929688,116.75,118.22000122070312,2210700.0
2023-10-03,117.37000274658203,118.19000244140625,114.68000030517578,115.1500015258789,2668200.0
2023-10-04,116.08000183105469,117.69000244140625,114.6500015258789,117.55999755859375,1935900.0
2023-10-05,117.55999755859375,117.93000030517578,115.75,117.69999694824219,1552800.0
2023-10-06,116.20999908447266,118.2300033569336,114.5,117.37000274658203,1738000.0
2023-10-09,116.23999786376953,119.44000244140625,115.55999755859375,119.05000305175781,1409400.0
2023-10-10,118.51000213623047,122.31999969482422,118.51000213623047,120.44999694824219,1706300.0
2023-10-11,121.98999786376953,124.48999786376953,121.80000305175781,124.41999816894531,2226700.0
2023-10-12,124.41999816894531,125.58000183105469,123.1500015258789,124.44000244140625,2268600.0
2023-10-13,124.80000305175781,125.87000274658203,121.9000015258789,122.5999984741211,1472100.0
2023-10-16,123.4800033569336,124.68000030517578,122.0999984741211,123.72000122070312,1112100.0
2023-10-17,122.5199966430664,124.30999755859375,121.37999725341797,123.29000091552734,1485100.0
2023-10-18,121.87999725341797,122.44000244140625,120.48999786376953,120.55999755859375,1189400.0
2023-10-19,119.87999725341797,120.37000274658203,115.56999969482422,115.63999938964844,2238100.0
2023-10-20,115.6500015258789,117.45999908447266,115.12000274658203,115.80999755859375,1559300.0
2023-10-23,114.97000122070312,118.88999938964844,113.94000244140625,117.43000030517578,2282500.0
2023-10-24,117.80000305175781,120.4000015258789,117.62999725341797,119.47000122070312,2216500.0
2023-10-25,118.58999633789062,119.56999969482422,116.18000030517578,116.95999908447266,2110900.0
2023-10-26,117.44999694824219,121.95999908447266,116.7300033569336,120.93000030517578,3289500.0
2023-10-27,121.54000091552734,126.51000213623047,120.13999938964844,122.3499984741211,3383600.0
2023-10-30,123.72000122070312,125.29000091552734,121.37999725341797,122.08000183105469,1876400.0
2023-10-31,123.18000030517578,124.76000213623047,121.77999877929688,124.36000061035156,1821700.0
2023-11-01,124.43000030517578,126.52999877929688,123.41999816894531,126.47000122070312,1748400.0
2023-11-02,128.47999572753906,131.69000244140625,128.11000061035156,130.24000549316406,2169500.0
2023-11-03,132.6199951171875,135.66000366210938,132.10000610351562,132.92999267578125,2339400.0
2023-11-06,132.30999755859375,132.32000732421875,127.73999786376953,129.49000549316406,1959300.0
2023-11-07,129.5,129.50999450683594,127.91999816894531,127.9800033569336,1708800.0
2023-11-08,127.95999908447266,128.89999389648438,127.2699966430664,128.4499969482422,965000.0
2023-11-09,128.75999450683594,129.5,127.13999938964844,127.61000061035156,944800.0
2023-11-10,128.25999450683594,129.1699981689453,126.22000122070312,128.75,1571000.0
2023-11-13,127.87999725341797,128.83999633789062,126.87000274658203,127.6500015258789,869300.0
2023-11-14,132.1699981689453,135.47000122070312,131.30999755859375,134.3000030517578,2123700.0
2023-11-15,134.11000061035156,136.11000061035156,133.8000030517578,134.60000610351562,1726500.0
2023-11-16,135.25,136.5500030517578,134.35000610351562,135.14999389648438,1458800.0
2023-11-17,136.02999877929688,136.0500030517578,133.63999938964844,134.52999877929688,1542700.0
2023-11-20,134.1999969482422,135.92999267578125,133.07000732421875,135.83999633789062,1319300.0
2023-11-21,135.72999572753906,137.24000549316406,135.27000427246094,136.2100067138672,1238800.0
2023-11-22,137.57000732421875,138.0,136.22000122070312,136.8300018310547,1397000.0
2023-11-24,136.02999877929688,137.0,135.47999572753906,136.5,585900.0
2023-11-27,136.8300018310547,137.8699951171875,136.19000244140625,137.4499969482422,1303700.0
2023-11-28,136.77999877929688,137.72000122070312,136.5,136.89999389648438,1826100.0
2023-11-29,137.99000549316406,138.92999267578125,137.1999969482422,138.1999969482422,1878700.0
2023-11-30,137.83999633789062,139.0,136.8699951171875,138.77999877929688,4633400.0
2023-12-01,137.32000732421875,139.35000610351562,135.8000030517578,138.61000061035156,2457300.0
2023-12-04,137.67999267578125,138.0800018310547,135.9600067138672,137.77000427246094,2163800.0
2023-12-05,137.55999755859375,138.9499969482422,136.99000549316406,138.67999267578125,1787300.0
2023-12-06,138.55999755859375,139.1999969482422,135.3000030517578,135.47999572753906,2497300.0
2023-12-07,135.38999938964844,135.7899932861328,133.64999389648438,134.02999877929688,2913800.0
2023-12-08,136.32000732421875,137.25,132.91000366210938,134.80999755859375,2857400.0
2023-12-11,134.0,134.91000366210938,132.57000732421875,134.75,2053900.0
2023-12-12,134.67999267578125,135.64999389648438,133.5800018310547,134.97000122070312,2572000.0
2023-12-13,135.0,138.0399932861328,134.10000610351562,136.6699981689453,2564800.0
2023-12-14,137.4199981689453,137.92999267578125,131.75999450683594,132.92999267578125,2746400.0
2023-12-15,131.6199951171875,134.44000244140625,130.75999450683594,132.1699981689453,5289700.0
2023-12-18,132.5,134.49000549316406,131.9199981689453,132.32000732421875,2117700.0
2023-12-19,133.0,135.27999877929688,132.83999633789062,134.5399932861328,2072200.0
2023-12-20,134.1300048828125,135.08999633789062,132.67999267578125,132.74000549316406,1613400.0
2023-12-21,134.1300048828125,134.99000549316406,132.91000366210938,134.91000366210938,1237200.0
2023-12-22,135.36000061035156,136.08999633789062,134.16000366210938,135.1199951171875,1094200.0
2023-12-26,135.19000244140625,135.77999877929688,134.92999267578125,135.5800018310547,1218200.0
2023-12-27,135.47000122070312,136.44000244140625,135.24000549316406,136.11000061035156,975700.0
2023-12-28,136.10000610351562,136.4499969482422,135.24000549316406,136.1199951171875,944600.0
2023-12-29,134.8300018310547,136.0,134.47000122070312,134.5800018310547,1499500.0
2024-01-02,134.0,135.5,133.77999877929688,135.22999572753906,1300000.0
2024-01-03,134.2100067138672,134.57000732421875,132.32000732421875,133.50999450683594,1680800.0
2024-01-04,133.10000610351562,134.1300048828125,131.57000732421875,131.77999877929688,1470900.0
2024-01-05,130.8800048828125,132.91000366210938,130.0,130.8300018310547,1444100.0
2024-01-08,130.47000122070312,134.07000732421875,130.27999877929688,133.6999969482422,1250900.0
2024-01-09,132.57000732421875,133.8800048828125,131.6300048828125,133.6199951171875,875600.0
2024-01-10,134.0,136.9600067138672,133.27999877929688,136.52999877929688,1492500.0
2024-01-11,136.07000732421875,136.99000549316406,133.94000244140625,134.0,982300.0
2024-01-12,135.6300048828125,138.27000427246094,135.30999755859375,137.0800018310547,1631800.0
2024-01-16,136.94000244140625,139.86000061035156,136.94000244140625,138.67999267578125,2537800.0
2024-01-17,136.92999267578125,138.5399932861328,133.80999755859375,135.55999755859375,1782700.0
2024-01-18,135.74000549316406,136.6999969482422,133.89999389648438,134.5399932861328,1542700.0
2024-01-19,135.0800018310547,137.75999450683594,134.52999877929688,137.33999633789062,1791300.0
2024-01-22,138.57000732421875,142.67999267578125,138.57000732421875,140.5800018310547,2385200.0
2024-01-23,140.97000122070312,141.25,138.35000610351562,139.02000427246094,1423600.0
2024-01-24,140.6300048828125,140.6300048828125,137.52999877929688,137.92999267578125,1541800.0
2024-01-25,140.0,143.3000030517578,139.8699951171875,142.19000244140625,2152400.0
2024-01-26,142.8699951171875,144.6199951171875,142.05999755859375,143.1999969482422,1917100.0
2024-01-29,142.8300018310547,146.19000244140625,142.8300018310547,145.97000122070312,2229600.0
2024-01-30,145.5,145.9499969482422,144.0399932861328,144.22000122070312,3044700.0
2024-01-31,145.0,145.0,140.07000732421875,140.4600067138672,2892100.0
2024-02-01,140.16000366210938,143.9600067138672,139.44000244140625,143.85000610351562,2550600.0
2024-02-02,142.6300048828125,145.39999389648438,140.1999969482422,144.49000549316406,2052600.0
2024-02-05,142.9499969482422,145.11000061035156,142.58999633789062,144.3000030517578,2042300.0
2024-02-06,144.13999938964844,146.1999969482422,143.3800048828125,144.25999450683594,1789400.0
2024-02-07,145.05999755859375,145.77000427246094,143.30999755859375,145.47000122070312,1341600.0
2024-02-08,144.8300018310547,148.0,144.8300018310547,147.05999755859375,1840200.0
2024-02-09,146.83999633789062,147.94000244140625,145.5399932861328,147.19000244140625,1223300.0
2024-02-12,147.5800018310547,148.08999633789062,143.57000732421875,143.8000030517578,2127400.0
2024-02-13,140.64999389648438,142.27000427246094,139.3800048828125,142.1699981689453,1995100.0
2024-02-14,141.8699951171875,142.92999267578125,140.60000610351562,142.22999572753906,1645700.0
2024-02-15,143.02000427246094,149.07000732421875,143.02000427246094,148.61000061035156,3125900.0
2024-02-16,140.0,140.86000061035156,134.75,136.22000122070312,6572700.0
2024-02-20,136.00999450683594,137.57000732421875,133.86000061035156,135.05999755859375,3411400.0
2024-02-21,134.3300018310547,137.0,131.4199981689453,135.52999877929688,3219300.0
2024-02-22,140.0,142.0399932861328,137.0,138.3800048828125,3440200.0
2024-02-23,138.4499969482422,138.85000610351562,136.07000732421875,137.83999633789062,2086400.0
2024-02-26,137.27999877929688,140.14999389648438,136.61000061035156,137.9600067138672,2033900.0
2024-02-27,138.0,139.57000732421875,137.22000122070312,138.22999572753906,1495900.0
2024-02-28,137.50999450683594,143.75,137.30999755859375,142.72999572753906,2446900.0
2024-02-29,144.42999267578125,147.02999877929688,144.00999450683594,146.80999755859375,4098000.0
2024-03-01,146.52999877929688,150.66000366210938,146.17999267578125,150.60000610351562,2290700.0
2024-03-04,150.83999633789062,154.0,150.27999877929688,153.7100067138672,2098500.0
2024-03-05,153.0,154.17999267578125,148.8800048828125,150.25,1719300.0
2024-03-06,152.0800018310547,152.44000244140625,148.77999877929688,149.80999755859375,2287500.0
2024-03-07,150.80999755859375,152.02999877929688,150.05999755859375,151.50999450683594,1577800.0
2024-03-08,152.5399932861328,153.35000610351562,149.44000244140625,149.47999572753906,2253800.0
2024-03-11,149.08999633789062,149.24000549316406,143.9499969482422,145.5,2166800.0
2024-03-12,144.44000244140625,146.91000366210938,143.64999389648438,146.22999572753906,1676800.0
2024-03-13,145.47000122070312,148.0,143.7100067138672,143.92999267578125,1904700.0
2024-03-14,142.0,143.0800018310547,139.9499969482422,142.80999755859375,1917200.0
2024-03-15,141.41000366210938,143.35000610351562,139.75,140.86000061035156,2996000.0
2024-03-18,142.30999755859375,144.4499969482422,141.97999572753906,142.2100067138672,1501200.0
2024-03-19,142.0800018310547,142.1199951171875,138.9600067138672,141.74000549316406,2006100.0
2024-03-20,139.8000030517578,141.75999450683594,138.05999755859375,140.88999938964844,2433300.0
2024-03-21,141.66000366210938,142.5500030517578,139.85000610351562,140.00999450683594,2238200.0
2024-03-22,139.97000122070312,140.44000244140625,137.6999969482422,138.50999450683594,1812700.0
2024-03-25,138.36000061035156,138.8800048828125,136.74000549316406,137.8300018310547,1746400.0
2024-03-26,138.0,140.22000122070312,137.47999572753906,139.0399932861328,1748900.0
2024-03-27,140.5,143.88999938964844,139.50999450683594,143.74000549316406,2268600.0
2024-03-28,143.8800048828125,144.5,142.72999572753906,144.0399932861328,2034700.0
2024-04-01,144.02000427246094,144.58999633789062,141.1699981689453,141.91000366210938,1535700.0
2024-04-02,139.97999572753906,140.77999877929688,138.24000549316406,139.8000030517578,1707500.0
2024-04-03,140.72999572753906,141.99000549316406,139.55999755859375,140.6300048828125,1428900.0
2024-04-04,142.10000610351562,142.75,139.2899932861328,139.8800048828125,1178300.0
2024-04-05,139.77999877929688,143.1699981689453,139.25999450683594,142.60000610351562,1139500.0
2024-04-08,143.14999389648438,143.69000244140625,142.3699951171875,143.33999633789062,1152500.0
2024-04-09,146.83999633789062,147.19000244140625,144.02999877929688,145.8800048828125,1102900.0
2024-04-10,141.6999969482422,142.3800048828125,139.72999572753906,141.39999389648438,1385800.0
2024-04-11,142.5800018310547,143.74000549316406,141.0,143.22999572753906,1105400.0
2024-04-12,142.5,143.5,141.35000610351562,142.49000549316406,1315400.0
2024-04-15,143.39999389648438,143.4499969482422,137.33999633789062,138.55999755859375,1659000.0
2024-04-16,138.50999450683594,138.50999450683594,135.5399932861328,136.42999267578125,2051500.0
2024-04-17,136.6999969482422,137.7899932861328,135.63999938964844,135.75,1965300.0
2024-04-18,136.3000030517578,138.97999572753906,135.6999969482422,136.66000366210938,1498500.0
2024-04-19,137.41000366210938,137.92999267578125,136.32000732421875,136.8300018310547,1505200.0
2024-04-22,137.64999389648438,138.14999389648438,135.74000549316406,135.86000061035156,1518400.0
2024-04-23,136.50999450683594,138.88999938964844,135.72000122070312,138.52999877929688,1320400.0
2024-04-24,137.77000427246094,140.8699951171875,137.63999938964844,140.61000061035156,1614900.0
2024-04-25,138.52999877929688,141.9499969482422,137.1699981689453,141.49000549316406,1887100.0
2024-04-26,142.3300018310547,143.8300018310547,141.42999267578125,142.8300018310547,1798100.0
2024-04-29,144.57000732421875,144.86000061035156,141.2899932861328,142.33999633789062,1913600.0
2024-04-30,141.02000427246094,142.27999877929688,138.69000244140625,138.77999877929688,2001800.0
2024-05-01,139.52000427246094,141.1699981689453,137.9499969482422,137.99000549316406,1639700.0
2024-05-02,139.3699951171875,140.97000122070312,137.27999877929688,140.14999389648438,2030300.0
2024-05-03,147.25,152.35000610351562,145.6699981689453,147.0,3309700.0
2024-05-06,147.57000732421875,148.0,142.4600067138672,143.77000427246094,1907400.0
2024-05-07,144.5,145.42999267578125,143.77000427246094,144.6300048828125,1274000.0
2024-05-08,140.35000610351562,142.0,140.1699981689453,140.25,6521600.0
2024-05-09,141.5,144.19000244140625,141.0399932861328,143.5399932861328,10657100.0
2024-05-10,143.3800048828125,144.22000122070312,139.6199951171875,141.4600067138672,2950700.0
2024-05-13,142.2100067138672,143.17999267578125,140.49000549316406,143.08999633789062,1722300.0
2024-05-14,143.42999267578125,143.91000366210938,141.25999450683594,141.86000061035156,1758200.0
2024-05-15,145.0399932861328,145.32000732421875,142.42999267578125,144.63999938964844,2563300.0
2024-05-16,144.63999938964844,146.2100067138672,143.16000366210938,144.94000244140625,1748000.0
2024-05-17,145.44000244140625,145.47999572753906,143.52999877929688,143.8300018310547,1556000.0
2024-05-20,143.5399932861328,145.25,142.39999389648438,143.35000610351562,993900.0
2024-05-21,143.0,144.55999755859375,142.5,144.25999450683594,1148600.0
2024-05-22,143.97000122070312,143.99000549316406,142.13999938964844,143.14999389648438,1512900.0
2024-05-23,144.0,144.82000732421875,141.88999938964844,142.25,2249200.0
2024-05-24,142.97000122070312,143.08999633789062,141.10000610351562,142.77000427246094,1122200.0
2024-05-28,143.8699951171875,144.0399932861328,142.75999450683594,143.77000427246094,1191300.0
2024-05-29,142.42999267578125,142.8800048828125,140.27000427246094,141.42999267578125,1340100.0
2024-05-30,142.86000061035156,144.6199951171875,141.9499969482422,144.0399932861328,1235300.0
2024-05-31,144.92999267578125,145.63999938964844,142.9199981689453,145.33999633789062,3657100.0
2024-06-03,145.35000610351562,145.66000366210938,142.4600067138672,143.0399932861328,1196200.0
2024-06-04,142.92999267578125,146.0500030517578,141.94000244140625,145.1199951171875,1403900.0
2024-06-05,145.64999389648438,147.3800048828125,144.67999267578125,147.36000061035156,1047100.0
2024-06-06,147.3000030517578,147.50999450683594,146.17999267578125,147.1199951171875,807400.0
2024-06-07,145.27000427246094,147.2100067138672,144.75999450683594,146.35000610351562,1070100.0
2024-06-10,146.25,149.4600067138672,145.36000061035156,149.08999633789062,1506800.0
2024-06-11,148.88999938964844,150.50999450683594,148.42999267578125,149.8800048828125,1337600.0
2024-06-12,152.97000122070312,153.02000427246094,149.07000732421875,149.58999633789062,1748200.0
2024-06-13,150.67999267578125,151.14999389648438,149.4199981689453,149.75999450683594,1496300.0
2024-06-14,149.11000061035156,150.85000610351562,148.5800018310547,149.9199981689453,1000400.0
2024-06-17,149.05999755859375,150.5500030517578,148.5,149.00999450683594,1192200.0
2024-06-18,150.35000610351562,151.13999938964844,149.3800048828125,149.55999755859375,1095700.0
2024-06-20,149.27999877929688,150.61000061035156,147.6999969482422,147.88999938964844,1315000.0
2024-06-21,148.22999572753906,148.5,145.91000366210938,148.35000610351562,3587900.0
2024-06-24,148.72999572753906,150.92999267578125,146.83999633789062,147.00999450683594,1502600.0
2024-06-25,146.9600067138672,147.47000122070312,145.2899932861328,146.44000244140625,1209200.0
2024-06-26,147.5,148.4199981689453,145.92999267578125,146.88999938964844,1748600.0
2024-06-27,147.57000732421875,150.2899932861328,146.91000366210938,148.72000122070312,1660900.0
2024-06-28,150.42999267578125,153.25,150.25,152.0500030517578,3406300.0
2024-07-01,151.9499969482422,152.92999267578125,150.61000061035156,152.1300048828125,1483900.0
2024-07-02,152.17999267578125,153.77999877929688,151.9199981689453,152.91000366210938,1162800.0
2024-07-03,153.3800048828125,154.05999755859375,151.6999969482422,151.7100067138672,879700.0
2024-07-05,151.8000030517578,152.50999450683594,150.35000610351562,151.44000244140625,1261800.0
2024-07-08,151.49000549316406,153.99000549316406,151.42999267578125,153.66000366210938,1149400.0
2024-07-09,153.75,154.1300048828125,151.61000061035156,153.3000030517578,1080400.0
2024-07-10,154.0,155.77999877929688,153.25999450683594,155.6300048828125,1459700.0
2024-07-11,157.6999969482422,160.4600067138672,157.00999450683594,157.72999572753906,1678200.0
2024-07-12,158.5500030517578,159.57000732421875,158.0500030517578,158.35000610351562,1284100.0
2024-07-15,158.92999267578125,159.6999969482422,157.5399932861328,159.5,943300.0
2024-07-16,160.38999938964844,162.5800018310547,159.27000427246094,162.3300018310547,1192900.0
2024-07-17,161.24000549316406,162.3300018310547,156.17999267578125,156.8300018310547,2012300.0
2024-07-18,156.3699951171875,157.22000122070312,154.22999572753906,154.60000610351562,1414600.0
2024-07-19,155.66000366210938,155.97999572753906,154.2100067138672,155.1699981689453,1168800.0
2024-07-22,155.3300018310547,156.67999267578125,154.10000610351562,155.55999755859375,1347900.0
2024-07-23,155.17999267578125,156.72999572753906,154.8699951171875,155.08999633789062,1128300.0
2024-07-24,154.75,155.61000061035156,151.49000549316406,151.66000366210938,1568100.0
2024-07-25,151.64999389648438,151.86000061035156,146.13999938964844,147.3699951171875,2489900.0
2024-07-26,142.86000061035156,146.39999389648438,141.0,145.64999389648438,3204900.0
2024-07-29,145.6300048828125,147.5,144.57000732421875,147.19000244140625,1628400.0
2024-07-30,147.49000549316406,147.55999755859375,144.05999755859375,145.0399932861328,1699600.0
2024-07-31,147.52000427246094,150.99000549316406,146.91000366210938,149.49000549316406,3344100.0
2024-08-01,150.25999450683594,153.19000244140625,150.25999450683594,152.2899932861328,2019900.0
2024-08-02,151.75,152.89999389648438,148.24000549316406,150.83999633789062,1642300.0
2024-08-05,147.52000427246094,150.1300048828125,144.17999267578125,144.47000122070312,2320900.0
2024-08-06,144.8800048828125,150.75,144.07000732421875,148.6300048828125,1378800.0
2024-08-07,149.07000732421875,151.8300018310547,146.86000061035156,147.13999938964844,1210800.0
2024-08-08,147.4499969482422,149.97000122070312,147.30999755859375,149.66000366210938,1160700.0
2024-08-09,149.9600067138672,150.75999450683594,148.3800048828125,150.1199951171875,803400.0
2024-08-12,149.77999877929688,150.22999572753906,147.08999633789062,148.75,1105800.0
2024-08-13,149.99000549316406,150.47999572753906,149.0800018310547,149.57000732421875,1435800.0
2024-08-14,149.85000610351562,152.83999633789062,149.5800018310547,151.17999267578125,1227700.0
2024-08-15,151.1199951171875,151.89999389648438,148.69000244140625,149.86000061035156,1504700.0
2024-08-16,149.39999389648438,150.57000732421875,148.75999450683594,149.60000610351562,1257800.0
2024-08-19,149.24000549316406,150.6999969482422,148.0500030517578,148.6199951171875,1400900.0
2024-08-20,148.77000427246094,149.3300018310547,147.91000366210938,149.10000610351562,1041000.0
2024-08-21,149.05999755859375,150.3699951171875,148.64999389648438,149.75999450683594,1480100.0
2024-08-22,150.0399932861328,151.25999450683594,149.42999267578125,150.69000244140625,874900.0
2024-08-23,151.17999267578125,152.74000549316406,150.17999267578125,152.17999267578125,1604200.0
2024-08-26,152.89999389648438,153.5,150.02000427246094,150.58999633789062,925400.0
2024-08-27,149.13999938964844,151.13999938964844,148.80999755859375,150.61000061035156,1076900.0
2024-08-28,150.61000061035156,151.60000610351562,149.27000427246094,150.11000061035156,1096400.0
2024-08-29,149.74000549316406,150.85000610351562,148.67999267578125,149.5,1148100.0
2024-08-30,150.36000061035156,152.10000610351562,149.30999755859375,151.61000061035156,3050900.0
2024-09-03,150.36000061035156,150.97000122070312,149.13999938964844,149.7899932861328,1605400.0
2024-09-04,150.13999938964844,150.47000122070312,147.3000030517578,149.08999633789062,1233800.0
2024-09-05,149.10000610351562,150.0800018310547,148.14999389648438,149.91000366210938,1299600.0
2024-09-06,149.99000549316406,150.0,147.2100067138672,148.22000122070312,1741700.0
2024-09-09,148.02999877929688,149.64999389648438,147.6999969482422,149.33999633789062,1499800.0
2024-09-10,150.11000061035156,157.11000061035156,150.02999877929688,156.75999450683594,1794700.0
2024-09-11,155.39999389648438,158.83999633789062,154.5399932861328,158.4199981689453,1922800.0
2024-09-12,158.47999572753906,160.52000427246094,157.6699981689453,160.49000549316406,1372300.0
2024-09-13,160.4499969482422,160.8300018310547,158.2899932861328,158.92999267578125,1467000.0
2024-09-16,159.4600067138672,161.38999938964844,158.74000549316406,160.8699951171875,1467700.0
2024-09-17,160.74000549316406,161.61000061035156,157.19000244140625,157.5800018310547,1824700.0
2024-09-18,157.8699951171875,159.89999389648438,156.55999755859375,158.25,1515300.0
2024-09-19,160.0,160.33999633789062,157.4499969482422,158.89999389648438,1803200.0
2024-09-20,157.3800048828125,160.33999633789062,157.14999389648438,158.6999969482422,7232200.0
2024-09-23,159.74000549316406,161.91000366210938,159.19000244140625,160.9600067138672,1651600.0
2024-09-24,160.61000061035156,163.30999755859375,159.9199981689453,162.1300048828125,1680100.0
2024-09-25,163.1699981689453,165.1699981689453,162.22999572753906,162.89999389648438,1675400.0
2024-09-26,165.0,165.0,161.24000549316406,162.05999755859375,1459500.0
2024-09-27,163.24000549316406,163.24000549316406,161.08999633789062,161.16000366210938,1549200.0
2024-09-30,160.2899932861328,162.1300048828125,159.47000122070312,161.8300018310547,2220700.0
2024-10-01,162.85000610351562,162.85000610351562,159.0800018310547,160.27000427246094,1346000.0
2024-10-02,158.67999267578125,160.17999267578125,158.2100067138672,159.60000610351562,1361100.0
2024-10-03,160.02999877929688,160.49000549316406,156.97000122070312,157.3000030517578,1199200.0
2024-10-04,157.2899932861328,157.83999633789062,155.60000610351562,157.0,1120600.0
2024-10-07,155.8000030517578,156.7100067138672,155.16000366210938,156.47000122070312,988200.0
2024-10-08,157.1300048828125,158.72000122070312,155.7100067138672,158.27999877929688,953800.0
2024-10-09,158.5,159.30999755859375,157.50999450683594,159.1300048828125,822600.0
2024-10-10,158.36000061035156,160.16000366210938,158.22999572753906,158.85000610351562,881100.0
2024-10-11,159.0500030517578,160.8000030517578,158.86000061035156,160.72999572753906,1346200.0
2024-10-14,161.07000732421875,162.8800048828125,160.32000732421875,161.97999572753906,1371800.0
2024-10-15,163.07000732421875,164.60000610351562,160.83999633789062,161.2100067138672,2637000.0
2024-10-16,161.0,162.6699981689453,160.52999877929688,162.1300048828125,1307600.0
2024-10-17,161.50999450683594,164.25,160.7899932861328,163.69000244140625,1178400.0
2024-10-18,164.00999450683594,165.64999389648438,163.47000122070312,165.3800048828125,986000.0
2024-10-21,164.44000244140625,165.60000610351562,163.4199981689453,165.1999969482422,1891300.0
2024-10-22,164.61000061035156,166.2899932861328,164.1300048828125,165.25,1540300.0
2024-10-23,165.10000610351562,166.57000732421875,164.9600067138672,165.8000030517578,1240700.0
2024-10-24,166.5399932861328,166.60000610351562,164.5,165.1300048828125,1479800.0
2024-10-25,184.4600067138672,193.8800048828125,180.36000061035156,181.00999450683594,6093000.0
2024-10-28,182.0,185.1699981689453,181.27000427246094,183.30999755859375,2697800.0
2024-10-29,183.0,185.32000732421875,182.38999938964844,182.8000030517578,2154100.0
2024-10-30,183.2100067138672,184.6300048828125,181.1300048828125,182.1699981689453,2079300.0
2024-10-31,180.75,181.6999969482422,178.08999633789062,178.22999572753906,2014100.0
2024-11-01,178.05999755859375,179.47999572753906,174.9600067138672,176.0,1517200.0
2024-11-04,175.94000244140625,177.49000549316406,175.05999755859375,177.32000732421875,1270000.0
2024-11-05,177.4600067138672,181.1199951171875,176.39999389648438,181.02000427246094,1404000.0
2024-11-06,177.0,178.27000427246094,171.25,173.6199951171875,4619700.0
2024-11-07,174.10000610351562,179.7100067138672,173.8000030517578,178.47000122070312,3991500.0
2024-11-08,179.74000549316406,183.35000610351562,179.25,181.97999572753906,2229700.0
2024-11-11,182.1999969482422,184.2899932861328,181.75999450683594,182.85000610351562,2015700.0
2024-11-12,183.0,184.1999969482422,180.38999938964844,180.7899932861328,1936000.0
2024-11-13,181.9600067138672,182.02999877929688,178.0500030517578,178.1300048828125,1862800.0
2024-11-14,178.8300018310547,179.08999633789062,177.3699951171875,178.2100067138672,2127400.0
2024-11-15,177.5,180.8699951171875,177.00999450683594,179.6699981689453,2998600.0
2024-11-18,179.39999389648438,183.47999572753906,178.97999572753906,183.2899932861328,2316400.0
2024-11-19,183.38999938964844,187.49000549316406,182.5,187.27000427246094,1657700.0
2024-11-20,185.5399932861328,186.1300048828125,183.55999755859375,185.91000366210938,1433800.0
2024-11-21,186.39999389648438,188.1699981689453,185.02999877929688,187.3699951171875,1886100.0
2024-11-22,188.72000122070312,190.91000366210938,188.35000610351562,189.83999633789062,2526500.0
2024-11-25,191.5,193.2899932861328,191.00999450683594,192.82000732421875,4657000.0
2024-11-26,192.6199951171875,194.30999755859375,191.19000244140625,194.02000427246094,1962600.0
2024-11-27,195.41000366210938,195.92999267578125,194.02000427246094,195.27999877929688,1719200.0
2024-11-29,195.92999267578125,198.0,195.5,195.69000244140625,1492300.0
2024-12-02,194.85000610351562,195.3800048828125,191.2899932861328,192.16000366210938,2293500.0
2024-12-03,192.39999389648438,192.8800048828125,190.7100067138672,191.07000732421875,1186600.0
2024-12-04,192.10000610351562,192.10000610351562,190.05999755859375,190.83999633789062,1506300.0
2024-12-05,189.6999969482422,191.1300048828125,188.5500030517578,191.0800018310547,1507500.0
2024-12-06,192.1199951171875,192.8000030517578,190.2100067138672,192.69000244140625,2073800.0
2024-12-09,193.47999572753906,194.22000122070312,186.91000366210938,188.1699981689453,2309500.0
2024-12-10,188.0,188.6699981689453,185.1999969482422,185.7100067138672,1866000.0
2024-12-11,186.69000244140625,188.42999267578125,186.1699981689453,187.22000122070312,1836300.0
2024-12-12,186.8800048828125,189.2100067138672,186.5,187.1300048828125,2061200.0
2024-12-13,186.77999877929688,187.35000610351562,184.9199981689453,185.0399932861328,1566800.0
2024-12-16,185.22000122070312,187.8000030517578,184.89999389648438,185.47000122070312,1258100.0
2024-12-17,184.39999389648438,186.3699951171875,183.47999572753906,185.0,1508000.0
2024-12-18,184.75999450683594,185.27000427246094,176.66000366210938,176.9600067138672,2407500.0
2024-12-19,177.52000427246094,180.6999969482422,176.30999755859375,176.80999755859375,2977300.0
2024-12-20,176.80999755859375,181.47000122070312,175.77999877929688,178.57000732421875,4801700.0
2024-12-23,178.69000244140625,179.1199951171875,176.5500030517578,178.47000122070312,2167100.0
2024-12-24,178.3699951171875,180.39999389648438,177.9499969482422,180.39999389648438,683700.0
2024-12-26,179.19000244140625,179.99000549316406,178.5,179.5,693500.0
2024-12-27,178.22000122070312,179.6199951171875,177.3300018310547,178.13999938964844,822900.0
2024-12-30,176.47000122070312,177.0,174.4600067138672,176.22000122070312,1027700.0
2024-12-31,178.3300018310547,178.5,176.10000610351562,177.3300018310547,1434000.0
2025-01-02,177.69000244140625,178.8800048828125,176.05999755859375,177.0,1285900.0
2025-01-03,178.11000061035156,181.97999572753906,177.83999633789062,181.74000549316406,1574200.0
2025-01-06,181.94000244140625,183.77000427246094,179.24000549316406,179.60000610351562,2021300.0
2025-01-07,182.5,184.63999938964844,177.72000122070312,179.8800048828125,2288500.0
2025-01-08,179.99000549316406,181.88999938964844,179.4199981689453,180.8699951171875,1728600.0
2025-01-10,177.24000549316406,178.00999450683594,172.7899932861328,173.33999633789062,2781400.0
2025-01-13,171.77000427246094,173.13999938964844,170.02999877929688,171.9199981689453,1798000.0
2025-01-14,172.6699981689453,174.5,172.0,173.88999938964844,1537400.0
2025-01-15,179.8800048828125,179.99000549316406,174.1300048828125,174.91000366210938,1859800.0
2025-01-16,175.60000610351562,180.25,175.22000122070312,180.10000610351562,1735200.0
2025-01-17,181.1699981689453,181.8300018310547,178.14999389648438,178.42999267578125,1639400.0
2025-01-21,180.69000244140625,184.00999450683594,180.00999450683594,183.55999755859375,1926400.0
2025-01-22,184.49000549316406,187.74000549316406,181.8800048828125,182.44000244140625,2723400.0
2025-01-23,182.5,184.39999389648438,180.3699951171875,183.50999450683594,1765800.0
2025-01-24,183.2100067138672,184.64999389648438,180.27000427246094,180.5,1851700.0
2025-01-27,166.1300048828125,166.3000030517578,156.32000732421875,164.74000549316406,8405400.0
2025-01-28,164.44000244140625,164.72999572753906,156.08999633789062,162.13999938964844,4745500.0
2025-01-29,162.27000427246094,164.3800048828125,160.5,161.72999572753906,2660000.0
2025-01-30,163.60000610351562,165.8699951171875,162.13999938964844,164.22999572753906,1964200.0
2025-01-31,164.97000122070312,167.6999969482422,163.72000122070312,163.86000061035156,2010600.0
2025-02-03,161.63999938964844,162.47000122070312,159.83999633789062,161.42999267578125,2242700.0
2025-02-04,159.6999969482422,163.9499969482422,159.2899932861328,163.33999633789062,2055300.0
2025-02-05,164.8300018310547,167.38999938964844,163.19000244140625,167.19000244140625,1647600.0
2025-02-06,168.2100067138672,168.77000427246094,166.52000427246094,168.11000061035156,1276600.0
2025-02-07,168.3800048828125,169.1699981689453,166.75999450683594,168.07000732421875,1054300.0
2025-02-10,168.27999877929688,168.7100067138672,165.47999572753906,166.38999938964844,2163900.0
2025-02-11,165.0,166.1300048828125,164.1999969482422,165.66000366210938,2571200.0
2025-02-12,162.0500030517578,164.8300018310547,161.49000549316406,163.22000122070312,1803600.0
2025-02-13,161.52999877929688,165.14999389648438,161.52999877929688,164.80999755859375,2707300.0
2025-02-14,164.80999755859375,165.66000366210938,157.22000122070312,164.27999877929688,4795100.0
2025-02-18,166.02999877929688,167.86000061035156,164.72999572753906,165.64999389648438,2364200.0
2025-02-19,165.32000732421875,169.97000122070312,164.6699981689453,169.61000061035156,2119200.0
2025-02-20,169.7100067138672,172.11000061035156,167.77000427246094,172.0,2131800.0
2025-02-21,171.5800018310547,171.72999572753906,164.61000061035156,165.36000061035156,2498400.0
2025-02-24,163.97000122070312,164.4199981689453,157.30999755859375,159.69000244140625,3969200.0
2025-02-25,160.25999450683594,161.0800018310547,157.42999267578125,158.16000366210938,2952200.0
2025-02-26,159.02000427246094,161.0800018310547,158.66000366210938,159.3800048828125,1896800.0
2025-02-27,160.94000244140625,161.47000122070312,156.5800018310547,157.27000427246094,2299800.0
2025-02-28,156.6999969482422,157.77000427246094,154.72999572753906,156.32000732421875,5769900.0
2025-03-03,158.33999633789062,159.05999755859375,153.1999969482422,155.30999755859375,2455700.0
2025-03-04,154.97999572753906,157.2100067138672,151.7899932861328,155.6699981689453,2562200.0
2025-03-05,154.75,158.4199981689453,154.58999633789062,157.27999877929688,2016000.0
2025-03-06,155.0,155.10000610351562,148.3300018310547,148.4199981689453,2557800.0
2025-03-07,148.4199981689453,149.6699981689453,144.27000427246094,149.1699981689453,2704700.0
2025-03-10,147.6699981689453,148.5,143.77000427246094,145.6300048828125,2903500.0
2025-03-11,145.57000732421875,149.6199951171875,144.72000122070312,147.00999450683594,3725500.0
2025-03-12,149.80999755859375,152.30999755859375,148.5399932861328,151.6699981689453,2607800.0
2025-03-13,150.60000610351562,151.74000549316406,145.5500030517578,145.94000244140625,2442600.0
2025-03-14,146.64999389648438,148.8000030517578,143.02000427246094,148.57000732421875,2814600.0
2025-03-17,148.05999755859375,153.36000061035156,147.85000610351562,151.85000610351562,2224700.0
2025-03-18,152.2899932861328,152.2899932861328,147.82000732421875,148.66000366210938,1933500.0
2025-03-19,148.89999389648438,153.22999572753906,148.60000610351562,151.08999633789062,1883200.0
2025-03-20,150.4499969482422,152.1199951171875,149.75999450683594,151.41000366210938,1392200.0
2025-03-21,150.5,151.6699981689453,147.82000732421875,150.3800048828125,4766100.0
2025-03-24,152.39999389648438,155.64999389648438,152.1199951171875,155.49000549316406,2023100.0
2025-03-25,154.08999633789062,155.11000061035156,150.25,151.4199981689453,2582200.0
2025-03-26,151.9600067138672,153.16000366210938,147.9199981689453,149.39999389648438,2241800.0
2025-03-27,148.8000030517578,149.32000732421875,144.77000427246094,144.9499969482422,2706500.0
2025-03-28,144.66000366210938,145.77000427246094,139.8800048828125,142.10000610351562,2799200.0
2025-03-31,141.91000366210938,144.9199981689453,139.27000427246094,143.2899932861328,3860200.0
2025-04-01,144.08999633789062,146.35000610351562,141.6699981689453,146.0500030517578,2117800.0
2025-04-02,144.83999633789062,149.27000427246094,143.9499969482422,148.67999267578125,2164400.0
2025-04-03,143.13999938964844,144.36000061035156,139.75,141.08999633789062,3789300.0
2025-04-04,139.91000366210938,140.32000732421875,135.52999877929688,137.5,3800800.0
2025-04-07,135.0,141.5399932861328,129.9499969482422,136.6699981689453,3819500.0
2025-04-08,139.5,143.0,133.82000732421875,136.11000061035156,3515200.0
2025-04-09,134.50999450683594,146.27000427246094,130.8800048828125,145.77000427246094,3469500.0
2025-04-10,142.6999969482422,144.4600067138672,137.77000427246094,142.2899932861328,2162700.0
2025-04-11,140.8800048828125,145.66000366210938,139.5800018310547,145.08999633789062,1663400.0
2025-04-14,147.0500030517578,148.60000610351562,145.7100067138672,146.30999755859375,1324500.0
2025-04-15,146.99000549316406,148.17999267578125,145.3699951171875,146.22999572753906,1587500.0
2025-04-16,145.63999938964844,149.41000366210938,145.63999938964844,148.17999267578125,2077800.0
2025-04-17,150.0,151.94000244140625,149.25999450683594,150.75,2040300.0
2025-04-21,148.9499969482422,150.25999450683594,143.8300018310547,146.33999633789062,2572900.0
2025-04-22,147.88999938964844,149.85000610351562,147.22000122070312,148.88999938964844,2097000.0
2025-04-23,152.89999389648438,156.36000061035156,150.80999755859375,151.58999633789062,1785000.0
2025-04-24,152.1199951171875,155.11000061035156,151.2899932861328,153.75,1957400.0
2025-04-25,160.1699981689453,164.47999572753906,157.69000244140625,159.8800048828125,3387600.0
2025-04-28,159.17999267578125,161.10000610351562,158.77000427246094,160.35000610351562,2264700.0
2025-04-29,160.22000122070312,161.4499969482422,158.8300018310547,159.8699951171875,1624800.0
2025-04-30,157.6199951171875,161.10000610351562,156.27000427246094,160.5399932861328,2044700.0
2025-05-01,161.5,165.74000549316406,161.5,161.8800048828125,2051800.0
2025-05-02,164.33999633789062,165.27000427246094,163.42999267578125,164.5500030517578,1510600.0
2025-05-05,164.13999938964844,167.72000122070312,164.13999938964844,166.63999938964844,1497700.0
2025-05-06,164.86000061035156,167.49000549316406,164.82000732421875,166.6300048828125,1602100.0
2025-05-07,166.41000366210938,168.10000610351562,166.07000732421875,167.17999267578125,2016800.0
2025-05-08,169.1699981689453,169.99000549316406,166.64999389648438,166.6999969482422,1679100.0
2025-05-09,166.75,167.4199981689453,166.22000122070312,166.57000732421875,1399300.0
2025-05-12,170.00999450683594,170.39999389648438,166.0,166.0,1931200.0
2025-05-13,166.74000549316406,167.3300018310547,164.24000549316406,165.8000030517578,2060800.0
2025-05-14,166.11000061035156,166.8699951171875,165.0500030517578,165.6699981689453,1901700.0
2025-05-15,165.5,168.10000610351562,165.5,167.7899932861328,1629000.0
2025-05-16,168.38999938964844,170.05999755859375,167.58999633789062,170.0500030517578,1196900.0
2025-05-19,168.3800048828125,171.24000549316406,167.10000610351562,170.7899932861328,1113300.0
2025-05-20,169.91000366210938,170.60000610351562,168.77000427246094,170.1300048828125,933700.0
2025-05-21,168.97000122070312,170.1699981689453,166.83999633789062,167.2899932861328,1131100.0
2025-05-22,167.3000030517578,168.92999267578125,166.67999267578125,167.9499969482422,1172900.0
2025-05-23,167.50999450683594,169.07000732421875,166.25,168.1199951171875,1151600.0
2025-05-27,169.72000122070312,172.1300048828125,169.3699951171875,170.67999267578125,1847000.0
2025-05-28,170.60000610351562,170.9600067138672,168.67999267578125,169.5800018310547,1840700.0
2025-05-29,172.13999938964844,174.13999938964844,170.47000122070312,172.25999450683594,2204600.0
2025-05-30,171.61000061035156,172.5399932861328,170.0,171.52000427246094,4130900.0
2025-06-02,170.38999938964844,172.89999389648438,168.39999389648438,172.72000122070312,1340500.0
2025-06-03,172.6999969482422,174.13999938964844,171.7899932861328,173.74000549316406,1363600.0
2025-06-04,173.60000610351562,176.88999938964844,173.00999450683594,176.0,1609300.0
2025-06-05,176.5,177.97000122070312,175.50999450683594,175.91000366210938,1555500.0
2025-06-06,176.97999572753906,177.80999755859375,176.27000427246094,176.83999633789062,1748400.0
2025-06-09,177.44000244140625,178.4199981689453,175.67999267578125,176.67999267578125,1689300.0
2025-06-10,177.86000061035156,177.8800048828125,175.3800048828125,177.69000244140625,1766400.0
2025-06-11,177.64999389648438,178.7100067138672,175.50999450683594,175.83999633789062,2042300.0
2025-06-12,175.6999969482422,178.0800018310547,175.50999450683594,176.52999877929688,1924700.0
2025-06-13,174.02999877929688,174.8300018310547,172.67999267578125,174.47000122070312,1520900.0
2025-06-16,175.6999969482422,177.67999267578125,174.80999755859375,176.05999755859375,1394500.0
2025-06-17,175.9199981689453,177.44000244140625,175.1300048828125,176.05999755859375,1185600.0
2025-06-18,175.58999633789062,178.24000549316406,175.10000610351562,176.60000610351562,1470300.0
2025-06-20,177.0,177.82000732421875,175.17999267578125,175.4199981689453,2641300.0
2025-06-23,175.7100067138672,177.5800018310547,174.25999450683594,177.33999633789062,1183200.0
2025-06-24,178.35000610351562,178.85000610351562,176.47999572753906,177.66000366210938,1558500.0
2025-06-25,177.02000427246094,177.60000610351562,170.0800018310547,172.25,2964200.0
2025-06-26,171.0,171.5,163.63999938964844,169.58999633789062,4734200.0
2025-06-27,169.7100067138672,172.35000610351562,167.16000366210938,171.36000061035156,2658900.0
2025-06-30,172.52999877929688,174.5,170.5,174.3300018310547,2505700.0
2025-07-01,173.3699951171875,174.77000427246094,170.14999389648438,171.25,2250400.0
2025-07-02,170.36000061035156,173.13999938964844,170.00999450683594,172.16000366210938,1568700.0
2025-07-03,172.6999969482422,173.49000549316406,171.97000122070312,172.60000610351562,780900.0
2025-07-07,172.74000549316406,174.16000366210938,170.47000122070312,171.63999938964844,1267700.0
2025-07-08,171.14999389648438,171.42999267578125,168.4499969482422,170.8000030517578,1266600.0
2025-07-09,170.97999572753906,171.94000244140625,169.5500030517578,171.17999267578125,1004100.0
2025-07-10,171.33999633789062,172.00999450683594,169.27000427246094,170.47999572753906,1217200.0
2025-07-11,169.22000122070312,169.97999572753906,168.0500030517578,168.47000122070312,1494000.0
2025-07-14,168.82000732421875,171.41000366210938,168.60000610351562,170.92999267578125,1184300.0
2025-07-15,171.8699951171875,172.2100067138672,170.19000244140625,171.1300048828125,1424200.0
2025-07-16,171.75999450683594,173.10000610351562,170.77000427246094,172.97999572753906,1490100.0
2025-07-17,173.0,176.99000549316406,172.91000366210938,176.75999450683594,1706100.0
2025-07-18,177.38999938964844,178.66000366210938,176.16000366210938,177.97999572753906,1393300.0
2025-07-21,178.94000244140625,180.8000030517578,176.2100067138672,177.11000061035156,1620100.0
2025-07-22,177.61000061035156,179.50999450683594,177.0399932861328,179.33999633789062,1662600.0
2025-07-23,179.92999267578125,179.92999267578125,178.02999877929688,179.24000549316406,1264500.0
2025-07-24,179.05999755859375,181.42999267578125,178.47000122070312,180.02000427246094,1882600.0
2025-07-25,181.5,182.0,174.80999755859375,177.91000366210938,2602200.0
2025-07-28,177.0800018310547,179.05999755859375,175.69000244140625,175.72000122070312,1547000.0
2025-07-29,177.44000244140625,178.57000732421875,175.4499969482422,178.3000030517578,1609400.0
2025-07-30,178.8800048828125,179.8699951171875,176.1300048828125,177.3000030517578,1128000.0
2025-07-31,178.24000549316406,180.57000732421875,175.91000366210938,176.44000244140625,1963300.0
2025-08-01,176.6300048828125,176.64999389648438,170.92999267578125,172.2100067138672,1662100.0
2025-08-04,172.27000427246094,173.9199981689453,171.6199951171875,172.91000366210938,1347700.0
2025-08-05,172.91000366210938,173.25,171.13999938964844,172.1699981689453,1041300.0
2025-08-06,172.4499969482422,173.1199951171875,169.19000244140625,169.49000549316406,1285400.0
2025-08-07,169.80999755859375,171.38999938964844,169.24000549316406,171.22999572753906,1164500.0
2025-08-08,171.4499969482422,171.89999389648438,169.47999572753906,169.91000366210938,905200.0
2025-08-11,169.11000061035156,170.1999969482422,168.6199951171875,168.72999572753906,983300.0
2025-08-12,169.1999969482422,170.07000732421875,167.30999755859375,169.27000427246094,1098800.0
2025-08-13,169.69000244140625,170.69000244140625,166.8699951171875,168.5800018310547,1488400.0
2025-08-14,167.1699981689453,167.5800018310547,164.36000061035156,166.22000122070312,1313000.0
2025-08-15,166.11000061035156,168.44000244140625,165.82000732421875,166.89999389648438,1950400.0
2025-08-18,167.13999938964844,167.35000610351562,164.69000244140625,165.02000427246094,1625700.0
2025-08-19,165.25999450683594,166.6999969482422,165.0399932861328,166.57000732421875,1312200.0
2025-08-20,166.64999389648438,168.14999389648438,164.55999755859375,165.3300018310547,1657900.0
2025-08-21,164.13999938964844,164.88999938964844,162.50999450683594,163.77999877929688,1470300.0
2025-08-22,164.85000610351562,168.11000061035156,164.0500030517578,167.05999755859375,1355900.0
2025-08-25,166.6699981689453,167.8699951171875,165.36000061035156,165.86000061035156,789700.0
2025-08-26,166.22000122070312,170.1300048828125,166.1999969482422,167.9199981689453,3334700.0
2025-08-27,168.24000549316406,170.3699951171875,168.0,169.72999572753906,1346400.0
2025-08-28,170.3000030517578,170.5,168.07000732421875,168.57000732421875,1010100.0
2025-08-29,168.47000122070312,169.91000366210938,166.30999755859375,167.63999938964844,1628400.0
2025-09-02,165.08999633789062,165.9199981689453,161.69000244140625,162.9499969482422,1404700.0
2025-09-03,162.41000366210938,163.11000061035156,159.22000122070312,161.5,1669600.0
2025-09-04,161.64999389648438,163.16000366210938,160.57000732421875,162.83999633789062,1366800.0
2025-09-05,164.27000427246094,165.58999633789062,162.9199981689453,163.24000549316406,1352700.0
2025-09-08,162.0,162.3699951171875,159.22000122070312,161.2100067138672,1879700.0
2025-09-09,161.0,164.02999877929688,160.10000610351562,163.97999572753906,1893700.0
2025-09-10,166.58999633789062,174.92999267578125,166.49000549316406,173.88999938964844,3004200.0
2025-09-11,173.74000549316406,174.9499969482422,173.2899932861328,174.6699981689453,1582800.0
2025-09-12,173.75,175.58999633789062,173.4600067138672,173.5,1341300.0
2025-09-15,172.33999633789062,175.8300018310547,172.33999633789062,175.0399932861328,2199800.0
2025-09-16,175.0500030517578,175.3699951171875,172.11000061035156,173.86000061035156,1590100.0
2025-09-17,174.10000610351562,174.9499969482422,170.8800048828125,171.14999389648438,1730600.0
2025-09-18,171.5800018310547,173.27000427246094,170.74000549316406,171.36000061035156,1012600.0
2025-09-19,171.55999755859375,173.32000732421875,170.69000244140625,172.0800018310547,3146600.0
2025-09-22,171.1699981689453,176.14999389648438,169.6699981689453,174.69000244140625,1837400.0
2025-09-23,174.58999633789062,175.13999938964844,172.8699951171875,174.1199951171875,1019400.0
2025-09-24,173.38999938964844,173.75999450683594,171.61000061035156,172.0,1308700.0
2025-09-25,172.0,172.61000061035156,170.64999389648438,171.36000061035156,1272600.0
2025-09-26,171.94000244140625,172.05999755859375,170.4499969482422,171.4600067138672,785200.0
2025-09-29,172.69000244140625,173.19000244140625,169.41000366210938,170.11000061035156,1277600.0
2025-09-30,171.27000427246094,172.9199981689453,169.25999450683594,172.8800048828125,1516400.0
2025-10-01,172.52999877929688,173.3699951171875,170.22000122070312,171.4499969482422,1345800.0
2025-10-02,171.82000732421875,173.82000732421875,170.61000061035156,173.75,1824900.0
2025-10-03,174.33999633789062,178.3000030517578,173.88999938964844,176.35000610351562,1635900.0
2025-10-06,178.2899932861328,178.2899932861328,174.50999450683594,176.9600067138672,1873600.0
2025-10-07,176.8800048828125,177.0399932861328,174.13999938964844,175.13999938964844,853900.0
2025-10-08,174.77000427246094,176.9499969482422,173.0500030517578,174.1999969482422,1471700.0
2025-10-09,174.41000366210938,175.9600067138672,173.3000030517578,175.2100067138672,1190800.0
2025-10-10,175.22000122070312,175.72999572753906,168.4499969482422,168.49000549316406,1551700.0
2025-10-13,168.8699951171875,171.57000732421875,168.5399932861328,171.55999755859375,957700.0
2025-10-14,170.10000610351562,172.32000732421875,169.4499969482422,171.8800048828125,1138600.0
2025-10-15,173.2899932861328,176.86000061035156,173.11000061035156,175.1999969482422,1447900.0
2025-10-16,173.9499969482422,176.22999572753906,172.8000030517578,173.9600067138672,1318500.0
2025-10-17,171.77999877929688,173.52000427246094,170.47000122070312,172.72999572753906,1321500.0
2025-10-20,175.74000549316406,175.74000549316406,171.44000244140625,172.9199981689453,1705500.0
2025-10-21,172.44000244140625,172.47000122070312,168.72000122070312,171.6300048828125,1391200.0
2025-10-22,172.52999877929688,173.38999938964844,169.77000427246094,172.41000366210938,1542900.0
2025-10-23,174.30999755859375,176.8000030517578,172.0,175.38999938964844,2510500.0
2025-10-24,178.83999633789062,182.47999572753906,176.07000732421875,179.27999877929688,2472300.0
2025-10-27,179.27999877929688,179.99000549316406,176.3699951171875,178.13999938964844,2103800.0
2025-10-28,176.75999450683594,177.32000732421875,173.77999877929688,174.05999755859375,1432300.0
2025-10-29,174.0500030517578,174.08999633789062,165.97999572753906,167.13999938964844,2017000.0
2025-10-30,166.8800048828125,172.0800018310547,166.2899932861328,170.75,2069100.0
2025-10-31,170.00999450683594,172.14999389648438,168.80999755859375,170.41000366210938,1838600.0
2025-11-03,169.16000366210938,172.47000122070312,168.36000061035156,171.9600067138672,1513700.0
2025-11-04,171.39999389648438,171.9199981689453,168.16000366210938,168.27000427246094,1448400.0
2025-11-05,168.67999267578125,168.94000244140625,166.42999267578125,166.52000427246094,1681000.0
2025-11-06,166.0,169.77999877929688,165.0,168.35000610351562,1473600.0
2025-11-07,168.0,170.08999633789062,166.00999450683594,169.88999938964844,1211900.0
2025-11-10,169.3699951171875,170.2899932861328,167.6300048828125,169.2100067138672,1247600.0
2025-11-11,169.88999938964844,170.0,166.5399932861328,168.57000732421875,1354600.0
2025-11-12,167.6199951171875,167.97000122070312,163.82000732421875,163.89999389648438,2213500.0
2025-11-13,162.66000366210938,163.5,157.63999938964844,158.11000061035156,2687200.0
2025-11-14,157.02000427246094,159.02000427246094,156.0,158.17999267578125,2088800.0
2025-11-17,158.66000366210938,159.3000030517578,156.8699951171875,157.6999969482422,1855100.0
2025-11-18,158.00999450683594,160.6199951171875,156.8699951171875,159.6199951171875,2058100.0
2025-11-19,159.9199981689453,160.33999633789062,155.5399932861328,159.3000030517578,1539300.0
2025-11-20,161.8000030517578,164.33999633789062,157.44000244140625,157.58999633789062,2446600.0
2025-11-21,157.7899932861328,158.52000427246094,154.8300018310547,157.17999267578125,2391400.0
2025-11-24,156.94000244140625,159.14999389648438,155.32000732421875,159.00999450683594,4469900.0
2025-11-25,159.49000549316406,159.49000549316406,156.52000427246094,157.3699951171875,1707600.0
2025-11-26,157.32000732421875,160.0500030517578,156.7100067138672,158.91000366210938,1705100.0
2025-11-28,158.49000549316406,160.5,157.6300048828125,160.1199951171875,625700.0
2025-12-01,158.00999450683594,158.82000732421875,156.10000610351562,156.38999938964844,1357800.0
2025-12-02,156.42999267578125,157.3000030517578,155.80999755859375,156.5,1293300.0
2025-12-03,157.42999267578125,159.8800048828125,156.5800018310547,159.69000244140625,1362300.0
2025-12-04,159.89999389648438,162.50999450683594,158.66000366210938,161.02000427246094,1774200.0
2025-12-05,161.02000427246094,166.0,160.5,164.72999572753906,1875200.0
2025-12-08,165.2899932861328,165.39999389648438,162.80999755859375,163.77999877929688,1637200.0
2025-12-09,164.25,164.6199951171875,162.1999969482422,162.75999450683594,1239900.0
2025-12-10,162.5500030517578,163.41000366210938,159.0,159.50999450683594,2384700.0
2025-12-11,159.91000366210938,159.92999267578125,155.83999633789062,158.82000732421875,2293900.0
2025-12-12,159.0,159.5800018310547,149.25999450683594,153.6300048828125,3460000.0
2025-12-15,153.19000244140625,153.44000244140625,150.64999389648438,152.88999938964844,3007900.0
2025-12-16,153.16000366210938,153.8000030517578,149.80999755859375,150.27999877929688,2710400.0
2025-12-17,150.00999450683594,151.39999389648438,146.97000122070312,148.38999938964844,2820600.0
2025-12-18,151.35000610351562,151.9600067138672,146.22999572753906,147.92999267578125,2545200.0
2025-12-19,148.14999389648438,151.67999267578125,148.14999389648438,149.99000549316406,5257700.0
2025-12-22,150.52999877929688,154.25999450683594,149.9499969482422,153.50999450683594,2443900.0
2025-12-23,153.17999267578125,154.02999877929688,151.6199951171875,153.8800048828125,1700500.0
2025-12-24,154.0399932861328,155.3699951171875,153.25999450683594,155.19000244140625,498400.0
2025-12-26,154.8000030517578,155.4600067138672,154.3800048828125,155.00999450683594,746100.0
2025-12-29,155.1699981689453,156.52999877929688,155.1300048828125,155.64999389648438,1261000.0
2025-12-30,156.0,156.63999938964844,155.2899932861328,156.38999938964844,1085800.0
2025-12-31,156.7100067138672,156.7100067138672,154.41000366210938,154.7100067138672,1369900.0
2026-01-02,154.63999938964844,155.97999572753906,153.89999389648438,155.02999877929688,2514900.0
2026-01-05,155.1999969482422,156.4600067138672,151.86000061035156,155.77000427246094,2242800.0
2026-01-06,156.2100067138672,158.91000366210938,155.3800048828125,156.77999877929688,2796100.0
2026-01-07,157.97000122070312,158.4499969482422,154.86000061035156,154.8699951171875,2146100.0
2026-01-08,152.17999267578125,153.6999969482422,151.5,152.92999267578125,2160600.0
2026-01-09,153.77000427246094,159.49000549316406,153.47999572753906,158.5500030517578,1956800.0
2026-01-12,158.10000610351562,160.25,156.0,157.8699951171875,1787900.0
2026-01-13,158.74000549316406,161.08999633789062,157.47000122070312,160.7100067138672,1468300.0
2026-01-14,159.77999877929688,160.3000030517578,157.25999450683594,159.25999450683594,1991900.0
2026-01-15,161.8699951171875,163.75999450683594,160.22000122070312,160.57000732421875,2146700.0
2026-01-16,160.50999450683594,165.2100067138672,159.52999877929688,163.60000610351562,2586100.0
2026-01-20,162.50999450683594,163.6999969482422,158.61000061035156,159.6199951171875,2348700.0
2026-01-21,160.8699951171875,161.5,157.6300048828125,159.0,1808500.0
2026-01-22,159.64999389648438,160.47000122070312,158.19000244140625,158.7100067138672,1751300.0
2026-01-23,159.00999450683594,160.7899932861328,157.14999389648438,159.16000366210938,1397800.0
2026-01-26,159.8800048828125,163.41000366210938,159.60000610351562,161.57000732421875,2288900.0
2026-01-27,161.6300048828125,165.22999572753906,160.0,163.16000366210938,1592900.0
2026-01-28,163.50999450683594,164.9199981689453,162.5,163.2100067138672,1383500.0
2026-01-29,164.5,168.39999389648438,163.33999633789062,167.44000244140625,2287300.0
2026-01-30,166.74000549316406,167.3699951171875,163.82000732421875,165.9499969482422,2090100.0
2026-02-02,164.91000366210938,167.39999389648438,164.1699981689453,165.11000061035156,1828500.0
2026-02-03,165.2100067138672,167.35000610351562,162.3699951171875,164.4499969482422,1964300.0
2026-02-04,165.5800018310547,167.38999938964844,164.4600067138672,166.7899932861328,2019600.0
2026-02-05,167.1199951171875,168.0,162.61000061035156,164.64999389648438,2359100.0
2026-02-06,167.6199951171875,173.89999389648438,166.75999450683594,171.6199951171875,3404300.0
2026-02-09,170.4499969482422,173.1300048828125,167.7899932861328,172.1300048828125,2249100.0
2026-02-10,171.6199951171875,173.47999572753906,168.63999938964844,172.52999877929688,2153100.0
2026-02-11,171.97000122070312,174.64999389648438,171.27000427246094,174.57000732421875,1552300.0
2026-02-12,179.1699981689453,184.7899932861328,176.99000549316406,180.30999755859375,4574200.0
2026-02-13,181.5,182.0,178.99000549316406,180.97000122070312,2374800.0
2026-02-17,180.88999938964844,182.5500030517578,178.49000549316406,179.88999938964844,2213600.0
2026-02-18,179.6999969482422,179.97999572753906,175.22000122070312,176.02000427246094,2283600.0
2026-02-19,176.2899932861328,177.52999877929688,175.77000427246094,176.89999389648438,1299500.0
2026-02-20,175.99000549316406,177.0,174.7100067138672,175.67999267578125,1379600.0
2026-02-23,174.5500030517578,177.00999450683594,174.1199951171875,176.08999633789062,1598300.0
2026-02-24,176.05999755859375,178.52000427246094,174.47000122070312,178.24000549316406,1373000.0
2026-02-25,179.11000061035156,180.2100067138672,178.05999755859375,179.58999633789062,1938800.0
2026-02-26,180.08999633789062,180.49000549316406,174.77999877929688,176.3699951171875,1992700.0
2026-02-27,175.0500030517578,177.8699951171875,174.27999877929688,177.1999969482422,3258300.0
2026-03-02,175.13999938964844,178.99000549316406,173.7899932861328,178.69000244140625,1513400.0
2026-03-03,175.64999389648438,179.1300048828125,174.6199951171875,178.1300048828125,1506100.0
2026-03-04,178.13999938964844,183.17999267578125,177.0399932861328,182.6199951171875,1840500.0
2026-03-05,181.0,181.75,177.74000549316406,179.75,3080400.0
2026-03-06,179.36000061035156,182.13999938964844,175.97999572753906,176.19000244140625,2745700.0
2026-03-09,173.89999389648438,179.80999755859375,172.91000366210938,179.64999389648438,2098600.0
2026-03-10,179.50999450683594,183.13999938964844,179.50999450683594,180.86000061035156,1771700.0
2026-03-11,180.39999389648438,183.52000427246094,179.39999389648438,180.58999633789062,2897300.0
2026-03-12,179.63999938964844,181.24000549316406,178.2100067138672,180.39999389648438,1878400.0
2026-03-13,179.94000244140625,181.8800048828125,179.24000549316406,179.61000061035156,1576700.0
2026-03-16,181.94000244140625,182.9499969482422,180.86000061035156,181.25,2082000.0
2026-03-17,182.75,182.75,179.80999755859375,180.38999938964844,1611800.0
2026-03-18,180.33999633789062,181.41000366210938,178.7100067138672,178.94000244140625,1348700.0
2026-03-19,177.88999938964844,179.89999389648438,176.7100067138672,179.85000610351562,1447000.0
2026-03-20,179.99000549316406,180.27999877929688,173.0800018310547,173.3000030517578,3062700.0
2026-03-23,176.4199981689453,177.9600067138672,175.24000549316406,176.47000122070312,1579600.0
2026-03-24,176.57000732421875,178.77000427246094,174.61000061035156,174.7100067138672,1426800.0
2026-03-25,177.1300048828125,178.08999633789062,174.83999633789062,176.42999267578125,1266100.0
2026-03-26,175.19000244140625,177.35000610351562,174.41000366210938,174.75,1133000.0
2026-03-27,173.94000244140625,176.4600067138672,173.5,175.4199981689453,1490600.0
2026-03-30,177.47000122070312,178.6999969482422,174.14999389648438,175.17999267578125,2528000.0
2026-03-31,177.11000061035156,181.97000122070312,176.5500030517578,180.2100067138672,3178900.0
2026-04-01,180.91000366210938,182.72000122070312,179.50999450683594,180.4499969482422,1906500.0
2026-04-02,179.50999450683594,182.7100067138672,179.1999969482422,181.69000244140625,1693800.0
2026-04-06,181.58999633789062,183.0,180.47999572753906,181.99000549316406,1341200.0
2026-04-07,181.22000122070312,182.86000061035156,179.1999969482422,182.4199981689453,1256000.0
2026-04-08,186.38999938964844,186.4499969482422,182.3000030517578,185.6300048828125,4000300.0
2026-04-09,185.72000122070312,190.0800018310547,185.41000366210938,188.14999389648438,2749100.0
2026-04-10,188.2100067138672,189.3699951171875,187.74000549316406,188.8699951171875,1317100.0
2026-04-13,188.24000549316406,191.89999389648438,187.8800048828125,191.85000610351562,1559800.0
2026-04-14,192.67999267578125,196.41000366210938,191.7899932861328,195.7899932861328,1766000.0
2026-04-15,195.24000549316406,195.97000122070312,193.02999877929688,195.69000244140625,1672900.0
2026-04-16,196.27999877929688,199.0500030517578,196.27999877929688,199.0500030517578,1462400.0
2026-04-17,199.4600067138672,204.2100067138672,199.22000122070312,203.6199951171875,2063100.0
2026-04-20,203.83999633789062,204.60000610351562,202.33999633789062,203.91000366210938,1579000.0
2026-04-21,203.94000244140625,204.94000244140625,201.16000366210938,201.27000427246094,2081200.0
2026-04-22,202.85000610351562,203.82000732421875,199.88999938964844,200.86000061035156,2001200.0
2026-04-23,202.0,203.22999572753906,198.0500030517578,200.0,2743200.0
2026-04-24,201.92999267578125,208.13999938964844,199.35000610351562,200.0,4627500.0
2026-04-27,199.0399932861328,200.4499969482422,194.25,196.33999633789062,1944100.0
2026-04-28,194.97000122070312,195.72999572753906,191.55999755859375,194.5800018310547,2936200.0
2026-04-29,193.9600067138672,195.27999877929688,192.27000427246094,194.55999755859375,1934700.0
2026-04-30,194.75999450683594,201.3300018310547,194.6300048828125,200.94000244140625,3230800.0
2026-05-01,201.0399932861328,201.5800018310547,198.72999572753906,200.6999969482422,1206700.0
2026-05-04,199.9600067138672,200.5399932861328,197.2100067138672,198.50999450683594,1700000.0
2026-05-05,199.0,199.25999450683594,194.83999633789062,196.69000244140625,1943600.0
2026-05-06,198.13999938964844,201.25999450683594,197.0500030517578,199.67999267578125,1625700.0
2026-05-07,199.1999969482422,199.1999969482422,192.97000122070312,194.77999877929688,2483000.0
2026-05-08,195.2100067138672,197.3000030517578,194.92999267578125,195.30999755859375,1376700.0
2026-05-11,195.57000732421875,197.5399932861328,194.80999755859375,196.24000549316406,1295300.0
2026-05-12,195.8699951171875,195.97000122070312,193.2899932861328,195.27000427246094,1894100.0
2026-05-13,194.92999267578125,194.99000549316406,190.63999938964844,193.30999755859375,2075600.0
2026-05-14,193.6999969482422,194.36000061035156,191.35000610351562,192.83999633789062,2753200.0
2026-05-15,190.8800048828125,190.8800048828125,187.85000610351562,188.50999450683594,2569400.0
2026-05-18,189.82000732421875,190.0,184.9499969482422,188.5,1810100.0
2026-05-19,186.85000610351562,188.9199981689453,185.82000732421875,186.27999877929688,1483500.0
2026-05-20,187.75999450683594,190.83999633789062,186.1999969482422,190.64999389648438,1474400.0
2026-05-21,190.2100067138672,194.55999755859375,189.77000427246094,194.27000427246094,1774800.0
2026-05-22,194.25999450683594,194.88999938964844,191.2899932861328,192.02999877929688,1692500.0
2026-05-26,194.5,194.69000244140625,192.22999572753906,193.6699981689453,1958400.0
2026-05-27,192.5399932861328,194.07000732421875,191.00999450683594,191.7100067138672,1914200.0
2026-05-28,191.9199981689453,193.85000610351562,190.6999969482422,191.42999267578125,1489300.0
2026-05-29,191.33999633789062,191.9600067138672,189.75999450683594,190.0,3445100.0
2026-06-01,189.57000732421875,189.61000061035156,184.41000366210938,185.0,1815500.0
2026-06-02,185.5,187.4199981689453,184.7100067138672,187.25999450683594,1587000.0
2026-06-03,188.1699981689453,188.83999633789062,183.41000366210938,183.5,2603500.0
2026-06-04,184.8800048828125,189.25,181.91000366210938,188.6999969482422,2134200.0
2026-06-05,187.19000244140625,188.85000610351562,186.0800018310547,186.7899932861328,1892200.0
2026-06-08,187.16000366210938,187.9499969482422,181.1199951171875,182.14999389648438,2382800.0
2026-06-09,183.50999450683594,186.0800018310547,181.4199981689453,184.92999267578125,2954000.0
2026-06-10,184.24000549316406,184.99000549316406,180.75,180.77999877929688,2263700.0
2026-06-11,180.02000427246094,183.89999389648438,178.41000366210938,182.83999633789062,2642000.0
2026-06-12,183.91000366210938,185.44000244140625,183.19000244140625,184.1999969482422,2613400.0
2026-06-15,184.83999633789062,186.8300018310547,183.47000122070312,184.89999389648438,2887400.0
2026-06-16,186.66000366210938,191.67999267578125,185.5,190.4499969482422,3247400.0
2026-06-17,189.6699981689453,191.88999938964844,186.32000732421875,187.0800018310547,3187000.0
2026-06-18,188.9499969482422,191.41000366210938,187.3800048828125,188.14999389648438,5037200.0
2026-06-22,188.63999938964844,196.3000030517578,188.14999389648438,195.5399932861328,2834500.0
2026-06-23,193.66000366210938,196.9199981689453,191.52999877929688,195.0,2980500.0
2026-06-24,196.99000549316406,197.02999877929688,191.3300018310547,193.02000427246094,2771400.0
2026-06-25,195.07000732421875,195.55999755859375,189.52999877929688,192.44000244140625,4171300.0
2026-06-26,193.13999938964844,193.61000061035156,191.33999633789062,193.0,3311700.0
2026-06-29,192.7100067138672,194.32000732421875,188.50999450683594,190.5800018310547,2279900.0
2026-06-30,182.25,183.14999389648438,179.02999877929688,179.5800018310547,11443800.0
2026-07-01,178.66000366210938,180.97999572753906,175.3300018310547,176.32000732421875,10161700.0
2026-07-02,176.02000427246094,177.47000122070312,172.00999450683594,173.3000030517578,5105800.0
2026-07-06,174.74000549316406,175.5,172.1300048828125,173.6999969482422,4385400.0
2026-07-07,173.50999450683594,175.50999450683594,172.72999572753906,174.89999389648438,3121800.0
2026-07-08,174.49000549316406,177.30999755859375,174.00999450683594,176.3000030517578,2870800.0
2026-07-09,178.0,180.08999633789062,177.22999572753906,179.3300018310547,3187800.0
2026-07-10,180.0,181.32000732421875,179.3300018310547,180.41000366210938,2439000.0
2026-07-13,180.1699981689453,181.0,177.25999450683594,177.9199981689453,1584600.0
2026-07-14,178.39999389648438,178.77000427246094,172.22000122070312,173.11000061035156,3531600.0
2026-07-15,174.8000030517578,177.05999755859375,171.02999877929688,176.07000732421875,3134600.0
2026-07-16,175.2899932861328,175.9499969482422,171.33999633789062,173.60000610351562,2772200.0
2026-07-17,172.9600067138672,175.8300018310547,171.13999938964844,173.8800048828125,2593000.0
2026-07-20,173.88999938964844,176.92999267578125,173.07000732421875,176.25,2326900.0
2026-07-21,177.11000061035156,180.02999877929688,176.2100067138672,179.30999755859375,2582400.0
2026-07-22,179.50999450683594,180.52999877929688,178.1999969482422,178.41000366210938,2025900.0
2026-07-23,176.80999755859375,181.6999969482422,176.8000030517578,179.33999633789062,3261600.0
2026-07-24,190.0,207.47000122070312,188.97999572753906,199.0800018310547,10764800.0
2026-07-27,200.0500030517578,200.75,192.0,195.75999450683594,2921700.0
2026-07-28,194.72000122070312,196.64999389648438,190.69000244140625,193.17999267578125,2909100.0
2026-07-29,191.1699981689453,193.2100067138672,185.8000030517578,188.17999267578125,2291700.0
2026-07-30,194.3699951171875,196.2100067138672,191.8300018310547,193.19000244140625,2865900.0
2026-07-31,194.9199981689453,195.8800048828125,188.38999938964844,188.52000427246094,2168800.0
2026-08-03,188.07000732421875,192.82000732421875,185.16000366210938,191.22000122070312,2407900.0
2026-08-04,190.02000427246094,195.05999755859375,189.00999450683594,193.88999938964844,2307000.0
2026-08-05,195.33999633789062,195.89999389648438,191.27999877929688,194.92999267578125,1712700.0
2026-08-06,196.02000427246094,196.50999450683594,191.97999572753906,192.55999755859375,2261700.0
2026-08-07,193.94000244140625,195.82000732421875,192.63999938964844,193.8000030517578,2656900.0
2026-08-10,193.02999877929688,193.11000061035156,190.3000030517578,191.3000030517578,1601100.0
2026-08-11,191.6199951171875,192.97000122070312,190.1699981689453,190.80999755859375,1784000.0
2026-08-12,194.08999633789062,197.6699981689453,193.00999450683594,197.05999755859375,2192300.0
2026-08-13,197.74000549316406,199.41000366210938,196.88999938964844,197.5800018310547,1529300.0
2026-08-14,199.7100067138672,201.55999755859375,198.5,200.14999389648438,2369200.0
2026-08-17,199.61000061035156,199.85000610351562,197.88999938964844,197.91000366210938,1881400.0
2026-08-18,198.8300018310547,199.2100067138672,195.1300048828125,195.25,1466100.0
2026-08-19,197.17999267578125,197.17999267578125,188.4499969482422,192.35000610351562,2353900.0
2026-08-20,192.35000610351562,195.13999938964844,191.27000427246094,194.3000030517578,1367100.0
2026-08-21,195.52999877929688,196.83999633789062,190.50999450683594,190.6199951171875,1633500.0
2026-08-24,190.50999450683594,190.50999450683594,184.22000122070312,188.5500030517578,1739800.0
2026-08-25,189.32000732421875,193.1699981689453,189.32000732421875,192.32000732421875,1909700.0
2026-08-26,191.94000244140625,194.36000061035156,191.49000549316406,193.42999267578125,1607500.0
2026-08-27,193.9600067138672,196.8300018310547,191.47999572753906,192.10000610351562,1154000.0
2026-08-28,192.47000122070312,192.99000549316406,184.3000030517578,185.47000122070312,1699500.0
2026-08-31,184.6199951171875,187.14999389648438,181.97999572753906,185.58999633789062,6409300.0
2026-09-01,185.6699981689453,186.97000122070312,181.9199981689453,183.27000427246094,2188800.0
2026-09-02,182.8699951171875,183.82000732421875,179.74000549316406,183.75999450683594,2045200.0
2026-09-03,184.36000061035156,187.8800048828125,181.64999389648438,187.7899932861328,1453900.0
2026-09-04,187.02000427246094,190.14999389648438,186.0399932861328,188.38999938964844,2079000.0
2026-09-08,187.64999389648438,192.08999633789062,187.4499969482422,189.5,1573600.0
2026-09-09,189.05999755859375,191.14999389648438,188.3800048828125,189.0800018310547,1503200.0
2026-09-10,189.3000030517578,190.6699981689453,185.2899932861328,185.3699951171875,1534200.0
2026-09-11,186.6699981689453,189.58999633789062,185.67999267578125,188.5800018310547,1339800.0
2026-09-14,186.1300048828125,186.1300048828125,178.80999755859375,179.13999938964844,2044900.0
2026-09-15,178.52999877929688,179.3699951171875,175.47000122070312,179.27000427246094,2253100.0
2026-09-16,180.6699981689453,183.6199951171875,179.6999969482422,181.07000732421875,2634700.0
2026-09-17,183.22000122070312,185.02000427246094,182.75999450683594,184.25999450683594,1695600.0
2026-09-18,183.19000244140625,184.55999755859375,181.41000366210938,182.1199951171875,4556100.0
2026-09-21,185.0500030517578,188.3699951171875,184.2100067138672,186.3300018310547,1679700.0
2026-09-23,184.2899932861328,187.0,181.02999877929688,181.4499969482422,1604000.0
2026-09-24,180.97000122070312,183.0500030517578,178.6300048828125,181.0,1289100.0
