date,open,high,low,close,volume
2016-09-26,78.70999908447266,78.98999786376953,78.30999755859375,78.66000366210938,1526100.0
2016-09-27,79.1500015258789,79.54000091552734,77.72000122070312,77.8499984741211,1679900.0
2016-09-28,77.91999816894531,78.04000091552734,76.77999877929688,77.16999816894531,1719300.0
2016-09-29,76.91000366210938,76.95999908447266,75.9800033569336,76.52999877929688,1639700.0
2016-09-30,76.79000091552734,77.11000061035156,74.79000091552734,75.30000305175781,2978900.0
2016-10-03,75.1500015258789,75.20999908447266,73.91000366210938,74.23999786376953,1937300.0
2016-10-04,74.12000274658203,74.12000274658203,72.38999938964844,72.7699966430664,2553600.0
2016-10-05,72.81999969482422,73.41000366210938,72.13999938964844,72.5,2341900.0
2016-10-06,72.25,72.83000183105469,71.77999877929688,72.33000183105469,2003400.0
2016-10-07,72.80000305175781,73.55999755859375,72.02999877929688,72.02999877929688,2096600.0
2016-10-10,71.98999786376953,72.5199966430664,71.69000244140625,72.19999694824219,1340100.0
2016-10-11,71.91000366210938,72.33000183105469,71.3499984741211,71.66000366210938,2069900.0
2016-10-12,71.76000213623047,72.30000305175781,71.66999816894531,72.06999969482422,1675900.0
2016-10-13,72.2300033569336,73.5999984741211,72.0999984741211,72.94000244140625,1583400.0
2016-10-14,72.6500015258789,73.37999725341797,72.16000366210938,72.48999786376953,1288200.0
2016-10-17,72.7300033569336,73.12000274658203,72.66999816894531,73.0,1164500.0
2016-10-18,73.41999816894531,73.68000030517578,72.38999938964844,73.23999786376953,1670300.0
2016-10-19,73.26000213623047,73.79000091552734,72.9000015258789,73.44000244140625,1486900.0
2016-10-20,73.52999877929688,74.25,73.33999633789062,73.62000274658203,989400.0
2016-10-21,73.22000122070312,73.55000305175781,72.93000030517578,73.16999816894531,1054100.0
2016-10-24,73.61000061035156,73.72000122070312,72.72000122070312,73.16999816894531,1268400.0
2016-10-25,73.12000274658203,73.7300033569336,72.94999694824219,73.6500015258789,1273500.0
2016-10-26,73.56999969482422,74.0,73.27999877929688,73.87999725341797,965600.0
2016-10-27,73.56999969482422,73.91999816894531,73.01000213623047,73.47000122070312,1256300.0
2016-10-28,73.61000061035156,74.25,73.51000213623047,73.98999786376953,1108900.0
2016-10-31,74.22000122070312,76.02999877929688,74.05999755859375,75.55000305175781,2506900.0
2016-11-01,75.4800033569336,75.4800033569336,73.88999938964844,74.05000305175781,1635300.0
2016-11-02,74.02999877929688,74.13999938964844,72.95999908447266,73.81999969482422,1870100.0
2016-11-03,73.62000274658203,74.27999877929688,73.25,73.87000274658203,1517000.0
2016-11-04,75.2699966430664,75.41000366210938,73.61000061035156,73.75,1841700.0
2016-11-07,73.94000244140625,74.55000305175781,72.87999725341797,74.54000091552734,1728700.0
2016-11-08,74.72000122070312,75.62000274658203,74.61000061035156,75.33000183105469,1361400.0
2016-11-09,72.94999694824219,73.41000366210938,72.1500015258789,72.26000213623047,2983300.0
2016-11-10,72.05000305175781,72.05000305175781,68.98999786376953,70.69000244140625,3992800.0
2016-11-11,70.69000244140625,71.62000274658203,70.2699966430664,70.48999786376953,2107000.0
2016-11-14,69.3499984741211,69.81999969482422,68.76000213623047,69.55000305175781,2446400.0
2016-11-15,69.91999816894531,71.02999877929688,69.91000366210938,70.56999969482422,2560900.0
2016-11-16,70.83000183105469,71.0,69.4000015258789,69.83999633789062,1722600.0
2016-11-17,69.61000061035156,70.41000366210938,69.58000183105469,70.04000091552734,1152700.0
2016-11-18,69.98999786376953,70.33000183105469,69.26000213623047,69.52999877929688,1777200.0
2016-11-21,69.76000213623047,70.1500015258789,69.44999694824219,70.0999984741211,1612800.0
2016-11-22,70.2300033569336,70.56999969482422,69.63999938964844,70.31999969482422,1396300.0
2016-11-23,69.77999877929688,70.37000274658203,69.41999816894531,69.55000305175781,1388900.0
2016-11-25,69.9000015258789,70.9000015258789,69.75,70.66000366210938,930200.0
2016-11-28,70.77999877929688,72.7300033569336,70.77999877929688,72.6500015258789,2065800.0
2016-11-29,72.43000030517578,73.22000122070312,72.37000274658203,72.6500015258789,1988300.0
2016-11-30,71.66999816894531,71.77999877929688,69.75,69.7699966430664,3847100.0
2016-12-01,69.30999755859375,69.79000091552734,69.11000061035156,69.47000122070312,1959300.0
2016-12-02,70.08999633789062,70.55000305175781,69.27999877929688,69.69000244140625,1551100.0
2016-12-05,69.30999755859375,69.76000213623047,68.8499984741211,69.72000122070312,2048400.0
2016-12-06,69.97000122070312,69.98999786376953,69.05999755859375,69.1500015258789,1446200.0
2016-12-07,69.37999725341797,70.41999816894531,69.37999725341797,70.41000366210938,1416900.0
2016-12-08,69.88999938964844,70.70999908447266,69.33000183105469,70.58000183105469,1269400.0
2016-12-09,70.66000366210938,71.5199966430664,70.4000015258789,71.44000244140625,1775800.0
2016-12-12,71.37000274658203,72.98999786376953,71.2699966430664,72.81999969482422,1787900.0
2016-12-13,72.87000274658203,73.52999877929688,72.7699966430664,73.27999877929688,2068300.0
2016-12-14,73.44000244140625,73.91000366210938,71.05000305175781,71.20999908447266,2129400.0
2016-12-15,71.1500015258789,71.8499984741211,70.75,71.75,1658000.0
2016-12-16,71.79000091552734,73.36000061035156,71.79000091552734,72.68000030517578,3048400.0
2016-12-19,73.02999877929688,73.45999908447266,72.55000305175781,73.04000091552734,1151900.0
2016-12-20,73.0199966430664,73.87000274658203,72.76000213623047,73.44000244140625,1626500.0
2016-12-21,73.44000244140625,73.86000061035156,73.0999984741211,73.12000274658203,729400.0
2016-12-22,73.11000061035156,73.63999938964844,72.80000305175781,73.5,1187300.0
2016-12-23,73.6500015258789,73.81999969482422,73.29000091552734,73.62999725341797,482600.0
2016-12-27,73.51000213623047,73.93000030517578,73.26000213623047,73.75,724100.0
2016-12-28,73.72000122070312,73.72000122070312,72.94000244140625,73.06999969482422,873400.0
2016-12-29,73.16000366210938,74.13999938964844,73.1500015258789,74.06999969482422,1111400.0
2016-12-30,74.08000183105469,74.30000305175781,73.41000366210938,73.68000030517578,1139000.0
2017-01-03,73.72000122070312,73.73999786376953,72.73999786376953,73.62999725341797,1699600.0
2017-01-04,73.72000122070312,74.19999694824219,73.30000305175781,73.55999755859375,1259600.0
2017-01-05,73.54000091552734,73.98999786376953,72.97000122070312,73.72000122070312,1802900.0
2017-01-06,73.29000091552734,74.0199966430664,73.16999816894531,73.94000244140625,914600.0
2017-01-09,74.0999984741211,74.0999984741211,72.70999908447266,72.76000213623047,1479300.0
2017-01-10,72.62999725341797,72.81999969482422,72.13999938964844,72.63999938964844,1124200.0
2017-01-11,72.62999725341797,73.16999816894531,72.41000366210938,73.02999877929688,1288800.0
2017-01-12,73.01000213623047,73.73999786376953,72.5,73.62000274658203,1493100.0
2017-01-13,73.44000244140625,73.6500015258789,73.04000091552734,73.5999984741211,1179900.0
2017-01-17,73.88999938964844,74.63999938964844,73.66999816894531,74.5999984741211,1601900.0
2017-01-18,74.27999877929688,74.83000183105469,74.12000274658203,74.43000030517578,1455500.0
2017-01-19,73.94999694824219,74.1500015258789,73.26000213623047,73.48999786376953,1395500.0
2017-01-20,73.41000366210938,73.80000305175781,72.79000091552734,73.08000183105469,2034800.0
2017-01-23,73.2699966430664,73.52999877929688,72.69999694824219,72.95999908447266,1527100.0
2017-01-24,72.81999969482422,73.11000061035156,72.54000091552734,72.79000091552734,1544100.0
2017-01-25,72.5199966430664,72.7699966430664,72.12999725341797,72.73999786376953,1990900.0
2017-01-26,72.51000213623047,73.5199966430664,72.51000213623047,73.0199966430664,1451300.0
2017-01-27,73.29000091552734,73.51000213623047,72.91999816894531,73.12000274658203,1488300.0
2017-01-30,73.33999633789062,73.55999755859375,72.80999755859375,73.26000213623047,1595100.0
2017-01-31,73.44000244140625,74.55000305175781,73.33999633789062,74.3499984741211,2991000.0
2017-02-01,73.81999969482422,74.0199966430664,73.05000305175781,73.33000183105469,1766300.0
2017-02-02,73.47000122070312,74.5,73.16999816894531,74.47000122070312,1488000.0
2017-02-03,74.5,74.69999694824219,73.94000244140625,74.19999694824219,2302100.0
2017-02-06,74.55000305175781,74.73999786376953,74.05000305175781,74.30000305175781,1758300.0
2017-02-07,74.30999755859375,74.5999984741211,74.16999816894531,74.51000213623047,831900.0
2017-02-08,74.62000274658203,75.30999755859375,74.62000274658203,75.25,1121600.0
2017-02-09,75.12999725341797,75.44000244140625,74.26000213623047,74.38999938964844,1801900.0
2017-02-10,74.29000091552734,74.95999908447266,74.18000030517578,74.75,1321700.0
2017-02-13,74.29000091552734,74.4800033569336,73.63999938964844,74.3499984741211,1695200.0
2017-02-14,74.13999938964844,74.30000305175781,73.38999938964844,73.69000244140625,1254300.0
2017-02-15,73.20999908447266,73.76000213623047,72.94000244140625,73.69999694824219,1616700.0
2017-02-16,73.68000030517578,74.48999786376953,73.52999877929688,74.29000091552734,2953000.0
2017-02-17,74.08000183105469,74.08000183105469,72.62999725341797,73.5,2768800.0
2017-02-21,73.5,74.68000030517578,73.22000122070312,74.5199966430664,1854700.0
2017-02-22,74.5199966430664,75.08999633789062,74.19999694824219,75.01000213623047,2410800.0
2017-02-23,75.29000091552734,75.98999786376953,75.06999969482422,75.91000366210938,1438000.0
2017-02-24,76.25,76.76000213623047,76.06999969482422,76.61000061035156,1609700.0
2017-02-27,76.61000061035156,76.70999908447266,76.19000244140625,76.47000122070312,1239000.0
2017-02-28,76.29000091552734,77.23999786376953,76.26000213623047,77.04000091552734,1727500.0
2017-03-01,75.91000366210938,76.91000366210938,75.58999633789062,76.18000030517578,1780800.0
2017-03-02,75.97000122070312,77.5,75.79000091552734,77.19000244140625,2164800.0
2017-03-03,77.30999755859375,77.30999755859375,76.19000244140625,76.66999816894531,1525700.0
2017-03-06,76.66999816894531,77.0199966430664,76.44000244140625,76.63999938964844,1328500.0
2017-03-07,76.48999786376953,76.86000061035156,76.38999938964844,76.63999938964844,1088200.0
2017-03-08,76.05999755859375,76.08999633789062,75.41999816894531,75.51000213623047,1201600.0
2017-03-09,75.63999938964844,76.0,75.11000061035156,75.12999725341797,1776900.0
2017-03-10,75.5199966430664,76.0199966430664,75.37999725341797,75.9800033569336,1145100.0
2017-03-13,75.9800033569336,76.27999877929688,75.79000091552734,76.27999877929688,1414100.0
2017-03-14,76.23999786376953,76.56999969482422,76.02999877929688,76.41999816894531,1203100.0
2017-03-15,76.66999816894531,78.11000061035156,76.48999786376953,77.63999938964844,1547200.0
2017-03-16,77.33999633789062,77.62000274658203,76.19000244140625,76.31999969482422,1892200.0
2017-03-17,76.52999877929688,77.08999633789062,76.4000015258789,76.68000030517578,2989100.0
2017-03-20,76.88999938964844,77.05000305175781,75.94000244140625,76.08999633789062,1060900.0
2017-03-21,76.0999984741211,77.56999969482422,76.05000305175781,77.33999633789062,1603000.0
2017-03-22,77.6500015258789,78.36000061035156,77.51000213623047,78.11000061035156,2040300.0
2017-03-23,78.0,78.68000030517578,77.66000366210938,77.88999938964844,1270900.0
2017-03-24,77.88999938964844,78.66000366210938,77.76000213623047,78.41000366210938,1130200.0
2017-03-27,78.5199966430664,78.9800033569336,78.13999938964844,78.55000305175781,1783800.0
2017-03-28,78.33000183105469,78.62999725341797,78.11000061035156,78.52999877929688,1241400.0
2017-03-29,78.2699966430664,78.4800033569336,77.75,78.18000030517578,1260800.0
2017-03-30,77.98999786376953,78.0,77.44000244140625,77.73999786376953,827100.0
2017-03-31,77.62000274658203,78.08000183105469,77.29000091552734,77.66000366210938,1300400.0
2017-04-03,77.75,77.83000183105469,77.13999938964844,77.83000183105469,2192100.0
2017-04-04,77.69999694824219,78.27999877929688,77.5,77.95999908447266,1130200.0
2017-04-05,77.86000061035156,78.61000061035156,77.58999633789062,78.52999877929688,1291300.0
2017-04-06,78.37000274658203,78.5,77.9800033569336,78.33000183105469,1010500.0
2017-04-07,78.69000244140625,78.76000213623047,77.80000305175781,77.81999969482422,1988500.0
2017-04-10,77.87000274658203,78.1500015258789,77.54000091552734,78.01000213623047,932900.0
2017-04-11,77.87000274658203,78.08999633789062,77.30999755859375,77.9000015258789,1733100.0
2017-04-12,77.62999725341797,78.58999633789062,77.44000244140625,78.58000183105469,2095600.0
2017-04-13,78.4800033569336,78.81999969482422,77.94999694824219,78.52999877929688,1578800.0
2017-04-17,78.61000061035156,78.87000274658203,78.47000122070312,78.87000274658203,1307300.0
2017-04-18,78.88999938964844,79.29000091552734,78.66000366210938,79.08999633789062,1549000.0
2017-04-19,78.88999938964844,79.06999969482422,78.56999969482422,78.77999877929688,1700200.0
2017-04-20,78.77999877929688,78.77999877929688,77.80000305175781,78.27999877929688,1836400.0
2017-04-21,78.23999786376953,79.2699966430664,78.22000122070312,79.08999633789062,2137300.0
2017-04-24,79.13999938964844,79.5,78.56999969482422,79.4000015258789,1744600.0
2017-04-25,79.0,79.4800033569336,78.87000274658203,79.4000015258789,1146000.0
2017-04-26,79.31999969482422,79.70999908447266,79.08999633789062,79.13999938964844,1099000.0
2017-04-27,79.16999816894531,80.0999984741211,79.0199966430664,79.58000183105469,1495300.0
2017-04-28,79.38999938964844,79.58000183105469,78.9800033569336,79.27999877929688,2890300.0
2017-05-01,79.30000305175781,79.44999694824219,78.7699966430664,78.8499984741211,1284300.0
2017-05-02,79.02999877929688,79.33000183105469,78.7699966430664,79.26000213623047,1386700.0
2017-05-03,79.25,79.3499984741211,78.70999908447266,78.76000213623047,1495800.0
2017-05-04,78.45999908447266,79.08999633789062,78.41999816894531,78.87999725341797,1598400.0
2017-05-05,79.43000030517578,80.20999908447266,79.01000213623047,79.80999755859375,1650300.0
2017-05-08,79.27999877929688,79.77999877929688,79.08000183105469,79.38999938964844,1168700.0
2017-05-09,79.27999877929688,79.37000274658203,78.69000244140625,78.80999755859375,1472400.0
2017-05-10,78.94999694824219,79.36000061035156,78.79000091552734,79.04000091552734,1489200.0
2017-05-11,79.0,79.47000122070312,78.72000122070312,79.45999908447266,1337800.0
2017-05-12,79.66000366210938,80.08000183105469,79.51000213623047,79.9000015258789,1282900.0
2017-05-15,79.36000061035156,79.69000244140625,79.06999969482422,79.61000061035156,1506700.0
2017-05-16,79.63999938964844,79.7300033569336,79.12999725341797,79.13999938964844,1288600.0
2017-05-17,79.13999938964844,79.87000274658203,78.95999908447266,79.36000061035156,1748100.0
2017-05-18,79.45999908447266,80.08999633789062,79.02999877929688,79.91999816894531,1613500.0
2017-05-19,80.0,80.37999725341797,79.52999877929688,80.37000274658203,1337900.0
2017-05-22,80.0999984741211,81.16999816894531,80.0999984741211,80.94999694824219,1366300.0
2017-05-23,81.0,81.62000274658203,80.91999816894531,81.30999755859375,1788800.0
2017-05-24,81.27999877929688,81.61000061035156,81.18000030517578,81.44999694824219,1626900.0
2017-05-25,81.58000183105469,82.16000366210938,81.30999755859375,82.04000091552734,1341800.0
2017-05-26,82.0999984741211,82.4000015258789,81.8499984741211,82.0999984741211,1123200.0
2017-05-30,82.04000091552734,82.38999938964844,81.87000274658203,82.19999694824219,1173700.0
2017-05-31,82.30999755859375,83.25,82.22000122070312,82.79000091552734,1924600.0
2017-06-01,82.7699966430664,83.44999694824219,82.48999786376953,83.43000030517578,1467000.0
2017-06-02,83.88999938964844,83.98999786376953,83.26000213623047,83.52999877929688,918800.0
2017-06-05,83.38999938964844,83.48999786376953,83.0199966430664,83.05000305175781,855600.0
2017-06-06,83.25,83.33000183105469,82.70999908447266,82.9000015258789,1173700.0
2017-06-07,83.13999938964844,83.94999694824219,82.86000061035156,83.76000213623047,1599800.0
2017-06-08,83.76000213623047,83.76000213623047,82.4800033569336,83.04000091552734,1617300.0
2017-06-09,82.69999694824219,83.3499984741211,82.63999938964844,83.25,1412600.0
2017-06-12,83.25,83.73999786376953,82.62999725341797,83.30000305175781,1546100.0
2017-06-13,82.83999633789062,83.08000183105469,82.51000213623047,82.87999725341797,1687300.0
2017-06-14,83.55999755859375,83.9800033569336,83.23999786376953,83.58999633789062,1312100.0
2017-06-15,83.75,84.26000213623047,83.06999969482422,84.26000213623047,1907800.0
2017-06-16,84.5,85.04000091552734,84.3499984741211,84.8499984741211,2975700.0
2017-06-19,84.72000122070312,84.76000213623047,84.30000305175781,84.75,1687200.0
2017-06-20,84.80000305175781,85.12999725341797,84.72000122070312,84.95999908447266,1283000.0
2017-06-21,85.04000091552734,85.12999725341797,84.3499984741211,84.6500015258789,1135000.0
2017-06-22,84.47000122070312,84.86000061035156,84.16000366210938,84.19999694824219,1154600.0
2017-06-23,84.13999938964844,84.55000305175781,83.7300033569336,83.83999633789062,1347100.0
2017-06-26,83.91000366210938,84.58000183105469,83.7300033569336,84.04000091552734,1387900.0
2017-06-27,83.55999755859375,83.77999877929688,82.5199966430664,82.66999816894531,1566000.0
2017-06-28,83.01000213623047,83.05999755859375,81.80999755859375,81.81999969482422,1627100.0
2017-06-29,81.19999694824219,81.47000122070312,80.66999816894531,80.83000183105469,2111700.0
2017-06-30,80.95999908447266,81.3499984741211,80.80000305175781,80.81999969482422,1943400.0
2017-07-03,81.13999938964844,81.27999877929688,80.56999969482422,80.56999969482422,929600.0
2017-07-05,80.5999984741211,80.72000122070312,80.16999816894531,80.47000122070312,1551500.0
2017-07-06,80.36000061035156,80.5999984741211,80.04000091552734,80.38999938964844,1200200.0
2017-07-07,80.5199966430664,80.9000015258789,80.27999877929688,80.52999877929688,1345700.0
2017-07-10,80.61000061035156,80.91999816894531,80.37000274658203,80.37000274658203,1314300.0
2017-07-11,80.51000213623047,80.6500015258789,80.04000091552734,80.41000366210938,1060000.0
2017-07-12,80.9800033569336,81.22000122070312,80.81999969482422,81.11000061035156,1233400.0
2017-07-13,80.9000015258789,81.0199966430664,80.30999755859375,80.33000183105469,1512200.0
2017-07-14,80.9000015258789,81.22000122070312,80.5999984741211,80.7300033569336,837100.0
2017-07-17,80.80999755859375,81.12000274658203,80.48999786376953,81.11000061035156,885500.0
2017-07-18,81.18000030517578,81.41000366210938,81.04000091552734,81.20999908447266,1104300.0
2017-07-19,81.47000122070312,81.75,81.08999633789062,81.75,988100.0
2017-07-20,82.0,82.41999816894531,81.68000030517578,82.41000366210938,969500.0
2017-07-21,82.41999816894531,82.9800033569336,82.23999786376953,82.93000030517578,1628600.0
2017-07-24,82.91000366210938,82.9800033569336,81.81999969482422,82.13999938964844,1601600.0
2017-07-25,82.12999725341797,82.18000030517578,81.23999786376953,81.51000213623047,1326200.0
2017-07-26,81.4000015258789,82.11000061035156,81.23999786376953,82.11000061035156,1294300.0
2017-07-27,81.94000244140625,82.30000305175781,81.55000305175781,82.29000091552734,1653700.0
2017-07-28,82.2699966430664,82.48999786376953,81.7699966430664,82.37999725341797,2203700.0
2017-07-31,82.41000366210938,82.95999908447266,82.1500015258789,82.86000061035156,2909000.0
2017-08-01,82.94000244140625,83.08999633789062,82.37000274658203,82.73999786376953,1694300.0
2017-08-02,82.44000244140625,82.83000183105469,82.1500015258789,82.69999694824219,1804300.0
2017-08-03,82.51000213623047,83.12000274658203,82.43000030517578,83.12000274658203,2194400.0
2017-08-04,82.3499984741211,83.62000274658203,82.3499984741211,82.80000305175781,1396100.0
2017-08-07,82.80999755859375,83.5,82.63999938964844,83.5,1267200.0
2017-08-08,83.38999938964844,84.12000274658203,83.30000305175781,84.05999755859375,1386400.0
2017-08-09,83.44999694824219,84.16000366210938,83.13999938964844,83.26000213623047,2978300.0
2017-08-10,83.31999969482422,83.8499984741211,82.81999969482422,83.63999938964844,1430500.0
2017-08-11,83.68000030517578,83.83000183105469,82.51000213623047,82.87000274658203,1546900.0
2017-08-14,82.33999633789062,82.77999877929688,82.04000091552734,82.55000305175781,1566400.0
2017-08-15,82.19000244140625,83.18000030517578,82.19000244140625,83.05000305175781,1047700.0
2017-08-16,83.06999969482422,83.52999877929688,82.93000030517578,83.44000244140625,872600.0
2017-08-17,83.45999908447266,83.6500015258789,82.91000366210938,83.0199966430664,1044700.0
2017-08-18,82.95999908447266,84.06999969482422,82.73999786376953,83.52999877929688,2024000.0
2017-08-21,83.69000244140625,83.93000030517578,83.30999755859375,83.75,937300.0
2017-08-22,83.76000213623047,83.93000030517578,83.30999755859375,83.93000030517578,1084900.0
2017-08-23,83.97000122070312,84.29000091552734,83.63999938964844,84.26000213623047,825900.0
2017-08-24,84.23999786376953,84.54000091552734,84.02999877929688,84.2300033569336,845800.0
2017-08-25,84.44000244140625,84.87000274658203,84.30000305175781,84.4800033569336,778600.0
2017-08-28,84.66000366210938,84.76000213623047,84.25,84.58999633789062,825300.0
2017-08-29,84.79000091552734,84.91999816894531,84.37000274658203,84.41999816894531,1070900.0
2017-08-30,84.31999969482422,84.36000061035156,83.98999786376953,84.08000183105469,708900.0
2017-08-31,84.08000183105469,84.37999725341797,83.87000274658203,84.2699966430664,1328900.0
2017-09-01,84.44000244140625,84.48999786376953,83.76000213623047,83.98999786376953,853800.0
2017-09-05,84.12999725341797,84.41000366210938,83.9000015258789,84.37000274658203,1130100.0
2017-09-06,84.5199966430664,84.52999877929688,83.81999969482422,84.05000305175781,1414900.0
2017-09-07,84.27999877929688,84.8499984741211,84.04000091552734,84.73999786376953,1658200.0
2017-09-08,84.73999786376953,85.68000030517578,84.55999755859375,85.52999877929688,1505500.0
2017-09-11,85.44999694824219,86.16000366210938,85.22000122070312,86.05000305175781,1109800.0
2017-09-12,86.0,86.01000213623047,83.91000366210938,84.20999908447266,1614000.0
2017-09-13,84.16000366210938,84.27999877929688,83.7300033569336,83.76000213623047,1424400.0
2017-09-14,83.69999694824219,84.51000213623047,83.44000244140625,84.51000213623047,1531300.0
2017-09-15,84.7300033569336,84.88999938964844,84.19999694824219,84.44000244140625,2472200.0
2017-09-18,84.54000091552734,84.55000305175781,82.93000030517578,83.56999969482422,1271300.0
2017-09-19,83.66999816894531,83.70999908447266,83.19999694824219,83.41000366210938,1305200.0
2017-09-20,83.5999984741211,83.7300033569336,82.29000091552734,82.5999984741211,1431700.0
2017-09-21,82.63999938964844,83.12999725341797,82.30000305175781,82.43000030517578,1086100.0
2017-09-22,82.75,82.75,81.58000183105469,81.58999633789062,1140700.0
2017-09-25,81.72000122070312,82.3499984741211,81.51000213623047,82.23999786376953,1354800.0
2017-09-26,81.19999694824219,82.13999938964844,81.19999694824219,81.83999633789062,1505300.0
2017-09-27,81.30999755859375,81.6500015258789,80.16999816894531,80.62000274658203,1496900.0
2017-09-28,80.44999694824219,80.9800033569336,80.0199966430664,80.70999908447266,1619500.0
2017-09-29,80.68000030517578,80.88999938964844,80.27999877929688,80.68000030517578,1848500.0
2017-10-02,80.88999938964844,81.66999816894531,80.63999938964844,81.11000061035156,1973700.0
2017-10-03,81.04000091552734,81.05999755859375,80.26000213623047,80.9000015258789,1181100.0
2017-10-04,80.97000122070312,81.79000091552734,80.62000274658203,81.77999877929688,1136700.0
2017-10-05,81.79000091552734,81.93000030517578,81.33000183105469,81.7699966430664,1444600.0
2017-10-06,81.33000183105469,81.75,81.08999633789062,81.55999755859375,1095700.0
2017-10-09,81.66000366210938,81.91000366210938,81.41999816894531,81.48999786376953,1224300.0
2017-10-10,81.55000305175781,82.41000366210938,81.4000015258789,82.4000015258789,1557100.0
2017-10-11,82.19999694824219,83.12999725341797,82.19999694824219,82.83999633789062,1352500.0
2017-10-12,82.80000305175781,83.56999969482422,82.80000305175781,83.52999877929688,1227900.0
2017-10-13,83.76000213623047,84.08999633789062,82.93000030517578,83.08000183105469,1558500.0
2017-10-16,83.0199966430664,83.37999725341797,82.27999877929688,82.8499984741211,1582800.0
2017-10-17,83.0199966430664,83.6500015258789,82.66000366210938,83.55999755859375,1144400.0
2017-10-18,83.38999938964844,83.88999938964844,82.97000122070312,83.77999877929688,1530700.0
2017-10-19,83.91000366210938,84.86000061035156,83.76000213623047,84.83999633789062,1320800.0
2017-10-20,84.58999633789062,85.08000183105469,84.5,84.86000061035156,1358200.0
2017-10-23,84.87000274658203,85.18000030517578,84.52999877929688,85.0999984741211,1611100.0
2017-10-24,85.48999786376953,85.79000091552734,85.13999938964844,85.76000213623047,1950200.0
2017-10-25,85.33000183105469,85.44000244140625,84.23999786376953,85.33000183105469,1637300.0
2017-10-26,85.73999786376953,86.12000274658203,85.19999694824219,85.5,1354900.0
2017-10-27,85.30000305175781,86.33000183105469,85.27999877929688,85.91999816894531,1125200.0
2017-10-30,85.80000305175781,86.01000213623047,85.55000305175781,85.9000015258789,1490500.0
2017-10-31,85.80999755859375,86.19000244140625,85.69999694824219,86.05000305175781,1398500.0
2017-11-01,85.8499984741211,86.52999877929688,85.2699966430664,85.80000305175781,1305300.0
2017-11-02,86.04000091552734,86.81999969482422,85.7300033569336,86.80000305175781,1690100.0
2017-11-03,86.80000305175781,87.58000183105469,86.44000244140625,87.04000091552734,1629400.0
2017-11-06,87.0999984741211,87.23999786376953,86.2699966430664,86.31999969482422,1372600.0
2017-11-07,86.54000091552734,87.69999694824219,86.12000274658203,87.69000244140625,1487400.0
2017-11-08,87.58999633789062,88.08000183105469,87.23999786376953,87.86000061035156,1799400.0
2017-11-09,87.58000183105469,88.08000183105469,87.36000061035156,87.66000366210938,1134700.0
2017-11-10,87.16999816894531,87.43000030517578,86.81999969482422,87.19000244140625,1578200.0
2017-11-13,87.44000244140625,88.66000366210938,87.4000015258789,88.30999755859375,1370100.0
2017-11-14,87.5,89.01000213623047,87.33999633789062,88.95999908447266,1583900.0
2017-11-15,89.12000274658203,89.58000183105469,88.0,88.0199966430664,1311900.0
2017-11-16,88.06999969482422,88.12999725341797,87.16999816894531,87.36000061035156,2826300.0
2017-11-17,87.08000183105469,87.36000061035156,86.22000122070312,86.52999877929688,3068900.0
2017-11-20,86.66000366210938,86.98999786376953,85.86000061035156,86.0,2553500.0
2017-11-21,86.18000030517578,86.8499984741211,85.86000061035156,86.4800033569336,3014600.0
2017-11-22,86.58000183105469,86.69000244140625,86.27999877929688,86.66000366210938,1024500.0
2017-11-24,86.8499984741211,87.25,86.69999694824219,86.9000015258789,603900.0
2017-11-27,87.0,87.70999908447266,86.81999969482422,87.5,1140800.0
2017-11-28,87.81999969482422,88.13999938964844,87.66000366210938,87.9800033569336,1365300.0
2017-11-29,87.63999938964844,88.8499984741211,87.47000122070312,88.4000015258789,1474300.0
2017-11-30,88.54000091552734,89.20999908447266,88.27999877929688,89.04000091552734,2608700.0
2017-12-01,89.33999633789062,89.56999969482422,88.30000305175781,88.81999969482422,1803800.0
2017-12-04,88.68000030517578,89.26000213623047,88.30000305175781,88.4800033569336,1374500.0
2017-12-05,88.66999816894531,88.66999816894531,87.30000305175781,88.0199966430664,2147100.0
2017-12-06,88.2300033569336,88.6500015258789,87.98999786376953,88.47000122070312,1088600.0
2017-12-07,88.52999877929688,88.52999877929688,87.93000030517578,88.48999786376953,1107500.0
2017-12-08,88.30000305175781,88.94999694824219,88.08000183105469,88.91999816894531,1628700.0
2017-12-11,88.77999877929688,89.69999694824219,88.47000122070312,89.66000366210938,1923900.0
2017-12-12,89.52999877929688,89.6500015258789,88.04000091552734,88.08999633789062,1729400.0
2017-12-13,88.45999908447266,88.80999755859375,87.69999694824219,87.9800033569336,2109300.0
2017-12-14,87.95999908447266,88.19000244140625,86.93000030517578,87.58999633789062,1596100.0
2017-12-15,87.83999633789062,88.62000274658203,87.79000091552734,88.23999786376953,3595300.0
2017-12-18,88.20999908447266,88.2699966430664,87.08000183105469,87.31999969482422,2190500.0
2017-12-19,87.33000183105469,87.45999908447266,85.5199966430664,85.55999755859375,1415000.0
2017-12-20,85.5,85.86000061035156,84.87000274658203,84.91000366210938,1244300.0
2017-12-21,84.69999694824219,85.18000030517578,84.3499984741211,84.79000091552734,1461300.0
2017-12-22,85.0,85.13999938964844,84.66999816894531,84.75,968700.0
2017-12-26,84.7699966430664,85.12000274658203,84.18000030517578,84.19999694824219,701400.0
2017-12-27,84.45999908447266,84.76000213623047,84.2699966430664,84.66000366210938,743300.0
2017-12-28,84.81999969482422,85.12000274658203,84.7300033569336,85.08999633789062,815400.0
2017-12-29,85.37000274658203,85.44999694824219,84.81999969482422,84.94999694824219,1346800.0
2018-01-02,84.75,84.94000244140625,83.2300033569336,83.58000183105469,1998200.0
2018-01-03,83.4000015258789,83.9800033569336,82.45999908447266,82.79000091552734,1884300.0
2018-01-04,82.66999816894531,82.81999969482422,81.5199966430664,81.81999969482422,2289700.0
2018-01-05,82.11000061035156,82.19999694824219,81.02999877929688,81.73999786376953,1748700.0
2018-01-08,81.87000274658203,82.91000366210938,81.58999633789062,82.88999938964844,1848100.0
2018-01-09,82.66999816894531,82.79000091552734,81.69000244140625,82.01000213623047,1712900.0
2018-01-10,81.51000213623047,81.77999877929688,80.70999908447266,80.91999816894531,1461200.0
2018-01-11,81.04000091552734,81.27999877929688,80.08000183105469,80.38999938964844,1513600.0
2018-01-12,80.13999938964844,80.19000244140625,79.18000030517578,79.48999786376953,1899700.0
2018-01-16,79.66000366210938,79.86000061035156,78.56999969482422,79.0199966430664,2754200.0
2018-01-17,79.2300033569336,79.54000091552734,78.8499984741211,79.2699966430664,1951600.0
2018-01-18,78.88999938964844,79.05999755859375,77.7699966430664,78.27999877929688,2487700.0
2018-01-19,78.44000244140625,78.93000030517578,78.08999633789062,78.2699966430664,2584100.0
2018-01-22,78.58000183105469,79.38999938964844,78.37000274658203,78.52999877929688,3095700.0
2018-01-23,78.68000030517578,80.13999938964844,78.68000030517578,79.66000366210938,2066000.0
2018-01-24,79.52999877929688,79.6500015258789,79.08000183105469,79.41999816894531,1773800.0
2018-01-25,79.41999816894531,80.51000213623047,79.41999816894531,80.37999725341797,2728000.0
2018-01-26,80.51000213623047,80.61000061035156,79.30000305175781,80.4000015258789,2505200.0
2018-01-29,79.29000091552734,80.02999877929688,79.11000061035156,79.12999725341797,3332500.0
2018-01-30,79.16999816894531,79.91000366210938,79.05000305175781,79.58999633789062,2082400.0
2018-01-31,79.69000244140625,80.41000366210938,79.04000091552734,80.36000061035156,3505400.0
2018-02-01,80.38999938964844,80.6500015258789,78.56999969482422,78.75,2924600.0
2018-02-02,78.4800033569336,79.04000091552734,77.88999938964844,77.95999908447266,2621600.0
2018-02-05,77.87999725341797,78.72000122070312,76.94999694824219,77.12999725341797,2953000.0
2018-02-06,76.0999984741211,76.7300033569336,74.56999969482422,75.87999725341797,3234400.0
2018-02-07,75.79000091552734,76.61000061035156,75.25,75.26000213623047,2643100.0
2018-02-08,75.19999694824219,76.70999908447266,74.69999694824219,74.7300033569336,3054800.0
2018-02-09,74.94999694824219,77.5,74.93000030517578,76.88999938964844,2788800.0
2018-02-12,77.0199966430664,77.80000305175781,76.37000274658203,77.4000015258789,2442900.0
2018-02-13,76.4000015258789,77.19999694824219,75.7699966430664,77.02999877929688,2193000.0
2018-02-14,76.30999755859375,76.66999816894531,75.75,75.88999938964844,2825400.0
2018-02-15,75.88999938964844,77.2300033569336,75.66000366210938,77.11000061035156,2234000.0
2018-02-16,76.83999633789062,77.9800033569336,75.75,77.7699966430664,3347100.0
2018-02-20,77.56999969482422,77.93000030517578,75.88999938964844,76.36000061035156,2512100.0
2018-02-21,76.41000366210938,77.06999969482422,75.45999908447266,75.47000122070312,2210000.0
2018-02-22,75.70999908447266,76.51000213623047,75.4800033569336,75.79000091552734,1901600.0
2018-02-23,75.87000274658203,77.70999908447266,75.76000213623047,77.62999725341797,1422300.0
2018-02-26,77.69000244140625,78.04000091552734,76.81999969482422,76.95999908447266,1774800.0
2018-02-27,77.05999755859375,77.37999725341797,75.6500015258789,75.66000366210938,2417700.0
2018-02-28,75.94000244140625,76.23999786376953,74.88999938964844,74.88999938964844,1799400.0
2018-03-01,74.91000366210938,75.98999786376953,74.16999816894531,74.58999633789062,2626700.0
2018-03-02,74.52999877929688,75.41000366210938,73.7300033569336,74.3499984741211,1723000.0
2018-03-05,74.25,76.33999633789062,73.9800033569336,76.08999633789062,2363400.0
2018-03-06,75.98999786376953,76.0,74.72000122070312,75.13999938964844,2266600.0
2018-03-07,75.0,75.25,74.16000366210938,74.4800033569336,1849400.0
2018-03-08,74.5999984741211,75.36000061035156,74.44000244140625,75.30999755859375,1739100.0
2018-03-09,75.31999969482422,75.37000274658203,74.69999694824219,75.23999786376953,1844700.0
2018-03-12,75.30000305175781,75.91000366210938,75.19000244140625,75.69000244140625,1764800.0
2018-03-13,75.83999633789062,76.41000366210938,75.18000030517578,75.48999786376953,2134100.0
2018-03-14,75.75,76.44000244140625,75.44999694824219,75.97000122070312,1679600.0
2018-03-15,76.12999725341797,76.91999816894531,75.91000366210938,76.58000183105469,1855500.0
2018-03-16,76.72000122070312,77.58000183105469,76.55999755859375,77.44999694824219,3479000.0
2018-03-19,77.44999694824219,77.98999786376953,76.63999938964844,77.05000305175781,2177100.0
2018-03-20,77.08000183105469,77.44999694824219,76.66000366210938,76.88999938964844,1429500.0
2018-03-21,76.93000030517578,77.62999725341797,76.33000183105469,76.66999816894531,1440900.0
2018-03-22,76.69999694824219,78.22000122070312,76.58999633789062,76.76000213623047,2187100.0
2018-03-23,77.01000213623047,77.19999694824219,75.41000366210938,75.58000183105469,1592700.0
2018-03-26,75.75,76.54000091552734,75.62000274658203,76.41999816894531,1526500.0
2018-03-27,76.44999694824219,78.31999969482422,76.18000030517578,77.62000274658203,2044500.0
2018-03-28,77.63999938964844,77.97000122070312,77.02999877929688,77.55999755859375,1976200.0
2018-03-29,77.73999786376953,78.4000015258789,77.6500015258789,77.94000244140625,1745300.0
2018-04-02,78.16999816894531,78.47000122070312,76.66999816894531,77.06999969482422,1699500.0
2018-04-03,77.06999969482422,78.01000213623047,76.86000061035156,77.66000366210938,2116100.0
2018-04-04,77.5999984741211,78.6500015258789,77.18000030517578,78.2699966430664,2431200.0
2018-04-05,78.2699966430664,79.12000274658203,77.16000366210938,78.88999938964844,2032300.0
2018-04-06,79.1500015258789,79.38999938964844,78.29000091552734,78.55999755859375,1646100.0
2018-04-09,78.69000244140625,79.12000274658203,78.27999877929688,78.45999908447266,2282600.0
2018-04-10,78.41999816894531,78.58999633789062,77.45999908447266,77.5999984741211,1892100.0
2018-04-11,77.45999908447266,77.97000122070312,77.16999816894531,77.51000213623047,1435100.0
2018-04-12,77.66000366210938,77.72000122070312,76.06999969482422,76.30999755859375,1838000.0
2018-04-13,76.48999786376953,77.18000030517578,76.41999816894531,76.69000244140625,1412100.0
2018-04-16,77.05000305175781,77.91000366210938,76.94999694824219,77.79000091552734,1318000.0
2018-04-17,77.87000274658203,78.70999908447266,77.56999969482422,78.45999908447266,1336900.0
2018-04-18,78.55999755859375,79.19000244140625,77.97000122070312,78.01000213623047,1573900.0
2018-04-19,77.87999725341797,78.41999816894531,77.58999633789062,78.11000061035156,1574400.0
2018-04-20,78.0999984741211,78.33999633789062,77.2699966430664,77.5999984741211,1640200.0
2018-04-23,77.81999969482422,78.13999938964844,77.4000015258789,77.69999694824219,1451700.0
2018-04-24,77.91000366210938,78.72000122070312,77.55000305175781,78.30999755859375,1441400.0
2018-04-25,77.98999786376953,78.70999908447266,77.7699966430664,78.38999938964844,1284900.0
2018-04-26,78.44999694824219,79.51000213623047,78.0999984741211,79.44999694824219,1238100.0
2018-04-27,79.25,80.77999877929688,79.20999908447266,80.43000030517578,1551500.0
2018-04-30,80.69999694824219,80.81999969482422,79.98999786376953,80.12999725341797,1587500.0
2018-05-01,80.23999786376953,80.23999786376953,79.75,79.94999694824219,977500.0
2018-05-02,80.0,80.20999908447266,79.01000213623047,79.25,1782000.0
2018-05-03,79.23999786376953,79.3499984741211,78.01000213623047,79.0,1322200.0
2018-05-04,78.98999786376953,79.8499984741211,78.62999725341797,79.25,1921300.0
2018-05-07,79.18000030517578,79.38999938964844,78.26000213623047,78.36000061035156,1471900.0
2018-05-08,78.12999725341797,78.12999725341797,76.08999633789062,76.2300033569336,2204900.0
2018-05-09,76.25,76.37000274658203,74.87999725341797,75.43000030517578,2281900.0
2018-05-10,76.0,76.5999984741211,75.48999786376953,76.56999969482422,1928400.0
2018-05-11,76.55999755859375,77.05999755859375,76.38999938964844,76.83000183105469,1702700.0
2018-05-14,77.04000091552734,77.18000030517578,76.16000366210938,76.62999725341797,1886200.0
2018-05-15,75.41000366210938,75.73999786376953,74.4800033569336,74.9000015258789,1720700.0
2018-05-16,74.9000015258789,75.04000091552734,74.0999984741211,74.55999755859375,1746500.0
2018-05-17,74.70999908447266,74.76000213623047,73.86000061035156,73.94000244140625,1361700.0
2018-05-18,74.16999816894531,74.44999694824219,73.3499984741211,73.97000122070312,1728500.0
2018-05-21,74.11000061035156,74.11000061035156,73.37999725341797,73.83999633789062,1410500.0
2018-05-22,73.80000305175781,74.62000274658203,73.6500015258789,74.13999938964844,1410700.0
2018-05-23,74.19999694824219,75.18000030517578,74.0999984741211,75.0999984741211,1941100.0
2018-05-24,75.25,75.97000122070312,75.05000305175781,75.87999725341797,1474900.0
2018-05-25,75.98999786376953,76.38999938964844,75.8499984741211,75.91000366210938,1474100.0
2018-05-29,75.8499984741211,76.44000244140625,75.51000213623047,75.98999786376953,2012800.0
2018-05-30,75.87000274658203,76.45999908447266,75.62000274658203,76.33000183105469,2287600.0
2018-05-31,76.33000183105469,76.98999786376953,75.9000015258789,76.7300033569336,2786200.0
2018-06-01,76.66999816894531,76.66999816894531,75.22000122070312,75.54000091552734,1590300.0
2018-06-04,75.80999755859375,76.05999755859375,74.8499984741211,74.94999694824219,1405400.0
2018-06-05,74.80000305175781,74.94000244140625,73.7699966430664,74.01000213623047,1970800.0
2018-06-06,73.97000122070312,74.12000274658203,72.20999908447266,72.38999938964844,2162400.0
2018-06-07,72.36000061035156,73.44999694824219,72.01000213623047,72.79000091552734,2286100.0
2018-06-08,73.0199966430664,73.1500015258789,72.43000030517578,72.75,1509600.0
2018-06-11,72.80999755859375,72.93000030517578,71.25,71.38999938964844,2385900.0
2018-06-12,71.30000305175781,72.58000183105469,71.12000274658203,72.4800033569336,2015900.0
2018-06-13,72.62999725341797,72.94999694824219,72.08000183105469,72.43000030517578,2382300.0
2018-06-14,72.5,73.4000015258789,72.3499984741211,73.25,2323700.0
2018-06-15,73.2699966430664,73.77999877929688,72.62999725341797,73.7300033569336,3218700.0
2018-06-18,73.75,74.25,73.41000366210938,73.9000015258789,1769700.0
2018-06-19,73.94999694824219,74.95999908447266,73.94999694824219,74.86000061035156,2047100.0
2018-06-20,74.83999633789062,75.05999755859375,74.3499984741211,75.02999877929688,2559800.0
2018-06-21,74.88999938964844,75.7699966430664,74.7300033569336,75.44999694824219,1968700.0
2018-06-22,75.45999908447266,75.9800033569336,75.20999908447266,75.76000213623047,2427500.0
2018-06-25,76.0,77.56999969482422,75.97000122070312,77.41999816894531,1800700.0
2018-06-26,77.19999694824219,77.87999725341797,77.02999877929688,77.4800033569336,1763000.0
2018-06-27,77.31999969482422,78.08999633789062,77.12999725341797,77.9000015258789,1423900.0
2018-06-28,78.2300033569336,78.91000366210938,77.80999755859375,77.94000244140625,1363800.0
2018-06-29,77.86000061035156,78.55000305175781,77.26000213623047,77.9800033569336,1961800.0
2018-07-02,77.98999786376953,78.43000030517578,77.55000305175781,78.33999633789062,1543900.0
2018-07-03,78.3499984741211,78.97000122070312,77.95999908447266,78.45999908447266,1008800.0
2018-07-05,78.5999984741211,78.98999786376953,78.20999908447266,78.98999786376953,1734000.0
2018-07-06,79.0,79.56999969482422,78.91000366210938,79.5,1322700.0
2018-07-09,79.5,79.5,76.5199966430664,76.86000061035156,2460900.0
2018-07-10,76.4000015258789,78.16000366210938,75.93000030517578,77.86000061035156,2177200.0
2018-07-11,78.0199966430664,79.1500015258789,77.9000015258789,79.02999877929688,2018100.0
2018-07-12,79.04000091552734,79.38999938964844,78.79000091552734,79.22000122070312,2095100.0
2018-07-13,79.36000061035156,79.66000366210938,78.77999877929688,79.45999908447266,1412700.0
2018-07-16,79.27999877929688,79.4800033569336,78.8499984741211,79.19999694824219,1353400.0
2018-07-17,79.41999816894531,79.45999908447266,78.88999938964844,78.95999908447266,1375100.0
2018-07-18,79.08000183105469,79.11000061035156,78.27999877929688,78.54000091552734,1559000.0
2018-07-19,78.6500015258789,79.2699966430664,78.41000366210938,78.77999877929688,1953200.0
2018-07-20,78.44999694824219,78.81999969482422,77.45999908447266,78.05000305175781,1438600.0
2018-07-23,78.12999725341797,78.22000122070312,77.0999984741211,77.45999908447266,992200.0
2018-07-24,77.23999786376953,77.80000305175781,76.01000213623047,77.61000061035156,1802100.0
2018-07-25,77.36000061035156,77.87999725341797,77.16000366210938,77.38999938964844,1296800.0
2018-07-26,77.87000274658203,78.73999786376953,77.8499984741211,78.30000305175781,1836700.0
2018-07-27,78.30000305175781,78.9800033569336,78.16000366210938,78.55000305175781,1483900.0
2018-07-30,78.27999877929688,78.55000305175781,77.69999694824219,78.16000366210938,1031800.0
2018-07-31,78.62000274658203,79.0999984741211,78.0199966430664,78.93000030517578,2439500.0
2018-08-01,78.41999816894531,78.4800033569336,77.25,77.77999877929688,1856100.0
2018-08-02,77.75,78.44000244140625,77.08999633789062,78.19000244140625,1763800.0
2018-08-03,78.25,79.58000183105469,77.66999816894531,79.11000061035156,1775200.0
2018-08-06,79.04000091552734,79.55999755859375,78.69000244140625,78.93000030517578,1650700.0
2018-08-07,78.77999877929688,78.88999938964844,77.86000061035156,78.5199966430664,1567500.0
2018-08-08,78.33999633789062,78.61000061035156,78.0,78.51000213623047,1069700.0
2018-08-09,78.6500015258789,79.0,78.31999969482422,78.94999694824219,710800.0
2018-08-10,79.18000030517578,79.61000061035156,78.56999969482422,78.66999816894531,1108000.0
2018-08-13,78.55999755859375,79.12000274658203,78.38999938964844,79.05000305175781,1684500.0
2018-08-14,78.27999877929688,78.9800033569336,78.12000274658203,78.5199966430664,1532000.0
2018-08-15,78.7699966430664,80.30999755859375,78.66999816894531,79.79000091552734,2081700.0
2018-08-16,79.69999694824219,80.80999755859375,79.4000015258789,80.70999908447266,2286900.0
2018-08-17,80.62000274658203,81.2699966430664,80.2699966430664,81.16999816894531,1986100.0
2018-08-20,81.3499984741211,81.52999877929688,80.2699966430664,80.30000305175781,1611900.0
2018-08-21,80.16999816894531,80.2699966430664,79.22000122070312,79.62000274658203,1497500.0
2018-08-22,79.81999969482422,79.87000274658203,78.62999725341797,78.93000030517578,1224800.0
2018-08-23,78.98999786376953,79.5999984741211,78.75,79.0199966430664,1382500.0
2018-08-24,79.02999877929688,79.58999633789062,78.7300033569336,79.44999694824219,908500.0
2018-08-27,79.5999984741211,79.66999816894531,78.51000213623047,78.91999816894531,1011800.0
2018-08-28,78.80000305175781,78.95999908447266,78.29000091552734,78.44999694824219,1220900.0
2018-08-29,78.6500015258789,79.29000091552734,78.43000030517578,79.20999908447266,1391500.0
2018-08-30,79.30999755859375,79.7699966430664,79.08000183105469,79.38999938964844,1510300.0
2018-08-31,79.38999938964844,79.77999877929688,78.72000122070312,78.93000030517578,1623300.0
2018-09-04,79.19000244140625,79.93000030517578,79.05999755859375,79.55999755859375,1495100.0
2018-09-05,79.62999725341797,80.7300033569336,79.55000305175781,80.69000244140625,2623000.0
2018-09-06,80.62999725341797,81.55000305175781,80.19000244140625,81.3499984741211,1780000.0
2018-09-07,80.80000305175781,81.08000183105469,79.91999816894531,80.08000183105469,1765200.0
2018-09-10,80.38999938964844,80.80000305175781,79.98999786376953,80.54000091552734,1129400.0
2018-09-11,80.55000305175781,80.93000030517578,80.11000061035156,80.19999694824219,1500200.0
2018-09-12,80.19999694824219,80.75,79.94999694824219,80.1500015258789,1194100.0
2018-09-13,80.2300033569336,80.76000213623047,79.66000366210938,80.75,1337900.0
2018-09-14,80.37000274658203,80.37000274658203,79.22000122070312,80.29000091552734,1551800.0
2018-09-17,80.33000183105469,80.52999877929688,79.80999755859375,80.3499984741211,1208100.0
2018-09-18,80.33000183105469,80.58999633789062,79.62999725341797,80.08000183105469,1455500.0
2018-09-19,79.97000122070312,80.12000274658203,77.83000183105469,78.31999969482422,1480500.0
2018-09-20,78.2300033569336,78.47000122070312,77.41000366210938,78.44000244140625,1607600.0
2018-09-21,78.0,78.19000244140625,76.97000122070312,77.88999938964844,4717500.0
2018-09-24,77.7699966430664,77.7699966430664,76.5199966430664,76.61000061035156,2004800.0
2018-09-25,76.41999816894531,76.51000213623047,75.23999786376953,75.69999694824219,1628300.0
2018-09-26,75.7300033569336,75.8499984741211,74.36000061035156,74.41000366210938,2120200.0
2018-09-27,74.58000183105469,75.44000244140625,74.30999755859375,75.19999694824219,1726100.0
2018-09-28,75.43000030517578,76.23999786376953,75.18000030517578,76.19000244140625,3163300.0
2018-10-01,76.04000091552734,76.04000091552734,75.44999694824219,75.7699966430664,1735900.0
2018-10-02,76.0,77.2699966430664,75.86000061035156,77.08000183105469,1788800.0
2018-10-03,76.87000274658203,77.36000061035156,75.3499984741211,76.11000061035156,2454000.0
2018-10-04,76.0199966430664,76.76000213623047,75.37000274658203,76.5999984741211,1329100.0
2018-10-05,76.55999755859375,77.87999725341797,76.44000244140625,77.66000366210938,2420500.0
2018-10-08,77.76000213623047,78.62000274658203,77.33999633789062,78.0199966430664,2168400.0
2018-10-09,78.22000122070312,78.83000183105469,77.75,78.2300033569336,1897900.0
2018-10-10,78.08000183105469,79.18000030517578,77.7300033569336,77.7699966430664,1774700.0
2018-10-11,77.94999694824219,78.30000305175781,75.7699966430664,76.05000305175781,2508800.0
2018-10-12,75.97000122070312,76.0,74.79000091552734,75.2300033569336,2351800.0
2018-10-15,75.31999969482422,75.9000015258789,74.93000030517578,75.27999877929688,1855500.0
2018-10-16,75.25,76.58000183105469,74.63999938964844,76.0999984741211,1963100.0
2018-10-17,76.08000183105469,76.44999694824219,75.54000091552734,76.11000061035156,1654800.0
2018-10-18,76.19000244140625,76.77999877929688,75.75,76.36000061035156,1725200.0
2018-10-19,76.29000091552734,77.91999816894531,76.23999786376953,77.37999725341797,2101800.0
2018-10-22,77.30999755859375,77.63999938964844,76.69999694824219,76.81999969482422,1949100.0
2018-10-23,77.0,77.5999984741211,75.91999816894531,76.29000091552734,2152100.0
2018-10-24,76.69000244140625,78.62000274658203,76.33999633789062,78.22000122070312,1966300.0
2018-10-25,77.77999877929688,77.77999877929688,76.47000122070312,76.80999755859375,1728500.0
2018-10-26,77.26000213623047,77.75,75.62000274658203,76.33000183105469,2550200.0
2018-10-29,76.33000183105469,77.55000305175781,76.33000183105469,77.33999633789062,1791700.0
2018-10-30,77.62000274658203,78.13999938964844,76.5,77.2300033569336,2067900.0
2018-10-31,76.63999938964844,76.69999694824219,75.36000061035156,76.0,2861400.0
2018-11-01,76.06999969482422,76.22000122070312,75.29000091552734,75.62999725341797,2496000.0
2018-11-02,76.0999984741211,76.0999984741211,73.93000030517578,74.54000091552734,3468000.0
2018-11-05,74.80999755859375,76.0999984741211,74.80999755859375,76.04000091552734,2103100.0
2018-11-06,76.79000091552734,77.31999969482422,76.30999755859375,77.2300033569336,1580900.0
2018-11-07,77.5,78.33999633789062,76.8499984741211,78.26000213623047,1500400.0
2018-11-08,78.2300033569336,78.55999755859375,77.43000030517578,78.16999816894531,1398500.0
2018-11-09,78.19999694824219,79.26000213623047,78.05999755859375,79.0,1361800.0
2018-11-12,78.93000030517578,80.13999938964844,78.6500015258789,79.37000274658203,1520600.0
2018-11-13,78.75,79.33999633789062,78.08999633789062,79.11000061035156,1560200.0
2018-11-14,78.19000244140625,80.16999816894531,77.98999786376953,79.41999816894531,2987600.0
2018-11-15,77.44999694824219,77.58000183105469,76.3499984741211,76.54000091552734,9613500.0
2018-11-16,77.33999633789062,77.54000091552734,76.30000305175781,77.0,4087300.0
2018-11-19,76.97000122070312,77.68000030517578,76.8499984741211,77.5,3635700.0
2018-11-20,78.0,78.61000061035156,77.04000091552734,78.11000061035156,3540900.0
2018-11-21,77.83999633789062,77.94999694824219,76.98999786376953,77.11000061035156,1959000.0
2018-11-23,77.20999908447266,77.44999694824219,76.69000244140625,77.33999633789062,813400.0
2018-11-26,77.2300033569336,78.26000213623047,77.12999725341797,78.16000366210938,2148700.0
2018-11-27,78.11000061035156,79.1500015258789,77.52999877929688,79.05000305175781,1513400.0
2018-11-28,78.88999938964844,79.43000030517578,78.41999816894531,78.83999633789062,2285600.0
2018-11-29,78.81999969482422,79.33999633789062,78.23999786376953,79.23999786376953,2286900.0
2018-11-30,79.37000274658203,80.38999938964844,79.05000305175781,80.3499984741211,2937200.0
2018-12-03,79.86000061035156,81.23999786376953,79.56999969482422,81.2300033569336,2359200.0
2018-12-04,81.22000122070312,83.0,81.13999938964844,81.98999786376953,3962500.0
2018-12-06,82.30000305175781,82.48999786376953,80.0999984741211,81.62999725341797,2443000.0
2018-12-07,81.75,82.83000183105469,80.86000061035156,82.45999908447266,2069500.0
2018-12-10,82.66999816894531,83.08000183105469,81.30000305175781,82.91000366210938,2570700.0
2018-12-11,82.94000244140625,83.69000244140625,82.52999877929688,83.25,1796600.0
2018-12-12,83.25,83.62000274658203,82.26000213623047,82.47000122070312,2938300.0
2018-12-13,82.58999633789062,84.31999969482422,82.54000091552734,83.93000030517578,2562800.0
2018-12-14,84.0999984741211,84.1500015258789,83.05999755859375,83.83000183105469,3049000.0
2018-12-17,83.94000244140625,84.20999908447266,80.30999755859375,80.62999725341797,3769500.0
2018-12-18,80.93000030517578,81.81999969482422,79.94000244140625,80.20999908447266,3047100.0
2018-12-19,80.44000244140625,80.94000244140625,79.55999755859375,80.0999984741211,2197600.0
2018-12-20,80.12999725341797,81.5999984741211,79.1500015258789,80.7300033569336,2858200.0
2018-12-21,80.73999786376953,82.4800033569336,79.77999877929688,79.95999908447266,3542600.0
2018-12-24,79.94000244140625,80.5199966430664,75.04000091552734,75.31999969482422,1279400.0
2018-12-26,75.51000213623047,76.13999938964844,73.8499984741211,76.08999633789062,2457300.0
2018-12-27,76.02999877929688,76.83000183105469,74.83999633789062,76.83000183105469,2211500.0
2018-12-28,77.16999816894531,77.48999786376953,76.16999816894531,76.4800033569336,1829800.0
2018-12-31,76.4800033569336,76.87000274658203,75.68000030517578,76.45999908447266,1670200.0
2019-01-02,76.31999969482422,76.37000274658203,74.79000091552734,75.13999938964844,1764100.0
2019-01-03,75.13999938964844,75.91999816894531,74.83999633789062,75.33000183105469,1857000.0
2019-01-04,75.0199966430664,76.56999969482422,74.87999725341797,76.55000305175781,2185100.0
2019-01-07,76.0999984741211,76.43000030517578,75.33999633789062,75.44000244140625,2380900.0
2019-01-08,75.4800033569336,76.02999877929688,74.8499984741211,75.9000015258789,2979000.0
2019-01-09,75.70999908447266,76.0999984741211,75.02999877929688,75.30000305175781,1662900.0
2019-01-10,75.37000274658203,76.68000030517578,75.25,76.55000305175781,1857800.0
2019-01-11,76.43000030517578,76.51000213623047,75.55999755859375,75.93000030517578,1378400.0
2019-01-14,75.55000305175781,75.55000305175781,73.30000305175781,74.44999694824219,3737600.0
2019-01-15,74.1500015258789,75.8499984741211,74.1500015258789,75.79000091552734,2157200.0
2019-01-16,75.66000366210938,76.44000244140625,75.25,76.37999725341797,2226800.0
2019-01-17,76.3499984741211,77.0999984741211,76.18000030517578,77.02999877929688,2250400.0
2019-01-18,76.66999816894531,77.05999755859375,76.22000122070312,76.51000213623047,3019400.0
2019-01-22,76.63999938964844,77.36000061035156,76.05000305175781,76.73999786376953,2766800.0
2019-01-23,76.72000122070312,77.36000061035156,76.51000213623047,76.9800033569336,2417900.0
2019-01-24,77.08000183105469,77.69999694824219,76.3499984741211,77.66000366210938,2522600.0
2019-01-25,77.44000244140625,77.98999786376953,75.8499984741211,75.94999694824219,2803600.0
2019-01-28,76.11000061035156,76.58000183105469,75.25,75.58999633789062,2168500.0
2019-01-29,75.75,76.27999877929688,75.58999633789062,75.88999938964844,1566200.0
2019-01-30,75.61000061035156,76.38999938964844,75.4800033569336,76.19000244140625,1716300.0
2019-01-31,76.02999877929688,77.87999725341797,75.62000274658203,77.6500015258789,3342300.0
2019-02-01,77.47000122070312,77.58000183105469,75.9000015258789,76.68000030517578,2006600.0
2019-02-04,76.3499984741211,77.58000183105469,76.02999877929688,77.56999969482422,2393100.0
2019-02-05,77.5,78.0,77.01000213623047,77.58999633789062,1976600.0
2019-02-06,77.44999694824219,77.83000183105469,77.08000183105469,77.26000213623047,1490700.0
2019-02-07,77.54000091552734,78.12999725341797,76.80000305175781,78.11000061035156,1860700.0
2019-02-08,78.05000305175781,78.94999694824219,77.83000183105469,78.93000030517578,1755200.0
2019-02-11,78.87000274658203,79.37000274658203,78.5999984741211,78.97000122070312,1647400.0
2019-02-12,78.41999816894531,78.87000274658203,77.73999786376953,78.56999969482422,1834100.0
2019-02-13,77.83000183105469,78.0999984741211,77.20999908447266,77.83000183105469,2668500.0
2019-02-14,77.98999786376953,78.41000366210938,77.56999969482422,78.04000091552734,2062400.0
2019-02-15,78.38999938964844,78.76000213623047,78.25,78.51000213623047,1693600.0
2019-02-19,78.41000366210938,79.11000061035156,78.31999969482422,78.87000274658203,2258900.0
2019-02-20,78.80999755859375,79.23999786376953,78.18000030517578,79.01000213623047,1852600.0
2019-02-21,78.66000366210938,80.08999633789062,78.58999633789062,80.0,1552800.0
2019-02-22,80.69000244140625,82.19000244140625,80.41999816894531,82.0999984741211,3514700.0
2019-02-25,82.0,82.22000122070312,81.13999938964844,81.62000274658203,2269500.0
2019-02-26,81.8499984741211,81.87999725341797,81.06999969482422,81.36000061035156,1398700.0
2019-02-27,81.26000213623047,81.91000366210938,80.9800033569336,81.66000366210938,1337600.0
2019-02-28,81.69999694824219,82.7300033569336,81.55000305175781,82.44999694824219,2315600.0
2019-03-01,82.44999694824219,82.83999633789062,81.8499984741211,82.66000366210938,1629000.0
2019-03-04,83.0999984741211,83.23999786376953,82.44000244140625,83.19999694824219,1661700.0
2019-03-05,83.16999816894531,83.33000183105469,82.80000305175781,82.93000030517578,1428300.0
2019-03-06,83.12000274658203,83.7300033569336,82.73999786376953,83.33000183105469,2346600.0
2019-03-07,83.55999755859375,84.3499984741211,83.23999786376953,83.33999633789062,1908200.0
2019-03-08,83.56999969482422,83.8499984741211,83.01000213623047,83.81999969482422,1773900.0
2019-03-11,83.76000213623047,84.38999938964844,83.66000366210938,84.2699966430664,1838100.0
2019-03-12,84.44999694824219,85.2699966430664,84.16000366210938,84.93000030517578,2578900.0
2019-03-13,85.02999877929688,85.47000122070312,84.70999908447266,85.18000030517578,1549600.0
2019-03-14,85.19000244140625,85.56999969482422,84.77999877929688,84.9800033569336,1903500.0
2019-03-15,85.20999908447266,85.43000030517578,84.68000030517578,84.83999633789062,4209000.0
2019-03-18,84.94000244140625,85.16999816894531,84.25,84.69999694824219,2556100.0
2019-03-19,84.69999694824219,84.69999694824219,83.44000244140625,83.80999755859375,2030400.0
2019-03-20,83.94999694824219,84.61000061035156,83.33999633789062,83.83999633789062,1788400.0
2019-03-21,83.91000366210938,84.51000213623047,83.63999938964844,84.38999938964844,1349100.0
2019-03-22,84.69000244140625,85.58999633789062,84.41999816894531,84.91000366210938,1858400.0
2019-03-25,85.12000274658203,85.41999816894531,84.61000061035156,85.0999984741211,1335800.0
2019-03-26,85.0999984741211,85.77999877929688,84.91000366210938,85.68000030517578,1081400.0
2019-03-27,85.80999755859375,85.87000274658203,84.83000183105469,85.16000366210938,1519100.0
2019-03-28,85.26000213623047,85.45999908447266,83.80000305175781,84.2699966430664,1935100.0
2019-03-29,84.2699966430664,84.87999725341797,83.91000366210938,84.80999755859375,1623600.0
2019-04-01,84.66999816894531,84.66999816894531,83.55000305175781,84.31999969482422,1771300.0
2019-04-02,84.30000305175781,84.79000091552734,83.79000091552734,84.76000213623047,1272100.0
2019-04-03,84.51000213623047,84.75,83.66000366210938,84.44000244140625,1217700.0
2019-04-04,84.56999969482422,84.76000213623047,83.55000305175781,83.98999786376953,1281300.0
2019-04-05,84.0,84.83999633789062,83.62000274658203,84.80999755859375,921100.0
2019-04-08,84.44999694824219,84.66000366210938,83.66000366210938,83.79000091552734,1792500.0
2019-04-09,83.7699966430664,84.22000122070312,83.69999694824219,84.16000366210938,951100.0
2019-04-10,84.2699966430664,84.9800033569336,83.77999877929688,83.87000274658203,1006300.0
2019-04-11,84.0,84.58000183105469,83.7699966430664,84.47000122070312,1086400.0
2019-04-12,84.23999786376953,84.66000366210938,83.61000061035156,84.55000305175781,1640800.0
2019-04-15,84.66000366210938,85.02999877929688,84.26000213623047,84.61000061035156,1017400.0
2019-04-16,84.6500015258789,84.88999938964844,83.31999969482422,83.62000274658203,1850900.0
2019-04-17,83.76000213623047,84.16999816894531,83.4000015258789,83.9000015258789,1494500.0
2019-04-18,83.91999816894531,84.2300033569336,83.52999877929688,83.61000061035156,1417100.0
2019-04-22,83.61000061035156,83.98999786376953,83.58000183105469,83.86000061035156,1298000.0
2019-04-23,83.94000244140625,84.33000183105469,83.4800033569336,84.19000244140625,1407300.0
2019-04-24,84.44999694824219,84.75,83.97000122070312,84.31999969482422,1764500.0
2019-04-25,84.18000030517578,84.97000122070312,83.97000122070312,84.5199966430664,1522600.0
2019-04-26,85.37000274658203,85.9000015258789,84.87000274658203,84.97000122070312,3038700.0
2019-04-29,84.7300033569336,84.9000015258789,84.11000061035156,84.4800033569336,1334200.0
2019-04-30,84.58000183105469,86.2300033569336,84.43000030517578,86.16000366210938,2361400.0
2019-05-01,85.77999877929688,86.1500015258789,85.16000366210938,85.2300033569336,1266000.0
2019-05-02,85.33999633789062,85.6500015258789,84.6500015258789,85.16000366210938,1486900.0
2019-05-03,85.58999633789062,86.5,85.58999633789062,86.02999877929688,1721000.0
2019-05-06,86.3499984741211,86.3499984741211,85.16000366210938,85.41999816894531,1364400.0
2019-05-07,85.47000122070312,85.73999786376953,84.94999694824219,85.20999908447266,1295900.0
2019-05-08,84.54000091552734,84.75,83.66000366210938,83.93000030517578,8777700.0
2019-05-09,84.0,84.5,83.61000061035156,84.0,7437200.0
2019-05-10,84.0,85.30000305175781,83.87999725341797,85.30000305175781,2658000.0
2019-05-13,85.04000091552734,86.19000244140625,85.0,86.04000091552734,2726800.0
2019-05-14,85.55000305175781,85.58999633789062,84.7300033569336,84.9000015258789,2130400.0
2019-05-15,85.0999984741211,85.8499984741211,84.83000183105469,85.51000213623047,1727100.0
2019-05-16,85.30000305175781,86.48999786376953,85.0,86.37000274658203,1491300.0
2019-05-17,86.02999877929688,87.33000183105469,86.02999877929688,86.94000244140625,1804300.0
2019-05-20,87.16999816894531,87.6500015258789,86.80999755859375,87.01000213623047,1316600.0
2019-05-21,87.25,87.69000244140625,86.62000274658203,86.69000244140625,3080800.0
2019-05-22,86.9000015258789,87.69999694824219,86.5,87.5199966430664,1113500.0
2019-05-23,87.66000366210938,88.41000366210938,87.3499984741211,88.37999725341797,1376900.0
2019-05-24,88.4000015258789,88.91999816894531,88.08000183105469,88.13999938964844,1099400.0
2019-05-28,88.4800033569336,88.4800033569336,86.75,86.75,3027900.0
2019-05-29,86.94999694824219,87.13999938964844,85.3499984741211,85.61000061035156,1987400.0
2019-05-30,85.5999984741211,86.02999877929688,85.04000091552734,85.25,1469300.0
2019-05-31,85.36000061035156,86.37999725341797,85.23999786376953,86.30000305175781,1795700.0
2019-06-03,86.30999755859375,87.51000213623047,86.04000091552734,87.37000274658203,1503800.0
2019-06-04,87.36000061035156,87.63999938964844,85.55000305175781,87.52999877929688,1719500.0
2019-06-05,88.05000305175781,89.55000305175781,87.61000061035156,89.31999969482422,1632500.0
2019-06-06,89.63999938964844,89.77999877929688,89.05999755859375,89.5,1445100.0
2019-06-07,89.8499984741211,90.51000213623047,88.05999755859375,88.30999755859375,2132700.0
2019-06-10,87.95999908447266,88.08999633789062,86.7300033569336,87.2300033569336,1584700.0
2019-06-11,87.13999938964844,87.6500015258789,86.12000274658203,86.72000122070312,1710400.0
2019-06-12,87.08000183105469,87.83000183105469,87.08000183105469,87.72000122070312,1063400.0
2019-06-13,87.87999725341797,88.27999877929688,87.05000305175781,87.77999877929688,2697100.0
2019-06-14,87.95999908447266,88.94999694824219,87.93000030517578,88.54000091552734,1560500.0
2019-06-17,88.44000244140625,88.75,87.62999725341797,88.12999725341797,1797600.0
2019-06-18,88.95999908447266,88.95999908447266,87.12000274658203,88.06999969482422,1868400.0
2019-06-19,88.0,89.30000305175781,87.69999694824219,88.87999725341797,1508800.0
2019-06-20,88.94999694824219,89.37999725341797,88.19999694824219,88.87999725341797,2382900.0
2019-06-21,88.94000244140625,89.41999816894531,88.16999816894531,89.20999908447266,3588900.0
2019-06-24,89.26000213623047,90.44999694824219,89.05000305175781,89.6500015258789,1409100.0
2019-06-25,89.75,89.88999938964844,88.7699966430664,88.94000244140625,1091200.0
2019-06-26,88.68000030517578,88.7699966430664,87.2300033569336,87.30999755859375,1525200.0
2019-06-27,87.4800033569336,87.9000015258789,86.87999725341797,87.26000213623047,1787800.0
2019-06-28,87.16000366210938,88.12999725341797,87.0,87.68000030517578,2607900.0
2019-07-01,87.58000183105469,87.6500015258789,86.52999877929688,87.36000061035156,1327800.0
2019-07-02,87.66999816894531,88.8499984741211,87.55999755859375,88.41999816894531,1286800.0
2019-07-03,88.72000122070312,89.7699966430664,88.72000122070312,89.2300033569336,698400.0
2019-07-05,88.4000015258789,88.86000061035156,87.3499984741211,88.80999755859375,1227300.0
2019-07-08,89.12999725341797,89.36000061035156,88.2699966430664,88.86000061035156,1267300.0
2019-07-09,88.81999969482422,89.0199966430664,88.08999633789062,88.72000122070312,1336900.0
2019-07-10,89.04000091552734,89.41999816894531,88.62000274658203,89.11000061035156,1046400.0
2019-07-11,89.11000061035156,89.5999984741211,88.27999877929688,89.23999786376953,1006600.0
2019-07-12,89.2699966430664,89.2699966430664,88.23999786376953,88.95999908447266,1272700.0
2019-07-15,88.3499984741211,88.94000244140625,88.02999877929688,88.55000305175781,1401900.0
2019-07-16,88.37999725341797,88.62999725341797,87.25,87.81999969482422,1335100.0
2019-07-17,88.12000274658203,88.4000015258789,87.55000305175781,87.58999633789062,1375200.0
2019-07-18,87.55999755859375,88.5199966430664,87.05000305175781,88.3499984741211,1331000.0
2019-07-19,88.2699966430664,88.52999877929688,87.0999984741211,87.23999786376953,1427800.0
2019-07-22,87.4800033569336,87.58000183105469,86.23999786376953,86.81999969482422,1484000.0
2019-07-23,86.58000183105469,86.81999969482422,86.04000091552734,86.51000213623047,1444800.0
2019-07-24,86.81999969482422,87.0999984741211,86.01000213623047,86.52999877929688,1828500.0
2019-07-25,86.58999633789062,87.05000305175781,85.73999786376953,86.08999633789062,1113000.0
2019-07-26,86.0199966430664,86.63999938964844,85.69000244140625,86.33999633789062,1098900.0
2019-07-29,86.52999877929688,86.83999633789062,85.9800033569336,86.66000366210938,1147400.0
2019-07-30,86.37999725341797,86.81999969482422,84.95999908447266,85.4000015258789,1846100.0
2019-07-31,85.36000061035156,85.88999938964844,84.41999816894531,84.95999908447266,2917200.0
2019-08-01,84.77999877929688,86.5,84.58999633789062,85.93000030517578,1362500.0
2019-08-02,87.06999969482422,87.38999938964844,85.95999908447266,86.12999725341797,2339400.0
2019-08-05,86.27999877929688,86.62000274658203,84.79000091552734,85.4800033569336,2530600.0
2019-08-06,85.43000030517578,86.91000366210938,84.44999694824219,86.62999725341797,1709800.0
2019-08-07,86.56999969482422,87.55999755859375,85.33000183105469,87.05999755859375,1405500.0
2019-08-08,86.86000061035156,87.70999908447266,86.44000244140625,87.52999877929688,1508500.0
2019-08-09,87.52999877929688,87.87999725341797,86.94999694824219,87.26000213623047,984500.0
2019-08-12,87.30999755859375,87.68000030517578,86.81999969482422,87.45999908447266,1695700.0
2019-08-13,86.73999786376953,87.01000213623047,85.98999786376953,86.75,1318300.0
2019-08-14,86.80000305175781,87.44000244140625,85.72000122070312,85.97000122070312,1598000.0
2019-08-15,85.7699966430664,87.29000091552734,85.68000030517578,86.97000122070312,1194600.0
2019-08-16,86.94999694824219,87.45999908447266,86.75,87.19999694824219,1213100.0
2019-08-19,87.20999908447266,88.48999786376953,86.93000030517578,88.13999938964844,1085900.0
2019-08-20,88.43000030517578,88.4800033569336,87.52999877929688,87.76000213623047,1013000.0
2019-08-21,87.69999694824219,88.33999633789062,87.62000274658203,88.27999877929688,1547000.0
2019-08-22,88.18000030517578,88.68000030517578,87.76000213623047,88.23999786376953,1476600.0
2019-08-23,88.4800033569336,88.79000091552734,86.51000213623047,86.91000366210938,1755700.0
2019-08-26,87.2699966430664,87.81999969482422,86.81999969482422,87.7699966430664,959700.0
2019-08-27,88.23999786376953,88.80000305175781,87.9800033569336,88.04000091552734,1445300.0
2019-08-28,88.12999725341797,88.52999877929688,87.3499984741211,87.7699966430664,1666800.0
2019-08-29,88.18000030517578,88.2300033569336,87.5199966430664,88.1500015258789,2714100.0
2019-08-30,88.54000091552734,89.11000061035156,87.91000366210938,88.9000015258789,1719200.0
2019-09-03,88.9000015258789,90.69000244140625,88.66999816894531,90.63999938964844,2005300.0
2019-09-04,90.80000305175781,91.12000274658203,90.19000244140625,90.8499984741211,1273400.0
2019-09-05,90.26000213623047,91.01000213623047,89.7300033569336,90.87999725341797,2572400.0
2019-09-06,91.11000061035156,91.58000183105469,90.73999786376953,91.13999938964844,2236000.0
2019-09-09,90.69000244140625,90.77999877929688,90.0199966430664,90.38999938964844,2276600.0
2019-09-10,90.3499984741211,90.38999938964844,88.58000183105469,89.33000183105469,2188800.0
2019-09-11,89.0,90.08000183105469,88.63999938964844,89.93000030517578,1481400.0
2019-09-12,90.47000122070312,90.87000274658203,89.61000061035156,90.19000244140625,1695700.0
2019-09-13,89.36000061035156,90.22000122070312,89.1500015258789,89.80999755859375,1801400.0
2019-09-16,89.88999938964844,90.20999908447266,89.4800033569336,89.93000030517578,1248800.0
2019-09-17,90.04000091552734,91.44999694824219,90.04000091552734,90.93000030517578,1241100.0
2019-09-18,91.2699966430664,91.63999938964844,90.69000244140625,91.4800033569336,1133000.0
2019-09-19,91.7699966430664,91.9800033569336,91.41000366210938,91.87999725341797,1004500.0
2019-09-20,92.18000030517578,92.52999877929688,91.4000015258789,92.4000015258789,3570900.0
2019-09-23,93.2699966430664,93.31999969482422,92.48999786376953,92.75,1336400.0
2019-09-24,92.94000244140625,94.13999938964844,92.70999908447266,93.95999908447266,2008100.0
2019-09-25,93.6500015258789,94.08999633789062,93.3499984741211,93.98999786376953,1220900.0
2019-09-26,94.36000061035156,94.95999908447266,93.98999786376953,94.6500015258789,1254200.0
2019-09-27,94.6500015258789,94.83000183105469,93.91999816894531,94.62000274658203,1160800.0
2019-09-30,94.70999908447266,94.97000122070312,94.01000213623047,94.47000122070312,1396000.0
2019-10-01,94.16999816894531,94.4800033569336,93.62000274658203,94.0999984741211,1223900.0
2019-10-02,93.87000274658203,94.25,92.58000183105469,92.66999816894531,1688400.0
2019-10-03,92.79000091552734,93.0999984741211,92.41000366210938,93.0199966430664,1439800.0
2019-10-04,93.30999755859375,94.2300033569336,92.83000183105469,94.13999938964844,1151900.0
2019-10-07,93.8499984741211,94.11000061035156,93.51000213623047,93.86000061035156,851400.0
2019-10-08,93.83999633789062,93.91000366210938,92.86000061035156,93.0,1445700.0
2019-10-09,93.13999938964844,93.73999786376953,92.97000122070312,93.36000061035156,847500.0
2019-10-10,93.29000091552734,93.48999786376953,92.54000091552734,93.05000305175781,1179200.0
2019-10-11,92.8499984741211,92.9800033569336,91.93000030517578,92.22000122070312,1311700.0
2019-10-14,92.33999633789062,92.33999633789062,91.22000122070312,91.25,1017500.0
2019-10-15,91.19000244140625,91.56999969482422,90.62999725341797,90.73999786376953,1521400.0
2019-10-16,90.58999633789062,90.93000030517578,90.26000213623047,90.83999633789062,1295000.0
2019-10-17,90.8499984741211,91.5199966430664,90.80999755859375,91.30000305175781,1096100.0
2019-10-18,91.16999816894531,91.62999725341797,90.7300033569336,91.48999786376953,1135200.0
2019-10-21,91.6500015258789,92.73999786376953,91.5,92.68000030517578,2118000.0
2019-10-22,92.68000030517578,93.33999633789062,92.4000015258789,93.27999877929688,1183200.0
2019-10-23,93.36000061035156,94.06999969482422,93.05000305175781,93.69999694824219,1465000.0
2019-10-24,93.88999938964844,94.41999816894531,93.51000213623047,94.29000091552734,1028900.0
2019-10-25,94.86000061035156,94.93000030517578,92.9000015258789,93.31999969482422,1299500.0
2019-10-28,92.91999816894531,93.22000122070312,91.08000183105469,91.08999633789062,1778700.0
2019-10-29,90.93000030517578,91.52999877929688,90.66000366210938,91.41999816894531,1307400.0
2019-10-30,91.4800033569336,92.04000091552734,90.95999908447266,91.66000366210938,1207800.0
2019-10-31,91.7300033569336,92.29000091552734,91.37000274658203,92.22000122070312,2296800.0
2019-11-01,92.23999786376953,92.41000366210938,90.94999694824219,91.12000274658203,1607000.0
2019-11-04,90.81999969482422,91.05999755859375,89.56999969482422,89.91999816894531,2359800.0
2019-11-05,89.0999984741211,89.29000091552734,87.5199966430664,88.31999969482422,2829800.0
2019-11-06,88.63999938964844,89.18000030517578,88.08000183105469,88.62000274658203,1824100.0
2019-11-07,87.91999816894531,88.1500015258789,86.58999633789062,87.22000122070312,2322500.0
2019-11-08,87.19999694824219,87.91999816894531,86.93000030517578,87.91999816894531,1400200.0
2019-11-11,87.91000366210938,88.0,87.33999633789062,87.5,1211400.0
2019-11-12,86.93000030517578,87.12000274658203,86.0999984741211,86.41999816894531,1425300.0
2019-11-13,86.94000244140625,87.79000091552734,86.76000213623047,87.5,1990600.0
2019-11-14,86.5,87.44999694824219,86.44999694824219,87.23999786376953,1698000.0
2019-11-15,87.30000305175781,87.73999786376953,87.16000366210938,87.7300033569336,1127100.0
2019-11-18,87.98999786376953,88.66000366210938,87.29000091552734,87.47000122070312,1137100.0
2019-11-19,87.19999694824219,87.25,86.30000305175781,86.87999725341797,1860700.0
2019-11-20,87.19000244140625,87.5,86.55000305175781,87.30999755859375,1377800.0
2019-11-21,86.5,87.02999877929688,86.31999969482422,86.81999969482422,1441600.0
2019-11-22,86.66999816894531,86.94999694824219,85.69000244140625,86.19000244140625,1874700.0
2019-11-25,86.0999984741211,86.4000015258789,85.66999816894531,86.04000091552734,1110700.0
2019-11-26,86.08999633789062,86.5,85.86000061035156,86.44000244140625,2063300.0
2019-11-27,86.45999908447266,86.87999725341797,86.30000305175781,86.7300033569336,1007700.0
2019-11-29,87.08999633789062,87.77999877929688,86.62999725341797,86.88999938964844,747300.0
2019-12-02,86.5,86.63999938964844,85.47000122070312,85.55000305175781,1329300.0
2019-12-03,85.9000015258789,86.48999786376953,85.5999984741211,86.29000091552734,1535600.0
2019-12-04,85.94000244140625,86.91999816894531,85.94000244140625,86.77999877929688,1356800.0
2019-12-05,86.5999984741211,86.76000213623047,86.25,86.69000244140625,1072900.0
2019-12-06,86.54000091552734,87.19000244140625,86.47000122070312,86.79000091552734,1007800.0
2019-12-09,86.80000305175781,86.81999969482422,86.31999969482422,86.55999755859375,1458600.0
2019-12-10,86.6500015258789,87.19000244140625,86.43000030517578,86.80000305175781,1517500.0
2019-12-11,87.0,87.6500015258789,86.81999969482422,87.58999633789062,1817600.0
2019-12-12,87.41999816894531,87.86000061035156,87.0199966430664,87.5199966430664,1838100.0
2019-12-13,87.20999908447266,88.0999984741211,86.91999816894531,87.83000183105469,2174800.0
2019-12-16,88.05000305175781,88.36000061035156,87.48999786376953,88.2300033569336,2829900.0
2019-12-17,88.31999969482422,89.41000366210938,88.19000244140625,88.52999877929688,1681000.0
2019-12-18,88.94000244140625,89.2300033569336,88.45999908447266,89.0,1810200.0
2019-12-19,89.06999969482422,89.75,88.94000244140625,89.69999694824219,2234300.0
2019-12-20,90.13999938964844,91.13999938964844,89.77999877929688,90.62999725341797,3551200.0
2019-12-23,90.83999633789062,91.0999984741211,89.41999816894531,89.77999877929688,1345700.0
2019-12-24,89.75,89.81999969482422,89.23999786376953,89.66999816894531,350700.0
2019-12-26,89.73999786376953,89.81999969482422,89.16000366210938,89.6500015258789,717500.0
2019-12-27,89.66000366210938,89.98999786376953,89.51000213623047,89.94000244140625,836600.0
2019-12-30,89.69999694824219,90.19000244140625,89.55000305175781,90.19000244140625,1264100.0
2019-12-31,90.19000244140625,90.48999786376953,89.81999969482422,90.47000122070312,1153600.0
2020-01-02,90.55000305175781,90.6500015258789,88.47000122070312,88.86000061035156,1335100.0
2020-01-03,88.55999755859375,89.2300033569336,88.45999908447266,88.62999725341797,1379600.0
2020-01-06,88.66999816894531,89.05999755859375,88.0999984741211,88.33999633789062,1395300.0
2020-01-07,88.0,88.58000183105469,87.18000030517578,87.66999816894531,1897700.0
2020-01-08,87.08000183105469,87.37999725341797,86.69000244140625,86.97000122070312,2255000.0
2020-01-09,86.81999969482422,87.25,86.70999908447266,86.87999725341797,1523200.0
2020-01-10,87.0999984741211,87.75,87.06999969482422,87.48999786376953,1453400.0
2020-01-13,87.47000122070312,88.19000244140625,87.29000091552734,87.79000091552734,1351800.0
2020-01-14,87.83000183105469,88.05999755859375,87.12999725341797,87.77999877929688,2134500.0
2020-01-15,88.05999755859375,89.19999694824219,87.94999694824219,88.95999908447266,1944200.0
2020-01-16,89.08000183105469,89.31999969482422,88.95999908447266,89.16999816894531,1707100.0
2020-01-17,89.16999816894531,90.41999816894531,88.93000030517578,90.23999786376953,2538400.0
2020-01-21,90.37000274658203,90.87000274658203,89.87999725341797,90.83000183105469,2140900.0
2020-01-22,91.19999694824219,91.5999984741211,91.01000213623047,91.16000366210938,1581700.0
2020-01-23,91.19999694824219,92.79000091552734,91.19999694824219,92.7699966430664,1741900.0
2020-01-24,92.55999755859375,93.72000122070312,92.5199966430664,93.61000061035156,1455900.0
2020-01-27,93.70999908447266,94.16000366210938,93.12999725341797,93.41000366210938,1999400.0
2020-01-28,93.47000122070312,94.68000030517578,93.47000122070312,94.18000030517578,1496500.0
2020-01-29,94.06999969482422,94.62000274658203,93.55000305175781,94.44000244140625,1640800.0
2020-01-30,94.5,94.93000030517578,93.91000366210938,94.73999786376953,1429700.0
2020-01-31,94.63999938964844,95.0999984741211,93.55000305175781,94.0,3781500.0
2020-02-03,94.16000366210938,94.31999969482422,93.33999633789062,93.8499984741211,1434400.0
2020-02-04,93.7300033569336,94.05999755859375,92.5,92.54000091552734,1631900.0
2020-02-05,92.4000015258789,93.48999786376953,92.18000030517578,93.4000015258789,1270800.0
2020-02-06,93.56999969482422,93.95999908447266,93.2300033569336,93.47000122070312,1212700.0
2020-02-07,93.77999877929688,93.95999908447266,92.77999877929688,92.77999877929688,1098300.0
2020-02-10,92.80999755859375,93.08999633789062,92.29000091552734,93.08000183105469,1029900.0
2020-02-11,93.29000091552734,93.62000274658203,93.01000213623047,93.18000030517578,1141700.0
2020-02-12,92.79000091552734,93.1500015258789,92.44999694824219,92.87000274658203,1552200.0
2020-02-13,92.80000305175781,93.73999786376953,92.2300033569336,93.63999938964844,1244300.0
2020-02-14,93.91999816894531,94.4800033569336,93.75,94.30000305175781,1249200.0
2020-02-18,93.72000122070312,94.58000183105469,93.62999725341797,94.3499984741211,2172700.0
2020-02-19,94.2699966430664,94.58000183105469,93.73999786376953,93.87999725341797,1029900.0
2020-02-20,93.87000274658203,94.6500015258789,93.62999725341797,94.58000183105469,1319000.0
2020-02-21,91.20999908447266,91.68000030517578,89.2699966430664,90.18000030517578,3976900.0
2020-02-24,89.45999908447266,90.12999725341797,88.5999984741211,88.88999938964844,2393400.0
2020-02-25,89.19999694824219,89.4000015258789,88.0199966430664,88.25,2328700.0
2020-02-26,88.43000030517578,89.1500015258789,87.66999816894531,87.69000244140625,2455200.0
2020-02-27,87.3499984741211,87.88999938964844,83.16999816894531,83.19000244140625,2752600.0
2020-02-28,81.26000213623047,81.27999877929688,77.80000305175781,78.81999969482422,5357400.0
2020-03-02,79.58999633789062,84.81999969482422,79.27999877929688,84.52999877929688,3615400.0
2020-03-03,84.38999938964844,86.43000030517578,83.56999969482422,83.83999633789062,3129700.0
2020-03-04,84.80999755859375,88.33999633789062,84.80999755859375,88.01000213623047,2415100.0
2020-03-05,86.6500015258789,88.08000183105469,86.06999969482422,87.58000183105469,2282900.0
2020-03-06,85.29000091552734,88.5,85.16000366210938,87.9000015258789,4705400.0
2020-03-09,85.55000305175781,89.93000030517578,83.5199966430664,88.66000366210938,5398100.0
2020-03-10,89.41000366210938,91.52999877929688,87.4000015258789,89.4000015258789,4040400.0
2020-03-11,87.56999969482422,88.0,84.69000244140625,86.5,4162800.0
2020-03-12,80.62999725341797,86.01000213623047,78.43000030517578,83.79000091552734,6073000.0
2020-03-13,86.33999633789062,89.16000366210938,84.0199966430664,88.06999969482422,5699300.0
2020-03-16,82.6500015258789,86.63999938964844,78.81999969482422,79.55000305175781,5037300.0
2020-03-17,81.41999816894531,94.62999725341797,81.41999816894531,93.87999725341797,5432000.0
2020-03-18,88.91000366210938,93.87999725341797,86.43000030517578,92.19999694824219,4117600.0
2020-03-19,92.55999755859375,92.55999755859375,79.55999755859375,80.08999633789062,5082100.0
2020-03-20,81.23999786376953,81.5,71.06999969482422,72.58999633789062,4902400.0
2020-03-23,72.5,72.69000244140625,62.029998779296875,65.3499984741211,5017900.0
2020-03-24,67.5,71.20999908447266,64.58000183105469,70.51000213623047,3372200.0
2020-03-25,69.3499984741211,74.45999908447266,67.80000305175781,70.93000030517578,3122100.0
2020-03-26,70.62000274658203,76.7300033569336,70.19999694824219,75.91999816894531,2771000.0
2020-03-27,74.26000213623047,79.72000122070312,74.01000213623047,77.9000015258789,2291500.0
2020-03-30,79.72000122070312,81.08999633789062,78.04000091552734,80.7300033569336,2557200.0
2020-03-31,79.75,80.0,77.33999633789062,78.0,3389300.0
2020-04-01,75.70999908447266,78.44000244140625,75.25,77.61000061035156,6352500.0
2020-04-02,76.0,79.62999725341797,76.0,78.93000030517578,3021800.0
2020-04-03,78.22000122070312,78.93000030517578,76.98999786376953,77.9000015258789,3904500.0
2020-04-06,80.70999908447266,83.0,79.56999969482422,81.05000305175781,2608100.0
2020-04-07,82.94000244140625,83.22000122070312,79.6500015258789,79.91999816894531,2173300.0
2020-04-08,80.55999755859375,84.73999786376953,79.5199966430664,83.83000183105469,1974700.0
2020-04-09,83.88999938964844,89.37000274658203,83.86000061035156,87.94000244140625,2111900.0
2020-04-13,86.18000030517578,87.1500015258789,84.06999969482422,84.83999633789062,1095900.0
2020-04-14,87.01000213623047,89.48999786376953,86.08000183105469,89.30000305175781,1814000.0
2020-04-15,87.98999786376953,88.08000183105469,86.0999984741211,86.97000122070312,1425700.0
2020-04-16,87.68000030517578,89.30999755859375,87.36000061035156,88.41000366210938,1594500.0
2020-04-17,89.52999877929688,90.0,87.6500015258789,89.55999755859375,1211900.0
2020-04-20,88.95999908447266,89.43000030517578,85.33000183105469,85.47000122070312,1551000.0
2020-04-21,84.47000122070312,85.0,82.70999908447266,83.48999786376953,2118100.0
2020-04-22,84.7300033569336,85.05000305175781,83.54000091552734,84.12000274658203,1497200.0
2020-04-23,84.12000274658203,84.79000091552734,81.55999755859375,81.77999877929688,1868100.0
2020-04-24,82.19000244140625,82.8499984741211,80.91000366210938,82.63999938964844,1748600.0
2020-04-27,82.86000061035156,83.44999694824219,82.5199966430664,82.66999816894531,1518300.0
2020-04-28,83.87999725341797,85.02999877929688,82.70999908447266,83.0999984741211,1687100.0
2020-04-29,85.94999694824219,85.94999694824219,81.0999984741211,81.27999877929688,2020400.0
2020-04-30,80.69000244140625,80.81999969482422,78.22000122070312,78.80000305175781,3129500.0
2020-05-01,78.3499984741211,78.44000244140625,76.63999938964844,77.25,1786000.0
2020-05-04,76.81999969482422,77.37000274658203,75.7699966430664,77.05999755859375,1756000.0
2020-05-05,77.16999816894531,78.56999969482422,76.70999908447266,77.54000091552734,1627100.0
2020-05-06,77.54000091552734,78.0,74.19999694824219,74.37999725341797,2274400.0
2020-05-07,75.04000091552734,75.66000366210938,73.91000366210938,74.06999969482422,2339800.0
2020-05-08,74.9000015258789,74.94000244140625,72.87999725341797,74.18000030517578,2324500.0
2020-05-11,73.77999877929688,74.13999938964844,72.20999908447266,72.63999938964844,2294500.0
2020-05-12,71.87999725341797,72.1500015258789,70.76000213623047,71.58999633789062,2524800.0
2020-05-13,71.23999786376953,71.55000305175781,69.8499984741211,71.45999908447266,2130200.0
2020-05-14,70.87000274658203,72.18000030517578,69.25,71.63999938964844,2131700.0
2020-05-15,71.16999816894531,71.23999786376953,69.16000366210938,70.36000061035156,3950400.0
2020-05-18,72.01000213623047,73.77999877929688,71.41999816894531,73.11000061035156,2247900.0
2020-05-19,72.62000274658203,73.08999633789062,70.86000061035156,70.87999725341797,1809100.0
2020-05-20,71.33000183105469,72.37000274658203,70.38999938964844,70.73999786376953,1714200.0
2020-05-21,70.44000244140625,71.16000366210938,69.68000030517578,69.91999816894531,1317900.0
2020-05-22,69.86000061035156,70.30999755859375,69.44999694824219,70.18000030517578,1397000.0
2020-05-26,71.01000213623047,72.33999633789062,70.81999969482422,71.19000244140625,2232100.0
2020-05-27,72.08000183105469,72.55000305175781,70.55999755859375,71.25,1615800.0
2020-05-28,72.2699966430664,73.27999877929688,72.06999969482422,73.1500015258789,1567400.0
2020-05-29,72.86000061035156,75.20999908447266,72.44999694824219,75.05999755859375,3220700.0
2020-06-01,74.97000122070312,75.70999908447266,73.93000030517578,75.06999969482422,1612100.0
2020-06-02,75.43000030517578,75.5199966430664,73.98999786376953,74.81999969482422,1418100.0
2020-06-03,75.19999694824219,76.29000091552734,75.0,75.66999816894531,1512400.0
2020-06-04,75.2300033569336,75.61000061035156,73.8499984741211,74.83000183105469,1676100.0
2020-06-05,75.30000305175781,76.20999908447266,74.95999908447266,75.33000183105469,1916800.0
2020-06-08,75.4000015258789,77.7699966430664,75.0999984741211,77.70999908447266,1914900.0
2020-06-09,77.25,77.33999633789062,75.87000274658203,76.69999694824219,1867900.0
2020-06-10,76.5,77.66999816894531,76.5,76.94999694824219,1784200.0
2020-06-11,75.7699966430664,75.98999786376953,73.80999755859375,74.66999816894531,2175700.0
2020-06-12,76.06999969482422,76.4000015258789,74.2699966430664,75.37999725341797,2456700.0
2020-06-15,74.37000274658203,76.80000305175781,73.8499984741211,75.5999984741211,2742500.0
2020-06-16,77.0199966430664,78.16999816894531,75.94000244140625,76.37000274658203,1880300.0
2020-06-17,76.62000274658203,76.68000030517578,74.80999755859375,75.29000091552734,1933900.0
2020-06-18,74.9800033569336,75.97000122070312,74.51000213623047,74.87000274658203,1406600.0
2020-06-19,75.91999816894531,75.91999816894531,71.44000244140625,71.44000244140625,4629900.0
2020-06-22,71.44000244140625,72.68000030517578,70.86000061035156,71.41999816894531,2184300.0
2020-06-23,72.12000274658203,72.31999969482422,70.69999694824219,70.94000244140625,1395200.0
2020-06-24,70.31999969482422,72.01000213623047,69.91000366210938,71.52999877929688,2436900.0
2020-06-25,71.26000213623047,71.37999725341797,69.80999755859375,70.62000274658203,2435600.0
2020-06-26,70.63999938964844,71.9800033569336,70.45999908447266,71.27999877929688,3422600.0
2020-06-29,71.76000213623047,72.69999694824219,70.69000244140625,72.69999694824219,1594000.0
2020-06-30,72.61000061035156,72.9800033569336,71.01000213623047,71.93000030517578,2206200.0
2020-07-01,71.93000030517578,73.41999816894531,71.81999969482422,73.0999984741211,1692100.0
2020-07-02,73.0999984741211,74.36000061035156,73.01000213623047,73.80999755859375,1430400.0
2020-07-06,74.47000122070312,75.12000274658203,72.5,73.0999984741211,1520800.0
2020-07-07,72.20999908447266,72.76000213623047,72.12000274658203,72.5,1775800.0
2020-07-08,72.66999816894531,72.87999725341797,71.83999633789062,72.43000030517578,1455100.0
2020-07-09,71.98999786376953,72.0999984741211,70.01000213623047,71.70999908447266,1698600.0
2020-07-10,71.70999908447266,72.69999694824219,71.45999908447266,72.4800033569336,1746100.0
2020-07-13,72.48999786376953,72.77999877929688,71.69000244140625,72.16000366210938,1868300.0
2020-07-14,72.19000244140625,73.26000213623047,71.61000061035156,72.16999816894531,2122900.0
2020-07-15,72.30999755859375,72.9000015258789,71.37999725341797,71.51000213623047,2357500.0
2020-07-16,71.68000030517578,72.29000091552734,71.45999908447266,71.83999633789062,1158000.0
2020-07-17,72.02999877929688,74.12000274658203,72.02999877929688,74.06999969482422,1742300.0
2020-07-20,73.62000274658203,73.8499984741211,72.87999725341797,73.26000213623047,1455000.0
2020-07-21,73.0199966430664,74.9800033569336,72.88999938964844,74.27999877929688,2174700.0
2020-07-22,74.02999877929688,76.18000030517578,73.55000305175781,75.76000213623047,1714700.0
2020-07-23,75.7699966430664,76.7699966430664,75.54000091552734,76.25,1574700.0
2020-07-24,76.62000274658203,77.6500015258789,75.26000213623047,75.58000183105469,1619200.0
2020-07-27,75.37999725341797,75.38999938964844,74.08999633789062,74.76000213623047,1731900.0
2020-07-28,74.43000030517578,76.66999816894531,74.43000030517578,76.36000061035156,1520600.0
2020-07-29,76.27999877929688,76.9000015258789,75.5,76.69999694824219,1515700.0
2020-07-30,76.11000061035156,77.13999938964844,75.87000274658203,76.94000244140625,2133000.0
2020-07-31,76.55999755859375,77.11000061035156,75.8499984741211,76.83000183105469,4369300.0
2020-08-03,76.55000305175781,76.6500015258789,75.23999786376953,75.91000366210938,1645800.0
2020-08-04,75.75,76.69000244140625,75.66000366210938,75.9000015258789,2008500.0
2020-08-05,75.58999633789062,75.94999694824219,73.5,73.66000366210938,2035900.0
2020-08-06,73.88999938964844,74.12000274658203,73.1500015258789,73.91999816894531,1579600.0
2020-08-07,73.25,75.80000305175781,73.22000122070312,75.11000061035156,1633800.0
2020-08-10,75.94000244140625,76.33999633789062,75.19999694824219,75.37999725341797,1505800.0
2020-08-11,75.0,75.41000366210938,73.12000274658203,73.26000213623047,1970600.0
2020-08-12,73.51000213623047,74.88999938964844,73.44000244140625,74.26000213623047,1370100.0
2020-08-13,73.8499984741211,74.02999877929688,72.98999786376953,73.7699966430664,1566400.0
2020-08-14,73.3499984741211,74.08999633789062,72.79000091552734,73.52999877929688,1641600.0
2020-08-17,73.80999755859375,75.0199966430664,73.4000015258789,74.41000366210938,2529200.0
2020-08-18,73.6500015258789,73.94999694824219,73.11000061035156,73.3499984741211,1548700.0
2020-08-19,73.3499984741211,73.88999938964844,72.9000015258789,73.44000244140625,1742300.0
2020-08-20,73.0999984741211,73.72000122070312,72.31999969482422,72.4000015258789,2444100.0
2020-08-21,72.66999816894531,72.69999694824219,71.18000030517578,72.19999694824219,3823700.0
2020-08-24,72.31999969482422,74.33000183105469,71.8499984741211,74.31999969482422,2326500.0
2020-08-25,74.36000061035156,74.4800033569336,72.69000244140625,73.01000213623047,2057000.0
2020-08-26,72.44999694824219,72.44999694824219,70.30999755859375,70.77999877929688,2667500.0
2020-08-27,71.0,71.79000091552734,70.55000305175781,71.06999969482422,1808700.0
2020-08-28,71.26000213623047,71.26000213623047,70.0999984741211,70.91999816894531,1479900.0
2020-08-31,70.61000061035156,71.44999694824219,70.58999633789062,71.33999633789062,2461900.0
2020-09-01,70.87999725341797,71.0,69.37000274658203,69.6500015258789,1867700.0
2020-09-02,69.55999755859375,72.41000366210938,69.30000305175781,72.2300033569336,2391800.0
2020-09-03,72.61000061035156,73.56999969482422,71.77999877929688,72.4000015258789,3609400.0
2020-09-04,72.86000061035156,73.51000213623047,71.9000015258789,73.04000091552734,3121300.0
2020-09-08,72.98999786376953,73.44000244140625,72.08000183105469,72.80000305175781,3104400.0
2020-09-09,73.33999633789062,74.55000305175781,72.86000061035156,72.91000366210938,1970100.0
2020-09-10,72.62999725341797,74.25,71.68000030517578,72.7699966430664,8656400.0
2020-09-11,72.68000030517578,73.04000091552734,72.11000061035156,72.73999786376953,2176200.0
2020-09-14,73.44000244140625,74.4800033569336,72.81999969482422,74.22000122070312,2308900.0
2020-09-15,74.73999786376953,75.58999633789062,73.95999908447266,74.47000122070312,2637300.0
2020-09-16,74.30000305175781,76.33999633789062,74.0,75.68000030517578,3961200.0
2020-09-17,75.2699966430664,76.55000305175781,74.61000061035156,75.93000030517578,3690400.0
2020-09-18,75.37999725341797,75.91999816894531,73.63999938964844,73.87999725341797,4431900.0
2020-09-21,73.33000183105469,73.72000122070312,71.7300033569336,72.83999633789062,3213100.0
2020-09-22,72.63999938964844,74.19000244140625,72.4800033569336,73.69999694824219,2868200.0
2020-09-23,73.73999786376953,73.95999908447266,73.20999908447266,73.31999969482422,2228600.0
2020-09-24,73.37000274658203,74.16000366210938,72.55000305175781,73.93000030517578,1878100.0
2020-09-25,73.48999786376953,75.87999725341797,73.47000122070312,75.7699966430664,1561400.0
2020-09-28,75.9800033569336,77.16000366210938,75.51000213623047,76.31999969482422,1657600.0
2020-09-29,76.7300033569336,77.69999694824219,76.25,76.9800033569336,1608500.0
2020-09-30,77.44999694824219,78.05999755859375,77.16000366210938,77.80000305175781,1773100.0
2020-10-01,78.05000305175781,79.08000183105469,77.73999786376953,79.04000091552734,1562300.0
2020-10-02,78.52999877929688,80.20999908447266,78.26000213623047,79.7699966430664,1718900.0
2020-10-05,79.5999984741211,80.33000183105469,79.11000061035156,79.93000030517578,1357800.0
2020-10-06,80.05999755859375,81.22000122070312,79.45999908447266,80.76000213623047,1530700.0
2020-10-07,81.08999633789062,81.2300033569336,79.83999633789062,80.83000183105469,1335900.0
2020-10-08,81.25,82.3499984741211,80.88999938964844,82.2699966430664,1211900.0
2020-10-09,82.38999938964844,82.91999816894531,81.5199966430664,82.55000305175781,1170200.0
2020-10-12,82.44999694824219,83.12999725341797,82.4000015258789,82.88999938964844,946400.0
2020-10-13,82.0999984741211,82.62999725341797,80.83999633789062,82.31999969482422,1213400.0
2020-10-14,82.4000015258789,82.69999694824219,81.52999877929688,82.23999786376953,1074900.0
2020-10-15,81.1500015258789,82.26000213623047,80.88999938964844,81.73999786376953,1286500.0
2020-10-16,81.69999694824219,82.70999908447266,81.30999755859375,81.69999694824219,2205200.0
2020-10-19,81.69000244140625,82.33999633789062,80.5199966430664,80.79000091552734,2936200.0
2020-10-20,80.0,81.29000091552734,79.81999969482422,80.5999984741211,1627600.0
2020-10-21,80.37000274658203,81.0,79.9000015258789,80.33000183105469,1487000.0
2020-10-22,80.56999969482422,81.61000061035156,80.0,81.44000244140625,1509500.0
2020-10-23,81.97000122070312,82.08999633789062,81.2300033569336,81.5999984741211,1473600.0
2020-10-26,81.2300033569336,82.88999938964844,80.94000244140625,82.73999786376953,1342100.0
2020-10-27,82.94999694824219,83.91999816894531,82.22000122070312,83.05000305175781,1553300.0
2020-10-28,82.05000305175781,82.94000244140625,79.95999908447266,80.16000366210938,1778800.0
2020-10-29,79.9800033569336,80.75,78.86000061035156,79.7699966430664,1599300.0
2020-10-30,79.37000274658203,79.81999969482422,77.63999938964844,78.48999786376953,2353700.0
2020-11-02,79.38999938964844,80.08000183105469,78.12999725341797,79.77999877929688,2603500.0
2020-11-03,80.58999633789062,82.05999755859375,80.37999725341797,81.31999969482422,1722200.0
2020-11-04,81.31999969482422,82.27999877929688,79.54000091552734,79.55999755859375,1437700.0
2020-11-05,80.36000061035156,81.55999755859375,79.44000244140625,79.7300033569336,1659700.0
2020-11-06,79.30000305175781,79.97000122070312,77.27999877929688,77.80000305175781,2928800.0
2020-11-09,80.27999877929688,81.66000366210938,78.8499984741211,79.27999877929688,2248800.0
2020-11-10,79.73999786376953,82.27999877929688,79.3499984741211,82.08000183105469,3040300.0
2020-11-11,82.3499984741211,82.7300033569336,81.41000366210938,81.72000122070312,2693000.0
2020-11-12,81.44999694824219,81.70999908447266,79.51000213623047,80.51000213623047,2077800.0
2020-11-13,80.91000366210938,81.75,80.5,81.62999725341797,1712200.0
2020-11-16,82.48999786376953,82.75,81.91999816894531,82.70999908447266,2330100.0
2020-11-17,81.83000183105469,82.19999694824219,79.19000244140625,79.25,3695700.0
2020-11-18,79.5,79.66000366210938,77.55000305175781,77.69000244140625,2034800.0
2020-11-19,77.63999938964844,77.63999938964844,76.4800033569336,77.0999984741211,1722900.0
2020-11-20,77.43000030517578,77.66000366210938,76.69999694824219,77.38999938964844,4305000.0
2020-11-23,77.58000183105469,78.05000305175781,77.01000213623047,77.56999969482422,1814500.0
2020-11-24,78.06999969482422,78.9000015258789,77.62999725341797,78.37999725341797,1869400.0
2020-11-25,78.41999816894531,78.72000122070312,77.43000030517578,78.66000366210938,1631500.0
2020-11-27,78.51000213623047,78.58999633789062,77.51000213623047,77.7699966430664,722100.0
2020-11-30,77.5,77.7699966430664,75.91999816894531,76.25,2605200.0
2020-12-01,76.66000366210938,77.5,76.3499984741211,76.91000366210938,2241600.0
2020-12-02,75.83999633789062,77.08000183105469,75.3499984741211,77.02999877929688,3485600.0
2020-12-03,76.79000091552734,76.79000091552734,75.4000015258789,75.91000366210938,1946900.0
2020-12-04,75.83000183105469,76.54000091552734,75.01000213623047,75.30999755859375,3239600.0
2020-12-07,75.16999816894531,75.66000366210938,74.5999984741211,74.83999633789062,3177100.0
2020-12-08,74.55000305175781,75.29000091552734,74.12000274658203,74.55999755859375,2623600.0
2020-12-09,74.5199966430664,74.91000366210938,73.55000305175781,74.23999786376953,2905600.0
2020-12-10,74.2300033569336,74.5,73.05999755859375,73.3499984741211,3525800.0
2020-12-11,72.95999908447266,74.11000061035156,72.88999938964844,73.16000366210938,4566000.0
2020-12-14,73.6500015258789,74.2699966430664,72.30999755859375,72.41000366210938,4119300.0
2020-12-15,72.79000091552734,73.56999969482422,72.37000274658203,73.0,3451100.0
2020-12-16,73.05999755859375,73.48999786376953,71.55000305175781,71.75,3596100.0
2020-12-17,72.0999984741211,72.86000061035156,71.5999984741211,71.62000274658203,2229500.0
2020-12-18,71.86000061035156,72.48999786376953,70.68000030517578,71.1500015258789,6443800.0
2020-12-21,70.68000030517578,70.94999694824219,69.27999877929688,69.94999694824219,4621900.0
2020-12-22,69.87000274658203,69.87000274658203,69.29000091552734,69.6500015258789,2362600.0
2020-12-23,70.01000213623047,71.25,69.88999938964844,70.06999969482422,2829400.0
2020-12-24,70.2300033569336,70.45999908447266,69.6500015258789,70.44000244140625,843500.0
2020-12-28,70.70999908447266,71.58999633789062,70.5999984741211,71.26000213623047,2107200.0
2020-12-29,71.55000305175781,71.80999755859375,70.58999633789062,70.76000213623047,1472100.0
2020-12-30,70.7699966430664,71.25,70.58999633789062,71.0199966430664,1509600.0
2020-12-31,70.87999725341797,72.31999969482422,70.76000213623047,72.2699966430664,2081400.0
2021-01-04,72.2699966430664,72.36000061035156,70.22000122070312,70.66000366210938,2488700.0
2021-01-05,70.69999694824219,70.94000244140625,69.61000061035156,69.87000274658203,2192600.0
2021-01-06,70.0,71.66999816894531,69.91000366210938,71.36000061035156,2417200.0
2021-01-07,71.30000305175781,71.48999786376953,69.81999969482422,69.91000366210938,3066400.0
2021-01-08,70.4000015258789,70.4000015258789,69.5199966430664,69.93000030517578,2504100.0
2021-01-11,69.69999694824219,70.0999984741211,68.25,68.7300033569336,2773100.0
2021-01-12,68.43000030517578,68.6500015258789,66.91999816894531,67.91999816894531,2766500.0
2021-01-13,68.12000274658203,69.73999786376953,68.0,69.61000061035156,1930600.0
2021-01-14,69.87000274658203,69.94999694824219,68.3499984741211,68.45999908447266,4223300.0
2021-01-15,68.26000213623047,69.66999816894531,68.04000091552734,69.5999984741211,2139600.0
2021-01-19,69.81999969482422,69.91000366210938,68.94000244140625,69.4800033569336,2555000.0
2021-01-20,68.9800033569336,70.18000030517578,68.87000274658203,69.94000244140625,2784100.0
2021-01-21,69.04000091552734,69.9000015258789,68.94000244140625,69.1500015258789,2241600.0
2021-01-22,68.41000366210938,69.08999633789062,67.86000061035156,68.83000183105469,2364900.0
2021-01-25,68.69999694824219,70.68000030517578,68.62999725341797,70.63999938964844,3095400.0
2021-01-26,70.5999984741211,70.63999938964844,69.72000122070312,70.27999877929688,2261000.0
2021-01-27,69.91999816894531,73.08999633789062,69.72000122070312,71.54000091552734,5693800.0
2021-01-28,71.30999755859375,72.0,70.04000091552734,70.20999908447266,3986200.0
2021-01-29,70.06999969482422,71.41999816894531,69.5199966430664,70.77999877929688,6527600.0
2021-02-01,70.77999877929688,71.58000183105469,69.5199966430664,70.75,2429300.0
2021-02-02,70.9000015258789,72.04000091552734,70.19999694824219,70.26000213623047,2185700.0
2021-02-03,70.0199966430664,70.86000061035156,70.0,70.51000213623047,1767200.0
2021-02-04,70.5999984741211,71.0,70.02999877929688,70.58999633789062,2390900.0
2021-02-05,71.0199966430664,71.8499984741211,70.62000274658203,71.5,1642300.0
2021-02-08,71.77999877929688,71.95999908447266,71.02999877929688,71.27999877929688,1817600.0
2021-02-09,71.5199966430664,71.63999938964844,70.47000122070312,71.3499984741211,1447600.0
2021-02-10,71.80000305175781,72.31999969482422,71.37999725341797,72.30999755859375,1412600.0
2021-02-11,72.30999755859375,72.41999816894531,71.66000366210938,71.81999969482422,1792000.0
2021-02-12,71.87000274658203,72.08999633789062,70.69999694824219,71.05999755859375,1595700.0
2021-02-16,70.26000213623047,70.48999786376953,69.4000015258789,70.05000305175781,2264400.0
2021-02-17,70.16000366210938,70.5199966430664,69.69000244140625,70.16000366210938,1473800.0
2021-02-18,70.0,70.44999694824219,69.80999755859375,70.0199966430664,3041900.0
2021-02-19,69.51000213623047,69.63999938964844,67.94000244140625,68.18000030517578,4358700.0
2021-02-22,67.75,68.08000183105469,66.62999725341797,67.97000122070312,3936900.0
2021-02-23,68.56999969482422,68.69999694824219,67.30999755859375,67.66999816894531,3356800.0
2021-02-24,67.73999786376953,67.9000015258789,66.58999633789062,66.6500015258789,3339500.0
2021-02-25,66.69999694824219,67.3499984741211,66.61000061035156,67.1500015258789,2200300.0
2021-02-26,67.19000244140625,67.62000274658203,65.55999755859375,65.6500015258789,4072600.0
2021-03-01,66.12999725341797,67.5999984741211,66.05999755859375,67.04000091552734,4424300.0
2021-03-02,67.12999725341797,67.6500015258789,66.30999755859375,67.08000183105469,2253900.0
2021-03-03,66.83000183105469,67.62000274658203,66.4000015258789,67.43000030517578,1999300.0
2021-03-04,67.5,69.02999877929688,66.79000091552734,66.95999908447266,2850100.0
2021-03-05,67.36000061035156,68.66999816894531,66.81999969482422,68.30000305175781,3702700.0
2021-03-08,68.81999969482422,70.05000305175781,68.33000183105469,69.5,2990200.0
2021-03-09,69.0999984741211,69.97000122070312,68.86000061035156,69.69000244140625,3908500.0
2021-03-10,69.81999969482422,71.0199966430664,69.44000244140625,70.37000274658203,3268500.0
2021-03-11,69.93000030517578,70.55999755859375,69.56999969482422,69.81999969482422,3595300.0
2021-03-12,70.37999725341797,71.37000274658203,70.18000030517578,70.94000244140625,2896500.0
2021-03-15,71.26000213623047,72.22000122070312,71.2300033569336,71.81999969482422,3187400.0
2021-03-16,71.30000305175781,72.30999755859375,71.22000122070312,72.08000183105469,2775400.0
2021-03-17,72.31999969482422,72.93000030517578,71.7300033569336,71.79000091552734,4615300.0
2021-03-18,71.91999816894531,72.81999969482422,71.54000091552734,72.22000122070312,3839500.0
2021-03-19,72.58000183105469,72.87000274658203,71.68000030517578,72.30000305175781,5562600.0
2021-03-22,71.80999755859375,72.25,71.41000366210938,72.05000305175781,3343500.0
2021-03-23,71.94000244140625,73.4000015258789,71.88999938964844,73.23999786376953,3325200.0
2021-03-24,72.76000213623047,73.94000244140625,72.55999755859375,73.43000030517578,2049100.0
2021-03-25,73.93000030517578,74.73999786376953,73.3499984741211,74.2699966430664,2039500.0
2021-03-26,73.9000015258789,74.5,73.44999694824219,74.44000244140625,1649200.0
2021-03-29,74.44000244140625,76.05000305175781,74.26000213623047,75.44999694824219,1724500.0
2021-03-30,75.25,75.27999877929688,73.94000244140625,74.37999725341797,1594900.0
2021-03-31,74.12000274658203,74.94000244140625,74.0999984741211,74.80000305175781,3505800.0
2021-04-01,74.51000213623047,74.73999786376953,73.81999969482422,74.29000091552734,2038200.0
2021-04-05,74.4000015258789,75.54000091552734,74.36000061035156,75.27999877929688,1818000.0
2021-04-06,74.98999786376953,75.69000244140625,74.75,75.69000244140625,1255100.0
2021-04-07,75.76000213623047,76.06999969482422,74.94000244140625,75.30999755859375,1487800.0
2021-04-08,75.6500015258789,75.70999908447266,75.02999877929688,75.12000274658203,1855500.0
2021-04-09,75.0,75.5999984741211,75.0,75.16999816894531,1680400.0
2021-04-12,75.3499984741211,76.0,75.12000274658203,75.31999969482422,1454700.0
2021-04-13,75.01000213623047,76.05999755859375,74.81999969482422,75.87000274658203,1855100.0
2021-04-14,75.56999969482422,76.18000030517578,75.31999969482422,76.16000366210938,1408600.0
2021-04-15,75.95999908447266,77.23999786376953,75.95999908447266,77.19000244140625,3009200.0
2021-04-16,77.47000122070312,78.4800033569336,77.37999725341797,78.20999908447266,2229700.0
2021-04-19,78.4800033569336,78.56999969482422,77.63999938964844,78.3499984741211,1716700.0
2021-04-20,78.5,79.80000305175781,78.3499984741211,79.3499984741211,2589900.0
2021-04-21,79.48999786376953,79.75,78.2699966430664,78.36000061035156,1860800.0
2021-04-22,78.18000030517578,78.43000030517578,77.72000122070312,78.11000061035156,1490700.0
2021-04-23,78.0999984741211,78.27999877929688,77.38999938964844,77.44999694824219,1349500.0
2021-04-26,77.44999694824219,77.62999725341797,76.6500015258789,76.87000274658203,1547000.0
2021-04-27,76.9000015258789,76.94000244140625,76.12000274658203,76.19000244140625,1592900.0
2021-04-28,76.5199966430664,76.68000030517578,75.81999969482422,76.20999908447266,1374400.0
2021-04-29,76.08000183105469,76.98999786376953,76.08000183105469,76.70999908447266,3188100.0
2021-04-30,77.05000305175781,77.43000030517578,76.25,77.41000366210938,1962000.0
2021-05-03,77.5,78.66999816894531,77.3499984741211,77.75,1517500.0
2021-05-04,77.91999816894531,78.62999725341797,77.56999969482422,78.12000274658203,1526100.0
2021-05-05,78.0,78.33000183105469,76.08999633789062,76.88999938964844,1928500.0
2021-05-06,77.19999694824219,77.98999786376953,76.56999969482422,77.86000061035156,1793600.0
2021-05-07,78.12000274658203,80.12999725341797,78.08999633789062,78.08999633789062,2656200.0
2021-05-10,78.4000015258789,80.43000030517578,78.4000015258789,79.8499984741211,2391100.0
2021-05-11,80.08000183105469,80.33999633789062,78.55999755859375,79.33999633789062,1954700.0
2021-05-12,79.48999786376953,79.54000091552734,77.76000213623047,77.9000015258789,2054400.0
2021-05-13,77.62999725341797,79.81999969482422,77.62999725341797,79.27999877929688,2065600.0
2021-05-14,79.61000061035156,80.0999984741211,78.87000274658203,78.97000122070312,1535500.0
2021-05-17,79.08000183105469,79.91000366210938,78.72000122070312,78.7300033569336,2743800.0
2021-05-18,77.87999725341797,78.0999984741211,77.23999786376953,77.73999786376953,2344100.0
2021-05-19,77.69000244140625,78.05999755859375,77.12000274658203,77.9800033569336,2783400.0
2021-05-20,78.12999725341797,79.33999633789062,78.12999725341797,78.41999816894531,1810800.0
2021-05-21,78.4800033569336,79.08000183105469,78.3499984741211,78.95999908447266,3270200.0
2021-05-24,79.16999816894531,79.3499984741211,78.31999969482422,78.37999725341797,1344300.0
2021-05-25,78.27999877929688,78.43000030517578,77.29000091552734,77.80999755859375,1090700.0
2021-05-26,77.66000366210938,78.2300033569336,77.55999755859375,78.0,1466100.0
2021-05-27,78.0,78.06999969482422,76.51000213623047,76.87000274658203,2866800.0
2021-05-28,77.19000244140625,77.48999786376953,76.9800033569336,77.23999786376953,1629000.0
2021-06-01,77.45999908447266,77.48999786376953,76.4000015258789,76.43000030517578,1745700.0
2021-06-02,76.51000213623047,77.44999694824219,76.27999877929688,76.79000091552734,2678900.0
2021-06-03,76.61000061035156,77.44000244140625,76.45999908447266,77.26000213623047,3276900.0
2021-06-04,77.55000305175781,77.77999877929688,77.22000122070312,77.23999786376953,1418900.0
2021-06-07,77.41000366210938,77.55000305175781,77.13999938964844,77.30999755859375,960000.0
2021-06-08,77.26000213623047,77.38999938964844,76.20999908447266,76.29000091552734,1497500.0
2021-06-09,76.54000091552734,76.94000244140625,76.30999755859375,76.87999725341797,1229300.0
2021-06-10,76.87999725341797,77.25,76.58999633789062,77.04000091552734,1217400.0
2021-06-11,77.0,77.33000183105469,76.68000030517578,77.2300033569336,1297900.0
2021-06-14,77.19000244140625,77.83000183105469,76.94999694824219,77.75,1451500.0
2021-06-15,77.75,78.48999786376953,77.30000305175781,77.75,1991400.0
2021-06-16,77.16999816894531,77.61000061035156,76.13999938964844,76.22000122070312,2930100.0
2021-06-17,76.27999877929688,76.66999816894531,75.98999786376953,76.27999877929688,2658000.0
2021-06-18,76.05000305175781,76.05000305175781,74.37999725341797,74.48999786376953,3831300.0
2021-06-21,74.62000274658203,75.33999633789062,74.41000366210938,75.19000244140625,2609300.0
2021-06-22,75.06999969482422,75.37999725341797,74.4000015258789,74.45999908447266,2235100.0
2021-06-23,74.33000183105469,74.48999786376953,73.04000091552734,73.47000122070312,2169000.0
2021-06-24,73.45999908447266,73.62000274658203,73.05999755859375,73.43000030517578,1611000.0
2021-06-25,73.37000274658203,73.94999694824219,73.2699966430664,73.87000274658203,2076200.0
2021-06-28,73.87000274658203,74.33000183105469,73.58999633789062,73.81999969482422,2285300.0
2021-06-29,73.5,73.68000030517578,71.86000061035156,72.05000305175781,2552400.0
2021-06-30,72.0999984741211,72.25,71.55000305175781,71.72000122070312,2270400.0
2021-07-01,71.87000274658203,72.7300033569336,71.16999816894531,72.54000091552734,2297400.0
2021-07-02,72.55999755859375,72.66000366210938,72.19999694824219,72.47000122070312,1117000.0
2021-07-06,72.37999725341797,72.9800033569336,71.56999969482422,72.94000244140625,1940800.0
2021-07-07,72.7300033569336,73.3499984741211,72.4000015258789,73.33999633789062,1805200.0
2021-07-08,73.3499984741211,74.1500015258789,73.04000091552734,73.36000061035156,2445200.0
2021-07-09,73.5999984741211,73.83000183105469,72.7699966430664,73.30000305175781,1932000.0
2021-07-12,73.2300033569336,73.6500015258789,72.8499984741211,73.36000061035156,1154300.0
2021-07-13,73.27999877929688,73.54000091552734,72.5,72.62999725341797,1992400.0
2021-07-14,72.45999908447266,73.41999816894531,72.06999969482422,73.19000244140625,2206600.0
2021-07-15,73.18000030517578,74.37999725341797,73.01000213623047,74.36000061035156,2135500.0
2021-07-16,74.5,75.26000213623047,74.25,74.93000030517578,2100100.0
2021-07-19,74.83000183105469,75.6500015258789,72.93000030517578,73.7699966430664,2450200.0
2021-07-20,72.62999725341797,74.62999725341797,72.62000274658203,73.56999969482422,3083100.0
2021-07-21,73.61000061035156,73.93000030517578,72.70999908447266,72.77999877929688,1601300.0
2021-07-22,72.8499984741211,73.2699966430664,72.44000244140625,73.04000091552734,1754300.0
2021-07-23,73.2300033569336,74.20999908447266,73.0999984741211,74.18000030517578,1403100.0
2021-07-26,74.23999786376953,74.51000213623047,73.62999725341797,73.95999908447266,1477600.0
2021-07-27,73.87000274658203,75.69999694824219,73.43000030517578,75.52999877929688,1625500.0
2021-07-28,75.51000213623047,75.5999984741211,74.01000213623047,74.58999633789062,1513200.0
2021-07-29,74.56999969482422,74.80000305175781,74.04000091552734,74.5199966430664,1381500.0
2021-07-30,74.68000030517578,75.31999969482422,73.45999908447266,73.7699966430664,4354200.0
2021-08-02,73.97000122070312,74.7699966430664,73.94000244140625,74.5,1495600.0
2021-08-03,74.5,75.45999908447266,74.19999694824219,74.8499984741211,1439900.0
2021-08-04,74.5199966430664,74.94000244140625,73.93000030517578,74.87000274658203,1862900.0
2021-08-05,74.70999908447266,75.31999969482422,74.19000244140625,75.31999969482422,1740000.0
2021-08-06,75.30000305175781,76.30999755859375,74.36000061035156,75.5199966430664,2218200.0
2021-08-09,75.79000091552734,76.0999984741211,75.36000061035156,76.06999969482422,1386300.0
2021-08-10,76.19999694824219,76.76000213623047,75.73999786376953,76.4000015258789,1938500.0
2021-08-11,76.54000091552734,77.33000183105469,76.47000122070312,77.12000274658203,1522200.0
2021-08-12,77.27999877929688,77.8499984741211,77.02999877929688,77.25,2388600.0
2021-08-13,77.33000183105469,78.01000213623047,77.06999969482422,77.73999786376953,1448600.0
2021-08-16,77.91999816894531,78.76000213623047,77.62000274658203,78.25,2077600.0
2021-08-17,77.44999694824219,77.56999969482422,76.36000061035156,77.23999786376953,1737700.0
2021-08-18,77.23999786376953,77.37999725341797,76.26000213623047,76.5999984741211,1710200.0
2021-08-19,76.76000213623047,77.56999969482422,76.55999755859375,76.69000244140625,1558600.0
2021-08-20,76.5199966430664,77.25,76.06999969482422,76.94999694824219,1834000.0
2021-08-23,76.94999694824219,76.94999694824219,75.62000274658203,75.79000091552734,1655700.0
2021-08-24,75.72000122070312,75.75,74.7300033569336,75.0199966430664,1575400.0
2021-08-25,74.94999694824219,75.52999877929688,74.47000122070312,75.2699966430664,1674300.0
2021-08-26,75.0,75.36000061035156,74.66000366210938,75.22000122070312,1592600.0
2021-08-27,75.33999633789062,75.69000244140625,75.08999633789062,75.63999938964844,1547700.0
2021-08-30,75.72000122070312,76.02999877929688,75.5,75.69999694824219,1938000.0
2021-08-31,75.66000366210938,76.11000061035156,75.23999786376953,75.44999694824219,3234400.0
2021-09-01,75.51000213623047,76.6500015258789,75.45999908447266,76.44000244140625,2834200.0
2021-09-02,76.66000366210938,77.12999725341797,76.62000274658203,77.12999725341797,1483300.0
2021-09-03,77.12999725341797,77.19000244140625,76.27999877929688,76.30000305175781,1948000.0
2021-09-07,76.33000183105469,76.45999908447266,74.81999969482422,74.87999725341797,1828800.0
2021-09-08,74.95999908447266,77.05000305175781,74.7699966430664,76.91999816894531,2427400.0
2021-09-09,76.80000305175781,76.94000244140625,76.30000305175781,76.37999725341797,1925700.0
2021-09-10,76.08000183105469,76.2699966430664,74.66000366210938,74.69000244140625,2146200.0
2021-09-13,75.3499984741211,75.7300033569336,74.19999694824219,74.41000366210938,2416200.0
2021-09-14,74.69000244140625,74.87000274658203,73.94999694824219,74.19000244140625,2048400.0
2021-09-15,73.9800033569336,74.87999725341797,73.8499984741211,73.98999786376953,2766000.0
2021-09-16,74.08000183105469,74.48999786376953,73.58999633789062,73.66000366210938,1979900.0
2021-09-17,73.11000061035156,73.94000244140625,72.93000030517578,73.06999969482422,7274000.0
2021-09-20,73.08999633789062,74.37000274658203,72.80999755859375,73.30999755859375,2743200.0
2021-09-21,73.25,74.01000213623047,72.95999908447266,73.05000305175781,1570500.0
2021-09-22,73.25,73.69999694824219,72.66999816894531,73.25,1865800.0
2021-09-23,73.19999694824219,73.88999938964844,72.98999786376953,73.11000061035156,1606400.0
2021-09-24,72.97000122070312,73.69999694824219,72.91000366210938,73.0,1734600.0
2021-09-27,73.29000091552734,74.16999816894531,72.47000122070312,72.52999877929688,1871300.0
2021-09-28,72.7300033569336,72.9000015258789,71.86000061035156,72.16000366210938,2258800.0
2021-09-29,72.08000183105469,74.02999877929688,72.08000183105469,73.44999694824219,1499300.0
2021-09-30,73.37999725341797,73.66999816894531,72.58999633789062,72.58999633789062,2752100.0
2021-10-01,73.29000091552734,73.29000091552734,71.54000091552734,71.5999984741211,2237400.0
2021-10-04,71.55000305175781,73.4800033569336,71.5199966430664,73.22000122070312,2150500.0
2021-10-05,73.30000305175781,73.48999786376953,72.70999908447266,73.04000091552734,2160500.0
2021-10-06,72.91999816894531,74.66000366210938,72.69999694824219,74.61000061035156,2696000.0
2021-10-07,74.69999694824219,75.30000305175781,74.22000122070312,74.37999725341797,1624600.0
2021-10-08,74.22000122070312,74.31999969482422,73.41000366210938,73.47000122070312,1788500.0
2021-10-11,75.68000030517578,76.55000305175781,73.91000366210938,73.91999816894531,7765700.0
2021-10-12,73.94000244140625,76.08999633789062,73.75,75.69000244140625,4354400.0
2021-10-13,75.58000183105469,76.37999725341797,75.4000015258789,76.05000305175781,3608800.0
2021-10-14,76.01000213623047,76.41000366210938,75.58999633789062,75.66999816894531,3854100.0
2021-10-15,75.5999984741211,75.75,74.2699966430664,74.47000122070312,16582100.0
2021-10-18,72.98999786376953,73.31999969482422,72.05000305175781,72.88999938964844,6172200.0
2021-10-19,73.3499984741211,73.76000213623047,72.88999938964844,73.7300033569336,1986600.0
2021-10-20,74.0,75.61000061035156,73.83999633789062,75.51000213623047,2198600.0
2021-10-21,75.62999725341797,75.83000183105469,75.05000305175781,75.44000244140625,1519600.0
2021-10-22,75.7300033569336,76.33000183105469,75.62000274658203,76.08999633789062,1248900.0
2021-10-25,75.9000015258789,76.27999877929688,75.5,75.87999725341797,1637500.0
2021-10-26,75.87999725341797,76.79000091552734,75.75,76.27999877929688,1625200.0
2021-10-27,76.62999725341797,76.62999725341797,75.72000122070312,75.98999786376953,1581700.0
2021-10-28,76.12000274658203,76.51000213623047,75.83999633789062,76.29000091552734,1320000.0
2021-10-29,76.29000091552734,76.58999633789062,75.16999816894531,75.4000015258789,2475800.0
2021-11-01,75.4000015258789,76.66999816894531,75.12999725341797,76.11000061035156,1659800.0
2021-11-02,76.19000244140625,76.69999694824219,75.4000015258789,76.44000244140625,1976500.0
2021-11-03,76.16000366210938,77.22000122070312,75.94000244140625,76.9800033569336,2173500.0
2021-11-04,76.87000274658203,77.30000305175781,75.5199966430664,76.27999877929688,2128100.0
2021-11-05,77.29000091552734,78.79000091552734,77.29000091552734,78.20999908447266,3651700.0
2021-11-08,78.0,78.05000305175781,76.75,77.05000305175781,2418800.0
2021-11-09,77.30000305175781,78.0199966430664,77.22000122070312,77.83000183105469,1688300.0
2021-11-10,78.0,78.63999938964844,77.29000091552734,77.95999908447266,2345300.0
2021-11-11,77.68000030517578,77.87999725341797,76.98999786376953,77.58000183105469,1566800.0
2021-11-12,77.61000061035156,77.61000061035156,77.0199966430664,77.1500015258789,3386200.0
2021-11-15,77.69999694824219,78.80999755859375,77.44999694824219,78.7699966430664,1880400.0
2021-11-16,78.08000183105469,78.47000122070312,77.5,77.5199966430664,1560000.0
2021-11-17,77.37999725341797,77.6500015258789,76.8499984741211,77.5,1603500.0
2021-11-18,77.30000305175781,77.7699966430664,76.41999816894531,77.66000366210938,1739900.0
2021-11-19,77.73999786376953,78.43000030517578,77.66000366210938,78.02999877929688,1841000.0
2021-11-22,77.91000366210938,79.37000274658203,77.5999984741211,78.56999969482422,1899300.0
2021-11-23,78.68000030517578,79.58999633789062,78.55000305175781,79.16999816894531,1552300.0
2021-11-24,79.3499984741211,79.55999755859375,78.83999633789062,79.22000122070312,1295500.0
2021-11-26,78.83999633789062,79.88999938964844,78.62000274658203,78.66999816894531,1337400.0
2021-11-29,79.02999877929688,80.5,78.62000274658203,80.3499984741211,3064700.0
2021-11-30,79.6500015258789,79.91999816894531,77.63999938964844,77.63999938964844,5229000.0
2021-12-01,78.0,79.56999969482422,77.5,77.94000244140625,1775200.0
2021-12-02,78.33999633789062,79.37999725341797,78.16999816894531,78.69000244140625,1830200.0
2021-12-03,79.05000305175781,80.55999755859375,78.70999908447266,80.52999877929688,2618700.0
2021-12-06,81.0,82.04000091552734,80.83000183105469,81.3499984741211,2842800.0
2021-12-07,81.05999755859375,81.70999908447266,80.7300033569336,81.55999755859375,2061700.0
2021-12-08,81.73999786376953,82.22000122070312,81.04000091552734,81.52999877929688,1439400.0
2021-12-09,81.69000244140625,81.94000244140625,80.44999694824219,81.68000030517578,4671600.0
2021-12-10,81.91999816894531,82.79000091552734,81.55999755859375,82.61000061035156,1526200.0
2021-12-13,82.5199966430664,83.9800033569336,82.4000015258789,83.47000122070312,3965300.0
2021-12-14,83.58999633789062,83.94000244140625,82.91000366210938,83.16999816894531,1532200.0
2021-12-15,83.2300033569336,84.6500015258789,83.11000061035156,84.5199966430664,2603500.0
2021-12-16,84.25,85.22000122070312,83.62000274658203,84.69000244140625,1932100.0
2021-12-17,84.76000213623047,85.12999725341797,83.6500015258789,83.81999969482422,4627100.0
2021-12-20,83.2300033569336,84.25,82.66000366210938,84.04000091552734,1592400.0
2021-12-21,84.45999908447266,84.62999725341797,83.05000305175781,83.37000274658203,1368200.0
2021-12-22,83.3499984741211,83.94000244140625,83.13999938964844,83.8499984741211,4738800.0
2021-12-23,84.08999633789062,84.33999633789062,83.63999938964844,83.7699966430664,1313500.0
2021-12-27,83.55000305175781,83.93000030517578,83.30999755859375,83.7300033569336,974200.0
2021-12-28,83.7300033569336,84.41000366210938,83.61000061035156,84.4000015258789,786600.0
2021-12-29,84.56999969482422,85.18000030517578,84.2699966430664,85.0999984741211,1343300.0
2021-12-30,85.22000122070312,85.38999938964844,84.66000366210938,85.18000030517578,1396500.0
2021-12-31,85.04000091552734,85.5999984741211,84.66999816894531,85.31999969482422,1048000.0
2022-01-03,85.3499984741211,85.43000030517578,84.0199966430664,85.12999725341797,1450500.0
2022-01-04,84.86000061035156,85.91999816894531,84.69000244140625,84.97000122070312,2844600.0
2022-01-05,85.0,86.25,84.95999908447266,85.55000305175781,3592300.0
2022-01-06,86.05000305175781,86.13999938964844,84.91000366210938,85.37000274658203,3841800.0
2022-01-07,85.0199966430664,86.06999969482422,84.5,85.66999816894531,3727400.0
2022-01-10,85.75,86.18000030517578,84.48999786376953,84.77999877929688,3870600.0
2022-01-11,84.75,85.08999633789062,82.0999984741211,83.06999969482422,2965500.0
2022-01-12,82.66000366210938,83.26000213623047,82.33000183105469,83.19000244140625,2147400.0
2022-01-13,83.13999938964844,84.26000213623047,82.83999633789062,83.94000244140625,1584700.0
2022-01-14,84.0,84.2300033569336,82.93000030517578,83.5199966430664,2202900.0
2022-01-18,82.80999755859375,82.94000244140625,81.3499984741211,81.98999786376953,3263300.0
2022-01-19,82.0999984741211,82.9800033569336,81.5999984741211,82.1500015258789,1976400.0
2022-01-20,81.87999725341797,82.80000305175781,81.43000030517578,82.04000091552734,2727100.0
2022-01-21,82.63999938964844,83.72000122070312,82.27999877929688,82.66000366210938,4222100.0
2022-01-24,82.5,83.33999633789062,80.11000061035156,81.98999786376953,3852200.0
2022-01-25,81.33999633789062,82.70999908447266,81.30000305175781,81.80999755859375,3044400.0
2022-01-26,81.80999755859375,82.44999694824219,80.77999877929688,81.37999725341797,4293100.0
2022-01-27,82.1500015258789,83.43000030517578,81.9000015258789,82.76000213623047,2890800.0
2022-01-28,82.76000213623047,84.73999786376953,82.19999694824219,84.62999725341797,2515600.0
2022-01-31,85.0,86.55000305175781,84.41999816894531,86.44999694824219,5553800.0
2022-02-01,86.7699966430664,87.19999694824219,85.12999725341797,86.05000305175781,2343300.0
2022-02-02,85.70999908447266,87.23999786376953,85.52999877929688,87.1500015258789,1798400.0
2022-02-03,86.9800033569336,87.66999816894531,86.6500015258789,86.98999786376953,1382700.0
2022-02-04,86.20999908447266,86.9800033569336,85.2699966430664,86.08999633789062,2578800.0
2022-02-07,86.20999908447266,86.91000366210938,85.38999938964844,86.5999984741211,1759000.0
2022-02-08,86.8499984741211,87.11000061035156,86.19000244140625,86.41999816894531,1602400.0
2022-02-09,86.87000274658203,87.18000030517578,86.19999694824219,86.37999725341797,1461700.0
2022-02-10,85.6500015258789,85.93000030517578,83.83000183105469,84.02999877929688,1592100.0
2022-02-11,84.22000122070312,84.94000244140625,83.75,84.26000213623047,1671200.0
2022-02-14,84.37000274658203,84.70999908447266,82.11000061035156,83.0199966430664,1902600.0
2022-02-15,82.62000274658203,82.88999938964844,80.91999816894531,81.36000061035156,1268700.0
2022-02-16,81.25,81.56999969482422,80.11000061035156,81.08000183105469,2466800.0
2022-02-17,81.2699966430664,81.88999938964844,80.41000366210938,81.44999694824219,1939000.0
2022-02-18,81.19000244140625,84.80000305175781,81.12000274658203,84.61000061035156,3880200.0
2022-02-22,84.72000122070312,85.29000091552734,83.29000091552734,84.75,2382100.0
2022-02-23,85.01000213623047,85.43000030517578,84.27999877929688,84.4000015258789,2387200.0
2022-02-24,83.94999694824219,84.4000015258789,81.54000091552734,83.30999755859375,2479300.0
2022-02-25,84.27999877929688,86.33000183105469,84.0,85.94000244140625,1883800.0
2022-02-28,85.08999633789062,86.12999725341797,84.9000015258789,85.7699966430664,2439400.0
2022-03-01,86.23999786376953,87.13999938964844,84.30999755859375,85.37999725341797,2122200.0
2022-03-02,85.51000213623047,87.58000183105469,85.51000213623047,86.91000366210938,1728700.0
2022-03-03,87.0,88.41000366210938,86.97000122070312,88.29000091552734,1700500.0
2022-03-04,88.0,89.9000015258789,87.83999633789062,89.87999725341797,1754300.0
2022-03-07,89.91999816894531,90.27999877929688,88.68000030517578,90.13999938964844,1809100.0
2022-03-08,90.44999694824219,90.9800033569336,88.73999786376953,88.75,1546000.0
2022-03-09,89.52999877929688,89.83000183105469,88.16000366210938,88.37999725341797,1524200.0
2022-03-10,88.05000305175781,89.69999694824219,88.0199966430664,89.47000122070312,1353200.0
2022-03-11,89.30999755859375,90.62000274658203,89.16000366210938,89.33999633789062,1405900.0
2022-03-14,90.04000091552734,90.37999725341797,88.80000305175781,89.5199966430664,1443400.0
2022-03-15,90.43000030517578,90.80999755859375,89.75,90.4000015258789,1545200.0
2022-03-16,90.13999938964844,90.33999633789062,88.43000030517578,89.63999938964844,1651600.0
2022-03-17,89.7699966430664,90.54000091552734,89.08000183105469,90.01000213623047,1913800.0
2022-03-18,89.94999694824219,90.0,88.0999984741211,88.69999694824219,3430900.0
2022-03-21,89.19999694824219,90.4000015258789,89.1500015258789,89.56999969482422,1247600.0
2022-03-22,89.83000183105469,89.87000274658203,88.44999694824219,89.29000091552734,1441400.0
2022-03-23,89.51000213623047,90.5199966430664,88.6500015258789,89.94000244140625,1265100.0
2022-03-24,90.45999908447266,91.43000030517578,89.83999633789062,91.41000366210938,1462800.0
2022-03-25,91.68000030517578,92.94999694824219,91.5,92.68000030517578,1565300.0
2022-03-28,92.83000183105469,93.12999725341797,91.75,93.05000305175781,1185100.0
2022-03-29,93.08999633789062,93.69000244140625,92.51000213623047,93.5199966430664,1284100.0
2022-03-30,93.6500015258789,94.75,93.20999908447266,94.7300033569336,1352300.0
2022-03-31,94.68000030517578,95.73999786376953,94.44000244140625,94.68000030517578,2073600.0
2022-04-01,94.36000061035156,96.11000061035156,93.5999984741211,96.11000061035156,1906700.0
2022-04-04,95.72000122070312,95.72000122070312,93.98999786376953,95.44999694824219,1893300.0
2022-04-05,95.5,97.0,95.5,96.1500015258789,1545500.0
2022-04-06,96.58999633789062,98.54000091552734,96.08999633789062,98.4000015258789,1835000.0
2022-04-07,98.4000015258789,98.6500015258789,97.12000274658203,97.55999755859375,1956000.0
2022-04-08,98.0,98.19000244140625,96.5199966430664,97.91000366210938,1546100.0
2022-04-11,97.12999725341797,97.8499984741211,96.20999908447266,96.5999984741211,1861200.0
2022-04-12,96.08999633789062,97.9800033569336,95.69999694824219,97.80000305175781,2667200.0
2022-04-13,98.0,98.08999633789062,97.05999755859375,97.9000015258789,1792900.0
2022-04-14,98.26000213623047,98.58999633789062,97.7300033569336,98.02999877929688,1272500.0
2022-04-18,98.4000015258789,98.61000061035156,96.54000091552734,96.94000244140625,1003300.0
2022-04-19,97.41000366210938,98.23999786376953,97.08000183105469,98.01000213623047,1132800.0
2022-04-20,98.6500015258789,99.22000122070312,98.37999725341797,98.41000366210938,1344100.0
2022-04-21,98.12000274658203,99.12999725341797,97.66999816894531,98.19000244140625,1913500.0
2022-04-22,98.0,98.13999938964844,96.33000183105469,96.48999786376953,2026900.0
2022-04-25,97.01000213623047,97.01000213623047,94.12999725341797,96.05000305175781,1666300.0
2022-04-26,95.93000030517578,97.31999969482422,95.12999725341797,95.16000366210938,1436100.0
2022-04-27,95.26000213623047,96.29000091552734,94.19999694824219,94.7300033569336,1431700.0
2022-04-28,95.05000305175781,95.94999694824219,94.44999694824219,95.44000244140625,1096800.0
2022-04-29,95.04000091552734,95.11000061035156,92.62000274658203,92.73999786376953,3999900.0
2022-05-02,93.61000061035156,93.9000015258789,90.94999694824219,92.01000213623047,1721900.0
2022-05-03,92.12000274658203,94.23999786376953,92.08000183105469,92.27999877929688,1518600.0
2022-05-04,92.88999938964844,93.63999938964844,92.3499984741211,93.5,1859800.0
2022-05-05,93.16999816894531,93.91999816894531,92.18000030517578,92.66000366210938,1606100.0
2022-05-06,91.5999984741211,94.47000122070312,91.0,93.9800033569336,1747200.0
2022-05-09,93.38999938964844,95.47000122070312,92.20999908447266,94.37999725341797,2088900.0
2022-05-10,94.47000122070312,96.0199966430664,91.98999786376953,92.6500015258789,2107400.0
2022-05-11,93.02999877929688,95.5999984741211,92.72000122070312,94.27999877929688,1662400.0
2022-05-12,94.33999633789062,94.93000030517578,92.94999694824219,94.3499984741211,2167500.0
2022-05-13,95.01000213623047,95.47000122070312,93.75,95.4000015258789,1735600.0
2022-05-16,95.69999694824219,96.12999725341797,94.86000061035156,95.04000091552734,1639500.0
2022-05-17,94.88999938964844,95.66999816894531,93.05999755859375,95.5,1589500.0
2022-05-18,95.8499984741211,96.4000015258789,95.0199966430664,95.22000122070312,2151000.0
2022-05-19,94.97000122070312,94.98999786376953,93.33000183105469,94.81999969482422,1991600.0
2022-05-20,95.05000305175781,96.02999877929688,94.37999725341797,95.80999755859375,2400400.0
2022-05-23,97.44999694824219,98.83999633789062,96.5,97.68000030517578,2778300.0
2022-05-24,97.79000091552734,100.4800033569336,97.1500015258789,100.38999938964844,1853100.0
2022-05-25,100.38999938964844,100.76000213623047,99.70999908447266,100.31999969482422,1877800.0
2022-05-26,100.9000015258789,101.12000274658203,99.76000213623047,99.87000274658203,1480100.0
2022-05-27,99.3499984741211,100.66999816894531,99.25,100.58000183105469,1321800.0
2022-05-31,99.77999877929688,100.36000061035156,98.83000183105469,99.26000213623047,3889500.0
2022-06-01,99.33000183105469,99.4000015258789,97.4800033569336,98.62999725341797,1970800.0
2022-06-02,98.94999694824219,98.98999786376953,96.77999877929688,98.58000183105469,1487700.0
2022-06-03,98.43000030517578,98.69000244140625,97.80000305175781,97.91000366210938,1093800.0
2022-06-06,98.4000015258789,99.23999786376953,97.66999816894531,98.0999984741211,983900.0
2022-06-07,97.80999755859375,98.62999725341797,96.80000305175781,98.4800033569336,1810900.0
2022-06-08,98.0999984741211,98.26000213623047,96.83999633789062,97.04000091552734,1054800.0
2022-06-09,97.0199966430664,97.30999755859375,94.4000015258789,94.51000213623047,1270700.0
2022-06-10,93.56999969482422,95.87999725341797,93.0199966430664,95.1500015258789,1946400.0
2022-06-13,94.23999786376953,94.80000305175781,90.63999938964844,91.1500015258789,2157400.0
2022-06-14,91.23999786376953,91.68000030517578,87.58000183105469,88.77999877929688,1922300.0
2022-06-15,89.30000305175781,89.83999633789062,87.18000030517578,88.25,1924800.0
2022-06-16,87.43000030517578,89.45999908447266,86.26000213623047,87.66999816894531,2640700.0
2022-06-17,87.91999816894531,88.27999877929688,86.08999633789062,86.87999725341797,4185900.0
2022-06-21,86.87999725341797,88.5,86.6500015258789,88.20999908447266,2130800.0
2022-06-22,87.80999755859375,89.58000183105469,87.7300033569336,88.9000015258789,1732700.0
2022-06-23,89.08000183105469,91.63999938964844,89.0199966430664,91.30999755859375,1800900.0
2022-06-24,91.63999938964844,93.18000030517578,91.37000274658203,92.93000030517578,1667000.0
2022-06-27,92.58999633789062,94.0199966430664,92.25,93.55999755859375,1350600.0
2022-06-28,93.9800033569336,94.7699966430664,93.81999969482422,94.12000274658203,1575100.0
2022-06-29,94.2300033569336,95.11000061035156,94.2300033569336,94.72000122070312,1257200.0
2022-06-30,94.29000091552734,96.12999725341797,94.12000274658203,95.0999984741211,2282100.0
2022-07-01,95.55999755859375,97.51000213623047,94.80999755859375,97.23999786376953,2030200.0
2022-07-05,97.19999694824219,97.30000305175781,90.86000061035156,92.69000244140625,2973300.0
2022-07-06,93.0199966430664,94.25,92.19000244140625,93.0999984741211,1835500.0
2022-07-07,93.12000274658203,93.7300033569336,92.02999877929688,92.30000305175781,1581000.0
2022-07-08,92.69000244140625,92.83000183105469,91.72000122070312,91.97000122070312,1375300.0
2022-07-11,91.48999786376953,93.01000213623047,91.44999694824219,92.93000030517578,1602300.0
2022-07-12,92.54000091552734,93.91999816894531,92.2699966430664,92.81999969482422,1507600.0
2022-07-13,92.18000030517578,93.3499984741211,91.7699966430664,92.52999877929688,1230100.0
2022-07-14,90.83999633789062,93.05999755859375,90.70999908447266,92.83999633789062,1184700.0
2022-07-15,93.5999984741211,93.61000061035156,92.20999908447266,93.4000015258789,2464000.0
2022-07-18,93.0,93.31999969482422,91.55000305175781,91.62999725341797,1403900.0
2022-07-19,92.0199966430664,92.79000091552734,91.68000030517578,92.22000122070312,1047400.0
2022-07-20,92.12999725341797,92.13999938964844,90.58999633789062,90.63999938964844,1427900.0
2022-07-21,90.41000366210938,90.94000244140625,89.79000091552734,90.81999969482422,1302100.0
2022-07-22,91.29000091552734,92.4800033569336,90.86000061035156,92.44000244140625,1098100.0
2022-07-25,92.12000274658203,94.1500015258789,91.94999694824219,94.08999633789062,1159100.0
2022-07-26,93.97000122070312,95.37000274658203,93.91000366210938,95.36000061035156,1484300.0
2022-07-27,95.0,95.87999725341797,94.56999969482422,95.69000244140625,1457800.0
2022-07-28,96.52999877929688,98.62999725341797,96.29000091552734,98.4800033569336,1455700.0
2022-07-29,98.38999938964844,99.76000213623047,98.37000274658203,99.2699966430664,3687100.0
2022-08-01,99.02999877929688,99.48999786376953,97.56999969482422,98.33000183105469,3332900.0
2022-08-02,99.04000091552734,99.18000030517578,97.86000061035156,98.05000305175781,1662200.0
2022-08-03,97.55000305175781,98.29000091552734,95.83000183105469,98.0999984741211,1833700.0
2022-08-04,98.2699966430664,98.75,97.38999938964844,97.43000030517578,1820400.0
2022-08-05,97.3499984741211,97.68000030517578,95.41999816894531,97.19000244140625,1669100.0
2022-08-08,97.75,99.0999984741211,97.69999694824219,98.5,1200400.0
2022-08-09,99.08999633789062,99.5199966430664,98.68000030517578,98.91000366210938,964100.0
2022-08-10,99.2300033569336,99.41000366210938,98.05000305175781,98.98999786376953,989800.0
2022-08-11,98.88999938964844,99.72000122070312,98.37000274658203,98.4800033569336,1199800.0
2022-08-12,98.95999908447266,99.58000183105469,98.68000030517578,99.11000061035156,1955100.0
2022-08-15,99.20999908447266,100.4000015258789,98.88999938964844,100.29000091552734,1055600.0
2022-08-16,99.41999816894531,100.38999938964844,99.16999816894531,100.0199966430664,1155400.0
2022-08-17,99.63999938964844,100.86000061035156,99.58999633789062,100.58000183105469,1002000.0
2022-08-18,100.79000091552734,101.30999755859375,100.5,100.93000030517578,950800.0
2022-08-19,101.2300033569336,101.56999969482422,100.30999755859375,100.55000305175781,1179200.0
2022-08-22,100.25,100.5999984741211,99.19999694824219,99.41000366210938,1597900.0
2022-08-23,99.56999969482422,99.75,98.33999633789062,98.76000213623047,930300.0
2022-08-24,98.55999755859375,98.95999908447266,97.94000244140625,98.87999725341797,1007900.0
2022-08-25,98.88999938964844,99.55000305175781,98.2300033569336,99.45999908447266,1109700.0
2022-08-26,99.45999908447266,99.69999694824219,98.33000183105469,98.52999877929688,1098600.0
2022-08-29,98.19000244140625,99.80999755859375,97.44000244140625,99.20999908447266,1017900.0
2022-08-30,99.05000305175781,99.45999908447266,97.91000366210938,98.30000305175781,1185400.0
2022-08-31,98.36000061035156,99.36000061035156,97.7300033569336,97.73999786376953,1962800.0
2022-09-01,97.77999877929688,99.62000274658203,97.58000183105469,99.44000244140625,1234700.0
2022-09-02,99.83999633789062,100.5999984741211,98.19999694824219,98.4800033569336,1178300.0
2022-09-06,98.58000183105469,99.29000091552734,97.5,97.75,1264300.0
2022-09-07,98.31999969482422,101.44999694824219,98.2300033569336,101.2300033569336,1685700.0
2022-09-08,101.0,101.5,100.27999877929688,100.66000366210938,1252600.0
2022-09-09,101.22000122070312,101.47000122070312,99.9800033569336,100.8499984741211,1146400.0
2022-09-12,100.97000122070312,102.20999908447266,100.58999633789062,101.91999816894531,1387800.0
2022-09-13,101.12000274658203,101.38999938964844,98.33000183105469,98.81999969482422,1562600.0
2022-09-14,98.77999877929688,100.76000213623047,98.75,99.97000122070312,1476700.0
2022-09-15,99.58999633789062,99.58999633789062,97.30999755859375,97.63999938964844,1302100.0
2022-09-16,97.87999725341797,98.37000274658203,97.23999786376953,97.41000366210938,2872200.0
2022-09-19,97.1500015258789,98.5199966430664,96.6500015258789,98.47000122070312,951800.0
2022-09-20,97.83000183105469,97.83999633789062,96.4800033569336,97.37000274658203,865800.0
2022-09-21,97.98999786376953,99.06999969482422,96.19999694824219,96.23999786376953,955700.0
2022-09-22,96.0199966430664,96.93000030517578,95.2300033569336,96.41999816894531,871700.0
2022-09-23,95.45999908447266,96.06999969482422,94.2699966430664,95.47000122070312,1206300.0
2022-09-26,95.11000061035156,95.27999877929688,92.27999877929688,93.16999816894531,1652500.0
2022-09-27,93.55999755859375,93.81999969482422,90.61000061035156,90.7699966430664,2319300.0
2022-09-28,91.87999725341797,91.87999725341797,90.27999877929688,90.81999969482422,2224400.0
2022-09-29,90.41000366210938,90.55999755859375,87.19999694824219,87.66000366210938,2057800.0
2022-09-30,88.1500015258789,88.54000091552734,85.44999694824219,85.76000213623047,3118300.0
2022-10-03,87.26000213623047,89.41999816894531,86.91999816894531,87.66000366210938,2289700.0
2022-10-04,87.7699966430664,89.19999694824219,87.19000244140625,89.11000061035156,1768000.0
2022-10-05,88.0199966430664,88.05000305175781,85.52999877929688,86.30000305175781,1808900.0
2022-10-06,85.91999816894531,86.16999816894531,83.7699966430664,84.0,1887200.0
2022-10-07,84.13999938964844,84.29000091552734,81.18000030517578,81.58000183105469,1855600.0
2022-10-10,81.58000183105469,82.62000274658203,81.29000091552734,81.48999786376953,1458400.0
2022-10-11,81.4800033569336,82.43000030517578,81.05000305175781,81.5999984741211,1955900.0
2022-10-12,81.22000122070312,81.4000015258789,79.41000366210938,79.47000122070312,1999200.0
2022-10-13,78.76000213623047,82.38999938964844,78.0999984741211,82.1500015258789,1949000.0
2022-10-14,83.25,83.26000213623047,81.2699966430664,81.91000366210938,3156300.0
2022-10-17,83.02999877929688,84.48999786376953,82.81999969482422,83.0199966430664,1668000.0
2022-10-18,84.06999969482422,85.08000183105469,83.81999969482422,85.0,1647600.0
2022-10-19,83.97000122070312,84.79000091552734,83.30000305175781,84.54000091552734,1455900.0
2022-10-20,84.3499984741211,84.45999908447266,83.0199966430664,83.41999816894531,2384500.0
2022-10-21,83.7699966430664,85.41000366210938,82.70999908447266,84.87000274658203,2417700.0
2022-10-24,85.47000122070312,86.12000274658203,84.33999633789062,84.69000244140625,1595900.0
2022-10-25,84.72000122070312,86.11000061035156,84.5199966430664,85.8499984741211,1535400.0
2022-10-26,86.37999725341797,86.87999725341797,85.48999786376953,85.73999786376953,1941100.0
2022-10-27,86.3499984741211,87.5999984741211,86.05000305175781,86.41999816894531,1586700.0
2022-10-28,86.76000213623047,88.48999786376953,86.76000213623047,88.44999694824219,1605200.0
2022-10-31,88.44999694824219,88.91000366210938,87.62999725341797,87.95999908447266,2381400.0
2022-11-01,88.0199966430664,88.33000183105469,86.95999908447266,88.0199966430664,1261700.0
2022-11-02,87.86000061035156,90.0,87.80999755859375,88.20999908447266,1689200.0
2022-11-03,87.81999969482422,89.33999633789062,86.94999694824219,88.7300033569336,1583300.0
2022-11-04,88.52999877929688,90.12999725341797,87.70999908447266,90.04000091552734,1969700.0
2022-11-07,89.94999694824219,90.02999877929688,86.98999786376953,87.6500015258789,1600100.0
2022-11-08,88.1500015258789,89.12999725341797,87.76000213623047,88.29000091552734,1277100.0
2022-11-09,88.2699966430664,89.0999984741211,87.43000030517578,87.66999816894531,1624000.0
2022-11-10,89.79000091552734,91.16999816894531,88.47000122070312,90.94999694824219,1711900.0
2022-11-11,90.81999969482422,91.01000213623047,88.1500015258789,89.12000274658203,2556800.0
2022-11-14,89.41999816894531,91.02999877929688,89.33000183105469,89.33000183105469,1845500.0
2022-11-15,88.98999786376953,89.93000030517578,88.83000183105469,89.69999694824219,2197200.0
2022-11-16,90.0,92.52999877929688,90.0,91.33999633789062,3049300.0
2022-11-17,90.58999633789062,91.23999786376953,90.13999938964844,90.80999755859375,1752100.0
2022-11-18,91.66000366210938,93.56999969482422,91.66000366210938,93.52999877929688,1959800.0
2022-11-21,93.7300033569336,94.80000305175781,93.52999877929688,94.1500015258789,1172000.0
2022-11-22,94.5199966430664,95.80999755859375,94.33999633789062,95.22000122070312,2231600.0
2022-11-23,95.05999755859375,96.83999633789062,94.75,96.66999816894531,1957900.0
2022-11-25,97.02999877929688,97.63999938964844,96.66999816894531,97.5,830000.0
2022-11-28,97.01000213623047,97.5,95.91999816894531,96.54000091552734,1596900.0
2022-11-29,96.11000061035156,96.38999938964844,95.41999816894531,96.30000305175781,1342000.0
2022-11-30,96.19000244140625,98.52999877929688,95.77999877929688,98.04000091552734,4302700.0
2022-12-01,98.5999984741211,99.58999633789062,97.61000061035156,97.8499984741211,1850400.0
2022-12-02,97.26000213623047,97.70999908447266,96.69999694824219,97.3499984741211,1719700.0
2022-12-05,96.52999877929688,97.6500015258789,96.4000015258789,97.37000274658203,1521600.0
2022-12-06,97.44000244140625,97.98999786376953,96.55999755859375,97.55999755859375,1600900.0
2022-12-07,97.33999633789062,98.38999938964844,96.41000366210938,96.58999633789062,1368300.0
2022-12-08,96.51000213623047,97.63999938964844,96.30999755859375,97.58999633789062,1005900.0
2022-12-09,97.01000213623047,97.61000061035156,96.44000244140625,96.52999877929688,1485400.0
2022-12-12,97.18000030517578,98.36000061035156,96.55000305175781,98.3499984741211,1225500.0
2022-12-13,99.48999786376953,99.77999877929688,97.43000030517578,98.51000213623047,1396300.0
2022-12-14,98.52999877929688,99.97000122070312,97.75,98.44000244140625,1983800.0
2022-12-15,97.91000366210938,98.44999694824219,96.55999755859375,96.9800033569336,1865500.0
2022-12-16,96.0199966430664,96.66000366210938,94.23999786376953,95.16999816894531,3946600.0
2022-12-19,95.11000061035156,96.33000183105469,94.37000274658203,94.8499984741211,1348000.0
2022-12-20,94.83000183105469,95.5199966430664,94.06999969482422,94.58999633789062,1846800.0
2022-12-21,95.0,95.73999786376953,94.6500015258789,95.72000122070312,1521000.0
2022-12-22,95.62999725341797,95.62999725341797,93.7699966430664,95.16000366210938,1049900.0
2022-12-23,95.08000183105469,96.01000213623047,95.08000183105469,95.8499984741211,1278500.0
2022-12-27,96.04000091552734,96.83999633789062,95.77999877929688,96.55000305175781,1352000.0
2022-12-28,96.80999755859375,97.0199966430664,95.81999969482422,95.97000122070312,1318200.0
2022-12-29,96.4800033569336,97.26000213623047,96.12000274658203,96.48999786376953,1193800.0
2022-12-30,96.62000274658203,96.75,94.55000305175781,95.30999755859375,1224400.0
2023-01-03,95.45999908447266,96.37000274658203,93.93000030517578,95.76000213623047,2098400.0
2023-01-04,96.23999786376953,97.44000244140625,95.94000244140625,96.58999633789062,1878500.0
2023-01-05,95.88999938964844,96.37999725341797,94.43000030517578,95.29000091552734,1891600.0
2023-01-06,96.2699966430664,98.06999969482422,96.0199966430664,97.83000183105469,1414500.0
2023-01-09,96.80999755859375,98.6500015258789,96.29000091552734,97.72000122070312,1471300.0
2023-01-10,97.98999786376953,98.30000305175781,97.06999969482422,98.08999633789062,1259900.0
2023-01-11,98.13999938964844,99.05999755859375,98.06999969482422,98.61000061035156,1612100.0
2023-01-12,98.79000091552734,98.94000244140625,97.4000015258789,97.52999877929688,1236900.0
2023-01-13,96.94000244140625,96.9800033569336,96.0999984741211,96.48999786376953,1236300.0
2023-01-17,96.56999969482422,96.87000274658203,95.29000091552734,95.48999786376953,2496000.0
2023-01-18,95.66000366210938,95.94999694824219,93.05999755859375,93.33999633789062,1808400.0
2023-01-19,93.4000015258789,93.48999786376953,92.16999816894531,92.4800033569336,1416900.0
2023-01-20,92.55999755859375,93.83999633789062,91.4000015258789,93.79000091552734,2507500.0
2023-01-23,93.62999725341797,94.61000061035156,92.94999694824219,93.55000305175781,1440500.0
2023-01-24,93.5,94.38999938964844,92.7300033569336,94.05000305175781,1176200.0
2023-01-25,93.47000122070312,94.47000122070312,92.9000015258789,94.44999694824219,1190000.0
2023-01-26,94.22000122070312,94.91000366210938,93.83999633789062,94.87999725341797,1276100.0
2023-01-27,94.79000091552734,95.37000274658203,94.2300033569336,94.91000366210938,952300.0
2023-01-30,94.91000366210938,96.0,94.7300033569336,95.05000305175781,1161700.0
2023-01-31,95.30999755859375,95.4800033569336,93.94000244140625,95.30999755859375,3663500.0
2023-02-01,94.9000015258789,96.0,94.51000213623047,95.44999694824219,1557600.0
2023-02-02,95.30999755859375,96.16000366210938,94.5,95.16000366210938,1625600.0
2023-02-03,94.9000015258789,94.97000122070312,91.88999938964844,92.93000030517578,1741800.0
2023-02-06,92.66000366210938,93.66000366210938,92.36000061035156,93.55000305175781,1370400.0
2023-02-07,93.01000213623047,93.4800033569336,92.4000015258789,93.25,1388600.0
2023-02-08,92.91000366210938,92.93000030517578,91.08999633789062,91.7699966430664,1407700.0
2023-02-09,91.97000122070312,92.33999633789062,90.08000183105469,90.19000244140625,1489700.0
2023-02-10,90.47000122070312,92.48999786376953,90.33999633789062,92.36000061035156,1373800.0
2023-02-13,92.38999938964844,92.91000366210938,92.19000244140625,92.80000305175781,1300400.0
2023-02-14,91.95999908447266,92.41000366210938,91.02999877929688,91.0999984741211,1047600.0
2023-02-15,90.75,91.2699966430664,90.4000015258789,91.19999694824219,1141800.0
2023-02-16,90.43000030517578,92.19999694824219,89.54000091552734,91.66000366210938,3701400.0
2023-02-17,91.56999969482422,93.31999969482422,90.6500015258789,93.25,3654600.0
2023-02-21,92.9000015258789,93.38999938964844,92.19999694824219,92.7300033569336,2197900.0
2023-02-22,92.9800033569336,93.55000305175781,92.0999984741211,92.41000366210938,1740100.0
2023-02-23,92.83000183105469,93.0199966430664,91.2300033569336,91.58000183105469,1848800.0
2023-02-24,90.94000244140625,91.58999633789062,90.20999908447266,91.26000213623047,1886000.0
2023-02-27,91.91999816894531,92.6500015258789,90.80999755859375,90.8499984741211,1928700.0
2023-02-28,90.47000122070312,90.98999786376953,89.31999969482422,89.3499984741211,2705000.0
2023-03-01,89.0199966430664,89.30000305175781,87.02999877929688,88.1500015258789,1969300.0
2023-03-02,88.19999694824219,89.77999877929688,87.37999725341797,89.61000061035156,1415000.0
2023-03-03,89.86000061035156,90.72000122070312,88.83000183105469,90.69000244140625,1497700.0
2023-03-06,90.75,91.80999755859375,90.7300033569336,91.62999725341797,1592400.0
2023-03-07,92.5,92.73999786376953,90.2300033569336,90.66000366210938,2278600.0
2023-03-08,90.61000061035156,92.36000061035156,90.58999633789062,91.69000244140625,1839800.0
2023-03-09,92.0199966430664,93.06999969482422,91.12999725341797,91.29000091552734,1902300.0
2023-03-10,91.6500015258789,92.04000091552734,90.31999969482422,90.62000274658203,1969100.0
2023-03-13,90.66999816894531,95.66999816894531,90.55999755859375,92.79000091552734,2773800.0
2023-03-14,93.19999694824219,94.93000030517578,93.16000366210938,94.01000213623047,1936000.0
2023-03-15,93.9800033569336,96.1500015258789,93.48999786376953,95.63999938964844,2828000.0
2023-03-16,95.55999755859375,97.2300033569336,95.2300033569336,96.30000305175781,2182200.0
2023-03-17,95.93000030517578,96.4800033569336,95.02999877929688,95.62999725341797,3638400.0
2023-03-20,95.93000030517578,97.33000183105469,95.80999755859375,96.91000366210938,1735300.0
2023-03-21,96.56999969482422,96.9800033569336,92.16000366210938,93.19000244140625,2627700.0
2023-03-22,93.62999725341797,94.02999877929688,92.0199966430664,92.0999984741211,2537000.0
2023-03-23,91.73999786376953,92.97000122070312,91.05999755859375,91.7300033569336,2373100.0
2023-03-24,92.0999984741211,95.11000061035156,91.83000183105469,95.06999969482422,1643500.0
2023-03-27,95.41999816894531,95.80999755859375,94.45999908447266,94.56999969482422,1896500.0
2023-03-28,94.30000305175781,95.7300033569336,94.06999969482422,94.38999938964844,1762300.0
2023-03-29,94.79000091552734,95.62999725341797,94.77999877929688,95.11000061035156,1635800.0
2023-03-30,95.22000122070312,95.69999694824219,94.62000274658203,94.72000122070312,2108200.0
2023-03-31,94.68000030517578,95.70999908447266,94.54000091552734,95.66999816894531,2099900.0
2023-04-03,95.23999786376953,95.79000091552734,94.41000366210938,95.08999633789062,2235300.0
2023-04-04,95.25,96.37000274658203,95.0999984741211,96.0199966430664,1560900.0
2023-04-05,96.80999755859375,98.76000213623047,96.69999694824219,98.51000213623047,2040500.0
2023-04-06,98.91999816894531,99.3499984741211,97.56999969482422,98.97000122070312,1578600.0
2023-04-10,98.75,99.25,97.91000366210938,99.20999908447266,1355600.0
2023-04-11,99.16000366210938,99.54000091552734,98.27999877929688,99.11000061035156,1338700.0
2023-04-12,99.0999984741211,99.7300033569336,98.29000091552734,98.69000244140625,1185300.0
2023-04-13,98.1500015258789,98.87999725341797,96.55999755859375,98.08000183105469,1335200.0
2023-04-14,97.22000122070312,97.6500015258789,96.48999786376953,96.68000030517578,1827000.0
2023-04-17,97.0999984741211,97.94999694824219,96.8499984741211,97.87000274658203,1520100.0
2023-04-18,97.80000305175781,97.95999908447266,96.97000122070312,97.5199966430664,997200.0
2023-04-19,97.77999877929688,98.80999755859375,97.68000030517578,98.13999938964844,1158300.0
2023-04-20,98.52999877929688,98.70999908447266,97.73999786376953,98.66000366210938,1215900.0
2023-04-21,99.55999755859375,99.75,98.5199966430664,99.04000091552734,1875100.0
2023-04-24,99.19999694824219,99.88999938964844,98.62999725341797,99.83999633789062,1110700.0
2023-04-25,100.0,100.91999816894531,99.66000366210938,100.4000015258789,1404100.0
2023-04-26,99.29000091552734,100.43000030517578,98.86000061035156,99.13999938964844,1378600.0
2023-04-27,99.04000091552734,99.58000183105469,98.20999908447266,99.18000030517578,1713500.0
2023-04-28,99.08000183105469,99.66000366210938,97.88999938964844,98.47000122070312,2316000.0
2023-05-01,98.43000030517578,100.12999725341797,98.29000091552734,99.11000061035156,1834800.0
2023-05-02,99.0199966430664,99.58999633789062,98.08000183105469,98.56999969482422,1425200.0
2023-05-03,99.38999938964844,99.41999816894531,97.9800033569336,98.04000091552734,1203000.0
2023-05-04,98.2300033569336,99.22000122070312,97.72000122070312,98.5199966430664,1648000.0
2023-05-05,98.80000305175781,100.44000244140625,97.80000305175781,99.48999786376953,2218600.0
2023-05-08,99.33999633789062,100.31999969482422,98.25,99.01000213623047,1524900.0
2023-05-09,99.1500015258789,99.26000213623047,98.37999725341797,98.7699966430664,1469800.0
2023-05-10,99.33999633789062,99.98999786376953,98.5999984741211,99.41000366210938,1504400.0
2023-05-11,99.44000244140625,99.76000213623047,98.55000305175781,98.95999908447266,1628900.0
2023-05-12,99.44999694824219,100.08000183105469,98.8499984741211,99.5199966430664,1624600.0
2023-05-15,99.83999633789062,100.0,97.6500015258789,98.4800033569336,1838100.0
2023-05-16,97.47000122070312,97.81999969482422,96.4000015258789,96.5,2261200.0
2023-05-17,96.66999816894531,96.73999786376953,95.66999816894531,95.9000015258789,1742500.0
2023-05-18,95.30999755859375,95.77999877929688,94.80999755859375,95.36000061035156,1806400.0
2023-05-19,95.8499984741211,96.16999816894531,94.87999725341797,95.19000244140625,2209800.0
2023-05-22,95.3499984741211,95.97000122070312,94.43000030517578,94.6500015258789,1907000.0
2023-05-23,94.30000305175781,94.77999877929688,93.69999694824219,93.87999725341797,4775100.0
2023-05-24,94.19000244140625,94.51000213623047,93.2699966430664,93.5,1578200.0
2023-05-25,93.27999877929688,93.83000183105469,92.3499984741211,93.22000122070312,3679300.0
2023-05-26,93.12999725341797,93.13999938964844,92.22000122070312,92.69000244140625,2210700.0
2023-05-30,92.58000183105469,93.5199966430664,92.23999786376953,92.55999755859375,1939100.0
2023-05-31,92.77999877929688,93.66000366210938,92.31999969482422,93.30000305175781,3277300.0
2023-06-01,93.70999908447266,93.73999786376953,91.58000183105469,91.81999969482422,2937100.0
2023-06-02,91.62000274658203,92.69999694824219,90.5199966430664,91.76000213623047,2244800.0
2023-06-05,91.81999969482422,93.83000183105469,91.81999969482422,92.94999694824219,1963200.0
2023-06-06,93.48999786376953,93.56999969482422,92.19999694824219,92.41000366210938,1543100.0
2023-06-07,92.41999816894531,93.87999725341797,91.1500015258789,93.54000091552734,1847100.0
2023-06-08,92.37999725341797,94.25,92.31999969482422,94.0,1416400.0
2023-06-09,94.0,94.19000244140625,93.37000274658203,93.48999786376953,1264900.0
2023-06-12,93.69999694824219,93.69999694824219,92.05000305175781,92.62999725341797,2020900.0
2023-06-13,92.19000244140625,92.5199966430664,91.51000213623047,92.02999877929688,1728900.0
2023-06-14,92.30999755859375,93.55000305175781,91.8499984741211,92.38999938964844,1678000.0
2023-06-15,93.01000213623047,93.69000244140625,92.45999908447266,93.0199966430664,1997600.0
2023-06-16,93.37999725341797,94.1500015258789,92.70999908447266,92.97000122070312,4678700.0
2023-06-20,93.0999984741211,93.23999786376953,91.94999694824219,92.0199966430664,1939500.0
2023-06-21,91.91999816894531,92.94999694824219,91.0199966430664,92.91999816894531,1907100.0
2023-06-22,93.30999755859375,93.55999755859375,91.94999694824219,92.12000274658203,1914000.0
2023-06-23,92.58999633789062,92.62999725341797,90.41000366210938,90.73999786376953,1994100.0
2023-06-26,91.02999877929688,91.83999633789062,90.33999633789062,91.68000030517578,1242500.0
2023-06-27,91.91999816894531,92.33999633789062,91.62000274658203,91.9800033569336,1262900.0
2023-06-28,91.9800033569336,91.9800033569336,89.87000274658203,90.11000061035156,1490500.0
2023-06-29,89.4000015258789,90.33999633789062,89.31999969482422,89.56999969482422,1545000.0
2023-06-30,89.81999969482422,90.44999694824219,89.47000122070312,90.4000015258789,1552100.0
2023-07-03,90.19999694824219,91.05999755859375,89.83999633789062,91.05000305175781,707000.0
2023-07-05,90.75,93.44999694824219,90.68000030517578,92.8499984741211,2334700.0
2023-07-06,92.30999755859375,92.66999816894531,91.5999984741211,92.16999816894531,1776100.0
2023-07-07,91.4800033569336,92.66000366210938,91.0999984741211,92.02999877929688,1664300.0
2023-07-10,91.80999755859375,91.94999694824219,90.95999908447266,91.38999938964844,1560600.0
2023-07-11,91.36000061035156,92.54000091552734,91.0,92.54000091552734,1082700.0
2023-07-12,92.80999755859375,93.43000030517578,92.2699966430664,93.08999633789062,1294200.0
2023-07-13,92.70999908447266,93.80000305175781,92.27999877929688,93.7699966430664,1712700.0
2023-07-14,93.5199966430664,93.62000274658203,92.72000122070312,93.08000183105469,1121900.0
2023-07-17,92.91000366210938,93.05999755859375,91.91999816894531,92.41999816894531,1512800.0
2023-07-18,92.55000305175781,93.3499984741211,91.22000122070312,92.13999938964844,2012900.0
2023-07-19,92.4800033569336,93.7699966430664,92.41000366210938,93.48999786376953,2029900.0
2023-07-20,93.80000305175781,96.05000305175781,93.22000122070312,95.88999938964844,2095800.0
2023-07-21,97.0999984741211,97.83999633789062,96.55999755859375,97.12999725341797,2121700.0
2023-07-24,97.30999755859375,97.80000305175781,96.91999816894531,97.12999725341797,1124300.0
2023-07-25,97.0999984741211,98.12000274658203,96.62999725341797,97.70999908447266,1980000.0
2023-07-26,97.58000183105469,98.8499984741211,97.25,97.5,1070000.0
2023-07-27,96.94999694824219,97.47000122070312,95.54000091552734,95.75,1482000.0
2023-07-28,96.31999969482422,96.58999633789062,94.94000244140625,95.63999938964844,1406300.0
2023-07-31,95.93000030517578,96.0199966430664,94.37000274658203,94.86000061035156,4358900.0
2023-08-01,94.88999938964844,95.33999633789062,93.27999877929688,93.33999633789062,1728300.0
2023-08-02,93.41999816894531,94.19999694824219,93.19999694824219,93.33000183105469,1404900.0
2023-08-03,92.9800033569336,93.0,90.30000305175781,90.33000183105469,2229800.0
2023-08-04,90.58999633789062,92.18000030517578,88.69999694824219,89.30999755859375,2819000.0
2023-08-07,89.93000030517578,91.37000274658203,89.86000061035156,90.62000274658203,2072400.0
2023-08-08,90.95999908447266,91.23999786376953,90.19000244140625,91.19000244140625,1462400.0
2023-08-09,90.62000274658203,91.83999633789062,90.5999984741211,90.95999908447266,1331700.0
2023-08-10,91.30000305175781,91.93000030517578,90.1500015258789,90.41000366210938,1463300.0
2023-08-11,90.7300033569336,90.9800033569336,90.20999908447266,90.83000183105469,1156100.0
2023-08-14,90.55999755859375,90.76000213623047,89.16999816894531,89.55999755859375,2008900.0
2023-08-15,88.33999633789062,88.79000091552734,87.36000061035156,87.68000030517578,2454900.0
2023-08-16,88.0199966430664,89.16999816894531,87.8499984741211,88.83000183105469,1353400.0
2023-08-17,88.77999877929688,89.56999969482422,88.22000122070312,88.25,1317100.0
2023-08-18,88.33999633789062,89.55000305175781,88.16999816894531,89.31999969482422,1440600.0
2023-08-21,89.05000305175781,89.51000213623047,88.0,88.70999908447266,1268800.0
2023-08-22,88.62000274658203,89.54000091552734,88.29000091552734,89.37999725341797,1559000.0
2023-08-23,89.7300033569336,90.08000183105469,88.98999786376953,90.04000091552734,2679900.0
2023-08-24,89.88999938964844,91.20999908447266,89.44999694824219,89.45999908447266,1939700.0
2023-08-25,89.70999908447266,90.48999786376953,89.37000274658203,89.87999725341797,1890800.0
2023-08-28,89.81999969482422,90.61000061035156,89.12000274658203,89.70999908447266,1669900.0
2023-08-29,89.91000366210938,90.18000030517578,89.06999969482422,90.08000183105469,1484300.0
2023-08-30,90.0199966430664,90.72000122070312,89.47000122070312,89.83000183105469,1020000.0
2023-08-31,90.0199966430664,90.23999786376953,88.93000030517578,88.95999908447266,1842400.0
2023-09-01,89.44999694824219,89.44999694824219,87.27999877929688,88.3499984741211,1572700.0
2023-09-05,88.12000274658203,88.3499984741211,86.33000183105469,86.51000213623047,1942600.0
2023-09-06,86.83000183105469,86.94000244140625,86.20999908447266,86.80000305175781,1365900.0
2023-09-07,87.55000305175781,89.22000122070312,87.55000305175781,88.51000213623047,1626300.0
2023-09-08,88.73999786376953,89.5199966430664,88.23999786376953,89.25,1392500.0
2023-09-11,88.63999938964844,90.08000183105469,88.63999938964844,89.7300033569336,1627600.0
2023-09-12,89.87999725341797,90.33000183105469,88.79000091552734,90.19999694824219,1815500.0
2023-09-13,90.5,91.62999725341797,90.26000213623047,91.45999908447266,1725200.0
2023-09-14,91.80000305175781,92.41999816894531,91.5,92.37999725341797,2019100.0
2023-09-15,92.1500015258789,93.08000183105469,91.4000015258789,91.48999786376953,3727600.0
2023-09-18,91.37000274658203,91.69000244140625,90.70999908447266,91.56999969482422,1519100.0
2023-09-19,91.66000366210938,92.05000305175781,91.12999725341797,91.16999816894531,1132200.0
2023-09-20,91.66000366210938,92.33000183105469,90.94000244140625,91.5,1186600.0
2023-09-21,91.36000061035156,92.12000274658203,90.6500015258789,90.86000061035156,1814100.0
2023-09-22,90.4000015258789,91.51000213623047,90.05000305175781,90.83000183105469,1492100.0
2023-09-25,90.05000305175781,90.58000183105469,89.5199966430664,90.2300033569336,1549400.0
2023-09-26,90.04000091552734,90.16999816894531,87.62999725341797,87.83000183105469,2009300.0
2023-09-27,87.5,88.12000274658203,86.52999877929688,86.62999725341797,1787800.0
2023-09-28,87.05000305175781,87.23999786376953,84.86000061035156,85.48999786376953,1975700.0
2023-09-29,86.2300033569336,86.75,85.1500015258789,85.52999877929688,2011200.0
2023-10-02,85.0199966430664,85.19000244140625,81.05999755859375,81.62000274658203,2440200.0
2023-10-03,81.19999694824219,83.52999877929688,80.45999908447266,83.18000030517578,2635600.0
2023-10-04,83.56999969482422,84.29000091552734,82.0,84.19999694824219,1933200.0
2023-10-05,83.93000030517578,85.06999969482422,83.20999908447266,84.76000213623047,2524700.0
2023-10-06,83.30999755859375,86.55999755859375,82.66000366210938,86.3499984741211,2419700.0
2023-10-09,86.33999633789062,87.55999755859375,86.33999633789062,87.55000305175781,1451700.0
2023-10-10,87.31999969482422,88.30000305175781,87.19000244140625,88.12000274658203,1830300.0
2023-10-11,88.41999816894531,88.69000244140625,87.22000122070312,88.44999694824219,1738100.0
2023-10-12,88.08000183105469,88.4800033569336,86.37000274658203,87.37000274658203,1906000.0
2023-10-13,88.18000030517578,88.80999755859375,87.44000244140625,88.0199966430664,1958500.0
2023-10-16,85.1500015258789,88.91999816894531,85.1500015258789,88.66000366210938,3995500.0
2023-10-17,88.4000015258789,89.48999786376953,88.0999984741211,88.9000015258789,2943800.0
2023-10-18,88.83999633789062,89.16999816894531,87.83999633789062,88.27999877929688,2639700.0
2023-10-19,88.12000274658203,88.8499984741211,87.41999816894531,87.66999816894531,1950900.0
2023-10-20,87.68000030517578,88.69999694824219,86.4800033569336,87.05999755859375,10175500.0
2023-10-23,86.3499984741211,87.9000015258789,85.87000274658203,86.58999633789062,2130800.0
2023-10-24,87.2699966430664,88.26000213623047,87.11000061035156,87.97000122070312,1689600.0
2023-10-25,87.58999633789062,88.62000274658203,87.36000061035156,88.30999755859375,1472000.0
2023-10-26,88.66999816894531,90.0999984741211,88.4800033569336,89.30000305175781,1884600.0
2023-10-27,88.7300033569336,89.29000091552734,87.18000030517578,87.47000122070312,1248100.0
2023-10-30,87.7699966430664,88.41000366210938,86.79000091552734,87.4800033569336,1370400.0
2023-10-31,87.98999786376953,88.27999877929688,86.95999908447266,87.79000091552734,2480300.0
2023-11-01,88.12999725341797,89.83000183105469,87.12999725341797,89.16000366210938,2221600.0
2023-11-02,89.01000213623047,90.69999694824219,88.83000183105469,90.16000366210938,1853000.0
2023-11-03,91.80000305175781,93.2699966430664,89.98999786376953,90.06999969482422,2543100.0
2023-11-06,90.83999633789062,91.05000305175781,89.87000274658203,90.54000091552734,2907700.0
2023-11-07,90.55999755859375,90.58999633789062,89.37999725341797,89.4800033569336,2220500.0
2023-11-08,89.08000183105469,89.29000091552734,87.95999908447266,88.68000030517578,2820400.0
2023-11-09,88.94000244140625,89.88999938964844,88.69000244140625,89.25,3761600.0
2023-11-10,89.70999908447266,89.87999725341797,88.91000366210938,89.3499984741211,2497200.0
2023-11-13,89.25,89.52999877929688,87.98999786376953,88.37000274658203,2326400.0
2023-11-14,89.2699966430664,90.54000091552734,88.70999908447266,90.5,1883800.0
2023-11-15,90.12999725341797,91.5,90.12999725341797,90.55000305175781,2902300.0
2023-11-16,91.38999938964844,92.05999755859375,90.8499984741211,91.12999725341797,2012400.0
2023-11-17,91.62000274658203,91.81999969482422,90.81999969482422,91.36000061035156,1694000.0
2023-11-20,91.0,91.26000213623047,89.91000366210938,90.94000244140625,1559700.0
2023-11-21,91.02999877929688,91.1500015258789,90.16000366210938,90.48999786376953,1052200.0
2023-11-22,90.80000305175781,90.88999938964844,89.9800033569336,90.5199966430664,1682100.0
2023-11-24,90.66999816894531,91.0,90.05999755859375,90.95999908447266,504800.0
2023-11-27,91.01000213623047,91.19000244140625,90.19000244140625,90.66999816894531,1703300.0
2023-11-28,90.66999816894531,91.55999755859375,90.30000305175781,90.80000305175781,1402100.0
2023-11-29,90.83000183105469,91.3499984741211,89.62999725341797,89.94000244140625,2174500.0
2023-11-30,90.0999984741211,90.43000030517578,89.3499984741211,90.11000061035156,3843400.0
2023-12-01,90.31999969482422,91.68000030517578,89.77999877929688,91.68000030517578,1519100.0
2023-12-04,91.05999755859375,92.7699966430664,90.69999694824219,91.98999786376953,1872200.0
2023-12-05,92.0199966430664,92.26000213623047,90.91000366210938,91.19000244140625,1301100.0
2023-12-06,91.5999984741211,91.98999786376953,90.73999786376953,91.6500015258789,1260100.0
2023-12-07,92.02999877929688,93.16000366210938,91.30999755859375,92.44000244140625,3032800.0
2023-12-08,92.38999938964844,92.52999877929688,90.86000061035156,91.55000305175781,1910700.0
2023-12-11,91.25,91.9000015258789,90.77999877929688,91.87000274658203,1660800.0
2023-12-12,92.08999633789062,92.08999633789062,91.23999786376953,91.7300033569336,1351200.0
2023-12-13,91.91999816894531,94.33000183105469,91.38999938964844,94.01000213623047,1881500.0
2023-12-14,94.38999938964844,94.5999984741211,91.7699966430664,91.91000366210938,3229100.0
2023-12-15,91.5,91.5,89.22000122070312,89.8499984741211,4549500.0
2023-12-18,90.11000061035156,90.7699966430664,89.70999908447266,90.0,2183700.0
2023-12-19,90.12000274658203,90.55000305175781,89.73999786376953,90.30999755859375,1726000.0
2023-12-20,90.23999786376953,90.5,89.33000183105469,89.3499984741211,2498900.0
2023-12-21,89.44999694824219,90.20999908447266,88.5999984741211,89.20999908447266,1940600.0
2023-12-22,89.77999877929688,90.55000305175781,89.55000305175781,89.68000030517578,865600.0
2023-12-26,89.41000366210938,90.51000213623047,89.33000183105469,90.2699966430664,932300.0
2023-12-27,90.13999938964844,90.2699966430664,89.55000305175781,89.80000305175781,1333000.0
2023-12-28,89.6500015258789,90.7699966430664,89.62999725341797,90.6500015258789,1402500.0
2023-12-29,90.33999633789062,91.0,90.04000091552734,90.97000122070312,1305500.0
2024-01-02,90.69999694824219,92.55000305175781,90.55999755859375,92.41000366210938,1806900.0
2024-01-03,92.61000061035156,93.08000183105469,92.12000274658203,93.0,2014300.0
2024-01-04,93.48999786376953,94.0,92.9000015258789,93.25,1727100.0
2024-01-05,93.05000305175781,94.01000213623047,92.91999816894531,93.5199966430664,1972000.0
2024-01-08,93.41000366210938,93.87999725341797,93.06999969482422,93.80999755859375,1203500.0
2024-01-09,93.62999725341797,93.93000030517578,93.1500015258789,93.69999694824219,1291800.0
2024-01-10,93.52999877929688,94.77999877929688,93.37999725341797,94.31999969482422,1572400.0
2024-01-11,93.8499984741211,93.8499984741211,91.06999969482422,91.25,2045300.0
2024-01-12,91.77999877929688,92.0199966430664,91.2699966430664,91.62000274658203,2202500.0
2024-01-16,91.41000366210938,92.51000213623047,91.04000091552734,91.55999755859375,2038200.0
2024-01-17,91.05999755859375,92.37999725341797,89.93000030517578,90.55000305175781,1885300.0
2024-01-18,90.08999633789062,90.26000213623047,88.91999816894531,89.4000015258789,1682300.0
2024-01-19,89.37000274658203,90.12000274658203,88.83000183105469,89.86000061035156,1689900.0
2024-01-22,89.86000061035156,90.38999938964844,88.69000244140625,89.19999694824219,1678500.0
2024-01-23,89.05999755859375,89.52999877929688,88.52999877929688,89.12000274658203,1586100.0
2024-01-24,89.83000183105469,89.86000061035156,88.08000183105469,88.31999969482422,1932400.0
2024-01-25,89.13999938964844,89.72000122070312,88.37999725341797,89.66999816894531,1548400.0
2024-01-26,90.0,90.23999786376953,89.44000244140625,90.0199966430664,2218900.0
2024-01-29,90.0,91.12000274658203,89.58000183105469,90.58999633789062,2173300.0
2024-01-30,90.41999816894531,91.22000122070312,90.04000091552734,90.68000030517578,1550000.0
2024-01-31,91.4800033569336,91.7699966430664,90.33999633789062,90.9000015258789,3138200.0
2024-02-01,90.38999938964844,92.81999969482422,90.0,92.77999877929688,1625100.0
2024-02-02,92.02999877929688,92.31999969482422,90.18000030517578,91.0999984741211,1978400.0
2024-02-05,90.31999969482422,90.91000366210938,89.62000274658203,89.66999816894531,1852000.0
2024-02-06,89.33999633789062,90.37000274658203,89.20999908447266,89.7699966430664,1621500.0
2024-02-07,90.13999938964844,90.19000244140625,89.16000366210938,89.47000122070312,1413400.0
2024-02-08,89.06999969482422,89.4800033569336,88.11000061035156,88.66999816894531,1626500.0
2024-02-09,88.36000061035156,89.13999938964844,88.29000091552734,89.05999755859375,1457600.0
2024-02-12,89.08000183105469,89.55999755859375,88.44000244140625,89.44999694824219,1627300.0
2024-02-13,88.45999908447266,88.86000061035156,85.93000030517578,86.66999816894531,3513600.0
2024-02-14,87.04000091552734,87.41000366210938,86.44999694824219,86.83999633789062,2413000.0
2024-02-15,87.0199966430664,88.36000061035156,86.87999725341797,88.22000122070312,2168500.0
2024-02-16,87.55000305175781,88.37999725341797,86.7300033569336,87.31999969482422,2949300.0
2024-02-20,87.43000030517578,88.66999816894531,87.02999877929688,87.58000183105469,1974500.0
2024-02-21,88.11000061035156,88.79000091552734,87.72000122070312,88.61000061035156,1746900.0
2024-02-22,87.91000366210938,88.20999908447266,86.7300033569336,87.91000366210938,1628800.0
2024-02-23,88.08999633789062,88.8499984741211,87.69999694824219,87.93000030517578,1190700.0
2024-02-26,87.70999908447266,87.76000213623047,86.08999633789062,86.20999908447266,1562900.0
2024-02-27,86.52999877929688,87.18000030517578,86.16000366210938,86.87999725341797,1159000.0
2024-02-28,86.8499984741211,87.27999877929688,86.44999694824219,86.6500015258789,1185500.0
2024-02-29,87.02999877929688,87.73999786376953,86.6500015258789,87.20999908447266,2803400.0
2024-03-01,86.98999786376953,87.11000061035156,85.8499984741211,87.01000213623047,1572000.0
2024-03-04,86.55999755859375,89.4000015258789,86.55999755859375,89.12999725341797,1960800.0
2024-03-05,89.55000305175781,90.79000091552734,88.66000366210938,88.98999786376953,2037200.0
2024-03-06,89.55999755859375,90.27999877929688,89.44000244140625,89.8499984741211,1436700.0
2024-03-07,90.76000213623047,90.91999816894531,89.7300033569336,89.94000244140625,1007900.0
2024-03-08,90.16999816894531,90.33999633789062,89.16999816894531,90.12000274658203,1072800.0
2024-03-11,90.16999816894531,91.0,89.75,90.80000305175781,1197200.0
2024-03-12,90.37000274658203,91.05999755859375,89.91000366210938,89.93000030517578,1316800.0
2024-03-13,90.4000015258789,91.0999984741211,89.44000244140625,89.56999969482422,1673600.0
2024-03-14,89.19999694824219,89.54000091552734,88.04000091552734,88.66999816894531,1450300.0
2024-03-15,88.05000305175781,89.22000122070312,88.05000305175781,88.94000244140625,3462300.0
2024-03-18,88.80000305175781,89.36000061035156,88.44000244140625,88.98999786376953,1355000.0
2024-03-19,89.38999938964844,89.80000305175781,88.77999877929688,89.70999908447266,1507600.0
2024-03-20,89.44000244140625,90.20999908447266,88.62000274658203,89.04000091552734,1545700.0
2024-03-21,89.23999786376953,89.7300033569336,88.61000061035156,88.6500015258789,2162900.0
2024-03-22,89.1500015258789,89.3499984741211,88.37999725341797,88.5999984741211,1507500.0
2024-03-25,88.75,89.04000091552734,88.0,88.5,1163700.0
2024-03-26,88.44000244140625,88.52999877929688,87.16000366210938,87.44999694824219,1412000.0
2024-03-27,87.91999816894531,90.08999633789062,87.91999816894531,90.05000305175781,1935200.0
2024-03-28,90.20999908447266,90.9000015258789,89.79000091552734,90.80999755859375,1785800.0
2024-04-01,90.79000091552734,90.91999816894531,89.68000030517578,90.33000183105469,1109600.0
2024-04-02,90.41000366210938,91.7300033569336,90.41000366210938,90.5999984741211,1829400.0
2024-04-03,90.54000091552734,90.86000061035156,89.79000091552734,89.88999938964844,1404600.0
2024-04-04,90.48999786376953,90.7300033569336,89.36000061035156,90.19000244140625,1667000.0
2024-04-05,89.66999816894531,90.01000213623047,88.88999938964844,89.6500015258789,1737900.0
2024-04-08,89.69000244140625,90.7699966430664,89.48999786376953,90.5999984741211,1437900.0
2024-04-09,90.77999877929688,91.16000366210938,90.3499984741211,91.12999725341797,1184100.0
2024-04-10,89.51000213623047,89.75,88.30000305175781,88.88999938964844,1623500.0
2024-04-11,89.38999938964844,89.38999938964844,88.13999938964844,88.55000305175781,1325800.0
2024-04-12,88.73999786376953,89.33000183105469,88.0199966430664,88.62999725341797,1396000.0
2024-04-15,89.77999877929688,90.2300033569336,88.80999755859375,89.31999969482422,3518000.0
2024-04-16,89.04000091552734,89.2699966430664,87.4000015258789,87.41999816894531,2098200.0
2024-04-17,88.0199966430664,90.52999877929688,87.8499984741211,90.33000183105469,2923100.0
2024-04-18,90.66000366210938,91.18000030517578,89.66999816894531,90.9000015258789,2528800.0
2024-04-19,91.41000366210938,92.52999877929688,91.12999725341797,91.7699966430664,7398300.0
2024-04-22,91.45999908447266,92.86000061035156,91.25,92.7300033569336,1818300.0
2024-04-23,92.37000274658203,93.37999725341797,92.25,92.83999633789062,1843800.0
2024-04-24,92.05000305175781,93.75,91.31999969482422,93.43000030517578,2001700.0
2024-04-25,93.43000030517578,94.36000061035156,92.69000244140625,94.11000061035156,2191500.0
2024-04-26,94.11000061035156,94.37999725341797,92.93000030517578,92.93000030517578,1418600.0
2024-04-29,93.30999755859375,94.18000030517578,93.30999755859375,93.97000122070312,1146300.0
2024-04-30,93.30999755859375,94.86000061035156,92.77999877929688,94.4000015258789,3732000.0
2024-05-01,94.05000305175781,95.44000244140625,93.77999877929688,94.80000305175781,2372900.0
2024-05-02,95.0999984741211,95.62000274658203,94.45999908447266,95.25,1991600.0
2024-05-03,96.0,96.76000213623047,94.97000122070312,95.55999755859375,2465200.0
2024-05-06,95.63999938964844,96.26000213623047,95.06999969482422,96.12999725341797,2071500.0
2024-05-07,96.73999786376953,97.55999755859375,95.91000366210938,97.5,2029800.0
2024-05-08,97.33999633789062,98.12000274658203,96.63999938964844,97.56999969482422,2179700.0
2024-05-09,97.55000305175781,98.25,96.95999908447266,98.12000274658203,1613200.0
2024-05-10,98.44000244140625,98.55000305175781,97.5999984741211,97.69999694824219,1688500.0
2024-05-13,97.69999694824219,98.47000122070312,97.55000305175781,97.63999938964844,1558000.0
2024-05-14,97.30000305175781,97.43000030517578,96.0199966430664,96.63999938964844,1723400.0
2024-05-15,97.48999786376953,97.68000030517578,96.66999816894531,96.91000366210938,1749100.0
2024-05-16,96.95999908447266,97.30999755859375,96.55000305175781,96.91000366210938,2388200.0
2024-05-17,97.04000091552734,97.16999816894531,96.38999938964844,97.0999984741211,1570700.0
2024-05-20,97.22000122070312,97.23999786376953,96.44000244140625,96.51000213623047,1224500.0
2024-05-21,96.62999725341797,97.19999694824219,95.87000274658203,96.33999633789062,1516000.0
2024-05-22,96.13999938964844,98.11000061035156,95.79000091552734,96.12999725341797,3657500.0
2024-05-23,95.36000061035156,95.76000213623047,93.73999786376953,93.87000274658203,2056700.0
2024-05-24,94.0999984741211,94.5999984741211,93.72000122070312,94.43000030517578,1639100.0
2024-05-28,94.2300033569336,95.31999969482422,93.12999725341797,93.20999908447266,2168800.0
2024-05-29,92.70999908447266,92.91999816894531,91.87000274658203,91.91000366210938,2013500.0
2024-05-30,92.36000061035156,92.77999877929688,92.16999816894531,92.44999694824219,1929600.0
2024-05-31,92.83000183105469,94.87999725341797,92.7699966430664,94.55000305175781,7907600.0
2024-06-03,94.55000305175781,95.20999908447266,93.44000244140625,93.68000030517578,2211800.0
2024-06-04,93.41000366210938,94.16000366210938,92.80000305175781,93.72000122070312,3445900.0
2024-06-05,93.55999755859375,93.6500015258789,92.23999786376953,92.5999984741211,2129700.0
2024-06-06,92.37999725341797,92.91000366210938,91.72000122070312,91.88999938964844,1416800.0
2024-06-07,91.02999877929688,92.08000183105469,90.98999786376953,91.61000061035156,1312300.0
2024-06-10,91.37000274658203,92.36000061035156,91.08000183105469,92.31999969482422,1803600.0
2024-06-11,91.68000030517578,92.16999816894531,91.11000061035156,91.75,1315600.0
2024-06-12,92.55000305175781,92.69999694824219,90.68000030517578,91.13999938964844,1333400.0
2024-06-13,91.26000213623047,91.48999786376953,90.16999816894531,90.61000061035156,1598000.0
2024-06-14,90.2699966430664,91.30000305175781,90.05000305175781,90.87000274658203,1258500.0
2024-06-17,90.38999938964844,91.01000213623047,90.0999984741211,90.6500015258789,1401200.0
2024-06-18,90.44999694824219,90.94000244140625,89.75,90.38999938964844,1336400.0
2024-06-20,90.55000305175781,91.22000122070312,90.26000213623047,90.52999877929688,1383800.0
2024-06-21,90.6500015258789,91.44999694824219,90.30999755859375,90.33999633789062,3199700.0
2024-06-24,90.47000122070312,91.81999969482422,90.41999816894531,91.2699966430664,1441200.0
2024-06-25,91.05999755859375,91.13999938964844,89.27999877929688,89.38999938964844,1511800.0
2024-06-26,88.91999816894531,89.83000183105469,88.5199966430664,89.66999816894531,1838700.0
2024-06-27,89.6500015258789,89.9000015258789,89.26000213623047,89.68000030517578,1258100.0
2024-06-28,89.97000122070312,89.9800033569336,88.7699966430664,89.41999816894531,2647300.0
2024-07-01,89.76000213623047,90.08000183105469,88.55999755859375,88.80999755859375,1145100.0
2024-07-02,88.9800033569336,89.2699966430664,88.7300033569336,88.97000122070312,1128200.0
2024-07-03,88.94999694824219,89.55999755859375,88.55000305175781,88.70999908447266,922400.0
2024-07-05,88.80000305175781,89.5999984741211,88.4800033569336,89.2699966430664,1551100.0
2024-07-08,89.27999877929688,89.37999725341797,88.31999969482422,88.41999816894531,1169400.0
2024-07-09,88.30000305175781,89.2300033569336,88.20999908447266,88.8499984741211,1589200.0
2024-07-10,89.18000030517578,90.0,88.6500015258789,89.87000274658203,1188400.0
2024-07-11,90.16999816894531,91.69999694824219,89.80000305175781,91.45999908447266,1345700.0
2024-07-12,91.88999938964844,92.55999755859375,91.58000183105469,92.19000244140625,1222900.0
2024-07-15,91.66000366210938,91.86000061035156,90.18000030517578,90.26000213623047,1490200.0
2024-07-16,90.79000091552734,91.58000183105469,90.30000305175781,91.55000305175781,1526600.0
2024-07-17,91.97000122070312,94.2300033569336,91.5999984741211,93.76000213623047,2039300.0
2024-07-18,93.38999938964844,95.08000183105469,93.38999938964844,94.11000061035156,2135700.0
2024-07-19,94.56999969482422,94.62999725341797,93.58999633789062,94.04000091552734,1809600.0
2024-07-22,93.0999984741211,94.7300033569336,93.0199966430664,94.63999938964844,1547900.0
2024-07-23,94.44000244140625,94.44000244140625,93.22000122070312,93.25,1245700.0
2024-07-24,94.0,95.91999816894531,93.70999908447266,95.87999725341797,2179800.0
2024-07-25,96.44999694824219,97.81999969482422,95.5,95.91999816894531,1920800.0
2024-07-26,96.18000030517578,97.0199966430664,95.95999908447266,96.44000244140625,1438800.0
2024-07-29,96.62999725341797,97.08999633789062,96.0,96.87000274658203,1320200.0
2024-07-30,96.79000091552734,98.37999725341797,96.66999816894531,98.16000366210938,1127000.0
2024-07-31,98.23999786376953,98.23999786376953,97.05000305175781,97.5199966430664,1623400.0
2024-08-01,98.13999938964844,100.26000213623047,97.37999725341797,100.20999908447266,2409300.0
2024-08-02,103.1500015258789,105.98999786376953,100.05999755859375,101.83000183105469,4425800.0
2024-08-05,102.8499984741211,103.37999725341797,100.56999969482422,100.69999694824219,2846300.0
2024-08-06,100.69999694824219,102.16999816894531,100.69999694824219,100.88999938964844,1956400.0
2024-08-07,101.0,102.22000122070312,100.19000244140625,101.19000244140625,2139800.0
2024-08-08,100.62999725341797,101.47000122070312,100.11000061035156,100.5,1784600.0
2024-08-09,100.58999633789062,101.12999725341797,99.20999908447266,101.0199966430664,1512900.0
2024-08-12,100.73999786376953,101.9800033569336,100.5,101.94000244140625,1238400.0
2024-08-13,102.0199966430664,102.62999725341797,101.33000183105469,101.5999984741211,1505700.0
2024-08-14,100.30999755859375,101.48999786376953,99.87999725341797,100.86000061035156,1639200.0
2024-08-15,99.9000015258789,100.47000122070312,98.63999938964844,99.2300033569336,2757400.0
2024-08-16,99.5,100.51000213623047,98.9800033569336,100.0999984741211,1684800.0
2024-08-19,100.30000305175781,100.66999816894531,99.98999786376953,100.41000366210938,1837800.0
2024-08-20,100.5199966430664,101.16999816894531,100.05999755859375,100.16999816894531,1460700.0
2024-08-21,100.11000061035156,100.77999877929688,100.01000213623047,100.41999816894531,1922500.0
2024-08-22,100.31999969482422,100.83999633789062,100.0,100.66999816894531,1845000.0
2024-08-23,100.83999633789062,101.08999633789062,100.25,100.5999984741211,1620000.0
2024-08-26,100.93000030517578,101.72000122070312,100.68000030517578,100.9000015258789,1221500.0
2024-08-27,100.7699966430664,101.25,99.51000213623047,99.58999633789062,927300.0
2024-08-28,99.77999877929688,101.0999984741211,99.43000030517578,100.38999938964844,1019300.0
2024-08-29,100.29000091552734,100.86000061035156,99.44999694824219,100.80999755859375,1150900.0
2024-08-30,101.0,101.83000183105469,100.86000061035156,101.55999755859375,2366500.0
2024-09-03,101.73999786376953,103.51000213623047,101.55000305175781,103.27999877929688,2122600.0
2024-09-04,103.55999755859375,104.94000244140625,103.55999755859375,104.4000015258789,1501000.0
2024-09-05,105.0,105.29000091552734,103.4800033569336,103.79000091552734,1538700.0
2024-09-06,104.1500015258789,104.37999725341797,103.20999908447266,103.27999877929688,1760600.0
2024-09-09,103.38999938964844,104.81999969482422,103.3499984741211,104.75,1672900.0
2024-09-10,104.87999725341797,105.62000274658203,104.37999725341797,104.97000122070312,1271100.0
2024-09-11,104.52999877929688,104.75,103.02999877929688,103.81999969482422,2685900.0
2024-09-12,103.70999908447266,104.58000183105469,103.25,103.38999938964844,1528600.0
2024-09-13,103.58999633789062,104.73999786376953,103.20999908447266,104.55999755859375,1274700.0
2024-09-16,105.04000091552734,105.81999969482422,104.76000213623047,104.8499984741211,1467900.0
2024-09-17,104.5199966430664,105.29000091552734,104.0,104.54000091552734,1391000.0
2024-09-18,104.37999725341797,104.87999725341797,102.55000305175781,103.41000366210938,1347000.0
2024-09-19,101.48999786376953,102.43000030517578,100.94999694824219,102.12000274658203,1761700.0
2024-09-20,102.2300033569336,103.56999969482422,101.9800033569336,103.3499984741211,3492600.0
2024-09-23,103.68000030517578,104.44000244140625,103.29000091552734,104.0199966430664,1053600.0
2024-09-24,103.20999908447266,104.26000213623047,102.69999694824219,102.81999969482422,1063000.0
2024-09-25,103.25,103.44000244140625,102.2699966430664,103.16000366210938,1151100.0
2024-09-26,102.41000366210938,103.9800033569336,102.26000213623047,103.12000274658203,1391600.0
2024-09-27,103.47000122070312,104.58999633789062,103.41000366210938,104.05000305175781,1366800.0
2024-09-30,104.43000030517578,104.43000030517578,103.1500015258789,104.12999725341797,1449500.0
2024-10-01,104.25,105.58999633789062,103.55999755859375,105.1500015258789,1834600.0
2024-10-02,104.31999969482422,104.87000274658203,103.94999694824219,104.44999694824219,996700.0
2024-10-03,104.80999755859375,104.80999755859375,103.58000183105469,104.0199966430664,952100.0
2024-10-04,102.79000091552734,103.33999633789062,102.2699966430664,103.1500015258789,952900.0
2024-10-07,102.69999694824219,102.69999694824219,100.94000244140625,101.13999938964844,1967300.0
2024-10-08,101.66999816894531,102.94000244140625,101.26000213623047,102.11000061035156,1328800.0
2024-10-09,101.95999908447266,102.93000030517578,101.66999816894531,102.37000274658203,1114700.0
2024-10-10,102.7300033569336,103.16000366210938,101.5,101.58000183105469,1179600.0
2024-10-11,101.91000366210938,102.3499984741211,101.66999816894531,102.31999969482422,1317200.0
2024-10-14,101.75,103.13999938964844,101.31999969482422,103.04000091552734,1976000.0
2024-10-15,104.81999969482422,106.41000366210938,104.58000183105469,105.44999694824219,2748900.0
2024-10-16,105.75,106.18000030517578,105.20999908447266,106.13999938964844,1869200.0
2024-10-17,106.44000244140625,106.44999694824219,105.01000213623047,105.66000366210938,1727900.0
2024-10-18,105.95999908447266,106.7699966430664,105.26000213623047,106.76000213623047,6365300.0
2024-10-21,106.79000091552734,107.0999984741211,105.94000244140625,106.26000213623047,1405800.0
2024-10-22,105.62999725341797,105.98999786376953,104.63999938964844,105.69999694824219,1207200.0
2024-10-23,105.9800033569336,107.45999908447266,105.62999725341797,107.4000015258789,1663200.0
2024-10-24,107.37999725341797,107.75,106.69000244140625,107.0,1127300.0
2024-10-25,107.41000366210938,107.41000366210938,104.5,104.5999984741211,1734300.0
2024-10-28,104.9800033569336,105.37999725341797,104.76000213623047,104.80999755859375,1204600.0
2024-10-29,104.2699966430664,104.4000015258789,102.80999755859375,102.91000366210938,1452900.0
2024-10-30,103.13999938964844,103.4000015258789,102.19999694824219,102.72000122070312,1641100.0
2024-10-31,102.80999755859375,103.77999877929688,101.55999755859375,101.68000030517578,3732300.0
2024-11-01,102.01000213623047,102.05999755859375,99.56999969482422,100.0,2832700.0
2024-11-04,99.48999786376953,100.54000091552734,98.19999694824219,99.1500015258789,2088300.0
2024-11-05,99.01000213623047,99.8499984741211,98.3499984741211,99.81999969482422,2062100.0
2024-11-06,98.6500015258789,99.80000305175781,98.13999938964844,98.95999908447266,3701800.0
2024-11-07,99.0199966430664,99.69000244140625,97.23999786376953,97.58000183105469,3061400.0
2024-11-08,98.13999938964844,98.91000366210938,97.43000030517578,98.12999725341797,2915300.0
2024-11-11,97.62999725341797,98.97000122070312,97.58999633789062,98.4800033569336,1968400.0
2024-11-12,98.4800033569336,98.4800033569336,96.83999633789062,97.04000091552734,2682800.0
2024-11-13,96.79000091552734,96.87999725341797,94.88999938964844,95.41000366210938,2129500.0
2024-11-14,95.69999694824219,95.87999725341797,95.05999755859375,95.23999786376953,2112600.0
2024-11-15,95.0,96.48999786376953,95.0,96.44000244140625,2239200.0
2024-11-18,96.04000091552734,96.94000244140625,95.81999969482422,96.44999694824219,1838700.0
2024-11-19,96.45999908447266,97.08000183105469,95.31999969482422,96.97000122070312,1861400.0
2024-11-20,96.5999984741211,97.93000030517578,96.43000030517578,97.87999725341797,2119600.0
2024-11-21,97.93000030517578,98.70999908447266,97.3499984741211,98.69999694824219,1470600.0
2024-11-22,98.9000015258789,99.25,98.19999694824219,98.36000061035156,1186000.0
2024-11-25,98.45999908447266,99.4800033569336,98.18000030517578,99.47000122070312,3996100.0
2024-11-26,99.72000122070312,101.80999755859375,99.55000305175781,101.69999694824219,2435300.0
2024-11-27,102.30999755859375,102.6500015258789,101.41999816894531,101.58000183105469,1330400.0
2024-11-29,101.4000015258789,101.80000305175781,100.4800033569336,100.58999633789062,952300.0
2024-12-02,100.83999633789062,100.83999633789062,98.19999694824219,98.5,1911600.0
2024-12-03,99.37999725341797,99.37999725341797,97.5199966430664,97.52999877929688,1536000.0
2024-12-04,96.5,96.88999938964844,95.9000015258789,96.62000274658203,5090600.0
2024-12-05,96.69000244140625,97.31999969482422,96.41000366210938,96.5,2615800.0
2024-12-06,96.5,96.68000030517578,94.31999969482422,94.81999969482422,2813500.0
2024-12-09,94.63999938964844,95.41999816894531,93.93000030517578,94.77999877929688,2529500.0
2024-12-10,94.63999938964844,94.98999786376953,93.23999786376953,94.69000244140625,1695400.0
2024-12-11,94.6500015258789,94.6500015258789,92.4000015258789,92.75,2352400.0
2024-12-12,93.44000244140625,93.73999786376953,92.41999816894531,92.61000061035156,2300200.0
2024-12-13,92.5999984741211,93.1500015258789,92.0999984741211,92.69000244140625,1868500.0
2024-12-16,92.56999969482422,92.87999725341797,91.04000091552734,91.26000213623047,3004500.0
2024-12-17,90.80999755859375,91.91999816894531,90.43000030517578,90.83999633789062,2172200.0
2024-12-18,90.69999694824219,90.79000091552734,88.76000213623047,88.87000274658203,2677500.0
2024-12-19,88.68000030517578,90.25,88.37000274658203,89.06999969482422,2555700.0
2024-12-20,88.77999877929688,90.52999877929688,88.77999877929688,90.02999877929688,4876400.0
2024-12-23,89.88999938964844,89.88999938964844,88.79000091552734,89.66999816894531,1979000.0
2024-12-24,89.4000015258789,89.7300033569336,89.0999984741211,89.58000183105469,653900.0
2024-12-26,89.2300033569336,90.12999725341797,89.0,89.58999633789062,1879800.0
2024-12-27,89.0,89.95999908447266,88.83000183105469,89.55999755859375,1319600.0
2024-12-30,89.47000122070312,89.4800033569336,88.41000366210938,89.16000366210938,1377800.0
2024-12-31,89.30000305175781,89.63999938964844,88.58999633789062,89.2300033569336,1641000.0
2025-01-02,89.7300033569336,90.08999633789062,88.68000030517578,89.02999877929688,1557900.0
2025-01-03,89.12999725341797,89.8499984741211,88.73999786376953,89.23999786376953,1954100.0
2025-01-06,88.44000244140625,88.83000183105469,87.69999694824219,88.37000274658203,1981200.0
2025-01-07,88.69999694824219,89.16999816894531,87.72000122070312,88.0,2861200.0
2025-01-08,87.87999725341797,89.04000091552734,87.5199966430664,89.01000213623047,1793000.0
2025-01-10,88.22000122070312,89.11000061035156,87.79000091552734,88.1500015258789,2243200.0
2025-01-13,88.37000274658203,88.4800033569336,87.27999877929688,88.47000122070312,1883600.0
2025-01-14,88.47000122070312,89.58000183105469,88.26000213623047,89.37000274658203,2104000.0
2025-01-15,89.81999969482422,90.55000305175781,89.41999816894531,90.2300033569336,1971800.0
2025-01-16,90.05000305175781,92.2300033569336,90.0199966430664,92.22000122070312,2097600.0
2025-01-17,91.98999786376953,93.83000183105469,91.73999786376953,93.6500015258789,3516800.0
2025-01-21,93.87000274658203,94.95999908447266,92.88999938964844,93.20999908447266,2761500.0
2025-01-22,92.87000274658203,92.87000274658203,90.66000366210938,90.7699966430664,1805200.0
2025-01-23,91.23999786376953,91.44000244140625,90.3499984741211,90.76000213623047,1649700.0
2025-01-24,90.4000015258789,91.05999755859375,90.36000061035156,90.5999984741211,2597000.0
2025-01-27,91.95999908447266,96.06999969482422,91.7699966430664,94.88999938964844,4043800.0
2025-01-28,94.4000015258789,94.81999969482422,93.31999969482422,93.38999938964844,2470600.0
2025-01-29,93.4000015258789,93.8499984741211,92.29000091552734,92.56999969482422,1935900.0
2025-01-30,93.0999984741211,94.02999877929688,92.69999694824219,93.86000061035156,2274000.0
2025-01-31,93.55000305175781,94.23999786376953,93.23999786376953,93.73999786376953,6072700.0
2025-02-03,93.73999786376953,96.05999755859375,93.66999816894531,95.62000274658203,3234900.0
2025-02-04,94.5999984741211,95.4000015258789,93.63999938964844,94.91000366210938,2186500.0
2025-02-05,95.80999755859375,96.44000244140625,95.19000244140625,96.19000244140625,1874100.0
2025-02-06,96.30000305175781,96.33999633789062,94.81999969482422,95.41999816894531,1586800.0
2025-02-07,95.11000061035156,96.20999908447266,94.63999938964844,96.08000183105469,1520000.0
2025-02-10,96.0,96.83000183105469,95.23999786376953,96.69999694824219,1570600.0
2025-02-11,96.56999969482422,96.7300033569336,95.75,96.30999755859375,3162400.0
2025-02-12,95.38999938964844,95.61000061035156,93.5199966430664,94.56999969482422,3704200.0
2025-02-13,94.5999984741211,95.9800033569336,94.48999786376953,95.66000366210938,1860300.0
2025-02-14,96.0,96.38999938964844,94.88999938964844,94.91999816894531,1948200.0
2025-02-18,94.79000091552734,96.06999969482422,94.54000091552734,95.76000213623047,2568500.0
2025-02-19,94.88999938964844,95.94000244140625,94.5,95.26000213623047,1857500.0
2025-02-20,95.01000213623047,96.0,94.5,95.76000213623047,2580200.0
2025-02-21,96.05999755859375,99.33999633789062,95.87000274658203,98.26000213623047,4414800.0
2025-02-24,98.80999755859375,100.75,98.30000305175781,99.68000030517578,2943100.0
2025-02-25,100.23999786376953,101.94999694824219,99.72000122070312,100.97000122070312,3481300.0
2025-02-26,100.19000244140625,100.43000030517578,99.0999984741211,99.95999908447266,2072700.0
2025-02-27,98.95999908447266,100.81999969482422,98.37000274658203,99.91999816894531,3313900.0
2025-02-28,101.11000061035156,101.63999938964844,99.83000183105469,101.5199966430664,5254600.0
2025-03-03,100.87999725341797,104.30999755859375,100.87999725341797,104.0199966430664,3555900.0
2025-03-04,104.80000305175781,105.86000061035156,102.11000061035156,102.1500015258789,3592000.0
2025-03-05,101.0199966430664,101.66000366210938,99.68000030517578,100.19999694824219,5509700.0
2025-03-06,100.23999786376953,101.5999984741211,98.97000122070312,100.91000366210938,4345900.0
2025-03-07,101.31999969482422,104.08000183105469,100.77999877929688,103.63999938964844,2865800.0
2025-03-10,104.27999877929688,107.97000122070312,104.0,106.66000366210938,3471800.0
2025-03-11,106.2300033569336,106.66000366210938,103.69999694824219,103.7699966430664,2731300.0
2025-03-12,102.41000366210938,103.38999938964844,101.91999816894531,102.63999938964844,3739200.0
2025-03-13,103.47000122070312,105.3499984741211,103.3499984741211,104.56999969482422,2392100.0
2025-03-14,103.87000274658203,106.70999908447266,103.80000305175781,106.41000366210938,3779200.0
2025-03-17,106.41000366210938,108.43000030517578,105.95999908447266,107.62000274658203,3930600.0
2025-03-18,107.22000122070312,108.01000213623047,106.54000091552734,107.80999755859375,3275700.0
2025-03-19,107.4000015258789,107.95999908447266,106.80999755859375,107.48999786376953,2293600.0
2025-03-20,107.77999877929688,108.62000274658203,107.02999877929688,108.4800033569336,1896200.0
2025-03-21,108.22000122070312,109.36000061035156,107.37000274658203,107.80000305175781,4415400.0
2025-03-24,107.22000122070312,108.30000305175781,106.80999755859375,106.83000183105469,1897800.0
2025-03-25,106.7699966430664,106.7699966430664,104.61000061035156,105.55000305175781,2543800.0
2025-03-26,105.87000274658203,107.77999877929688,105.2699966430664,107.45999908447266,1925000.0
2025-03-27,108.0,108.38999938964844,107.23999786376953,107.88999938964844,1859100.0
2025-03-28,108.87999725341797,109.44000244140625,108.12000274658203,108.7699966430664,2392300.0
2025-03-31,109.61000061035156,111.11000061035156,109.05999755859375,110.58999633789062,2920400.0
2025-04-01,110.19000244140625,110.68000030517578,109.12999725341797,110.05999755859375,2507600.0
2025-04-02,110.29000091552734,110.83999633789062,109.05000305175781,109.58000183105469,2015200.0
2025-04-03,112.43000030517578,113.44999694824219,111.38999938964844,112.72000122070312,4175500.0
2025-04-04,114.0,114.87000274658203,108.12000274658203,109.31999969482422,6395600.0
2025-04-07,107.04000091552734,109.31999969482422,105.20999908447266,105.4000015258789,4405500.0
2025-04-08,106.83000183105469,108.2699966430664,104.83000183105469,106.05000305175781,2683000.0
2025-04-09,105.16000366210938,108.70999908447266,103.27999877929688,105.7699966430664,4912800.0
2025-04-10,106.4800033569336,109.48999786376953,105.56999969482422,108.30000305175781,3381900.0
2025-04-11,108.18000030517578,110.63999938964844,106.95999908447266,109.83999633789062,2617200.0
2025-04-14,109.27999877929688,112.44999694824219,108.9000015258789,112.25,2132900.0
2025-04-15,112.41999816894531,112.87999725341797,111.58000183105469,111.80999755859375,2314400.0
2025-04-16,112.62999725341797,112.9800033569336,111.05999755859375,111.44000244140625,2132900.0
2025-04-17,111.47000122070312,113.41000366210938,111.4000015258789,112.0999984741211,2055200.0
2025-04-21,111.88999938964844,112.1500015258789,109.9800033569336,110.95999908447266,2333900.0
2025-04-22,111.5,113.55999755859375,111.47000122070312,113.30000305175781,1833500.0
2025-04-23,112.2300033569336,113.0999984741211,111.33999633789062,112.5199966430664,2098400.0
2025-04-24,112.27999877929688,112.5,110.77999877929688,111.29000091552734,2389200.0
2025-04-25,111.37999725341797,111.4800033569336,109.75,110.44999694824219,2820700.0
2025-04-28,110.26000213623047,111.2699966430664,108.86000061035156,111.12999725341797,2938200.0
2025-04-29,110.94999694824219,112.37999725341797,110.31999969482422,112.12999725341797,2000400.0
2025-04-30,112.80999755859375,113.2699966430664,110.69999694824219,112.75,4940600.0
2025-05-01,112.9000015258789,113.45999908447266,111.54000091552734,112.55999755859375,3265400.0
2025-05-02,110.36000061035156,111.88999938964844,109.25,110.02999877929688,3421800.0
2025-05-05,110.33999633789062,110.66999816894531,108.9000015258789,109.5199966430664,3225200.0
2025-05-06,109.83999633789062,111.33999633789062,109.02999877929688,110.47000122070312,2186800.0
2025-05-07,110.20999908447266,111.76000213623047,110.20999908447266,111.04000091552734,3555200.0
2025-05-08,110.6500015258789,110.94999694824219,107.5,107.75,3652300.0
2025-05-09,108.19999694824219,108.19999694824219,107.04000091552734,107.68000030517578,2248900.0
2025-05-12,105.62999725341797,106.5999984741211,102.94999694824219,103.54000091552734,3918400.0
2025-05-13,103.25,103.30999755859375,100.0999984741211,100.58000183105469,4495900.0
2025-05-14,99.2699966430664,99.5999984741211,97.77999877929688,99.2699966430664,3383900.0
2025-05-15,100.13999938964844,102.08999633789062,99.87000274658203,102.01000213623047,3497300.0
2025-05-16,102.02999877929688,104.43000030517578,101.69999694824219,104.29000091552734,2758900.0
2025-05-19,104.3499984741211,105.41000366210938,103.9000015258789,105.37999725341797,2047800.0
2025-05-20,105.05000305175781,106.08000183105469,105.01000213623047,105.70999908447266,2177700.0
2025-05-21,105.62000274658203,105.91000366210938,104.75,105.22000122070312,2741200.0
2025-05-22,104.9800033569336,104.9800033569336,102.94999694824219,103.41999816894531,2266100.0
2025-05-23,104.37999725341797,104.68000030517578,102.44999694824219,104.0999984741211,2116000.0
2025-05-27,104.2699966430664,104.4800033569336,103.47000122070312,103.97000122070312,2638900.0
2025-05-28,103.62999725341797,104.1500015258789,101.93000030517578,102.11000061035156,1945700.0
2025-05-29,101.69000244140625,103.7300033569336,101.4800033569336,103.37999725341797,2762900.0
2025-05-30,103.4800033569336,105.0999984741211,102.94999694824219,104.48999786376953,6398500.0
2025-06-02,103.63999938964844,104.80999755859375,103.16000366210938,103.86000061035156,2292200.0
2025-06-03,103.86000061035156,103.88999938964844,102.18000030517578,103.23999786376953,2316600.0
2025-06-04,103.2300033569336,103.80000305175781,101.88999938964844,102.20999908447266,1845700.0
2025-06-05,102.5,102.5,101.2699966430664,102.2699966430664,2734400.0
2025-06-06,102.11000061035156,102.55000305175781,101.08000183105469,101.61000061035156,1694500.0
2025-06-09,101.36000061035156,101.9800033569336,100.58000183105469,101.11000061035156,1781800.0
2025-06-10,101.4000015258789,102.7300033569336,100.91000366210938,102.4000015258789,2311800.0
2025-06-11,102.19000244140625,102.69999694824219,101.80000305175781,102.55000305175781,2439100.0
2025-06-12,103.13999938964844,103.7699966430664,102.66999816894531,103.76000213623047,1902600.0
2025-06-13,103.94000244140625,105.27999877929688,103.69999694824219,103.95999908447266,3337400.0
2025-06-16,104.0,104.5199966430664,100.93000030517578,101.62999725341797,2738000.0
2025-06-17,101.61000061035156,101.76000213623047,100.5,101.3499984741211,2844900.0
2025-06-18,101.5,101.88999938964844,100.58000183105469,100.7300033569336,2620500.0
2025-06-20,100.66999816894531,101.81999969482422,100.51000213623047,100.97000122070312,7504200.0
2025-06-23,101.80999755859375,102.47000122070312,100.63999938964844,101.1500015258789,3957800.0
2025-06-24,100.66999816894531,101.33999633789062,100.06999969482422,100.19000244140625,2952900.0
2025-06-25,99.33999633789062,99.93000030517578,97.33999633789062,98.05000305175781,4396800.0
2025-06-26,98.30999755859375,98.69000244140625,97.9000015258789,98.41000366210938,2655600.0
2025-06-27,98.4000015258789,98.66000366210938,97.83999633789062,98.1500015258789,2880100.0
2025-06-30,98.83000183105469,100.43000030517578,98.5999984741211,100.3499984741211,2930500.0
2025-07-01,100.7699966430664,101.61000061035156,99.58000183105469,100.77999877929688,2749100.0
2025-07-02,100.4000015258789,101.27999877929688,99.08999633789062,99.91999816894531,2485800.0
2025-07-03,100.37999725341797,100.76000213623047,99.69000244140625,100.30999755859375,1316600.0
2025-07-07,100.30000305175781,100.4000015258789,99.25,99.70999908447266,1800700.0
2025-07-08,98.63999938964844,100.0,97.9000015258789,99.30999755859375,3451200.0
2025-07-09,99.4000015258789,100.3499984741211,99.0,99.97000122070312,2782500.0
2025-07-10,99.19999694824219,101.37999725341797,99.19999694824219,101.06999969482422,1851800.0
2025-07-11,100.45999908447266,101.30999755859375,99.83000183105469,100.58999633789062,1853700.0
2025-07-14,100.55999755859375,101.97000122070312,100.30000305175781,101.01000213623047,1409800.0
2025-07-15,100.37999725341797,100.70999908447266,99.48999786376953,99.94999694824219,1731200.0
2025-07-16,99.77999877929688,100.6500015258789,99.58000183105469,100.45999908447266,1865400.0
2025-07-17,100.13999938964844,100.97000122070312,99.94000244140625,100.5999984741211,2131700.0
2025-07-18,101.0,101.7699966430664,100.48999786376953,101.08000183105469,1813500.0
2025-07-21,101.04000091552734,102.80999755859375,101.01000213623047,102.06999969482422,1667800.0
2025-07-22,102.30999755859375,104.33000183105469,102.26000213623047,103.58999633789062,1663800.0
2025-07-23,103.37000274658203,103.9000015258789,101.95999908447266,102.55000305175781,2563100.0
2025-07-24,102.47000122070312,102.80000305175781,101.75,102.05000305175781,2467800.0
2025-07-25,101.97000122070312,102.6500015258789,101.48999786376953,102.26000213623047,1375700.0
2025-07-28,101.87999725341797,101.94000244140625,100.47000122070312,100.9800033569336,1995200.0
2025-07-29,101.0199966430664,102.2699966430664,100.80000305175781,102.23999786376953,1265000.0
2025-07-30,102.13999938964844,103.66000366210938,101.76000213623047,102.58999633789062,1565100.0
2025-07-31,101.68000030517578,103.56999969482422,101.45999908447266,103.5,3483200.0
2025-08-01,104.61000061035156,105.0999984741211,103.55999755859375,104.44000244140625,2272600.0
2025-08-04,104.44999694824219,105.69000244140625,104.19000244140625,105.36000061035156,2345100.0
2025-08-05,105.12000274658203,106.01000213623047,104.18000030517578,104.18000030517578,2515900.0
2025-08-06,104.16000366210938,105.20999908447266,103.76000213623047,104.1500015258789,1993200.0
2025-08-07,103.55000305175781,105.58000183105469,103.5,105.0,2577700.0
2025-08-08,106.16000366210938,106.16000366210938,103.86000061035156,104.4800033569336,2796400.0
2025-08-11,104.44999694824219,104.66999816894531,103.13999938964844,104.12000274658203,2357100.0
2025-08-12,104.11000061035156,104.37999725341797,102.69000244140625,103.69000244140625,2578800.0
2025-08-13,102.86000061035156,103.66000366210938,102.23999786376953,103.66000366210938,2728400.0
2025-08-14,103.44999694824219,103.66000366210938,102.5199966430664,102.86000061035156,2171700.0
2025-08-15,100.12999725341797,102.19999694824219,100.12999725341797,100.7699966430664,3098700.0
2025-08-18,100.8499984741211,100.97000122070312,99.72000122070312,99.73999786376953,2789300.0
2025-08-19,99.87999725341797,101.18000030517578,99.58999633789062,101.0999984741211,3948400.0
2025-08-20,101.97000122070312,103.08000183105469,101.2300033569336,101.76000213623047,3216400.0
2025-08-21,101.55999755859375,102.30000305175781,101.12000274658203,101.5,2282700.0
2025-08-22,102.19999694824219,102.75,100.83000183105469,101.6500015258789,2753100.0
2025-08-25,101.16000366210938,101.47000122070312,99.70999908447266,99.94999694824219,2498900.0
2025-08-26,100.04000091552734,100.45999908447266,99.37999725341797,99.72000122070312,3309500.0
2025-08-27,99.87999725341797,100.33000183105469,99.5199966430664,100.06999969482422,4313800.0
2025-08-28,99.8499984741211,99.97000122070312,97.87999725341797,98.16999816894531,2400200.0
2025-08-29,98.2699966430664,98.55000305175781,98.01000213623047,98.2300033569336,4220000.0
2025-09-02,98.29000091552734,98.29000091552734,96.55000305175781,97.19999694824219,3019300.0
2025-09-03,96.94999694824219,97.88999938964844,96.61000061035156,97.8499984741211,4306700.0
2025-09-04,98.5999984741211,98.80999755859375,97.3499984741211,97.80000305175781,2033300.0
2025-09-05,97.97000122070312,98.30999755859375,97.3499984741211,98.05000305175781,1724500.0
2025-09-08,97.91000366210938,98.1500015258789,96.22000122070312,96.6500015258789,2189400.0
2025-09-09,96.27999877929688,97.3499984741211,96.1500015258789,96.9800033569336,1282700.0
2025-09-10,97.06999969482422,97.33999633789062,96.45999908447266,97.08000183105469,1603600.0
2025-09-11,96.97000122070312,97.77999877929688,96.51000213623047,97.69999694824219,1690000.0
2025-09-12,97.56999969482422,98.55999755859375,97.0999984741211,97.55000305175781,1249400.0
2025-09-15,97.5999984741211,97.62999725341797,96.79000091552734,97.0,1351900.0
2025-09-16,96.51000213623047,96.87999725341797,95.26000213623047,95.56999969482422,2116600.0
2025-09-17,96.29000091552734,97.30000305175781,96.1500015258789,96.4000015258789,1879800.0
2025-09-18,95.73999786376953,96.91000366210938,95.69000244140625,96.3499984741211,1815600.0
2025-09-19,96.54000091552734,96.91000366210938,95.9000015258789,96.33000183105469,4091700.0
2025-09-22,96.37999725341797,96.94999694824219,95.97000122070312,96.62000274658203,1939000.0
2025-09-23,96.36000061035156,98.63999938964844,96.30000305175781,98.55000305175781,2204300.0
2025-09-24,98.29000091552734,99.2699966430664,98.29000091552734,98.80999755859375,1611600.0
2025-09-25,99.5,99.8499984741211,98.2300033569336,98.3499984741211,1848500.0
2025-09-26,98.73999786376953,99.91999816894531,98.19000244140625,99.62000274658203,1947300.0
2025-09-29,99.56999969482422,99.79000091552734,98.76000213623047,99.56999969482422,1875300.0
2025-09-30,99.58000183105469,100.76000213623047,99.0999984741211,100.5199966430664,2199200.0
2025-10-01,100.22000122070312,100.56999969482422,98.05000305175781,98.16999816894531,2301800.0
2025-10-02,98.18000030517578,98.45999908447266,97.30999755859375,97.63999938964844,1449500.0
2025-10-03,97.66999816894531,99.27999877929688,97.61000061035156,98.80999755859375,1676200.0
2025-10-06,98.66999816894531,99.3499984741211,98.41999816894531,99.33000183105469,1769800.0
2025-10-07,99.16000366210938,100.36000061035156,98.38999938964844,100.04000091552734,1722000.0
2025-10-08,100.20999908447266,100.9000015258789,99.70999908447266,100.83000183105469,1570400.0
2025-10-09,101.2699966430664,102.27999877929688,100.7699966430664,100.80000305175781,1816100.0
2025-10-10,101.4800033569336,102.70999908447266,100.87999725341797,102.38999938964844,2059200.0
2025-10-13,102.0999984741211,102.48999786376953,100.1500015258789,100.86000061035156,1515700.0
2025-10-14,101.70999908447266,102.69999694824219,101.33000183105469,101.88999938964844,1423300.0
2025-10-15,101.68000030517578,102.80999755859375,101.5999984741211,102.29000091552734,1556600.0
2025-10-16,102.68000030517578,103.13999938964844,100.9800033569336,101.06999969482422,1558800.0
2025-10-17,101.4000015258789,101.7300033569336,100.43000030517578,101.19000244140625,1597600.0
2025-10-20,101.72000122070312,101.94000244140625,100.8499984741211,101.72000122070312,1129300.0
2025-10-21,101.72000122070312,102.0,100.88999938964844,101.55999755859375,1116900.0
2025-10-22,101.5,103.0999984741211,100.87000274658203,101.94000244140625,1509000.0
2025-10-23,102.66000366210938,102.66000366210938,100.06999969482422,100.7699966430664,1302800.0
2025-10-24,100.48999786376953,101.05999755859375,99.83999633789062,100.04000091552734,1036400.0
2025-10-27,99.30999755859375,100.47000122070312,99.08000183105469,100.22000122070312,1537600.0
2025-10-28,99.69999694824219,99.95999908447266,98.52999877929688,98.55000305175781,1156300.0
2025-10-29,98.4800033569336,98.86000061035156,96.87999725341797,97.0,1804100.0
2025-10-30,97.30999755859375,98.8499984741211,97.06999969482422,98.19000244140625,2073000.0
2025-10-31,97.23999786376953,97.79000091552734,96.11000061035156,97.41000366210938,2770700.0
2025-11-03,96.80000305175781,96.94999694824219,95.5,96.63999938964844,1692200.0
2025-11-04,97.77999877929688,98.0,97.04000091552734,97.95999908447266,1614500.0
2025-11-05,98.0,98.62000274658203,95.6500015258789,96.11000061035156,2273800.0
2025-11-06,96.97000122070312,98.37999725341797,96.5,96.98999786376953,3064400.0
2025-11-07,97.68000030517578,99.87999725341797,97.25,98.5199966430664,2924400.0
2025-11-10,98.05999755859375,98.86000061035156,97.41000366210938,98.23999786376953,2188900.0
2025-11-11,98.63999938964844,99.7699966430664,98.1500015258789,99.58999633789062,1779700.0
2025-11-12,99.30000305175781,100.2699966430664,98.97000122070312,100.19000244140625,1340200.0
2025-11-13,100.19999694824219,101.19000244140625,99.12000274658203,100.94999694824219,1977700.0
2025-11-14,101.69000244140625,102.55000305175781,100.9000015258789,101.66000366210938,2443200.0
2025-11-17,102.22000122070312,103.9800033569336,101.75,103.8499984741211,3007600.0
2025-11-18,103.54000091552734,104.08000183105469,102.80999755859375,102.91000366210938,2585400.0
2025-11-19,102.11000061035156,102.11000061035156,100.13999938964844,100.37999725341797,3059700.0
2025-11-20,100.26000213623047,101.37999725341797,99.93000030517578,100.94999694824219,2462200.0
2025-11-21,101.4800033569336,103.27999877929688,99.55000305175781,100.16000366210938,4721900.0
2025-11-24,100.33000183105469,100.3499984741211,98.72000122070312,98.91999816894531,7708000.0
2025-11-25,99.8499984741211,100.29000091552734,98.62999725341797,98.8499984741211,2127200.0
2025-11-26,99.22000122070312,100.29000091552734,98.8499984741211,100.13999938964844,1305700.0
2025-11-28,100.58000183105469,100.88999938964844,100.02999877929688,100.36000061035156,1063300.0
2025-12-01,99.73999786376953,100.23999786376953,97.72000122070312,97.87999725341797,2744600.0
2025-12-02,97.91999816894531,98.12999725341797,96.77999877929688,96.87000274658203,2753100.0
2025-12-03,97.45999908447266,98.19000244140625,96.16999816894531,96.44999694824219,1761600.0
2025-12-04,96.38999938964844,97.33999633789062,95.88999938964844,96.22000122070312,2303500.0
2025-12-05,96.0,96.91000366210938,95.95999908447266,96.5999984741211,1775800.0
2025-12-08,96.56999969482422,96.56999969482422,94.95999908447266,95.44999694824219,2089300.0
2025-12-09,95.83000183105469,96.70999908447266,95.55999755859375,95.81999969482422,1823300.0
2025-12-10,95.63999938964844,96.16000366210938,95.19000244140625,95.41000366210938,1848900.0
2025-12-11,95.66999816894531,97.23999786376953,95.38999938964844,95.63999938964844,1396800.0
2025-12-12,95.66999816894531,98.0,95.44999694824219,97.52999877929688,2638200.0
2025-12-15,97.66999816894531,99.4800033569336,97.48999786376953,99.38999938964844,2388100.0
2025-12-16,99.55000305175781,99.66000366210938,98.72000122070312,98.9000015258789,2321100.0
2025-12-17,98.63999938964844,100.33000183105469,98.51000213623047,100.20999908447266,2330700.0
2025-12-18,99.83000183105469,100.23999786376953,99.0,99.98999786376953,2345300.0
2025-12-19,100.05999755859375,100.05999755859375,98.05999755859375,98.05999755859375,4366200.0
2025-12-22,97.5,98.77999877929688,97.11000061035156,98.56999969482422,1526200.0
2025-12-23,98.69000244140625,99.33000183105469,98.33000183105469,98.94999694824219,1485100.0
2025-12-24,99.1500015258789,99.56999969482422,98.8499984741211,99.52999877929688,522600.0
2025-12-26,99.27999877929688,99.7699966430664,98.91999816894531,99.30000305175781,611500.0
2025-12-29,99.4800033569336,100.08000183105469,99.19999694824219,99.54000091552734,1647900.0
2025-12-30,99.61000061035156,100.16999816894531,99.33000183105469,99.88999938964844,1019900.0
2025-12-31,99.83999633789062,100.02999877929688,99.2300033569336,99.31999969482422,1218200.0
2026-01-02,99.62999725341797,100.5999984741211,98.5199966430664,99.98999786376953,1441100.0
2026-01-05,99.4800033569336,99.4800033569336,96.95999908447266,98.5,2112400.0
2026-01-06,98.70999908447266,99.55000305175781,98.16999816894531,99.31999969482422,1643800.0
2026-01-07,99.69999694824219,100.16999816894531,98.87000274658203,99.37000274658203,1638800.0
2026-01-08,99.30000305175781,101.2699966430664,99.05999755859375,100.18000030517578,1717600.0
2026-01-09,100.16999816894531,101.0,99.19999694824219,99.20999908447266,1354200.0
2026-01-12,99.58000183105469,100.68000030517578,98.37999725341797,98.83000183105469,1987100.0
2026-01-13,98.33999633789062,100.26000213623047,98.23999786376953,100.20999908447266,2073300.0
2026-01-14,100.30000305175781,102.0199966430664,100.08999633789062,101.47000122070312,1963000.0
2026-01-15,101.36000061035156,102.77999877929688,101.31999969482422,102.58000183105469,1813500.0
2026-01-16,102.05999755859375,103.94999694824219,101.87999725341797,103.80999755859375,2201800.0
2026-01-20,104.01000213623047,105.0999984741211,103.55000305175781,105.05000305175781,2525800.0
2026-01-21,105.20999908447266,105.62000274658203,103.08000183105469,103.83999633789062,2386300.0
2026-01-22,103.5999984741211,104.4800033569336,101.25,103.18000030517578,3486400.0
2026-01-23,103.4000015258789,104.18000030517578,102.97000122070312,103.87000274658203,2105600.0
2026-01-26,104.43000030517578,105.61000061035156,104.19000244140625,104.58999633789062,1208800.0
2026-01-27,104.25,105.4800033569336,104.06999969482422,105.3499984741211,1345500.0
2026-01-28,105.70999908447266,106.47000122070312,104.83999633789062,105.18000030517578,1399700.0
2026-01-29,105.52999877929688,106.73999786376953,105.0199966430664,105.95999908447266,1788400.0
2026-01-30,106.18000030517578,106.8499984741211,105.08000183105469,106.62999725341797,1873900.0
2026-02-02,107.23999786376953,107.38999938964844,104.4800033569336,105.41999816894531,2286500.0
2026-02-03,105.62999725341797,107.81999969482422,104.97000122070312,107.44999694824219,1988600.0
2026-02-04,108.0999984741211,109.56999969482422,107.51000213623047,108.37999725341797,2463000.0
2026-02-05,109.2699966430664,110.12999725341797,108.5,108.87000274658203,1811100.0
2026-02-06,109.55999755859375,110.5999984741211,106.69999694824219,107.33999633789062,2743700.0
2026-02-09,107.29000091552734,108.0,106.0999984741211,106.68000030517578,1294300.0
2026-02-10,107.13999938964844,109.56999969482422,106.52999877929688,108.43000030517578,2368100.0
2026-02-11,108.11000061035156,109.9800033569336,107.6500015258789,109.87000274658203,1354500.0
2026-02-12,110.0,112.91999816894531,109.44999694824219,111.72000122070312,1523200.0
2026-02-13,111.7699966430664,114.0199966430664,110.9800033569336,113.72000122070312,2275100.0
2026-02-17,114.61000061035156,115.25,113.05999755859375,113.91999816894531,2565500.0
2026-02-18,112.83999633789062,113.26000213623047,111.05000305175781,111.61000061035156,1844800.0
2026-02-19,112.23999786376953,112.93000030517578,111.47000122070312,111.91999816894531,2764500.0
2026-02-20,114.0,114.0,109.05999755859375,109.80999755859375,3485300.0
2026-02-23,111.01000213623047,113.01000213623047,110.0,112.13999938964844,2649300.0
2026-02-24,110.26000213623047,111.44000244140625,110.0,111.01000213623047,6871300.0
2026-02-25,111.20999908447266,111.5199966430664,109.9000015258789,111.0,2679200.0
2026-02-26,111.61000061035156,111.80999755859375,110.55000305175781,110.76000213623047,2713300.0
2026-02-27,111.68000030517578,112.94999694824219,111.0199966430664,112.5199966430664,5310700.0
2026-03-02,112.4800033569336,113.75,111.87999725341797,112.05999755859375,2699100.0
2026-03-03,111.5,113.30999755859375,109.88999938964844,112.36000061035156,2740400.0
2026-03-04,112.37000274658203,112.69999694824219,110.62000274658203,112.48999786376953,2267100.0
2026-03-05,111.98999786376953,112.19999694824219,110.25,110.70999908447266,2703600.0
2026-03-06,110.9800033569336,112.55999755859375,110.0,112.27999877929688,2341300.0
2026-03-09,112.54000091552734,112.75,111.08999633789062,111.80000305175781,2255800.0
2026-03-10,111.3499984741211,112.26000213623047,110.69000244140625,111.30000305175781,1615400.0
2026-03-11,111.19999694824219,111.9800033569336,110.6500015258789,111.73999786376953,1438200.0
2026-03-12,111.7300033569336,114.4000015258789,111.20999908447266,113.12999725341797,1748400.0
2026-03-13,114.16000366210938,115.37000274658203,113.55000305175781,114.87999725341797,1762600.0
2026-03-16,115.62000274658203,115.75,114.31999969482422,115.45999908447266,2851100.0
2026-03-17,116.0999984741211,116.2300033569336,114.66000366210938,114.9000015258789,1792400.0
2026-03-18,114.56999969482422,114.76000213623047,113.37000274658203,113.52999877929688,1175000.0
2026-03-19,113.62000274658203,113.87999725341797,111.37999725341797,111.69000244140625,1764100.0
2026-03-20,111.81999969482422,111.97000122070312,108.81999969482422,109.44999694824219,4150000.0
2026-03-23,110.83000183105469,110.83000183105469,108.80999755859375,109.11000061035156,1735300.0
2026-03-24,108.98999786376953,111.19000244140625,108.4800033569336,109.87999725341797,1505200.0
2026-03-25,110.20999908447266,111.12999725341797,109.33000183105469,110.02999877929688,1927200.0
2026-03-26,110.2300033569336,112.08999633789062,109.97000122070312,111.5199966430664,1501100.0
2026-03-27,111.77999877929688,112.08999633789062,110.9000015258789,111.68000030517578,1776500.0
2026-03-30,112.86000061035156,113.97000122070312,111.94999694824219,113.38999938964844,2271900.0
2026-03-31,114.06999969482422,114.06999969482422,111.41000366210938,113.18000030517578,4177000.0
2026-04-01,112.47000122070312,114.05999755859375,112.19999694824219,113.91000366210938,1690300.0
2026-04-02,114.56999969482422,115.86000061035156,114.16999816894531,115.43000030517578,1614400.0
2026-04-06,114.69999694824219,115.62000274658203,114.16999816894531,114.61000061035156,1199000.0
2026-04-07,114.80000305175781,115.66999816894531,114.36000061035156,114.45999908447266,1360200.0
2026-04-08,112.08999633789062,113.68000030517578,111.05999755859375,113.56999969482422,2617500.0
2026-04-09,113.44999694824219,115.66000366210938,113.44999694824219,114.9800033569336,1742900.0
2026-04-10,113.93000030517578,115.29000091552734,113.2300033569336,113.55999755859375,1123400.0
2026-04-13,113.54000091552734,113.7300033569336,111.22000122070312,111.88999938964844,1488500.0
2026-04-14,111.41000366210938,111.93000030517578,110.4800033569336,111.66000366210938,1815000.0
2026-04-15,110.81999969482422,111.44999694824219,109.94999694824219,110.27999877929688,1668900.0
2026-04-16,110.02999877929688,111.05999755859375,109.26000213623047,110.5199966430664,1621800.0
2026-04-17,109.76000213623047,110.31999969482422,108.20999908447266,110.1500015258789,2109400.0
2026-04-20,109.6500015258789,111.33999633789062,109.23999786376953,109.66999816894531,1424400.0
2026-04-21,109.83999633789062,110.33999633789062,107.9800033569336,108.19000244140625,1528000.0
2026-04-22,108.94000244140625,109.52999877929688,107.6500015258789,108.12999725341797,1497700.0
2026-04-23,109.26000213623047,110.52999877929688,108.58999633789062,110.25,1638800.0
2026-04-24,109.44999694824219,110.0,108.66000366210938,109.05999755859375,1418000.0
2026-04-27,109.36000061035156,110.12999725341797,108.80999755859375,108.83000183105469,1260100.0
2026-04-28,110.22000122070312,110.48999786376953,108.95999908447266,109.62000274658203,1574000.0
2026-04-29,108.98999786376953,110.02999877929688,108.33000183105469,108.87999725341797,1512400.0
2026-04-30,109.04000091552734,111.56999969482422,108.05999755859375,111.48999786376953,2918800.0
2026-05-01,111.47000122070312,112.43000030517578,110.4800033569336,110.48999786376953,2280600.0
2026-05-04,110.04000091552734,111.33000183105469,109.19000244140625,109.62999725341797,2909900.0
2026-05-05,109.66000366210938,110.33000183105469,108.9000015258789,109.1500015258789,1776100.0
2026-05-06,109.13999938964844,109.30000305175781,106.7699966430664,106.87000274658203,2281200.0
2026-05-07,106.16000366210938,107.08999633789062,105.31999969482422,106.38999938964844,3106200.0
2026-05-08,107.30000305175781,107.61000061035156,104.62000274658203,106.30999755859375,2580100.0
2026-05-11,106.94999694824219,107.66999816894531,105.69000244140625,106.20999908447266,2115200.0
2026-05-12,107.27999877929688,107.61000061035156,106.01000213623047,106.9000015258789,3283700.0
2026-05-13,105.12999725341797,106.36000061035156,104.70999908447266,106.16000366210938,2464000.0
2026-05-14,106.47000122070312,107.31999969482422,105.97000122070312,107.12999725341797,2006400.0
2026-05-15,107.4000015258789,107.51000213623047,105.30999755859375,105.36000061035156,2328400.0
2026-05-18,106.16000366210938,107.62000274658203,105.5999984741211,106.51000213623047,3061500.0
2026-05-19,107.58999633789062,108.80999755859375,106.55000305175781,108.13999938964844,3361400.0
2026-05-20,107.77999877929688,108.33000183105469,105.88999938964844,106.30000305175781,1945000.0
2026-05-21,106.58999633789062,107.80000305175781,106.30999755859375,107.4000015258789,1731700.0
2026-05-22,107.0999984741211,108.76000213623047,106.69999694824219,108.54000091552734,2238100.0
2026-05-26,108.25,108.62000274658203,107.66000366210938,107.69999694824219,1933600.0
2026-05-27,107.44999694824219,109.23999786376953,107.08999633789062,108.01000213623047,3157900.0
2026-05-28,108.08999633789062,108.55999755859375,106.08000183105469,106.30000305175781,2083500.0
2026-05-29,106.36000061035156,107.25,105.08000183105469,105.62999725341797,8332600.0
2026-06-01,105.0,105.1500015258789,103.5999984741211,103.5999984741211,1940500.0
2026-06-02,102.87000274658203,104.75,102.87000274658203,103.79000091552734,3356400.0
2026-06-03,104.26000213623047,106.4000015258789,103.41000366210938,103.4800033569336,2838700.0
2026-06-04,104.01000213623047,104.70999908447266,102.81999969482422,104.08000183105469,1910200.0
2026-06-05,104.91999816894531,107.44999694824219,104.5,106.26000213623047,1810100.0
2026-06-08,105.83000183105469,106.25,104.29000091552734,104.30999755859375,1733200.0
2026-06-09,104.91999816894531,107.72000122070312,104.05000305175781,106.4000015258789,2044900.0
2026-06-10,109.01000213623047,109.0199966430664,106.69999694824219,107.5999984741211,2359200.0
2026-06-11,108.73999786376953,109.41999816894531,106.62000274658203,106.83999633789062,2106900.0
2026-06-12,107.08000183105469,108.3499984741211,106.94999694824219,107.73999786376953,1916100.0
2026-06-15,107.11000061035156,108.58999633789062,106.3499984741211,107.72000122070312,2228400.0
2026-06-16,107.69000244140625,109.2300033569336,107.19999694824219,108.37000274658203,1657100.0
2026-06-17,107.47000122070312,108.22000122070312,106.1500015258789,107.04000091552734,2592800.0
2026-06-18,106.62999725341797,107.8499984741211,105.69000244140625,106.36000061035156,6555000.0
2026-06-22,106.47000122070312,107.80999755859375,105.91999816894531,106.91999816894531,3165000.0
2026-06-23,107.68000030517578,109.06999969482422,107.0,108.75,2420300.0
2026-06-24,109.18000030517578,110.86000061035156,108.87000274658203,110.72000122070312,3070400.0
2026-06-25,110.76000213623047,111.62999725341797,109.8499984741211,110.76000213623047,1738800.0
2026-06-26,111.69999694824219,112.16000366210938,110.77999877929688,112.05999755859375,2642400.0
2026-06-29,111.6500015258789,112.4000015258789,111.23999786376953,112.29000091552734,1676500.0
2026-06-30,111.5999984741211,112.2300033569336,110.43000030517578,110.62999725341797,2187200.0
2026-07-01,110.93000030517578,111.48999786376953,110.3499984741211,110.94999694824219,1906800.0
2026-07-02,112.19000244140625,114.08999633789062,111.4000015258789,113.98999786376953,2172100.0
2026-07-06,113.62999725341797,113.62999725341797,111.73999786376953,111.94000244140625,2617200.0
2026-07-07,113.19999694824219,115.26000213623047,112.54000091552734,112.98999786376953,2916400.0
2026-07-08,113.63999938964844,114.16999816894531,111.80999755859375,112.08999633789062,1582900.0
2026-07-09,111.93000030517578,112.26000213623047,110.22000122070312,110.2699966430664,2051900.0
2026-07-10,110.2699966430664,111.43000030517578,110.18000030517578,111.12000274658203,1343900.0
2026-07-13,111.61000061035156,112.52999877929688,111.08999633789062,111.81999969482422,2070200.0
2026-07-14,111.98999786376953,112.83000183105469,111.37000274658203,111.95999908447266,1619800.0
2026-07-15,111.48999786376953,112.23999786376953,110.19999694824219,110.30999755859375,1476200.0
2026-07-16,110.62000274658203,112.4000015258789,110.2300033569336,112.38999938964844,1661600.0
2026-07-17,113.80000305175781,115.19999694824219,111.06999969482422,112.37000274658203,2449700.0
2026-07-20,112.83999633789062,113.23999786376953,110.58999633789062,111.05000305175781,2006900.0
2026-07-21,110.44999694824219,110.70999908447266,109.41000366210938,109.80999755859375,1782900.0
2026-07-22,111.12999725341797,112.31999969482422,110.1500015258789,112.08999633789062,1674200.0
2026-07-23,111.36000061035156,113.01000213623047,110.9800033569336,112.79000091552734,2875200.0
2026-07-24,113.19999694824219,114.47000122070312,112.56999969482422,113.01000213623047,2971900.0
2026-07-27,112.37000274658203,113.36000061035156,111.38999938964844,111.5,2393900.0
2026-07-28,112.79000091552734,114.58000183105469,111.9000015258789,111.9800033569336,2395600.0
2026-07-29,112.58000183105469,114.20999908447266,111.44000244140625,112.25,2324500.0
2026-07-30,111.7699966430664,112.02999877929688,108.58000183105469,109.66000366210938,2762900.0
2026-07-31,109.0,109.94000244140625,108.22000122070312,108.8499984741211,2787200.0
2026-08-03,108.30000305175781,109.25,107.41000366210938,107.94999694824219,2042900.0
2026-08-04,107.41000366210938,108.66999816894531,106.12000274658203,108.41000366210938,2432500.0
2026-08-05,108.51000213623047,108.61000061035156,106.5199966430664,108.31999969482422,2198800.0
2026-08-06,109.30000305175781,109.87000274658203,107.48999786376953,108.94999694824219,2988000.0
2026-08-07,108.04000091552734,108.70999908447266,106.55999755859375,107.9800033569336,2160900.0
2026-08-10,107.38999938964844,107.69999694824219,105.95999908447266,106.30000305175781,2655300.0
2026-08-11,105.98999786376953,107.63999938964844,105.9000015258789,107.5,1862000.0
2026-08-12,107.52999877929688,108.56999969482422,106.55000305175781,107.77999877929688,2561700.0
2026-08-13,108.0,108.55999755859375,107.76000213623047,108.38999938964844,2030000.0
2026-08-14,108.0199966430664,109.33999633789062,107.94999694824219,108.80000305175781,1323500.0
2026-08-17,108.4800033569336,109.2699966430664,108.08000183105469,108.98999786376953,1602400.0
2026-08-18,110.33000183105469,110.37999725341797,108.4800033569336,109.16000366210938,3925300.0
2026-08-19,109.0,109.79000091552734,107.55999755859375,108.0,2587000.0
2026-08-20,107.5,109.05999755859375,107.44000244140625,108.30999755859375,2315300.0
2026-08-21,108.33999633789062,108.41000366210938,106.18000030517578,106.3499984741211,2310700.0
2026-08-24,107.5199966430664,107.80999755859375,105.51000213623047,107.70999908447266,2248300.0
2026-08-25,107.66999816894531,107.73999786376953,106.69000244140625,107.08999633789062,1571400.0
2026-08-26,107.26000213623047,108.27999877929688,107.0,108.05000305175781,1935600.0
2026-08-27,107.04000091552734,107.25,106.12000274658203,106.69000244140625,1479700.0
2026-08-28,107.23999786376953,107.72000122070312,106.76000213623047,107.48999786376953,1657100.0
2026-08-31,106.79000091552734,107.41000366210938,106.37000274658203,107.0199966430664,3518900.0
2026-09-01,108.0,108.27999877929688,107.11000061035156,107.69999694824219,1863200.0
2026-09-02,107.7699966430664,108.0999984741211,106.38999938964844,107.66999816894531,2146900.0
2026-09-03,107.93000030517578,108.80000305175781,107.5,108.75,1766300.0
2026-09-04,108.08999633789062,108.7300033569336,107.1500015258789,107.29000091552734,2188800.0
2026-09-08,107.06999969482422,108.91000366210938,107.05000305175781,108.2699966430664,2168900.0
2026-09-09,108.5199966430664,108.76000213623047,106.83000183105469,107.48999786376953,1686300.0
2026-09-10,108.41000366210938,108.5,106.69999694824219,106.7300033569336,1970600.0
2026-09-11,107.33000183105469,107.33000183105469,106.25,106.45999908447266,1417200.0
2026-09-14,107.08999633789062,107.4800033569336,105.72000122070312,105.77999877929688,1545600.0
2026-09-15,105.83999633789062,106.19000244140625,105.04000091552734,105.23999786376953,1706500.0
2026-09-16,105.91999816894531,106.0199966430664,105.0199966430664,105.41999816894531,1856600.0
2026-09-17,105.56999969482422,107.19000244140625,105.16999816894531,107.08000183105469,1773600.0
2026-09-18,106.5999984741211,106.5999984741211,105.33999633789062,105.43000030517578,3423800.0
2026-09-21,105.23999786376953,105.66000366210938,103.5199966430664,103.86000061035156,1825500.0
2026-09-23,103.45999908447266,103.8499984741211,102.33000183105469,102.61000061035156,1857900.0
2026-09-24,103.05000305175781,103.88999938964844,102.69999694824219,102.70999908447266,3026300.0
