date,open,high,low,close,volume
2016-09-26,57.380001068115234,57.91999816894531,57.06999969482422,57.29999923706055,158200.0
2016-09-27,57.2599983215332,58.560001373291016,57.0099983215332,58.43000030517578,395900.0
2016-09-28,58.540000915527344,59.29999923706055,58.22999954223633,59.25,309300.0
2016-09-29,59.060001373291016,59.7599983215332,58.75,59.310001373291016,407400.0
2016-09-30,59.61000061035156,60.33000183105469,59.16999816894531,59.619998931884766,447800.0
2016-10-03,59.470001220703125,59.91999816894531,58.79999923706055,59.65999984741211,480800.0
2016-10-04,59.88999938964844,60.54999923706055,59.0099983215332,59.2599983215332,361700.0
2016-10-05,59.68000030517578,60.560001373291016,59.33000183105469,60.36000061035156,850800.0
2016-10-06,60.11000061035156,60.33000183105469,59.290000915527344,59.900001525878906,366600.0
2016-10-07,59.88999938964844,59.90999984741211,58.560001373291016,59.0,456300.0
2016-10-10,59.310001373291016,59.939998626708984,59.0099983215332,59.220001220703125,589500.0
2016-10-11,58.97999954223633,59.380001068115234,56.58000183105469,57.380001068115234,816600.0
2016-10-12,57.310001373291016,58.029998779296875,57.279998779296875,57.91999816894531,494700.0
2016-10-13,57.27000045776367,58.04999923706055,56.869998931884766,57.81999969482422,320800.0
2016-10-14,58.209999084472656,58.34000015258789,57.25,57.279998779296875,380900.0
2016-10-17,57.310001373291016,57.540000915527344,56.900001525878906,56.97999954223633,404200.0
2016-10-18,57.75,57.86000061035156,57.15999984741211,57.209999084472656,342000.0
2016-10-19,57.470001220703125,57.470001220703125,56.7599983215332,56.900001525878906,246700.0
2016-10-20,56.529998779296875,56.7400016784668,56.02000045776367,56.040000915527344,301300.0
2016-10-21,55.5099983215332,56.34000015258789,55.099998474121094,56.119998931884766,239600.0
2016-10-24,56.93000030517578,57.34000015258789,56.33000183105469,56.400001525878906,229700.0
2016-10-25,56.29999923706055,56.4900016784668,55.900001525878906,56.209999084472656,257600.0
2016-10-26,55.810001373291016,56.290000915527344,55.4900016784668,56.2599983215332,279200.0
2016-10-27,58.0099983215332,60.470001220703125,58.0099983215332,59.75,1391100.0
2016-10-28,60.119998931884766,61.15999984741211,60.119998931884766,60.58000183105469,807500.0
2016-10-31,60.56999969482422,60.72999954223633,60.09000015258789,60.459999084472656,698500.0
2016-11-01,60.709999084472656,60.779998779296875,59.20000076293945,59.52000045776367,530800.0
2016-11-02,59.47999954223633,60.16999816894531,59.47999954223633,59.599998474121094,395300.0
2016-11-03,59.81999969482422,60.810001373291016,59.529998779296875,60.279998779296875,419200.0
2016-11-04,60.27000045776367,60.599998474121094,59.61000061035156,59.93000030517578,454100.0
2016-11-07,61.13999938964844,61.349998474121094,60.75,61.09000015258789,499700.0
2016-11-08,61.060001373291016,61.709999084472656,60.599998474121094,61.220001220703125,364000.0
2016-11-09,61.869998931884766,65.98999786376953,61.290000915527344,65.08000183105469,783200.0
2016-11-10,66.0,66.7300033569336,65.27999877929688,66.08999633789062,771100.0
2016-11-11,66.05000305175781,67.75,65.91999816894531,67.33999633789062,633100.0
2016-11-14,68.12999725341797,70.12000274658203,67.66999816894531,70.05999755859375,503100.0
2016-11-15,70.25,70.4800033569336,68.95999908447266,70.23999786376953,591700.0
2016-11-16,69.9000015258789,70.58999633789062,69.62999725341797,70.44999694824219,407500.0
2016-11-17,70.81999969482422,71.2300033569336,70.22000122070312,70.4800033569336,470200.0
2016-11-18,70.63999938964844,70.6500015258789,69.72000122070312,69.87000274658203,553200.0
2016-11-21,70.37999725341797,70.68000030517578,69.1500015258789,69.72000122070312,565800.0
2016-11-22,69.72000122070312,70.55999755859375,69.47000122070312,70.4800033569336,551100.0
2016-11-23,70.5,71.5999984741211,70.5,71.55999755859375,569600.0
2016-11-25,71.75,72.0199966430664,71.37999725341797,71.80000305175781,128900.0
2016-11-28,71.72000122070312,72.13999938964844,70.2699966430664,70.61000061035156,744900.0
2016-11-29,70.68000030517578,71.61000061035156,70.58000183105469,71.0199966430664,590600.0
2016-11-30,71.47000122070312,71.69000244140625,69.36000061035156,69.37000274658203,451600.0
2016-12-01,69.97000122070312,70.2699966430664,68.48999786376953,69.08999633789062,432300.0
2016-12-02,68.94000244140625,69.43000030517578,68.13999938964844,68.66999816894531,545600.0
2016-12-05,69.37999725341797,69.80999755859375,68.8499984741211,69.73999786376953,505600.0
2016-12-06,69.70999908447266,70.55000305175781,69.63999938964844,70.27999877929688,471100.0
2016-12-07,70.41999816894531,72.6500015258789,70.41999816894531,72.44000244140625,565000.0
2016-12-08,70.87000274658203,73.30999755859375,70.5199966430664,73.04000091552734,640600.0
2016-12-09,73.16999816894531,73.18000030517578,72.16999816894531,72.75,437200.0
2016-12-12,72.48999786376953,73.44000244140625,72.23999786376953,72.38999938964844,500300.0
2016-12-13,73.04000091552734,73.04000091552734,71.9000015258789,72.73999786376953,556600.0
2016-12-14,72.66999816894531,72.87999725341797,71.18000030517578,71.31999969482422,555800.0
2016-12-15,71.4800033569336,72.95999908447266,70.76000213623047,72.52999877929688,567100.0
2016-12-16,72.7699966430664,73.01000213623047,71.66000366210938,71.75,901000.0
2016-12-19,71.72000122070312,72.30999755859375,70.55999755859375,71.58000183105469,410000.0
2016-12-20,71.80000305175781,73.0199966430664,71.5999984741211,73.01000213623047,433700.0
2016-12-21,72.68000030517578,72.81999969482422,72.13999938964844,72.13999938964844,310800.0
2016-12-22,72.44999694824219,73.06999969482422,71.9000015258789,72.0,207100.0
2016-12-23,71.94999694824219,72.25,71.61000061035156,71.83999633789062,145100.0
2016-12-27,72.06999969482422,72.47000122070312,71.56999969482422,72.20999908447266,132700.0
2016-12-28,72.36000061035156,72.5,70.5199966430664,70.77999877929688,279200.0
2016-12-29,70.94000244140625,71.4800033569336,70.62999725341797,70.97000122070312,164100.0
2016-12-30,71.22000122070312,71.44999694824219,70.55999755859375,70.76000213623047,202200.0
2017-01-03,71.52999877929688,72.0,70.3499984741211,70.83999633789062,231300.0
2017-01-04,71.41999816894531,72.70999908447266,71.41999816894531,72.44999694824219,320200.0
2017-01-05,72.30999755859375,72.87999725341797,71.05000305175781,71.38999938964844,284300.0
2017-01-06,71.55000305175781,71.80000305175781,69.91999816894531,69.94999694824219,368400.0
2017-01-09,69.6500015258789,69.86000061035156,67.3499984741211,67.37000274658203,509800.0
2017-01-10,67.68000030517578,68.44000244140625,67.48999786376953,68.05000305175781,494700.0
2017-01-11,68.25,68.37000274658203,67.62000274658203,68.0,436900.0
2017-01-12,67.95999908447266,68.2300033569336,66.62999725341797,68.19000244140625,454300.0
2017-01-13,68.19999694824219,69.19999694824219,68.19999694824219,68.95999908447266,300600.0
2017-01-17,68.47000122070312,68.55000305175781,67.0199966430664,67.0999984741211,240700.0
2017-01-18,67.18000030517578,67.58000183105469,67.0,67.43000030517578,223100.0
2017-01-19,67.7300033569336,68.45999908447266,67.23999786376953,67.72000122070312,360300.0
2017-01-20,67.72000122070312,68.51000213623047,67.72000122070312,68.13999938964844,227200.0
2017-01-23,68.11000061035156,68.61000061035156,66.58000183105469,67.41999816894531,366200.0
2017-01-24,67.79000091552734,69.83000183105469,67.79000091552734,69.61000061035156,270100.0
2017-01-25,70.45999908447266,71.33000183105469,69.91999816894531,70.87999725341797,306500.0
2017-01-26,70.97000122070312,71.18000030517578,70.08999633789062,70.72000122070312,313300.0
2017-01-27,70.8499984741211,71.05000305175781,70.16999816894531,70.87000274658203,238700.0
2017-01-30,70.1500015258789,70.41000366210938,69.0,70.2300033569336,263200.0
2017-01-31,70.01000213623047,70.41999816894531,68.83000183105469,69.69000244140625,265700.0
2017-02-01,70.25,70.69000244140625,69.26000213623047,69.70999908447266,382700.0
2017-02-02,69.58000183105469,69.79000091552734,68.19999694824219,68.75,365500.0
2017-02-03,69.56999969482422,70.9800033569336,69.08999633789062,70.18000030517578,248000.0
2017-02-06,69.8499984741211,70.18000030517578,68.83999633789062,69.25,264800.0
2017-02-07,69.66999816894531,69.81999969482422,68.19000244140625,68.91000366210938,270100.0
2017-02-08,68.83999633789062,68.83999633789062,67.55999755859375,67.6500015258789,274000.0
2017-02-09,67.69999694824219,68.83999633789062,67.33999633789062,68.7300033569336,261700.0
2017-02-10,69.16999816894531,69.33999633789062,68.41000366210938,69.16000366210938,256700.0
2017-02-13,69.62999725341797,70.16000366210938,69.01000213623047,69.20999908447266,185000.0
2017-02-14,69.0999984741211,69.9800033569336,68.4000015258789,69.9000015258789,261300.0
2017-02-15,69.73999786376953,70.7300033569336,69.73999786376953,70.1500015258789,557100.0
2017-02-16,70.0999984741211,70.30000305175781,68.86000061035156,70.23999786376953,228800.0
2017-02-17,70.06999969482422,70.23999786376953,68.83000183105469,69.4800033569336,283300.0
2017-02-21,69.41000366210938,70.22000122070312,68.91999816894531,69.12000274658203,948900.0
2017-02-22,68.80000305175781,69.2699966430664,68.27999877929688,68.48999786376953,787500.0
2017-02-23,65.55999755859375,66.73999786376953,60.66999816894531,61.630001068115234,1585600.0
2017-02-24,61.540000915527344,63.560001373291016,61.540000915527344,61.939998626708984,996600.0
2017-02-27,61.93000030517578,64.1500015258789,61.779998779296875,63.95000076293945,735200.0
2017-02-28,64.13999938964844,64.30999755859375,61.459999084472656,61.47999954223633,791400.0
2017-03-01,62.65999984741211,64.29000091552734,62.439998626708984,63.66999816894531,645000.0
2017-03-02,64.12000274658203,64.2300033569336,63.29999923706055,63.869998931884766,736800.0
2017-03-03,63.939998626708984,64.20999908447266,63.29999923706055,63.7599983215332,463600.0
2017-03-06,63.20000076293945,63.439998626708984,62.52000045776367,63.310001373291016,384600.0
2017-03-07,63.209999084472656,63.77000045776367,62.93000030517578,63.41999816894531,495300.0
2017-03-08,63.88999938964844,64.37999725341797,63.20000076293945,63.33000183105469,559000.0
2017-03-09,63.15999984741211,63.41999816894531,61.84000015258789,62.27000045776367,552900.0
2017-03-10,63.02000045776367,63.619998931884766,62.58000183105469,63.599998474121094,669400.0
2017-03-13,63.599998474121094,64.01000213623047,62.790000915527344,63.06999969482422,552400.0
2017-03-14,62.529998779296875,62.81999969482422,61.150001525878906,62.189998626708984,551900.0
2017-03-15,62.529998779296875,64.2699966430664,62.369998931884766,63.91999816894531,467700.0
2017-03-16,64.16000366210938,64.33000183105469,63.709999084472656,64.16000366210938,639900.0
2017-03-17,64.19000244140625,64.5199966430664,63.09000015258789,63.59000015258789,650000.0
2017-03-20,63.58000183105469,63.79999923706055,62.31999969482422,62.369998931884766,704800.0
2017-03-21,62.869998931884766,62.869998931884766,60.47999954223633,60.52000045776367,471400.0
2017-03-22,60.34000015258789,61.310001373291016,60.27000045776367,60.91999816894531,467900.0
2017-03-23,60.90999984741211,61.7400016784668,60.619998931884766,61.16999816894531,233800.0
2017-03-24,61.380001068115234,61.81999969482422,60.900001525878906,61.150001525878906,266600.0
2017-03-27,59.939998626708984,61.630001068115234,59.7599983215332,61.36000061035156,316800.0
2017-03-28,61.150001525878906,62.04999923706055,61.130001068115234,61.650001525878906,345600.0
2017-03-29,61.529998779296875,62.16999816894531,61.29999923706055,61.959999084472656,368000.0
2017-03-30,61.95000076293945,63.150001525878906,61.95000076293945,63.060001373291016,311700.0
2017-03-31,62.95000076293945,63.59000015258789,62.810001373291016,62.95000076293945,342000.0
2017-04-03,63.02000045776367,63.66999816894531,62.060001373291016,62.65999984741211,353100.0
2017-04-04,62.470001220703125,62.83000183105469,61.9900016784668,62.209999084472656,306300.0
2017-04-05,62.720001220703125,63.5099983215332,61.880001068115234,61.9900016784668,252600.0
2017-04-06,62.02000045776367,62.959999084472656,62.02000045776367,62.5,234700.0
2017-04-07,62.119998931884766,63.68000030517578,62.08000183105469,62.880001068115234,272400.0
2017-04-10,62.779998779296875,63.59000015258789,62.439998626708984,62.63999938964844,244000.0
2017-04-11,62.310001373291016,63.790000915527344,62.150001525878906,63.779998779296875,278800.0
2017-04-12,63.380001068115234,63.380001068115234,61.08000183105469,61.16999816894531,441900.0
2017-04-13,61.040000915527344,61.689998626708984,60.310001373291016,60.38999938964844,292800.0
2017-04-17,60.56999969482422,61.689998626708984,60.29999923706055,61.65999984741211,267100.0
2017-04-18,61.13999938964844,61.7599983215332,60.97999954223633,61.369998931884766,279700.0
2017-04-19,61.83000183105469,62.369998931884766,61.650001525878906,62.0099983215332,339800.0
2017-04-20,62.43000030517578,63.45000076293945,61.939998626708984,63.22999954223633,245600.0
2017-04-21,63.119998931884766,63.119998931884766,62.150001525878906,62.54999923706055,335100.0
2017-04-24,63.61000061035156,64.23999786376953,63.16999816894531,63.81999969482422,281300.0
2017-04-25,64.41000366210938,65.16999816894531,63.849998474121094,64.54000091552734,243700.0
2017-04-26,64.55999755859375,65.75,64.25,65.26000213623047,413900.0
2017-04-27,65.98999786376953,69.13999938964844,65.7699966430664,67.37000274658203,729500.0
2017-04-28,67.80000305175781,67.80000305175781,65.26000213623047,65.73999786376953,545600.0
2017-05-01,66.02999877929688,66.62000274658203,65.19000244140625,66.4000015258789,304800.0
2017-05-02,66.2699966430664,66.69999694824219,65.72000122070312,66.5999984741211,220500.0
2017-05-03,66.02999877929688,66.45999908447266,65.58999633789062,66.05000305175781,220600.0
2017-05-04,66.19999694824219,66.62000274658203,65.55999755859375,66.37000274658203,190800.0
2017-05-05,66.5999984741211,66.5999984741211,65.55999755859375,66.23999786376953,209600.0
2017-05-08,66.0199966430664,66.27999877929688,65.31999969482422,65.80000305175781,165500.0
2017-05-09,65.8499984741211,66.2699966430664,65.5,65.7699966430664,211900.0
2017-05-10,65.61000061035156,65.68000030517578,64.95999908447266,65.3499984741211,197900.0
2017-05-11,65.08999633789062,65.3499984741211,63.79999923706055,64.94999694824219,223500.0
2017-05-12,64.5,64.77999877929688,63.97999954223633,64.51000213623047,210700.0
2017-05-15,64.70999908447266,65.41000366210938,64.63999938964844,64.73999786376953,185000.0
2017-05-16,64.77999877929688,65.30999755859375,63.84000015258789,64.41999816894531,192800.0
2017-05-17,64.41999816894531,64.41999816894531,62.43000030517578,62.93000030517578,299800.0
2017-05-18,62.529998779296875,63.16999816894531,62.380001068115234,62.459999084472656,189400.0
2017-05-19,62.79999923706055,64.11000061035156,62.65999984741211,63.31999969482422,240900.0
2017-05-22,63.47999954223633,63.4900016784668,62.439998626708984,63.04999923706055,456000.0
2017-05-23,63.650001525878906,64.33000183105469,63.150001525878906,64.08000183105469,360000.0
2017-05-24,64.0999984741211,64.44999694824219,63.540000915527344,64.0199966430664,223800.0
2017-05-25,64.31999969482422,64.55000305175781,63.849998474121094,64.05000305175781,200400.0
2017-05-26,63.79999923706055,64.08000183105469,63.16999816894531,63.56999969482422,188600.0
2017-05-30,63.2400016784668,63.709999084472656,62.900001525878906,62.95000076293945,180200.0
2017-05-31,63.04999923706055,63.06999969482422,61.970001220703125,63.02000045776367,447600.0
2017-06-01,63.38999938964844,64.54000091552734,62.900001525878906,64.51000213623047,377000.0
2017-06-02,64.5,66.33999633789062,64.4800033569336,65.2699966430664,367900.0
2017-06-05,65.2300033569336,65.2300033569336,63.93000030517578,64.55999755859375,277100.0
2017-06-06,63.93000030517578,64.41000366210938,63.45000076293945,63.970001220703125,215200.0
2017-06-07,63.970001220703125,64.5999984741211,63.77000045776367,63.93000030517578,207100.0
2017-06-08,63.9900016784668,65.19999694824219,63.9900016784668,64.8499984741211,328800.0
2017-06-09,65.06999969482422,67.12000274658203,65.06999969482422,66.75,321100.0
2017-06-12,66.80999755859375,67.16000366210938,65.45999908447266,65.69000244140625,314300.0
2017-06-13,65.98999786376953,66.61000061035156,65.31999969482422,66.0,326500.0
2017-06-14,66.12999725341797,66.19999694824219,64.80999755859375,65.68000030517578,341900.0
2017-06-15,64.63999938964844,65.6500015258789,64.5199966430664,65.30999755859375,277600.0
2017-06-16,65.30999755859375,65.66999816894531,64.93000030517578,65.33999633789062,642700.0
2017-06-19,65.62000274658203,66.44999694824219,65.5199966430664,65.94999694824219,615300.0
2017-06-20,65.61000061035156,65.80999755859375,64.23999786376953,64.7699966430664,307100.0
2017-06-21,64.98999786376953,65.56999969482422,64.12000274658203,64.2300033569336,388000.0
2017-06-22,64.2699966430664,64.8499984741211,63.779998779296875,64.62999725341797,251700.0
2017-06-23,64.70999908447266,65.70999908447266,64.22000122070312,65.62000274658203,1151700.0
2017-06-26,65.83000183105469,66.69000244140625,65.31999969482422,65.66000366210938,259900.0
2017-06-27,65.61000061035156,66.18000030517578,64.97000122070312,65.55999755859375,181900.0
2017-06-28,66.31999969482422,66.7300033569336,65.81999969482422,65.94000244140625,340700.0
2017-06-29,66.11000061035156,66.11000061035156,64.4000015258789,65.26000213623047,337600.0
2017-06-30,65.4800033569336,65.86000061035156,65.05000305175781,65.37999725341797,358400.0
2017-07-03,65.72000122070312,66.66000366210938,65.45999908447266,66.37999725341797,121900.0
2017-07-05,66.19999694824219,67.02999877929688,65.86000061035156,66.9000015258789,250300.0
2017-07-06,66.36000061035156,67.27999877929688,66.36000061035156,66.69000244140625,406000.0
2017-07-07,66.86000061035156,67.08000183105469,66.25,66.94999694824219,194000.0
2017-07-10,66.5,67.13999938964844,65.5199966430664,65.52999877929688,334100.0
2017-07-11,65.62999725341797,65.87999725341797,64.91999816894531,65.2300033569336,315200.0
2017-07-12,65.86000061035156,66.47000122070312,65.37000274658203,65.4000015258789,186900.0
2017-07-13,65.4000015258789,65.4000015258789,64.6500015258789,65.13999938964844,242400.0
2017-07-14,65.13999938964844,65.47000122070312,64.97000122070312,65.02999877929688,162000.0
2017-07-17,64.95999908447266,65.51000213623047,64.69000244140625,65.41000366210938,180500.0
2017-07-18,65.23999786376953,65.30999755859375,64.16999816894531,64.7699966430664,212900.0
2017-07-19,65.0,65.97000122070312,65.0,65.97000122070312,224600.0
2017-07-20,65.97000122070312,65.97000122070312,64.87999725341797,65.41999816894531,135800.0
2017-07-21,65.93000030517578,66.0,64.62999725341797,64.87000274658203,270800.0
2017-07-24,64.76000213623047,64.76000213623047,63.869998931884766,64.0199966430664,482500.0
2017-07-25,64.54000091552734,64.94000244140625,64.30999755859375,64.6500015258789,542000.0
2017-07-26,64.66999816894531,64.80999755859375,63.4900016784668,63.689998626708984,337100.0
2017-07-27,66.5,69.48999786376953,65.94999694824219,68.70999908447266,800300.0
2017-07-28,68.31999969482422,69.16999816894531,67.08000183105469,67.43000030517578,607700.0
2017-07-31,67.58999633789062,67.9000015258789,67.02999877929688,67.5,479200.0
2017-08-01,67.80999755859375,68.5,67.38999938964844,68.36000061035156,377400.0
2017-08-02,68.44999694824219,68.95999908447266,67.25,67.47000122070312,548600.0
2017-08-03,67.47000122070312,67.47000122070312,66.54000091552734,67.05000305175781,498800.0
2017-08-04,67.26000213623047,67.41000366210938,66.5,66.70999908447266,447300.0
2017-08-07,66.81999969482422,67.63999938964844,66.54000091552734,67.5199966430664,244200.0
2017-08-08,67.47000122070312,69.19999694824219,67.41000366210938,67.9800033569336,252000.0
2017-08-09,67.58999633789062,67.80999755859375,66.94999694824219,67.44999694824219,196200.0
2017-08-10,66.95999908447266,67.13999938964844,65.16999816894531,65.20999908447266,297900.0
2017-08-11,64.83999633789062,65.58000183105469,64.79000091552734,65.1500015258789,406000.0
2017-08-14,65.62999725341797,66.62999725341797,65.62999725341797,66.37000274658203,196300.0
2017-08-15,66.8499984741211,67.11000061035156,65.36000061035156,65.37000274658203,326900.0
2017-08-16,65.76000213623047,65.83000183105469,64.63999938964844,64.66000366210938,386500.0
2017-08-17,64.5199966430664,65.12999725341797,63.90999984741211,63.90999984741211,418000.0
2017-08-18,63.369998931884766,63.779998779296875,62.63999938964844,62.650001525878906,398100.0
2017-08-21,62.650001525878906,63.290000915527344,62.150001525878906,62.68000030517578,240500.0
2017-08-22,62.66999816894531,63.040000915527344,62.529998779296875,62.79999923706055,250300.0
2017-08-23,62.310001373291016,63.279998779296875,62.310001373291016,62.9900016784668,199000.0
2017-08-24,63.310001373291016,63.349998474121094,62.439998626708984,62.45000076293945,166200.0
2017-08-25,62.91999816894531,63.65999984741211,62.709999084472656,63.310001373291016,193100.0
2017-08-28,63.56999969482422,64.61000061035156,63.25,63.81999969482422,466100.0
2017-08-29,63.349998474121094,64.3499984741211,63.2400016784668,64.16999816894531,547500.0
2017-08-30,64.0199966430664,65.05000305175781,63.7400016784668,64.87000274658203,240100.0
2017-08-31,65.13999938964844,66.12000274658203,65.13999938964844,66.04000091552734,216400.0
2017-09-01,66.2699966430664,66.36000061035156,65.87999725341797,66.19000244140625,174300.0
2017-09-05,66.19000244140625,66.62999725341797,65.33999633789062,65.62999725341797,442700.0
2017-09-06,66.0,66.0,64.86000061035156,65.56999969482422,275200.0
2017-09-07,65.7699966430664,65.80999755859375,64.81999969482422,65.58000183105469,180200.0
2017-09-08,65.52999877929688,66.44999694824219,65.12999725341797,66.44999694824219,230000.0
2017-09-11,67.0,67.30999755859375,66.5,66.62000274658203,162700.0
2017-09-12,66.9800033569336,67.98999786376953,66.9800033569336,67.8499984741211,166700.0
2017-09-13,67.69000244140625,68.51000213623047,67.51000213623047,68.37999725341797,291900.0
2017-09-14,68.31999969482422,68.5999984741211,67.55999755859375,67.80999755859375,346300.0
2017-09-15,67.4800033569336,68.2699966430664,66.87999725341797,68.0,650600.0
2017-09-18,68.08999633789062,68.93000030517578,68.0199966430664,68.54000091552734,151100.0
2017-09-19,68.63999938964844,69.0,68.04000091552734,68.11000061035156,289200.0
2017-09-20,68.30000305175781,69.11000061035156,68.06999969482422,68.62999725341797,281700.0
2017-09-21,68.69000244140625,68.93000030517578,68.37999725341797,68.55000305175781,219700.0
2017-09-22,68.54000091552734,68.91000366210938,68.36000061035156,68.69999694824219,240500.0
2017-09-25,68.26000213623047,69.01000213623047,68.12999725341797,68.7300033569336,302700.0
2017-09-26,68.91000366210938,69.37000274658203,68.41000366210938,69.11000061035156,373000.0
2017-09-27,69.37999725341797,69.55999755859375,68.38999938964844,69.2699966430664,442500.0
2017-09-28,69.13999938964844,70.26000213623047,68.81999969482422,69.70999908447266,302600.0
2017-09-29,69.6500015258789,70.08000183105469,69.25,69.37999725341797,298200.0
2017-10-02,69.41000366210938,70.41999816894531,69.19000244140625,70.41000366210938,323800.0
2017-10-03,70.56999969482422,70.83999633789062,69.7300033569336,70.11000061035156,324500.0
2017-10-04,70.02999877929688,70.51000213623047,69.12000274658203,69.94999694824219,390200.0
2017-10-05,70.2699966430664,70.48999786376953,69.93000030517578,70.3499984741211,223100.0
2017-10-06,69.95999908447266,70.5,69.95999908447266,70.44999694824219,140000.0
2017-10-09,70.4000015258789,70.79000091552734,69.62000274658203,69.87000274658203,124600.0
2017-10-10,70.41000366210938,70.41000366210938,69.52999877929688,69.86000061035156,226000.0
2017-10-11,69.86000061035156,69.86000061035156,69.3499984741211,69.7300033569336,277500.0
2017-10-12,69.79000091552734,69.9000015258789,69.5,69.6500015258789,289900.0
2017-10-13,70.05000305175781,70.33000183105469,69.58000183105469,70.19000244140625,254400.0
2017-10-16,70.41999816894531,70.8499984741211,69.95999908447266,70.4000015258789,325000.0
2017-10-17,70.30999755859375,70.30999755859375,68.83000183105469,69.06999969482422,195600.0
2017-10-18,69.44000244140625,70.06999969482422,69.16000366210938,69.88999938964844,225600.0
2017-10-19,69.4800033569336,69.7699966430664,69.06999969482422,69.44999694824219,270200.0
2017-10-20,69.7699966430664,70.08000183105469,69.37000274658203,69.91999816894531,179500.0
2017-10-23,69.83000183105469,70.0199966430664,69.44999694824219,69.55000305175781,138400.0
2017-10-24,69.77999877929688,70.05000305175781,69.6500015258789,69.80000305175781,158400.0
2017-10-25,69.52999877929688,70.37999725341797,68.7699966430664,70.26000213623047,307900.0
2017-10-26,73.69999694824219,77.0999984741211,73.69999694824219,76.68000030517578,1189000.0
2017-10-27,77.2300033569336,80.63999938964844,76.83999633789062,79.37999725341797,839000.0
2017-10-30,79.16999816894531,79.98999786376953,78.18000030517578,79.33999633789062,719400.0
2017-10-31,79.91999816894531,80.87999725341797,79.33000183105469,80.51000213623047,446200.0
2017-11-01,81.41999816894531,81.5999984741211,80.36000061035156,80.5199966430664,434700.0
2017-11-02,80.61000061035156,81.61000061035156,80.08999633789062,81.16000366210938,367000.0
2017-11-03,81.16000366210938,81.7300033569336,81.1500015258789,81.25,258400.0
2017-11-06,81.44000244140625,81.7699966430664,80.83999633789062,81.48999786376953,265300.0
2017-11-07,81.5,81.68000030517578,80.94000244140625,81.54000091552734,263900.0
2017-11-08,80.98999786376953,81.54000091552734,80.4000015258789,81.20999908447266,451500.0
2017-11-09,80.26000213623047,80.5199966430664,78.58000183105469,79.26000213623047,433900.0
2017-11-10,78.9000015258789,79.7300033569336,78.75,79.04000091552734,484200.0
2017-11-13,78.4800033569336,79.04000091552734,78.08999633789062,78.9000015258789,245500.0
2017-11-14,78.44000244140625,78.63999938964844,77.80000305175781,78.04000091552734,282700.0
2017-11-15,77.36000061035156,77.8499984741211,76.36000061035156,76.86000061035156,542400.0
2017-11-16,76.95999908447266,78.25,76.95999908447266,78.11000061035156,395500.0
2017-11-17,77.66999816894531,79.05000305175781,77.66999816894531,78.75,257600.0
2017-11-20,78.75,79.93000030517578,78.30999755859375,79.66999816894531,247400.0
2017-11-21,79.87000274658203,80.72000122070312,79.41000366210938,79.8499984741211,322900.0
2017-11-22,79.94000244140625,80.38999938964844,79.11000061035156,79.11000061035156,318100.0
2017-11-24,79.5,79.5,78.86000061035156,79.06999969482422,163500.0
2017-11-27,78.91000366210938,79.45999908447266,77.98999786376953,78.13999938964844,442100.0
2017-11-28,78.13999938964844,79.97000122070312,78.06999969482422,79.81999969482422,679900.0
2017-11-29,79.94999694824219,81.19999694824219,79.9000015258789,80.88999938964844,467100.0
2017-11-30,81.23999786376953,81.37999725341797,80.48999786376953,80.7699966430664,480200.0
2017-12-01,80.83999633789062,81.38999938964844,77.76000213623047,80.55999755859375,250600.0
2017-12-04,81.1500015258789,81.87999725341797,80.41000366210938,80.55000305175781,499400.0
2017-12-05,80.58000183105469,80.91000366210938,80.04000091552734,80.37000274658203,332500.0
2017-12-06,80.18000030517578,80.77999877929688,80.01000213623047,80.23999786376953,217200.0
2017-12-07,80.19000244140625,80.88999938964844,79.87000274658203,80.47000122070312,516300.0
2017-12-08,80.66999816894531,81.30000305175781,79.7300033569336,81.12000274658203,226600.0
2017-12-11,81.30000305175781,81.30999755859375,80.55000305175781,81.08000183105469,464100.0
2017-12-12,81.2699966430664,81.47000122070312,80.68000030517578,81.08999633789062,466200.0
2017-12-13,81.26000213623047,81.48999786376953,80.69999694824219,81.06999969482422,291500.0
2017-12-14,81.0999984741211,81.0999984741211,79.31999969482422,79.62999725341797,310100.0
2017-12-15,80.0199966430664,82.02999877929688,79.97000122070312,81.08999633789062,828200.0
2017-12-18,81.6500015258789,82.66999816894531,81.55000305175781,82.5999984741211,268500.0
2017-12-19,82.56999969482422,82.94000244140625,82.16999816894531,82.16999816894531,229900.0
2017-12-20,82.73999786376953,83.11000061035156,82.19999694824219,82.97000122070312,277800.0
2017-12-21,83.5199966430664,84.11000061035156,83.0999984741211,83.63999938964844,282300.0
2017-12-22,83.91000366210938,84.01000213623047,82.44000244140625,82.52999877929688,132700.0
2017-12-26,82.41999816894531,83.20999908447266,82.41999816894531,82.95999908447266,149400.0
2017-12-27,83.01000213623047,83.51000213623047,82.69999694824219,83.01000213623047,125700.0
2017-12-28,83.30999755859375,83.41999816894531,82.36000061035156,82.45999908447266,139700.0
2017-12-29,82.62999725341797,83.0,81.72000122070312,81.75,175500.0
2018-01-02,82.05000305175781,82.83000183105469,81.5,81.95999908447266,236700.0
2018-01-03,82.19000244140625,84.0,81.98999786376953,83.95999908447266,983800.0
2018-01-04,84.29000091552734,84.7300033569336,82.81999969482422,82.9800033569336,269900.0
2018-01-05,83.37000274658203,83.48999786376953,82.0199966430664,82.7300033569336,192500.0
2018-01-08,82.5199966430664,83.16000366210938,81.87000274658203,82.80000305175781,152900.0
2018-01-09,82.91000366210938,83.20999908447266,82.38999938964844,82.41999816894531,200500.0
2018-01-10,82.26000213623047,82.41000366210938,81.6500015258789,81.83000183105469,357800.0
2018-01-11,82.19999694824219,83.31999969482422,81.9800033569336,83.30999755859375,654100.0
2018-01-12,83.31999969482422,85.08000183105469,83.31999969482422,84.13999938964844,176700.0
2018-01-16,84.7699966430664,84.7699966430664,82.47000122070312,82.54000091552734,309800.0
2018-01-17,82.86000061035156,82.93000030517578,82.12999725341797,82.69000244140625,403500.0
2018-01-18,82.7300033569336,83.31999969482422,82.27999877929688,82.4800033569336,270900.0
2018-01-19,82.26000213623047,83.62000274658203,82.26000213623047,83.5999984741211,627600.0
2018-01-22,83.4000015258789,83.4000015258789,82.22000122070312,82.63999938964844,302400.0
2018-01-23,82.98999786376953,82.98999786376953,82.04000091552734,82.31999969482422,217300.0
2018-01-24,82.9000015258789,83.47000122070312,82.22000122070312,82.56999969482422,205100.0
2018-01-25,82.87000274658203,82.87000274658203,81.5999984741211,82.2699966430664,172400.0
2018-01-26,82.58999633789062,82.87000274658203,81.73999786376953,82.55000305175781,316600.0
2018-01-29,82.5,83.12999725341797,82.12999725341797,82.3499984741211,214400.0
2018-01-30,81.41999816894531,81.7699966430664,80.55000305175781,81.25,220800.0
2018-01-31,81.94999694824219,82.83999633789062,81.1500015258789,81.27999877929688,307500.0
2018-02-01,80.97000122070312,82.0,80.37999725341797,81.2699966430664,366100.0
2018-02-02,80.87000274658203,81.05999755859375,79.4000015258789,79.75,278000.0
2018-02-05,79.16000366210938,79.52999877929688,75.7300033569336,75.76000213623047,473600.0
2018-02-06,74.37000274658203,77.88999938964844,73.26000213623047,76.69999694824219,510800.0
2018-02-07,76.33999633789062,77.7699966430664,76.30999755859375,76.9000015258789,348600.0
2018-02-08,77.19000244140625,77.27999877929688,75.20999908447266,75.2300033569336,495600.0
2018-02-09,75.8499984741211,76.54000091552734,73.66999816894531,75.91000366210938,445000.0
2018-02-12,76.1500015258789,76.45999908447266,74.91000366210938,75.2300033569336,510900.0
2018-02-13,75.08999633789062,75.80000305175781,74.73999786376953,75.44000244140625,210500.0
2018-02-14,74.7699966430664,76.55000305175781,74.75,76.31999969482422,205300.0
2018-02-15,77.08999633789062,77.08999633789062,75.55999755859375,76.5,254000.0
2018-02-16,76.37000274658203,77.3499984741211,75.97000122070312,76.63999938964844,167300.0
2018-02-20,76.37999725341797,77.55000305175781,75.80999755859375,76.43000030517578,255500.0
2018-02-21,76.6500015258789,77.2300033569336,75.4000015258789,75.41999816894531,461100.0
2018-02-22,75.45999908447266,77.45999908447266,74.98999786376953,76.19000244140625,343800.0
2018-02-23,76.20999908447266,77.2699966430664,75.05999755859375,76.44999694824219,442700.0
2018-02-26,76.7300033569336,77.56999969482422,75.91000366210938,77.44999694824219,324200.0
2018-02-27,77.43000030517578,78.61000061035156,76.94999694824219,77.05000305175781,491200.0
2018-02-28,77.41000366210938,77.8499984741211,76.30000305175781,76.30999755859375,318900.0
2018-03-01,76.19000244140625,77.04000091552734,75.04000091552734,76.02999877929688,407100.0
2018-03-02,75.37999725341797,76.86000061035156,74.81999969482422,76.66000366210938,264800.0
2018-03-05,76.16000366210938,76.80000305175781,75.33000183105469,76.05000305175781,335100.0
2018-03-06,76.12999725341797,76.23999786376953,75.04000091552734,76.05999755859375,559200.0
2018-03-07,75.61000061035156,78.22000122070312,75.61000061035156,77.98999786376953,328500.0
2018-03-08,78.36000061035156,78.5,77.38999938964844,78.11000061035156,216700.0
2018-03-09,78.63999938964844,80.26000213623047,78.16999816894531,80.0999984741211,238900.0
2018-03-12,80.23999786376953,80.4800033569336,79.08999633789062,79.54000091552734,433200.0
2018-03-13,79.88999938964844,80.94999694824219,79.3499984741211,80.37999725341797,467200.0
2018-03-14,80.98999786376953,81.18000030517578,80.04000091552734,80.5,271800.0
2018-03-15,80.63999938964844,80.91999816894531,79.69000244140625,80.4000015258789,292100.0
2018-03-16,80.43000030517578,81.2300033569336,79.87000274658203,80.9800033569336,713500.0
2018-03-19,80.79000091552734,80.87000274658203,78.61000061035156,80.12000274658203,344800.0
2018-03-20,80.16999816894531,80.5999984741211,79.33999633789062,79.80000305175781,156500.0
2018-03-21,79.7699966430664,80.76000213623047,79.4000015258789,80.08999633789062,163200.0
2018-03-22,79.33000183105469,80.06999969482422,78.06999969482422,78.08000183105469,411400.0
2018-03-23,78.20999908447266,78.20999908447266,75.33999633789062,75.37999725341797,347800.0
2018-03-26,76.69000244140625,77.4800033569336,75.6500015258789,77.30000305175781,289000.0
2018-03-27,77.5999984741211,77.5999984741211,75.16999816894531,75.58999633789062,300700.0
2018-03-28,75.66000366210938,76.58999633789062,75.31999969482422,75.9800033569336,267100.0
2018-03-29,76.5,78.69000244140625,76.5,77.93000030517578,361400.0
2018-04-02,77.79000091552734,77.79000091552734,74.97000122070312,75.77999877929688,281200.0
2018-04-03,76.16000366210938,78.06999969482422,75.80999755859375,77.68000030517578,338900.0
2018-04-04,76.52999877929688,78.12000274658203,76.48999786376953,77.98999786376953,383400.0
2018-04-05,78.22000122070312,78.83000183105469,77.43000030517578,78.41000366210938,754700.0
2018-04-06,77.79000091552734,78.68000030517578,76.01000213623047,76.83999633789062,424800.0
2018-04-09,77.38999938964844,78.29000091552734,76.51000213623047,76.61000061035156,293000.0
2018-04-10,77.72000122070312,78.6500015258789,76.81999969482422,78.33000183105469,581800.0
2018-04-11,77.80000305175781,78.18000030517578,77.02999877929688,77.19000244140625,262100.0
2018-04-12,77.3499984741211,79.44000244140625,77.12000274658203,79.33000183105469,593400.0
2018-04-13,79.5,79.73999786376953,78.45999908447266,78.77999877929688,377200.0
2018-04-16,79.33999633789062,80.37999725341797,79.12999725341797,79.88999938964844,183500.0
2018-04-17,80.5199966430664,80.94000244140625,80.20999908447266,80.7699966430664,163200.0
2018-04-18,80.81999969482422,81.69999694824219,80.43000030517578,81.3499984741211,525700.0
2018-04-19,81.33000183105469,81.33000183105469,80.23999786376953,80.5999984741211,249000.0
2018-04-20,80.55000305175781,81.04000091552734,80.0199966430664,80.5,361300.0
2018-04-23,80.44000244140625,81.02999877929688,80.19999694824219,80.56999969482422,213100.0
2018-04-24,80.58999633789062,82.04000091552734,79.88999938964844,80.26000213623047,613900.0
2018-04-25,80.23999786376953,81.75,79.79000091552734,80.86000061035156,397300.0
2018-04-26,81.22000122070312,81.41000366210938,74.88999938964844,75.06999969482422,561900.0
2018-04-27,74.48999786376953,75.16000366210938,72.4000015258789,74.5999984741211,871400.0
2018-04-30,74.81999969482422,75.31999969482422,73.58999633789062,73.58999633789062,739300.0
2018-05-01,73.66000366210938,74.55000305175781,72.26000213623047,74.38999938964844,466200.0
2018-05-02,74.38999938964844,75.4800033569336,74.06999969482422,75.19999694824219,537400.0
2018-05-03,75.0999984741211,75.5,73.31999969482422,74.94999694824219,365400.0
2018-05-04,74.43000030517578,75.80999755859375,74.08999633789062,75.27999877929688,219600.0
2018-05-07,75.37999725341797,76.58000183105469,75.37999725341797,76.20999908447266,250100.0
2018-05-08,76.80000305175781,78.27999877929688,76.80000305175781,78.20999908447266,281400.0
2018-05-09,78.2300033569336,78.41000366210938,76.47000122070312,76.6500015258789,309700.0
2018-05-10,76.91999816894531,76.91999816894531,76.33000183105469,76.69999694824219,289500.0
2018-05-11,76.98999786376953,77.2300033569336,76.55000305175781,76.70999908447266,152600.0
2018-05-14,76.73999786376953,76.9800033569336,75.44000244140625,75.51000213623047,271000.0
2018-05-15,75.23999786376953,75.7699966430664,74.87999725341797,75.47000122070312,551300.0
2018-05-16,75.61000061035156,77.02999877929688,75.61000061035156,76.19000244140625,645100.0
2018-05-17,76.30999755859375,77.31999969482422,76.20999908447266,77.0,816400.0
2018-05-18,77.2300033569336,77.62999725341797,76.45999908447266,76.52999877929688,388700.0
2018-05-21,77.04000091552734,77.72000122070312,76.73999786376953,77.58999633789062,232600.0
2018-05-22,77.4000015258789,77.91000366210938,77.0,77.01000213623047,173700.0
2018-05-23,76.69000244140625,77.13999938964844,75.94999694824219,76.4800033569336,160200.0
2018-05-24,76.30000305175781,76.54000091552734,75.56999969482422,76.30999755859375,204900.0
2018-05-25,76.5,76.79000091552734,76.18000030517578,76.51000213623047,327200.0
2018-05-29,75.95999908447266,77.0,75.80000305175781,76.27999877929688,262000.0
2018-05-30,76.76000213623047,78.58000183105469,76.26000213623047,78.18000030517578,363800.0
2018-05-31,78.13999938964844,78.3499984741211,75.91999816894531,75.93000030517578,262400.0
2018-06-01,76.55000305175781,77.37999725341797,76.4000015258789,76.80000305175781,189400.0
2018-06-04,77.05000305175781,77.80000305175781,76.7300033569336,77.36000061035156,611500.0
2018-06-05,77.41000366210938,78.4800033569336,77.2699966430664,78.43000030517578,196400.0
2018-06-06,78.61000061035156,79.97000122070312,78.26000213623047,79.87999725341797,277100.0
2018-06-07,79.9000015258789,79.94999694824219,78.25,78.83000183105469,378700.0
2018-06-08,78.9000015258789,79.06999969482422,78.19999694824219,78.91999816894531,321100.0
2018-06-11,78.9800033569336,79.47000122070312,78.44000244140625,78.62000274658203,187500.0
2018-06-12,78.55000305175781,78.86000061035156,77.80999755859375,78.1500015258789,180400.0
2018-06-13,78.20999908447266,78.62000274658203,77.22000122070312,77.58000183105469,151700.0
2018-06-14,77.9000015258789,77.9000015258789,77.0,77.66999816894531,172700.0
2018-06-15,77.3499984741211,77.80999755859375,76.76000213623047,77.69999694824219,462400.0
2018-06-18,77.12000274658203,78.26000213623047,77.06999969482422,77.9800033569336,233700.0
2018-06-19,77.23999786376953,78.5,76.97000122070312,78.44999694824219,313900.0
2018-06-20,78.61000061035156,79.93000030517578,77.91999816894531,79.81999969482422,243200.0
2018-06-21,79.7300033569336,79.7300033569336,77.81999969482422,78.1500015258789,182600.0
2018-06-22,78.79000091552734,78.93000030517578,77.66999816894531,78.02999877929688,383900.0
2018-06-25,77.66999816894531,77.91999816894531,76.43000030517578,77.16999816894531,326300.0
2018-06-26,77.5,78.41000366210938,77.1500015258789,77.95999908447266,217300.0
2018-06-27,78.08999633789062,78.3499984741211,76.61000061035156,76.61000061035156,188500.0
2018-06-28,76.69000244140625,76.69000244140625,75.54000091552734,76.41000366210938,170600.0
2018-06-29,76.80999755859375,77.44999694824219,76.13999938964844,76.18000030517578,218500.0
2018-07-02,75.4000015258789,76.31999969482422,75.19999694824219,76.04000091552734,286800.0
2018-07-03,76.30999755859375,76.68000030517578,76.0999984741211,76.2300033569336,94000.0
2018-07-05,76.54000091552734,77.08999633789062,75.58000183105469,77.06999969482422,121500.0
2018-07-06,77.25,78.06999969482422,76.88999938964844,77.69000244140625,185100.0
2018-07-09,78.19000244140625,78.94000244140625,78.0199966430664,78.75,162400.0
2018-07-10,78.8499984741211,79.05000305175781,77.83000183105469,78.2699966430664,203500.0
2018-07-11,77.29000091552734,78.11000061035156,77.01000213623047,77.11000061035156,182800.0
2018-07-12,77.69000244140625,77.69000244140625,76.02999877929688,76.62999725341797,271000.0
2018-07-13,76.66000366210938,77.55000305175781,76.04000091552734,77.3499984741211,132100.0
2018-07-16,77.38999938964844,77.38999938964844,75.54000091552734,76.0,355000.0
2018-07-17,75.76000213623047,77.41999816894531,75.76000213623047,76.30000305175781,209900.0
2018-07-18,76.11000061035156,77.30999755859375,75.94999694824219,77.25,189600.0
2018-07-19,76.83000183105469,78.37999725341797,76.70999908447266,77.98999786376953,212600.0
2018-07-20,78.0,78.44999694824219,77.44999694824219,77.75,221000.0
2018-07-23,77.55000305175781,77.70999908447266,76.81999969482422,77.01000213623047,115400.0
2018-07-24,77.5999984741211,77.69999694824219,75.73999786376953,76.27999877929688,337600.0
2018-07-25,76.19999694824219,77.36000061035156,75.37000274658203,77.22000122070312,246300.0
2018-07-26,77.75,79.2699966430664,74.5999984741211,75.05000305175781,597600.0
2018-07-27,75.45999908447266,77.44000244140625,75.4000015258789,76.29000091552734,277100.0
2018-07-30,76.58999633789062,77.47000122070312,76.04000091552734,76.05999755859375,417400.0
2018-07-31,76.18000030517578,77.2300033569336,75.30000305175781,76.94999694824219,410900.0
2018-08-01,76.58999633789062,76.69000244140625,75.61000061035156,76.22000122070312,326300.0
2018-08-02,75.51000213623047,76.87999725341797,75.19000244140625,76.73999786376953,420300.0
2018-08-03,76.5999984741211,77.19999694824219,76.0,76.08999633789062,212900.0
2018-08-06,76.31999969482422,77.79000091552734,76.27999877929688,77.66999816894531,355200.0
2018-08-07,78.05000305175781,78.30000305175781,77.4000015258789,78.05000305175781,211100.0
2018-08-08,77.88999938964844,78.31999969482422,77.30999755859375,78.12000274658203,282300.0
2018-08-09,78.12000274658203,78.26000213623047,77.27999877929688,77.44000244140625,140000.0
2018-08-10,76.80999755859375,77.26000213623047,76.3499984741211,76.76000213623047,173000.0
2018-08-13,76.70999908447266,76.93000030517578,75.88999938964844,75.95999908447266,181400.0
2018-08-14,76.16000366210938,76.83000183105469,76.1500015258789,76.41000366210938,201500.0
2018-08-15,76.01000213623047,76.7699966430664,76.01000213623047,76.55000305175781,180900.0
2018-08-16,76.83000183105469,77.33999633789062,76.54000091552734,76.94999694824219,130200.0
2018-08-17,76.77999877929688,78.2699966430664,76.72000122070312,77.94000244140625,202800.0
2018-08-20,78.08000183105469,78.9000015258789,77.8499984741211,78.75,221900.0
2018-08-21,79.05000305175781,81.1500015258789,79.05000305175781,80.66999816894531,329800.0
2018-08-22,80.62999725341797,80.98999786376953,80.06999969482422,80.66999816894531,201600.0
2018-08-23,80.72000122070312,81.37000274658203,80.62999725341797,80.83000183105469,281100.0
2018-08-24,81.11000061035156,81.23999786376953,79.81999969482422,80.19999694824219,231000.0
2018-08-27,80.63999938964844,80.80999755859375,79.93000030517578,80.0,220900.0
2018-08-28,80.12999725341797,80.44000244140625,79.62999725341797,79.83999633789062,186100.0
2018-08-29,79.88999938964844,80.29000091552734,79.55000305175781,80.25,249100.0
2018-08-30,80.05000305175781,80.37000274658203,79.54000091552734,80.19000244140625,181900.0
2018-08-31,79.80000305175781,80.37999725341797,79.54000091552734,80.0999984741211,159400.0
2018-09-04,79.91999816894531,79.91999816894531,77.43000030517578,77.52999877929688,283000.0
2018-09-05,77.45999908447266,77.73999786376953,76.94000244140625,77.61000061035156,214400.0
2018-09-06,77.75,78.19000244140625,77.18000030517578,77.44999694824219,126200.0
2018-09-07,77.2300033569336,77.27999877929688,75.97000122070312,76.51000213623047,188900.0
2018-09-10,76.7699966430664,77.19999694824219,76.66000366210938,76.80999755859375,110700.0
2018-09-11,76.51000213623047,77.12000274658203,76.11000061035156,76.47000122070312,165700.0
2018-09-12,76.48999786376953,76.69000244140625,75.98999786376953,76.52999877929688,157500.0
2018-09-13,76.69999694824219,77.18000030517578,76.23999786376953,76.5999984741211,160300.0
2018-09-14,76.62000274658203,77.58999633789062,76.4000015258789,77.12000274658203,209700.0
2018-09-17,77.05000305175781,77.19999694824219,76.2699966430664,76.55999755859375,183400.0
2018-09-18,76.55999755859375,76.55999755859375,75.0,75.16999816894531,473500.0
2018-09-19,75.08999633789062,76.08999633789062,74.5,74.5999984741211,337200.0
2018-09-20,74.87999725341797,75.69999694824219,73.86000061035156,74.63999938964844,529400.0
2018-09-21,74.5,75.54000091552734,74.5,75.01000213623047,745900.0
2018-09-24,74.77999877929688,75.36000061035156,74.77999877929688,75.05000305175781,397800.0
2018-09-25,75.04000091552734,75.08000183105469,74.33999633789062,74.3499984741211,238000.0
2018-09-26,74.44000244140625,74.68000030517578,73.83000183105469,73.87999725341797,511800.0
2018-09-27,73.98999786376953,74.52999877929688,73.7300033569336,74.30999755859375,293700.0
2018-09-28,74.06999969482422,75.4000015258789,74.06999969482422,75.11000061035156,332900.0
2018-10-01,75.44000244140625,75.76000213623047,74.19999694824219,74.48999786376953,383100.0
2018-10-02,74.44999694824219,75.01000213623047,74.18000030517578,74.37999725341797,636200.0
2018-10-03,74.5199966430664,75.51000213623047,74.02999877929688,74.9000015258789,248600.0
2018-10-04,74.55000305175781,74.95999908447266,73.33000183105469,74.0,336000.0
2018-10-05,74.12999725341797,74.12999725341797,72.37000274658203,72.91000366210938,268500.0
2018-10-08,72.80999755859375,73.12000274658203,72.16000366210938,73.02999877929688,226400.0
2018-10-09,72.80000305175781,73.12999725341797,72.37000274658203,72.81999969482422,323900.0
2018-10-10,72.66999816894531,73.05999755859375,71.0999984741211,71.30999755859375,596700.0
2018-10-11,70.58999633789062,71.76000213623047,70.0,70.12999725341797,486500.0
2018-10-12,71.0199966430664,71.0199966430664,68.05000305175781,68.94000244140625,385000.0
2018-10-15,68.5999984741211,69.77999877929688,68.5999984741211,69.12000274658203,362100.0
2018-10-16,69.29000091552734,70.48999786376953,68.80000305175781,70.44999694824219,475100.0
2018-10-17,70.2300033569336,70.44000244140625,68.94000244140625,69.5,334600.0
2018-10-18,69.16999816894531,69.4000015258789,68.04000091552734,68.30000305175781,319100.0
2018-10-19,68.27999877929688,68.9800033569336,67.91000366210938,68.0,370000.0
2018-10-22,68.36000061035156,68.94000244140625,68.01000213623047,68.55000305175781,314000.0
2018-10-23,67.54000091552734,68.23999786376953,67.0199966430664,67.4000015258789,512900.0
2018-10-24,67.29000091552734,68.0999984741211,63.810001373291016,63.900001525878906,568000.0
2018-10-25,65.30999755859375,69.55000305175781,65.30999755859375,68.20999908447266,1151600.0
2018-10-26,68.66000366210938,71.68000030517578,67.69000244140625,70.12999725341797,646500.0
2018-10-29,70.94999694824219,71.02999877929688,68.06999969482422,68.70999908447266,977200.0
2018-10-30,68.69000244140625,71.8499984741211,68.5199966430664,71.58000183105469,533100.0
2018-10-31,72.7699966430664,72.7699966430664,70.91000366210938,70.9800033569336,994600.0
2018-11-01,71.02999877929688,72.31999969482422,71.02999877929688,71.98999786376953,489200.0
2018-11-02,72.55000305175781,73.5199966430664,72.04000091552734,72.88999938964844,488200.0
2018-11-05,72.91000366210938,73.41000366210938,72.01000213623047,73.02999877929688,318800.0
2018-11-06,72.75,74.61000061035156,72.75,74.37999725341797,657500.0
2018-11-07,74.83999633789062,76.18000030517578,74.0999984741211,75.91999816894531,346100.0
2018-11-08,75.93000030517578,76.05999755859375,75.18000030517578,75.43000030517578,257600.0
2018-11-09,75.0999984741211,75.55000305175781,73.41999816894531,74.20999908447266,478400.0
2018-11-12,74.2300033569336,74.7699966430664,73.4000015258789,73.69000244140625,407500.0
2018-11-13,73.87000274658203,75.22000122070312,73.22000122070312,73.29000091552734,369500.0
2018-11-14,73.94000244140625,74.3499984741211,73.3499984741211,73.66999816894531,341300.0
2018-11-15,73.0999984741211,74.58999633789062,72.25,74.26000213623047,225500.0
2018-11-16,73.68000030517578,74.30000305175781,73.19999694824219,74.06999969482422,282600.0
2018-11-19,73.87000274658203,74.19999694824219,72.27999877929688,72.68000030517578,213200.0
2018-11-20,72.13999938964844,72.66999816894531,71.13999938964844,71.63999938964844,478900.0
2018-11-21,71.94000244140625,73.04000091552734,71.8499984741211,72.13999938964844,147400.0
2018-11-23,71.30999755859375,72.47000122070312,71.30999755859375,71.52999877929688,138300.0
2018-11-26,72.30000305175781,72.83999633789062,71.95999908447266,72.66999816894531,301400.0
2018-11-27,72.55999755859375,72.7300033569336,71.88999938964844,72.12999725341797,333600.0
2018-11-28,72.30999755859375,74.12000274658203,71.37000274658203,74.04000091552734,314400.0
2018-11-29,73.75,74.16999816894531,72.33000183105469,72.38999938964844,177100.0
2018-11-30,72.37999725341797,73.01000213623047,71.95999908447266,72.86000061035156,327100.0
2018-12-03,73.87999725341797,74.0999984741211,71.66999816894531,72.5199966430664,396900.0
2018-12-04,72.51000213623047,72.51000213623047,68.83000183105469,68.94000244140625,363600.0
2018-12-06,67.87000274658203,68.94000244140625,66.80000305175781,68.86000061035156,532100.0
2018-12-07,68.79000091552734,69.08999633789062,66.05000305175781,66.45999908447266,258400.0
2018-12-10,66.41000366210938,66.41000366210938,64.98999786376953,65.16000366210938,307400.0
2018-12-11,66.0999984741211,66.13999938964844,64.45999908447266,64.79000091552734,386200.0
2018-12-12,65.91000366210938,66.91000366210938,65.44999694824219,65.80999755859375,375800.0
2018-12-13,66.13999938964844,66.37999725341797,64.77999877929688,64.80999755859375,283200.0
2018-12-14,63.880001068115234,65.0,63.2400016784668,63.5099983215332,486000.0
2018-12-17,63.5,64.41000366210938,62.79999923706055,63.0,497900.0
2018-12-18,63.66999816894531,64.18000030517578,62.470001220703125,62.4900016784668,389900.0
2018-12-19,62.400001525878906,63.33000183105469,61.18000030517578,61.40999984741211,442200.0
2018-12-20,61.33000183105469,62.150001525878906,59.869998931884766,60.349998474121094,567600.0
2018-12-21,60.33000183105469,61.09000015258789,57.90999984741211,58.119998931884766,1098700.0
2018-12-24,57.90999984741211,59.040000915527344,57.400001525878906,57.529998779296875,285400.0
2018-12-26,57.689998626708984,60.15999984741211,57.290000915527344,60.09000015258789,500400.0
2018-12-27,59.099998474121094,59.88999938964844,57.93000030517578,59.83000183105469,307300.0
2018-12-28,59.79999923706055,60.040000915527344,58.45000076293945,59.029998779296875,337100.0
2018-12-31,59.220001220703125,59.91999816894531,58.619998931884766,59.689998626708984,266600.0
2019-01-02,58.7400016784668,59.65999984741211,58.15999984741211,59.36000061035156,541300.0
2019-01-03,59.20000076293945,59.33000183105469,58.04999923706055,58.09000015258789,262700.0
2019-01-04,59.150001525878906,60.68000030517578,58.86000061035156,60.27000045776367,285100.0
2019-01-07,60.47999954223633,62.06999969482422,59.95000076293945,61.400001525878906,333000.0
2019-01-08,61.849998474121094,62.54999923706055,61.31999969482422,62.349998474121094,209800.0
2019-01-09,62.689998626708984,63.15999984741211,62.099998474121094,62.970001220703125,183100.0
2019-01-10,62.70000076293945,63.70000076293945,62.58000183105469,63.529998779296875,206000.0
2019-01-11,63.209999084472656,64.25,63.040000915527344,64.02999877929688,237500.0
2019-01-14,63.529998779296875,64.63999938964844,63.189998626708984,63.709999084472656,299800.0
2019-01-15,63.849998474121094,64.04000091552734,62.959999084472656,63.529998779296875,365800.0
2019-01-16,63.5099983215332,64.2300033569336,63.43000030517578,63.470001220703125,265600.0
2019-01-17,63.16999816894531,64.44999694824219,63.16999816894531,64.04000091552734,386900.0
2019-01-18,64.5999984741211,65.37000274658203,64.04000091552734,64.9000015258789,449800.0
2019-01-22,64.25,64.7699966430664,63.209999084472656,63.95000076293945,473900.0
2019-01-23,64.48999786376953,65.11000061035156,63.11000061035156,63.380001068115234,337700.0
2019-01-24,63.27000045776367,64.41999816894531,63.130001068115234,63.93000030517578,230600.0
2019-01-25,64.68000030517578,65.13999938964844,64.37000274658203,64.41000366210938,196600.0
2019-01-28,63.779998779296875,64.25,62.869998931884766,63.900001525878906,382800.0
2019-01-29,64.44000244140625,64.91000366210938,63.900001525878906,64.61000061035156,636500.0
2019-01-30,64.91000366210938,65.37000274658203,63.529998779296875,65.08999633789062,400800.0
2019-01-31,65.02999877929688,65.73999786376953,64.73999786376953,65.2300033569336,661200.0
2019-02-01,65.18000030517578,65.8499984741211,64.43000030517578,64.7699966430664,295900.0
2019-02-04,64.7300033569336,65.36000061035156,64.3499984741211,65.18000030517578,356700.0
2019-02-05,65.37999725341797,66.12999725341797,65.37999725341797,66.08999633789062,288500.0
2019-02-06,66.01000213623047,66.8499984741211,65.77999877929688,66.30000305175781,275500.0
2019-02-07,65.93000030517578,66.12999725341797,64.75,64.97000122070312,231400.0
2019-02-08,64.62000274658203,65.01000213623047,63.97999954223633,64.79000091552734,199000.0
2019-02-11,64.94999694824219,65.41000366210938,64.23999786376953,65.33999633789062,269500.0
2019-02-12,65.76000213623047,66.88999938964844,65.76000213623047,66.44999694824219,199000.0
2019-02-13,66.37999725341797,67.33999633789062,66.37000274658203,67.0,272400.0
2019-02-14,66.5199966430664,67.69000244140625,66.5199966430664,67.29000091552734,329800.0
2019-02-15,67.52999877929688,68.29000091552734,67.52999877929688,68.04000091552734,231800.0
2019-02-19,67.91999816894531,68.55999755859375,67.69999694824219,68.11000061035156,223600.0
2019-02-20,68.23999786376953,69.12000274658203,68.2300033569336,68.87000274658203,445500.0
2019-02-21,68.87000274658203,70.70999908447266,67.62000274658203,70.58999633789062,470600.0
2019-02-22,71.19999694824219,72.5999984741211,71.19999694824219,71.98999786376953,623500.0
2019-02-25,72.47000122070312,72.79000091552734,71.75,72.0999984741211,458300.0
2019-02-26,72.19000244140625,72.44999694824219,70.94999694824219,70.98999786376953,466000.0
2019-02-27,70.7699966430664,71.69000244140625,70.12999725341797,71.55999755859375,307800.0
2019-02-28,71.51000213623047,72.58999633789062,71.16000366210938,72.12999725341797,476100.0
2019-03-01,72.69999694824219,73.0199966430664,71.93000030517578,72.51000213623047,245800.0
2019-03-04,72.58999633789062,73.13999938964844,71.30000305175781,71.48999786376953,307000.0
2019-03-05,71.62999725341797,71.94999694824219,71.0199966430664,71.3499984741211,417100.0
2019-03-06,71.51000213623047,71.68000030517578,70.5999984741211,70.77999877929688,331200.0
2019-03-07,70.88999938964844,70.88999938964844,69.94999694824219,70.22000122070312,255000.0
2019-03-08,69.79000091552734,70.70999908447266,69.5,70.41000366210938,222000.0
2019-03-11,69.2699966430664,71.94000244140625,68.87000274658203,71.9000015258789,545300.0
2019-03-12,71.94999694824219,72.12999725341797,71.33999633789062,71.55000305175781,292200.0
2019-03-13,71.93000030517578,72.54000091552734,71.51000213623047,72.13999938964844,509100.0
2019-03-14,72.16999816894531,72.5999984741211,71.6500015258789,72.16999816894531,342600.0
2019-03-15,72.73999786376953,73.72000122070312,72.51000213623047,73.47000122070312,1044600.0
2019-03-18,73.5199966430664,74.01000213623047,73.25,73.69999694824219,346700.0
2019-03-19,74.1500015258789,74.29000091552734,73.41000366210938,73.5999984741211,396400.0
2019-03-20,73.43000030517578,74.56999969482422,72.80999755859375,73.51000213623047,384500.0
2019-03-21,73.25,74.5999984741211,73.25,73.58000183105469,356500.0
2019-03-22,73.13999938964844,74.11000061035156,73.02999877929688,73.16000366210938,704600.0
2019-03-25,73.19000244140625,73.48999786376953,72.56999969482422,72.86000061035156,378500.0
2019-03-26,72.7300033569336,73.58000183105469,72.04000091552734,72.55000305175781,716400.0
2019-03-27,72.6500015258789,73.20999908447266,71.87999725341797,72.37999725341797,591300.0
2019-03-28,72.58000183105469,73.33999633789062,72.2699966430664,73.25,385600.0
2019-03-29,73.83999633789062,74.05000305175781,72.91000366210938,73.08000183105469,353300.0
2019-04-01,73.69999694824219,75.0199966430664,73.45999908447266,74.91000366210938,252700.0
2019-04-02,75.04000091552734,75.04000091552734,73.70999908447266,74.25,261300.0
2019-04-03,74.69999694824219,75.29000091552734,74.37000274658203,74.45999908447266,202300.0
2019-04-04,74.52999877929688,75.27999877929688,74.52999877929688,74.95999908447266,220100.0
2019-04-05,75.1500015258789,75.72000122070312,74.83000183105469,75.44999694824219,185500.0
2019-04-08,75.19999694824219,75.44999694824219,74.87999725341797,75.06999969482422,338100.0
2019-04-09,74.58000183105469,74.73999786376953,73.79000091552734,73.93000030517578,204800.0
2019-04-10,74.0,74.62000274658203,73.61000061035156,74.33999633789062,369600.0
2019-04-11,74.55999755859375,76.12000274658203,74.30000305175781,76.08000183105469,372500.0
2019-04-12,76.4000015258789,76.9800033569336,76.12999725341797,76.61000061035156,285400.0
2019-04-15,76.69000244140625,76.9800033569336,76.31999969482422,76.7699966430664,258800.0
2019-04-16,77.04000091552734,77.37000274658203,76.73999786376953,76.80000305175781,276600.0
2019-04-17,77.12999725341797,77.12999725341797,76.06999969482422,76.97000122070312,468200.0
2019-04-18,76.72000122070312,79.83999633789062,76.22000122070312,79.55999755859375,1153000.0
2019-04-22,80.0,81.02999877929688,78.5199966430664,79.87999725341797,1448400.0
2019-04-23,80.05999755859375,80.68000030517578,78.87000274658203,79.80000305175781,1433900.0
2019-04-24,79.80999755859375,81.62000274658203,79.52999877929688,80.6500015258789,845600.0
2019-04-25,80.37000274658203,81.05999755859375,79.36000061035156,80.69999694824219,581600.0
2019-04-26,81.05000305175781,81.05000305175781,79.7699966430664,79.83999633789062,550000.0
2019-04-29,80.01000213623047,80.44999694824219,79.12999725341797,80.12000274658203,447500.0
2019-04-30,81.1500015258789,84.61000061035156,79.98999786376953,84.13999938964844,632600.0
2019-05-01,84.58000183105469,84.75,81.91999816894531,81.94000244140625,318200.0
2019-05-02,81.87000274658203,82.62999725341797,80.93000030517578,82.41000366210938,297600.0
2019-05-03,82.95999908447266,83.30999755859375,82.44000244140625,82.83000183105469,223200.0
2019-05-06,81.61000061035156,83.75,81.08000183105469,83.5,235900.0
2019-05-07,82.69000244140625,83.44999694824219,81.48999786376953,82.1500015258789,178700.0
2019-05-08,82.19000244140625,82.97000122070312,81.54000091552734,81.7300033569336,208800.0
2019-05-09,81.20999908447266,82.68000030517578,80.75,82.16999816894531,190000.0
2019-05-10,82.08000183105469,82.94000244140625,81.0,82.58000183105469,224000.0
2019-05-13,81.02999877929688,81.48999786376953,79.9800033569336,80.31999969482422,301400.0
2019-05-14,80.31999969482422,82.1500015258789,79.94000244140625,81.69999694824219,266900.0
2019-05-15,81.12000274658203,82.47000122070312,81.05999755859375,81.76000213623047,384100.0
2019-05-16,81.83999633789062,83.04000091552734,81.81999969482422,82.29000091552734,315600.0
2019-05-17,81.56999969482422,82.81999969482422,81.0999984741211,81.12999725341797,237800.0
2019-05-20,80.5999984741211,81.69999694824219,80.58000183105469,81.61000061035156,175100.0
2019-05-21,82.20999908447266,83.70999908447266,82.20999908447266,83.33999633789062,515200.0
2019-05-22,83.06999969482422,83.30999755859375,81.69999694824219,81.83999633789062,302800.0
2019-05-23,81.08999633789062,81.08999633789062,80.05000305175781,80.68000030517578,399000.0
2019-05-24,81.25,82.30999755859375,81.2300033569336,82.12999725341797,276100.0
2019-05-28,82.4800033569336,82.95999908447266,81.33000183105469,81.5199966430664,209400.0
2019-05-29,81.05000305175781,81.51000213623047,80.66000366210938,81.2300033569336,294900.0
2019-05-30,81.4800033569336,82.61000061035156,80.66999816894531,81.38999938964844,537300.0
2019-05-31,80.55999755859375,80.68000030517578,79.94000244140625,80.55999755859375,358100.0
2019-06-03,80.70999908447266,81.9800033569336,80.2699966430664,80.94999694824219,272300.0
2019-06-04,81.75,83.76000213623047,81.62000274658203,83.6500015258789,236000.0
2019-06-05,83.95999908447266,84.12000274658203,82.3499984741211,83.8499984741211,231000.0
2019-06-06,83.73999786376953,84.2699966430664,83.16999816894531,83.87999725341797,199200.0
2019-06-07,84.5,85.30999755859375,84.16999816894531,84.2300033569336,173100.0
2019-06-10,84.66000366210938,84.88999938964844,83.27999877929688,83.9800033569336,215700.0
2019-06-11,84.58999633789062,84.72000122070312,82.30000305175781,83.0,399900.0
2019-06-12,82.72000122070312,83.76000213623047,82.05999755859375,82.83999633789062,285800.0
2019-06-13,83.23999786376953,84.68000030517578,83.16999816894531,84.6500015258789,208600.0
2019-06-14,84.56999969482422,85.31999969482422,83.55000305175781,83.61000061035156,214300.0
2019-06-17,83.61000061035156,84.19999694824219,83.3499984741211,83.66000366210938,177000.0
2019-06-18,84.33999633789062,85.05000305175781,83.80999755859375,83.83999633789062,225500.0
2019-06-19,83.95999908447266,84.4800033569336,83.16999816894531,84.12999725341797,181300.0
2019-06-20,84.9800033569336,85.4000015258789,84.22000122070312,84.8499984741211,256900.0
2019-06-21,84.36000061035156,84.43000030517578,83.20999908447266,83.76000213623047,360800.0
2019-06-24,84.02999877929688,84.9800033569336,83.58999633789062,83.77999877929688,245900.0
2019-06-25,83.81999969482422,84.37999725341797,83.11000061035156,84.04000091552734,308600.0
2019-06-26,84.55000305175781,85.02999877929688,83.77999877929688,84.79000091552734,254500.0
2019-06-27,85.12000274658203,86.18000030517578,85.02999877929688,86.18000030517578,298600.0
2019-06-28,86.54000091552734,88.2699966430664,86.54000091552734,88.0999984741211,574200.0
2019-07-01,88.5,88.5,87.37000274658203,87.8499984741211,336000.0
2019-07-02,88.11000061035156,88.68000030517578,87.58999633789062,88.61000061035156,326600.0
2019-07-03,88.80000305175781,88.91000366210938,88.08999633789062,88.9000015258789,114600.0
2019-07-05,88.62000274658203,89.27999877929688,87.5999984741211,89.19999694824219,225700.0
2019-07-08,88.91999816894531,89.55000305175781,88.63999938964844,89.13999938964844,365500.0
2019-07-09,88.4800033569336,88.97000122070312,87.45999908447266,88.20999908447266,237300.0
2019-07-10,88.81999969482422,88.9800033569336,86.66000366210938,86.86000061035156,317500.0
2019-07-11,86.9800033569336,87.55999755859375,86.05000305175781,86.8499984741211,312200.0
2019-07-12,87.31999969482422,88.0999984741211,86.86000061035156,87.2300033569336,299800.0
2019-07-15,87.5,87.76000213623047,87.16000366210938,87.73999786376953,185500.0
2019-07-16,87.79000091552734,88.47000122070312,87.30999755859375,87.87999725341797,270000.0
2019-07-17,87.1500015258789,87.36000061035156,84.4800033569336,84.70999908447266,384500.0
2019-07-18,84.63999938964844,85.30000305175781,84.4800033569336,84.98999786376953,180000.0
2019-07-19,84.93000030517578,85.54000091552734,83.26000213623047,83.4000015258789,353600.0
2019-07-22,83.45999908447266,84.37999725341797,82.54000091552734,82.79000091552734,560200.0
2019-07-23,83.22000122070312,83.88999938964844,82.83999633789062,83.44999694824219,247000.0
2019-07-24,83.16999816894531,84.97000122070312,82.93000030517578,84.69999694824219,292500.0
2019-07-25,84.79000091552734,85.13999938964844,83.9000015258789,84.06999969482422,199100.0
2019-07-26,84.18000030517578,84.7699966430664,83.58999633789062,84.12000274658203,282200.0
2019-07-29,84.08999633789062,84.62999725341797,83.80999755859375,84.2300033569336,275600.0
2019-07-30,87.0999984741211,87.0999984741211,83.26000213623047,84.95999908447266,491000.0
2019-07-31,84.98999786376953,85.66999816894531,83.55999755859375,84.38999938964844,486900.0
2019-08-01,84.72000122070312,85.41999816894531,82.30999755859375,83.44000244140625,359300.0
2019-08-02,83.0,83.01000213623047,81.37999725341797,82.27999877929688,387200.0
2019-08-05,80.76000213623047,81.12000274658203,79.58999633789062,80.6500015258789,351700.0
2019-08-06,80.72000122070312,82.08999633789062,80.72000122070312,81.29000091552734,305800.0
2019-08-07,80.30999755859375,81.73999786376953,80.25,81.58999633789062,293100.0
2019-08-08,82.30000305175781,85.12000274658203,82.30000305175781,85.01000213623047,498900.0
2019-08-09,84.80999755859375,84.80999755859375,82.66999816894531,83.0999984741211,362200.0
2019-08-12,82.55000305175781,83.56999969482422,82.04000091552734,82.88999938964844,298900.0
2019-08-13,82.6500015258789,83.94000244140625,82.37000274658203,83.3499984741211,281500.0
2019-08-14,82.08000183105469,82.87000274658203,81.19999694824219,81.37000274658203,276700.0
2019-08-15,81.80000305175781,81.98999786376953,80.58999633789062,80.87000274658203,261400.0
2019-08-16,81.2699966430664,82.27999877929688,80.26000213623047,81.8499984741211,881400.0
2019-08-19,82.91000366210938,83.44999694824219,82.58000183105469,82.70999908447266,245200.0
2019-08-20,82.58000183105469,83.27999877929688,82.0,82.30999755859375,284400.0
2019-08-21,83.1500015258789,83.54000091552734,82.63999938964844,83.11000061035156,236200.0
2019-08-22,83.27999877929688,83.86000061035156,82.69000244140625,83.08999633789062,233800.0
2019-08-23,82.87999725341797,83.6500015258789,80.48999786376953,80.77999877929688,348500.0
2019-08-26,81.52999877929688,81.91000366210938,80.7300033569336,81.75,291800.0
2019-08-27,82.36000061035156,82.83000183105469,80.73999786376953,80.83999633789062,239800.0
2019-08-28,80.61000061035156,82.87000274658203,80.12000274658203,82.56999969482422,291700.0
2019-08-29,83.18000030517578,85.83000183105469,83.18000030517578,85.56999969482422,437800.0
2019-08-30,86.25,87.79000091552734,86.18000030517578,87.44000244140625,591600.0
2019-09-03,86.9800033569336,87.51000213623047,86.33999633789062,86.79000091552734,499600.0
2019-09-04,87.62000274658203,88.41999816894531,86.87000274658203,86.91000366210938,391200.0
2019-09-05,87.86000061035156,88.5199966430664,87.19999694824219,87.5999984741211,391300.0
2019-09-06,87.80000305175781,88.30000305175781,86.81999969482422,86.93000030517578,429900.0
2019-09-09,87.31999969482422,87.95999908447266,86.1500015258789,87.93000030517578,385200.0
2019-09-10,87.87999725341797,88.19000244140625,86.44999694824219,87.5999984741211,468800.0
2019-09-11,88.12000274658203,88.12000274658203,87.08000183105469,87.80999755859375,600400.0
2019-09-12,88.0,88.91000366210938,86.5199966430664,86.6500015258789,490900.0
2019-09-13,87.44000244140625,88.12999725341797,86.33000183105469,86.94999694824219,368500.0
2019-09-16,86.43000030517578,87.3499984741211,86.2699966430664,86.80000305175781,321300.0
2019-09-17,86.33999633789062,87.12000274658203,86.08999633789062,86.69000244140625,354100.0
2019-09-18,86.08999633789062,86.7300033569336,85.36000061035156,86.0199966430664,342500.0
2019-09-19,86.30000305175781,87.26000213623047,85.80999755859375,86.66000366210938,222000.0
2019-09-20,86.70999908447266,87.05000305175781,85.44999694824219,85.70999908447266,703800.0
2019-09-23,85.0999984741211,86.44000244140625,85.0999984741211,85.7300033569336,314000.0
2019-09-24,85.80000305175781,86.19999694824219,85.19999694824219,85.48999786376953,344700.0
2019-09-25,85.41999816894531,87.44000244140625,85.41999816894531,87.16999816894531,301100.0
2019-09-26,87.08999633789062,87.30999755859375,86.25,86.48999786376953,241900.0
2019-09-27,87.0199966430664,87.0199966430664,84.69999694824219,84.86000061035156,265800.0
2019-09-30,84.8499984741211,86.58000183105469,84.79000091552734,86.12000274658203,336300.0
2019-10-01,86.66000366210938,87.30000305175781,84.91999816894531,85.31999969482422,257800.0
2019-10-02,84.7699966430664,84.7699966430664,82.69999694824219,82.95999908447266,264300.0
2019-10-03,82.5999984741211,83.08999633789062,81.6500015258789,83.08000183105469,225000.0
2019-10-04,83.30999755859375,84.31999969482422,82.94000244140625,84.2699966430664,157000.0
2019-10-07,84.05999755859375,84.30000305175781,83.26000213623047,83.68000030517578,194700.0
2019-10-08,82.76000213623047,83.4000015258789,82.05000305175781,82.62999725341797,158600.0
2019-10-09,83.44999694824219,83.5199966430664,82.19999694824219,83.18000030517578,169300.0
2019-10-10,83.52999877929688,84.2699966430664,83.13999938964844,83.86000061035156,172700.0
2019-10-11,85.18000030517578,86.8499984741211,85.18000030517578,85.87000274658203,187000.0
2019-10-14,85.52999877929688,86.25,85.52999877929688,85.97000122070312,157900.0
2019-10-15,86.05999755859375,87.01000213623047,85.63999938964844,86.62000274658203,238700.0
2019-10-16,86.13999938964844,87.27999877929688,86.0199966430664,87.0999984741211,220400.0
2019-10-17,87.73999786376953,88.77999877929688,87.13999938964844,88.41000366210938,315700.0
2019-10-18,87.91999816894531,90.06999969482422,87.61000061035156,89.48999786376953,318300.0
2019-10-21,90.33000183105469,91.52999877929688,90.22000122070312,90.5199966430664,326000.0
2019-10-22,90.30000305175781,91.0,88.6500015258789,88.81999969482422,354100.0
2019-10-23,88.80000305175781,89.04000091552734,88.06999969482422,88.4800033569336,229400.0
2019-10-24,88.63999938964844,88.86000061035156,87.4800033569336,88.58000183105469,154700.0
2019-10-25,88.25,89.05999755859375,87.97000122070312,88.81999969482422,179700.0
2019-10-28,89.0,90.25,88.69999694824219,89.7300033569336,330700.0
2019-10-29,86.36000061035156,93.0,84.56999969482422,90.55000305175781,634300.0
2019-10-30,90.8499984741211,93.54000091552734,89.93000030517578,93.05000305175781,476800.0
2019-10-31,92.45999908447266,92.61000061035156,87.54000091552734,87.70999908447266,506300.0
2019-11-01,88.41000366210938,90.6500015258789,88.16999816894531,90.55000305175781,403000.0
2019-11-04,91.20999908447266,91.44999694824219,90.01000213623047,91.19000244140625,317000.0
2019-11-05,91.72000122070312,93.16000366210938,91.72000122070312,92.83000183105469,226500.0
2019-11-06,92.30000305175781,92.43000030517578,91.5,91.5999984741211,306300.0
2019-11-07,92.0,92.45999908447266,90.87000274658203,91.51000213623047,222500.0
2019-11-08,90.93000030517578,91.11000061035156,89.02999877929688,89.4000015258789,245300.0
2019-11-11,88.55999755859375,89.38999938964844,87.54000091552734,89.05000305175781,213000.0
2019-11-12,89.06999969482422,90.33000183105469,88.26000213623047,89.94000244140625,327400.0
2019-11-13,89.26000213623047,89.98999786376953,88.72000122070312,89.41000366210938,237300.0
2019-11-14,89.01000213623047,91.0,89.01000213623047,90.61000061035156,245100.0
2019-11-15,91.0,91.43000030517578,90.13999938964844,90.51000213623047,303200.0
2019-11-18,89.94000244140625,90.19999694824219,88.48999786376953,89.33999633789062,293100.0
2019-11-19,89.93000030517578,90.91000366210938,89.4800033569336,89.95999908447266,345700.0
2019-11-20,89.41000366210938,90.02999877929688,88.05000305175781,88.7699966430664,239000.0
2019-11-21,89.19000244140625,89.2699966430664,86.88999938964844,87.30000305175781,198100.0
2019-11-22,87.97000122070312,88.05999755859375,87.29000091552734,87.86000061035156,153100.0
2019-11-25,88.19000244140625,89.76000213623047,87.91000366210938,89.19000244140625,252000.0
2019-11-26,89.1500015258789,90.44000244140625,89.05999755859375,90.37000274658203,182900.0
2019-11-27,90.52999877929688,90.72000122070312,89.95999908447266,90.33000183105469,112100.0
2019-11-29,90.04000091552734,90.16000366210938,88.86000061035156,88.93000030517578,59300.0
2019-12-02,89.19999694824219,89.3499984741211,87.18000030517578,87.4000015258789,221100.0
2019-12-03,86.58999633789062,86.58999633789062,85.5199966430664,86.19999694824219,218500.0
2019-12-04,86.94999694824219,87.6500015258789,86.55999755859375,86.83999633789062,235000.0
2019-12-05,87.27999877929688,87.9000015258789,86.33000183105469,86.4800033569336,266900.0
2019-12-06,87.5,88.20999908447266,87.19999694824219,87.27999877929688,185800.0
2019-12-09,86.83000183105469,87.47000122070312,86.61000061035156,86.80000305175781,133600.0
2019-12-10,86.69999694824219,86.80000305175781,85.9000015258789,86.44000244140625,198100.0
2019-12-11,86.72000122070312,88.95999908447266,86.2300033569336,88.01000213623047,413900.0
2019-12-12,88.23999786376953,89.33999633789062,87.33000183105469,88.31999969482422,312500.0
2019-12-13,88.43000030517578,88.68000030517578,87.44000244140625,87.76000213623047,236300.0
2019-12-16,88.3499984741211,88.7699966430664,87.81999969482422,87.83999633789062,300500.0
2019-12-17,88.22000122070312,88.77999877929688,87.51000213623047,88.58999633789062,194200.0
2019-12-18,88.9800033569336,88.9800033569336,87.18000030517578,87.44999694824219,275700.0
2019-12-19,87.44000244140625,87.8499984741211,86.76000213623047,87.37000274658203,186800.0
2019-12-20,87.77999877929688,89.0,87.77999877929688,88.83000183105469,783300.0
2019-12-23,88.9000015258789,89.06999969482422,88.0,88.38999938964844,123600.0
2019-12-24,88.5199966430664,88.5199966430664,87.7699966430664,87.86000061035156,49100.0
2019-12-26,87.9800033569336,88.23999786376953,87.25,87.55000305175781,215600.0
2019-12-27,87.7699966430664,88.0,86.94000244140625,87.0999984741211,111900.0
2019-12-30,87.02999877929688,87.3499984741211,86.37999725341797,86.83999633789062,158800.0
2019-12-31,86.68000030517578,87.1500015258789,86.18000030517578,86.30000305175781,197200.0
2020-01-02,87.16000366210938,87.16000366210938,85.62000274658203,86.55000305175781,185300.0
2020-01-03,85.29000091552734,86.9800033569336,85.01000213623047,86.6500015258789,180900.0
2020-01-06,85.83999633789062,86.18000030517578,85.30999755859375,85.94999694824219,267800.0
2020-01-07,85.63999938964844,85.87999725341797,84.5,85.25,199800.0
2020-01-08,85.06999969482422,85.7300033569336,84.70999908447266,84.79000091552734,214700.0
2020-01-09,85.16000366210938,86.79000091552734,84.91000366210938,86.5,214800.0
2020-01-10,86.37999725341797,87.12000274658203,85.52999877929688,86.0,225000.0
2020-01-13,86.0,86.62000274658203,85.91000366210938,86.5199966430664,138100.0
2020-01-14,86.25,86.68000030517578,85.52999877929688,85.75,190200.0
2020-01-15,85.54000091552734,86.9000015258789,85.4000015258789,85.98999786376953,211400.0
2020-01-16,86.54000091552734,87.58000183105469,86.31999969482422,86.55999755859375,373500.0
2020-01-17,86.8499984741211,87.69999694824219,86.05000305175781,87.16000366210938,337400.0
2020-01-21,86.88999938964844,87.01000213623047,86.25,86.58000183105469,534800.0
2020-01-22,86.7699966430664,87.4000015258789,86.54000091552734,86.76000213623047,202900.0
2020-01-23,86.41999816894531,87.05999755859375,85.12999725341797,86.6500015258789,256400.0
2020-01-24,86.61000061035156,87.08000183105469,85.63999938964844,86.22000122070312,310400.0
2020-01-27,84.5199966430664,86.1500015258789,84.5,85.3499984741211,276300.0
2020-01-28,85.91999816894531,86.5,85.27999877929688,85.91000366210938,271900.0
2020-01-29,86.12000274658203,86.37999725341797,84.5199966430664,84.58999633789062,316700.0
2020-01-30,83.97000122070312,85.47000122070312,83.19000244140625,85.37000274658203,178900.0
2020-01-31,84.70999908447266,85.0999984741211,81.87999725341797,82.16999816894531,298900.0
2020-02-03,82.72000122070312,84.16999816894531,82.43000030517578,82.7300033569336,345800.0
2020-02-04,83.93000030517578,84.12999725341797,82.62000274658203,83.11000061035156,171700.0
2020-02-05,84.23999786376953,85.5999984741211,83.91000366210938,85.54000091552734,356100.0
2020-02-06,86.19999694824219,86.25,84.83999633789062,85.83000183105469,207600.0
2020-02-07,85.5199966430664,85.5199966430664,84.27999877929688,84.44999694824219,204900.0
2020-02-10,84.4000015258789,86.72000122070312,84.0199966430664,86.47000122070312,262800.0
2020-02-11,87.16999816894531,88.1500015258789,86.27999877929688,86.54000091552734,241400.0
2020-02-12,87.25,88.0,86.23999786376953,87.5,395200.0
2020-02-13,87.0,87.97000122070312,86.68000030517578,87.70999908447266,262600.0
2020-02-14,87.95999908447266,87.95999908447266,86.91999816894531,87.45999908447266,174300.0
2020-02-18,87.04000091552734,87.5,86.12000274658203,86.41999816894531,260500.0
2020-02-19,86.91000366210938,89.0199966430664,86.81999969482422,88.43000030517578,273500.0
2020-02-20,87.93000030517578,89.43000030517578,87.36000061035156,89.30000305175781,434700.0
2020-02-21,89.11000061035156,90.41999816894531,88.79000091552734,89.70999908447266,500400.0
2020-02-24,87.36000061035156,90.83999633789062,84.22000122070312,84.33000183105469,426600.0
2020-02-25,84.75,84.75,80.4800033569336,80.5199966430664,323200.0
2020-02-26,81.2699966430664,81.70999908447266,79.12000274658203,79.12000274658203,492000.0
2020-02-27,74.5999984741211,80.69999694824219,71.75,78.38999938964844,810600.0
2020-02-28,75.30000305175781,77.83000183105469,73.93000030517578,76.91999816894531,792300.0
2020-03-02,77.11000061035156,79.66999816894531,75.58000183105469,79.55999755859375,527200.0
2020-03-03,80.45999908447266,81.75,77.43000030517578,77.91000366210938,520800.0
2020-03-04,79.05999755859375,81.55000305175781,78.54000091552734,80.58999633789062,472300.0
2020-03-05,78.30999755859375,79.70999908447266,77.2699966430664,77.83000183105469,332700.0
2020-03-06,75.31999969482422,77.3499984741211,75.02999877929688,76.94999694824219,444800.0
2020-03-09,70.18000030517578,72.8499984741211,69.33000183105469,69.86000061035156,521900.0
2020-03-10,71.37000274658203,71.98999786376953,66.08000183105469,69.01000213623047,968200.0
2020-03-11,66.86000061035156,68.48999786376953,66.04000091552734,67.26000213623047,609500.0
2020-03-12,62.439998626708984,63.099998474121094,54.83000183105469,54.939998626708984,919500.0
2020-03-13,57.90999984741211,62.86000061035156,55.540000915527344,62.849998474121094,797500.0
2020-03-16,60.849998474121094,60.849998474121094,52.16999816894531,52.56999969482422,649300.0
2020-03-17,53.77000045776367,53.77000045776367,45.150001525878906,48.34000015258789,1304200.0
2020-03-18,44.709999084472656,55.849998474121094,41.849998474121094,48.779998779296875,1124900.0
2020-03-19,48.5,51.880001068115234,47.47999954223633,50.880001068115234,891700.0
2020-03-20,50.63999938964844,52.68000030517578,49.470001220703125,49.619998931884766,1183800.0
2020-03-23,49.54999923706055,51.599998474121094,48.560001373291016,51.119998931884766,750700.0
2020-03-24,53.119998931884766,54.41999816894531,50.560001373291016,52.91999816894531,604800.0
2020-03-25,52.83000183105469,56.77000045776367,52.720001220703125,54.47999954223633,486000.0
2020-03-26,55.04999923706055,62.15999984741211,55.04999923706055,61.779998779296875,390600.0
2020-03-27,59.7400016784668,60.869998931884766,57.77000045776367,57.86000061035156,672300.0
2020-03-30,57.880001068115234,59.61000061035156,56.439998626708984,59.13999938964844,618800.0
2020-03-31,58.9900016784668,62.2599983215332,58.95000076293945,61.31999969482422,502100.0
2020-04-01,58.66999816894531,59.689998626708984,55.75,56.599998474121094,529800.0
2020-04-02,56.5,59.939998626708984,56.45000076293945,58.70000076293945,309900.0
2020-04-03,58.189998626708984,58.900001525878906,54.68000030517578,56.06999969482422,458000.0
2020-04-06,58.400001525878906,61.06999969482422,58.13999938964844,59.02000045776367,700200.0
2020-04-07,61.7400016784668,63.060001373291016,59.22999954223633,59.91999816894531,501700.0
2020-04-08,60.97999954223633,61.630001068115234,59.459999084472656,60.34000015258789,516600.0
2020-04-09,61.70000076293945,63.93000030517578,60.5099983215332,63.349998474121094,378700.0
2020-04-13,62.91999816894531,63.02000045776367,60.099998474121094,60.88999938964844,266400.0
2020-04-14,62.33000183105469,63.209999084472656,60.93000030517578,62.11000061035156,234300.0
2020-04-15,59.63999938964844,60.470001220703125,58.5099983215332,58.91999816894531,341800.0
2020-04-16,59.06999969482422,59.79999923706055,58.040000915527344,59.099998474121094,590800.0
2020-04-17,60.779998779296875,63.459999084472656,60.16999816894531,63.310001373291016,266800.0
2020-04-20,61.68000030517578,62.52000045776367,60.97999954223633,61.06999969482422,321600.0
2020-04-21,59.220001220703125,62.029998779296875,58.900001525878906,61.08000183105469,683500.0
2020-04-22,62.65999984741211,62.86000061035156,61.150001525878906,61.400001525878906,530100.0
2020-04-23,61.90999984741211,64.16999816894531,61.90999984741211,62.599998474121094,268100.0
2020-04-24,62.849998474121094,63.97999954223633,61.689998626708984,62.97999954223633,218700.0
2020-04-27,63.0,64.54000091552734,63.0,63.630001068115234,470100.0
2020-04-28,65.69999694824219,67.88999938964844,65.25,67.2300033569336,329900.0
2020-04-29,69.54000091552734,71.91000366210938,68.0,69.83999633789062,452800.0
2020-04-30,67.2300033569336,68.25,63.43000030517578,63.529998779296875,742000.0
2020-05-01,61.349998474121094,61.9900016784668,57.81999969482422,59.630001068115234,657500.0
2020-05-04,58.38999938964844,60.040000915527344,57.900001525878906,59.47999954223633,487700.0
2020-05-05,60.59000015258789,61.650001525878906,59.900001525878906,60.04999923706055,422300.0
2020-05-06,60.09000015258789,60.310001373291016,58.099998474121094,58.15999984741211,301900.0
2020-05-07,59.189998626708984,60.369998931884766,58.790000915527344,60.040000915527344,230300.0
2020-05-08,61.43000030517578,62.689998626708984,60.88999938964844,62.529998779296875,240900.0
2020-05-11,61.619998931884766,61.619998931884766,59.290000915527344,59.34000015258789,559100.0
2020-05-12,59.599998474121094,59.61000061035156,56.25,56.38999938964844,545900.0
2020-05-13,55.7599983215332,56.04999923706055,54.65999984741211,55.91999816894531,668300.0
2020-05-14,54.54999923706055,56.47999954223633,52.95000076293945,56.40999984741211,505200.0
2020-05-15,56.130001068115234,57.45000076293945,55.22999954223633,57.0,1026000.0
2020-05-18,59.54999923706055,62.59000015258789,59.54999923706055,61.959999084472656,641700.0
2020-05-19,61.630001068115234,62.459999084472656,61.5099983215332,61.54999923706055,363700.0
2020-05-20,62.93000030517578,64.41000366210938,61.619998931884766,61.959999084472656,517500.0
2020-05-21,61.959999084472656,64.23999786376953,61.959999084472656,63.66999816894531,453600.0
2020-05-22,63.599998474121094,63.83000183105469,61.560001373291016,62.060001373291016,341500.0
2020-05-26,64.88999938964844,65.58999633789062,64.25,65.2300033569336,404300.0
2020-05-27,66.88999938964844,69.33000183105469,66.66000366210938,68.83999633789062,346000.0
2020-05-28,69.7300033569336,69.79000091552734,64.91000366210938,65.33999633789062,479900.0
2020-05-29,64.01000213623047,64.75,63.20000076293945,63.54999923706055,426200.0
2020-06-01,64.02999877929688,65.56999969482422,63.5099983215332,64.80000305175781,301900.0
2020-06-02,65.69000244140625,66.6500015258789,65.23999786376953,65.83000183105469,255700.0
2020-06-03,67.37999725341797,68.91000366210938,66.76000213623047,68.11000061035156,317000.0
2020-06-04,67.4800033569336,68.69999694824219,66.94999694824219,68.37000274658203,302100.0
2020-06-05,71.4000015258789,73.0,70.30999755859375,70.62000274658203,514400.0
2020-06-08,72.08999633789062,73.06999969482422,71.55999755859375,71.75,422700.0
2020-06-09,69.77999877929688,71.1500015258789,69.18000030517578,70.05999755859375,405700.0
2020-06-10,69.54000091552734,70.08999633789062,68.1500015258789,68.54000091552734,423800.0
2020-06-11,65.12000274658203,65.63999938964844,62.880001068115234,62.900001525878906,546400.0
2020-06-12,65.56999969482422,65.58000183105469,61.040000915527344,62.790000915527344,419600.0
2020-06-15,60.540000915527344,63.93000030517578,60.31999969482422,63.150001525878906,388400.0
2020-06-16,66.29000091552734,67.1500015258789,64.7699966430664,65.18000030517578,318700.0
2020-06-17,65.36000061035156,65.66999816894531,62.75,62.97999954223633,299700.0
2020-06-18,62.220001220703125,63.18000030517578,61.880001068115234,62.470001220703125,318400.0
2020-06-19,63.220001220703125,63.65999984741211,61.619998931884766,62.0099983215332,760000.0
2020-06-22,61.81999969482422,63.81999969482422,60.540000915527344,63.58000183105469,460600.0
2020-06-23,64.4800033569336,64.4800033569336,62.34000015258789,63.66999816894531,391500.0
2020-06-24,62.70000076293945,63.13999938964844,60.75,61.11000061035156,367300.0
2020-06-25,60.560001373291016,63.0099983215332,60.279998779296875,62.97999954223633,479100.0
2020-06-26,62.2599983215332,64.45999908447266,61.040000915527344,63.630001068115234,1424900.0
2020-06-29,64.75,65.33999633789062,63.689998626708984,65.2699966430664,331300.0
2020-06-30,64.83000183105469,66.5,64.7699966430664,66.13999938964844,298300.0
2020-07-01,66.11000061035156,66.37999725341797,64.36000061035156,64.68000030517578,303800.0
2020-07-02,66.30000305175781,66.86000061035156,64.6500015258789,64.83999633789062,244100.0
2020-07-06,66.18000030517578,66.37999725341797,64.63999938964844,65.33000183105469,290200.0
2020-07-07,64.47000122070312,64.72000122070312,62.63999938964844,62.68000030517578,251300.0
2020-07-08,62.369998931884766,62.93000030517578,60.52000045776367,61.2599983215332,282800.0
2020-07-09,60.970001220703125,61.029998779296875,58.720001220703125,59.2599983215332,378700.0
2020-07-10,59.599998474121094,60.77000045776367,59.220001220703125,60.45000076293945,227800.0
2020-07-13,61.22999954223633,62.31999969482422,59.869998931884766,60.81999969482422,216000.0
2020-07-14,60.5,62.189998626708984,60.27000045776367,62.09000015258789,246000.0
2020-07-15,63.939998626708984,65.47000122070312,63.439998626708984,64.51000213623047,317600.0
2020-07-16,64.0999984741211,64.97000122070312,63.599998474121094,64.05000305175781,231800.0
2020-07-17,63.9900016784668,65.12000274658203,63.83000183105469,63.86000061035156,194300.0
2020-07-20,63.29999923706055,63.79999923706055,62.15999984741211,62.459999084472656,181300.0
2020-07-21,63.349998474121094,64.18000030517578,62.970001220703125,63.189998626708984,481700.0
2020-07-22,62.619998931884766,63.65999984741211,62.45000076293945,63.529998779296875,239300.0
2020-07-23,63.220001220703125,65.08000183105469,63.220001220703125,64.22000122070312,333200.0
2020-07-24,64.22000122070312,64.73999786376953,63.400001525878906,63.529998779296875,290600.0
2020-07-27,63.189998626708984,64.69000244140625,62.650001525878906,64.48999786376953,229400.0
2020-07-28,64.25,65.77999877929688,64.25,64.7300033569336,396200.0
2020-07-29,65.30000305175781,70.87999725341797,65.29000091552734,70.58000183105469,634300.0
2020-07-30,69.12999725341797,69.68000030517578,68.19999694824219,69.19999694824219,470800.0
2020-07-31,68.44000244140625,68.80999755859375,67.56999969482422,68.5,561900.0
2020-08-03,70.97000122070312,72.12000274658203,69.58000183105469,71.12999725341797,581600.0
2020-08-04,71.41000366210938,73.26000213623047,70.72000122070312,72.76000213623047,487100.0
2020-08-05,73.83000183105469,74.12999725341797,72.5,73.5999984741211,434100.0
2020-08-06,73.68000030517578,74.26000213623047,72.48999786376953,72.7699966430664,295500.0
2020-08-07,72.31999969482422,74.6500015258789,72.30000305175781,74.61000061035156,371100.0
2020-08-10,75.2300033569336,77.41999816894531,74.88999938964844,76.5199966430664,334200.0
2020-08-11,77.76000213623047,78.3499984741211,76.25,76.6500015258789,287800.0
2020-08-12,77.51000213623047,78.25,76.66999816894531,77.05999755859375,265800.0
2020-08-13,76.36000061035156,76.97000122070312,75.69000244140625,76.33999633789062,209200.0
2020-08-14,75.58000183105469,76.44999694824219,75.44000244140625,75.69000244140625,249000.0
2020-08-17,75.94999694824219,76.41000366210938,75.62999725341797,75.91999816894531,298300.0
2020-08-18,75.70999908447266,75.95999908447266,75.22000122070312,75.3499984741211,339100.0
2020-08-19,75.52999877929688,75.88999938964844,74.51000213623047,75.29000091552734,209100.0
2020-08-20,74.16999816894531,75.41000366210938,74.01000213623047,74.18000030517578,326500.0
2020-08-21,73.62000274658203,74.13999938964844,73.26000213623047,73.56999969482422,258100.0
2020-08-24,74.31999969482422,74.87999725341797,73.55000305175781,74.56999969482422,281800.0
2020-08-25,75.19000244140625,75.19000244140625,73.80999755859375,74.12999725341797,257400.0
2020-08-26,73.9000015258789,74.37000274658203,73.33000183105469,73.73999786376953,191400.0
2020-08-27,74.37000274658203,75.55000305175781,73.91999816894531,75.0,258400.0
2020-08-28,75.5999984741211,76.01000213623047,75.05000305175781,75.94999694824219,251900.0
2020-08-31,75.19999694824219,76.25,74.94999694824219,75.01000213623047,306500.0
2020-09-01,74.47000122070312,76.05000305175781,73.41000366210938,75.93000030517578,340100.0
2020-09-02,75.95999908447266,76.83000183105469,75.6500015258789,76.6500015258789,279300.0
2020-09-03,76.98999786376953,76.98999786376953,72.6500015258789,73.06999969482422,433200.0
2020-09-04,74.54000091552734,74.55999755859375,72.20999908447266,72.5,329100.0
2020-09-08,71.66999816894531,72.23999786376953,70.63999938964844,70.80999755859375,272600.0
2020-09-09,71.33000183105469,72.18000030517578,70.37000274658203,70.91000366210938,270600.0
2020-09-10,71.18000030517578,71.26000213623047,68.98999786376953,69.41000366210938,307000.0
2020-09-11,69.58999633789062,69.58999633789062,68.16999816894531,68.52999877929688,247300.0
2020-09-14,69.11000061035156,70.12999725341797,68.47000122070312,69.91000366210938,248700.0
2020-09-15,70.36000061035156,70.68000030517578,69.55000305175781,69.62999725341797,164000.0
2020-09-16,69.88999938964844,70.7699966430664,69.70999908447266,70.0,352300.0
2020-09-17,69.16999816894531,71.25,68.62000274658203,70.62000274658203,298500.0
2020-09-18,70.9000015258789,71.05000305175781,68.02999877929688,68.87999725341797,844000.0
2020-09-21,67.33000183105469,67.33000183105469,64.41999816894531,65.27999877929688,305300.0
2020-09-22,65.58000183105469,66.3499984741211,64.30000305175781,66.25,348300.0
2020-09-23,66.25,69.44000244140625,65.91999816894531,66.41000366210938,408300.0
2020-09-24,66.76000213623047,67.26000213623047,65.55000305175781,66.79000091552734,225300.0
2020-09-25,66.05999755859375,66.73999786376953,65.83000183105469,66.44999694824219,168500.0
2020-09-28,67.48999786376953,68.63999938964844,67.25,68.2699966430664,237000.0
2020-09-29,68.05000305175781,68.22000122070312,66.4800033569336,67.48999786376953,215000.0
2020-09-30,67.7699966430664,68.95999908447266,67.61000061035156,67.70999908447266,309800.0
2020-10-01,67.87000274658203,68.33000183105469,67.0,68.11000061035156,251200.0
2020-10-02,67.05000305175781,69.63999938964844,67.05000305175781,69.13999938964844,157000.0
2020-10-05,70.16000366210938,71.26000213623047,69.9000015258789,70.79000091552734,394300.0
2020-10-06,71.6500015258789,73.27999877929688,70.52999877929688,70.86000061035156,266800.0
2020-10-07,71.62000274658203,72.7699966430664,70.77999877929688,70.98999786376953,304800.0
2020-10-08,71.70999908447266,72.25,70.79000091552734,71.63999938964844,231300.0
2020-10-09,72.52999877929688,72.52999877929688,70.63999938964844,71.55000305175781,184200.0
2020-10-12,71.70999908447266,74.0199966430664,71.70999908447266,73.61000061035156,170900.0
2020-10-13,72.62000274658203,73.19999694824219,71.91000366210938,71.98999786376953,165400.0
2020-10-14,72.30000305175781,72.79000091552734,71.23999786376953,71.27999877929688,107000.0
2020-10-15,70.0199966430664,71.7699966430664,69.80000305175781,71.52999877929688,185600.0
2020-10-16,71.41999816894531,72.20999908447266,71.12999725341797,71.29000091552734,159600.0
2020-10-19,71.86000061035156,72.9000015258789,70.55000305175781,71.05999755859375,213800.0
2020-10-20,71.80000305175781,72.36000061035156,71.19999694824219,71.5,270300.0
2020-10-21,71.44000244140625,72.0,70.87000274658203,70.94999694824219,235400.0
2020-10-22,71.16999816894531,71.25,69.7300033569336,70.47000122070312,270700.0
2020-10-23,71.26000213623047,71.2699966430664,70.18000030517578,70.66999816894531,196000.0
2020-10-26,69.69000244140625,70.13999938964844,68.8499984741211,69.0999984741211,226400.0
2020-10-27,68.69999694824219,68.94999694824219,66.29000091552734,66.55000305175781,329400.0
2020-10-28,64.91999816894531,65.1500015258789,63.689998626708984,63.970001220703125,441100.0
2020-10-29,64.41000366210938,67.91000366210938,64.41000366210938,66.31999969482422,431900.0
2020-10-30,66.19000244140625,68.26000213623047,66.19000244140625,68.19000244140625,304000.0
2020-11-02,69.12999725341797,70.83000183105469,69.08000183105469,70.7699966430664,288100.0
2020-11-03,72.08000183105469,72.8499984741211,71.54000091552734,72.2699966430664,458700.0
2020-11-04,70.77999877929688,72.73999786376953,67.94000244140625,71.4000015258789,481600.0
2020-11-05,71.45999908447266,74.23999786376953,71.45999908447266,73.81999969482422,403500.0
2020-11-06,74.0,74.4000015258789,73.05999755859375,73.29000091552734,380400.0
2020-11-09,78.55999755859375,80.23999786376953,76.83000183105469,77.63999938964844,419100.0
2020-11-10,78.94999694824219,81.66000366210938,78.7300033569336,81.54000091552734,438300.0
2020-11-11,82.0,82.0,77.6500015258789,80.37000274658203,307500.0
2020-11-12,79.22000122070312,79.58000183105469,77.70999908447266,79.16999816894531,353900.0
2020-11-13,79.97000122070312,81.5999984741211,79.87000274658203,81.1500015258789,240800.0
2020-11-16,83.2699966430664,84.95999908447266,82.2699966430664,84.9000015258789,319500.0
2020-11-17,84.19000244140625,85.55000305175781,83.62999725341797,85.29000091552734,447400.0
2020-11-18,85.94000244140625,86.05000305175781,84.37999725341797,85.0,337400.0
2020-11-19,84.7300033569336,87.05999755859375,84.23999786376953,86.44000244140625,396000.0
2020-11-20,85.3499984741211,85.80999755859375,84.36000061035156,85.7699966430664,298100.0
2020-11-23,86.58999633789062,87.94999694824219,86.54000091552734,86.9800033569336,335700.0
2020-11-24,88.0,89.06999969482422,87.16999816894531,88.37000274658203,291400.0
2020-11-25,88.25,88.36000061035156,87.08999633789062,88.01000213623047,285000.0
2020-11-27,88.05000305175781,88.30999755859375,87.5199966430664,88.05000305175781,83100.0
2020-11-30,87.9000015258789,88.29000091552734,85.80000305175781,86.18000030517578,618400.0
2020-12-01,87.37000274658203,88.30000305175781,86.0999984741211,87.33000183105469,285300.0
2020-12-02,87.30000305175781,87.69999694824219,85.94999694824219,86.0,238300.0
2020-12-03,85.86000061035156,86.33000183105469,85.19999694824219,85.61000061035156,285500.0
2020-12-04,86.37000274658203,88.45999908447266,85.94000244140625,88.22000122070312,201300.0
2020-12-07,88.19999694824219,88.19999694824219,86.7300033569336,87.62999725341797,231600.0
2020-12-08,87.0,88.8499984741211,86.76000213623047,88.75,239400.0
2020-12-09,89.69999694824219,90.58999633789062,89.41000366210938,90.37000274658203,325800.0
2020-12-10,89.58000183105469,89.94000244140625,88.7699966430664,89.69000244140625,227000.0
2020-12-11,89.11000061035156,90.13999938964844,89.11000061035156,90.0,280300.0
2020-12-14,91.0,91.0,88.55000305175781,88.79000091552734,377600.0
2020-12-15,89.5,89.51000213623047,88.31999969482422,89.47000122070312,308100.0
2020-12-16,89.81999969482422,90.63999938964844,89.05000305175781,90.29000091552734,254600.0
2020-12-17,90.31999969482422,90.52999877929688,89.45999908447266,90.30000305175781,345300.0
2020-12-18,90.66000366210938,90.9000015258789,89.66000366210938,89.7300033569336,1127100.0
2020-12-21,88.04000091552734,89.7699966430664,87.47000122070312,89.4800033569336,232600.0
2020-12-22,89.80999755859375,90.43000030517578,88.7300033569336,90.04000091552734,271500.0
2020-12-23,90.86000061035156,92.48999786376953,90.3499984741211,91.86000061035156,224600.0
2020-12-24,92.41000366210938,92.41000366210938,91.5199966430664,92.22000122070312,50500.0
2020-12-28,92.9800033569336,93.6500015258789,91.98999786376953,92.05999755859375,164000.0
2020-12-29,92.16000366210938,92.16000366210938,90.55000305175781,91.02999877929688,181600.0
2020-12-30,91.8499984741211,92.77999877929688,91.30999755859375,92.01000213623047,170600.0
2020-12-31,92.18000030517578,92.18000030517578,91.45999908447266,91.45999908447266,197800.0
2021-01-04,92.16999816894531,92.4000015258789,88.26000213623047,89.23999786376953,253900.0
2021-01-05,89.23999786376953,92.05000305175781,89.19999694824219,91.41000366210938,293500.0
2021-01-06,93.37999725341797,100.02999877929688,93.06999969482422,99.27999877929688,432700.0
2021-01-07,99.55999755859375,101.33000183105469,98.55000305175781,101.12000274658203,195200.0
2021-01-08,101.30000305175781,101.33000183105469,97.81999969482422,99.04000091552734,199800.0
2021-01-11,97.5199966430664,98.5999984741211,97.29000091552734,98.0,163800.0
2021-01-12,98.87999725341797,99.3499984741211,98.05000305175781,99.20999908447266,242000.0
2021-01-13,98.66999816894531,99.3499984741211,97.83000183105469,98.26000213623047,181600.0
2021-01-14,99.05999755859375,99.83999633789062,98.08999633789062,99.18000030517578,126800.0
2021-01-15,97.58000183105469,99.0,96.2300033569336,98.0999984741211,183100.0
2021-01-19,98.91000366210938,99.58999633789062,97.62000274658203,98.12999725341797,252100.0
2021-01-20,98.36000061035156,99.4800033569336,97.94999694824219,98.9000015258789,201500.0
2021-01-21,98.0199966430664,99.05000305175781,94.83999633789062,94.8499984741211,310200.0
2021-01-22,94.06999969482422,97.3499984741211,94.06999969482422,97.2699966430664,271100.0
2021-01-25,96.55999755859375,96.94999694824219,92.87999725341797,94.11000061035156,372600.0
2021-01-26,94.79000091552734,95.0,93.37999725341797,93.88999938964844,198500.0
2021-01-27,91.7699966430664,91.95999908447266,87.7699966430664,88.61000061035156,270500.0
2021-01-28,90.0999984741211,91.87999725341797,89.3499984741211,91.13999938964844,250300.0
2021-01-29,90.4800033569336,90.88999938964844,87.87999725341797,88.30000305175781,252500.0
2021-02-01,89.6500015258789,91.16000366210938,87.36000061035156,90.80000305175781,270400.0
2021-02-02,92.26000213623047,92.44999694824219,90.44999694824219,92.19999694824219,108500.0
2021-02-03,91.7699966430664,92.3499984741211,90.44999694824219,92.16000366210938,143400.0
2021-02-04,92.2300033569336,93.43000030517578,91.73999786376953,93.2699966430664,189800.0
2021-02-05,94.69999694824219,94.87000274658203,93.79000091552734,94.13999938964844,156100.0
2021-02-08,94.73999786376953,96.30000305175781,94.48999786376953,95.79000091552734,195000.0
2021-02-09,96.19999694824219,96.19999694824219,94.36000061035156,95.16000366210938,147600.0
2021-02-10,95.95999908447266,96.31999969482422,94.26000213623047,95.5199966430664,177400.0
2021-02-11,95.91999816894531,96.01000213623047,92.94000244140625,94.58999633789062,223900.0
2021-02-12,93.87000274658203,94.43000030517578,93.0999984741211,93.44999694824219,161400.0
2021-02-16,93.66999816894531,94.25,93.08000183105469,93.66000366210938,217500.0
2021-02-17,92.47000122070312,93.56999969482422,91.83999633789062,92.08000183105469,172300.0
2021-02-18,91.81999969482422,91.81999969482422,89.63999938964844,90.41999816894531,246100.0
2021-02-19,90.93000030517578,92.45999908447266,90.61000061035156,92.26000213623047,228600.0
2021-02-22,91.63999938964844,94.11000061035156,90.51000213623047,93.44000244140625,226700.0
2021-02-23,93.37000274658203,95.72000122070312,92.66999816894531,95.08999633789062,211500.0
2021-02-24,95.5999984741211,98.80999755859375,94.56999969482422,98.72000122070312,242900.0
2021-02-25,100.0,104.0,97.9800033569336,100.0,582700.0
2021-02-26,100.0,100.56999969482422,97.11000061035156,97.37000274658203,415300.0
2021-03-01,99.7699966430664,102.29000091552734,98.61000061035156,101.58000183105469,396100.0
2021-03-02,101.43000030517578,101.43000030517578,98.87999725341797,100.04000091552734,320300.0
2021-03-03,100.79000091552734,104.41999816894531,100.79000091552734,101.75,244500.0
2021-03-04,101.19999694824219,102.2300033569336,99.63999938964844,100.27999877929688,315200.0
2021-03-05,101.73999786376953,105.1500015258789,100.68000030517578,104.4800033569336,320900.0
2021-03-08,105.6500015258789,108.62999725341797,104.69000244140625,107.05999755859375,213600.0
2021-03-09,108.16000366210938,108.70999908447266,106.4000015258789,107.33000183105469,237400.0
2021-03-10,107.62999725341797,112.30999755859375,107.2300033569336,111.83999633789062,400100.0
2021-03-11,112.33999633789062,113.45999908447266,110.81999969482422,112.48999786376953,296700.0
2021-03-12,113.26000213623047,115.58999633789062,112.80999755859375,115.30000305175781,264000.0
2021-03-15,114.69000244140625,114.73999786376953,112.11000061035156,113.93000030517578,226900.0
2021-03-16,112.88999938964844,113.61000061035156,110.70999908447266,112.47000122070312,174400.0
2021-03-17,112.87000274658203,113.70999908447266,110.44000244140625,113.61000061035156,242400.0
2021-03-18,113.66999816894531,114.41999816894531,112.80999755859375,113.12999725341797,346300.0
2021-03-19,112.7699966430664,113.69999694824219,110.44999694824219,112.86000061035156,803600.0
2021-03-22,113.5,113.5,109.05000305175781,109.79000091552734,198100.0
2021-03-23,108.45999908447266,109.45999908447266,104.63999938964844,105.04000091552734,333800.0
2021-03-24,106.70999908447266,108.69000244140625,105.98999786376953,106.27999877929688,295300.0
2021-03-25,105.58000183105469,110.27999877929688,104.8499984741211,109.5999984741211,245900.0
2021-03-26,111.01000213623047,112.4000015258789,109.87000274658203,112.12999725341797,201900.0
2021-03-29,111.66999816894531,113.80999755859375,109.18000030517578,110.25,220600.0
2021-03-30,110.87000274658203,113.33000183105469,110.19999694824219,112.9000015258789,197100.0
2021-03-31,113.55999755859375,114.55999755859375,111.5,112.16000366210938,278000.0
2021-04-01,112.79000091552734,113.69999694824219,111.94999694824219,113.66000366210938,215800.0
2021-04-05,115.23999786376953,115.87999725341797,113.62000274658203,114.25,212800.0
2021-04-06,114.38999938964844,115.77999877929688,114.0,114.61000061035156,298300.0
2021-04-07,114.41999816894531,115.13999938964844,113.3499984741211,114.25,230700.0
2021-04-08,114.12999725341797,115.62000274658203,112.6500015258789,115.43000030517578,226700.0
2021-04-09,115.55999755859375,117.4800033569336,115.0,117.0,256900.0
2021-04-12,117.91000366210938,118.93000030517578,117.4800033569336,118.52999877929688,221700.0
2021-04-13,118.11000061035156,118.2699966430664,116.0999984741211,117.30000305175781,216900.0
2021-04-14,117.44999694824219,119.38999938964844,117.44999694824219,118.30999755859375,203700.0
2021-04-15,118.88999938964844,118.88999938964844,117.41000366210938,118.75,185700.0
2021-04-16,119.4800033569336,120.97000122070312,119.2300033569336,119.93000030517578,253800.0
2021-04-19,120.02999877929688,120.02999877929688,118.63999938964844,119.69999694824219,297000.0
2021-04-20,119.44999694824219,120.0999984741211,116.87000274658203,118.02999877929688,217600.0
2021-04-21,117.93000030517578,120.06999969482422,117.93000030517578,119.30000305175781,251000.0
2021-04-22,120.0,120.58999633789062,118.37000274658203,118.88999938964844,288800.0
2021-04-23,119.23999786376953,121.87999725341797,118.70999908447266,120.95999908447266,246900.0
2021-04-26,121.7699966430664,122.4000015258789,120.6500015258789,120.75,198700.0
2021-04-27,121.6500015258789,121.93000030517578,120.19000244140625,120.66999816894531,170800.0
2021-04-28,120.41999816894531,121.27999877929688,119.41999816894531,120.56999969482422,185400.0
2021-04-29,121.4800033569336,122.05000305175781,119.22000122070312,121.61000061035156,221900.0
2021-04-30,120.56999969482422,121.93000030517578,118.55000305175781,119.80000305175781,571100.0
2021-05-03,120.83999633789062,122.19000244140625,120.0999984741211,120.5199966430664,596800.0
2021-05-04,120.12000274658203,121.04000091552734,119.38999938964844,120.70999908447266,578600.0
2021-05-05,120.62999725341797,122.51000213623047,119.4800033569336,122.3499984741211,385200.0
2021-05-06,123.31999969482422,124.52999877929688,122.29000091552734,124.0999984741211,232100.0
2021-05-07,123.30999755859375,125.80999755859375,122.04000091552734,125.30999755859375,174300.0
2021-05-10,125.58999633789062,127.33000183105469,124.26000213623047,124.36000061035156,204800.0
2021-05-11,122.54000091552734,124.83999633789062,122.05000305175781,124.16999816894531,235900.0
2021-05-12,123.7699966430664,124.94999694824219,119.33999633789062,119.5199966430664,267100.0
2021-05-13,119.20999908447266,124.12000274658203,118.63999938964844,123.18000030517578,308800.0
2021-05-14,123.9000015258789,124.86000061035156,122.12000274658203,124.77999877929688,211900.0
2021-05-17,123.5,125.33000183105469,122.73999786376953,125.19999694824219,147200.0
2021-05-18,125.0999984741211,125.58999633789062,121.77999877929688,121.88999938964844,177100.0
2021-05-19,120.08999633789062,121.66999816894531,119.04000091552734,121.44000244140625,244200.0
2021-05-20,121.4800033569336,122.19000244140625,120.3499984741211,121.79000091552734,201600.0
2021-05-21,123.30000305175781,123.88999938964844,121.66999816894531,121.94999694824219,178400.0
2021-05-24,122.45999908447266,123.7300033569336,121.73999786376953,122.91999816894531,134500.0
2021-05-25,122.76000213623047,123.70999908447266,121.25,121.30000305175781,176900.0
2021-05-26,121.47000122070312,123.54000091552734,121.38999938964844,123.33999633789062,187100.0
2021-05-27,124.97000122070312,125.62000274658203,123.44999694824219,125.30000305175781,254400.0
2021-05-28,125.9000015258789,126.33000183105469,124.51000213623047,126.11000061035156,253600.0
2021-06-01,127.0,128.22000122070312,126.30999755859375,127.75,266400.0
2021-06-02,128.1300048828125,128.1300048828125,125.44999694824219,126.05000305175781,382600.0
2021-06-03,125.4000015258789,126.04000091552734,123.18000030517578,125.73999786376953,190000.0
2021-06-04,126.38999938964844,127.80999755859375,125.43000030517578,127.37999725341797,387100.0
2021-06-07,127.37000274658203,128.2899932861328,125.79000091552734,128.1999969482422,368600.0
2021-06-08,128.5,129.4499969482422,126.63999938964844,129.07000732421875,370200.0
2021-06-09,128.94000244140625,129.27000427246094,127.66999816894531,127.75,254100.0
2021-06-10,128.38999938964844,128.77999877929688,124.52999877929688,124.69000244140625,201900.0
2021-06-11,125.55999755859375,126.81999969482422,125.0,126.72000122070312,222900.0
2021-06-14,126.68000030517578,126.68000030517578,124.29000091552734,124.79000091552734,253600.0
2021-06-15,125.0999984741211,126.70999908447266,124.30999755859375,126.22000122070312,224200.0
2021-06-16,125.86000061035156,126.95999908447266,124.20999908447266,125.70999908447266,229600.0
2021-06-17,125.93000030517578,125.93000030517578,121.26000213623047,122.55000305175781,270900.0
2021-06-18,121.38999938964844,121.55999755859375,118.27999877929688,118.41000366210938,646500.0
2021-06-21,119.54000091552734,122.5999984741211,119.4000015258789,122.12999725341797,203300.0
2021-06-22,121.87000274658203,122.44000244140625,119.79000091552734,122.29000091552734,193700.0
2021-06-23,122.20999908447266,122.79000091552734,121.0999984741211,121.88999938964844,242700.0
2021-06-24,125.05999755859375,126.1500015258789,123.48999786376953,125.51000213623047,304800.0
2021-06-25,125.93000030517578,127.13999938964844,123.56999969482422,123.62999725341797,934200.0
2021-06-28,123.37000274658203,123.66000366210938,121.41000366210938,122.5199966430664,300900.0
2021-06-29,122.75,124.19999694824219,121.72000122070312,121.79000091552734,216900.0
2021-06-30,121.45999908447266,123.55000305175781,121.08999633789062,123.19000244140625,231700.0
2021-07-01,124.25,124.47000122070312,123.11000061035156,123.33000183105469,233000.0
2021-07-02,123.5999984741211,123.5999984741211,121.80999755859375,122.12999725341797,128600.0
2021-07-06,122.37999725341797,122.4000015258789,117.94000244140625,120.2300033569336,186100.0
2021-07-07,119.72000122070312,121.54000091552734,119.72000122070312,121.43000030517578,152400.0
2021-07-08,118.7699966430664,121.3499984741211,117.18000030517578,119.52999877929688,132400.0
2021-07-09,121.80000305175781,123.0199966430664,121.2699966430664,122.55999755859375,121600.0
2021-07-12,121.27999877929688,123.75,121.22000122070312,123.44999694824219,153800.0
2021-07-13,122.69000244140625,123.48999786376953,121.6500015258789,122.05999755859375,143000.0
2021-07-14,122.97000122070312,123.48999786376953,121.52999877929688,122.04000091552734,175700.0
2021-07-15,121.05000305175781,123.19999694824219,120.68000030517578,121.91000366210938,155600.0
2021-07-16,122.87999725341797,122.93000030517578,119.29000091552734,119.56999969482422,173400.0
2021-07-19,116.75,118.26000213623047,115.44999694824219,116.69000244140625,215500.0
2021-07-20,116.5999984741211,122.27999877929688,116.5999984741211,121.27999877929688,319500.0
2021-07-21,122.91999816894531,124.69000244140625,121.22000122070312,121.69000244140625,194200.0
2021-07-22,121.45999908447266,121.45999908447266,118.23999786376953,118.63999938964844,336300.0
2021-07-23,120.0,121.47000122070312,118.91000366210938,121.44000244140625,268100.0
2021-07-26,122.33999633789062,123.19999694824219,121.0,121.45999908447266,237000.0
2021-07-27,120.36000061035156,122.61000061035156,120.1500015258789,121.72000122070312,242700.0
2021-07-28,122.36000061035156,124.61000061035156,120.70999908447266,123.19999694824219,226300.0
2021-07-29,123.01000213623047,123.93000030517578,118.44000244140625,122.94999694824219,272700.0
2021-07-30,123.69999694824219,124.56999969482422,121.5999984741211,121.80999755859375,299700.0
2021-08-02,122.45999908447266,125.23999786376953,118.33000183105469,118.47000122070312,217100.0
2021-08-03,118.91999816894531,120.97000122070312,116.77999877929688,120.7300033569336,215500.0
2021-08-04,119.43000030517578,120.58999633789062,118.86000061035156,119.54000091552734,213400.0
2021-08-05,120.44000244140625,121.5199966430664,120.11000061035156,120.55000305175781,167300.0
2021-08-06,122.26000213623047,123.0,120.7699966430664,121.33000183105469,295100.0
2021-08-09,121.0,121.0,119.05000305175781,119.22000122070312,147000.0
2021-08-10,119.18000030517578,120.94999694824219,118.25,120.58999633789062,197900.0
2021-08-11,121.55999755859375,122.0199966430664,120.02999877929688,122.0199966430664,296600.0
2021-08-12,122.62000274658203,123.55000305175781,120.45999908447266,120.58000183105469,181500.0
2021-08-13,121.0199966430664,121.52999877929688,119.5,119.83999633789062,123900.0
2021-08-16,118.88999938964844,120.02999877929688,117.61000061035156,119.19999694824219,123500.0
2021-08-17,117.77999877929688,118.2300033569336,116.58999633789062,117.97000122070312,217500.0
2021-08-18,117.43000030517578,119.69999694824219,116.56999969482422,118.5199966430664,210600.0
2021-08-19,117.12999725341797,119.29000091552734,117.12999725341797,119.04000091552734,278300.0
2021-08-20,119.33999633789062,120.22000122070312,118.8499984741211,119.9000015258789,213000.0
2021-08-23,121.02999877929688,121.16999816894531,119.19000244140625,119.58999633789062,223400.0
2021-08-24,119.5,121.30000305175781,119.48999786376953,120.87999725341797,139200.0
2021-08-25,121.44000244140625,122.9800033569336,121.05000305175781,122.41999816894531,170000.0
2021-08-26,123.05000305175781,123.05000305175781,120.25,120.58000183105469,168000.0
2021-08-27,120.81999969482422,124.7699966430664,119.80999755859375,124.0999984741211,217800.0
2021-08-30,124.76000213623047,124.83000183105469,122.4800033569336,123.01000213623047,187100.0
2021-08-31,123.62999725341797,124.33000183105469,121.0,121.5,294500.0
2021-09-01,121.36000061035156,121.44999694824219,119.41999816894531,120.4800033569336,168700.0
2021-09-02,121.45999908447266,122.5199966430664,120.18000030517578,122.31999969482422,207800.0
2021-09-03,121.75,122.3499984741211,120.05000305175781,122.05999755859375,165400.0
2021-09-07,121.79000091552734,121.83000183105469,118.47000122070312,118.61000061035156,207800.0
2021-09-08,118.05999755859375,119.70999908447266,117.30999755859375,119.66999816894531,232300.0
2021-09-09,118.88999938964844,119.22000122070312,117.95999908447266,118.08000183105469,207100.0
2021-09-10,118.66999816894531,118.66999816894531,116.83999633789062,116.9000015258789,216600.0
2021-09-13,117.44000244140625,118.61000061035156,117.05999755859375,118.29000091552734,227800.0
2021-09-14,118.86000061035156,118.86000061035156,115.69000244140625,116.02999877929688,296700.0
2021-09-15,115.97000122070312,118.76000213623047,115.97000122070312,118.04000091552734,294200.0
2021-09-16,118.30000305175781,118.55999755859375,116.55000305175781,116.94999694824219,224600.0
2021-09-17,116.9800033569336,117.80000305175781,114.26000213623047,115.47000122070312,948500.0
2021-09-20,112.88999938964844,114.31999969482422,111.16999816894531,113.62000274658203,234500.0
2021-09-21,114.3499984741211,114.94000244140625,110.94999694824219,111.69999694824219,221800.0
2021-09-22,112.55999755859375,115.30000305175781,112.0199966430664,113.12000274658203,194400.0
2021-09-23,113.80999755859375,118.55999755859375,113.41000366210938,118.43000030517578,386000.0
2021-09-24,118.01000213623047,119.25,117.95999908447266,118.44000244140625,213700.0
2021-09-27,118.81999969482422,121.37999725341797,118.81999969482422,120.56999969482422,209200.0
2021-09-28,120.62999725341797,120.70999908447266,117.66999816894531,117.83999633789062,189600.0
2021-09-29,118.47000122070312,119.75,117.04000091552734,118.41000366210938,229900.0
2021-09-30,119.48999786376953,119.48999786376953,115.37000274658203,115.37999725341797,146600.0
2021-10-01,116.43000030517578,118.68000030517578,115.19000244140625,118.12000274658203,391100.0
2021-10-04,118.0199966430664,120.05999755859375,117.25,119.76000213623047,246600.0
2021-10-05,120.19000244140625,120.48999786376953,118.4000015258789,119.06999969482422,146200.0
2021-10-06,117.55999755859375,118.38999938964844,114.93000030517578,118.22000122070312,176800.0
2021-10-07,118.9800033569336,120.9000015258789,118.61000061035156,119.01000213623047,232000.0
2021-10-08,118.70999908447266,119.77999877929688,118.01000213623047,118.20999908447266,126300.0
2021-10-11,117.88999938964844,118.80000305175781,116.61000061035156,116.63999938964844,143000.0
2021-10-12,116.62000274658203,117.27999877929688,115.18000030517578,115.55999755859375,185000.0
2021-10-13,115.30000305175781,116.3499984741211,114.41000366210938,116.16999816894531,182700.0
2021-10-14,117.51000213623047,119.05999755859375,116.9800033569336,118.63999938964844,160900.0
2021-10-15,120.77999877929688,120.77999877929688,116.1500015258789,116.2300033569336,283300.0
2021-10-18,115.41999816894531,118.29000091552734,115.2699966430664,117.79000091552734,242400.0
2021-10-19,118.43000030517578,118.66000366210938,116.58999633789062,117.69000244140625,123200.0
2021-10-20,117.83000183105469,119.75,117.2699966430664,119.16000366210938,115000.0
2021-10-21,119.20999908447266,120.70999908447266,119.01000213623047,120.66999816894531,164700.0
2021-10-22,121.20999908447266,122.95999908447266,121.0,121.12999725341797,181000.0
2021-10-25,121.02999877929688,122.04000091552734,120.25,121.37000274658203,148300.0
2021-10-26,121.4800033569336,121.87999725341797,120.0999984741211,120.12999725341797,193400.0
2021-10-27,119.54000091552734,120.08999633789062,116.33000183105469,116.5199966430664,189800.0
2021-10-28,121.55000305175781,125.45999908447266,120.81999969482422,124.44999694824219,341000.0
2021-10-29,124.54000091552734,126.69999694824219,121.43000030517578,121.48999786376953,258100.0
2021-11-01,122.30999755859375,123.58000183105469,122.30000305175781,123.12999725341797,334400.0
2021-11-02,123.75,124.25,121.94999694824219,122.72000122070312,165500.0
2021-11-03,121.80999755859375,123.66000366210938,119.95999908447266,123.06999969482422,235300.0
2021-11-04,123.97000122070312,126.83000183105469,123.44999694824219,126.83000183105469,222700.0
2021-11-05,128.83999633789062,132.91000366210938,127.98999786376953,132.25,345700.0
2021-11-08,134.85000610351562,135.97999572753906,129.82000732421875,130.19000244140625,246900.0
2021-11-09,130.5500030517578,131.75999450683594,130.00999450683594,131.52000427246094,181200.0
2021-11-10,131.5500030517578,132.0,129.7100067138672,130.60000610351562,137500.0
2021-11-11,130.44000244140625,130.74000549316406,129.50999450683594,129.9600067138672,117900.0
2021-11-12,130.75,130.75,129.4499969482422,130.0800018310547,85600.0
2021-11-15,131.3000030517578,131.3000030517578,127.81999969482422,129.0500030517578,139500.0
2021-11-16,128.80999755859375,131.4199981689453,128.08999633789062,129.9199981689453,152500.0
2021-11-17,130.11000061035156,130.11000061035156,126.72000122070312,128.55999755859375,157900.0
2021-11-18,128.61000061035156,128.97999572753906,127.18000030517578,128.66000366210938,189100.0
2021-11-19,128.0,130.0800018310547,127.62000274658203,129.42999267578125,146800.0
2021-11-22,130.22999572753906,132.72999572753906,129.2899932861328,130.63999938964844,177500.0
2021-11-23,130.6199951171875,131.32000732421875,129.41000366210938,131.0800018310547,156000.0
2021-11-24,130.64999389648438,131.33999633789062,128.27000427246094,128.6199951171875,177300.0
2021-11-26,123.97000122070312,124.6500015258789,120.94999694824219,122.62000274658203,238100.0
2021-11-29,124.73999786376953,124.73999786376953,121.51000213623047,121.95999908447266,227300.0
2021-11-30,120.68000030517578,121.61000061035156,118.22000122070312,119.33999633789062,445100.0
2021-12-01,121.83999633789062,122.72000122070312,119.43000030517578,119.51000213623047,340500.0
2021-12-02,120.38999938964844,124.95999908447266,120.38999938964844,124.30000305175781,184800.0
2021-12-03,124.27999877929688,124.27999877929688,121.68000030517578,123.81999969482422,173400.0
2021-12-06,125.0,127.05000305175781,124.86000061035156,125.18000030517578,250700.0
2021-12-07,126.62999725341797,128.13999938964844,125.94000244140625,126.75,217700.0
2021-12-08,126.69999694824219,129.0500030517578,126.2699966430664,128.91000366210938,191600.0
2021-12-09,127.88999938964844,128.1999969482422,126.13999938964844,126.18000030517578,177100.0
2021-12-10,127.0999984741211,127.0999984741211,124.94000244140625,126.08999633789062,145600.0
2021-12-13,125.20999908447266,126.13999938964844,123.81999969482422,124.95999908447266,214800.0
2021-12-14,124.94999694824219,125.38999938964844,121.95999908447266,122.86000061035156,252900.0
2021-12-15,123.22000122070312,123.94000244140625,121.11000061035156,123.54000091552734,284500.0
2021-12-16,125.18000030517578,125.4800033569336,122.97000122070312,123.56999969482422,362200.0
2021-12-17,122.62000274658203,124.08999633789062,120.08000183105469,121.5,547900.0
2021-12-20,120.05000305175781,120.05000305175781,116.30000305175781,118.30999755859375,245300.0
2021-12-21,119.27999877929688,122.73999786376953,119.06999969482422,122.5199966430664,191800.0
2021-12-22,123.0,124.72000122070312,122.27999877929688,124.45999908447266,168200.0
2021-12-23,125.31999969482422,126.5,125.0199966430664,125.55000305175781,133600.0
2021-12-27,125.37000274658203,128.11000061035156,124.56999969482422,128.10000610351562,131700.0
2021-12-28,127.55999755859375,128.83999633789062,127.55000305175781,127.66000366210938,124600.0
2021-12-29,128.11000061035156,128.99000549316406,127.54000091552734,128.08999633789062,120300.0
2021-12-30,128.6999969482422,129.35000610351562,127.22000122070312,127.41999816894531,125700.0
2021-12-31,127.44999694824219,128.38999938964844,126.58000183105469,127.38999938964844,136100.0
2022-01-03,127.69999694824219,128.83999633789062,125.01000213623047,127.36000061035156,296000.0
2022-01-04,128.22999572753906,130.52000427246094,126.7300033569336,130.00999450683594,309000.0
2022-01-05,129.94000244140625,131.83999633789062,126.86000061035156,127.0999984741211,199300.0
2022-01-06,127.37000274658203,128.5500030517578,126.54000091552734,127.86000061035156,220400.0
2022-01-07,127.4800033569336,127.80000305175781,124.76000213623047,125.56999969482422,201700.0
2022-01-10,124.52999877929688,125.0,122.30000305175781,123.83999633789062,170000.0
2022-01-11,124.48999786376953,124.76000213623047,121.7699966430664,124.66000366210938,148500.0
2022-01-12,124.93000030517578,125.73999786376953,122.48999786376953,123.0999984741211,296100.0
2022-01-13,124.13999938964844,126.1500015258789,124.13999938964844,124.8499984741211,253300.0
2022-01-14,123.26000213623047,124.9800033569336,122.33000183105469,124.6500015258789,161100.0
2022-01-18,123.31999969482422,124.05000305175781,120.5199966430664,120.62999725341797,322400.0
2022-01-19,120.5,121.8499984741211,119.0999984741211,119.23999786376953,430400.0
2022-01-20,120.05999755859375,122.43000030517578,117.86000061035156,117.9800033569336,291800.0
2022-01-21,117.75,120.3499984741211,116.83999633789062,116.9800033569336,363800.0
2022-01-24,115.18000030517578,121.48999786376953,114.6500015258789,121.08000183105469,377000.0
2022-01-25,119.23999786376953,120.38999938964844,114.7300033569336,116.94000244140625,366300.0
2022-01-26,118.45999908447266,120.30000305175781,115.23999786376953,116.3499984741211,305500.0
2022-01-27,117.55000305175781,119.36000061035156,115.62000274658203,115.80000305175781,315200.0
2022-01-28,116.08999633789062,117.88999938964844,113.3499984741211,117.87999725341797,303500.0
2022-01-31,116.41999816894531,119.2699966430664,116.41999816894531,119.20999908447266,344300.0
2022-02-01,119.25,119.98999786376953,116.9800033569336,117.81999969482422,232000.0
2022-02-02,117.18000030517578,117.94999694824219,116.61000061035156,117.08000183105469,200000.0
2022-02-03,116.08999633789062,117.76000213623047,115.52999877929688,115.63999938964844,195400.0
2022-02-04,115.41999816894531,117.13999938964844,114.72000122070312,116.30999755859375,282300.0
2022-02-07,116.2300033569336,116.87999725341797,114.88999938964844,114.9800033569336,253200.0
2022-02-08,115.30000305175781,116.91999816894531,115.30000305175781,116.4000015258789,257500.0
2022-02-09,117.66999816894531,118.62000274658203,117.02999877929688,117.20999908447266,231300.0
2022-02-10,114.98999786376953,118.2300033569336,114.87000274658203,115.36000061035156,235000.0
2022-02-11,115.91999816894531,116.51000213623047,114.30999755859375,115.13999938964844,231000.0
2022-02-14,115.37999725341797,116.31999969482422,114.38999938964844,115.33000183105469,227800.0
2022-02-15,116.7699966430664,118.16000366210938,116.25,117.87999725341797,163600.0
2022-02-16,117.38999938964844,118.29000091552734,116.51000213623047,117.47000122070312,197700.0
2022-02-17,116.20999908447266,116.44000244140625,114.86000061035156,114.93000030517578,253300.0
2022-02-18,114.75,116.5999984741211,114.75,115.5199966430664,237000.0
2022-02-22,115.19999694824219,116.16000366210938,114.30000305175781,114.61000061035156,363000.0
2022-02-23,115.80999755859375,116.97000122070312,114.5199966430664,114.75,434100.0
2022-02-24,112.0,112.62000274658203,107.79000091552734,112.05999755859375,509900.0
2022-02-25,114.48999786376953,117.83000183105469,112.7300033569336,116.94999694824219,383800.0
2022-02-28,115.1500015258789,116.83000183105469,114.87999725341797,115.54000091552734,369400.0
2022-03-01,115.25,116.41999816894531,110.55999755859375,111.23999786376953,355900.0
2022-03-02,112.52999877929688,117.27999877929688,112.0,116.22000122070312,323900.0
2022-03-03,116.44999694824219,117.19999694824219,114.16000366210938,114.69999694824219,328000.0
2022-03-04,113.0,116.20999908447266,112.36000061035156,114.91000366210938,336600.0
2022-03-07,115.12000274658203,115.87999725341797,112.16999816894531,112.20999908447266,441900.0
2022-03-08,112.22000122070312,115.18000030517578,111.23999786376953,112.37000274658203,352600.0
2022-03-09,114.6500015258789,117.30000305175781,114.54000091552734,116.29000091552734,344000.0
2022-03-10,114.16000366210938,117.37000274658203,114.16000366210938,117.29000091552734,297700.0
2022-03-11,118.25,118.79000091552734,116.6500015258789,116.68000030517578,259600.0
2022-03-14,117.80999755859375,117.80999755859375,114.94999694824219,115.66999816894531,193900.0
2022-03-15,116.63999938964844,117.7699966430664,116.4800033569336,117.62000274658203,243900.0
2022-03-16,117.63999938964844,119.27999877929688,116.47000122070312,118.30000305175781,344400.0
2022-03-17,117.27999877929688,119.02999877929688,117.16000366210938,117.69999694824219,245900.0
2022-03-18,118.04000091552734,120.0,116.45999908447266,119.62000274658203,590100.0
2022-03-21,119.25,120.87000274658203,117.70999908447266,118.94999694824219,185800.0
2022-03-22,119.25,120.0,116.66999816894531,117.51000213623047,282400.0
2022-03-23,116.81999969482422,116.81999969482422,113.61000061035156,113.6500015258789,192700.0
2022-03-24,114.06999969482422,114.63999938964844,112.86000061035156,114.62999725341797,252400.0
2022-03-25,115.5999984741211,116.86000061035156,114.87999725341797,115.5199966430664,204600.0
2022-03-28,114.95999908447266,115.54000091552734,113.25,114.0999984741211,108000.0
2022-03-29,115.58000183105469,116.68000030517578,115.02999877929688,115.55000305175781,372900.0
2022-03-30,115.3499984741211,116.29000091552734,114.16000366210938,114.69999694824219,249900.0
2022-03-31,114.29000091552734,115.22000122070312,112.37000274658203,112.62999725341797,228700.0
2022-04-01,113.01000213623047,113.95999908447266,112.18000030517578,113.86000061035156,208700.0
2022-04-04,113.47000122070312,113.79000091552734,110.83000183105469,111.66000366210938,519500.0
2022-04-05,111.13999938964844,113.0,110.55999755859375,111.8499984741211,493200.0
2022-04-06,110.97000122070312,113.72000122070312,110.63999938964844,113.0,509600.0
2022-04-07,113.22000122070312,115.31999969482422,112.51000213623047,114.5,474300.0
2022-04-08,114.55999755859375,116.68000030517578,113.27999877929688,113.37999725341797,454900.0
2022-04-11,113.25,115.04000091552734,112.66999816894531,112.87999725341797,413200.0
2022-04-12,113.75,116.41999816894531,113.75,114.06999969482422,499600.0
2022-04-13,113.87000274658203,117.08000183105469,113.87000274658203,116.54000091552734,403800.0
2022-04-14,116.87000274658203,118.66000366210938,116.4000015258789,116.8499984741211,438600.0
2022-04-18,116.44000244140625,118.08999633789062,115.91999816894531,116.58999633789062,368600.0
2022-04-19,116.3499984741211,118.04000091552734,115.83999633789062,116.08999633789062,329400.0
2022-04-20,117.37000274658203,119.31999969482422,117.08999633789062,118.18000030517578,625400.0
2022-04-21,119.31999969482422,120.0,115.93000030517578,116.51000213623047,288400.0
2022-04-22,115.86000061035156,116.3499984741211,113.80000305175781,113.8499984741211,340600.0
2022-04-25,113.16000366210938,114.51000213623047,111.29000091552734,114.04000091552734,400600.0
2022-04-26,113.12999725341797,114.18000030517578,111.47000122070312,111.81999969482422,503300.0
2022-04-27,112.05999755859375,112.80000305175781,110.6500015258789,111.94999694824219,374800.0
2022-04-28,113.19000244140625,114.51000213623047,105.08999633789062,105.38999938964844,567100.0
2022-04-29,104.91000366210938,108.38999938964844,104.75,106.4800033569336,534200.0
2022-05-02,105.9800033569336,107.9800033569336,104.2300033569336,105.70999908447266,599000.0
2022-05-03,105.68000030517578,107.91999816894531,105.68000030517578,106.70999908447266,429200.0
2022-05-04,106.2699966430664,109.83999633789062,105.9000015258789,109.66000366210938,416900.0
2022-05-05,108.37000274658203,108.86000061035156,105.7699966430664,106.44999694824219,467400.0
2022-05-06,105.87999725341797,107.83999633789062,105.0,106.02999877929688,471600.0
2022-05-09,104.87000274658203,105.91000366210938,103.05999755859375,103.5199966430664,492700.0
2022-05-10,104.23999786376953,104.23999786376953,100.98999786376953,102.5199966430664,389100.0
2022-05-11,102.44000244140625,103.58000183105469,100.48999786376953,101.16999816894531,374100.0
2022-05-12,100.5,102.55000305175781,99.72000122070312,101.37000274658203,400900.0
2022-05-13,102.05999755859375,103.45999908447266,101.5,102.30999755859375,354700.0
2022-05-16,103.83999633789062,103.83999633789062,101.18000030517578,102.02999877929688,307100.0
2022-05-17,102.9800033569336,104.06999969482422,102.4800033569336,103.86000061035156,325200.0
2022-05-18,103.4000015258789,105.62000274658203,101.9800033569336,102.23999786376953,279800.0
2022-05-19,101.3499984741211,103.36000061035156,100.87000274658203,102.18000030517578,355400.0
2022-05-20,102.94999694824219,103.06999969482422,100.70999908447266,102.5199966430664,389000.0
2022-05-23,103.26000213623047,103.70999908447266,102.02999877929688,102.45999908447266,234100.0
2022-05-24,102.4000015258789,103.2699966430664,101.22000122070312,102.94999694824219,288100.0
2022-05-25,103.02999877929688,104.83999633789062,102.22000122070312,104.45999908447266,332500.0
2022-05-26,105.63999938964844,106.62999725341797,104.79000091552734,105.93000030517578,312400.0
2022-05-27,106.4000015258789,107.73999786376953,105.98999786376953,107.69999694824219,174100.0
2022-05-31,106.75,107.51000213623047,105.54000091552734,105.62999725341797,308700.0
2022-06-01,105.80999755859375,105.87999725341797,102.45999908447266,104.58000183105469,256100.0
2022-06-02,105.37999725341797,107.75,104.44000244140625,107.62999725341797,239900.0
2022-06-03,107.0199966430664,107.16000366210938,106.13999938964844,106.93000030517578,184500.0
2022-06-06,107.83000183105469,108.66000366210938,106.61000061035156,108.63999938964844,279800.0
2022-06-07,107.69000244140625,109.23999786376953,107.55999755859375,109.18000030517578,176400.0
2022-06-08,108.76000213623047,108.91999816894531,106.98999786376953,107.5199966430664,172200.0
2022-06-09,106.62999725341797,107.9800033569336,106.62999725341797,106.7300033569336,181700.0
2022-06-10,105.05000305175781,105.80999755859375,104.02999877929688,104.63999938964844,290400.0
2022-06-13,102.12999725341797,102.5999984741211,100.81999969482422,101.1500015258789,345300.0
2022-06-14,100.94000244140625,101.88999938964844,99.33999633789062,100.56999969482422,354600.0
2022-06-15,101.48999786376953,104.22000122070312,100.87000274658203,102.87999725341797,520500.0
2022-06-16,100.91999816894531,100.91999816894531,95.8499984741211,96.4000015258789,639700.0
2022-06-17,97.18000030517578,98.91999816894531,96.19999694824219,96.26000213623047,1025100.0
2022-06-21,97.68000030517578,100.20999908447266,95.63999938964844,99.48999786376953,453100.0
2022-06-22,98.18000030517578,99.7699966430664,98.18000030517578,99.3499984741211,449100.0
2022-06-23,99.06999969482422,100.33999633789062,98.70999908447266,100.11000061035156,315700.0
2022-06-24,100.68000030517578,105.66000366210938,100.68000030517578,105.62999725341797,2272000.0
2022-06-27,106.62999725341797,107.08999633789062,103.66000366210938,105.55999755859375,290900.0
2022-06-28,106.61000061035156,107.01000213623047,103.54000091552734,103.66999816894531,221400.0
2022-06-29,103.79000091552734,103.79000091552734,100.51000213623047,101.95999908447266,211400.0
2022-06-30,100.54000091552734,103.45999908447266,100.11000061035156,102.95999908447266,234100.0
2022-07-01,102.44000244140625,104.33999633789062,101.0,103.0199966430664,193900.0
2022-07-05,101.0199966430664,103.26000213623047,99.31999969482422,103.05000305175781,362600.0
2022-07-06,102.58999633789062,103.26000213623047,100.2699966430664,101.87999725341797,186700.0
2022-07-07,103.13999938964844,104.4000015258789,102.66000366210938,103.6500015258789,211600.0
2022-07-08,103.6500015258789,103.6500015258789,102.05000305175781,102.66000366210938,138600.0
2022-07-11,102.47000122070312,102.95999908447266,101.5999984741211,102.05999755859375,133000.0
2022-07-12,101.63999938964844,103.73999786376953,100.48999786376953,101.0199966430664,372500.0
2022-07-13,100.05999755859375,101.2699966430664,99.73999786376953,100.5199966430664,222200.0
2022-07-14,99.0,100.7699966430664,98.4800033569336,100.5199966430664,189600.0
2022-07-15,101.91999816894531,102.55999755859375,100.36000061035156,102.16999816894531,150300.0
2022-07-18,102.61000061035156,103.2300033569336,101.11000061035156,101.4800033569336,218000.0
2022-07-19,102.44999694824219,104.9800033569336,101.86000061035156,104.80000305175781,176400.0
2022-07-20,104.98999786376953,106.0,104.11000061035156,105.58000183105469,167700.0
2022-07-21,104.43000030517578,106.8499984741211,104.22000122070312,106.80999755859375,251100.0
2022-07-22,107.01000213623047,107.41000366210938,105.2699966430664,106.51000213623047,214900.0
2022-07-25,106.4800033569336,107.18000030517578,105.41000366210938,106.30000305175781,200100.0
2022-07-26,106.0199966430664,107.22000122070312,105.86000061035156,106.27999877929688,244100.0
2022-07-27,106.12000274658203,109.2699966430664,106.12000274658203,108.91000366210938,285300.0
2022-07-28,111.94000244140625,115.08000183105469,111.5,114.70999908447266,361300.0
2022-07-29,114.83999633789062,116.61000061035156,114.23999786376953,116.37000274658203,319500.0
2022-08-01,115.87999725341797,117.70999908447266,115.4800033569336,117.05000305175781,606800.0
2022-08-02,116.80000305175781,117.26000213623047,114.58999633789062,115.3499984741211,280700.0
2022-08-03,116.44000244140625,116.44000244140625,113.94000244140625,116.05000305175781,231700.0
2022-08-04,116.44000244140625,116.47000122070312,114.41000366210938,114.43000030517578,195100.0
2022-08-05,113.29000091552734,114.6500015258789,112.91999816894531,114.4000015258789,185200.0
2022-08-08,115.0,115.76000213623047,114.06999969482422,114.83999633789062,156900.0
2022-08-09,115.62999725341797,115.95999908447266,114.30000305175781,115.05000305175781,268200.0
2022-08-10,118.0199966430664,118.18000030517578,116.63999938964844,117.43000030517578,270100.0
2022-08-11,118.4800033569336,119.2699966430664,117.79000091552734,118.29000091552734,168000.0
2022-08-12,119.0199966430664,121.3499984741211,118.38999938964844,121.25,189000.0
2022-08-15,120.69999694824219,121.62999725341797,119.81999969482422,121.38999938964844,227500.0
2022-08-16,120.44999694824219,123.0,120.44999694824219,122.4000015258789,331400.0
2022-08-17,121.0,122.9000015258789,120.51000213623047,122.19999694824219,248600.0
2022-08-18,122.5,124.25,122.19999694824219,123.72000122070312,308900.0
2022-08-19,123.22000122070312,123.33000183105469,121.43000030517578,121.5999984741211,315100.0
2022-08-22,120.16000366210938,121.01000213623047,119.75,119.91000366210938,313400.0
2022-08-23,119.91000366210938,121.75,119.91000366210938,119.93000030517578,328000.0
2022-08-24,120.3499984741211,122.18000030517578,120.08999633789062,121.76000213623047,247600.0
2022-08-25,121.95999908447266,124.12999725341797,121.95999908447266,124.01000213623047,270300.0
2022-08-26,123.98999786376953,124.2699966430664,120.4800033569336,120.72000122070312,252500.0
2022-08-29,119.87000274658203,121.73999786376953,119.05000305175781,120.69999694824219,199800.0
2022-08-30,120.62999725341797,120.62999725341797,118.29000091552734,118.58999633789062,318600.0
2022-08-31,118.52999877929688,119.70999908447266,118.30000305175781,118.91999816894531,291800.0
2022-09-01,118.23999786376953,118.2699966430664,116.58000183105469,117.23999786376953,455700.0
2022-09-02,118.6500015258789,119.91000366210938,116.22000122070312,116.37000274658203,317800.0
2022-09-06,116.7300033569336,116.7300033569336,114.91000366210938,115.98999786376953,358800.0
2022-09-07,116.27999877929688,118.70999908447266,115.75,118.44999694824219,350300.0
2022-09-08,117.62000274658203,120.41999816894531,116.88999938964844,120.41000366210938,340400.0
2022-09-09,121.47000122070312,122.47000122070312,120.62999725341797,122.06999969482422,201200.0
2022-09-12,122.62000274658203,123.22000122070312,121.75,122.43000030517578,196200.0
2022-09-13,119.55000305175781,120.47000122070312,117.22000122070312,117.80000305175781,243800.0
2022-09-14,117.4800033569336,118.95999908447266,116.8499984741211,118.52999877929688,366900.0
2022-09-15,117.44999694824219,119.5999984741211,116.9000015258789,118.62999725341797,351000.0
2022-09-16,117.52999877929688,118.37999725341797,117.02999877929688,118.05000305175781,1106100.0
2022-09-19,117.20999908447266,119.80999755859375,117.20999908447266,119.66999816894531,248800.0
2022-09-20,118.58999633789062,119.41000366210938,117.62999725341797,118.97000122070312,172200.0
2022-09-21,120.77999877929688,121.98999786376953,118.54000091552734,118.7699966430664,265000.0
2022-09-22,119.02999877929688,119.19000244140625,117.41999816894531,117.63999938964844,327600.0
2022-09-23,116.44000244140625,116.54000091552734,114.0999984741211,115.16000366210938,350100.0
2022-09-26,115.01000213623047,117.0199966430664,114.38999938964844,114.9000015258789,335800.0
2022-09-27,115.9800033569336,116.16000366210938,112.8499984741211,113.8499984741211,301800.0
2022-09-28,114.81999969482422,118.06999969482422,114.26000213623047,117.33999633789062,239900.0
2022-09-29,116.08999633789062,117.27999877929688,114.12999725341797,115.95999908447266,246800.0
2022-09-30,116.2699966430664,118.30000305175781,115.30000305175781,115.4800033569336,303900.0
2022-10-03,117.41000366210938,119.1500015258789,115.83999633789062,118.62000274658203,216400.0
2022-10-04,120.13999938964844,122.72000122070312,120.13999938964844,122.26000213623047,233500.0
2022-10-05,120.77999877929688,122.20999908447266,120.73999786376953,121.45999908447266,265000.0
2022-10-06,120.72000122070312,122.16999816894531,120.33000183105469,121.79000091552734,161300.0
2022-10-07,121.19000244140625,121.19000244140625,119.22000122070312,120.27999877929688,177800.0
2022-10-10,121.18000030517578,122.66000366210938,120.55000305175781,121.94000244140625,205600.0
2022-10-11,121.45999908447266,123.80999755859375,121.19000244140625,122.97000122070312,285100.0
2022-10-12,123.0199966430664,123.19000244140625,121.36000061035156,121.4000015258789,246400.0
2022-10-13,119.41999816894531,124.45999908447266,119.12000274658203,123.69999694824219,282200.0
2022-10-14,124.41999816894531,124.45999908447266,121.44000244140625,121.94999694824219,194700.0
2022-10-17,123.87999725341797,127.58000183105469,123.5999984741211,127.43000030517578,321700.0
2022-10-18,130.0,131.57000732421875,126.27999877929688,127.9800033569336,386800.0
2022-10-19,127.37000274658203,128.3699951171875,126.31999969482422,127.83999633789062,336200.0
2022-10-20,127.86000061035156,128.5,124.25,124.81999969482422,171800.0
2022-10-21,125.22000122070312,127.70999908447266,123.79000091552734,126.68000030517578,325900.0
2022-10-24,127.48999786376953,129.1699981689453,126.54000091552734,128.08999633789062,288400.0
2022-10-25,128.22999572753906,130.99000549316406,128.22999572753906,130.11000061035156,245700.0
2022-10-26,130.72000122070312,131.9199981689453,128.86000061035156,129.1199951171875,507300.0
2022-10-27,134.02999877929688,137.30999755859375,131.72999572753906,134.44000244140625,588000.0
2022-10-28,135.58999633789062,142.0800018310547,135.5500030517578,140.02999877929688,682800.0
2022-10-31,139.24000549316406,141.8699951171875,138.64999389648438,141.10000610351562,559800.0
2022-11-01,141.5800018310547,144.6300048828125,141.0800018310547,144.33999633789062,373300.0
2022-11-02,142.64999389648438,144.64999389648438,140.14999389648438,140.33999633789062,454200.0
2022-11-03,139.27999877929688,143.7899932861328,138.52999877929688,142.33999633789062,277200.0
2022-11-04,145.0800018310547,145.89999389648438,142.1199951171875,144.35000610351562,333100.0
2022-11-07,145.74000549316406,146.02000427246094,143.6300048828125,145.6999969482422,359200.0
2022-11-08,146.3300018310547,148.3000030517578,144.5399932861328,145.89999389648438,320500.0
2022-11-09,143.97999572753906,146.99000549316406,143.97999572753906,146.49000549316406,398200.0
2022-11-10,150.0,152.1199951171875,148.5399932861328,152.05999755859375,511700.0
2022-11-11,151.72000122070312,153.4199981689453,150.27000427246094,150.7899932861328,478100.0
2022-11-14,150.6999969482422,153.5800018310547,149.36000061035156,149.52000427246094,470500.0
2022-11-15,150.42999267578125,153.4199981689453,149.57000732421875,152.8300018310547,440000.0
2022-11-16,153.0,155.2899932861328,152.55999755859375,154.3800048828125,508100.0
2022-11-17,152.64999389648438,153.7899932861328,151.1999969482422,152.83999633789062,404800.0
2022-11-18,154.64999389648438,155.5399932861328,151.9199981689453,155.3300018310547,695400.0
2022-11-21,154.39999389648438,155.97000122070312,154.02999877929688,154.75999450683594,318500.0
2022-11-22,155.60000610351562,156.6699981689453,151.8699951171875,154.7899932861328,364700.0
2022-11-23,153.9499969482422,155.75,153.32000732421875,153.58999633789062,214200.0
2022-11-25,154.27999877929688,155.9499969482422,154.27999877929688,155.39999389648438,119000.0
2022-11-28,154.50999450683594,155.5800018310547,152.05999755859375,152.80999755859375,224200.0
2022-11-29,152.52000427246094,153.9199981689453,151.77999877929688,152.1199951171875,209500.0
2022-11-30,151.91000366210938,154.9199981689453,149.74000549316406,154.89999389648438,348700.0
2022-12-01,155.5500030517578,156.14999389648438,153.55999755859375,154.00999450683594,149800.0
2022-12-02,152.75999450683594,155.22999572753906,152.1300048828125,153.88999938964844,207200.0
2022-12-05,152.0399932861328,152.0399932861328,147.14999389648438,149.11000061035156,376000.0
2022-12-06,149.72000122070312,150.49000549316406,147.2899932861328,148.97999572753906,298200.0
2022-12-07,148.5800018310547,150.63999938964844,148.1300048828125,149.3300018310547,194200.0
2022-12-08,150.52000427246094,151.52999877929688,149.2100067138672,150.8300018310547,160400.0
2022-12-09,150.4600067138672,150.5500030517578,148.52000427246094,148.55999755859375,194800.0
2022-12-12,148.67999267578125,149.67999267578125,147.9499969482422,149.42999267578125,232000.0
2022-12-13,153.24000549316406,153.24000549316406,149.3000030517578,150.22000122070312,306600.0
2022-12-14,151.11000061035156,151.30999755859375,146.42999267578125,147.55999755859375,433000.0
2022-12-15,146.7899932861328,147.3300018310547,144.14999389648438,145.72999572753906,462800.0
2022-12-16,144.0,148.22000122070312,143.67999267578125,148.1699981689453,2007700.0
2022-12-19,148.19000244140625,148.80999755859375,146.1199951171875,146.89999389648438,267600.0
2022-12-20,146.5,148.3000030517578,146.47999572753906,146.6300048828125,339900.0
2022-12-21,147.49000549316406,150.6300048828125,146.89999389648438,149.33999633789062,307100.0
2022-12-22,148.14999389648438,149.57000732421875,146.30999755859375,149.0800018310547,311100.0
2022-12-23,148.91000366210938,150.47000122070312,148.67999267578125,149.85000610351562,130800.0
2022-12-27,149.8000030517578,151.39999389648438,149.27000427246094,150.0800018310547,132500.0
2022-12-28,150.19000244140625,150.75,147.57000732421875,147.60000610351562,132800.0
2022-12-29,148.6699981689453,150.0,148.30999755859375,149.1199951171875,161500.0
2022-12-30,148.83999633789062,148.92999267578125,147.33999633789062,148.11000061035156,157700.0
2023-01-03,148.86000061035156,149.32000732421875,146.38999938964844,148.30999755859375,188300.0
2023-01-04,149.1300048828125,149.75,144.5399932861328,145.44000244140625,375800.0
2023-01-05,144.5,145.5800018310547,141.88999938964844,142.39999389648438,261200.0
2023-01-06,144.4199981689453,147.72000122070312,143.52000427246094,147.63999938964844,221900.0
2023-01-09,147.80999755859375,149.30999755859375,144.44000244140625,145.0399932861328,290100.0
2023-01-10,144.44000244140625,147.3300018310547,143.7100067138672,147.0500030517578,244300.0
2023-01-11,147.77999877929688,149.69000244140625,147.64999389648438,147.7899932861328,177100.0
2023-01-12,147.9499969482422,151.91000366210938,147.4499969482422,151.85000610351562,229600.0
2023-01-13,151.82000732421875,152.97999572753906,150.74000549316406,152.69000244140625,175400.0
2023-01-17,150.35000610351562,152.58999633789062,148.3300018310547,148.39999389648438,278600.0
2023-01-18,148.25999450683594,150.80999755859375,146.85000610351562,147.22999572753906,197600.0
2023-01-19,146.4600067138672,146.8300018310547,143.27999877929688,144.02999877929688,130200.0
2023-01-20,144.97999572753906,145.3300018310547,142.6300048828125,145.32000732421875,191700.0
2023-01-23,145.17999267578125,145.69000244140625,143.89999389648438,144.3800048828125,202200.0
2023-01-24,144.10000610351562,147.75,143.32000732421875,146.5500030517578,213300.0
2023-01-25,145.47999572753906,147.25,144.69000244140625,146.22000122070312,152900.0
2023-01-26,147.47000122070312,147.88999938964844,145.27000427246094,146.35000610351562,137000.0
2023-01-27,145.58999633789062,147.19000244140625,145.58999633789062,146.5800018310547,153500.0
2023-01-30,146.24000549316406,148.55999755859375,145.08999633789062,145.4499969482422,176200.0
2023-01-31,145.92999267578125,148.52000427246094,145.92999267578125,148.25,331900.0
2023-02-01,148.02000427246094,150.77000427246094,147.14999389648438,149.0800018310547,247600.0
2023-02-02,149.4600067138672,149.89999389648438,147.33999633789062,149.5800018310547,189000.0
2023-02-03,149.10000610351562,150.6699981689453,148.4199981689453,148.63999938964844,263800.0
2023-02-06,148.0,148.97999572753906,145.97999572753906,147.41000366210938,284800.0
2023-02-07,146.49000549316406,148.2899932861328,144.63999938964844,148.1300048828125,301100.0
2023-02-08,147.0800018310547,148.49000549316406,146.92999267578125,147.61000061035156,212900.0
2023-02-09,148.5,149.32000732421875,145.1199951171875,145.14999389648438,428700.0
2023-02-10,145.16000366210938,145.9199981689453,143.85000610351562,145.8699951171875,207200.0
2023-02-13,146.17999267578125,148.1300048828125,145.7899932861328,147.25999450683594,256600.0
2023-02-14,146.91000366210938,148.4499969482422,145.85000610351562,147.00999450683594,154800.0
2023-02-15,145.55999755859375,148.97999572753906,145.47000122070312,148.63999938964844,183900.0
2023-02-16,146.85000610351562,150.74000549316406,146.85000610351562,148.75999450683594,294500.0
2023-02-17,149.3300018310547,152.22999572753906,149.1999969482422,151.19000244140625,268400.0
2023-02-21,149.75999450683594,149.8300018310547,145.77000427246094,146.47999572753906,203200.0
2023-02-22,147.13999938964844,148.07000732421875,146.22000122070312,146.5399932861328,239200.0
2023-02-23,155.39999389648438,165.82000732421875,153.47000122070312,162.1199951171875,743200.0
2023-02-24,165.94000244140625,169.88999938964844,161.0,165.52000427246094,576900.0
2023-02-27,166.1199951171875,166.94000244140625,164.75999450683594,166.0399932861328,472600.0
2023-02-28,166.16000366210938,168.89999389648438,166.16000366210938,167.22000122070312,555400.0
2023-03-01,167.47000122070312,168.3800048828125,166.0,166.99000549316406,347700.0
2023-03-02,166.2899932861328,167.97999572753906,165.77999877929688,166.86000061035156,217500.0
2023-03-03,167.8000030517578,169.47000122070312,165.36000061035156,168.9499969482422,209200.0
2023-03-06,168.3800048828125,168.8000030517578,165.58999633789062,166.49000549316406,367000.0
2023-03-07,167.1999969482422,168.36000061035156,165.6300048828125,165.80999755859375,346900.0
2023-03-08,166.22000122070312,168.02000427246094,164.72000122070312,167.97000122070312,320900.0
2023-03-09,168.69000244140625,168.8300018310547,164.8000030517578,164.88999938964844,216800.0
2023-03-10,164.07000732421875,164.07000732421875,157.1199951171875,158.49000549316406,417200.0
2023-03-13,155.75999450683594,158.75,154.77000427246094,155.67999267578125,272700.0
2023-03-14,159.1300048828125,160.1300048828125,157.4499969482422,158.38999938964844,363400.0
2023-03-15,154.9499969482422,155.9499969482422,152.75,155.91000366210938,460600.0
2023-03-16,154.25999450683594,160.63999938964844,153.9499969482422,160.5399932861328,453100.0
2023-03-17,160.07000732421875,161.10000610351562,157.1699981689453,160.39999389648438,898100.0
2023-03-20,161.49000549316406,163.67999267578125,160.91000366210938,161.64999389648438,337600.0
2023-03-21,163.8699951171875,165.44000244140625,161.2100067138672,162.02000427246094,314800.0
2023-03-22,160.89999389648438,163.14999389648438,159.2899932861328,159.91000366210938,374800.0
2023-03-23,159.7899932861328,160.5500030517578,156.02000427246094,157.63999938964844,327200.0
2023-03-24,155.88999938964844,157.66000366210938,153.55999755859375,156.6999969482422,339500.0
2023-03-27,158.02000427246094,159.9600067138672,155.77999877929688,159.1699981689453,435100.0
2023-03-28,158.8000030517578,159.91000366210938,157.94000244140625,159.52000427246094,185100.0
2023-03-29,160.52999877929688,161.22000122070312,159.1699981689453,160.55999755859375,205600.0
2023-03-30,160.9600067138672,162.27999877929688,159.35000610351562,160.94000244140625,239700.0
2023-03-31,161.6699981689453,162.83999633789062,160.72999572753906,162.58999633789062,302900.0
2023-04-03,162.82000732421875,164.94000244140625,162.77999877929688,164.52000427246094,776300.0
2023-04-04,164.99000549316406,164.99000549316406,158.08999633789062,158.6999969482422,288700.0
2023-04-05,157.64999389648438,158.10000610351562,151.61000061035156,154.24000549316406,444900.0
2023-04-06,154.13999938964844,154.2899932861328,151.52000427246094,152.82000732421875,245100.0
2023-04-10,152.16000366210938,157.27000427246094,152.16000366210938,156.72999572753906,620300.0
2023-04-11,157.41000366210938,158.3699951171875,154.6300048828125,154.9199981689453,256700.0
2023-04-12,155.9600067138672,156.3000030517578,154.22999572753906,154.77000427246094,287400.0
2023-04-13,154.77000427246094,156.39999389648438,154.0,155.99000549316406,179500.0
2023-04-14,155.16000366210938,157.30999755859375,154.9499969482422,155.91000366210938,192600.0
2023-04-17,156.25999450683594,157.2100067138672,155.35000610351562,157.17999267578125,174400.0
2023-04-18,157.72999572753906,159.5,155.39999389648438,156.69000244140625,193600.0
2023-04-19,156.38999938964844,157.16000366210938,155.13999938964844,155.94000244140625,292900.0
2023-04-20,155.35000610351562,159.22000122070312,155.35000610351562,158.92999267578125,403700.0
2023-04-21,158.97999572753906,159.6199951171875,157.00999450683594,157.77999877929688,480100.0
2023-04-24,158.1300048828125,160.5399932861328,158.1300048828125,159.72999572753906,467200.0
2023-04-25,157.9499969482422,160.6300048828125,157.9499969482422,160.0,690100.0
2023-04-26,158.3699951171875,159.25999450683594,155.47000122070312,157.86000061035156,928700.0
2023-04-27,162.08999633789062,171.5800018310547,161.8000030517578,171.44000244140625,630900.0
2023-04-28,171.22000122070312,174.0500030517578,169.50999450683594,171.0,623500.0
2023-05-01,170.85000610351562,171.99000549316406,167.0399932861328,167.6199951171875,414800.0
2023-05-02,167.33999633789062,167.33999633789062,164.8300018310547,166.74000549316406,335400.0
2023-05-03,167.64999389648438,168.8699951171875,165.57000732421875,165.9600067138672,318600.0
2023-05-04,165.02000427246094,166.50999450683594,164.3000030517578,165.27000427246094,271600.0
2023-05-05,167.02999877929688,168.77999877929688,166.69000244140625,167.8800048828125,232200.0
2023-05-08,168.35000610351562,168.77000427246094,165.74000549316406,166.47000122070312,237700.0
2023-05-09,166.4600067138672,166.88999938964844,165.11000061035156,166.36000061035156,210700.0
2023-05-10,167.17999267578125,168.25,164.94000244140625,166.30999755859375,333000.0
2023-05-11,164.92999267578125,166.27000427246094,164.7100067138672,165.0399932861328,237200.0
2023-05-12,165.32000732421875,167.02999877929688,164.6999969482422,165.10000610351562,267300.0
2023-05-15,165.35000610351562,166.57000732421875,164.5500030517578,165.60000610351562,171100.0
2023-05-16,165.0,165.25,162.49000549316406,164.27999877929688,335500.0
2023-05-17,165.02999877929688,166.17999267578125,164.92999267578125,165.4600067138672,240100.0
2023-05-18,164.92999267578125,166.89999389648438,164.55999755859375,166.7100067138672,323000.0
2023-05-19,167.83999633789062,167.83999633789062,164.75999450683594,164.9499969482422,372300.0
2023-05-22,165.1999969482422,166.38999938964844,163.24000549316406,164.91000366210938,245400.0
2023-05-23,163.52000427246094,165.07000732421875,162.67999267578125,163.10000610351562,413200.0
2023-05-24,163.77000427246094,164.89999389648438,161.49000549316406,161.67999267578125,539800.0
2023-05-25,162.22000122070312,167.8800048828125,161.9499969482422,167.47999572753906,386500.0
2023-05-26,167.91000366210938,171.64999389648438,167.91000366210938,170.86000061035156,373800.0
2023-05-30,171.6699981689453,173.77999877929688,170.35000610351562,171.02000427246094,276600.0
2023-05-31,170.16000366210938,172.25,163.39999389648438,164.83999633789062,619100.0
2023-06-01,164.85000610351562,165.94000244140625,163.44000244140625,165.4600067138672,363300.0
2023-06-02,166.5800018310547,173.1999969482422,166.3300018310547,173.19000244140625,499200.0
2023-06-05,172.19000244140625,172.69000244140625,168.0,170.32000732421875,201800.0
2023-06-06,170.49000549316406,175.25,170.11000061035156,174.64999389648438,388800.0
2023-06-07,175.0,176.8000030517578,174.5,176.72000122070312,310800.0
2023-06-08,175.92999267578125,176.89999389648438,174.67999267578125,176.52000427246094,273500.0
2023-06-09,175.1999969482422,175.5500030517578,172.8300018310547,174.58999633789062,258300.0
2023-06-12,174.66000366210938,176.25,172.8000030517578,174.7100067138672,379800.0
2023-06-13,174.64999389648438,178.4600067138672,174.64999389648438,177.13999938964844,486500.0
2023-06-14,176.57000732421875,177.0800018310547,173.77000427246094,175.77000427246094,339900.0
2023-06-15,175.36000061035156,176.97999572753906,173.1999969482422,176.8300018310547,366800.0
2023-06-16,178.61000061035156,178.91000366210938,175.11000061035156,175.72999572753906,530100.0
2023-06-20,175.0,175.00999450683594,173.24000549316406,174.74000549316406,341400.0
2023-06-21,174.47999572753906,178.02000427246094,174.11000061035156,177.9199981689453,448500.0
2023-06-22,177.83999633789062,179.25999450683594,176.41000366210938,177.36000061035156,577500.0
2023-06-23,176.02000427246094,177.92999267578125,174.00999450683594,175.5500030517578,5885600.0
2023-06-26,176.8000030517578,178.99000549316406,176.25999450683594,177.55999755859375,450400.0
2023-06-27,178.0,180.22999572753906,177.9600067138672,179.8800048828125,314800.0
2023-06-28,180.41000366210938,180.85000610351562,178.83999633789062,179.36000061035156,567300.0
2023-06-29,179.25,183.94000244140625,178.52000427246094,183.44000244140625,368900.0
2023-06-30,184.19000244140625,185.66000366210938,182.33999633789062,184.77999877929688,383200.0
2023-07-03,184.35000610351562,184.75999450683594,182.94000244140625,184.27000427246094,114400.0
2023-07-05,182.9499969482422,184.11000061035156,181.64999389648438,182.64999389648438,238800.0
2023-07-06,181.67999267578125,183.41000366210938,180.6300048828125,183.1199951171875,429500.0
2023-07-07,182.55999755859375,185.10000610351562,182.55999755859375,184.35000610351562,583600.0
2023-07-10,184.33999633789062,187.5,184.33999633789062,186.17999267578125,291800.0
2023-07-11,186.1999969482422,187.66000366210938,184.7899932861328,186.25999450683594,274500.0
2023-07-12,187.75999450683594,188.4600067138672,186.49000549316406,187.55999755859375,218000.0
2023-07-13,187.80999755859375,188.41000366210938,186.72999572753906,187.63999938964844,192200.0
2023-07-14,187.9199981689453,188.0,186.0,187.67999267578125,252300.0
2023-07-17,187.99000549316406,189.6699981689453,187.0500030517578,189.0800018310547,213800.0
2023-07-18,189.0800018310547,192.6300048828125,189.0800018310547,190.9499969482422,231100.0
2023-07-19,192.30999755859375,192.3800048828125,187.8000030517578,191.22999572753906,275900.0
2023-07-20,191.77999877929688,191.77999877929688,189.0399932861328,190.67999267578125,250200.0
2023-07-21,191.8800048828125,191.89999389648438,190.02000427246094,190.35000610351562,300100.0
2023-07-24,191.30999755859375,192.1300048828125,189.11000061035156,190.47000122070312,296400.0
2023-07-25,190.1300048828125,191.4600067138672,189.5500030517578,189.80999755859375,302600.0
2023-07-26,189.07000732421875,190.8000030517578,187.52999877929688,189.1999969482422,450300.0
2023-07-27,195.0,200.60000610351562,193.0399932861328,200.55999755859375,796800.0
2023-07-28,202.2100067138672,212.7100067138672,201.85000610351562,211.82000732421875,857200.0
2023-07-31,212.6999969482422,215.92999267578125,212.58999633789062,215.0399932861328,550300.0
2023-08-01,214.57000732421875,218.02999877929688,213.82000732421875,214.3800048828125,545400.0
2023-08-02,213.60000610351562,216.66000366210938,213.3000030517578,216.17999267578125,368000.0
2023-08-03,215.5800018310547,217.47000122070312,213.72000122070312,215.24000549316406,436100.0
2023-08-04,216.41000366210938,217.67999267578125,212.88999938964844,216.8800048828125,381800.0
2023-08-07,217.36000061035156,221.72999572753906,217.22000122070312,220.77999877929688,360300.0
2023-08-08,219.83999633789062,222.27000427246094,217.7100067138672,221.17999267578125,314400.0
2023-08-09,220.41000366210938,220.5399932861328,216.44000244140625,217.0,385400.0
2023-08-10,218.10000610351562,220.35000610351562,216.8699951171875,219.88999938964844,299700.0
2023-08-11,219.6999969482422,222.80999755859375,219.0500030517578,220.97000122070312,276100.0
2023-08-14,220.97000122070312,223.49000549316406,220.24000549316406,223.41000366210938,263500.0
2023-08-15,222.80999755859375,222.80999755859375,219.49000549316406,220.8300018310547,225800.0
2023-08-16,221.14999389648438,222.32000732421875,216.33999633789062,216.92999267578125,302800.0
2023-08-17,216.75999450683594,217.5,210.7100067138672,211.97000122070312,431200.0
2023-08-18,210.97000122070312,215.1300048828125,209.72000122070312,214.19000244140625,403900.0
2023-08-21,214.82000732421875,216.22000122070312,211.2100067138672,215.17999267578125,367600.0
2023-08-22,214.99000549316406,217.25999450683594,214.0,217.11000061035156,197900.0
2023-08-23,217.91000366210938,220.24000549316406,216.44000244140625,219.1199951171875,177900.0
2023-08-24,219.5,220.74000549316406,217.41000366210938,217.94000244140625,158100.0
2023-08-25,218.8800048828125,220.27000427246094,215.22000122070312,220.1300048828125,340400.0
2023-08-28,221.24000549316406,224.64999389648438,221.24000549316406,222.52000427246094,314000.0
2023-08-29,221.24000549316406,224.8300018310547,220.30999755859375,224.72000122070312,157300.0
2023-08-30,225.32000732421875,226.52000427246094,224.1300048828125,224.38999938964844,180800.0
2023-08-31,224.91000366210938,226.36000061035156,223.5,224.25,350100.0
2023-09-01,225.1199951171875,227.5,224.7899932861328,226.0,251400.0
2023-09-05,224.8800048828125,224.8800048828125,215.27999877929688,220.5800018310547,427900.0
2023-09-06,220.89999389648438,223.10000610351562,220.50999450683594,222.97999572753906,227700.0
2023-09-07,222.05999755859375,223.52999877929688,220.0500030517578,222.58999633789062,257700.0
2023-09-08,223.05999755859375,224.58999633789062,221.89999389648438,222.75999450683594,284300.0
2023-09-11,223.22999572753906,226.1699981689453,221.77999877929688,222.4499969482422,240900.0
2023-09-12,222.27999877929688,223.8300018310547,219.47999572753906,219.94000244140625,215600.0
2023-09-13,219.42999267578125,220.08999633789062,215.22000122070312,215.92999267578125,359100.0
2023-09-14,217.05999755859375,218.27000427246094,216.0800018310547,218.2100067138672,333100.0
2023-09-15,217.00999450683594,217.00999450683594,210.7899932861328,212.86000061035156,1006000.0
2023-09-18,213.22999572753906,216.7100067138672,212.22000122070312,215.7100067138672,225000.0
2023-09-19,215.50999450683594,216.77999877929688,214.3699951171875,216.4499969482422,186400.0
2023-09-20,217.3699951171875,218.99000549316406,214.8800048828125,214.9600067138672,158200.0
2023-09-21,213.47999572753906,213.47999572753906,208.72000122070312,208.91000366210938,233000.0
2023-09-22,208.89999389648438,211.4199981689453,208.52000427246094,210.02999877929688,214200.0
2023-09-25,209.91000366210938,212.24000549316406,209.55999755859375,211.11000061035156,130600.0
2023-09-26,210.52000427246094,211.74000549316406,207.6300048828125,208.22000122070312,172700.0
2023-09-27,209.7899932861328,212.4600067138672,209.22999572753906,212.27000427246094,143600.0
2023-09-28,212.22999572753906,215.05999755859375,212.0800018310547,212.7100067138672,179400.0
2023-09-29,214.4199981689453,215.07000732421875,209.44000244140625,210.38999938964844,206900.0
2023-10-02,209.61000061035156,210.9199981689453,205.2100067138672,206.9600067138672,213800.0
2023-10-03,205.30999755859375,207.0,202.75999450683594,203.82000732421875,213500.0
2023-10-04,204.0,206.24000549316406,202.6699981689453,205.3699951171875,216800.0
2023-10-05,205.0,207.17999267578125,203.75999450683594,204.39999389648438,198700.0
2023-10-06,203.41000366210938,208.39999389648438,203.00999450683594,206.72000122070312,398100.0
2023-10-09,205.58999633789062,208.77000427246094,205.3000030517578,208.0500030517578,142000.0
2023-10-10,208.30999755859375,210.07000732421875,207.16000366210938,207.1999969482422,299800.0
2023-10-11,207.2899932861328,210.00999450683594,207.2899932861328,209.97999572753906,166100.0
2023-10-12,210.02999877929688,210.02999877929688,205.0399932861328,206.6699981689453,183000.0
2023-10-13,206.6999969482422,207.44000244140625,201.52999877929688,202.02000427246094,182400.0
2023-10-16,203.75999450683594,205.9499969482422,201.8300018310547,202.58999633789062,163400.0
2023-10-17,201.8800048828125,207.6199951171875,200.36000061035156,206.3800048828125,589300.0
2023-10-18,204.3300018310547,204.3300018310547,196.35000610351562,196.4499969482422,380000.0
2023-10-19,196.02000427246094,198.49000549316406,194.0,195.58999633789062,344500.0
2023-10-20,196.33999633789062,196.42999267578125,192.1199951171875,192.52999877929688,274600.0
2023-10-23,192.58999633789062,194.94000244140625,191.8699951171875,192.5,241900.0
2023-10-24,194.89999389648438,195.77999877929688,192.30999755859375,192.82000732421875,200700.0
2023-10-25,192.57000732421875,194.52000427246094,191.5,191.60000610351562,319500.0
2023-10-26,206.74000549316406,209.74000549316406,202.02000427246094,206.0399932861328,719400.0
2023-10-27,207.1199951171875,207.6300048828125,201.9600067138672,205.32000732421875,382200.0
2023-10-30,207.24000549316406,209.85000610351562,203.57000732421875,204.9600067138672,302200.0
2023-10-31,204.6999969482422,207.86000061035156,204.6999969482422,206.64999389648438,252700.0
2023-11-01,206.3699951171875,207.77000427246094,204.11000061035156,206.69000244140625,323400.0
2023-11-02,209.66000366210938,212.05999755859375,207.35000610351562,207.38999938964844,281600.0
2023-11-03,209.4499969482422,213.2899932861328,207.42999267578125,210.22000122070312,301600.0
2023-11-06,209.9600067138672,211.52000427246094,208.1199951171875,210.7899932861328,271900.0
2023-11-07,210.0,210.0,206.3699951171875,208.58999633789062,287500.0
2023-11-08,209.77000427246094,211.64999389648438,207.30999755859375,207.5800018310547,227000.0
2023-11-09,208.97999572753906,210.19000244140625,207.36000061035156,209.08999633789062,182800.0
2023-11-10,210.3699951171875,211.1999969482422,208.55999755859375,210.67999267578125,272700.0
2023-11-13,210.02999877929688,212.13999938964844,210.0,211.5,167100.0
2023-11-14,214.2899932861328,218.80999755859375,214.2899932861328,217.58999633789062,194900.0
2023-11-15,217.47000122070312,218.72000122070312,212.8699951171875,214.75999450683594,446200.0
2023-11-16,214.97999572753906,216.61000061035156,209.61000061035156,209.7100067138672,357400.0
2023-11-17,210.14999389648438,215.3800048828125,209.7899932861328,214.6699981689453,277900.0
2023-11-20,214.3000030517578,214.3000030517578,212.49000549316406,213.63999938964844,191800.0
2023-11-21,213.17999267578125,216.14999389648438,213.14999389648438,213.86000061035156,297300.0
2023-11-22,214.77000427246094,216.49000549316406,213.72000122070312,216.25999450683594,154100.0
2023-11-24,215.86000061035156,216.80999755859375,215.6199951171875,216.5,44400.0
2023-11-27,216.47000122070312,220.92999267578125,215.9199981689453,219.33999633789062,362500.0
2023-11-28,218.39999389648438,219.92999267578125,211.25,211.63999938964844,329100.0
2023-11-29,213.0399932861328,214.22999572753906,210.75999450683594,211.41000366210938,270600.0
2023-11-30,211.6300048828125,213.6300048828125,211.5,212.52000427246094,241100.0
2023-12-01,212.14999389648438,215.30999755859375,211.08999633789062,214.32000732421875,197200.0
2023-12-04,214.3000030517578,217.24000549316406,211.75999450683594,216.7899932861328,273800.0
2023-12-05,216.2100067138672,216.2100067138672,211.5500030517578,211.77000427246094,354900.0
2023-12-06,212.97999572753906,214.6999969482422,210.52999877929688,211.88999938964844,257300.0
2023-12-07,211.5,213.88999938964844,210.33999633789062,212.44000244140625,235400.0
2023-12-08,212.49000549316406,215.22999572753906,212.00999450683594,214.72999572753906,197500.0
2023-12-11,215.2100067138672,216.5399932861328,214.97999572753906,216.1699981689453,154900.0
2023-12-12,216.66000366210938,219.27999877929688,215.2899932861328,216.72999572753906,212700.0
2023-12-13,216.49000549316406,217.69000244140625,214.82000732421875,217.4499969482422,387000.0
2023-12-14,219.9499969482422,221.83999633789062,217.72999572753906,218.6199951171875,337500.0
2023-12-15,218.42999267578125,220.66000366210938,216.10000610351562,216.63999938964844,868400.0
2023-12-18,215.25,217.9199981689453,214.85000610351562,216.77000427246094,260300.0
2023-12-19,218.99000549316406,221.02999877929688,217.02000427246094,218.1999969482422,543100.0
2023-12-20,218.1999969482422,218.77000427246094,214.94000244140625,214.97000122070312,258600.0
2023-12-21,216.02999877929688,216.77000427246094,211.5800018310547,214.02000427246094,321800.0
2023-12-22,215.25,217.25999450683594,213.27000427246094,216.00999450683594,386000.0
2023-12-26,215.6999969482422,217.8699951171875,215.14999389648438,216.50999450683594,133200.0
2023-12-27,217.0500030517578,218.8000030517578,215.00999450683594,216.1999969482422,176700.0
2023-12-28,215.72000122070312,216.92999267578125,215.4600067138672,216.22000122070312,185500.0
2023-12-29,215.88999938964844,217.67999267578125,215.39999389648438,215.42999267578125,221100.0
2024-01-02,213.67999267578125,215.22000122070312,210.99000549316406,212.77999877929688,226900.0
2024-01-03,211.5800018310547,212.02999877929688,209.30999755859375,210.52000427246094,284600.0
2024-01-04,210.67999267578125,212.1199951171875,210.67999267578125,211.1300048828125,572800.0
2024-01-05,211.13999938964844,212.7899932861328,211.11000061035156,212.4499969482422,526800.0
2024-01-08,213.1699981689453,214.30999755859375,210.3800048828125,213.8300018310547,232100.0
2024-01-09,212.4600067138672,215.39999389648438,211.10000610351562,214.22000122070312,243600.0
2024-01-10,214.0399932861328,218.66000366210938,214.0399932861328,218.57000732421875,296400.0
2024-01-11,218.4499969482422,221.4499969482422,217.5800018310547,221.1999969482422,235100.0
2024-01-12,222.6300048828125,222.74000549316406,218.94000244140625,218.97999572753906,216400.0
2024-01-16,217.25999450683594,220.35000610351562,217.0800018310547,220.27999877929688,162400.0
2024-01-17,218.75999450683594,220.3000030517578,217.85000610351562,218.99000549316406,158900.0
2024-01-18,220.32000732421875,227.83999633789062,220.14999389648438,223.25999450683594,282900.0
2024-01-19,224.5500030517578,225.22000122070312,217.22000122070312,218.8800048828125,244400.0
2024-01-22,219.94000244140625,224.3699951171875,218.4199981689453,223.88999938964844,218500.0
2024-01-23,224.5800018310547,225.0,219.8800048828125,221.50999450683594,183700.0
2024-01-24,223.1699981689453,223.42999267578125,219.07000732421875,220.11000061035156,321600.0
2024-01-25,222.4600067138672,223.47999572753906,220.4499969482422,220.47999572753906,386000.0
2024-01-26,220.94000244140625,224.50999450683594,220.52999877929688,224.2100067138672,302600.0
2024-01-29,223.5399932861328,228.89999389648438,220.6199951171875,224.6300048828125,392000.0
2024-01-30,226.50999450683594,231.02000427246094,226.50999450683594,230.75,338800.0
2024-01-31,230.9600067138672,233.02999877929688,226.99000549316406,228.11000061035156,415500.0
2024-02-01,229.25999450683594,233.72999572753906,228.3000030517578,233.72000122070312,280000.0
2024-02-02,232.7100067138672,237.2100067138672,231.33999633789062,235.2100067138672,406500.0
2024-02-05,233.4499969482422,234.94000244140625,229.75,233.47999572753906,262000.0
2024-02-06,233.6300048828125,236.9600067138672,232.9199981689453,236.94000244140625,223700.0
2024-02-07,238.3800048828125,240.94000244140625,237.63999938964844,238.99000549316406,300800.0
2024-02-08,239.25999450683594,242.02999877929688,239.25999450683594,242.0,250700.0
2024-02-09,241.72999572753906,245.47000122070312,241.02999877929688,245.14999389648438,214400.0
2024-02-12,245.3000030517578,246.1300048828125,243.50999450683594,243.52000427246094,212100.0
2024-02-13,239.19000244140625,245.17999267578125,238.94000244140625,242.75,441500.0
2024-02-14,245.0399932861328,248.7899932861328,243.99000549316406,248.47000122070312,325700.0
2024-02-15,250.0,252.9499969482422,247.24000549316406,252.33999633789062,259300.0
2024-02-16,252.61000061035156,255.7100067138672,252.22000122070312,252.9199981689453,256300.0
2024-02-20,250.1999969482422,252.22999572753906,248.30999755859375,251.16000366210938,382300.0
2024-02-21,250.74000549316406,252.77000427246094,248.61000061035156,252.1199951171875,319800.0
2024-02-22,254.6199951171875,259.2799987792969,254.08999633789062,259.20001220703125,302200.0
2024-02-23,260.6400146484375,270.3900146484375,260.6300048828125,269.7200012207031,894200.0
2024-02-26,269.3500061035156,276.260009765625,269.05999755859375,274.8800048828125,1131700.0
2024-02-27,275.0,278.3900146484375,272.2900085449219,277.4700012207031,1125800.0
2024-02-28,290.9200134277344,307.989990234375,289.510009765625,305.45001220703125,1055000.0
2024-02-29,308.0,318.20001220703125,305.8900146484375,313.5199890136719,964200.0
2024-03-01,315.7900085449219,321.1600036621094,314.7699890136719,319.989990234375,695700.0
2024-03-04,321.7099914550781,329.1400146484375,321.7099914550781,323.7699890136719,535800.0
2024-03-05,323.3399963378906,329.2099914550781,322.4599914550781,324.6600036621094,596400.0
2024-03-06,325.6700134277344,330.260009765625,324.2900085449219,325.7300109863281,611000.0
2024-03-07,326.3500061035156,328.010009765625,322.3299865722656,325.8399963378906,799600.0
2024-03-08,327.8900146484375,330.8800048828125,323.8599853515625,325.010009765625,423900.0
2024-03-11,323.42999267578125,323.5,313.489990234375,316.4100036621094,584300.0
2024-03-12,317.07000732421875,323.69000244140625,314.75,323.2300109863281,499400.0
2024-03-13,322.6499938964844,326.5,322.4200134277344,323.8599853515625,445900.0
2024-03-14,324.2900085449219,327.4700012207031,320.94000244140625,326.7200012207031,425200.0
2024-03-15,324.9200134277344,330.1099853515625,324.9200134277344,328.5,1105000.0
2024-03-18,330.4599914550781,336.5400085449219,329.489990234375,330.8399963378906,329400.0
2024-03-19,330.0,334.82000732421875,328.0199890136719,334.69000244140625,343600.0
2024-03-20,334.82000732421875,336.4599914550781,332.6000061035156,334.1199951171875,362800.0
2024-03-21,336.239990234375,347.4700012207031,336.1199951171875,345.8900146484375,408200.0
2024-03-22,346.95001220703125,349.739990234375,345.2099914550781,347.9800109863281,302000.0
2024-03-25,347.1099853515625,348.4599914550781,344.0199890136719,347.1199951171875,276000.0
2024-03-26,347.8699951171875,353.04998779296875,347.54998779296875,351.17999267578125,359300.0
2024-03-27,353.29998779296875,354.7300109863281,350.1499938964844,351.5899963378906,310200.0
2024-03-28,351.9599914550781,353.0,348.69000244140625,350.20001220703125,324700.0
2024-04-01,350.0199890136719,355.510009765625,348.0,354.8699951171875,304100.0
2024-04-02,352.0,358.989990234375,351.30999755859375,358.239990234375,324000.0
2024-04-03,357.6499938964844,365.8699951171875,357.0299987792969,362.4100036621094,486400.0
2024-04-04,364.2300109863281,369.5299987792969,356.94000244140625,357.1300048828125,387300.0
2024-04-05,358.25,367.7900085449219,358.25,365.0199890136719,375600.0
2024-04-08,364.9700012207031,365.6600036621094,360.9200134277344,361.1099853515625,443200.0
2024-04-09,362.07000732421875,364.6700134277344,344.4700012207031,351.8999938964844,397300.0
2024-04-10,347.1700134277344,355.2900085449219,345.1499938964844,350.05999755859375,512500.0
2024-04-11,351.3299865722656,354.82000732421875,347.6300048828125,352.3999938964844,370300.0
2024-04-12,352.0,354.989990234375,350.4100036621094,351.8800048828125,373900.0
2024-04-15,356.79998779296875,358.0,347.20001220703125,347.2699890136719,352800.0
2024-04-16,346.760009765625,347.5899963378906,343.3699951171875,345.25,409300.0
2024-04-17,346.2799987792969,346.2799987792969,334.42999267578125,339.20001220703125,483400.0
2024-04-18,341.3399963378906,342.7699890136719,334.75,336.05999755859375,383500.0
2024-04-19,336.3500061035156,337.8599853515625,327.3800048828125,328.6300048828125,686600.0
2024-04-22,330.29998779296875,334.989990234375,328.7799987792969,332.5899963378906,449800.0
2024-04-23,335.0899963378906,341.32000732421875,334.1600036621094,338.0799865722656,399600.0
2024-04-24,341.6199951171875,346.6199951171875,335.7699890136719,338.8900146484375,525600.0
2024-04-25,359.3699951171875,361.2799987792969,347.92999267578125,349.3500061035156,826200.0
2024-04-26,345.5899963378906,355.2699890136719,345.4800109863281,354.0199890136719,609300.0
2024-04-29,354.010009765625,365.25,352.8900146484375,363.6499938964844,714900.0
2024-04-30,362.8399963378906,366.5799865722656,356.5,357.1700134277344,494700.0
2024-05-01,359.75,362.05999755859375,353.92999267578125,355.239990234375,393100.0
2024-05-02,356.4800109863281,357.30999755859375,348.6499938964844,356.2900085449219,398500.0
2024-05-03,360.0,365.1099853515625,359.739990234375,363.7699890136719,331000.0
2024-05-06,367.5199890136719,376.70001220703125,367.5199890136719,371.9700012207031,437500.0
2024-05-07,371.5,377.79998779296875,370.0,375.3900146484375,474700.0
2024-05-08,375.0,380.0,372.42999267578125,379.42999267578125,357800.0
2024-05-09,379.7900085449219,383.9800109863281,378.6400146484375,382.2799987792969,286100.0
2024-05-10,384.6099853515625,385.3699951171875,379.239990234375,380.2799987792969,287200.0
2024-05-13,380.7699890136719,382.010009765625,371.6300048828125,373.55999755859375,297400.0
2024-05-14,373.55999755859375,375.20001220703125,366.239990234375,374.260009765625,309800.0
2024-05-15,377.1000061035156,385.8999938964844,377.1000061035156,385.6000061035156,389800.0
2024-05-16,385.25,385.7699890136719,375.20001220703125,375.5899963378906,325100.0
2024-05-17,378.2099914550781,380.1499938964844,375.6300048828125,378.3699951171875,257900.0
2024-05-20,379.2200012207031,386.489990234375,379.2200012207031,383.8299865722656,267000.0
2024-05-21,382.5199890136719,388.7200012207031,381.05999755859375,388.239990234375,466700.0
2024-05-22,388.8999938964844,392.6099853515625,384.5899963378906,388.5,444500.0
2024-05-23,393.25,396.8699951171875,388.3999938964844,390.1000061035156,541800.0
2024-05-24,390.29998779296875,400.57000732421875,390.29998779296875,398.69000244140625,376400.0
2024-05-28,400.5400085449219,401.9800109863281,392.510009765625,393.67999267578125,506800.0
2024-05-29,391.8999938964844,397.2099914550781,390.1000061035156,393.8999938964844,443100.0
2024-05-30,394.3599853515625,399.6099853515625,394.1300048828125,395.5899963378906,403200.0
2024-05-31,395.5899963378906,400.9700012207031,379.57000732421875,388.6600036621094,4335700.0
2024-06-03,391.0,391.6400146484375,366.3599853515625,373.1000061035156,1102200.0
2024-06-04,371.1700134277344,372.510009765625,360.29998779296875,368.8900146484375,794600.0
2024-06-05,370.42999267578125,380.20001220703125,368.8900146484375,378.1400146484375,530600.0
2024-06-06,377.3699951171875,377.6700134277344,370.9700012207031,374.25,469800.0
2024-06-07,378.6600036621094,383.3999938964844,375.69000244140625,376.0,335300.0
2024-06-10,373.6199951171875,380.3500061035156,373.6199951171875,379.0299987792969,379400.0
2024-06-11,379.0299987792969,381.44000244140625,373.7900085449219,374.8999938964844,415400.0
2024-06-12,380.0,387.55999755859375,380.0,382.6000061035156,371700.0
2024-06-13,382.4100036621094,390.1600036621094,379.30999755859375,390.1400146484375,345300.0
2024-06-14,386.0199890136719,386.5299987792969,375.0,377.20001220703125,336900.0
2024-06-17,377.20001220703125,386.67999267578125,376.30999755859375,383.0299987792969,399800.0
2024-06-18,382.5400085449219,388.0,377.0899963378906,385.67999267578125,352600.0
2024-06-20,385.67999267578125,391.6199951171875,382.0299987792969,385.9100036621094,488600.0
2024-06-21,382.9599914550781,383.1199951171875,364.2799987792969,381.2699890136719,880100.0
2024-06-24,381.0,382.3299865722656,372.2300109863281,380.7799987792969,496000.0
2024-06-25,381.07000732421875,381.7200012207031,371.3599853515625,378.5299987792969,381000.0
2024-06-26,376.2300109863281,379.760009765625,365.1099853515625,368.5199890136719,625600.0
2024-06-27,369.5,371.5199890136719,367.0,370.3800048828125,475600.0
2024-06-28,370.0,375.3599853515625,362.0799865722656,365.0799865722656,898800.0
2024-07-01,367.92999267578125,370.7900085449219,357.9200134277344,359.6600036621094,470000.0
2024-07-02,358.4100036621094,361.1400146484375,355.0,356.8599853515625,652000.0
2024-07-03,357.9100036621094,371.2799987792969,355.5,371.0899963378906,381400.0
2024-07-05,370.3399963378906,372.9700012207031,359.82000732421875,362.5400085449219,290200.0
2024-07-08,366.2799987792969,369.3800048828125,362.760009765625,363.8399963378906,301000.0
2024-07-09,363.8399963378906,368.05999755859375,363.3800048828125,363.55999755859375,462400.0
2024-07-10,365.8500061035156,373.0799865722656,365.5899963378906,372.760009765625,337400.0
2024-07-11,374.0799865722656,378.0899963378906,370.4800109863281,375.4599914550781,253400.0
2024-07-12,377.92999267578125,382.25,371.4800109863281,376.45001220703125,294400.0
2024-07-15,377.57000732421875,384.2099914550781,376.1400146484375,380.3900146484375,343400.0
2024-07-16,383.4200134277344,391.30999755859375,380.1400146484375,390.8800048828125,360600.0
2024-07-17,386.0,386.0,361.2099914550781,361.239990234375,431800.0
2024-07-18,364.8500061035156,374.4800109863281,356.5299987792969,364.8299865722656,460400.0
2024-07-19,365.17999267578125,366.9700012207031,360.7300109863281,363.6099853515625,379400.0
2024-07-22,366.739990234375,375.9599914550781,364.5,375.739990234375,284700.0
2024-07-23,374.2799987792969,383.2799987792969,371.3999938964844,379.2099914550781,388800.0
2024-07-24,374.2300109863281,376.010009765625,355.510009765625,356.7300109863281,636700.0
2024-07-25,388.6099853515625,396.8399963378906,345.7900085449219,346.6000061035156,1435600.0
2024-07-26,359.4200134277344,368.0799865722656,351.9100036621094,364.04998779296875,1229600.0
2024-07-29,365.3399963378906,374.8399963378906,362.4599914550781,362.8699951171875,409400.0
2024-07-30,364.8299865722656,370.20001220703125,355.2200012207031,358.4700012207031,449900.0
2024-07-31,370.8500061035156,380.7200012207031,369.42999267578125,375.44000244140625,474800.0
2024-08-01,375.5799865722656,384.9800109863281,360.8500061035156,366.1199951171875,487400.0
2024-08-02,355.8900146484375,359.75,341.4599914550781,349.70001220703125,583300.0
2024-08-05,329.1400146484375,348.0400085449219,319.489990234375,340.2200012207031,654100.0
2024-08-06,343.510009765625,355.6400146484375,341.5899963378906,350.42999267578125,426700.0
2024-08-07,359.32000732421875,360.82000732421875,343.0799865722656,347.8800048828125,396500.0
2024-08-08,353.989990234375,357.3900146484375,345.80999755859375,357.0199890136719,326400.0
2024-08-09,357.0199890136719,360.8699951171875,353.5299987792969,355.7699890136719,259200.0
2024-08-12,356.80999755859375,360.1700134277344,352.0899963378906,355.79998779296875,208100.0
2024-08-13,359.4200134277344,362.9599914550781,354.510009765625,361.4599914550781,297700.0
2024-08-14,364.44000244140625,367.4599914550781,361.4200134277344,365.3500061035156,293400.0
2024-08-15,371.55999755859375,374.7699890136719,368.1300048828125,372.19000244140625,188200.0
2024-08-16,372.19000244140625,372.30999755859375,363.1499938964844,366.5899963378906,220400.0
2024-08-19,366.5899963378906,368.67999267578125,361.260009765625,368.5400085449219,279300.0
2024-08-20,368.0,371.6400146484375,361.510009765625,367.29998779296875,299400.0
2024-08-21,366.25,373.3299865722656,360.1300048828125,373.1300048828125,243700.0
2024-08-22,373.010009765625,378.2699890136719,371.9800109863281,372.760009765625,290900.0
2024-08-23,374.79998779296875,383.1499938964844,374.739990234375,382.29998779296875,236700.0
2024-08-26,382.7099914550781,385.1700134277344,375.04998779296875,377.6099853515625,212500.0
2024-08-27,375.0,383.1600036621094,373.2699890136719,380.8699951171875,282000.0
2024-08-28,380.0,383.0199890136719,376.9200134277344,379.75,231000.0
2024-08-29,382.4100036621094,392.30999755859375,381.5,385.1700134277344,287100.0
2024-08-30,386.8900146484375,393.3500061035156,386.5899963378906,393.05999755859375,552500.0
2024-09-03,389.9200134277344,389.9200134277344,357.260009765625,358.6300048828125,524100.0
2024-09-04,356.30999755859375,361.1000061035156,351.9100036621094,356.4599914550781,350300.0
2024-09-05,354.1000061035156,355.760009765625,350.07000732421875,353.4700012207031,383200.0
2024-09-06,354.3900146484375,360.55999755859375,350.5299987792969,352.8800048828125,384800.0
2024-09-09,355.75,366.2699890136719,355.6400146484375,364.1000061035156,375800.0
2024-09-10,365.2699890136719,371.94000244140625,363.6099853515625,371.260009765625,362900.0
2024-09-11,372.69000244140625,385.07000732421875,364.5,385.07000732421875,338500.0
2024-09-12,385.2699890136719,393.7699890136719,382.5199890136719,388.489990234375,408900.0
2024-09-13,392.7799987792969,400.489990234375,392.45001220703125,396.4200134277344,249000.0
2024-09-16,396.8599853515625,403.69000244140625,394.510009765625,402.69000244140625,199200.0
2024-09-17,406.19000244140625,410.6700134277344,404.2200012207031,409.20001220703125,349800.0
2024-09-18,411.8399963378906,417.7799987792969,406.239990234375,408.75,384000.0
2024-09-19,420.6700134277344,432.8800048828125,412.42999267578125,430.04998779296875,460800.0
2024-09-20,430.45001220703125,437.1000061035156,428.0,435.6000061035156,721900.0
2024-09-23,437.6099853515625,441.8900146484375,434.9800109863281,435.1099853515625,392500.0
2024-09-24,434.989990234375,437.6099853515625,427.0199890136719,433.55999755859375,362700.0
2024-09-25,435.5,442.1499938964844,433.5,435.4700012207031,524800.0
2024-09-26,440.44000244140625,443.9599914550781,428.6300048828125,429.29998779296875,512600.0
2024-09-27,428.70001220703125,430.7699890136719,423.6099853515625,427.0899963378906,363900.0
2024-09-30,425.6300048828125,430.9800109863281,421.8800048828125,430.5299987792969,278100.0
2024-10-01,428.5,429.8299865722656,420.20001220703125,428.2799987792969,274200.0
2024-10-02,425.0,433.54998779296875,423.6600036621094,429.8900146484375,226400.0
2024-10-03,429.8900146484375,431.3599853515625,426.0400085449219,430.95001220703125,308800.0
2024-10-04,437.8500061035156,440.75,430.7900085449219,435.0,291600.0
2024-10-07,433.3500061035156,444.9800109863281,433.2300109863281,440.3599853515625,352400.0
2024-10-08,443.54998779296875,445.6600036621094,439.17999267578125,439.739990234375,351200.0
2024-10-09,439.0400085449219,448.1000061035156,439.0400085449219,446.94000244140625,266200.0
2024-10-10,443.0,443.5,436.19000244140625,442.0899963378906,182200.0
2024-10-11,441.79998779296875,450.54998779296875,441.79998779296875,450.45001220703125,151200.0
2024-10-14,452.3900146484375,454.8399963378906,449.32000732421875,452.6000061035156,142000.0
2024-10-15,452.94000244140625,454.3999938964844,441.6000061035156,444.9100036621094,245800.0
2024-10-16,447.2099914550781,452.44000244140625,444.3800048828125,447.2799987792969,246800.0
2024-10-17,452.25,455.5199890136719,448.82000732421875,453.75,266400.0
2024-10-18,453.79998779296875,453.8599853515625,444.42999267578125,453.739990234375,261900.0
2024-10-21,453.0,456.1600036621094,449.2699890136719,455.1000061035156,217200.0
2024-10-22,450.0,454.1099853515625,445.0299987792969,447.94000244140625,221500.0
2024-10-23,445.3500061035156,449.67999267578125,442.07000732421875,445.6199951171875,172700.0
2024-10-24,445.9599914550781,447.5,441.6000061035156,446.1099853515625,265300.0
2024-10-25,443.9100036621094,443.9100036621094,422.1600036621094,428.5799865722656,502900.0
2024-10-28,432.1199951171875,434.2300109863281,429.4599914550781,431.55999755859375,359400.0
2024-10-29,430.0,436.95001220703125,427.82000732421875,436.7900085449219,355000.0
2024-10-30,431.989990234375,438.55999755859375,431.2900085449219,431.7699890136719,369900.0
2024-10-31,439.1199951171875,456.760009765625,436.510009765625,446.07000732421875,548200.0
2024-11-01,457.55999755859375,461.8699951171875,451.5199890136719,453.2099914550781,523300.0
2024-11-04,450.70001220703125,468.5899963378906,450.6700134277344,461.5,394000.0
2024-11-05,462.1300048828125,476.5,462.1300048828125,475.7799987792969,357400.0
2024-11-06,492.45001220703125,504.5299987792969,486.8800048828125,501.8800048828125,616600.0
2024-11-07,503.0,509.4599914550781,501.6000061035156,504.3500061035156,796500.0
2024-11-08,507.8699951171875,519.0999755859375,506.0,514.1500244140625,593200.0
2024-11-11,521.780029296875,525.3099975585938,516.3400268554688,520.4400024414062,634900.0
2024-11-12,521.6099853515625,524.5,510.8900146484375,514.0800170898438,472000.0
2024-11-13,515.0,517.0,498.6099853515625,500.3599853515625,454900.0
2024-11-14,500.3800048828125,502.5,492.79998779296875,498.1099853515625,556600.0
2024-11-15,499.30999755859375,504.6400146484375,495.760009765625,498.8599853515625,436700.0
2024-11-18,501.3599853515625,505.80999755859375,497.25,500.8500061035156,402000.0
2024-11-19,497.25,514.239990234375,495.4200134277344,514.0,448900.0
2024-11-20,517.0,520.9500122070312,508.760009765625,515.8200073242188,436800.0
2024-11-21,520.0,532.3800048828125,518.5,526.9500122070312,397800.0
2024-11-22,522.8200073242188,528.4099731445312,497.8800048828125,504.9200134277344,661400.0
2024-11-25,507.9100036621094,513.1500244140625,503.0400085449219,510.989990234375,651300.0
2024-11-26,511.4800109863281,522.739990234375,508.75,514.780029296875,451900.0
2024-11-27,520.0,522.489990234375,505.2699890136719,507.95001220703125,391200.0
2024-11-29,514.0700073242188,519.719970703125,509.9700012207031,510.1199951171875,177400.0
2024-12-02,511.95001220703125,517.739990234375,505.07000732421875,505.0899963378906,319100.0
2024-12-03,507.239990234375,510.760009765625,501.04998779296875,509.5899963378906,340700.0
2024-12-04,511.0400085449219,514.8699951171875,507.3800048828125,514.7100219726562,336600.0
2024-12-05,514.0,518.0999755859375,508.239990234375,513.52001953125,323200.0
2024-12-06,513.75,513.75,504.3500061035156,509.0299987792969,313300.0
2024-12-09,505.8800048828125,509.0299987792969,468.54998779296875,478.5899963378906,556600.0
2024-12-10,482.5899963378906,485.30999755859375,473.6499938964844,474.30999755859375,349300.0
2024-12-11,482.3399963378906,483.0,476.739990234375,480.9599914550781,319200.0
2024-12-12,481.989990234375,484.5400085449219,476.8299865722656,480.25,250000.0
2024-12-13,479.739990234375,484.6300048828125,476.5899963378906,479.2799987792969,266100.0
2024-12-16,478.739990234375,487.2699890136719,477.0,484.54998779296875,343800.0
2024-12-17,477.5299987792969,481.7799987792969,470.5400085449219,476.8999938964844,440000.0
2024-12-18,479.8999938964844,484.9100036621094,464.25,464.4200134277344,555700.0
2024-12-19,470.17999267578125,477.2099914550781,461.6600036621094,464.29998779296875,371400.0
2024-12-20,458.6099853515625,470.95001220703125,454.739990234375,465.82000732421875,867500.0
2024-12-23,464.30999755859375,465.0,457.45001220703125,463.260009765625,192000.0
2024-12-24,464.3399963378906,465.489990234375,461.2099914550781,463.489990234375,134900.0
2024-12-26,463.0,466.7699890136719,460.260009765625,466.5799865722656,144900.0
2024-12-27,462.6000061035156,464.1300048828125,454.5199890136719,459.3800048828125,177600.0
2024-12-30,456.2799987792969,460.5899963378906,450.0,457.25,291900.0
2024-12-31,457.5,459.4700012207031,452.75,453.8999938964844,349800.0
2025-01-02,455.989990234375,463.8800048828125,453.2900085449219,457.6300048828125,308500.0
2025-01-03,459.5199890136719,474.0799865722656,459.5199890136719,473.6499938964844,390200.0
2025-01-06,476.82000732421875,486.4800109863281,475.0,479.1300048828125,479400.0
2025-01-07,479.9700012207031,480.8500061035156,456.3500061035156,470.17999267578125,429800.0
2025-01-08,469.3800048828125,475.9800109863281,462.0799865722656,475.8599853515625,360300.0
2025-01-10,471.5,471.7200012207031,463.3900146484375,467.0400085449219,351500.0
2025-01-13,460.010009765625,469.8500061035156,457.0799865722656,467.7799987792969,312400.0
2025-01-14,473.79998779296875,494.4100036621094,471.9800109863281,492.9100036621094,407500.0
2025-01-15,502.2900085449219,509.57000732421875,498.32000732421875,502.0199890136719,444500.0
2025-01-16,507.07000732421875,516.530029296875,504.8900146484375,510.989990234375,313600.0
2025-01-17,514.489990234375,514.489990234375,502.70001220703125,506.4700012207031,375200.0
2025-01-21,516.1699829101562,527.510009765625,510.57000732421875,527.1599731445312,411700.0
2025-01-22,535.25,545.2899780273438,532.3800048828125,535.989990234375,383100.0
2025-01-23,530.4199829101562,533.5399780273438,523.5,531.7999877929688,365000.0
2025-01-24,534.0700073242188,534.3900146484375,523.469970703125,531.6500244140625,285700.0
2025-01-27,487.1199951171875,487.1199951171875,428.92999267578125,430.0,1611000.0
2025-01-28,441.32000732421875,444.6300048828125,430.1400146484375,438.2699890136719,1086900.0
2025-01-29,440.7300109863281,450.5199890136719,435.0,439.4100036621094,506300.0
2025-01-30,444.9599914550781,454.9800109863281,440.8399963378906,448.69000244140625,589800.0
2025-01-31,453.6700134277344,458.32000732421875,441.8900146484375,448.05999755859375,701500.0
2025-02-03,436.94000244140625,453.2900085449219,432.1199951171875,448.3999938964844,635200.0
2025-02-04,450.2799987792969,452.32000732421875,442.54998779296875,445.0,386900.0
2025-02-05,450.3500061035156,463.6400146484375,448.0899963378906,456.6499938964844,358000.0
2025-02-06,460.0,467.70001220703125,457.7900085449219,467.1700134277344,422000.0
2025-02-07,470.92999267578125,471.7799987792969,460.1499938964844,461.75,331800.0
2025-02-10,463.3699951171875,469.2900085449219,461.0,466.510009765625,345700.0
2025-02-11,461.6499938964844,463.760009765625,443.0199890136719,446.239990234375,373200.0
2025-02-12,433.739990234375,438.7099914550781,431.010009765625,433.489990234375,603900.0
2025-02-13,437.5799865722656,439.3399963378906,421.42999267578125,427.54998779296875,519400.0
2025-02-14,428.9200134277344,428.9200134277344,422.239990234375,426.2900085449219,303300.0
2025-02-18,427.8999938964844,435.9700012207031,427.75,433.9100036621094,466300.0
2025-02-19,431.0299987792969,436.0899963378906,430.5199890136719,434.8500061035156,340600.0
2025-02-20,435.5799865722656,436.1099853515625,418.8599853515625,424.6400146484375,432000.0
2025-02-21,432.9100036621094,432.9100036621094,402.7099914550781,404.3500061035156,702700.0
2025-02-24,403.29998779296875,406.44000244140625,388.2900085449219,391.42999267578125,841000.0
2025-02-25,390.4599914550781,400.4700012207031,385.5199890136719,398.0299987792969,827700.0
2025-02-26,419.9800109863281,433.6300048828125,415.1300048828125,420.8800048828125,881400.0
2025-02-27,418.6199951171875,424.1400146484375,401.8399963378906,402.7099914550781,576900.0
2025-02-28,400.07000732421875,409.010009765625,396.0199890136719,408.9100036621094,676800.0
2025-03-03,411.1000061035156,411.1000061035156,394.010009765625,395.7300109863281,560400.0
2025-03-04,385.0,398.3800048828125,376.2900085449219,388.0799865722656,662300.0
2025-03-05,389.1499938964844,396.20001220703125,384.79998779296875,392.6000061035156,522700.0
2025-03-06,380.2200012207031,387.3699951171875,370.2099914550781,374.8699951171875,689200.0
2025-03-07,375.8500061035156,382.6199951171875,363.79998779296875,375.3500061035156,583600.0
2025-03-10,364.8399963378906,369.989990234375,355.5299987792969,361.1600036621094,640000.0
2025-03-11,362.19000244140625,379.989990234375,360.0,372.6000061035156,620400.0
2025-03-12,385.5,390.0,377.6099853515625,382.3900146484375,530000.0
2025-03-13,380.25,382.5199890136719,369.7200012207031,372.9200134277344,335700.0
2025-03-14,380.82000732421875,390.29998779296875,379.29998779296875,388.510009765625,330500.0
2025-03-17,385.8299865722656,398.6499938964844,384.3299865722656,395.0899963378906,391200.0
2025-03-18,388.8399963378906,392.55999755859375,383.1199951171875,386.5400085449219,359700.0
2025-03-19,388.6700134277344,401.8800048828125,386.1199951171875,398.5400085449219,412300.0
2025-03-20,390.7200012207031,406.54998779296875,390.7200012207031,399.5199890136719,559600.0
2025-03-21,393.8500061035156,395.8900146484375,390.44000244140625,395.1400146484375,1255900.0
2025-03-24,405.0,415.5199890136719,404.44000244140625,412.8500061035156,560900.0
2025-03-25,411.7300109863281,416.79998779296875,407.1400146484375,412.2799987792969,359400.0
2025-03-26,411.760009765625,411.8599853515625,391.1300048828125,392.25,296600.0
2025-03-27,388.6700134277344,389.92999267578125,377.3800048828125,379.3299865722656,637100.0
2025-03-28,379.7200012207031,380.2900085449219,366.7200012207031,370.8699951171875,400400.0
2025-03-31,361.17999267578125,369.70001220703125,352.1000061035156,369.6300048828125,775900.0
2025-04-01,368.5199890136719,377.0899963378906,365.9599914550781,375.5,408300.0
2025-04-02,364.70001220703125,385.04998779296875,362.79998779296875,384.95001220703125,400000.0
2025-04-03,362.1499938964844,367.6499938964844,352.17999267578125,354.5400085449219,491200.0
2025-04-04,340.0,347.760009765625,320.8900146484375,342.0199890136719,1172100.0
2025-04-07,325.79998779296875,361.989990234375,324.79998779296875,350.4800109863281,1144100.0
2025-04-08,369.1499938964844,375.54998779296875,347.67999267578125,354.260009765625,819300.0
2025-04-09,350.7200012207031,396.6700134277344,349.7799987792969,391.0,931500.0
2025-04-10,376.010009765625,386.2300109863281,365.8599853515625,375.20001220703125,643600.0
2025-04-11,375.2799987792969,385.2699890136719,366.9800109863281,383.7300109863281,455200.0
2025-04-14,392.8500061035156,393.0,378.989990234375,385.7900085449219,388500.0
2025-04-15,386.4800109863281,395.67999267578125,386.010009765625,390.1000061035156,395700.0
2025-04-16,382.8500061035156,389.30999755859375,375.0,382.3999938964844,498400.0
2025-04-17,382.0799865722656,383.95001220703125,374.1199951171875,378.80999755859375,359200.0
2025-04-21,374.07000732421875,375.7099914550781,356.9700012207031,362.7099914550781,400600.0
2025-04-22,370.7300109863281,376.3399963378906,365.8699951171875,373.20001220703125,370600.0
2025-04-23,392.70001220703125,397.510009765625,382.1300048828125,384.1300048828125,404700.0
2025-04-24,383.25,402.70001220703125,382.30999755859375,400.6199951171875,331800.0
2025-04-25,405.239990234375,414.6499938964844,404.42999267578125,410.239990234375,524500.0
2025-04-28,410.8599853515625,417.32000732421875,404.1000061035156,410.260009765625,689300.0
2025-04-29,408.8800048828125,414.8399963378906,406.55999755859375,413.0199890136719,501100.0
2025-04-30,385.0,400.79998779296875,374.6400146484375,400.70001220703125,1128000.0
2025-05-01,411.4700012207031,418.95001220703125,407.4800109863281,412.5199890136719,606900.0
2025-05-02,416.6600036621094,433.8299865722656,415.7200012207031,430.19000244140625,678600.0
2025-05-05,426.2799987792969,439.6400146484375,426.2799987792969,435.989990234375,551400.0
2025-05-06,431.6300048828125,437.2900085449219,429.7300109863281,433.07000732421875,411800.0
2025-05-07,434.0799865722656,437.4599914550781,427.8999938964844,434.1499938964844,430400.0
2025-05-08,440.3299865722656,448.44000244140625,435.0199890136719,440.239990234375,312400.0
2025-05-09,441.3800048828125,444.0199890136719,436.6199951171875,439.42999267578125,219900.0
2025-05-12,458.489990234375,465.0,451.7699890136719,457.30999755859375,441800.0
2025-05-13,457.6000061035156,474.29998779296875,457.05999755859375,472.3800048828125,750100.0
2025-05-14,475.8299865722656,478.75,465.9100036621094,466.57000732421875,599300.0
2025-05-15,463.69000244140625,469.42999267578125,461.0,464.2900085449219,489900.0
2025-05-16,465.9599914550781,472.3299865722656,463.0,470.42999267578125,424000.0
2025-05-19,461.0199890136719,470.8900146484375,460.1199951171875,469.989990234375,298800.0
2025-05-20,472.6300048828125,478.1600036621094,471.3999938964844,472.5199890136719,564800.0
2025-05-21,467.44000244140625,475.739990234375,463.260009765625,463.7699890136719,355100.0
2025-05-22,460.0,462.20001220703125,451.989990234375,458.30999755859375,455700.0
2025-05-23,452.9200134277344,465.2799987792969,450.67999267578125,463.32000732421875,397600.0
2025-05-27,469.6000061035156,476.0199890136719,466.95001220703125,475.5899963378906,340500.0
2025-05-28,476.8399963378906,476.8399963378906,468.05999755859375,469.1400146484375,280800.0
2025-05-29,472.32000732421875,477.0,464.79998779296875,468.260009765625,343800.0
2025-05-30,467.45001220703125,472.0299987792969,464.1600036621094,471.8599853515625,807400.0
2025-06-02,468.3299865722656,470.1300048828125,457.29998779296875,469.54998779296875,330900.0
2025-06-03,472.19000244140625,486.57000732421875,468.8299865722656,483.7799987792969,435300.0
2025-06-04,482.5799865722656,490.0,480.4700012207031,482.6400146484375,340400.0
2025-06-05,483.82000732421875,488.79998779296875,480.0,484.05999755859375,350900.0
2025-06-06,490.0,491.7300109863281,484.05999755859375,488.82000732421875,336300.0
2025-06-09,484.2099914550781,486.75,471.8599853515625,473.7900085449219,488900.0
2025-06-10,474.4200134277344,474.42999267578125,455.1400146484375,465.92999267578125,404800.0
2025-06-11,468.4200134277344,472.3800048828125,464.2099914550781,471.8900146484375,329900.0
2025-06-12,467.57000732421875,476.1199951171875,466.489990234375,474.92999267578125,380700.0
2025-06-13,474.1099853515625,481.4599914550781,470.0199890136719,477.9200134277344,401000.0
2025-06-16,483.0,489.67999267578125,480.0199890136719,485.80999755859375,376700.0
2025-06-17,483.19000244140625,486.9200134277344,479.3999938964844,481.3900146484375,571500.0
2025-06-18,481.3800048828125,493.3900146484375,481.1400146484375,485.2099914550781,541500.0
2025-06-20,487.7200012207031,489.32000732421875,478.1600036621094,485.0299987792969,1452500.0
2025-06-23,485.2799987792969,496.2300109863281,483.57000732421875,494.6000061035156,389200.0
2025-06-24,499.1099853515625,503.3699951171875,493.4700012207031,500.6499938964844,359700.0
2025-06-25,504.3399963378906,505.6600036621094,499.30999755859375,502.57000732421875,266700.0
2025-06-26,506.3900146484375,512.719970703125,504.5799865722656,510.989990234375,340400.0
2025-06-27,519.1799926757812,532.489990234375,517.6500244140625,530.6199951171875,681300.0
2025-06-30,529.6699829101562,538.2999877929688,523.5,534.8900146484375,421500.0
2025-07-01,531.4600219726562,535.8599853515625,516.9099731445312,530.8800048828125,635600.0
2025-07-02,529.739990234375,541.7999877929688,529.0399780273438,541.7999877929688,388800.0
2025-07-03,537.469970703125,550.1799926757812,533.0800170898438,547.219970703125,302500.0
2025-07-07,548.3400268554688,553.969970703125,545.0999755859375,551.1400146484375,481000.0
2025-07-08,552.5900268554688,552.5900268554688,532.25,541.3400268554688,416900.0
2025-07-09,546.47998046875,548.0900268554688,539.4400024414062,546.280029296875,389100.0
2025-07-10,546.0,550.8599853515625,537.1099853515625,547.5900268554688,383300.0
2025-07-11,547.6300048828125,556.6099853515625,542.0,554.219970703125,215600.0
2025-07-14,553.5999755859375,560.010009765625,552.0,556.8599853515625,283900.0
2025-07-15,562.280029296875,562.77001953125,546.9099731445312,549.760009765625,341600.0
2025-07-16,551.7100219726562,555.5800170898438,546.4400024414062,553.2999877929688,258200.0
2025-07-17,554.0999755859375,562.030029296875,554.0999755859375,559.25,287700.0
2025-07-18,562.0499877929688,570.0,560.0800170898438,565.5599975585938,415100.0
2025-07-21,564.8300170898438,566.3200073242188,558.7000122070312,560.4400024414062,263500.0
2025-07-22,559.6400146484375,561.8900146484375,540.0,558.97998046875,315000.0
2025-07-23,564.8599853515625,574.02001953125,563.2000122070312,573.6599731445312,231700.0
2025-07-24,576.6900024414062,580.47998046875,569.0399780273438,578.7999877929688,253700.0
2025-07-25,607.010009765625,636.3800048828125,605.9000244140625,635.0599975585938,658100.0
2025-07-28,635.0599975585938,641.9600219726562,626.6500244140625,631.6599731445312,578500.0
2025-07-29,636.530029296875,637.219970703125,628.3400268554688,636.22998046875,418000.0
2025-07-30,634.52001953125,642.5499877929688,632.6900024414062,639.3300170898438,560800.0
2025-07-31,667.6400146484375,667.6400146484375,616.0399780273438,627.489990234375,731400.0
2025-08-01,608.77001953125,632.2999877929688,595.6199951171875,624.6699829101562,508800.0
2025-08-04,631.4000244140625,634.8400268554688,621.02001953125,629.219970703125,340100.0
2025-08-05,635.6199951171875,635.6199951171875,613.780029296875,625.0,404700.0
2025-08-06,622.7899780273438,625.7100219726562,615.7999877929688,622.27001953125,299300.0
2025-08-07,620.6699829101562,624.9400024414062,613.489990234375,617.510009765625,220100.0
2025-08-08,620.1099853515625,620.4500122070312,610.0,618.219970703125,321400.0
2025-08-11,619.0599975585938,624.0,611.2899780273438,614.6900024414062,299100.0
2025-08-12,618.4099731445312,633.780029296875,615.3400268554688,632.5700073242188,347400.0
2025-08-13,636.25,640.3800048828125,602.8900146484375,616.7100219726562,364000.0
2025-08-14,604.3800048828125,618.1400146484375,604.3800048828125,609.75,239200.0
2025-08-15,609.75,613.3699951171875,596.8599853515625,605.6199951171875,233200.0
2025-08-18,604.5999755859375,613.3499755859375,604.4600219726562,612.9199829101562,261900.0
2025-08-19,611.8699951171875,611.8699951171875,604.8900146484375,607.0999755859375,229500.0
2025-08-20,600.0,607.4400024414062,589.2999877929688,605.1300048828125,302700.0
2025-08-21,605.0,611.6699829101562,601.7899780273438,610.8499755859375,225100.0
2025-08-22,613.6300048828125,625.260009765625,609.6599731445312,610.239990234375,222900.0
2025-08-25,610.239990234375,620.0700073242188,605.719970703125,609.1599731445312,279300.0
2025-08-26,610.0,619.7899780273438,608.4600219726562,618.8400268554688,422900.0
2025-08-27,615.5999755859375,628.3300170898438,615.5999755859375,624.0,372800.0
2025-08-28,624.0,634.27001953125,624.0,633.25,322900.0
2025-08-29,633.25,633.25,611.6400146484375,620.0,353400.0
2025-09-02,605.8599853515625,621.5700073242188,596.1699829101562,620.4099731445312,298700.0
2025-09-03,623.1699829101562,627.969970703125,620.219970703125,627.280029296875,303200.0
2025-09-04,631.3900146484375,642.0800170898438,626.5,640.5700073242188,330100.0
2025-09-05,640.5900268554688,640.5900268554688,612.5,625.4000244140625,429800.0
2025-09-08,630.5599975585938,637.5499877929688,619.6199951171875,621.5800170898438,577500.0
2025-09-09,631.5999755859375,631.5999755859375,618.3900146484375,623.030029296875,560800.0
2025-09-10,631.719970703125,641.8499755859375,628.0,634.4000244140625,767700.0
2025-09-11,642.0,648.1900024414062,634.9099731445312,640.0,666600.0
2025-09-12,637.6900024414062,640.5499877929688,628.5900268554688,629.0800170898438,455300.0
2025-09-15,628.0,630.3400268554688,616.1500244140625,628.75,523600.0
2025-09-16,624.1400146484375,627.6199951171875,613.5499877929688,618.989990234375,431200.0
2025-09-17,621.6099853515625,626.0999755859375,611.239990234375,616.719970703125,381600.0
2025-09-18,618.3900146484375,639.1099853515625,616.52001953125,628.9199829101562,706300.0
2025-09-19,627.3699951171875,634.719970703125,613.8099975585938,632.02001953125,10505000.0
2025-09-22,625.1099853515625,655.9199829101562,622.5900268554688,655.8300170898438,837700.0
2025-09-23,660.0,660.4299926757812,641.719970703125,644.7000122070312,546300.0
2025-09-24,651.9000244140625,653.0900268554688,625.510009765625,626.5700073242188,462900.0
2025-09-25,615.4000244140625,628.0,609.0,625.0,357400.0
2025-09-26,629.5800170898438,645.9500122070312,626.52001953125,640.5700073242188,396300.0
2025-09-29,644.0,650.9099731445312,636.1599731445312,640.6300048828125,410400.0
2025-09-30,640.6300048828125,651.1799926757812,640.1699829101562,649.5399780273438,300800.0
2025-10-01,644.469970703125,657.8800048828125,640.97998046875,654.9199829101562,407900.0
2025-10-02,653.030029296875,664.1699829101562,649.6599731445312,660.280029296875,342400.0
2025-10-03,663.0,663.25,649.9400024414062,654.4099731445312,321600.0
2025-10-06,657.6400146484375,679.02001953125,657.5,670.0,592100.0
2025-10-07,680.77001953125,685.8200073242188,663.2999877929688,673.0800170898438,485300.0
2025-10-08,676.8699951171875,695.4000244140625,672.9500122070312,695.030029296875,417600.0
2025-10-09,695.0,697.5,678.6799926757812,680.8300170898438,414700.0
2025-10-10,687.97998046875,697.9099731445312,663.6599731445312,663.739990234375,423300.0
2025-10-13,674.8400268554688,686.9099731445312,672.5,677.02001953125,241600.0
2025-10-14,668.0,681.02001953125,661.010009765625,674.1400146484375,452000.0
2025-10-15,686.0700073242188,692.5700073242188,680.0,690.6400146484375,662900.0
2025-10-16,692.7899780273438,695.9099731445312,683.0499877929688,687.219970703125,416500.0
2025-10-17,682.9199829101562,692.1099853515625,675.3499755859375,689.010009765625,524700.0
2025-10-20,700.0,704.0900268554688,693.3599853515625,700.1799926757812,289500.0
2025-10-21,698.4400024414062,701.239990234375,680.5,689.9500122070312,384400.0
2025-10-22,695.030029296875,700.2899780273438,646.5499877929688,662.9299926757812,568900.0
2025-10-23,666.0,698.0999755859375,665.6599731445312,696.280029296875,470700.0
2025-10-24,730.0,752.52001953125,729.8900146484375,748.239990234375,689900.0
2025-10-27,749.8699951171875,755.5700073242188,741.5,754.8499755859375,477600.0
2025-10-28,755.0900268554688,758.719970703125,747.010009765625,751.4400024414062,399100.0
2025-10-29,755.7899780273438,778.6400146484375,755.7899780273438,777.0,684700.0
2025-10-30,665.0,715.8300170898438,632.0599975585938,648.0,1422400.0
2025-10-31,657.489990234375,682.1199951171875,657.489990234375,675.780029296875,962900.0
2025-11-03,673.02001953125,681.8400268554688,670.0800170898438,673.52001953125,428100.0
2025-11-04,661.010009765625,664.5,646.2100219726562,654.5,449600.0
2025-11-05,657.3099975585938,679.2999877929688,657.3099975585938,675.4199829101562,314600.0
2025-11-06,669.739990234375,672.7100219726562,653.1699829101562,653.75,337400.0
2025-11-07,645.1400146484375,655.6300048828125,636.1099853515625,649.3400268554688,578100.0
2025-11-10,664.52001953125,666.0,646.0,656.3300170898438,290300.0
2025-11-11,650.6500244140625,655.4500122070312,639.7100219726562,640.8499755859375,299200.0
2025-11-12,645.6599731445312,655.969970703125,640.8499755859375,643.3800048828125,328900.0
2025-11-13,641.6099853515625,644.1199951171875,615.52001953125,618.9600219726562,497200.0
2025-11-14,603.280029296875,630.4299926757812,601.0,619.8599853515625,489000.0
2025-11-17,620.6400146484375,626.8800048828125,606.6599731445312,611.4000244140625,382400.0
2025-11-18,602.6099853515625,624.0700073242188,602.6099853515625,614.5900268554688,381900.0
2025-11-19,618.1799926757812,625.1400146484375,603.5800170898438,605.8400268554688,673000.0
2025-11-20,623.530029296875,626.5999755859375,577.8800048828125,583.0800170898438,666300.0
2025-11-21,584.1699829101562,585.2999877929688,564.9199829101562,581.5800170898438,545600.0
2025-11-24,590.0700073242188,614.0,585.1199951171875,602.8400268554688,582600.0
2025-11-25,600.280029296875,608.8400268554688,587.5399780273438,605.6099853515625,310100.0
2025-11-26,609.4500122070312,617.989990234375,609.4500122070312,610.719970703125,237600.0
2025-11-28,616.9199829101562,619.4000244140625,613.02001953125,615.0700073242188,146000.0
2025-12-01,605.5900268554688,610.8699951171875,601.0,607.780029296875,273800.0
2025-12-02,611.760009765625,618.1500244140625,602.510009765625,606.3699951171875,341200.0
2025-12-03,604.75,612.739990234375,590.989990234375,612.0,355100.0
2025-12-04,608.989990234375,638.9500122070312,607.0,635.3599853515625,508400.0
2025-12-05,633.260009765625,637.8099975585938,622.6400146484375,623.6199951171875,387700.0
2025-12-08,626.7999877929688,645.3200073242188,621.77001953125,629.219970703125,475700.0
2025-12-09,625.780029296875,636.3099975585938,622.5399780273438,623.739990234375,408600.0
2025-12-10,623.8300170898438,633.77001953125,611.1500244140625,627.02001953125,330100.0
2025-12-11,623.5800170898438,642.2000122070312,618.3300170898438,639.5800170898438,306700.0
2025-12-12,641.3499755859375,641.77001953125,604.97998046875,623.6500244140625,534600.0
2025-12-15,624.1099853515625,632.3200073242188,618.47998046875,624.0900268554688,280500.0
2025-12-16,625.0,630.9099731445312,620.469970703125,624.5599975585938,311900.0
2025-12-17,621.1599731445312,625.3400268554688,591.25,596.469970703125,591100.0
2025-12-18,607.8400268554688,617.5999755859375,602.2999877929688,612.8599853515625,477300.0
2025-12-19,613.7999877929688,623.6500244140625,608.8499755859375,611.4099731445312,891300.0
2025-12-22,619.2100219726562,627.9600219726562,613.8499755859375,621.8400268554688,263400.0
2025-12-23,619.1500244140625,627.719970703125,618.5900268554688,625.6900024414062,197900.0
2025-12-24,622.8400268554688,626.6300048828125,618.4099731445312,626.0700073242188,97500.0
2025-12-26,628.3800048828125,629.030029296875,624.219970703125,627.0900268554688,151300.0
2025-12-29,623.280029296875,629.8200073242188,621.5,623.260009765625,251900.0
2025-12-30,622.9600219726562,623.530029296875,616.6599731445312,617.2999877929688,200000.0
2025-12-31,618.3300170898438,620.0,610.0,611.7899780273438,265500.0
2026-01-02,616.47998046875,641.0,614.9500122070312,638.6500244140625,286100.0
2026-01-05,644.7100219726562,662.6500244140625,644.5599975585938,653.5700073242188,473000.0
2026-01-06,651.739990234375,661.2000122070312,626.0499877929688,655.9400024414062,395500.0
2026-01-07,655.3900146484375,657.4600219726562,646.9500122070312,650.969970703125,484500.0
2026-01-08,651.0,651.27001953125,618.0900268554688,628.27001953125,424200.0
2026-01-09,631.219970703125,652.0,630.9000244140625,646.27001953125,319500.0
2026-01-12,647.2999877929688,664.4600219726562,645.5999755859375,660.6500244140625,412200.0
2026-01-13,662.3599853515625,671.0599975585938,662.3599853515625,670.5499877929688,327300.0
2026-01-14,667.2000122070312,667.4500122070312,640.6500244140625,660.72998046875,320600.0
2026-01-15,672.739990234375,689.7999877929688,669.760009765625,682.1300048828125,454700.0
2026-01-16,689.25,708.3599853515625,689.0900268554688,698.6900024414062,485400.0
2026-01-20,684.7000122070312,696.739990234375,680.0,687.760009765625,303700.0
2026-01-21,693.969970703125,711.0499877929688,687.7999877929688,708.7100219726562,272200.0
2026-01-22,720.5,724.739990234375,690.0,702.8900146484375,290200.0
2026-01-23,702.010009765625,703.75,688.6199951171875,694.2100219726562,248100.0
2026-01-26,697.8099975585938,709.0,694.239990234375,706.8699951171875,247300.0
2026-01-27,711.2000122070312,719.2999877929688,704.3099975585938,716.280029296875,227000.0
2026-01-28,719.1599731445312,735.5900268554688,713.9500122070312,727.3499755859375,286800.0
2026-01-29,737.8699951171875,747.780029296875,718.0,730.4000244140625,347800.0
2026-01-30,720.5700073242188,731.1300048828125,712.4600219726562,720.72998046875,306700.0
2026-02-02,714.6500244140625,731.7100219726562,714.6500244140625,731.6699829101562,252200.0
2026-02-03,740.0,747.5399780273438,726.239990234375,744.530029296875,354800.0
2026-02-04,737.8400268554688,744.8599853515625,687.3300170898438,708.6199951171875,554200.0
2026-02-05,704.969970703125,726.8599853515625,696.739990234375,717.6799926757812,324000.0
2026-02-06,735.1799926757812,766.4099731445312,734.9099731445312,764.3499755859375,371400.0
2026-02-09,761.4299926757812,787.9000244140625,761.4299926757812,776.239990234375,404300.0
2026-02-10,779.3300170898438,792.8400268554688,768.7000122070312,779.0900268554688,349700.0
2026-02-11,800.0,816.5999755859375,785.1799926757812,808.510009765625,440900.0
2026-02-12,815.0,835.0,781.5,782.9299926757812,527500.0
2026-02-13,784.6799926757812,809.0499877929688,777.52001953125,800.8200073242188,309500.0
2026-02-17,798.0,806.3900146484375,788.0599975585938,797.5,364100.0
2026-02-18,797.5,806.3699951171875,780.6400146484375,783.0599975585938,415600.0
2026-02-19,784.2000122070312,806.239990234375,778.6099853515625,803.5499877929688,308800.0
2026-02-20,803.8699951171875,821.9000244140625,799.1900024414062,812.7899780273438,368000.0
2026-02-23,805.5499877929688,815.7899780273438,797.0999755859375,806.6599731445312,308600.0
2026-02-24,796.1599731445312,815.0,790.6400146484375,806.7999877929688,385300.0
2026-02-25,815.8499755859375,815.8499755859375,798.9299926757812,801.7999877929688,476900.0
2026-02-26,780.0,780.0,713.97998046875,746.1799926757812,881100.0
2026-02-27,745.0,747.6199951171875,712.9099731445312,724.6199951171875,642100.0
2026-03-02,719.280029296875,749.97998046875,714.7100219726562,735.780029296875,411900.0
2026-03-03,720.6199951171875,742.0599975585938,710.6599731445312,736.2999877929688,513100.0
2026-03-04,745.02001953125,750.8499755859375,735.0,740.8699951171875,368300.0
2026-03-05,730.510009765625,736.8200073242188,704.1199951171875,719.010009765625,579400.0
2026-03-06,706.469970703125,715.1500244140625,700.0,705.7899780273438,397000.0
2026-03-09,695.280029296875,719.1900024414062,685.5,719.1799926757812,391100.0
2026-03-10,724.9099731445312,735.1900024414062,719.7100219726562,723.3800048828125,262000.0
2026-03-11,722.52001953125,727.0599975585938,712.0900268554688,720.1799926757812,354400.0
2026-03-12,711.4199829101562,718.9199829101562,701.8300170898438,710.530029296875,276900.0
2026-03-13,719.2999877929688,727.6500244140625,707.6500244140625,709.9099731445312,287900.0
2026-03-16,722.6300048828125,732.6900024414062,720.969970703125,726.5499877929688,302000.0
2026-03-17,730.1900024414062,736.010009765625,714.6900024414062,728.5499877929688,196100.0
2026-03-18,733.0,747.969970703125,731.7999877929688,737.6599731445312,395200.0
2026-03-19,726.3200073242188,757.239990234375,723.489990234375,751.3300170898438,489800.0
2026-03-20,750.0499877929688,755.4099731445312,718.2000122070312,724.9299926757812,919200.0
2026-03-23,734.3800048828125,761.5800170898438,734.3800048828125,744.6599731445312,329600.0
2026-03-24,746.489990234375,768.27001953125,736.4400024414062,761.27001953125,422100.0
2026-03-25,765.3800048828125,775.8599853515625,761.52001953125,764.760009765625,270500.0
2026-03-26,756.0,761.989990234375,720.6799926757812,726.3099975585938,334500.0
2026-03-27,725.8699951171875,747.530029296875,721.1799926757812,732.8900146484375,251300.0
2026-03-30,738.760009765625,747.4299926757812,695.5499877929688,701.0999755859375,367000.0
2026-03-31,711.719970703125,743.6799926757812,711.719970703125,738.3099975585938,412100.0
2026-04-01,747.8599853515625,769.969970703125,746.1099853515625,759.5499877929688,252900.0
2026-04-02,738.6300048828125,773.4000244140625,737.9000244140625,756.2999877929688,241800.0
2026-04-06,756.6400146484375,760.1699829101562,742.0,757.5399780273438,172700.0
2026-04-07,754.9600219726562,766.9000244140625,747.6199951171875,750.4199829101562,544000.0
2026-04-08,781.719970703125,794.9199829101562,776.9099731445312,789.1900024414062,385200.0
2026-04-09,791.1799926757812,808.8900146484375,791.1799926757812,800.4000244140625,344800.0
2026-04-10,799.0,809.9299926757812,790.0800170898438,802.4299926757812,195900.0
2026-04-13,799.9400024414062,815.9199829101562,799.3800048828125,812.2100219726562,271000.0
2026-04-14,820.1799926757812,823.8800048828125,808.719970703125,814.1799926757812,324300.0
2026-04-15,809.5399780273438,814.4299926757812,793.2100219726562,803.6400146484375,282900.0
2026-04-16,802.7000122070312,807.780029296875,788.760009765625,792.25,280800.0
2026-04-17,800.7100219726562,816.9500122070312,797.7100219726562,806.0499877929688,477200.0
2026-04-20,807.8099975585938,833.25,807.1500244140625,831.1099853515625,293600.0
2026-04-21,835.010009765625,842.5,829.1599731445312,838.010009765625,373200.0
2026-04-22,850.0999755859375,860.47998046875,838.5,860.0,378100.0
2026-04-23,867.6799926757812,881.9600219726562,861.2999877929688,873.1099853515625,367800.0
2026-04-24,875.9500122070312,881.8400268554688,855.3599853515625,869.9000244140625,375000.0
2026-04-27,870.4400024414062,888.0499877929688,848.2000122070312,885.4199829101562,368000.0
2026-04-28,866.510009765625,877.1900024414062,851.8499755859375,863.780029296875,402000.0
2026-04-29,865.25,882.2899780273438,830.5999755859375,833.3699951171875,592500.0
2026-04-30,857.280029296875,901.239990234375,856.010009765625,891.6699829101562,541400.0
2026-05-01,899.9000244140625,905.719970703125,882.1300048828125,903.5,326300.0
2026-05-04,906.0599975585938,921.219970703125,893.52001953125,910.260009765625,314300.0
2026-05-05,935.780029296875,944.8499755859375,922.8300170898438,933.27001953125,400500.0
2026-05-06,937.25,951.9600219726562,908.6199951171875,943.75,562400.0
2026-05-07,945.219970703125,947.9600219726562,914.239990234375,924.0599975585938,357800.0
2026-05-08,939.02001953125,946.1099853515625,919.6199951171875,921.6400146484375,259000.0
2026-05-11,914.47998046875,936.3099975585938,908.1799926757812,931.5,321400.0
2026-05-12,927.1099853515625,938.6699829101562,905.0,924.9000244140625,433600.0
2026-05-13,939.4199829101562,939.989990234375,908.760009765625,923.010009765625,328000.0
2026-05-14,926.3900146484375,934.1099853515625,916.8599853515625,930.030029296875,396500.0
2026-05-15,910.0900268554688,915.0700073242188,894.0900268554688,913.1099853515625,316000.0
2026-05-18,909.1799926757812,911.1799926757812,869.7999877929688,877.1900024414062,487400.0
2026-05-19,859.6500244140625,870.6900024414062,838.9500122070312,854.3599853515625,319200.0
2026-05-20,868.3400268554688,870.7899780273438,851.0399780273438,853.1500244140625,264300.0
2026-05-21,847.4199829101562,857.22998046875,837.0,849.2000122070312,258600.0
2026-05-22,851.6300048828125,856.0,834.3400268554688,848.9099731445312,251600.0
2026-05-26,863.6400146484375,872.52001953125,854.9500122070312,861.4099731445312,260900.0
2026-05-27,865.1500244140625,879.3699951171875,853.489990234375,855.260009765625,273400.0
2026-05-28,856.0700073242188,863.6599731445312,839.0,848.4500122070312,335200.0
2026-05-29,850.1099853515625,854.2000122070312,820.1099853515625,826.8200073242188,685700.0
2026-06-01,815.530029296875,841.6500244140625,812.0,830.9500122070312,456000.0
2026-06-02,833.2999877929688,854.780029296875,824.9000244140625,827.280029296875,511500.0
2026-06-03,831.0900268554688,858.4000244140625,828.010009765625,839.5399780273438,360000.0
2026-06-04,828.6500244140625,847.7999877929688,823.27001953125,845.4299926757812,239200.0
2026-06-05,833.1900024414062,845.5399780273438,813.6799926757812,817.4400024414062,358000.0
2026-06-08,823.3900146484375,825.0999755859375,802.6699829101562,823.7899780273438,358900.0
2026-06-09,831.760009765625,845.989990234375,799.4199829101562,827.780029296875,300100.0
2026-06-10,818.6300048828125,822.9400024414062,775.8800048828125,776.719970703125,418000.0
2026-06-11,792.25,815.02001953125,785.1400146484375,811.530029296875,281200.0
2026-06-12,817.1300048828125,831.7999877929688,811.4400024414062,823.0499877929688,247000.0
2026-06-15,842.3200073242188,853.02001953125,838.219970703125,842.2999877929688,403600.0
2026-06-16,850.6699829101562,860.0,833.469970703125,834.77001953125,330300.0
2026-06-17,843.2000122070312,851.010009765625,824.0499877929688,827.5,390600.0
2026-06-18,846.6300048828125,849.6699829101562,833.1199951171875,836.5900268554688,1132500.0
2026-06-22,844.9500122070312,870.719970703125,831.5900268554688,868.8800048828125,422600.0
2026-06-23,852.7899780273438,860.9099731445312,835.5800170898438,838.6099853515625,483100.0
2026-06-24,844.219970703125,863.6400146484375,835.0,847.1699829101562,335100.0
2026-06-25,863.219970703125,876.52001953125,855.010009765625,862.6599731445312,284100.0
2026-06-26,840.6300048828125,841.72998046875,796.6500244140625,798.0999755859375,1357600.0
2026-06-29,799.8900146484375,826.0900268554688,799.6099853515625,814.4099731445312,537800.0
2026-06-30,815.8400268554688,832.6599731445312,805.0,829.8800048828125,381100.0
2026-07-01,826.8300170898438,826.8300170898438,796.6199951171875,804.3300170898438,342400.0
2026-07-02,804.6400146484375,811.6099853515625,763.4299926757812,774.6599731445312,569600.0
2026-07-06,785.0,804.0,784.8099975585938,787.2899780273438,490900.0
2026-07-07,783.8400268554688,786.27001953125,749.0,768.3800048828125,427300.0
2026-07-08,758.0999755859375,781.27001953125,750.0,768.97998046875,285500.0
2026-07-09,792.0900268554688,797.3699951171875,777.7999877929688,783.4099731445312,393100.0
2026-07-10,777.6099853515625,790.9400024414062,765.0900268554688,781.780029296875,293700.0
2026-07-13,770.9000244140625,779.9199829101562,758.969970703125,764.9000244140625,261700.0
2026-07-14,780.5999755859375,784.2999877929688,766.0,774.739990234375,355600.0
2026-07-15,781.0700073242188,782.25,749.280029296875,769.719970703125,484700.0
2026-07-16,749.219970703125,759.9500122070312,745.4299926757812,750.0399780273438,479200.0
2026-07-17,728.5800170898438,744.9600219726562,717.280029296875,744.1599731445312,1526500.0
2026-07-20,759.0399780273438,761.0999755859375,740.239990234375,744.030029296875,435400.0
2026-07-21,761.1500244140625,765.0,749.260009765625,760.27001953125,298600.0
2026-07-22,745.9400024414062,763.25,740.280029296875,755.1500244140625,318800.0
2026-07-23,755.0,772.9400024414062,755.0,769.0700073242188,353700.0
2026-07-24,764.1699829101562,772.0399780273438,742.97998046875,744.8499755859375,296200.0
2026-07-27,746.8200073242188,761.9500122070312,725.8800048828125,742.75,436900.0
2026-07-28,733.0499877929688,733.3300170898438,698.3599853515625,705.8200073242188,524500.0
2026-07-29,707.02001953125,711.0800170898438,668.8200073242188,672.47998046875,765300.0
2026-07-30,771.6599731445312,808.719970703125,771.6599731445312,802.3699951171875,879600.0
2026-07-31,838.9000244140625,839.989990234375,797.4199829101562,797.4299926757812,609400.0
2026-08-03,787.989990234375,821.8599853515625,775.0499877929688,817.4199829101562,565800.0
2026-08-04,824.9400024414062,831.5,808.8699951171875,819.8800048828125,450900.0
2026-08-05,827.1799926757812,835.0,815.7999877929688,822.1599731445312,375900.0
2026-08-06,826.0999755859375,836.1500244140625,805.2000122070312,808.4299926757812,380500.0
2026-08-07,820.5599975585938,831.5399780273438,801.5999755859375,816.9000244140625,356500.0
2026-08-10,823.989990234375,827.6300048828125,808.47998046875,809.3300170898438,286500.0
2026-08-11,815.530029296875,830.8699951171875,812.47998046875,816.8599853515625,288100.0
2026-08-12,830.47998046875,844.5800170898438,827.8800048828125,833.4000244140625,349200.0
2026-08-13,832.8400268554688,843.8300170898438,828.1900024414062,831.22998046875,280400.0
2026-08-14,832.5399780273438,854.0999755859375,830.9600219726562,836.2899780273438,288900.0
2026-08-17,842.0399780273438,864.8300170898438,840.2899780273438,862.5399780273438,315000.0
2026-08-18,843.3699951171875,843.5599975585938,817.010009765625,824.530029296875,288300.0
2026-08-19,830.5,830.5,793.8400268554688,805.780029296875,409400.0
2026-08-20,799.1400146484375,807.4199829101562,784.8900146484375,787.3900146484375,285500.0
2026-08-21,791.72998046875,794.27001953125,775.530029296875,776.6199951171875,326200.0
2026-08-24,769.989990234375,773.3900146484375,758.760009765625,764.9000244140625,304300.0
2026-08-25,780.1799926757812,780.22998046875,730.9000244140625,739.8699951171875,388200.0
2026-08-26,743.219970703125,767.8800048828125,743.219970703125,763.5900268554688,405900.0
2026-08-27,771.2999877929688,776.7000122070312,754.5399780273438,775.0399780273438,465700.0
2026-08-28,773.9099731445312,785.9000244140625,739.3800048828125,740.1699829101562,371000.0
2026-08-31,741.0,741.8099975585938,732.239990234375,734.5399780273438,578900.0
2026-09-01,730.25,738.02001953125,722.0800170898438,735.25,354500.0
2026-09-02,735.0,736.239990234375,724.25,734.260009765625,300900.0
2026-09-03,735.8099975585938,745.9099731445312,729.47998046875,741.3200073242188,247800.0
2026-09-04,748.5399780273438,757.9199829101562,746.9600219726562,754.1599731445312,344600.0
2026-09-08,757.969970703125,777.2100219726562,755.5,773.1599731445312,338600.0
2026-09-09,761.6300048828125,774.3900146484375,754.030029296875,754.2899780273438,270300.0
2026-09-10,746.760009765625,756.8900146484375,740.0,748.3300170898438,231200.0
2026-09-11,757.1699829101562,782.5999755859375,749.4000244140625,780.6599731445312,241000.0
2026-09-14,740.3400268554688,756.239990234375,736.010009765625,749.7000122070312,391600.0
2026-09-15,757.3200073242188,760.719970703125,732.5700073242188,735.52001953125,321800.0
2026-09-16,747.0399780273438,754.25,732.8800048828125,739.4600219726562,309400.0
2026-09-17,757.989990234375,758.3200073242188,723.8699951171875,729.260009765625,479200.0
2026-09-18,731.1500244140625,754.739990234375,729.9099731445312,750.0900268554688,848500.0
2026-09-21,760.0599975585938,762.1900024414062,737.47998046875,757.7100219726562,381400.0
2026-09-23,756.7000122070312,762.0,750.0700073242188,751.7999877929688,219200.0
2026-09-24,739.4500122070312,755.489990234375,730.0,751.9600219726562,327700.0
