date,open,high,low,close,volume
2016-09-26,177.6699981689453,178.05999755859375,174.97999572753906,176.19000244140625,472000.0
2016-09-27,168.0,169.88999938964844,161.8300018310547,164.33999633789062,2073900.0
2016-09-28,164.33999633789062,165.1699981689453,159.5399932861328,162.38999938964844,1204300.0
2016-09-29,162.02999877929688,163.17999267578125,159.2899932861328,160.2100067138672,829800.0
2016-09-30,161.08999633789062,162.97000122070312,160.42999267578125,162.10000610351562,470600.0
2016-10-03,161.97999572753906,162.0399932861328,158.8800048828125,159.4499969482422,480500.0
2016-10-04,159.7899932861328,160.89999389648438,156.91000366210938,157.97999572753906,519000.0
2016-10-05,158.2899932861328,159.3699951171875,157.5800018310547,158.35000610351562,398900.0
2016-10-06,158.3000030517578,159.19000244140625,157.4499969482422,159.00999450683594,348300.0
2016-10-07,159.0,159.27000427246094,157.30999755859375,157.3800048828125,235200.0
2016-10-10,157.3800048828125,159.02000427246094,157.3800048828125,158.02999877929688,259400.0
2016-10-11,157.72999572753906,157.72999572753906,155.72999572753906,156.1699981689453,348400.0
2016-10-12,156.3800048828125,156.92999267578125,155.69000244140625,156.1699981689453,493200.0
2016-10-13,154.99000549316406,156.49000549316406,154.5,155.19000244140625,428600.0
2016-10-14,156.36000061035156,157.2899932861328,155.0,155.1999969482422,267200.0
2016-10-17,155.0,155.7100067138672,154.5,154.72000122070312,228100.0
2016-10-18,156.16000366210938,156.5800018310547,154.88999938964844,155.83999633789062,297100.0
2016-10-19,155.77999877929688,156.72000122070312,155.27999877929688,155.3300018310547,181700.0
2016-10-20,154.69000244140625,155.22999572753906,152.8300018310547,153.30999755859375,283900.0
2016-10-21,152.77000427246094,155.85000610351562,152.35000610351562,154.9199981689453,450500.0
2016-10-24,156.83999633789062,156.83999633789062,154.32000732421875,154.41000366210938,209200.0
2016-10-25,153.9499969482422,154.42999267578125,152.63999938964844,153.0399932861328,360500.0
2016-10-26,152.22999572753906,155.5800018310547,152.22999572753906,154.6999969482422,290200.0
2016-10-27,154.97000122070312,155.10000610351562,153.07000732421875,154.25,331400.0
2016-10-28,154.2100067138672,156.77000427246094,154.2100067138672,155.4600067138672,400900.0
2016-10-31,155.85000610351562,156.49000549316406,154.63999938964844,154.72000122070312,411400.0
2016-11-01,155.13999938964844,155.55999755859375,151.9199981689453,152.27999877929688,568900.0
2016-11-02,152.00999450683594,153.27999877929688,151.6300048828125,151.6699981689453,416200.0
2016-11-03,151.44000244140625,153.41000366210938,150.9499969482422,152.92999267578125,304600.0
2016-11-04,152.77999877929688,154.3300018310547,152.08999633789062,152.72999572753906,273600.0
2016-11-07,155.30999755859375,155.7899932861328,153.83999633789062,154.8000030517578,421100.0
2016-11-08,154.13999938964844,157.42999267578125,154.13999938964844,155.9499969482422,268200.0
2016-11-09,154.91000366210938,158.61000061035156,154.39999389648438,158.3699951171875,400900.0
2016-11-10,159.75,161.99000549316406,159.3699951171875,160.77999877929688,506200.0
2016-11-11,160.38999938964844,162.6699981689453,160.38999938964844,162.16000366210938,342800.0
2016-11-14,162.91000366210938,163.47999572753906,160.72000122070312,161.1699981689453,575300.0
2016-11-15,161.50999450683594,163.7100067138672,159.49000549316406,160.36000061035156,355100.0
2016-11-16,160.11000061035156,161.17999267578125,157.66000366210938,159.44000244140625,269200.0
2016-11-17,159.80999755859375,162.47000122070312,159.41000366210938,162.4600067138672,288000.0
2016-11-18,162.77000427246094,163.50999450683594,161.66000366210938,163.05999755859375,248100.0
2016-11-21,164.0,164.5800018310547,161.88999938964844,163.19000244140625,267400.0
2016-11-22,162.8699951171875,163.9199981689453,161.08999633789062,161.55999755859375,365700.0
2016-11-23,160.97000122070312,163.10000610351562,160.24000549316406,160.67999267578125,482200.0
2016-11-25,160.7100067138672,161.64999389648438,160.1999969482422,160.91000366210938,99300.0
2016-11-28,160.16000366210938,160.99000549316406,158.5,160.3699951171875,431200.0
2016-11-29,160.41000366210938,162.1999969482422,160.41000366210938,161.72999572753906,200700.0
2016-11-30,161.97999572753906,162.1999969482422,159.49000549316406,160.1699981689453,363400.0
2016-12-01,161.02000427246094,162.1699981689453,158.41000366210938,159.38999938964844,349300.0
2016-12-02,158.77000427246094,159.75999450683594,158.49000549316406,158.99000549316406,268900.0
2016-12-05,159.9600067138672,161.7899932861328,159.5399932861328,160.35000610351562,167800.0
2016-12-06,161.16000366210938,161.5,160.10000610351562,161.47000122070312,167000.0
2016-12-07,161.13999938964844,164.82000732421875,161.13999938964844,164.50999450683594,282100.0
2016-12-08,164.60000610351562,166.42999267578125,163.25999450683594,166.3300018310547,269200.0
2016-12-09,166.1999969482422,167.55999755859375,165.33999633789062,167.3800048828125,268900.0
2016-12-12,166.5,166.75999450683594,164.91000366210938,165.25,317800.0
2016-12-13,165.66000366210938,167.75,165.66000366210938,167.5399932861328,373300.0
2016-12-14,167.55999755859375,168.22000122070312,164.44000244140625,164.5399932861328,270600.0
2016-12-15,164.82000732421875,167.0399932861328,163.63999938964844,165.35000610351562,257400.0
2016-12-16,165.35000610351562,166.72999572753906,165.08999633789062,165.33999633789062,687500.0
2016-12-19,165.22000122070312,166.2899932861328,163.92999267578125,165.3300018310547,501800.0
2016-12-20,164.00999450683594,164.5399932861328,157.55999755859375,161.27999877929688,1025900.0
2016-12-21,162.0800018310547,165.6999969482422,161.3800048828125,165.17999267578125,452500.0
2016-12-22,165.2899932861328,165.8699951171875,162.74000549316406,162.8800048828125,323400.0
2016-12-23,162.64999389648438,164.49000549316406,162.64999389648438,163.2100067138672,210600.0
2016-12-27,163.27999877929688,165.75999450683594,163.27999877929688,165.05999755859375,231000.0
2016-12-28,165.22000122070312,165.60000610351562,162.6999969482422,162.72000122070312,236900.0
2016-12-29,162.57000732421875,163.64999389648438,161.69000244140625,161.94000244140625,379700.0
2016-12-30,161.00999450683594,164.00999450683594,160.8000030517578,163.42999267578125,366000.0
2017-01-03,165.05999755859375,166.1199951171875,164.0399932861328,165.13999938964844,307400.0
2017-01-04,165.9600067138672,170.52999877929688,165.47999572753906,169.7100067138672,569700.0
2017-01-05,169.3000030517578,170.97000122070312,168.0500030517578,168.8800048828125,291800.0
2017-01-06,168.75,171.7100067138672,167.94000244140625,170.74000549316406,297500.0
2017-01-09,170.4199981689453,171.3000030517578,169.2100067138672,169.8000030517578,255000.0
2017-01-10,166.99000549316406,170.67999267578125,166.35000610351562,169.4600067138672,397600.0
2017-01-11,169.64999389648438,169.8800048828125,168.30999755859375,169.44000244140625,286100.0
2017-01-12,168.97999572753906,169.82000732421875,166.42999267578125,169.5399932861328,221700.0
2017-01-13,169.8699951171875,171.1199951171875,169.4600067138672,170.24000549316406,200700.0
2017-01-17,168.9499969482422,170.0500030517578,168.11000061035156,169.33999633789062,183800.0
2017-01-18,169.32000732421875,171.36000061035156,167.89999389648438,171.1999969482422,254000.0
2017-01-19,171.2100067138672,171.83999633789062,169.10000610351562,169.16000366210938,259500.0
2017-01-20,169.92999267578125,171.52999877929688,169.05999755859375,170.5399932861328,145300.0
2017-01-23,170.52999877929688,171.35000610351562,169.75,171.25,183900.0
2017-01-24,171.8800048828125,172.49000549316406,170.42999267578125,172.35000610351562,266100.0
2017-01-25,173.3000030517578,174.6199951171875,172.55999755859375,174.42999267578125,153700.0
2017-01-26,174.8300018310547,174.8300018310547,172.7100067138672,173.5399932861328,146400.0
2017-01-27,174.11000061035156,174.25,172.0399932861328,173.47999572753906,152600.0
2017-01-30,172.77999877929688,173.0399932861328,170.0,172.94000244140625,179900.0
2017-01-31,172.92999267578125,173.27999877929688,171.4499969482422,173.0500030517578,175000.0
2017-02-01,174.22999572753906,174.94000244140625,171.63999938964844,172.89999389648438,198200.0
2017-02-02,171.99000549316406,174.9600067138672,171.99000549316406,174.52000427246094,219800.0
2017-02-03,174.9499969482422,176.27000427246094,173.5399932861328,176.16000366210938,159700.0
2017-02-06,175.14999389648438,176.75999450683594,174.5,175.75999450683594,188600.0
2017-02-07,176.1300048828125,176.92999267578125,173.67999267578125,174.00999450683594,333900.0
2017-02-08,174.5399932861328,175.1999969482422,173.36000061035156,174.14999389648438,165600.0
2017-02-09,174.14999389648438,176.36000061035156,174.14999389648438,175.92999267578125,201500.0
2017-02-10,176.25999450683594,178.1999969482422,176.02000427246094,177.94000244140625,168400.0
2017-02-13,178.2899932861328,179.22000122070312,177.8300018310547,178.6199951171875,145900.0
2017-02-14,177.6699981689453,179.22000122070312,177.19000244140625,178.77000427246094,130600.0
2017-02-15,178.92999267578125,179.99000549316406,178.57000732421875,179.82000732421875,145100.0
2017-02-16,179.77000427246094,180.66000366210938,178.52999877929688,180.08999633789062,160900.0
2017-02-17,179.80999755859375,182.10000610351562,177.85000610351562,181.6699981689453,257400.0
2017-02-21,182.4499969482422,183.63999938964844,181.24000549316406,183.1699981689453,229400.0
2017-02-22,182.33999633789062,182.66000366210938,180.64999389648438,181.41000366210938,171800.0
2017-02-23,182.05999755859375,182.9199981689453,179.14999389648438,181.69000244140625,148100.0
2017-02-24,180.5399932861328,182.3800048828125,180.1300048828125,182.2899932861328,128000.0
2017-02-27,182.17999267578125,182.52999877929688,180.5500030517578,181.4600067138672,179000.0
2017-02-28,181.52999877929688,182.5,177.41000366210938,177.89999389648438,287500.0
2017-03-01,179.67999267578125,181.0500030517578,178.52000427246094,180.85000610351562,204800.0
2017-03-02,180.6999969482422,181.30999755859375,177.5800018310547,179.24000549316406,202000.0
2017-03-03,179.00999450683594,179.66000366210938,178.0399932861328,178.33999633789062,224300.0
2017-03-06,177.42999267578125,178.63999938964844,176.5500030517578,176.97000122070312,292100.0
2017-03-07,177.36000061035156,177.97000122070312,176.10000610351562,176.6999969482422,221100.0
2017-03-08,177.41000366210938,177.9600067138672,176.42999267578125,176.7100067138672,188100.0
2017-03-09,176.67999267578125,178.6199951171875,176.67999267578125,177.8000030517578,182600.0
2017-03-10,178.7100067138672,179.00999450683594,177.19000244140625,177.5800018310547,219600.0
2017-03-13,177.60000610351562,177.6699981689453,176.02999877929688,176.9600067138672,212200.0
2017-03-14,176.3300018310547,177.55999755859375,176.27999877929688,177.10000610351562,170400.0
2017-03-15,178.0,180.02999877929688,178.0,179.25999450683594,380600.0
2017-03-16,179.6699981689453,180.6699981689453,178.67999267578125,179.77000427246094,125200.0
2017-03-17,179.89999389648438,180.94000244140625,179.05999755859375,179.94000244140625,254900.0
2017-03-20,180.30999755859375,182.24000549316406,179.6199951171875,180.7100067138672,292400.0
2017-03-21,181.72000122070312,182.55999755859375,175.97999572753906,176.25999450683594,277800.0
2017-03-22,176.27000427246094,176.75,174.52999877929688,176.75,170000.0
2017-03-23,177.3000030517578,179.3300018310547,176.4600067138672,177.57000732421875,213400.0
2017-03-24,177.8300018310547,178.2100067138672,175.61000061035156,176.72999572753906,210600.0
2017-03-27,175.4199981689453,176.74000549316406,173.77999877929688,174.5500030517578,404800.0
2017-03-28,167.75,168.02999877929688,163.88999938964844,164.57000732421875,1221300.0
2017-03-29,164.27000427246094,164.97999572753906,161.8800048828125,164.36000061035156,682500.0
2017-03-30,164.25,164.8699951171875,163.11000061035156,164.42999267578125,398700.0
2017-03-31,164.39999389648438,166.10000610351562,164.02999877929688,164.91000366210938,325100.0
2017-04-03,165.6699981689453,167.0,163.30999755859375,164.22000122070312,419700.0
2017-04-04,164.25999450683594,166.07000732421875,161.69000244140625,162.35000610351562,506900.0
2017-04-05,162.08999633789062,163.5500030517578,160.6300048828125,160.91000366210938,502200.0
2017-04-06,161.1300048828125,162.82000732421875,160.4499969482422,161.1300048828125,364500.0
2017-04-07,160.61000061035156,160.92999267578125,157.74000549316406,159.91000366210938,461500.0
2017-04-10,159.92999267578125,160.88999938964844,158.97000122070312,159.64999389648438,211700.0
2017-04-11,159.83999633789062,160.52999877929688,158.61000061035156,160.52999877929688,348400.0
2017-04-12,160.91000366210938,160.99000549316406,159.02999877929688,159.1999969482422,264900.0
2017-04-13,159.35000610351562,159.35000610351562,157.6300048828125,157.9199981689453,257000.0
2017-04-17,158.24000549316406,161.19000244140625,156.9199981689453,161.08999633789062,283900.0
2017-04-18,160.17999267578125,161.61000061035156,160.08999633789062,161.17999267578125,290400.0
2017-04-19,161.77000427246094,163.25999450683594,161.77000427246094,163.02999877929688,359400.0
2017-04-20,164.0,164.0,161.7899932861328,162.5,304400.0
2017-04-21,162.99000549316406,163.19000244140625,160.4499969482422,162.16000366210938,260200.0
2017-04-24,164.60000610351562,164.8300018310547,161.64999389648438,163.1300048828125,238400.0
2017-04-25,163.8699951171875,164.0,162.17999267578125,163.1199951171875,200500.0
2017-04-26,162.97000122070312,163.8300018310547,162.10000610351562,163.47999572753906,193000.0
2017-04-27,164.1699981689453,164.3000030517578,163.1699981689453,163.8300018310547,242300.0
2017-04-28,164.1999969482422,164.22000122070312,162.52999877929688,163.25999450683594,252900.0
2017-05-01,164.27000427246094,164.27000427246094,162.17999267578125,162.9600067138672,185700.0
2017-05-02,163.5,163.8000030517578,162.39999389648438,163.24000549316406,169100.0
2017-05-03,162.88999938964844,163.60000610351562,162.4199981689453,163.25,137100.0
2017-05-04,163.27999877929688,164.99000549316406,162.75,164.02000427246094,270700.0
2017-05-05,164.2100067138672,164.88999938964844,163.5,164.07000732421875,268100.0
2017-05-08,163.83999633789062,163.9600067138672,160.8300018310547,161.22999572753906,196800.0
2017-05-09,161.5399932861328,163.27999877929688,161.1199951171875,162.63999938964844,239000.0
2017-05-10,162.0399932861328,162.6300048828125,160.5,161.27999877929688,253800.0
2017-05-11,160.1999969482422,161.3699951171875,159.91000366210938,161.05999755859375,226300.0
2017-05-12,161.05999755859375,161.47000122070312,159.64999389648438,160.3000030517578,157400.0
2017-05-15,160.13999938964844,162.11000061035156,160.13999938964844,161.47000122070312,270700.0
2017-05-16,161.17999267578125,161.97999572753906,160.4499969482422,160.69000244140625,300900.0
2017-05-17,160.69000244140625,160.69000244140625,158.3000030517578,159.1199951171875,346000.0
2017-05-18,158.77999877929688,160.97000122070312,158.77999877929688,159.7899932861328,220900.0
2017-05-19,160.6999969482422,162.24000549316406,160.07000732421875,161.24000549316406,214100.0
2017-05-22,161.5399932861328,162.6300048828125,160.92999267578125,161.2100067138672,185900.0
2017-05-23,161.60000610351562,161.60000610351562,160.52000427246094,160.8800048828125,151500.0
2017-05-24,161.05999755859375,161.74000549316406,160.49000549316406,161.3699951171875,191700.0
2017-05-25,161.83999633789062,162.97000122070312,161.1999969482422,162.52000427246094,256700.0
2017-05-26,161.97000122070312,162.4600067138672,161.77000427246094,161.9499969482422,144100.0
2017-05-30,161.97000122070312,163.9600067138672,161.58999633789062,163.8300018310547,213700.0
2017-05-31,164.07000732421875,166.0500030517578,163.17999267578125,165.69000244140625,257700.0
2017-06-01,166.2100067138672,167.07000732421875,162.9600067138672,165.9600067138672,479800.0
2017-06-02,166.11000061035156,167.42999267578125,165.1300048828125,165.3800048828125,294900.0
2017-06-05,165.1199951171875,166.41000366210938,164.30999755859375,164.42999267578125,180700.0
2017-06-06,163.7899932861328,164.85000610351562,163.27000427246094,163.41000366210938,169400.0
2017-06-07,163.75,164.49000549316406,162.83999633789062,164.02999877929688,207800.0
2017-06-08,164.49000549316406,165.2899932861328,162.75,163.72999572753906,203000.0
2017-06-09,163.5,164.75,162.60000610351562,163.89999389648438,280700.0
2017-06-12,163.88999938964844,166.63999938964844,163.4600067138672,165.80999755859375,279400.0
2017-06-13,166.0,167.39999389648438,164.8800048828125,166.97999572753906,160300.0
2017-06-14,167.0,167.7100067138672,166.27999877929688,167.47999572753906,199300.0
2017-06-15,165.75999450683594,169.11000061035156,165.75999450683594,168.94000244140625,289100.0
2017-06-16,168.72000122070312,169.97000122070312,167.89999389648438,169.94000244140625,262000.0
2017-06-19,170.25999450683594,171.85000610351562,170.1199951171875,171.6300048828125,226200.0
2017-06-20,171.11000061035156,171.4199981689453,167.6699981689453,167.75,243300.0
2017-06-21,167.5800018310547,167.58999633789062,165.3800048828125,165.85000610351562,353500.0
2017-06-22,165.75999450683594,166.5800018310547,164.0,166.08999633789062,209400.0
2017-06-23,166.25,167.55999755859375,165.72999572753906,166.77000427246094,551000.0
2017-06-26,166.77999877929688,168.02999877929688,164.60000610351562,166.08999633789062,598100.0
2017-06-27,164.10000610351562,167.5800018310547,160.8300018310547,165.64999389648438,804700.0
2017-06-28,166.52999877929688,170.9600067138672,165.66000366210938,169.74000549316406,1153600.0
2017-06-29,170.0800018310547,172.22000122070312,169.2100067138672,169.57000732421875,1348500.0
2017-06-30,170.39999389648438,170.6699981689453,165.66000366210938,166.17999267578125,669900.0
2017-07-03,167.75999450683594,167.82000732421875,165.75,165.77000427246094,231100.0
2017-07-05,165.97000122070312,167.0500030517578,164.86000061035156,165.2899932861328,404800.0
2017-07-06,164.33999633789062,164.3699951171875,160.1999969482422,160.5800018310547,293700.0
2017-07-07,160.61000061035156,162.16000366210938,160.61000061035156,162.0399932861328,251800.0
2017-07-10,161.32000732421875,162.6999969482422,161.1199951171875,161.6300048828125,227400.0
2017-07-11,161.80999755859375,163.1999969482422,161.64999389648438,162.35000610351562,354500.0
2017-07-12,162.8699951171875,164.6300048828125,162.8699951171875,163.94000244140625,354900.0
2017-07-13,164.02000427246094,164.89999389648438,163.0399932861328,164.4199981689453,214700.0
2017-07-14,164.57000732421875,164.58999633789062,163.14999389648438,163.3800048828125,280200.0
2017-07-17,163.42999267578125,163.50999450683594,161.25999450683594,162.44000244140625,274400.0
2017-07-18,162.0399932861328,162.6999969482422,160.61000061035156,162.0800018310547,293800.0
2017-07-19,162.1999969482422,163.8300018310547,161.49000549316406,163.47000122070312,254800.0
2017-07-20,163.7100067138672,166.02000427246094,163.52999877929688,165.57000732421875,201900.0
2017-07-21,165.83999633789062,166.16000366210938,165.08999633789062,166.10000610351562,145100.0
2017-07-24,166.32000732421875,167.6999969482422,166.25,166.2899932861328,271900.0
2017-07-25,166.9499969482422,167.55999755859375,166.14999389648438,166.74000549316406,259800.0
2017-07-26,167.13999938964844,167.1999969482422,165.4199981689453,165.47000122070312,195000.0
2017-07-27,165.7100067138672,165.7100067138672,163.05999755859375,164.74000549316406,309300.0
2017-07-28,163.83999633789062,165.89999389648438,163.83999633789062,164.99000549316406,272800.0
2017-07-31,165.3800048828125,168.2100067138672,164.94000244140625,167.22000122070312,274000.0
2017-08-01,168.10000610351562,168.3699951171875,164.97999572753906,165.77000427246094,376600.0
2017-08-02,165.7899932861328,165.7899932861328,162.91000366210938,164.4499969482422,168600.0
2017-08-03,163.89999389648438,165.5500030517578,163.64999389648438,164.8800048828125,235800.0
2017-08-04,165.22000122070312,165.22000122070312,162.89999389648438,163.7899932861328,180600.0
2017-08-07,163.86000061035156,164.83999633789062,162.19000244140625,162.52000427246094,230800.0
2017-08-08,162.39999389648438,162.4499969482422,160.6699981689453,160.9600067138672,181700.0
2017-08-09,160.61000061035156,162.74000549316406,159.6699981689453,162.27999877929688,309100.0
2017-08-10,161.8800048828125,163.0399932861328,157.52000427246094,158.72999572753906,375100.0
2017-08-11,157.97999572753906,159.3699951171875,157.75999450683594,158.77999877929688,236700.0
2017-08-14,160.05999755859375,161.97999572753906,159.35000610351562,161.5800018310547,149400.0
2017-08-15,161.57000732421875,162.72000122070312,160.97000122070312,162.2100067138672,167400.0
2017-08-16,162.41000366210938,164.5399932861328,161.89999389648438,163.66000366210938,200100.0
2017-08-17,163.5800018310547,163.88999938964844,161.08999633789062,161.10000610351562,130100.0
2017-08-18,160.6199951171875,161.88999938964844,158.99000549316406,159.02000427246094,259200.0
2017-08-21,158.94000244140625,159.58999633789062,157.8800048828125,158.7899932861328,355300.0
2017-08-22,158.85000610351562,160.89999389648438,158.19000244140625,160.6199951171875,261700.0
2017-08-23,159.9600067138672,160.0500030517578,157.91000366210938,158.17999267578125,232300.0
2017-08-24,158.72000122070312,159.99000549316406,157.91000366210938,158.67999267578125,149000.0
2017-08-25,159.2899932861328,160.22999572753906,158.72000122070312,159.27000427246094,142100.0
2017-08-28,159.02999877929688,159.25,156.8300018310547,157.1999969482422,256200.0
2017-08-29,155.75,156.7100067138672,155.32000732421875,155.52999877929688,228100.0
2017-08-30,155.50999450683594,157.3699951171875,155.08999633789062,156.9199981689453,171200.0
2017-08-31,157.17999267578125,158.64999389648438,156.92999267578125,157.17999267578125,256600.0
2017-09-01,157.50999450683594,158.67999267578125,156.25999450683594,158.10000610351562,195100.0
2017-09-05,157.67999267578125,158.6999969482422,155.8800048828125,157.50999450683594,232000.0
2017-09-06,157.50999450683594,158.39999389648438,156.14999389648438,157.02999877929688,308000.0
2017-09-07,157.1999969482422,158.1300048828125,156.63999938964844,158.0500030517578,249700.0
2017-09-08,157.74000549316406,160.42999267578125,157.27000427246094,159.1300048828125,206600.0
2017-09-11,159.99000549316406,161.36000061035156,158.0,159.14999389648438,225600.0
2017-09-12,159.63999938964844,161.1699981689453,158.24000549316406,161.07000732421875,170900.0
2017-09-13,160.8000030517578,161.8699951171875,160.4199981689453,160.44000244140625,195900.0
2017-09-14,161.00999450683594,161.8699951171875,159.92999267578125,161.47999572753906,318900.0
2017-09-15,161.30999755859375,161.91000366210938,160.39999389648438,161.85000610351562,353900.0
2017-09-18,162.0,163.0800018310547,160.7899932861328,162.94000244140625,226000.0
2017-09-19,163.10000610351562,163.5800018310547,162.22000122070312,163.0500030517578,187100.0
2017-09-20,163.3300018310547,164.47999572753906,162.5800018310547,164.25999450683594,226200.0
2017-09-21,167.0,167.8699951171875,165.60000610351562,167.14999389648438,657100.0
2017-09-22,167.74000549316406,169.0399932861328,167.0500030517578,168.61000061035156,377900.0
2017-09-25,168.9499969482422,171.3800048828125,165.99000549316406,170.80999755859375,886500.0
2017-09-26,175.92999267578125,181.2100067138672,175.0,179.94000244140625,1323500.0
2017-09-27,180.77000427246094,184.1999969482422,178.3000030517578,178.99000549316406,1053100.0
2017-09-28,178.77000427246094,179.88999938964844,176.57000732421875,179.0800018310547,519100.0
2017-09-29,179.0800018310547,181.35000610351562,178.08999633789062,180.11000061035156,495500.0
2017-10-02,180.94000244140625,182.52000427246094,180.5,182.47000122070312,321900.0
2017-10-03,182.5399932861328,183.64999389648438,181.49000549316406,183.10000610351562,337500.0
2017-10-04,183.14999389648438,183.47000122070312,180.6699981689453,181.16000366210938,387600.0
2017-10-05,181.44000244140625,181.77999877929688,179.63999938964844,180.91000366210938,323500.0
2017-10-06,181.0399932861328,181.3000030517578,179.52999877929688,179.69000244140625,217900.0
2017-10-09,179.88999938964844,180.24000549316406,178.22999572753906,178.44000244140625,327000.0
2017-10-10,179.25,179.25,176.86000061035156,177.97999572753906,386600.0
2017-10-11,177.6199951171875,178.13999938964844,175.69000244140625,178.1300048828125,425100.0
2017-10-12,178.25,179.17999267578125,177.52000427246094,178.19000244140625,310600.0
2017-10-13,178.25999450683594,178.8000030517578,177.0,177.41000366210938,530900.0
2017-10-16,177.49000549316406,177.8800048828125,175.86000061035156,177.75999450683594,321300.0
2017-10-17,177.99000549316406,179.5,177.44000244140625,179.47000122070312,227800.0
2017-10-18,179.9199981689453,182.25999450683594,179.52999877929688,180.14999389648438,409900.0
2017-10-19,179.6300048828125,182.4600067138672,177.7899932861328,182.25999450683594,505200.0
2017-10-20,182.97000122070312,186.3699951171875,182.85000610351562,185.75999450683594,799600.0
2017-10-23,185.72999572753906,186.97999572753906,184.27999877929688,186.35000610351562,371600.0
2017-10-24,186.80999755859375,188.35000610351562,186.27999877929688,187.27000427246094,278400.0
2017-10-25,187.3800048828125,188.67999267578125,186.0500030517578,188.1999969482422,265800.0
2017-10-26,188.61000061035156,191.0,188.61000061035156,189.44000244140625,230500.0
2017-10-27,189.6199951171875,189.77999877929688,188.1999969482422,189.10000610351562,332600.0
2017-10-30,188.35000610351562,188.35000610351562,186.0500030517578,188.1199951171875,375600.0
2017-10-31,188.69000244140625,190.61000061035156,187.47999572753906,189.8699951171875,293000.0
2017-11-01,189.92999267578125,189.92999267578125,184.75999450683594,185.38999938964844,902100.0
2017-11-02,185.6999969482422,190.39999389648438,185.13999938964844,189.97999572753906,803900.0
2017-11-03,189.27000427246094,191.50999450683594,188.14999389648438,190.6300048828125,539000.0
2017-11-06,190.32000732421875,191.32000732421875,189.19000244140625,191.02999877929688,205000.0
2017-11-07,190.58999633789062,191.8800048828125,189.83999633789062,191.33999633789062,297000.0
2017-11-08,191.2899932861328,195.77000427246094,190.72999572753906,195.3000030517578,510100.0
2017-11-09,194.5399932861328,196.57000732421875,192.69000244140625,196.24000549316406,419500.0
2017-11-10,195.9499969482422,196.33999633789062,194.52999877929688,196.2100067138672,272800.0
2017-11-13,195.39999389648438,196.2100067138672,194.4600067138672,195.88999938964844,283000.0
2017-11-14,194.94000244140625,196.4499969482422,194.1199951171875,195.22000122070312,187200.0
2017-11-15,194.4499969482422,196.42999267578125,192.50999450683594,195.4199981689453,206600.0
2017-11-16,195.9199981689453,196.6999969482422,195.0,195.2899932861328,180300.0
2017-11-17,195.0800018310547,196.27000427246094,195.0800018310547,196.08999633789062,317100.0
2017-11-20,195.91000366210938,197.72000122070312,195.69000244140625,196.33999633789062,156100.0
2017-11-21,196.8800048828125,197.74000549316406,195.75,196.75999450683594,195900.0
2017-11-22,196.69000244140625,197.75999450683594,196.0,197.58999633789062,132900.0
2017-11-24,197.9600067138672,199.02999877929688,196.57000732421875,198.7100067138672,72000.0
2017-11-27,198.86000061035156,199.30999755859375,196.42999267578125,196.6199951171875,218400.0
2017-11-28,197.11000061035156,199.14999389648438,195.86000061035156,199.0399932861328,293100.0
2017-11-29,198.6199951171875,199.8699951171875,197.75999450683594,198.27999877929688,249200.0
2017-11-30,198.89999389648438,200.30999755859375,198.24000549316406,199.8800048828125,253900.0
2017-12-01,199.47000122070312,202.24000549316406,195.39999389648438,201.4499969482422,443900.0
2017-12-04,202.75,204.66000366210938,201.02000427246094,204.49000549316406,762800.0
2017-12-05,202.5,203.39999389648438,199.00999450683594,202.24000549316406,969700.0
2017-12-06,201.38999938964844,204.0500030517578,200.39999389648438,202.13999938964844,486800.0
2017-12-07,201.9600067138672,203.25999450683594,199.30999755859375,200.0,659600.0
2017-12-08,200.47999572753906,202.9499969482422,199.67999267578125,202.07000732421875,256800.0
2017-12-11,201.8800048828125,204.2899932861328,201.02999877929688,204.0500030517578,301000.0
2017-12-12,203.22000122070312,206.66000366210938,203.0500030517578,204.0399932861328,587200.0
2017-12-13,204.47000122070312,205.27999877929688,201.7899932861328,202.02000427246094,261300.0
2017-12-14,202.11000061035156,204.86000061035156,202.11000061035156,202.4600067138672,268200.0
2017-12-15,202.22000122070312,206.16000366210938,202.0,204.8699951171875,555500.0
2017-12-18,205.49000549316406,207.25,201.75,204.72999572753906,767200.0
2017-12-19,186.0500030517578,193.3699951171875,183.88999938964844,187.4600067138672,1526700.0
2017-12-20,191.4499969482422,198.4499969482422,189.42999267578125,194.9600067138672,1665200.0
2017-12-21,195.33999633789062,196.61000061035156,189.97999572753906,191.05999755859375,573600.0
2017-12-22,191.05999755859375,192.24000549316406,189.94000244140625,192.11000061035156,265000.0
2017-12-26,192.30999755859375,192.88999938964844,189.55999755859375,191.0800018310547,182300.0
2017-12-27,191.7899932861328,194.16000366210938,191.57000732421875,192.82000732421875,306000.0
2017-12-28,193.1999969482422,193.83999633789062,191.77999877929688,193.08999633789062,233400.0
2017-12-29,193.8300018310547,194.50999450683594,192.05999755859375,192.75999450683594,237800.0
2018-01-02,193.22000122070312,195.3699951171875,190.0399932861328,191.6300048828125,349100.0
2018-01-03,191.27999877929688,193.80999755859375,191.25999450683594,193.24000549316406,258600.0
2018-01-04,193.91000366210938,196.35000610351562,193.6199951171875,195.88999938964844,295000.0
2018-01-05,196.2100067138672,197.6300048828125,195.41000366210938,196.92999267578125,363000.0
2018-01-08,196.30999755859375,196.30999755859375,193.5399932861328,194.2899932861328,385100.0
2018-01-09,194.86000061035156,195.55999755859375,193.3300018310547,194.17999267578125,276200.0
2018-01-10,194.44000244140625,195.47000122070312,192.85000610351562,195.33999633789062,443300.0
2018-01-11,195.1300048828125,197.64999389648438,193.99000549316406,197.0,205800.0
2018-01-12,197.16000366210938,199.33999633789062,196.13999938964844,197.75,354300.0
2018-01-16,198.5,199.8800048828125,197.22999572753906,198.3300018310547,406700.0
2018-01-17,198.94000244140625,199.82000732421875,198.24000549316406,198.44000244140625,278800.0
2018-01-18,198.94000244140625,199.60000610351562,197.02999877929688,199.25,275900.0
2018-01-19,200.0,201.7899932861328,198.5399932861328,201.0399932861328,260800.0
2018-01-22,200.6300048828125,201.0399932861328,198.52999877929688,199.5,347400.0
2018-01-23,199.0,199.58999633789062,196.7100067138672,197.77999877929688,310300.0
2018-01-24,198.61000061035156,199.08999633789062,197.72999572753906,198.1300048828125,251300.0
2018-01-25,199.10000610351562,201.74000549316406,197.47999572753906,201.11000061035156,483400.0
2018-01-26,201.6199951171875,209.02000427246094,200.22999572753906,208.69000244140625,556600.0
2018-01-29,207.69000244140625,207.75999450683594,201.8000030517578,202.75,515200.0
2018-01-30,206.77999877929688,207.83999633789062,200.63999938964844,200.72000122070312,482000.0
2018-01-31,201.6199951171875,202.6999969482422,200.47999572753906,200.69000244140625,280100.0
2018-02-01,200.72999572753906,204.35000610351562,199.72999572753906,204.3000030517578,209800.0
2018-02-02,203.0399932861328,203.0399932861328,198.8000030517578,199.3300018310547,206100.0
2018-02-05,197.14999389648438,200.02999877929688,192.11000061035156,192.14999389648438,303200.0
2018-02-06,189.25999450683594,193.63999938964844,186.2899932861328,191.99000549316406,464600.0
2018-02-07,191.6300048828125,195.4600067138672,191.3699951171875,192.1300048828125,247000.0
2018-02-08,193.1199951171875,195.5,187.99000549316406,187.99000549316406,351100.0
2018-02-09,189.1199951171875,191.27999877929688,185.02999877929688,189.8000030517578,386800.0
2018-02-12,191.0,195.14999389648438,190.83999633789062,192.8699951171875,335900.0
2018-02-13,192.17999267578125,196.10000610351562,191.47000122070312,195.58999633789062,224400.0
2018-02-14,194.35000610351562,201.3699951171875,194.35000610351562,200.50999450683594,303500.0
2018-02-15,201.3000030517578,202.50999450683594,197.7899932861328,201.80999755859375,232800.0
2018-02-16,201.02000427246094,203.14999389648438,200.2100067138672,202.17999267578125,301000.0
2018-02-20,200.9600067138672,202.5800018310547,199.72999572753906,200.7100067138672,194400.0
2018-02-21,201.19000244140625,204.77999877929688,201.1699981689453,201.27999877929688,156200.0
2018-02-22,201.8300018310547,205.05999755859375,200.6999969482422,201.3300018310547,200800.0
2018-02-23,201.97000122070312,205.2899932861328,201.97000122070312,205.22999572753906,140500.0
2018-02-26,205.6300048828125,207.5800018310547,204.55999755859375,206.41000366210938,123700.0
2018-02-27,205.9199981689453,206.66000366210938,203.25999450683594,204.22000122070312,151700.0
2018-02-28,204.8800048828125,208.0,203.17999267578125,203.17999267578125,302700.0
2018-03-01,203.8300018310547,206.1999969482422,201.8699951171875,203.10000610351562,244800.0
2018-03-02,202.00999450683594,206.9600067138672,200.94000244140625,206.58999633789062,237700.0
2018-03-05,205.5,210.33999633789062,204.8699951171875,208.36000061035156,231900.0
2018-03-06,209.25,210.57000732421875,206.6199951171875,210.47000122070312,321600.0
2018-03-07,208.38999938964844,210.82000732421875,203.42999267578125,208.0399932861328,277800.0
2018-03-08,208.33999633789062,209.0800018310547,206.25999450683594,207.9499969482422,201100.0
2018-03-09,209.05999755859375,213.69000244140625,207.44000244140625,213.61000061035156,182700.0
2018-03-12,213.35000610351562,214.13999938964844,212.0399932861328,213.32000732421875,148600.0
2018-03-13,213.8800048828125,214.8800048828125,209.44000244140625,212.44000244140625,166200.0
2018-03-14,213.02000427246094,213.02000427246094,210.19000244140625,211.30999755859375,189200.0
2018-03-15,212.0800018310547,213.72999572753906,211.67999267578125,212.69000244140625,218400.0
2018-03-16,213.11000061035156,215.61000061035156,212.88999938964844,214.5800018310547,396200.0
2018-03-19,213.6300048828125,214.75999450683594,210.32000732421875,211.64999389648438,285600.0
2018-03-20,211.8800048828125,216.47000122070312,211.3300018310547,215.6300048828125,207600.0
2018-03-21,215.36000061035156,217.36000061035156,213.83999633789062,214.47000122070312,261300.0
2018-03-22,212.97000122070312,214.6699981689453,206.3699951171875,206.52000427246094,437800.0
2018-03-23,207.52000427246094,209.3800048828125,203.66000366210938,203.85000610351562,468100.0
2018-03-26,206.19000244140625,211.6699981689453,206.0399932861328,209.99000549316406,590700.0
2018-03-27,203.5,207.61000061035156,200.10000610351562,201.72999572753906,854400.0
2018-03-28,201.77999877929688,202.8699951171875,197.2899932861328,198.44000244140625,572400.0
2018-03-29,199.5,201.1300048828125,197.6699981689453,199.4199981689453,480900.0
2018-04-02,198.8300018310547,199.6999969482422,192.5500030517578,196.14999389648438,410000.0
2018-04-03,197.2100067138672,198.6699981689453,195.1699981689453,198.0399932861328,373500.0
2018-04-04,195.1199951171875,196.9600067138672,193.64999389648438,195.97999572753906,390400.0
2018-04-05,197.0800018310547,198.39999389648438,195.39999389648438,196.75,311900.0
2018-04-06,195.25,197.24000549316406,192.1300048828125,193.64999389648438,297200.0
2018-04-09,195.1300048828125,197.58999633789062,194.52000427246094,195.61000061035156,363500.0
2018-04-10,197.91000366210938,200.4600067138672,196.22000122070312,197.99000549316406,390600.0
2018-04-11,196.3000030517578,197.66000366210938,196.07000732421875,196.77999877929688,311600.0
2018-04-12,197.49000549316406,199.77999877929688,197.49000549316406,198.41000366210938,280700.0
2018-04-13,199.6999969482422,200.0399932861328,197.25,197.47999572753906,280500.0
2018-04-16,198.61000061035156,199.08999633789062,196.05999755859375,196.33999633789062,312700.0
2018-04-17,197.3000030517578,199.69000244140625,195.25,196.52999877929688,419100.0
2018-04-18,197.58999633789062,197.97000122070312,195.22999572753906,196.2100067138672,511800.0
2018-04-19,196.02000427246094,197.05999755859375,194.05999755859375,194.4499969482422,343700.0
2018-04-20,193.97000122070312,194.5399932861328,191.86000061035156,192.5800018310547,365300.0
2018-04-23,192.9600067138672,192.97000122070312,191.22999572753906,191.77999877929688,499000.0
2018-04-24,192.88999938964844,196.50999450683594,191.8000030517578,193.08999633789062,420400.0
2018-04-25,192.77000427246094,194.85000610351562,192.13999938964844,193.2100067138672,309400.0
2018-04-26,193.60000610351562,195.38999938964844,192.22000122070312,193.97999572753906,229800.0
2018-04-27,194.1199951171875,194.1199951171875,190.94000244140625,191.3800048828125,216000.0
2018-04-30,191.5399932861328,193.1300048828125,189.02000427246094,189.11000061035156,258400.0
2018-05-01,188.61000061035156,189.36000061035156,187.2899932861328,188.66000366210938,323000.0
2018-05-02,188.75,189.55999755859375,185.8699951171875,186.0500030517578,483000.0
2018-05-03,185.25,188.38999938964844,184.47999572753906,186.97000122070312,426800.0
2018-05-04,186.8300018310547,190.83999633789062,185.30999755859375,189.7100067138672,426900.0
2018-05-07,190.13999938964844,192.14999389648438,190.13999938964844,191.5,348700.0
2018-05-08,191.27000427246094,194.17999267578125,190.83999633789062,194.11000061035156,257400.0
2018-05-09,194.7100067138672,197.50999450683594,194.0399932861328,196.9199981689453,263200.0
2018-05-10,197.05999755859375,199.1300048828125,196.77000427246094,197.5399932861328,206700.0
2018-05-11,197.63999938964844,198.55999755859375,196.8800048828125,197.6199951171875,211700.0
2018-05-14,197.97999572753906,198.22999572753906,194.6300048828125,196.47999572753906,280700.0
2018-05-15,195.19000244140625,197.6300048828125,194.80999755859375,196.72000122070312,334300.0
2018-05-16,196.85000610351562,198.27000427246094,195.88999938964844,197.6699981689453,195800.0
2018-05-17,197.6999969482422,199.2899932861328,197.33999633789062,197.89999389648438,135000.0
2018-05-18,197.6300048828125,199.1199951171875,196.9199981689453,197.6300048828125,190400.0
2018-05-21,198.60000610351562,202.1699981689453,198.60000610351562,201.92999267578125,267800.0
2018-05-22,202.17999267578125,203.05999755859375,200.5399932861328,201.10000610351562,401100.0
2018-05-23,200.0,202.3000030517578,200.0,201.89999389648438,161900.0
2018-05-24,201.9499969482422,202.91000366210938,201.07000732421875,202.58999633789062,121600.0
2018-05-25,202.4499969482422,203.24000549316406,200.85000610351562,201.60000610351562,151700.0
2018-05-29,199.97999572753906,201.39999389648438,198.16000366210938,200.49000549316406,270100.0
2018-05-30,201.17999267578125,202.58999633789062,200.22000122070312,202.1199951171875,349100.0
2018-05-31,202.0,202.77000427246094,200.41000366210938,201.00999450683594,175900.0
2018-06-01,202.25999450683594,204.66000366210938,201.6699981689453,203.92999267578125,158800.0
2018-06-04,204.5500030517578,205.66000366210938,203.32000732421875,204.3000030517578,283500.0
2018-06-05,204.44000244140625,205.75999450683594,204.08999633789062,204.80999755859375,192900.0
2018-06-06,205.74000549316406,205.86000061035156,204.1300048828125,205.44000244140625,264400.0
2018-06-07,205.97999572753906,206.8000030517578,205.39999389648438,206.49000549316406,179300.0
2018-06-08,206.0500030517578,208.61000061035156,206.0500030517578,208.41000366210938,234900.0
2018-06-11,208.27999877929688,210.3000030517578,208.1999969482422,209.6999969482422,160700.0
2018-06-12,209.61000061035156,210.99000549316406,209.14999389648438,210.69000244140625,206200.0
2018-06-13,211.55999755859375,213.57000732421875,210.3300018310547,212.0,380000.0
2018-06-14,213.14999389648438,213.75999450683594,211.3300018310547,213.3800048828125,203200.0
2018-06-15,212.52999877929688,214.2899932861328,210.4199981689453,213.1999969482422,457200.0
2018-06-18,212.4199981689453,214.61000061035156,212.24000549316406,213.80999755859375,156500.0
2018-06-19,211.9499969482422,214.30999755859375,211.9499969482422,213.91000366210938,239200.0
2018-06-20,215.0,216.63999938964844,214.69000244140625,215.7899932861328,244600.0
2018-06-21,215.36000061035156,216.0,212.44000244140625,213.02999877929688,225900.0
2018-06-22,214.42999267578125,214.7100067138672,210.88999938964844,210.9499969482422,271100.0
2018-06-25,210.94000244140625,210.94000244140625,206.8000030517578,207.8699951171875,379100.0
2018-06-26,203.9499969482422,204.3699951171875,196.7100067138672,197.1199951171875,985000.0
2018-06-27,197.8800048828125,203.69000244140625,197.8800048828125,200.25999450683594,506800.0
2018-06-28,200.24000549316406,201.44000244140625,195.69000244140625,197.47999572753906,549200.0
2018-06-29,197.8000030517578,200.5,197.61000061035156,198.10000610351562,337100.0
2018-07-02,197.14999389648438,200.38999938964844,197.14999389648438,200.1999969482422,301900.0
2018-07-03,201.25,202.52999877929688,198.9600067138672,199.25,148600.0
2018-07-05,200.5399932861328,200.72999572753906,197.55999755859375,199.97000122070312,260400.0
2018-07-06,200.02999877929688,203.8000030517578,200.02999877929688,201.6300048828125,248500.0
2018-07-09,203.08999633789062,204.6300048828125,203.02999877929688,204.5500030517578,224100.0
2018-07-10,204.85000610351562,205.97000122070312,204.35000610351562,205.44000244140625,255400.0
2018-07-11,204.63999938964844,207.77999877929688,204.63999938964844,205.92999267578125,293200.0
2018-07-12,207.6199951171875,209.0800018310547,204.75999450683594,205.36000061035156,261000.0
2018-07-13,205.42999267578125,205.42999267578125,201.35000610351562,202.1999969482422,391500.0
2018-07-16,202.75,204.0399932861328,200.97999572753906,201.77000427246094,255500.0
2018-07-17,201.8000030517578,205.5,201.4600067138672,205.1300048828125,339600.0
2018-07-18,205.69000244140625,206.39999389648438,203.5500030517578,206.25,175900.0
2018-07-19,205.2100067138672,206.0500030517578,204.57000732421875,205.42999267578125,166200.0
2018-07-20,205.50999450683594,206.3000030517578,205.0,205.50999450683594,437800.0
2018-07-23,205.66000366210938,205.92999267578125,203.1300048828125,204.1999969482422,235500.0
2018-07-24,205.4600067138672,207.50999450683594,205.1699981689453,205.77999877929688,224100.0
2018-07-25,205.86000061035156,208.8000030517578,205.1699981689453,207.33999633789062,216200.0
2018-07-26,207.2100067138672,208.14999389648438,204.5800018310547,204.97000122070312,147200.0
2018-07-27,205.38999938964844,206.02999877929688,201.0800018310547,203.27000427246094,244700.0
2018-07-30,203.72999572753906,203.72999572753906,201.24000549316406,201.4499969482422,276900.0
2018-07-31,202.0,203.10000610351562,200.7100067138672,201.36000061035156,236700.0
2018-08-01,201.52999877929688,202.61000061035156,199.4600067138672,200.35000610351562,236900.0
2018-08-02,200.02000427246094,203.25999450683594,199.44000244140625,202.1699981689453,307400.0
2018-08-03,202.42999267578125,203.3300018310547,200.5,202.8000030517578,299400.0
2018-08-06,203.10000610351562,212.67999267578125,203.10000610351562,212.49000549316406,428100.0
2018-08-07,213.02000427246094,217.94000244140625,213.02000427246094,213.47000122070312,532800.0
2018-08-08,213.19000244140625,214.75999450683594,211.77999877929688,213.4600067138672,258400.0
2018-08-09,213.5,215.83999633789062,213.35000610351562,214.00999450683594,214200.0
2018-08-10,212.60000610351562,213.8000030517578,210.67999267578125,212.49000549316406,299200.0
2018-08-13,212.5500030517578,215.4199981689453,212.5500030517578,214.6199951171875,225800.0
2018-08-14,215.49000549316406,217.0,214.5500030517578,216.8300018310547,156100.0
2018-08-15,215.5500030517578,216.0,213.25,215.77000427246094,105500.0
2018-08-16,216.8000030517578,220.25,216.8000030517578,218.24000549316406,268900.0
2018-08-17,218.16000366210938,220.74000549316406,217.6199951171875,220.52999877929688,255600.0
2018-08-20,221.1699981689453,222.97000122070312,221.14999389648438,221.80999755859375,145800.0
2018-08-21,221.25,223.24000549316406,221.2100067138672,222.41000366210938,144200.0
2018-08-22,222.10000610351562,223.19000244140625,221.07000732421875,221.2100067138672,227500.0
2018-08-23,221.5,223.35000610351562,220.83999633789062,222.25999450683594,141300.0
2018-08-24,222.64999389648438,225.39999389648438,221.75999450683594,224.30999755859375,118400.0
2018-08-27,225.8000030517578,225.8000030517578,223.6300048828125,224.07000732421875,124500.0
2018-08-28,224.1999969482422,226.57000732421875,224.00999450683594,225.77999877929688,214300.0
2018-08-29,226.1199951171875,228.41000366210938,225.27999877929688,227.07000732421875,169200.0
2018-08-30,226.36000061035156,227.6699981689453,224.41000366210938,225.6300048828125,196000.0
2018-08-31,225.33999633789062,229.97999572753906,225.33999633789062,229.38999938964844,232200.0
2018-09-04,229.3699951171875,232.22999572753906,227.67999267578125,232.16000366210938,180000.0
2018-09-05,232.22000122070312,232.5800018310547,226.63999938964844,230.86000061035156,254700.0
2018-09-06,231.3300018310547,233.72000122070312,230.1699981689453,233.38999938964844,217700.0
2018-09-07,232.9600067138672,235.0399932861328,232.2100067138672,233.25,413900.0
2018-09-10,234.41000366210938,234.8300018310547,231.66000366210938,233.1699981689453,190300.0
2018-09-11,232.57000732421875,233.39999389648438,230.9199981689453,232.27999877929688,247100.0
2018-09-12,232.55999755859375,233.44000244140625,228.19000244140625,232.6199951171875,212400.0
2018-09-13,233.47999572753906,234.47000122070312,233.13999938964844,234.17999267578125,144500.0
2018-09-14,234.50999450683594,237.2899932861328,234.50999450683594,235.08999633789062,184600.0
2018-09-17,235.5399932861328,235.6199951171875,231.80999755859375,232.02999877929688,271100.0
2018-09-18,232.39999389648438,233.82000732421875,231.3000030517578,232.97000122070312,262300.0
2018-09-19,233.05999755859375,234.42999267578125,231.1199951171875,231.97999572753906,313700.0
2018-09-20,232.5500030517578,234.27000427246094,231.9600067138672,233.27000427246094,235000.0
2018-09-21,234.0,234.75999450683594,230.97000122070312,231.3300018310547,479000.0
2018-09-24,231.2100067138672,232.83999633789062,229.85000610351562,231.64999389648438,478200.0
2018-09-25,218.97999572753906,231.8800048828125,217.39999389648438,227.25,978600.0
2018-09-26,227.47999572753906,229.77000427246094,224.30999755859375,225.6199951171875,407400.0
2018-09-27,225.33999633789062,226.74000549316406,223.89999389648438,224.25999450683594,385900.0
2018-09-28,223.2899932861328,225.6999969482422,223.25,223.7100067138672,237600.0
2018-10-01,225.0,226.11000061035156,223.1199951171875,225.38999938964844,368400.0
2018-10-02,225.0800018310547,225.92999267578125,223.61000061035156,224.5,282900.0
2018-10-03,225.91000366210938,227.17999267578125,224.69000244140625,225.5399932861328,292200.0
2018-10-04,224.86000061035156,225.9199981689453,222.1999969482422,222.5800018310547,201600.0
2018-10-05,223.08999633789062,223.82000732421875,221.5800018310547,222.55999755859375,281600.0
2018-10-08,222.4600067138672,223.72999572753906,218.27000427246094,219.67999267578125,353800.0
2018-10-09,219.41000366210938,223.5399932861328,219.41000366210938,222.3000030517578,316400.0
2018-10-10,222.10000610351562,222.3000030517578,215.35000610351562,215.57000732421875,413700.0
2018-10-11,214.38999938964844,218.16000366210938,210.7899932861328,211.74000549316406,475000.0
2018-10-12,215.05999755859375,218.75999450683594,211.25,212.86000061035156,499700.0
2018-10-15,212.24000549316406,213.3300018310547,210.11000061035156,211.55999755859375,310400.0
2018-10-16,212.9499969482422,217.41000366210938,211.7899932861328,216.91000366210938,233700.0
2018-10-17,216.8300018310547,218.41000366210938,214.47000122070312,217.50999450683594,147300.0
2018-10-18,217.16000366210938,220.07000732421875,216.3000030517578,217.47999572753906,369600.0
2018-10-19,217.9600067138672,220.8300018310547,217.39999389648438,219.67999267578125,283300.0
2018-10-22,220.4199981689453,224.16000366210938,220.10000610351562,220.89999389648438,390800.0
2018-10-23,217.3000030517578,219.22000122070312,213.02999877929688,218.1699981689453,314600.0
2018-10-24,218.1999969482422,220.8000030517578,215.0,215.3000030517578,294700.0
2018-10-25,216.83999633789062,217.92999267578125,215.41000366210938,215.75,275100.0
2018-10-26,212.97000122070312,215.58999633789062,211.3800048828125,213.38999938964844,334100.0
2018-10-29,215.94000244140625,218.0500030517578,210.55999755859375,212.85000610351562,333400.0
2018-10-30,214.3699951171875,218.8699951171875,214.33999633789062,218.52000427246094,220400.0
2018-10-31,219.9199981689453,225.49000549316406,219.9199981689453,223.75999450683594,340900.0
2018-11-01,224.3000030517578,226.6999969482422,220.8699951171875,221.8800048828125,243400.0
2018-11-02,222.35000610351562,224.39999389648438,221.97999572753906,223.50999450683594,178000.0
2018-11-05,223.5500030517578,225.25,222.75,224.5800018310547,237700.0
2018-11-06,223.94000244140625,225.75,223.05999755859375,224.55999755859375,205600.0
2018-11-07,225.77999877929688,230.0,224.47000122070312,229.5399932861328,239800.0
2018-11-08,229.41000366210938,231.77999877929688,228.9199981689453,231.11000061035156,187500.0
2018-11-09,230.52999877929688,232.60000610351562,229.35000610351562,230.75999450683594,270400.0
2018-11-12,230.52999877929688,230.72000122070312,225.9600067138672,227.1699981689453,265100.0
2018-11-13,227.1999969482422,229.9199981689453,226.1999969482422,227.57000732421875,175700.0
2018-11-14,229.07000732421875,229.94000244140625,222.91000366210938,223.89999389648438,278300.0
2018-11-15,222.63999938964844,228.1199951171875,222.42999267578125,227.88999938964844,238000.0
2018-11-16,226.50999450683594,231.55999755859375,226.08999633789062,230.9499969482422,282000.0
2018-11-19,230.99000549316406,232.8300018310547,227.22000122070312,230.25999450683594,228100.0
2018-11-20,227.66000366210938,228.77999877929688,224.64999389648438,226.55999755859375,273600.0
2018-11-21,226.85000610351562,231.22999572753906,226.24000549316406,227.97999572753906,292800.0
2018-11-23,226.50999450683594,229.89999389648438,226.50999450683594,228.3300018310547,56400.0
2018-11-26,229.35000610351562,231.9600067138672,229.35000610351562,231.11000061035156,209400.0
2018-11-27,230.5,234.07000732421875,230.0,233.60000610351562,184200.0
2018-11-28,234.22000122070312,236.60000610351562,233.00999450683594,235.32000732421875,415900.0
2018-11-29,233.42999267578125,236.3699951171875,233.32000732421875,233.5500030517578,181400.0
2018-11-30,233.9600067138672,235.47000122070312,232.39999389648438,234.49000549316406,233400.0
2018-12-03,237.35000610351562,237.9499969482422,230.55999755859375,234.5399932861328,248500.0
2018-12-04,233.88999938964844,235.42999267578125,227.4600067138672,227.74000549316406,241000.0
2018-12-06,225.17999267578125,226.9600067138672,222.14999389648438,226.4199981689453,341100.0
2018-12-07,227.14999389648438,230.27999877929688,221.8699951171875,223.6999969482422,344200.0
2018-12-10,223.16000366210938,223.57000732421875,218.3699951171875,222.44000244140625,178200.0
2018-12-11,225.4600067138672,226.8699951171875,221.33999633789062,223.55999755859375,311900.0
2018-12-12,226.22000122070312,230.52999877929688,225.60000610351562,228.02000427246094,316100.0
2018-12-13,227.72000122070312,229.75999450683594,226.57000732421875,228.05999755859375,292300.0
2018-12-14,226.25,227.32000732421875,222.57000732421875,223.11000061035156,311000.0
2018-12-17,222.75999450683594,223.47999572753906,216.07000732421875,217.5800018310547,504100.0
2018-12-18,220.3000030517578,223.5,205.36000061035156,208.3699951171875,989500.0
2018-12-19,207.63999938964844,207.9499969482422,197.64999389648438,200.99000549316406,646600.0
2018-12-20,200.39999389648438,202.07000732421875,197.6999969482422,201.0800018310547,644900.0
2018-12-21,201.11000061035156,202.83999633789062,194.05999755859375,194.42999267578125,745300.0
2018-12-24,193.0,194.6999969482422,188.5399932861328,188.5500030517578,158400.0
2018-12-26,190.2899932861328,197.9600067138672,188.30999755859375,197.5500030517578,318000.0
2018-12-27,195.32000732421875,200.1999969482422,194.4600067138672,200.16000366210938,357200.0
2018-12-28,200.0,202.00999450683594,197.49000549316406,199.4600067138672,296000.0
2018-12-31,199.89999389648438,201.75999450683594,198.72999572753906,200.1300048828125,278600.0
2019-01-02,197.08999633789062,201.52999877929688,197.08999633789062,199.39999389648438,323500.0
2019-01-03,198.83999633789062,199.47000122070312,193.8300018310547,194.0,336800.0
2019-01-04,196.9600067138672,201.25999450683594,195.4199981689453,200.0399932861328,276700.0
2019-01-07,198.5500030517578,201.05999755859375,198.27000427246094,200.25,398300.0
2019-01-08,201.32000732421875,202.85000610351562,199.50999450683594,202.72000122070312,222300.0
2019-01-09,203.83999633789062,206.61000061035156,202.8699951171875,205.2899932861328,215300.0
2019-01-10,204.5,205.63999938964844,203.1699981689453,205.07000732421875,175400.0
2019-01-11,204.33999633789062,204.91000366210938,202.5,203.7100067138672,277200.0
2019-01-14,202.1699981689453,205.9199981689453,201.52999877929688,203.77000427246094,245600.0
2019-01-15,203.3699951171875,208.1300048828125,202.94000244140625,207.8800048828125,249500.0
2019-01-16,208.75,210.42999267578125,208.16000366210938,209.47999572753906,261400.0
2019-01-17,208.36000061035156,211.91000366210938,208.3300018310547,211.0,327300.0
2019-01-18,212.27000427246094,214.61000061035156,210.30999755859375,214.4499969482422,293600.0
2019-01-22,212.1300048828125,215.55999755859375,211.2100067138672,212.38999938964844,260400.0
2019-01-23,213.94000244140625,215.16000366210938,212.77000427246094,214.52999877929688,299100.0
2019-01-24,214.6999969482422,216.1999969482422,211.85000610351562,213.86000061035156,339900.0
2019-01-25,215.74000549316406,216.14999389648438,214.25,214.25,230200.0
2019-01-28,212.99000549316406,214.6199951171875,212.38999938964844,214.17999267578125,175800.0
2019-01-29,213.75,214.92999267578125,212.52000427246094,212.99000549316406,167300.0
2019-01-30,213.5800018310547,214.80999755859375,210.30999755859375,214.67999267578125,209700.0
2019-01-31,214.36000061035156,219.0800018310547,213.5,218.6300048828125,244900.0
2019-02-01,218.6199951171875,221.75999450683594,218.6199951171875,219.8000030517578,243400.0
2019-02-04,219.0500030517578,219.8699951171875,217.27999877929688,219.69000244140625,125900.0
2019-02-05,220.0,222.39999389648438,218.58999633789062,221.94000244140625,253000.0
2019-02-06,221.5500030517578,224.2100067138672,217.6699981689453,218.61000061035156,185400.0
2019-02-07,217.63999938964844,220.60000610351562,217.58999633789062,220.5800018310547,228900.0
2019-02-08,219.35000610351562,221.33999633789062,218.97999572753906,221.33999633789062,167200.0
2019-02-11,221.0,221.89999389648438,219.39999389648438,220.57000732421875,181400.0
2019-02-12,221.0,223.7899932861328,219.9499969482422,221.88999938964844,205400.0
2019-02-13,222.36000061035156,223.4600067138672,220.92999267578125,221.85000610351562,191500.0
2019-02-14,219.7899932861328,223.5399932861328,214.17999267578125,221.7100067138672,205700.0
2019-02-15,223.1999969482422,224.5399932861328,222.02999877929688,224.4499969482422,211800.0
2019-02-19,223.47000122070312,226.6699981689453,223.30999755859375,225.83999633789062,202000.0
2019-02-20,226.1199951171875,228.0800018310547,223.57000732421875,228.02000427246094,186600.0
2019-02-21,228.0800018310547,229.14999389648438,226.47000122070312,227.99000549316406,164100.0
2019-02-22,228.42999267578125,231.61000061035156,227.25,231.5399932861328,218600.0
2019-02-25,232.67999267578125,234.27000427246094,230.52999877929688,231.6300048828125,199400.0
2019-02-26,230.8699951171875,232.6300048828125,230.14999389648438,231.60000610351562,174700.0
2019-02-27,230.5800018310547,234.6300048828125,230.5800018310547,234.4600067138672,428900.0
2019-02-28,234.57000732421875,236.36000061035156,233.60000610351562,235.1699981689453,219200.0
2019-03-01,236.6300048828125,238.9199981689453,235.7100067138672,237.11000061035156,202200.0
2019-03-04,237.47999572753906,237.86000061035156,232.9199981689453,235.3699951171875,157200.0
2019-03-05,235.27999877929688,238.17999267578125,234.75,236.8800048828125,252600.0
2019-03-06,236.72999572753906,238.07000732421875,234.08999633789062,234.72000122070312,153400.0
2019-03-07,234.3800048828125,234.3800048828125,231.0399932861328,231.24000549316406,229100.0
2019-03-08,229.64999389648438,231.19000244140625,228.42999267578125,231.10000610351562,207700.0
2019-03-11,231.8300018310547,234.13999938964844,230.97999572753906,233.38999938964844,183900.0
2019-03-12,233.64999389648438,234.24000549316406,232.08999633789062,233.3699951171875,203900.0
2019-03-13,234.1300048828125,235.47000122070312,233.5399932861328,234.13999938964844,204100.0
2019-03-14,233.3300018310547,236.5399932861328,233.3000030517578,236.11000061035156,246500.0
2019-03-15,236.1199951171875,238.97999572753906,235.16000366210938,237.36000061035156,380500.0
2019-03-18,237.6300048828125,239.38999938964844,237.02000427246094,238.60000610351562,179500.0
2019-03-19,238.72999572753906,239.9499969482422,238.52000427246094,239.22999572753906,203600.0
2019-03-20,238.22999572753906,238.72999572753906,236.02000427246094,236.8000030517578,211300.0
2019-03-21,236.10000610351562,242.99000549316406,235.07000732421875,242.32000732421875,207500.0
2019-03-22,239.5399932861328,241.16000366210938,234.42999267578125,234.5399932861328,352100.0
2019-03-25,234.0500030517578,235.42999267578125,232.6999969482422,233.57000732421875,312700.0
2019-03-26,236.0,246.75999450683594,230.8800048828125,246.3000030517578,751400.0
2019-03-27,242.5399932861328,244.85000610351562,238.88999938964844,243.0399932861328,534600.0
2019-03-28,243.0,245.9199981689453,242.80999755859375,244.92999267578125,288500.0
2019-03-29,245.9199981689453,248.7899932861328,244.75,248.27000427246094,275400.0
2019-04-01,249.24000549316406,249.9199981689453,246.8699951171875,249.27000427246094,256100.0
2019-04-02,249.13999938964844,250.44000244140625,246.9499969482422,250.0500030517578,249000.0
2019-04-03,250.80999755859375,252.55999755859375,249.55999755859375,252.39999389648438,182300.0
2019-04-04,252.89999389648438,253.2899932861328,250.3300018310547,252.94000244140625,194600.0
2019-04-05,252.9600067138672,255.02000427246094,251.3800048828125,252.85000610351562,233300.0
2019-04-08,252.05999755859375,255.8699951171875,250.83999633789062,255.83999633789062,280500.0
2019-04-09,254.0,255.72000122070312,252.85000610351562,254.9499969482422,189400.0
2019-04-10,255.0,257.1499938964844,255.0,256.3599853515625,141400.0
2019-04-11,257.2300109863281,257.42999267578125,254.11000061035156,256.2799987792969,190400.0
2019-04-12,258.9800109863281,260.1300048828125,257.44000244140625,260.1300048828125,178700.0
2019-04-15,264.510009765625,264.510009765625,260.07000732421875,261.7699890136719,195400.0
2019-04-16,262.5899963378906,265.7699890136719,262.29998779296875,263.5199890136719,283300.0
2019-04-17,264.6400146484375,264.6400146484375,258.20001220703125,258.3800048828125,313300.0
2019-04-18,259.2699890136719,263.0400085449219,257.0899963378906,262.1199951171875,262100.0
2019-04-22,261.739990234375,262.3599853515625,259.5,261.05999755859375,245800.0
2019-04-23,261.3699951171875,267.760009765625,261.3699951171875,266.80999755859375,285300.0
2019-04-24,266.44000244140625,268.6099853515625,265.6199951171875,265.7300109863281,261900.0
2019-04-25,265.69000244140625,267.4700012207031,263.2300109863281,267.0899963378906,174700.0
2019-04-26,267.2799987792969,271.44000244140625,267.17999267578125,271.1199951171875,222300.0
2019-04-29,270.8500061035156,273.8800048828125,270.8500061035156,272.5899963378906,212200.0
2019-04-30,272.6000061035156,276.32000732421875,272.6000061035156,275.8699951171875,266100.0
2019-05-01,275.6400146484375,275.6400146484375,271.54998779296875,272.0199890136719,259500.0
2019-05-02,271.2900085449219,274.8299865722656,269.5199890136719,274.5400085449219,200100.0
2019-05-03,274.9800109863281,279.5899963378906,274.9800109863281,278.8399963378906,216400.0
2019-05-06,272.75,284.32000732421875,272.75,283.8299865722656,372700.0
2019-05-07,281.1400146484375,282.0799865722656,276.7900085449219,278.239990234375,347700.0
2019-05-08,277.5400085449219,278.6600036621094,276.45001220703125,276.57000732421875,266200.0
2019-05-09,273.239990234375,278.69000244140625,272.6000061035156,278.4200134277344,164900.0
2019-05-10,277.6000061035156,281.3999938964844,273.8900146484375,280.7900085449219,249500.0
2019-05-13,276.2699890136719,277.30999755859375,270.4700012207031,272.239990234375,317600.0
2019-05-14,273.4200134277344,281.94000244140625,272.9200134277344,276.82000732421875,492700.0
2019-05-15,274.0,278.19000244140625,272.5,275.0,389900.0
2019-05-16,276.3999938964844,281.989990234375,275.32000732421875,278.5899963378906,299600.0
2019-05-17,276.5799865722656,280.9800109863281,276.3500061035156,278.4200134277344,332200.0
2019-05-20,277.0199890136719,278.2699890136719,275.54998779296875,276.80999755859375,330000.0
2019-05-21,277.94000244140625,282.4200134277344,277.94000244140625,281.6099853515625,426600.0
2019-05-22,281.9200134277344,283.92999267578125,280.5400085449219,280.5400085449219,321000.0
2019-05-23,278.5,279.5299987792969,275.0899963378906,278.1000061035156,419700.0
2019-05-24,279.739990234375,281.7099914550781,278.3599853515625,280.1700134277344,350000.0
2019-05-28,280.3500061035156,283.6400146484375,275.4599914550781,276.45001220703125,2260100.0
2019-05-29,275.9200134277344,279.1499938964844,274.05999755859375,278.0299987792969,419700.0
2019-05-30,277.2200012207031,279.1400146484375,275.04998779296875,278.25,578800.0
2019-05-31,275.45001220703125,279.9599914550781,275.0799865722656,278.20001220703125,533400.0
2019-06-03,278.4100036621094,279.0199890136719,273.80999755859375,276.8900146484375,358700.0
2019-06-04,279.4800109863281,285.1199951171875,277.3500061035156,284.9800109863281,436600.0
2019-06-05,286.0,287.9599914550781,283.1300048828125,286.95001220703125,474300.0
2019-06-06,286.95001220703125,291.4800109863281,285.82000732421875,289.7099914550781,328600.0
2019-06-07,290.510009765625,295.2300109863281,290.510009765625,292.1600036621094,225300.0
2019-06-10,294.6400146484375,298.510009765625,294.6400146484375,297.0799865722656,351500.0
2019-06-11,298.9200134277344,299.8699951171875,293.9200134277344,295.0,307200.0
2019-06-12,295.8800048828125,301.5400085449219,295.75,301.489990234375,427900.0
2019-06-13,303.1400146484375,304.04998779296875,294.4200134277344,296.8800048828125,365000.0
2019-06-14,296.75,297.8699951171875,294.5799865722656,296.3299865722656,345500.0
2019-06-17,297.0400085449219,299.7300109863281,294.5299987792969,295.6400146484375,227700.0
2019-06-18,297.45001220703125,301.3299865722656,297.45001220703125,300.3999938964844,264500.0
2019-06-19,300.0299987792969,302.9599914550781,299.1400146484375,302.04998779296875,512700.0
2019-06-20,304.42999267578125,305.3800048828125,298.7699890136719,301.260009765625,534600.0
2019-06-21,298.489990234375,299.5299987792969,296.19000244140625,298.0799865722656,670000.0
2019-06-24,297.9800109863281,299.1600036621094,293.010009765625,293.3299865722656,791700.0
2019-06-25,298.1000061035156,302.0,283.2300109863281,285.25,1469700.0
2019-06-26,285.0,290.3900146484375,284.3699951171875,289.3299865722656,929700.0
2019-06-27,280.69000244140625,285.9800109863281,280.2300109863281,285.4100036621094,989800.0
2019-06-28,286.6700134277344,288.0199890136719,281.7200012207031,286.55999755859375,722500.0
2019-07-01,290.2099914550781,290.2099914550781,285.739990234375,286.739990234375,315600.0
2019-07-02,286.17999267578125,293.70001220703125,285.7200012207031,292.8299865722656,528000.0
2019-07-03,293.79998779296875,296.1600036621094,293.79998779296875,296.05999755859375,313800.0
2019-07-05,296.3599853515625,297.6400146484375,292.239990234375,295.45001220703125,309000.0
2019-07-08,293.1499938964844,293.5,286.7699890136719,289.7099914550781,366500.0
2019-07-09,289.3500061035156,291.5400085449219,287.9100036621094,291.010009765625,416500.0
2019-07-10,292.5799865722656,293.489990234375,290.1199951171875,291.4800109863281,483900.0
2019-07-11,292.54998779296875,295.6499938964844,291.8299865722656,294.4700012207031,365300.0
2019-07-12,295.6600036621094,296.6000061035156,293.79998779296875,296.5199890136719,292100.0
2019-07-15,295.9800109863281,296.510009765625,293.1300048828125,294.32000732421875,430200.0
2019-07-16,291.3999938964844,291.3999938964844,279.760009765625,283.05999755859375,525500.0
2019-07-17,282.17999267578125,286.3299865722656,282.1300048828125,282.7699890136719,324600.0
2019-07-18,283.7099914550781,286.25,283.0199890136719,285.6000061035156,259700.0
2019-07-19,285.94000244140625,287.8800048828125,279.55999755859375,279.80999755859375,429500.0
2019-07-22,279.9800109863281,283.1300048828125,278.75,280.7900085449219,330400.0
2019-07-23,282.2300109863281,283.5400085449219,276.7099914550781,277.9800109863281,301900.0
2019-07-24,276.8699951171875,278.8699951171875,273.6199951171875,278.8699951171875,490200.0
2019-07-25,278.8699951171875,280.6099853515625,277.0799865722656,277.80999755859375,214300.0
2019-07-26,278.8699951171875,283.8900146484375,278.3599853515625,283.55999755859375,246400.0
2019-07-29,283.7799987792969,284.55999755859375,280.7900085449219,282.0899963378906,273500.0
2019-07-30,280.7099914550781,281.7300109863281,275.0,276.4200134277344,336400.0
2019-07-31,276.42999267578125,281.8500061035156,276.42999267578125,277.29998779296875,425600.0
2019-08-01,277.239990234375,282.3999938964844,277.239990234375,279.42999267578125,317400.0
2019-08-02,279.6099853515625,279.9200134277344,275.760009765625,278.5899963378906,328800.0
2019-08-05,274.67999267578125,275.7799987792969,266.05999755859375,269.8699951171875,529700.0
2019-08-06,270.5,275.3399963378906,270.5,274.8900146484375,243800.0
2019-08-07,271.3699951171875,276.3699951171875,270.3699951171875,274.6600036621094,338900.0
2019-08-08,277.67999267578125,282.5899963378906,275.8699951171875,281.5299987792969,347600.0
2019-08-09,280.7300109863281,281.57000732421875,276.20001220703125,278.29998779296875,195300.0
2019-08-12,276.4100036621094,277.8299865722656,273.3699951171875,273.95001220703125,206800.0
2019-08-13,272.95001220703125,280.79998779296875,272.95001220703125,279.239990234375,421000.0
2019-08-14,275.0799865722656,277.69000244140625,268.6199951171875,269.7099914550781,361600.0
2019-08-15,270.7799987792969,274.42999267578125,269.29998779296875,272.1499938964844,265300.0
2019-08-16,274.55999755859375,277.6700134277344,273.989990234375,277.0299987792969,244700.0
2019-08-19,280.0,280.94000244140625,277.2200012207031,277.42999267578125,208800.0
2019-08-20,276.4800109863281,278.1000061035156,273.1400146484375,275.8699951171875,532500.0
2019-08-21,277.8599853515625,280.010009765625,276.4800109863281,277.6600036621094,219700.0
2019-08-22,279.0,279.0,274.82000732421875,275.80999755859375,244300.0
2019-08-23,274.8299865722656,277.2300109863281,268.5,269.6099853515625,249900.0
2019-08-26,271.6400146484375,272.0,268.75,271.54998779296875,197000.0
2019-08-27,273.55999755859375,274.69000244140625,271.19000244140625,273.7300109863281,252800.0
2019-08-28,272.9200134277344,276.9200134277344,272.0,275.9599914550781,183300.0
2019-08-29,276.07000732421875,277.3900146484375,270.5299987792969,270.8399963378906,269600.0
2019-08-30,272.1099853515625,273.0199890136719,269.30999755859375,272.0899963378906,249400.0
2019-09-03,270.29998779296875,272.989990234375,268.3399963378906,270.32000732421875,303600.0
2019-09-04,272.80999755859375,273.0899963378906,267.54998779296875,270.95001220703125,302500.0
2019-09-05,274.0199890136719,276.75,271.4700012207031,273.8399963378906,251100.0
2019-09-06,274.1499938964844,277.7300109863281,274.010009765625,275.6199951171875,262200.0
2019-09-09,277.260009765625,277.55999755859375,266.0,268.7799987792969,345600.0
2019-09-10,267.0799865722656,269.82000732421875,261.92999267578125,269.82000732421875,526300.0
2019-09-11,270.1000061035156,273.989990234375,268.42999267578125,273.9599914550781,327300.0
2019-09-12,276.0899963378906,278.5799865722656,274.239990234375,276.6499938964844,224800.0
2019-09-13,279.0,279.25,274.3599853515625,277.4599914550781,320100.0
2019-09-16,275.7799987792969,277.7300109863281,274.04998779296875,277.4100036621094,234800.0
2019-09-17,277.0299987792969,281.2699890136719,277.0299987792969,281.07000732421875,213600.0
2019-09-18,281.5,289.9800109863281,280.5199890136719,283.0,469400.0
2019-09-19,283.79998779296875,288.3399963378906,282.7699890136719,285.010009765625,275200.0
2019-09-20,286.0,286.1300048828125,281.6199951171875,282.2900085449219,493500.0
2019-09-23,279.4599914550781,279.70001220703125,271.8699951171875,273.44000244140625,574800.0
2019-09-24,273.42999267578125,274.489990234375,267.94000244140625,268.32000732421875,536100.0
2019-09-25,267.8800048828125,272.7900085449219,267.8800048828125,270.989990234375,440300.0
2019-09-26,249.8000030517578,254.6999969482422,239.75,245.7100067138672,1828900.0
2019-09-27,239.0,247.0,238.0,242.1199951171875,877800.0
2019-09-30,242.1199951171875,244.72000122070312,240.44000244140625,242.97000122070312,513600.0
2019-10-01,243.25999450683594,245.0,237.5,240.07000732421875,488100.0
2019-10-02,238.0800018310547,240.24000549316406,234.75,235.97999572753906,503400.0
2019-10-03,235.64999389648438,239.00999450683594,233.25,238.19000244140625,491000.0
2019-10-04,239.0,241.44000244140625,237.61000061035156,241.0399932861328,248100.0
2019-10-07,240.3699951171875,241.38999938964844,239.08999633789062,239.44000244140625,337600.0
2019-10-08,237.92999267578125,237.92999267578125,233.08999633789062,234.27999877929688,483500.0
2019-10-09,236.6300048828125,242.64999389648438,235.67999267578125,240.9199981689453,407100.0
2019-10-10,240.4499969482422,242.99000549316406,238.6199951171875,241.42999267578125,299600.0
2019-10-11,245.52999877929688,247.5500030517578,243.72999572753906,245.3000030517578,526000.0
2019-10-14,244.97999572753906,246.82000732421875,243.58999633789062,244.02000427246094,228000.0
2019-10-15,245.80999755859375,247.72999572753906,244.83999633789062,246.1999969482422,393100.0
2019-10-16,246.49000549316406,249.0,244.8699951171875,248.9499969482422,329500.0
2019-10-17,249.72999572753906,252.9600067138672,248.41000366210938,251.77000427246094,277100.0
2019-10-18,251.6300048828125,253.80999755859375,249.6199951171875,249.74000549316406,472200.0
2019-10-21,251.3699951171875,252.4600067138672,247.72999572753906,250.00999450683594,264600.0
2019-10-22,251.27000427246094,254.5399932861328,249.88999938964844,250.63999938964844,346400.0
2019-10-23,250.63999938964844,253.1300048828125,250.52999877929688,253.00999450683594,242900.0
2019-10-24,254.2899932861328,254.2899932861328,251.5399932861328,253.22000122070312,217900.0
2019-10-25,253.1999969482422,254.6300048828125,251.63999938964844,254.07000732421875,192300.0
2019-10-28,255.6699981689453,258.6400146484375,255.6699981689453,257.8900146484375,308600.0
2019-10-29,258.0,260.67999267578125,255.8300018310547,256.3299865722656,331500.0
2019-10-30,256.2200012207031,256.2200012207031,251.3699951171875,253.67999267578125,233300.0
2019-10-31,253.02000427246094,253.9499969482422,250.58999633789062,253.52000427246094,305700.0
2019-11-01,254.63999938964844,256.6300048828125,253.92999267578125,255.8699951171875,203500.0
2019-11-04,256.5899963378906,258.8500061035156,255.16000366210938,255.52999877929688,291600.0
2019-11-05,256.8999938964844,257.489990234375,251.8300018310547,255.3000030517578,219400.0
2019-11-06,254.6199951171875,257.82000732421875,253.97000122070312,256.9800109863281,226100.0
2019-11-07,257.7699890136719,257.7900085449219,251.66000366210938,252.7899932861328,357300.0
2019-11-08,252.7899932861328,253.3699951171875,245.6199951171875,246.72000122070312,485800.0
2019-11-11,245.36000061035156,251.92999267578125,245.36000061035156,248.32000732421875,445000.0
2019-11-12,248.16000366210938,251.72000122070312,248.02999877929688,250.80999755859375,257100.0
2019-11-13,249.8300018310547,255.89999389648438,249.2899932861328,254.91000366210938,218800.0
2019-11-14,253.9499969482422,260.1600036621094,253.41000366210938,259.9700012207031,351500.0
2019-11-15,259.9700012207031,260.7200012207031,254.39999389648438,254.75,516500.0
2019-11-18,254.41000366210938,255.4499969482422,250.61000061035156,252.83999633789062,384800.0
2019-11-19,254.61000061035156,259.94000244140625,254.4499969482422,259.79998779296875,281200.0
2019-11-20,258.9599914550781,262.8599853515625,257.0,261.8999938964844,277600.0
2019-11-21,262.3900146484375,262.3900146484375,257.510009765625,257.8900146484375,302900.0
2019-11-22,258.2900085449219,260.7799987792969,257.9200134277344,260.1600036621094,197100.0
2019-11-25,259.9700012207031,262.510009765625,259.8999938964844,260.8900146484375,285500.0
2019-11-26,261.20001220703125,264.3599853515625,260.70001220703125,262.0199890136719,509300.0
2019-11-27,263.0,263.0,259.1099853515625,261.8500061035156,237900.0
2019-11-29,261.05999755859375,262.20001220703125,259.1300048828125,259.6499938964844,149600.0
2019-12-02,259.9800109863281,261.29998779296875,258.17999267578125,260.1400146484375,297000.0
2019-12-03,257.6499938964844,260.1199951171875,257.1199951171875,259.8599853515625,278500.0
2019-12-04,260.57000732421875,263.6300048828125,260.4700012207031,263.6000061035156,262000.0
2019-12-05,264.2799987792969,265.989990234375,263.4599914550781,263.7799987792969,334800.0
2019-12-06,265.1400146484375,269.9100036621094,264.2799987792969,269.489990234375,373800.0
2019-12-09,268.8399963378906,270.2300109863281,267.3599853515625,269.8500061035156,355500.0
2019-12-10,269.8599853515625,271.94000244140625,269.0799865722656,270.3800048828125,359200.0
2019-12-11,269.9800109863281,271.75,267.239990234375,271.6000061035156,296200.0
2019-12-12,270.2099914550781,271.57000732421875,268.2799987792969,270.0400085449219,618700.0
2019-12-13,269.0799865722656,271.3999938964844,268.2099914550781,271.2799987792969,319500.0
2019-12-16,273.8599853515625,275.8299865722656,270.5299987792969,271.6000061035156,442400.0
2019-12-17,271.9800109863281,272.20001220703125,268.010009765625,268.5899963378906,454900.0
2019-12-18,268.6000061035156,271.760009765625,267.7699890136719,269.1000061035156,504200.0
2019-12-19,264.2300109863281,270.32000732421875,257.67999267578125,269.82000732421875,816900.0
2019-12-20,262.3800048828125,269.17999267578125,262.3800048828125,265.0,772500.0
2019-12-23,266.8399963378906,269.9800109863281,266.1000061035156,267.739990234375,310900.0
2019-12-24,268.739990234375,268.7900085449219,266.9599914550781,267.05999755859375,111700.0
2019-12-26,268.3999938964844,269.6400146484375,267.1700134277344,268.94000244140625,143500.0
2019-12-27,269.92999267578125,272.9100036621094,268.45001220703125,271.1000061035156,226700.0
2019-12-30,271.5299987792969,271.5799865722656,266.70001220703125,267.69000244140625,285500.0
2019-12-31,267.0199890136719,269.45001220703125,267.0199890136719,268.29998779296875,259600.0
2020-01-02,268.6600036621094,270.17999267578125,266.6000061035156,268.7300109863281,314500.0
2020-01-03,265.9200134277344,269.3800048828125,264.8699951171875,268.6700134277344,237400.0
2020-01-06,266.8599853515625,267.29998779296875,263.75,267.1600036621094,349900.0
2020-01-07,267.0,270.3500061035156,266.19000244140625,267.0299987792969,235200.0
2020-01-08,267.1400146484375,270.3800048828125,267.04998779296875,269.0899963378906,288600.0
2020-01-09,270.67999267578125,272.4800109863281,268.4200134277344,268.7900085449219,434400.0
2020-01-10,269.1099853515625,269.1099853515625,264.6099853515625,264.8800048828125,376900.0
2020-01-13,264.9200134277344,268.7200012207031,264.9200134277344,266.989990234375,364300.0
2020-01-14,266.489990234375,270.0,266.489990234375,268.17999267578125,298500.0
2020-01-15,268.0799865722656,272.25,268.0799865722656,271.510009765625,270800.0
2020-01-16,273.239990234375,276.5899963378906,272.94000244140625,276.3900146484375,259500.0
2020-01-17,277.05999755859375,278.0400085449219,274.8599853515625,275.7200012207031,241200.0
2020-01-21,274.20001220703125,280.489990234375,274.20001220703125,276.79998779296875,342800.0
2020-01-22,278.29998779296875,281.92999267578125,278.29998779296875,279.239990234375,256100.0
2020-01-23,277.489990234375,280.6300048828125,276.8800048828125,280.1099853515625,227900.0
2020-01-24,281.1300048828125,281.6400146484375,275.4100036621094,276.55999755859375,200900.0
2020-01-27,272.3699951171875,276.54998779296875,271.489990234375,274.2699890136719,272400.0
2020-01-28,275.32000732421875,280.3299865722656,271.5400085449219,278.44000244140625,393000.0
2020-01-29,279.95001220703125,288.94000244140625,279.7099914550781,287.6000061035156,548400.0
2020-01-30,287.6099853515625,290.5799865722656,284.3999938964844,290.4700012207031,399100.0
2020-01-31,289.4700012207031,291.9599914550781,284.739990234375,286.1099853515625,971400.0
2020-02-03,286.8399963378906,290.5799865722656,286.75,289.9800109863281,284200.0
2020-02-04,292.5,297.0199890136719,292.5,295.07000732421875,271800.0
2020-02-05,297.6700134277344,299.2699890136719,288.07000732421875,290.1099853515625,383000.0
2020-02-06,290.8599853515625,293.1000061035156,288.57000732421875,289.9200134277344,312900.0
2020-02-07,289.0799865722656,289.2799987792969,285.6099853515625,286.4100036621094,290900.0
2020-02-10,285.3999938964844,290.80999755859375,285.0,290.07000732421875,344200.0
2020-02-11,291.1300048828125,293.25,289.80999755859375,292.29998779296875,245900.0
2020-02-12,293.3599853515625,295.5799865722656,290.82000732421875,293.260009765625,241400.0
2020-02-13,292.3599853515625,297.7900085449219,292.0,296.8299865722656,289700.0
2020-02-14,297.3299865722656,300.57000732421875,296.8299865722656,299.5400085449219,190600.0
2020-02-18,299.07000732421875,303.989990234375,299.07000732421875,302.92999267578125,196300.0
2020-02-19,304.8800048828125,310.25,304.8800048828125,308.6600036621094,300700.0
2020-02-20,308.45001220703125,308.45001220703125,298.2900085449219,302.6499938964844,274800.0
2020-02-21,301.260009765625,301.75,297.3399963378906,299.5899963378906,349000.0
2020-02-24,291.70001220703125,297.489990234375,290.739990234375,295.05999755859375,230100.0
2020-02-25,295.67999267578125,297.6099853515625,286.6300048828125,288.05999755859375,336100.0
2020-02-26,288.19000244140625,295.17999267578125,288.19000244140625,289.9200134277344,373000.0
2020-02-27,284.20001220703125,288.17999267578125,278.17999267578125,278.5199890136719,295900.0
2020-02-28,270.2799987792969,274.0299987792969,262.44000244140625,265.989990234375,783800.0
2020-03-02,267.1700134277344,281.70001220703125,264.3399963378906,281.2699890136719,506600.0
2020-03-03,282.29998779296875,285.29998779296875,274.6400146484375,278.8500061035156,300000.0
2020-03-04,284.3399963378906,294.30999755859375,282.010009765625,293.8599853515625,288000.0
2020-03-05,288.8599853515625,290.95001220703125,285.55999755859375,288.8500061035156,551500.0
2020-03-06,279.510009765625,283.3800048828125,273.70001220703125,279.0799865722656,605400.0
2020-03-09,257.5,272.17999267578125,249.5399932861328,261.8599853515625,712200.0
2020-03-10,270.80999755859375,270.9599914550781,254.14999389648438,270.6199951171875,513400.0
2020-03-11,264.239990234375,267.1000061035156,248.67999267578125,254.92999267578125,489000.0
2020-03-12,235.1699981689453,249.22999572753906,220.64999389648438,233.4199981689453,747900.0
2020-03-13,244.86000061035156,253.52000427246094,235.0399932861328,253.07000732421875,475600.0
2020-03-16,223.0,247.39999389648438,218.50999450683594,226.1199951171875,650500.0
2020-03-17,230.67999267578125,252.3800048828125,225.99000549316406,246.8000030517578,636300.0
2020-03-18,232.5,242.57000732421875,206.9199981689453,219.39999389648438,818400.0
2020-03-19,219.39999389648438,246.94000244140625,215.00999450683594,235.0399932861328,443000.0
2020-03-20,234.14999389648438,239.25,214.6300048828125,217.97999572753906,892000.0
2020-03-23,215.72000122070312,216.92999267578125,195.22000122070312,204.5500030517578,621600.0
2020-03-24,212.3300018310547,233.9499969482422,212.05999755859375,231.36000061035156,590300.0
2020-03-25,229.9600067138672,249.44000244140625,227.33999633789062,232.72999572753906,534600.0
2020-03-26,235.0399932861328,257.55999755859375,229.7100067138672,257.55999755859375,528800.0
2020-03-27,249.47999572753906,270.07000732421875,243.9499969482422,254.7100067138672,497200.0
2020-03-30,260.6000061035156,272.3800048828125,259.69000244140625,268.07000732421875,518800.0
2020-03-31,263.8800048828125,269.1099853515625,257.6300048828125,260.67999267578125,360800.0
2020-04-01,248.86000061035156,260.9100036621094,248.86000061035156,255.5399932861328,356400.0
2020-04-02,252.0500030517578,263.0,250.5,262.30999755859375,395000.0
2020-04-03,257.5299987792969,262.489990234375,249.1300048828125,253.11000061035156,310500.0
2020-04-06,260.4800109863281,269.4100036621094,253.4499969482422,266.8999938964844,309200.0
2020-04-07,269.0899963378906,277.5,263.6600036621094,267.8500061035156,341500.0
2020-04-08,271.0400085449219,272.9100036621094,265.0400085449219,270.9700012207031,246200.0
2020-04-09,274.2699890136719,284.9800109863281,269.8699951171875,279.1600036621094,362500.0
2020-04-13,276.7799987792969,276.7799987792969,266.0199890136719,271.6600036621094,295500.0
2020-04-14,278.67999267578125,283.7900085449219,275.07000732421875,279.1300048828125,210800.0
2020-04-15,274.0,280.4599914550781,270.07000732421875,277.1300048828125,224500.0
2020-04-16,279.2300109863281,283.8399963378906,275.5299987792969,282.42999267578125,215200.0
2020-04-17,287.5,291.05999755859375,280.989990234375,281.1000061035156,320000.0
2020-04-20,278.1499938964844,281.9200134277344,273.3599853515625,276.70001220703125,257200.0
2020-04-21,272.0199890136719,272.8800048828125,265.8900146484375,266.5400085449219,230600.0
2020-04-22,272.17999267578125,273.0400085449219,268.0899963378906,272.4200134277344,147100.0
2020-04-23,271.7200012207031,276.260009765625,270.45001220703125,273.3900146484375,173100.0
2020-04-24,274.45001220703125,276.0400085449219,269.739990234375,274.42999267578125,263800.0
2020-04-27,277.6499938964844,287.67999267578125,275.2900085449219,286.07000732421875,188400.0
2020-04-28,289.1300048828125,289.8399963378906,274.3299865722656,275.2200012207031,272200.0
2020-04-29,282.04998779296875,287.0,275.8500061035156,283.4700012207031,209500.0
2020-04-30,280.55999755859375,280.55999755859375,274.0,275.0,470500.0
2020-05-01,272.1099853515625,273.30999755859375,267.92999267578125,269.42999267578125,269500.0
2020-05-04,267.32000732421875,269.5199890136719,264.7300109863281,269.0299987792969,189300.0
2020-05-05,274.010009765625,276.45001220703125,270.8500061035156,272.7200012207031,326100.0
2020-05-06,274.8299865722656,274.8299865722656,266.2699890136719,266.2699890136719,256700.0
2020-05-07,270.30999755859375,281.2099914550781,268.0899963378906,275.739990234375,307600.0
2020-05-08,278.95001220703125,281.1000061035156,275.2799987792969,276.0799865722656,217900.0
2020-05-11,276.3800048828125,287.8699951171875,274.3299865722656,285.6400146484375,360700.0
2020-05-12,286.95001220703125,289.8800048828125,281.2799987792969,281.2799987792969,240600.0
2020-05-13,279.010009765625,284.1600036621094,275.260009765625,279.0899963378906,350300.0
2020-05-14,275.1700134277344,279.5199890136719,272.1000061035156,279.1000061035156,237600.0
2020-05-15,277.7699890136719,282.8699951171875,277.7699890136719,281.05999755859375,347800.0
2020-05-18,286.29998779296875,292.760009765625,285.9599914550781,291.30999755859375,234100.0
2020-05-19,290.0,295.55999755859375,287.2900085449219,287.4200134277344,182600.0
2020-05-20,292.6499938964844,293.0299987792969,288.9800109863281,290.9100036621094,165400.0
2020-05-21,290.3999938964844,293.5299987792969,289.0,290.4100036621094,194700.0
2020-05-22,291.7200012207031,292.3699951171875,287.3299865722656,289.3399963378906,99700.0
2020-05-26,295.0299987792969,297.7099914550781,290.4700012207031,295.55999755859375,226600.0
2020-05-27,299.54998779296875,300.75,295.7099914550781,300.75,247600.0
2020-05-28,304.2699890136719,304.2699890136719,300.4200134277344,303.0,267200.0
2020-05-29,302.54998779296875,307.9700012207031,301.1700134277344,307.510009765625,574900.0
2020-06-01,308.2200012207031,308.8699951171875,301.4100036621094,306.489990234375,218700.0
2020-06-02,308.010009765625,309.7699890136719,302.4200134277344,304.9700012207031,225500.0
2020-06-03,309.0199890136719,313.8699951171875,306.5899963378906,313.2900085449219,271000.0
2020-06-04,310.760009765625,314.4599914550781,307.8500061035156,311.17999267578125,301600.0
2020-06-05,315.70001220703125,318.54998779296875,313.7200012207031,317.0,210500.0
2020-06-08,315.54998779296875,316.9100036621094,310.3999938964844,314.7300109863281,189400.0
2020-06-09,309.55999755859375,309.55999755859375,298.17999267578125,304.8999938964844,471600.0
2020-06-10,304.8599853515625,311.8399963378906,303.7699890136719,305.8900146484375,253700.0
2020-06-11,298.5299987792969,298.9599914550781,283.55999755859375,284.20001220703125,349500.0
2020-06-12,291.25,292.6099853515625,280.44000244140625,286.9800109863281,250400.0
2020-06-15,281.5299987792969,294.82000732421875,279.010009765625,294.6000061035156,282400.0
2020-06-16,302.7699890136719,302.8999938964844,293.6199951171875,296.1099853515625,230000.0
2020-06-17,298.1199951171875,302.010009765625,295.2799987792969,300.1000061035156,155300.0
2020-06-18,298.9100036621094,302.7699890136719,298.69000244140625,301.42999267578125,171600.0
2020-06-19,305.3800048828125,307.8800048828125,301.3800048828125,303.6199951171875,356700.0
2020-06-22,302.8699951171875,310.67999267578125,302.0299987792969,309.1199951171875,267500.0
2020-06-23,313.1600036621094,313.1600036621094,305.6199951171875,306.2099914550781,280800.0
2020-06-24,302.92999267578125,304.9700012207031,295.510009765625,297.2099914550781,355100.0
2020-06-25,319.2300109863281,343.7799987792969,309.6499938964844,342.1600036621094,893600.0
2020-06-26,337.2900085449219,338.0,325.2099914550781,328.6499938964844,682000.0
2020-06-29,330.70001220703125,333.3599853515625,325.1400146484375,326.79998779296875,260400.0
2020-06-30,327.4700012207031,331.239990234375,325.3299865722656,328.4700012207031,341000.0
2020-07-01,330.2300109863281,336.5899963378906,328.3299865722656,333.8900146484375,226800.0
2020-07-02,335.1300048828125,339.6000061035156,335.1300048828125,335.8999938964844,168000.0
2020-07-06,339.07000732421875,343.1400146484375,337.9599914550781,338.760009765625,227000.0
2020-07-07,336.0,343.30999755859375,335.20001220703125,341.0199890136719,213400.0
2020-07-08,344.4200134277344,350.9200134277344,343.5,349.42999267578125,239400.0
2020-07-09,348.79998779296875,350.75,345.489990234375,347.3699951171875,204900.0
2020-07-10,348.3900146484375,351.9599914550781,344.6000061035156,350.9800109863281,191300.0
2020-07-13,355.0,357.2099914550781,341.2200012207031,342.1400146484375,248100.0
2020-07-14,340.0400085449219,352.04998779296875,339.1600036621094,351.57000732421875,198400.0
2020-07-15,356.0,356.0,349.07000732421875,351.8399963378906,176500.0
2020-07-16,349.7699890136719,352.55999755859375,346.0299987792969,350.04998779296875,172100.0
2020-07-17,352.3299865722656,356.8500061035156,350.0400085449219,353.739990234375,154600.0
2020-07-20,354.95001220703125,356.0899963378906,352.6400146484375,355.25,199700.0
2020-07-21,356.9800109863281,357.5199890136719,352.760009765625,354.6700134277344,178600.0
2020-07-22,354.69000244140625,357.8999938964844,351.0,354.510009765625,167200.0
2020-07-23,354.5299987792969,358.7799987792969,348.0,348.1000061035156,292500.0
2020-07-24,347.0199890136719,352.260009765625,345.739990234375,347.94000244140625,186900.0
2020-07-27,347.260009765625,351.6000061035156,347.260009765625,349.3800048828125,152100.0
2020-07-28,348.67999267578125,349.9200134277344,341.9599914550781,342.760009765625,194100.0
2020-07-29,342.1600036621094,350.20001220703125,342.1600036621094,347.3699951171875,163300.0
2020-07-30,342.20001220703125,347.0899963378906,341.0,345.7200012207031,161200.0
2020-07-31,347.6300048828125,347.6300048828125,339.6499938964844,346.29998779296875,240200.0
2020-08-03,349.9100036621094,351.5799865722656,347.8900146484375,348.80999755859375,192400.0
2020-08-04,346.5400085449219,348.82000732421875,342.7699890136719,347.2900085449219,150700.0
2020-08-05,348.739990234375,352.6300048828125,346.80999755859375,350.05999755859375,167600.0
2020-08-06,350.0,353.82000732421875,347.3999938964844,353.3699951171875,124700.0
2020-08-07,353.2699890136719,358.8299865722656,353.05999755859375,355.82000732421875,136400.0
2020-08-10,354.9800109863281,357.1099853515625,351.17999267578125,356.260009765625,147200.0
2020-08-11,357.6000061035156,360.8800048828125,352.17999267578125,355.760009765625,154800.0
2020-08-12,358.0400085449219,363.17999267578125,358.0400085449219,360.1600036621094,128800.0
2020-08-13,358.6700134277344,360.6099853515625,354.4700012207031,355.9599914550781,186700.0
2020-08-14,356.0,358.6300048828125,351.1000061035156,354.5899963378906,134000.0
2020-08-17,355.70001220703125,359.3500061035156,352.70001220703125,355.5299987792969,150200.0
2020-08-18,356.55999755859375,362.6700134277344,356.55999755859375,360.80999755859375,109600.0
2020-08-19,360.5,363.6400146484375,359.45001220703125,360.9200134277344,131500.0
2020-08-20,358.80999755859375,360.7300109863281,356.04998779296875,356.239990234375,99000.0
2020-08-21,356.0899963378906,358.3599853515625,353.5799865722656,356.1000061035156,128700.0
2020-08-24,359.4700012207031,362.1000061035156,355.54998779296875,357.3699951171875,156100.0
2020-08-25,358.44000244140625,358.44000244140625,355.260009765625,356.0,164600.0
2020-08-26,355.0,359.1400146484375,354.7099914550781,355.9599914550781,216200.0
2020-08-27,358.1000061035156,359.6199951171875,352.8399963378906,353.92999267578125,174900.0
2020-08-28,354.4599914550781,355.8900146484375,351.9100036621094,352.9200134277344,123200.0
2020-08-31,353.0,360.8500061035156,350.1199951171875,350.3999938964844,257000.0
2020-09-01,350.67999267578125,352.1600036621094,350.0,351.0799865722656,153900.0
2020-09-02,352.6499938964844,356.3299865722656,351.1300048828125,354.04998779296875,209000.0
2020-09-03,353.5400085449219,353.7300109863281,337.4700012207031,339.17999267578125,230800.0
2020-09-04,341.0199890136719,341.29998779296875,327.0,332.4700012207031,265400.0
2020-09-08,327.989990234375,328.67999267578125,320.1400146484375,322.6000061035156,354100.0
2020-09-09,327.3800048828125,336.3299865722656,326.1199951171875,332.6700134277344,207900.0
2020-09-10,333.19000244140625,334.1099853515625,323.239990234375,325.04998779296875,173100.0
2020-09-11,326.8900146484375,329.8800048828125,324.9599914550781,327.0400085449219,146400.0
2020-09-14,331.4599914550781,335.69000244140625,329.7300109863281,333.4200134277344,220100.0
2020-09-15,336.7200012207031,338.30999755859375,334.3399963378906,336.3299865722656,104500.0
2020-09-16,337.1600036621094,342.2900085449219,333.4800109863281,334.1199951171875,176100.0
2020-09-17,329.3699951171875,336.0199890136719,328.8599853515625,333.0400085449219,183900.0
2020-09-18,335.70001220703125,339.6600036621094,333.1300048828125,336.3999938964844,684100.0
2020-09-21,330.3299865722656,338.17999267578125,327.6499938964844,336.8399963378906,278200.0
2020-09-22,337.44000244140625,341.8599853515625,330.8399963378906,338.79998779296875,219000.0
2020-09-23,338.0799865722656,340.6199951171875,328.0400085449219,330.7200012207031,227800.0
2020-09-24,345.0,357.9200134277344,331.239990234375,334.3599853515625,409000.0
2020-09-25,332.6499938964844,332.6499938964844,322.7799987792969,328.3999938964844,326900.0
2020-09-28,331.5,336.7200012207031,331.5,333.2900085449219,254800.0
2020-09-29,332.25,337.5,332.25,333.9599914550781,220200.0
2020-09-30,333.9599914550781,338.70001220703125,331.9700012207031,334.8800048828125,261900.0
2020-10-01,335.17999267578125,339.17999267578125,326.9599914550781,328.0,342500.0
2020-10-02,323.8599853515625,327.9700012207031,322.510009765625,323.7200012207031,357600.0
2020-10-05,325.92999267578125,328.95001220703125,320.57000732421875,323.1499938964844,291400.0
2020-10-06,324.3800048828125,327.7200012207031,321.1499938964844,321.7699890136719,274100.0
2020-10-07,324.17999267578125,326.6199951171875,323.29998779296875,325.3800048828125,287100.0
2020-10-08,326.7900085449219,330.8599853515625,324.7200012207031,328.6000061035156,242400.0
2020-10-09,330.989990234375,332.3500061035156,326.9200134277344,327.4700012207031,172700.0
2020-10-12,328.3800048828125,331.44000244140625,326.7200012207031,329.55999755859375,214200.0
2020-10-13,330.0799865722656,336.6300048828125,329.82000732421875,335.54998779296875,309100.0
2020-10-14,337.3800048828125,338.2200012207031,332.70001220703125,335.239990234375,159800.0
2020-10-15,328.6600036621094,339.42999267578125,328.6600036621094,337.739990234375,203300.0
2020-10-16,340.2900085449219,341.1700134277344,337.45001220703125,339.55999755859375,183500.0
2020-10-19,341.7699890136719,344.44000244140625,333.0400085449219,333.92999267578125,176600.0
2020-10-20,334.2099914550781,338.2799987792969,332.8699951171875,333.29998779296875,136000.0
2020-10-21,334.4800109863281,338.44000244140625,332.6000061035156,332.79998779296875,129300.0
2020-10-22,332.82000732421875,335.2900085449219,327.3800048828125,327.9700012207031,158700.0
2020-10-23,327.92999267578125,331.3900146484375,325.7300109863281,328.4800109863281,141800.0
2020-10-26,324.80999755859375,329.4599914550781,318.3999938964844,322.2699890136719,236200.0
2020-10-27,323.2300109863281,326.260009765625,318.79998779296875,318.8999938964844,179800.0
2020-10-28,313.1300048828125,313.8999938964844,308.2200012207031,311.2300109863281,211500.0
2020-10-29,310.260009765625,313.0299987792969,306.010009765625,310.25,220700.0
2020-10-30,307.9100036621094,309.8399963378906,303.1099853515625,306.5,297600.0
2020-11-02,310.69000244140625,315.8699951171875,307.1700134277344,311.17999267578125,430000.0
2020-11-03,313.9800109863281,322.3500061035156,311.7900085449219,319.4800109863281,271800.0
2020-11-04,322.239990234375,333.6300048828125,322.0,327.8800048828125,204400.0
2020-11-05,332.6099853515625,334.75,330.239990234375,332.9700012207031,161900.0
2020-11-06,333.95001220703125,336.760009765625,328.6600036621094,335.8299865722656,151500.0
2020-11-09,345.8699951171875,348.4800109863281,316.32000732421875,316.7099914550781,333000.0
2020-11-10,316.3599853515625,324.3399963378906,314.0299987792969,323.1000061035156,224700.0
2020-11-11,326.2699890136719,338.1199951171875,324.9200134277344,335.1499938964844,252300.0
2020-11-12,334.3599853515625,334.57000732421875,323.6499938964844,324.760009765625,177900.0
2020-11-13,326.5899963378906,330.75,324.6400146484375,328.260009765625,125500.0
2020-11-16,329.3699951171875,333.2099914550781,327.4100036621094,329.95001220703125,156600.0
2020-11-17,327.42999267578125,328.3299865722656,321.7900085449219,323.25,157400.0
2020-11-18,323.67999267578125,323.67999267578125,317.0,317.05999755859375,173600.0
2020-11-19,318.0899963378906,321.3699951171875,315.1199951171875,317.9599914550781,149300.0
2020-11-20,319.0899963378906,324.67999267578125,318.4599914550781,321.54998779296875,187400.0
2020-11-23,322.0,324.7699890136719,317.69000244140625,318.8800048828125,165400.0
2020-11-24,320.8599853515625,323.6400146484375,318.82000732421875,319.8800048828125,184400.0
2020-11-25,319.80999755859375,323.0299987792969,316.9599914550781,322.2799987792969,144800.0
2020-11-27,323.6099853515625,324.8800048828125,321.8800048828125,322.75,89800.0
2020-11-30,325.5299987792969,338.57000732421875,325.5299987792969,333.760009765625,462500.0
2020-12-01,336.6400146484375,343.25,334.6199951171875,342.2300109863281,378500.0
2020-12-02,340.6400146484375,342.6000061035156,333.3800048828125,336.1499938964844,188100.0
2020-12-03,335.45001220703125,347.75,334.8599853515625,346.57000732421875,297600.0
2020-12-04,348.54998779296875,351.94000244140625,347.8500061035156,351.010009765625,195400.0
2020-12-07,352.57000732421875,353.5799865722656,347.739990234375,351.7099914550781,174500.0
2020-12-08,349.1099853515625,354.9800109863281,347.739990234375,348.57000732421875,207000.0
2020-12-09,348.0,350.7300109863281,341.42999267578125,345.760009765625,216900.0
2020-12-10,345.5,349.1000061035156,342.6000061035156,348.69000244140625,214300.0
2020-12-11,345.92999267578125,352.7099914550781,345.4800109863281,351.4700012207031,205400.0
2020-12-14,353.67999267578125,357.69000244140625,344.3900146484375,344.8900146484375,188000.0
2020-12-15,347.8900146484375,349.25,343.1700134277344,347.989990234375,214300.0
2020-12-16,350.1300048828125,350.760009765625,343.05999755859375,345.3800048828125,205000.0
2020-12-17,344.9200134277344,346.239990234375,339.3699951171875,345.2300109863281,215500.0
2020-12-18,348.6000061035156,348.6000061035156,341.69000244140625,347.0299987792969,466900.0
2020-12-21,343.1499938964844,346.5899963378906,330.4599914550781,332.6499938964844,358300.0
2020-12-22,331.010009765625,336.4700012207031,328.29998779296875,331.0,238900.0
2020-12-23,330.7799987792969,335.0,324.510009765625,325.0799865722656,213100.0
2020-12-24,327.2300109863281,329.0299987792969,324.760009765625,327.42999267578125,70300.0
2020-12-28,330.0,332.2699890136719,327.7900085449219,330.0199890136719,166800.0
2020-12-29,332.25,332.8800048828125,326.739990234375,327.3299865722656,156000.0
2020-12-30,329.17999267578125,332.2200012207031,327.1000061035156,328.3800048828125,148300.0
2020-12-31,328.6300048828125,333.4200134277344,327.4100036621094,332.5,159900.0
2021-01-04,332.8699951171875,335.6099853515625,327.239990234375,330.5899963378906,295400.0
2021-01-05,329.5,333.5,326.3800048828125,329.5799865722656,149400.0
2021-01-06,328.9700012207031,335.239990234375,326.67999267578125,332.2300109863281,250900.0
2021-01-07,332.17999267578125,336.8500061035156,332.17999267578125,334.3999938964844,204900.0
2021-01-08,334.9800109863281,337.70001220703125,330.489990234375,334.45001220703125,165900.0
2021-01-11,332.489990234375,334.4100036621094,330.30999755859375,332.25,139200.0
2021-01-12,331.79998779296875,336.45001220703125,331.7099914550781,335.44000244140625,183900.0
2021-01-13,336.05999755859375,336.05999755859375,329.6499938964844,330.989990234375,144000.0
2021-01-14,330.7099914550781,331.2799987792969,319.0899963378906,320.6400146484375,194700.0
2021-01-15,318.6600036621094,320.94000244140625,315.8900146484375,318.20001220703125,173900.0
2021-01-19,319.260009765625,320.75,315.7699890136719,319.3500061035156,206100.0
2021-01-20,322.5,328.75,319.7300109863281,327.45001220703125,240600.0
2021-01-21,326.44000244140625,329.2200012207031,324.5,324.7200012207031,224100.0
2021-01-22,324.07000732421875,325.5400085449219,320.07000732421875,320.2300109863281,193200.0
2021-01-25,319.5899963378906,321.510009765625,310.1000061035156,317.5199890136719,256200.0
2021-01-26,318.19000244140625,318.19000244140625,311.6499938964844,311.8999938964844,235800.0
2021-01-27,309.9599914550781,314.29998779296875,306.8299865722656,312.69000244140625,348000.0
2021-01-28,315.239990234375,319.4200134277344,307.69000244140625,308.7900085449219,239600.0
2021-01-29,307.5299987792969,309.6600036621094,301.0899963378906,302.3399963378906,525400.0
2021-02-01,305.44000244140625,313.1300048828125,305.44000244140625,312.260009765625,199700.0
2021-02-02,314.45001220703125,318.260009765625,312.6600036621094,317.70001220703125,232100.0
2021-02-03,315.7200012207031,318.92999267578125,313.6400146484375,315.3500061035156,142500.0
2021-02-04,313.7699890136719,316.3500061035156,312.94000244140625,315.8399963378906,198200.0
2021-02-05,318.32000732421875,319.3900146484375,316.0400085449219,317.9700012207031,160600.0
2021-02-08,320.9200134277344,322.5199890136719,319.0,320.95001220703125,124000.0
2021-02-09,321.20001220703125,323.69000244140625,312.6700134277344,313.6000061035156,208100.0
2021-02-10,316.0,318.69000244140625,309.1300048828125,309.4100036621094,165500.0
2021-02-11,311.92999267578125,317.4599914550781,309.5199890136719,317.1400146484375,225400.0
2021-02-12,316.1400146484375,320.3500061035156,313.8500061035156,316.0,115600.0
2021-02-16,316.5400085449219,319.9700012207031,311.57000732421875,312.6000061035156,139700.0
2021-02-17,310.79998779296875,316.3299865722656,310.79998779296875,315.0400085449219,174900.0
2021-02-18,314.1199951171875,321.5400085449219,313.4100036621094,318.5,134700.0
2021-02-19,319.9200134277344,320.2799987792969,313.20001220703125,313.67999267578125,188800.0
2021-02-22,310.82000732421875,310.82000732421875,303.0299987792969,303.8699951171875,195400.0
2021-02-23,304.17999267578125,305.3900146484375,300.8999938964844,302.7900085449219,210700.0
2021-02-24,301.8800048828125,302.7900085449219,295.5199890136719,300.94000244140625,272800.0
2021-02-25,298.94000244140625,302.07000732421875,294.2099914550781,294.3500061035156,208700.0
2021-02-26,296.80999755859375,306.0199890136719,295.1600036621094,303.9100036621094,390800.0
2021-03-01,305.8999938964844,312.5799865722656,303.6700134277344,311.17999267578125,237400.0
2021-03-02,312.0,312.19000244140625,306.2900085449219,310.9200134277344,244000.0
2021-03-03,309.239990234375,311.3299865722656,306.510009765625,308.8699951171875,252100.0
2021-03-04,309.5199890136719,314.1499938964844,302.9200134277344,305.0899963378906,231100.0
2021-03-05,307.0299987792969,314.6499938964844,303.1400146484375,314.25,246400.0
2021-03-08,315.25,319.7900085449219,308.989990234375,315.8999938964844,235900.0
2021-03-09,317.9200134277344,322.2799987792969,311.0799865722656,312.489990234375,300700.0
2021-03-10,316.6300048828125,316.9200134277344,310.7699890136719,312.2900085449219,218200.0
2021-03-11,312.44000244140625,316.0400085449219,310.5799865722656,312.739990234375,246500.0
2021-03-12,312.4100036621094,313.70001220703125,307.6099853515625,310.8999938964844,342200.0
2021-03-15,313.6300048828125,319.239990234375,312.3399963378906,318.5199890136719,240300.0
2021-03-16,320.2200012207031,324.20001220703125,316.6099853515625,317.760009765625,197700.0
2021-03-17,317.9700012207031,320.1199951171875,310.6400146484375,316.29998779296875,188800.0
2021-03-18,312.70001220703125,315.7099914550781,308.510009765625,310.1000061035156,271200.0
2021-03-19,311.20001220703125,317.4599914550781,309.2900085449219,311.44000244140625,603300.0
2021-03-22,311.0,315.07000732421875,309.9100036621094,314.3800048828125,255300.0
2021-03-23,314.4200134277344,323.8599853515625,314.30999755859375,320.3999938964844,262100.0
2021-03-24,321.0,324.92999267578125,317.7699890136719,321.3500061035156,257600.0
2021-03-25,321.44000244140625,321.8699951171875,317.8800048828125,321.1700134277344,194700.0
2021-03-26,322.6099853515625,326.1000061035156,318.9700012207031,325.6199951171875,170300.0
2021-03-29,326.8900146484375,329.1099853515625,321.9800109863281,323.95001220703125,301900.0
2021-03-30,314.489990234375,318.79998779296875,304.07000732421875,311.3399963378906,408800.0
2021-03-31,309.7200012207031,316.19000244140625,308.5899963378906,308.5899963378906,367500.0
2021-04-01,311.05999755859375,319.4599914550781,310.2900085449219,317.010009765625,279300.0
2021-04-05,319.1600036621094,322.1700134277344,315.94000244140625,320.54998779296875,253600.0
2021-04-06,321.54998779296875,322.79998779296875,317.5,318.17999267578125,216000.0
2021-04-07,317.7200012207031,318.19000244140625,308.7200012207031,309.3599853515625,247900.0
2021-04-08,310.010009765625,314.42999267578125,308.5199890136719,310.1400146484375,339600.0
2021-04-09,310.4599914550781,312.05999755859375,306.8599853515625,309.1300048828125,212100.0
2021-04-12,308.17999267578125,312.510009765625,308.1499938964844,311.260009765625,212800.0
2021-04-13,311.6700134277344,314.1199951171875,310.54998779296875,311.3999938964844,237700.0
2021-04-14,311.5,313.2699890136719,308.6700134277344,309.260009765625,308200.0
2021-04-15,311.6000061035156,315.760009765625,310.0,314.8999938964844,388400.0
2021-04-16,316.1700134277344,320.7799987792969,315.6000061035156,319.2699890136719,184500.0
2021-04-19,320.0,320.04998779296875,316.3699951171875,317.3399963378906,223800.0
2021-04-20,316.9200134277344,321.8900146484375,316.9200134277344,318.8500061035156,199000.0
2021-04-21,320.0,324.29998779296875,320.0,321.75,224400.0
2021-04-22,320.0,324.7099914550781,316.989990234375,323.7900085449219,263700.0
2021-04-23,323.7300109863281,365.7699890136719,318.1499938964844,347.1000061035156,1450500.0
2021-04-26,347.7900085449219,349.9800109863281,335.1099853515625,336.9100036621094,435300.0
2021-04-27,336.79998779296875,342.5899963378906,332.25,342.1600036621094,291600.0
2021-04-28,342.92999267578125,342.92999267578125,335.3699951171875,336.3999938964844,224700.0
2021-04-29,337.7900085449219,341.7300109863281,334.4700012207031,341.2699890136719,144700.0
2021-04-30,341.30999755859375,344.4200134277344,334.75,336.2200012207031,280600.0
2021-05-03,336.9700012207031,344.67999267578125,334.79998779296875,342.05999755859375,181900.0
2021-05-04,339.9700012207031,346.0400085449219,337.70001220703125,345.6000061035156,204000.0
2021-05-05,345.45001220703125,345.45001220703125,336.25,336.54998779296875,347400.0
2021-05-06,336.70001220703125,339.9100036621094,334.5899963378906,338.05999755859375,150000.0
2021-05-07,340.0199890136719,341.07000732421875,334.04998779296875,337.04998779296875,220400.0
2021-05-10,338.1099853515625,341.6000061035156,335.1000061035156,335.1099853515625,197300.0
2021-05-11,331.69000244140625,335.760009765625,327.989990234375,331.8599853515625,162800.0
2021-05-12,330.239990234375,333.3399963378906,325.760009765625,326.510009765625,219600.0
2021-05-13,327.0,333.5199890136719,326.6000061035156,328.5299987792969,211000.0
2021-05-14,330.2900085449219,332.19000244140625,326.67999267578125,330.9100036621094,150400.0
2021-05-17,331.739990234375,332.6499938964844,324.0400085449219,326.5299987792969,159100.0
2021-05-18,326.3299865722656,326.94000244140625,321.3900146484375,321.7200012207031,96700.0
2021-05-19,317.9700012207031,322.489990234375,317.54998779296875,322.3999938964844,131900.0
2021-05-20,322.8299865722656,330.5400085449219,322.8299865722656,327.30999755859375,172300.0
2021-05-21,327.989990234375,332.5,326.92999267578125,328.1499938964844,125500.0
2021-05-24,329.8500061035156,332.1199951171875,327.4700012207031,328.94000244140625,118800.0
2021-05-25,330.0,332.32000732421875,326.9200134277344,329.7300109863281,79900.0
2021-05-26,330.8800048828125,332.44000244140625,328.0199890136719,331.510009765625,160800.0
2021-05-27,330.6400146484375,334.8900146484375,327.5299987792969,332.260009765625,265700.0
2021-05-28,331.8900146484375,337.42999267578125,331.8299865722656,334.3599853515625,124600.0
2021-06-01,334.8999938964844,337.4200134277344,323.7099914550781,324.1099853515625,167300.0
2021-06-02,323.760009765625,328.0299987792969,321.260009765625,327.489990234375,143400.0
2021-06-03,325.6199951171875,325.6199951171875,321.79998779296875,324.9800109863281,159900.0
2021-06-04,327.260009765625,327.260009765625,321.75,325.4200134277344,114700.0
2021-06-07,325.3500061035156,325.3500061035156,320.45001220703125,323.1499938964844,146100.0
2021-06-08,323.7799987792969,324.2300109863281,321.2200012207031,323.3999938964844,119400.0
2021-06-09,323.239990234375,324.3599853515625,320.6199951171875,321.7799987792969,105400.0
2021-06-10,321.0899963378906,325.3999938964844,319.6499938964844,324.44000244140625,106300.0
2021-06-11,325.0899963378906,328.6499938964844,325.0899963378906,328.3999938964844,79800.0
2021-06-14,328.54998779296875,330.5,325.8900146484375,328.0,144300.0
2021-06-15,328.6700134277344,332.3800048828125,326.989990234375,327.9800109863281,151800.0
2021-06-16,328.9800109863281,333.1400146484375,324.4599914550781,326.4700012207031,131800.0
2021-06-17,327.1199951171875,329.82000732421875,325.82000732421875,328.5799865722656,158100.0
2021-06-18,327.7200012207031,329.1700134277344,324.3399963378906,325.3399963378906,403900.0
2021-06-21,325.3299865722656,332.4700012207031,325.3299865722656,329.6700134277344,182200.0
2021-06-22,328.5199890136719,332.8299865722656,328.5199890136719,330.7900085449219,174100.0
2021-06-23,330.3699951171875,331.20001220703125,327.75,328.5199890136719,104000.0
2021-06-24,330.3399963378906,331.82000732421875,328.75,330.6300048828125,136900.0
2021-06-25,331.7699890136719,333.5400085449219,330.510009765625,332.0799865722656,326500.0
2021-06-28,335.4800109863281,338.2300109863281,332.1499938964844,337.0299987792969,206800.0
2021-06-29,331.6600036621094,339.7200012207031,326.2099914550781,336.1099853515625,246500.0
2021-06-30,335.9599914550781,341.0,334.3299865722656,335.6099853515625,267300.0
2021-07-01,335.2799987792969,339.80999755859375,335.2799987792969,335.8299865722656,218500.0
2021-07-02,336.6199951171875,339.57000732421875,336.1700134277344,338.4700012207031,112600.0
2021-07-06,339.989990234375,342.30999755859375,336.82000732421875,341.010009765625,163300.0
2021-07-07,342.739990234375,342.79998779296875,338.260009765625,339.5899963378906,150400.0
2021-07-08,337.55999755859375,343.4599914550781,336.2799987792969,340.8399963378906,146100.0
2021-07-09,342.54998779296875,344.25,340.739990234375,343.20001220703125,117300.0
2021-07-12,343.1300048828125,343.3699951171875,336.6400146484375,339.5400085449219,193900.0
2021-07-13,337.8699951171875,338.3999938964844,334.75,335.5,162600.0
2021-07-14,336.9100036621094,337.8999938964844,334.9100036621094,335.7099914550781,123500.0
2021-07-15,334.6499938964844,339.94000244140625,334.2900085449219,338.8399963378906,120600.0
2021-07-16,340.1000061035156,343.5,339.4599914550781,341.17999267578125,125300.0
2021-07-19,340.2300109863281,341.010009765625,332.6700134277344,337.17999267578125,184400.0
2021-07-20,337.1600036621094,344.1099853515625,337.1600036621094,339.92999267578125,254000.0
2021-07-21,340.1300048828125,342.3699951171875,339.55999755859375,340.489990234375,110100.0
2021-07-22,341.67999267578125,341.8699951171875,339.3399963378906,340.8299865722656,145100.0
2021-07-23,342.44000244140625,346.19000244140625,342.44000244140625,345.2300109863281,103700.0
2021-07-26,344.67999267578125,346.2300109863281,340.7099914550781,342.75,125000.0
2021-07-27,342.8800048828125,345.9100036621094,341.4200134277344,344.0899963378906,93100.0
2021-07-28,344.55999755859375,346.1099853515625,342.20001220703125,345.3500061035156,107000.0
2021-07-29,346.5899963378906,350.0,345.1600036621094,349.20001220703125,107200.0
2021-07-30,348.8299865722656,357.9200134277344,348.8299865722656,357.2799987792969,280400.0
2021-08-02,356.7200012207031,360.82000732421875,355.19000244140625,359.2200012207031,188500.0
2021-08-03,360.7699890136719,360.989990234375,353.07000732421875,357.9800109863281,146400.0
2021-08-04,356.44000244140625,361.9200134277344,355.79998779296875,358.7900085449219,113000.0
2021-08-05,359.1099853515625,362.489990234375,356.6499938964844,358.989990234375,153900.0
2021-08-06,358.82000732421875,362.8399963378906,356.4599914550781,362.19000244140625,123500.0
2021-08-09,363.32000732421875,364.6400146484375,361.44000244140625,362.6099853515625,129500.0
2021-08-10,364.17999267578125,365.0400085449219,359.5899963378906,362.0,122800.0
2021-08-11,362.4800109863281,364.9800109863281,362.0,364.3399963378906,162100.0
2021-08-12,363.94000244140625,365.1600036621094,361.239990234375,362.7799987792969,132800.0
2021-08-13,362.5199890136719,368.6099853515625,361.5400085449219,368.1199951171875,115800.0
2021-08-16,368.5899963378906,374.1099853515625,367.6000061035156,373.94000244140625,125800.0
2021-08-17,374.0799865722656,376.5799865722656,371.4200134277344,374.57000732421875,155600.0
2021-08-18,375.2300109863281,375.989990234375,360.8999938964844,361.1700134277344,205900.0
2021-08-19,358.7799987792969,366.5199890136719,358.7799987792969,365.1600036621094,141300.0
2021-08-20,364.5299987792969,369.6499938964844,364.5299987792969,368.9800109863281,90000.0
2021-08-23,370.05999755859375,372.2300109863281,366.45001220703125,366.6099853515625,157300.0
2021-08-24,366.5,370.1000061035156,365.4700012207031,367.6400146484375,113600.0
2021-08-25,375.0,376.29998779296875,370.1099853515625,376.0,195100.0
2021-08-26,375.54998779296875,375.7799987792969,373.1199951171875,374.010009765625,124200.0
2021-08-27,375.55999755859375,379.8299865722656,373.010009765625,376.5799865722656,148400.0
2021-08-30,375.5199890136719,382.4700012207031,375.32000732421875,380.0799865722656,109000.0
2021-08-31,380.07000732421875,383.2099914550781,378.54998779296875,380.2200012207031,277600.0
2021-09-01,380.4100036621094,388.8599853515625,377.3599853515625,385.8399963378906,162700.0
2021-09-02,387.1000061035156,389.8699951171875,383.7900085449219,386.9100036621094,175900.0
2021-09-03,384.8599853515625,388.79998779296875,384.8599853515625,385.9100036621094,95200.0
2021-09-07,385.7799987792969,386.20001220703125,380.55999755859375,382.4100036621094,109300.0
2021-09-08,383.2200012207031,390.9599914550781,382.4700012207031,384.8399963378906,211300.0
2021-09-09,384.94000244140625,386.2900085449219,383.1400146484375,383.57000732421875,99000.0
2021-09-10,386.04998779296875,387.3999938964844,382.2900085449219,384.010009765625,90700.0
2021-09-13,386.17999267578125,387.6499938964844,379.2099914550781,382.5799865722656,134400.0
2021-09-14,382.5799865722656,388.5799865722656,382.0799865722656,383.75,144600.0
2021-09-15,385.0,385.07000732421875,381.0,383.7699890136719,139100.0
2021-09-16,384.7099914550781,385.8800048828125,381.8500061035156,382.17999267578125,170900.0
2021-09-17,382.8599853515625,383.7900085449219,374.8699951171875,378.25,513800.0
2021-09-20,372.1400146484375,377.1300048828125,369.3800048828125,374.510009765625,150400.0
2021-09-21,375.05999755859375,377.0899963378906,370.2099914550781,371.1099853515625,131800.0
2021-09-22,371.7900085449219,375.7699890136719,367.1300048828125,374.42999267578125,122100.0
2021-09-23,377.0,377.1000061035156,372.9599914550781,373.5,140700.0
2021-09-24,373.5,375.9700012207031,371.4100036621094,372.7799987792969,271200.0
2021-09-27,370.2900085449219,373.3500061035156,368.2099914550781,369.1199951171875,296300.0
2021-09-28,381.5,387.1099853515625,376.010009765625,383.2900085449219,404800.0
2021-09-29,387.0400085449219,399.0,386.0,394.510009765625,276000.0
2021-09-30,398.7799987792969,400.55999755859375,394.7799987792969,394.7799987792969,216000.0
2021-10-01,397.5899963378906,397.5899963378906,388.6199951171875,394.1300048828125,199400.0
2021-10-04,393.44000244140625,398.6000061035156,389.0400085449219,396.6099853515625,222400.0
2021-10-05,400.0,404.6000061035156,395.4800109863281,396.739990234375,207400.0
2021-10-06,394.6300048828125,396.8399963378906,391.6199951171875,394.82000732421875,254800.0
2021-10-07,397.42999267578125,401.7300109863281,395.0799865722656,401.6600036621094,277700.0
2021-10-08,402.0,402.760009765625,396.7799987792969,401.1300048828125,186800.0
2021-10-11,399.1499938964844,409.7099914550781,399.1499938964844,405.1499938964844,131200.0
2021-10-12,405.989990234375,413.7799987792969,404.2099914550781,410.8599853515625,221400.0
2021-10-13,413.82000732421875,415.75,407.9100036621094,409.7300109863281,135900.0
2021-10-14,411.05999755859375,416.57000732421875,411.05999755859375,414.6600036621094,145300.0
2021-10-15,415.0799865722656,418.6099853515625,414.1499938964844,414.8900146484375,158100.0
2021-10-18,414.8800048828125,417.0199890136719,412.5299987792969,415.79998779296875,165900.0
2021-10-19,415.75,422.5400085449219,415.75,422.3500061035156,133600.0
2021-10-20,422.8800048828125,424.7900085449219,416.260009765625,421.32000732421875,150000.0
2021-10-21,422.6600036621094,430.2300109863281,421.1000061035156,426.989990234375,200600.0
2021-10-22,427.0,430.9700012207031,424.3800048828125,430.9700012207031,190000.0
2021-10-25,431.17999267578125,438.0,427.79998779296875,432.7699890136719,169700.0
2021-10-26,435.0,440.5299987792969,432.8999938964844,435.3599853515625,254800.0
2021-10-27,434.4700012207031,438.75,431.6300048828125,431.8599853515625,198600.0
2021-10-28,433.4800109863281,439.0199890136719,433.1499938964844,438.7900085449219,155300.0
2021-10-29,438.8599853515625,445.0,435.8599853515625,443.8900146484375,301200.0
2021-11-01,442.9100036621094,444.489990234375,428.3399963378906,434.82000732421875,185100.0
2021-11-02,435.5799865722656,441.3900146484375,434.1099853515625,435.9800109863281,249900.0
2021-11-03,436.55999755859375,441.7300109863281,432.70001220703125,440.2300109863281,248700.0
2021-11-04,440.0,444.7699890136719,438.1700134277344,443.54998779296875,204900.0
2021-11-05,445.1000061035156,448.4200134277344,444.1499938964844,446.8999938964844,197000.0
2021-11-08,448.1000061035156,449.3900146484375,438.92999267578125,447.9700012207031,238200.0
2021-11-09,448.82000732421875,449.5400085449219,443.17999267578125,445.7799987792969,201400.0
2021-11-10,445.54998779296875,452.95001220703125,444.2900085449219,448.5799865722656,226800.0
2021-11-11,448.5799865722656,458.0799865722656,448.4599914550781,456.79998779296875,237000.0
2021-11-12,456.0299987792969,459.32000732421875,453.6000061035156,456.6700134277344,123000.0
2021-11-15,457.1600036621094,463.6199951171875,453.4599914550781,462.9700012207031,189200.0
2021-11-16,462.510009765625,464.5400085449219,459.67999267578125,460.8999938964844,171000.0
2021-11-17,460.3800048828125,462.54998779296875,455.2900085449219,461.17999267578125,167100.0
2021-11-18,463.489990234375,467.29998779296875,461.0400085449219,461.6600036621094,137300.0
2021-11-19,461.8599853515625,463.9599914550781,457.3399963378906,461.20001220703125,196800.0
2021-11-22,459.1499938964844,463.8399963378906,454.9599914550781,455.7799987792969,178500.0
2021-11-23,456.54998779296875,465.239990234375,452.67999267578125,465.010009765625,214600.0
2021-11-24,461.6300048828125,470.3699951171875,460.7799987792969,469.07000732421875,137000.0
2021-11-26,464.6499938964844,468.7699890136719,456.0,458.489990234375,119900.0
2021-11-29,461.2799987792969,471.7200012207031,461.260009765625,469.42999267578125,157600.0
2021-11-30,467.9599914550781,473.6000061035156,463.92999267578125,468.57000732421875,497900.0
2021-12-01,474.5199890136719,475.0,462.1700134277344,462.82000732421875,256200.0
2021-12-02,464.8999938964844,471.2200012207031,462.5299987792969,470.44000244140625,235400.0
2021-12-03,474.1700134277344,474.5899963378906,457.6400146484375,466.3800048828125,211500.0
2021-12-06,469.1199951171875,469.1199951171875,452.29998779296875,459.7699890136719,420600.0
2021-12-07,465.05999755859375,472.3699951171875,463.0299987792969,466.8299865722656,248700.0
2021-12-08,467.2200012207031,474.9700012207031,464.1700134277344,474.4800109863281,285600.0
2021-12-09,473.5,476.05999755859375,461.5299987792969,462.6700134277344,219400.0
2021-12-10,465.4599914550781,466.8800048828125,459.2099914550781,466.07000732421875,231600.0
2021-12-13,467.75,469.04998779296875,462.1199951171875,466.5400085449219,233000.0
2021-12-14,465.5199890136719,467.55999755859375,457.75,461.8900146484375,231300.0
2021-12-15,463.4100036621094,470.0899963378906,461.29998779296875,469.3399963378906,235500.0
2021-12-16,468.6199951171875,474.989990234375,468.6199951171875,471.3999938964844,271600.0
2021-12-17,470.1199951171875,476.7699890136719,465.54998779296875,473.1199951171875,6373100.0
2021-12-20,471.3399963378906,476.2900085449219,461.54998779296875,470.9700012207031,620900.0
2021-12-21,464.05999755859375,474.9200134277344,450.0299987792969,474.8299865722656,572500.0
2021-12-22,474.79998779296875,478.8900146484375,456.3900146484375,477.42999267578125,339600.0
2021-12-23,477.42999267578125,485.4800109863281,477.42999267578125,479.510009765625,215600.0
2021-12-27,484.5299987792969,488.4100036621094,482.25,485.6199951171875,187700.0
2021-12-28,486.4599914550781,490.80999755859375,485.2900085449219,487.7300109863281,197600.0
2021-12-29,488.989990234375,495.3999938964844,488.3900146484375,488.8500061035156,163900.0
2021-12-30,491.2699890136719,492.25,484.4700012207031,484.739990234375,227200.0
2021-12-31,484.739990234375,488.9700012207031,483.510009765625,486.010009765625,156600.0
2022-01-03,483.8699951171875,486.489990234375,470.5199890136719,476.0199890136719,290700.0
2022-01-04,478.6300048828125,479.3500061035156,470.4200134277344,472.4599914550781,363900.0
2022-01-05,472.739990234375,473.9200134277344,450.4100036621094,451.2900085449219,373900.0
2022-01-06,450.0,452.1000061035156,443.6400146484375,449.42999267578125,387600.0
2022-01-07,449.20001220703125,450.0,441.6000061035156,441.8699951171875,263600.0
2022-01-10,437.1199951171875,443.57000732421875,431.6099853515625,442.9100036621094,369300.0
2022-01-11,442.3800048828125,447.57000732421875,440.2200012207031,444.510009765625,370800.0
2022-01-12,446.0,452.5799865722656,444.94000244140625,447.7699890136719,210500.0
2022-01-13,448.19000244140625,450.04998779296875,433.30999755859375,434.0899963378906,211500.0
2022-01-14,432.70001220703125,432.70001220703125,419.6000061035156,427.1099853515625,280100.0
2022-01-18,423.1199951171875,431.80999755859375,421.510009765625,428.7099914550781,334700.0
2022-01-19,431.2799987792969,438.3999938964844,429.1600036621094,429.5,278500.0
2022-01-20,435.30999755859375,440.239990234375,424.5899963378906,425.6000061035156,292300.0
2022-01-21,425.6000061035156,428.1099853515625,418.92999267578125,420.1199951171875,207900.0
2022-01-24,415.9100036621094,421.0400085449219,405.1400146484375,420.9800109863281,309000.0
2022-01-25,416.6499938964844,420.42999267578125,412.010009765625,414.489990234375,304500.0
2022-01-26,418.0899963378906,419.7300109863281,404.9599914550781,406.8599853515625,229200.0
2022-01-27,409.3699951171875,417.5400085449219,404.05999755859375,406.8399963378906,264100.0
2022-01-28,406.1499938964844,412.29998779296875,395.29998779296875,412.1600036621094,253000.0
2022-01-31,413.0299987792969,422.010009765625,409.6400146484375,421.8900146484375,277900.0
2022-02-01,422.0199890136719,423.2799987792969,415.67999267578125,421.3299865722656,255700.0
2022-02-02,422.0199890136719,429.82000732421875,420.0,428.70001220703125,200100.0
2022-02-03,424.510009765625,425.30999755859375,419.04998779296875,419.20001220703125,141800.0
2022-02-04,417.1700134277344,423.9200134277344,414.79998779296875,420.2799987792969,150700.0
2022-02-07,419.6400146484375,419.6400146484375,415.4100036621094,417.5199890136719,144600.0
2022-02-08,415.19000244140625,420.30999755859375,408.8500061035156,419.4599914550781,286200.0
2022-02-09,425.0799865722656,428.1000061035156,416.5899963378906,417.5899963378906,216900.0
2022-02-10,411.1600036621094,418.3599853515625,406.67999267578125,408.1600036621094,312900.0
2022-02-11,407.8800048828125,411.44000244140625,403.7699890136719,407.05999755859375,329000.0
2022-02-14,407.19000244140625,407.19000244140625,394.510009765625,400.0299987792969,301300.0
2022-02-15,404.6400146484375,408.7900085449219,402.9599914550781,408.0,222600.0
2022-02-16,406.8999938964844,414.1000061035156,405.6600036621094,412.32000732421875,238700.0
2022-02-17,410.3599853515625,410.3599853515625,403.3500061035156,405.67999267578125,211100.0
2022-02-18,406.7699890136719,407.1199951171875,400.17999267578125,403.010009765625,213000.0
2022-02-22,401.7900085449219,406.0,398.3900146484375,404.1499938964844,235800.0
2022-02-23,406.0,408.69000244140625,393.239990234375,394.0,233100.0
2022-02-24,386.0,392.8500061035156,381.7900085449219,392.82000732421875,599900.0
2022-02-25,394.0400085449219,407.8999938964844,390.80999755859375,406.7300109863281,318600.0
2022-02-28,400.6400146484375,407.0,399.8399963378906,406.0899963378906,313000.0
2022-03-01,406.07000732421875,415.239990234375,401.4800109863281,411.8599853515625,355800.0
2022-03-02,416.57000732421875,421.7200012207031,413.04998779296875,418.0,284900.0
2022-03-03,420.6000061035156,422.6499938964844,411.0799865722656,411.6499938964844,299000.0
2022-03-04,409.989990234375,416.2300109863281,406.5400085449219,413.04998779296875,477700.0
2022-03-07,415.79998779296875,420.489990234375,411.57000732421875,412.8399963378906,450300.0
2022-03-08,412.7200012207031,416.19000244140625,403.1000061035156,407.1700134277344,280400.0
2022-03-09,412.8800048828125,417.739990234375,407.55999755859375,414.9599914550781,263100.0
2022-03-10,412.1099853515625,414.8399963378906,402.9200134277344,407.0,231800.0
2022-03-11,408.9200134277344,411.7300109863281,406.29998779296875,407.7900085449219,204300.0
2022-03-14,412.6499938964844,414.1600036621094,405.1000061035156,408.2699890136719,193000.0
2022-03-15,411.54998779296875,418.29998779296875,408.57000732421875,416.4200134277344,241700.0
2022-03-16,419.9100036621094,424.3399963378906,410.57000732421875,419.25,315900.0
2022-03-17,419.82000732421875,427.5899963378906,417.8599853515625,427.1400146484375,231000.0
2022-03-18,428.1099853515625,439.9800109863281,428.0400085449219,439.1499938964844,440900.0
2022-03-21,439.7200012207031,442.8999938964844,431.3999938964844,437.5199890136719,292300.0
2022-03-22,436.510009765625,439.07000732421875,433.9100036621094,435.80999755859375,336300.0
2022-03-23,436.5199890136719,436.5199890136719,425.5,426.8900146484375,446400.0
2022-03-24,432.2300109863281,439.5,417.1600036621094,419.3900146484375,531200.0
2022-03-25,420.7699890136719,421.0,410.67999267578125,414.17999267578125,403100.0
2022-03-28,414.9700012207031,432.1700134277344,414.44000244140625,431.3399963378906,411200.0
2022-03-29,434.30999755859375,445.75,434.29998779296875,437.3500061035156,353400.0
2022-03-30,435.239990234375,444.0,433.55999755859375,439.8999938964844,275200.0
2022-03-31,441.6600036621094,443.8800048828125,433.29998779296875,434.1499938964844,292800.0
2022-04-01,435.3699951171875,435.3699951171875,424.6300048828125,429.1199951171875,366400.0
2022-04-04,429.1099853515625,435.5799865722656,429.1099853515625,433.1700134277344,382600.0
2022-04-05,430.8399963378906,442.30999755859375,425.5899963378906,440.7900085449219,418400.0
2022-04-06,440.0,448.5899963378906,439.7699890136719,442.6300048828125,327500.0
2022-04-07,441.5400085449219,447.25,440.4200134277344,444.57000732421875,343500.0
2022-04-08,444.55999755859375,445.79998779296875,437.6700134277344,441.82000732421875,384100.0
2022-04-11,439.19000244140625,441.3299865722656,430.3399963378906,432.1400146484375,160900.0
2022-04-12,432.4200134277344,438.4800109863281,424.2300109863281,425.6000061035156,256700.0
2022-04-13,425.3800048828125,428.5199890136719,420.0,427.3699951171875,225700.0
2022-04-14,425.80999755859375,430.1700134277344,420.0199890136719,420.57000732421875,183300.0
2022-04-18,420.19000244140625,424.9200134277344,419.7799987792969,422.2300109863281,265800.0
2022-04-19,422.1499938964844,434.55999755859375,422.1499938964844,434.489990234375,245600.0
2022-04-20,436.95001220703125,444.5199890136719,435.8699951171875,443.3999938964844,311600.0
2022-04-21,444.54998779296875,445.760009765625,436.9800109863281,438.4100036621094,254700.0
2022-04-22,437.7099914550781,439.07000732421875,427.05999755859375,427.2300109863281,303100.0
2022-04-25,425.489990234375,429.260009765625,417.29998779296875,429.0400085449219,247900.0
2022-04-26,427.4200134277344,430.05999755859375,416.4100036621094,416.8699951171875,253500.0
2022-04-27,418.0199890136719,426.5400085449219,416.3599853515625,416.5199890136719,232000.0
2022-04-28,419.5899963378906,422.6099853515625,412.9800109863281,419.3699951171875,226600.0
2022-04-29,416.239990234375,417.2699890136719,402.8399963378906,403.489990234375,270900.0
2022-05-02,404.3699951171875,404.6000061035156,387.4800109863281,394.80999755859375,331600.0
2022-05-03,396.9100036621094,401.2099914550781,394.4700012207031,399.2099914550781,274600.0
2022-05-04,399.45001220703125,401.6000061035156,384.79998779296875,399.3500061035156,296300.0
2022-05-05,398.239990234375,400.4800109863281,379.3900146484375,382.6499938964844,267500.0
2022-05-06,379.55999755859375,379.82000732421875,373.8999938964844,378.1700134277344,179700.0
2022-05-09,374.07000732421875,374.9100036621094,362.9200134277344,363.8399963378906,266700.0
2022-05-10,368.8599853515625,371.0899963378906,361.2699890136719,367.1199951171875,273300.0
2022-05-11,365.2200012207031,374.1499938964844,365.20001220703125,365.7900085449219,258100.0
2022-05-12,364.3999938964844,369.57000732421875,360.3699951171875,366.4200134277344,246500.0
2022-05-13,369.7099914550781,377.0400085449219,369.6600036621094,371.80999755859375,260400.0
2022-05-16,370.8800048828125,373.1700134277344,364.19000244140625,372.45001220703125,360200.0
2022-05-17,376.260009765625,377.17999267578125,371.3299865722656,374.1600036621094,208200.0
2022-05-18,370.4100036621094,370.4100036621094,354.7799987792969,356.1000061035156,196800.0
2022-05-19,353.3999938964844,362.70001220703125,353.3999938964844,360.4200134277344,368400.0
2022-05-20,363.1000061035156,365.32000732421875,357.489990234375,364.57000732421875,647400.0
2022-05-23,367.05999755859375,373.739990234375,363.1400146484375,372.2300109863281,276900.0
2022-05-24,369.510009765625,372.4599914550781,364.29998779296875,370.79998779296875,190700.0
2022-05-25,368.44000244140625,373.95001220703125,368.010009765625,370.6400146484375,208700.0
2022-05-26,373.8500061035156,379.82000732421875,373.2200012207031,378.8500061035156,155900.0
2022-05-27,380.54998779296875,388.010009765625,380.54998779296875,388.010009765625,211500.0
2022-05-31,388.0,388.0,380.70001220703125,381.7799987792969,464300.0
2022-06-01,370.95001220703125,384.92999267578125,370.95001220703125,374.5899963378906,278700.0
2022-06-02,374.260009765625,385.260009765625,374.260009765625,384.510009765625,179900.0
2022-06-03,379.510009765625,382.1300048828125,376.8999938964844,379.32000732421875,187900.0
2022-06-06,382.5199890136719,383.6700134277344,377.30999755859375,377.82000732421875,131900.0
2022-06-07,375.1700134277344,382.8500061035156,375.05999755859375,381.5899963378906,150900.0
2022-06-08,378.9800109863281,381.3399963378906,374.6700134277344,376.4599914550781,153900.0
2022-06-09,375.8599853515625,379.3399963378906,369.07000732421875,369.6000061035156,228900.0
2022-06-10,366.9800109863281,366.9800109863281,361.7900085449219,362.94000244140625,200300.0
2022-06-13,354.3399963378906,357.8699951171875,351.1199951171875,352.760009765625,274200.0
2022-06-14,353.04998779296875,353.6099853515625,349.0400085449219,350.7200012207031,278200.0
2022-06-15,353.8900146484375,360.9599914550781,350.2200012207031,355.8699951171875,229600.0
2022-06-16,348.2900085449219,352.7099914550781,346.30999755859375,348.7099914550781,407100.0
2022-06-17,348.5,353.9100036621094,345.9200134277344,349.3299865722656,488000.0
2022-06-21,352.8399963378906,359.55999755859375,352.8399963378906,358.7699890136719,343500.0
2022-06-22,356.7699890136719,363.7799987792969,353.1199951171875,359.94000244140625,414100.0
2022-06-23,365.5799865722656,390.4800109863281,360.05999755859375,388.760009765625,555900.0
2022-06-24,390.6199951171875,393.04998779296875,381.1499938964844,392.5199890136719,581600.0
2022-06-27,392.3500061035156,394.0299987792969,387.57000732421875,391.1499938964844,335000.0
2022-06-28,391.1499938964844,393.3699951171875,375.2300109863281,376.0,396400.0
2022-06-29,376.3800048828125,383.7900085449219,371.5899963378906,383.1000061035156,316000.0
2022-06-30,381.0899963378906,385.7200012207031,378.5899963378906,384.57000732421875,295900.0
2022-07-01,384.5400085449219,394.9100036621094,383.3699951171875,394.20001220703125,312800.0
2022-07-05,391.5,396.30999755859375,385.1700134277344,395.80999755859375,314600.0
2022-07-06,396.3900146484375,403.6300048828125,395.25,401.8500061035156,273000.0
2022-07-07,400.5799865722656,404.8500061035156,398.5400085449219,401.8500061035156,229200.0
2022-07-08,399.3399963378906,404.4700012207031,397.5799865722656,401.6300048828125,176600.0
2022-07-11,400.0,405.8699951171875,400.0,403.8900146484375,198800.0
2022-07-12,403.6000061035156,407.989990234375,391.1499938964844,393.29998779296875,191000.0
2022-07-13,387.8500061035156,399.17999267578125,386.8800048828125,392.8699951171875,184700.0
2022-07-14,388.2699890136719,397.19000244140625,385.79998779296875,396.4599914550781,184400.0
2022-07-15,401.3399963378906,404.1000061035156,397.5400085449219,399.9800109863281,172600.0
2022-07-18,400.3599853515625,400.6199951171875,389.19000244140625,390.8500061035156,243400.0
2022-07-19,393.82000732421875,399.95001220703125,393.82000732421875,399.6700134277344,155200.0
2022-07-20,400.0,403.7200012207031,397.07000732421875,401.0400085449219,146700.0
2022-07-21,400.3999938964844,411.510009765625,400.3999938964844,411.04998779296875,229900.0
2022-07-22,413.3699951171875,413.3699951171875,404.67999267578125,408.0299987792969,206400.0
2022-07-25,407.7699890136719,410.3999938964844,402.94000244140625,406.2300109863281,151400.0
2022-07-26,406.9200134277344,407.2900085449219,403.239990234375,405.239990234375,141500.0
2022-07-27,405.5799865722656,411.0,404.67999267578125,408.80999755859375,215200.0
2022-07-28,410.0199890136719,422.9200134277344,408.760009765625,421.1499938964844,181400.0
2022-07-29,419.55999755859375,430.7699890136719,418.57000732421875,429.67999267578125,229100.0
2022-08-01,424.9200134277344,428.82000732421875,421.5,422.79998779296875,185300.0
2022-08-02,421.6400146484375,426.19000244140625,416.739990234375,420.9200134277344,181900.0
2022-08-03,422.760009765625,424.57000732421875,418.7300109863281,422.4700012207031,290300.0
2022-08-04,421.2099914550781,425.8800048828125,420.2099914550781,424.7799987792969,198800.0
2022-08-05,421.1199951171875,425.20001220703125,417.54998779296875,423.30999755859375,140700.0
2022-08-08,425.9100036621094,428.9700012207031,423.1499938964844,423.54998779296875,168200.0
2022-08-09,423.0199890136719,426.760009765625,421.0199890136719,423.75,159500.0
2022-08-10,430.95001220703125,434.9700012207031,428.260009765625,434.8999938964844,190000.0
2022-08-11,435.0,437.8699951171875,431.3999938964844,433.1499938964844,128200.0
2022-08-12,434.6600036621094,441.25,431.5400085449219,441.07000732421875,124200.0
2022-08-15,440.4700012207031,447.510009765625,438.9200134277344,446.5899963378906,141300.0
2022-08-16,445.55999755859375,450.0,443.8299865722656,447.69000244140625,153000.0
2022-08-17,446.6700134277344,454.57000732421875,446.5199890136719,452.8500061035156,165700.0
2022-08-18,454.3999938964844,456.1199951171875,450.5199890136719,454.2300109863281,139400.0
2022-08-19,452.6600036621094,452.95001220703125,445.4800109863281,446.3699951171875,684600.0
2022-08-22,441.989990234375,446.760009765625,441.3999938964844,443.7099914550781,202300.0
2022-08-23,440.30999755859375,442.9100036621094,437.5899963378906,439.0,120600.0
2022-08-24,439.9800109863281,445.5400085449219,439.9800109863281,441.92999267578125,155400.0
2022-08-25,446.989990234375,452.6400146484375,443.8999938964844,452.3800048828125,131300.0
2022-08-26,456.69000244140625,456.989990234375,445.1000061035156,445.1199951171875,213800.0
2022-08-29,442.6099853515625,445.6000061035156,437.1000061035156,441.3500061035156,193800.0
2022-08-30,440.3800048828125,441.510009765625,434.32000732421875,437.6300048828125,147800.0
2022-08-31,441.2699890136719,442.010009765625,433.17999267578125,433.3399963378906,275100.0
2022-09-01,431.8800048828125,440.3999938964844,431.5299987792969,440.05999755859375,164000.0
2022-09-02,443.0799865722656,443.0799865722656,428.0,430.44000244140625,130800.0
2022-09-06,432.70001220703125,439.1000061035156,428.20001220703125,436.3900146484375,195500.0
2022-09-07,437.8900146484375,445.1300048828125,436.4700012207031,444.7699890136719,161700.0
2022-09-08,443.510009765625,449.20001220703125,440.8500061035156,448.8399963378906,137200.0
2022-09-09,450.0,454.82000732421875,449.55999755859375,453.3800048828125,192100.0
2022-09-12,455.0,458.3500061035156,452.6499938964844,457.0799865722656,241600.0
2022-09-13,449.5799865722656,453.67999267578125,446.2099914550781,446.8699951171875,262700.0
2022-09-14,446.54998779296875,453.70001220703125,445.3800048828125,448.8599853515625,317600.0
2022-09-15,451.6600036621094,451.6600036621094,443.8599853515625,446.6700134277344,293200.0
2022-09-16,443.1099853515625,447.0199890136719,438.44000244140625,446.0199890136719,444000.0
2022-09-19,442.6600036621094,446.6700134277344,439.8999938964844,446.4599914550781,261100.0
2022-09-20,443.510009765625,445.3699951171875,437.6600036621094,441.6400146484375,229300.0
2022-09-21,442.7900085449219,446.7900085449219,430.2200012207031,430.45001220703125,334900.0
2022-09-22,413.010009765625,417.7200012207031,386.80999755859375,394.75,1215600.0
2022-09-23,393.3800048828125,398.760009765625,385.3900146484375,392.6700134277344,463800.0
2022-09-26,391.94000244140625,394.8999938964844,385.20001220703125,388.4200134277344,403100.0
2022-09-27,392.010009765625,396.42999267578125,386.1400146484375,391.1300048828125,266400.0
2022-09-28,393.3900146484375,398.4700012207031,390.2200012207031,393.05999755859375,311100.0
2022-09-29,391.1600036621094,398.2699890136719,385.0799865722656,396.8599853515625,339700.0
2022-09-30,399.9200134277344,406.6099853515625,396.8800048828125,400.1099853515625,300700.0
2022-10-03,401.2099914550781,411.5799865722656,401.2099914550781,408.1199951171875,283700.0
2022-10-04,412.7099914550781,422.67999267578125,412.5,422.30999755859375,263600.0
2022-10-05,419.1199951171875,427.7900085449219,418.55999755859375,423.79998779296875,262500.0
2022-10-06,423.6099853515625,426.5899963378906,417.8900146484375,419.25,242400.0
2022-10-07,413.57000732421875,414.8900146484375,409.6400146484375,413.69000244140625,277700.0
2022-10-10,416.70001220703125,416.70001220703125,405.5899963378906,412.7799987792969,244400.0
2022-10-11,411.6300048828125,417.6600036621094,408.82000732421875,414.7099914550781,268300.0
2022-10-12,415.0400085449219,415.0400085449219,401.4599914550781,401.6600036621094,372800.0
2022-10-13,394.6499938964844,410.739990234375,389.6499938964844,409.05999755859375,297400.0
2022-10-14,412.6000061035156,412.9200134277344,393.8399963378906,394.5799865722656,276900.0
2022-10-17,401.0899963378906,408.6400146484375,400.5400085449219,407.0,185500.0
2022-10-18,415.29998779296875,417.1400146484375,405.7099914550781,409.2900085449219,226000.0
2022-10-19,406.44000244140625,409.4800109863281,402.45001220703125,406.1000061035156,169600.0
2022-10-20,406.67999267578125,406.7799987792969,398.739990234375,399.5299987792969,174300.0
2022-10-21,400.1000061035156,407.5,396.1099853515625,407.0899963378906,163000.0
2022-10-24,410.3399963378906,413.260009765625,403.989990234375,410.1700134277344,184100.0
2022-10-25,410.760009765625,419.44000244140625,410.010009765625,419.260009765625,357500.0
2022-10-26,419.9700012207031,423.6099853515625,415.8599853515625,417.6499938964844,216500.0
2022-10-27,419.67999267578125,426.1600036621094,418.8399963378906,423.42999267578125,191400.0
2022-10-28,422.8800048828125,431.3699951171875,419.7799987792969,430.3999938964844,215300.0
2022-10-31,428.70001220703125,429.010009765625,421.6499938964844,425.489990234375,306000.0
2022-11-01,427.94000244140625,430.1499938964844,420.94000244140625,426.25,263600.0
2022-11-02,424.4700012207031,429.70001220703125,414.3399963378906,415.260009765625,232800.0
2022-11-03,411.8800048828125,421.6600036621094,410.07000732421875,412.5199890136719,236000.0
2022-11-04,416.07000732421875,416.739990234375,403.2200012207031,408.45001220703125,244300.0
2022-11-07,409.760009765625,415.75,407.8500061035156,414.2099914550781,132300.0
2022-11-08,414.2900085449219,426.3599853515625,413.989990234375,422.760009765625,200300.0
2022-11-09,421.05999755859375,425.4800109863281,416.92999267578125,418.17999267578125,158600.0
2022-11-10,431.9700012207031,436.8800048828125,421.6700134277344,436.2799987792969,254100.0
2022-11-11,436.82000732421875,437.17999267578125,419.9100036621094,421.239990234375,325300.0
2022-11-14,421.9100036621094,429.7799987792969,420.69000244140625,424.5899963378906,264000.0
2022-11-15,430.0,435.489990234375,425.7300109863281,432.9200134277344,222100.0
2022-11-16,432.19000244140625,444.44000244140625,431.760009765625,441.4800109863281,223900.0
2022-11-17,438.1700134277344,438.989990234375,431.4800109863281,436.70001220703125,168200.0
2022-11-18,442.1400146484375,443.2200012207031,432.8999938964844,437.7699890136719,170700.0
2022-11-21,435.80999755859375,449.07000732421875,434.3299865722656,446.6099853515625,220100.0
2022-11-22,446.8800048828125,453.5799865722656,445.3399963378906,451.8599853515625,196400.0
2022-11-23,451.6499938964844,456.3500061035156,449.44000244140625,453.739990234375,169200.0
2022-11-25,452.4700012207031,455.67999267578125,452.4700012207031,455.5799865722656,75200.0
2022-11-28,453.17999267578125,457.17999267578125,450.3900146484375,452.3500061035156,185500.0
2022-11-29,450.92999267578125,455.7699890136719,445.8999938964844,449.1199951171875,287900.0
2022-11-30,449.8299865722656,461.2900085449219,445.010009765625,461.2900085449219,629200.0
2022-12-01,463.6700134277344,473.8599853515625,463.0400085449219,472.1600036621094,246800.0
2022-12-02,467.3800048828125,474.1300048828125,465.0199890136719,471.1499938964844,182000.0
2022-12-05,467.5299987792969,467.5299987792969,458.04998779296875,459.0899963378906,219400.0
2022-12-06,459.79998779296875,460.8900146484375,451.25,454.1499938964844,243500.0
2022-12-07,455.25,457.45001220703125,449.4200134277344,450.2900085449219,230900.0
2022-12-08,450.4100036621094,454.69000244140625,448.3699951171875,451.29998779296875,214700.0
2022-12-09,450.0799865722656,453.010009765625,446.9800109863281,449.739990234375,163900.0
2022-12-12,449.8900146484375,456.1099853515625,447.2900085449219,449.8900146484375,211600.0
2022-12-13,460.80999755859375,462.3500061035156,449.8800048828125,456.9599914550781,237600.0
2022-12-14,457.54998779296875,462.19000244140625,446.67999267578125,449.29998779296875,243200.0
2022-12-15,444.8800048828125,444.8800048828125,430.2799987792969,431.05999755859375,403900.0
2022-12-16,427.6099853515625,433.1300048828125,425.6300048828125,428.3800048828125,518800.0
2022-12-19,426.2699890136719,430.8500061035156,417.30999755859375,419.8999938964844,438700.0
2022-12-20,418.0,420.0199890136719,396.489990234375,397.2799987792969,659900.0
2022-12-21,400.0199890136719,406.6099853515625,393.0,404.5,327500.0
2022-12-22,401.8999938964844,401.8999938964844,390.3699951171875,398.5,236000.0
2022-12-23,397.4599914550781,399.0400085449219,393.6499938964844,398.0400085449219,161700.0
2022-12-27,397.4700012207031,397.760009765625,392.8299865722656,395.54998779296875,180600.0
2022-12-28,396.54998779296875,399.1099853515625,392.6300048828125,394.5199890136719,166600.0
2022-12-29,397.3900146484375,406.6700134277344,395.0899963378906,406.5,213600.0
2022-12-30,403.3299865722656,403.5899963378906,398.1199951171875,401.2099914550781,163500.0
2023-01-03,402.32000732421875,407.1000061035156,400.760009765625,405.9599914550781,249900.0
2023-01-04,409.5400085449219,412.8500061035156,403.95001220703125,407.7900085449219,334700.0
2023-01-05,404.6300048828125,404.6300048828125,393.2900085449219,393.54998779296875,304800.0
2023-01-06,397.29998779296875,404.5899963378906,393.5299987792969,404.4599914550781,221000.0
2023-01-09,407.4200134277344,412.8699951171875,402.82000732421875,404.6199951171875,174700.0
2023-01-10,403.239990234375,409.6099853515625,400.25,409.2799987792969,206400.0
2023-01-11,409.3299865722656,414.3299865722656,407.4599914550781,412.82000732421875,185900.0
2023-01-12,417.5400085449219,417.5400085449219,408.45001220703125,413.8800048828125,274600.0
2023-01-13,410.6300048828125,421.8900146484375,410.6300048828125,421.3599853515625,226400.0
2023-01-17,422.510009765625,431.260009765625,420.4100036621094,428.70001220703125,359300.0
2023-01-18,429.5199890136719,437.19000244140625,429.2200012207031,429.4200134277344,407400.0
2023-01-19,426.45001220703125,427.3299865722656,420.19000244140625,421.45001220703125,192900.0
2023-01-20,421.55999755859375,426.82000732421875,416.9700012207031,423.760009765625,198200.0
2023-01-23,424.5299987792969,428.79998779296875,422.9200134277344,424.1700134277344,113800.0
2023-01-24,423.1499938964844,423.2799987792969,417.8699951171875,419.6400146484375,160000.0
2023-01-25,415.6300048828125,417.1600036621094,410.0400085449219,413.8399963378906,206600.0
2023-01-26,416.2699890136719,420.7900085449219,414.5,420.489990234375,180600.0
2023-01-27,418.17999267578125,427.3699951171875,418.17999267578125,425.44000244140625,169200.0
2023-01-30,423.3800048828125,426.3900146484375,419.8800048828125,420.6199951171875,152000.0
2023-01-31,422.3500061035156,430.260009765625,416.0899963378906,422.94000244140625,330200.0
2023-02-01,420.3399963378906,430.42999267578125,417.9100036621094,426.54998779296875,283500.0
2023-02-02,427.7799987792969,436.5400085449219,427.7799987792969,433.29998779296875,174100.0
2023-02-03,426.29998779296875,432.32000732421875,422.2699890136719,427.55999755859375,213900.0
2023-02-06,423.75,431.32000732421875,422.3800048828125,426.8800048828125,142300.0
2023-02-07,423.95001220703125,436.6499938964844,423.95001220703125,434.0199890136719,174400.0
2023-02-08,432.2300109863281,433.8699951171875,430.5299987792969,431.7900085449219,146900.0
2023-02-09,434.04998779296875,436.3699951171875,427.07000732421875,427.260009765625,109000.0
2023-02-10,424.70001220703125,428.5299987792969,422.94000244140625,428.30999755859375,150300.0
2023-02-13,429.1600036621094,436.1000061035156,429.1600036621094,434.4200134277344,194400.0
2023-02-14,432.25,437.2699890136719,429.45001220703125,429.82000732421875,132700.0
2023-02-15,427.95001220703125,437.239990234375,427.1199951171875,435.2699890136719,146700.0
2023-02-16,428.19000244140625,435.0,427.1300048828125,427.1700134277344,120800.0
2023-02-17,425.739990234375,431.9100036621094,425.6099853515625,431.2300109863281,184700.0
2023-02-21,427.2300109863281,427.2300109863281,420.5799865722656,421.9100036621094,172700.0
2023-02-22,422.989990234375,426.5299987792969,419.9700012207031,422.3599853515625,178200.0
2023-02-23,424.75,427.2900085449219,421.19000244140625,426.4800109863281,102400.0
2023-02-24,422.510009765625,422.54998779296875,417.70001220703125,421.3900146484375,116700.0
2023-02-27,424.6000061035156,425.19000244140625,417.7099914550781,419.9200134277344,129400.0
2023-02-28,419.4200134277344,421.1499938964844,414.5199890136719,414.54998779296875,210600.0
2023-03-01,411.8399963378906,414.44000244140625,408.9800109863281,412.7699890136719,251800.0
2023-03-02,409.8399963378906,416.07000732421875,409.8399963378906,414.6400146484375,127300.0
2023-03-03,416.5299987792969,421.5299987792969,415.95001220703125,421.20001220703125,152000.0
2023-03-06,421.3599853515625,425.4800109863281,416.9200134277344,418.32000732421875,227700.0
2023-03-07,419.2099914550781,419.2099914550781,408.8800048828125,409.6499938964844,183700.0
2023-03-08,408.7300109863281,411.4599914550781,406.489990234375,408.0400085449219,131400.0
2023-03-09,409.05999755859375,411.510009765625,404.239990234375,406.0299987792969,256000.0
2023-03-10,405.2200012207031,405.2200012207031,393.6700134277344,395.6300048828125,286000.0
2023-03-13,393.19000244140625,404.17999267578125,392.2099914550781,397.4700012207031,223900.0
2023-03-14,404.32000732421875,411.45001220703125,404.29998779296875,409.54998779296875,321200.0
2023-03-15,402.8299865722656,407.3500061035156,399.05999755859375,404.69000244140625,351800.0
2023-03-16,403.6499938964844,414.05999755859375,401.17999267578125,405.20001220703125,495600.0
2023-03-17,404.92999267578125,411.5400085449219,402.75,405.80999755859375,524800.0
2023-03-20,407.4100036621094,412.54998779296875,405.6099853515625,411.54998779296875,326400.0
2023-03-21,415.2799987792969,420.17999267578125,412.79998779296875,419.20001220703125,239300.0
2023-03-22,419.989990234375,426.8800048828125,415.6300048828125,415.6499938964844,350400.0
2023-03-23,390.0,403.0,377.8900146484375,392.5899963378906,964800.0
2023-03-24,390.3399963378906,399.95001220703125,381.9200134277344,398.8599853515625,502900.0
2023-03-27,399.5,406.5,393.9599914550781,394.4100036621094,244400.0
2023-03-28,398.6499938964844,401.6300048828125,395.9100036621094,401.4700012207031,327000.0
2023-03-29,401.42999267578125,407.8800048828125,396.25,407.6300048828125,271100.0
2023-03-30,408.0,413.30999755859375,405.1099853515625,410.67999267578125,270500.0
2023-03-31,413.2300109863281,415.2099914550781,410.70001220703125,415.0899963378906,236700.0
2023-04-03,412.739990234375,419.8999938964844,412.739990234375,416.05999755859375,290500.0
2023-04-04,417.1700134277344,420.6400146484375,409.1000061035156,409.7699890136719,288400.0
2023-04-05,409.9100036621094,412.80999755859375,399.8900146484375,402.0400085449219,326700.0
2023-04-06,400.6000061035156,405.6600036621094,399.739990234375,404.7799987792969,205100.0
2023-04-10,402.3399963378906,403.8399963378906,398.19000244140625,403.70001220703125,146300.0
2023-04-11,404.2799987792969,408.5299987792969,404.0799865722656,406.04998779296875,190400.0
2023-04-12,409.2699890136719,413.5,408.1400146484375,411.7200012207031,212300.0
2023-04-13,411.75,419.3500061035156,410.4200134277344,417.260009765625,222600.0
2023-04-14,416.4800109863281,420.82000732421875,413.20001220703125,413.9700012207031,185600.0
2023-04-17,413.6499938964844,418.0899963378906,412.5,416.44000244140625,213700.0
2023-04-18,417.3999938964844,420.0,414.57000732421875,416.9599914550781,211300.0
2023-04-19,415.7300109863281,418.5,415.57000732421875,416.5299987792969,140300.0
2023-04-20,416.1700134277344,418.7300109863281,413.7900085449219,416.70001220703125,96600.0
2023-04-21,417.7699890136719,422.7300109863281,415.32000732421875,421.4800109863281,172300.0
2023-04-24,422.8599853515625,424.3599853515625,419.19000244140625,422.20001220703125,169600.0
2023-04-25,421.3500061035156,425.0,411.739990234375,412.07000732421875,177000.0
2023-04-26,409.3399963378906,412.57000732421875,399.6199951171875,401.3999938964844,223300.0
2023-04-27,404.25,410.17999267578125,402.4800109863281,410.1600036621094,158700.0
2023-04-28,408.4599914550781,414.25,407.8900146484375,411.69000244140625,221300.0
2023-05-01,410.9700012207031,416.0,410.6700134277344,411.1300048828125,134100.0
2023-05-02,408.2099914550781,408.2099914550781,393.7099914550781,398.0799865722656,335900.0
2023-05-03,399.6300048828125,401.2900085449219,391.0199890136719,393.6499938964844,300800.0
2023-05-04,395.739990234375,398.20001220703125,393.05999755859375,395.010009765625,222300.0
2023-05-05,398.29998779296875,407.19000244140625,398.29998779296875,405.8500061035156,240800.0
2023-05-08,407.8599853515625,409.239990234375,401.45001220703125,402.6700134277344,180700.0
2023-05-09,399.6000061035156,404.30999755859375,396.8599853515625,402.010009765625,207000.0
2023-05-10,405.0899963378906,407.8999938964844,403.8599853515625,404.3900146484375,234400.0
2023-05-11,402.70001220703125,406.19000244140625,397.489990234375,400.2699890136719,188700.0
2023-05-12,402.7200012207031,404.69000244140625,397.6400146484375,398.3599853515625,262700.0
2023-05-15,398.29998779296875,400.3399963378906,393.9200134277344,396.0299987792969,221800.0
2023-05-16,393.8599853515625,395.45001220703125,386.4599914550781,388.5400085449219,322000.0
2023-05-17,389.6300048828125,395.6700134277344,386.4200134277344,394.260009765625,308300.0
2023-05-18,394.7699890136719,395.1300048828125,390.1099853515625,393.54998779296875,269200.0
2023-05-19,395.4800109863281,400.6400146484375,395.4800109863281,396.19000244140625,249500.0
2023-05-22,396.4599914550781,399.80999755859375,393.0799865722656,398.25,280500.0
2023-05-23,395.6400146484375,402.4100036621094,388.54998779296875,389.0400085449219,212900.0
2023-05-24,387.1300048828125,388.6499938964844,384.30999755859375,384.5799865722656,205800.0
2023-05-25,384.7200012207031,387.6300048828125,382.0199890136719,385.07000732421875,205100.0
2023-05-26,385.9700012207031,388.5400085449219,384.20001220703125,388.44000244140625,234400.0
2023-05-30,388.1300048828125,392.3999938964844,384.17999267578125,389.8599853515625,321200.0
2023-05-31,389.2900085449219,389.8599853515625,383.3500061035156,384.8900146484375,521400.0
2023-06-01,386.5799865722656,391.3900146484375,380.9599914550781,390.2900085449219,246000.0
2023-06-02,393.92999267578125,399.2699890136719,393.4599914550781,398.80999755859375,184800.0
2023-06-05,397.5,400.6400146484375,395.29998779296875,398.19000244140625,150000.0
2023-06-06,396.20001220703125,402.54998779296875,396.20001220703125,397.6000061035156,174700.0
2023-06-07,398.6000061035156,400.9100036621094,395.5400085449219,397.5400085449219,211200.0
2023-06-08,397.07000732421875,407.0,395.1199951171875,403.45001220703125,280400.0
2023-06-09,404.20001220703125,405.57000732421875,395.6300048828125,397.5799865722656,350300.0
2023-06-12,397.3999938964844,400.7099914550781,397.0199890136719,400.2799987792969,243500.0
2023-06-13,400.80999755859375,407.4599914550781,399.2300109863281,406.45001220703125,328300.0
2023-06-14,406.0400085449219,412.4100036621094,403.30999755859375,410.989990234375,252900.0
2023-06-15,412.75,424.989990234375,412.0,422.32000732421875,348100.0
2023-06-16,424.4700012207031,429.9800109863281,418.4100036621094,420.9100036621094,513000.0
2023-06-20,418.2099914550781,426.6400146484375,418.2099914550781,421.54998779296875,501100.0
2023-06-21,421.3999938964844,426.0,419.3800048828125,423.3399963378906,487200.0
2023-06-22,417.9200134277344,417.9200134277344,391.9700012207031,404.1499938964844,939300.0
2023-06-23,401.5899963378906,405.239990234375,393.739990234375,394.04998779296875,671100.0
2023-06-26,393.0299987792969,395.9200134277344,391.2799987792969,395.6600036621094,420300.0
2023-06-27,396.32000732421875,401.4599914550781,392.95001220703125,400.3399963378906,477800.0
2023-06-28,400.75,400.75,391.25,395.4800109863281,328000.0
2023-06-29,395.4100036621094,398.0400085449219,393.7300109863281,395.54998779296875,211400.0
2023-06-30,397.3699951171875,402.29998779296875,396.67999267578125,400.6499938964844,275600.0
2023-07-03,397.9599914550781,398.75,390.8299865722656,393.5400085449219,200200.0
2023-07-05,391.9700012207031,395.5899963378906,388.05999755859375,395.45001220703125,444000.0
2023-07-06,392.4599914550781,393.67999267578125,388.9599914550781,391.20001220703125,409600.0
2023-07-07,389.5,391.4200134277344,385.2799987792969,387.57000732421875,350300.0
2023-07-10,386.739990234375,397.8900146484375,385.57000732421875,395.42999267578125,348400.0
2023-07-11,395.42999267578125,401.8800048828125,393.0299987792969,400.70001220703125,346800.0
2023-07-12,405.9200134277344,409.0,398.75,399.5199890136719,421800.0
2023-07-13,400.1400146484375,414.1700134277344,400.1400146484375,413.8399963378906,414300.0
2023-07-14,414.0,419.2200012207031,410.2099914550781,410.7300109863281,318000.0
2023-07-17,410.3800048828125,420.67999267578125,410.3800048828125,420.1000061035156,339800.0
2023-07-18,421.95001220703125,426.6000061035156,421.25,424.3599853515625,317100.0
2023-07-19,424.6000061035156,430.6600036621094,423.4200134277344,425.17999267578125,326000.0
2023-07-20,425.739990234375,429.7900085449219,422.57000732421875,429.6000061035156,362600.0
2023-07-21,430.25,433.1400146484375,427.5899963378906,431.94000244140625,283400.0
2023-07-24,431.9100036621094,436.79998779296875,430.3500061035156,436.739990234375,340900.0
2023-07-25,436.0,442.3500061035156,436.0,439.239990234375,290900.0
2023-07-26,438.2699890136719,441.0,435.1000061035156,440.4200134277344,265000.0
2023-07-27,441.5799865722656,442.0,434.8599853515625,435.44000244140625,343000.0
2023-07-28,439.3500061035156,439.3500061035156,433.1600036621094,436.510009765625,286200.0
2023-07-31,436.6000061035156,438.6700134277344,433.3900146484375,435.0400085449219,366300.0
2023-08-01,433.2200012207031,435.32000732421875,430.70001220703125,433.5899963378906,286700.0
2023-08-02,430.0400085449219,437.4700012207031,429.92999267578125,434.1000061035156,353600.0
2023-08-03,433.3399963378906,437.20001220703125,430.6600036621094,431.0400085449219,373700.0
2023-08-04,431.79998779296875,432.3399963378906,421.5799865722656,422.0899963378906,245100.0
2023-08-07,422.9100036621094,426.69000244140625,420.0899963378906,424.7900085449219,272800.0
2023-08-08,422.0799865722656,422.1400146484375,415.3500061035156,420.3399963378906,245500.0
2023-08-09,420.3599853515625,423.82000732421875,418.5799865722656,421.9800109863281,246100.0
2023-08-10,424.54998779296875,426.9599914550781,421.2900085449219,422.3900146484375,197300.0
2023-08-11,421.17999267578125,426.5199890136719,419.8699951171875,423.9800109863281,157100.0
2023-08-14,424.42999267578125,426.6600036621094,423.3399963378906,425.4200134277344,103200.0
2023-08-15,423.1700134277344,424.79998779296875,420.9700012207031,423.6700134277344,137900.0
2023-08-16,422.8999938964844,428.8999938964844,422.2699890136719,425.1000061035156,151700.0
2023-08-17,425.7699890136719,431.8399963378906,425.42999267578125,430.3900146484375,279700.0
2023-08-18,427.8900146484375,432.3399963378906,426.4100036621094,429.3999938964844,265300.0
2023-08-21,428.5199890136719,430.3900146484375,425.07000732421875,430.0,189300.0
2023-08-22,430.94000244140625,432.9200134277344,427.80999755859375,430.0199890136719,179500.0
2023-08-23,431.44000244140625,438.5,430.04998779296875,437.54998779296875,203800.0
2023-08-24,438.8399963378906,445.3699951171875,437.5,440.4700012207031,292400.0
2023-08-25,439.1199951171875,442.9599914550781,429.29998779296875,429.57000732421875,306600.0
2023-08-28,430.5899963378906,433.3699951171875,427.2799987792969,429.04998779296875,212600.0
2023-08-29,427.7900085449219,431.4700012207031,426.3399963378906,430.80999755859375,219300.0
2023-08-30,429.4700012207031,435.5799865722656,429.4700012207031,434.95001220703125,157900.0
2023-08-31,435.55999755859375,440.2099914550781,435.55999755859375,436.4100036621094,265600.0
2023-09-01,438.7799987792969,439.2200012207031,433.6499938964844,435.4800109863281,196300.0
2023-09-05,434.5899963378906,436.3399963378906,432.30999755859375,432.5199890136719,183000.0
2023-09-06,431.7099914550781,437.2200012207031,429.95001220703125,430.510009765625,223800.0
2023-09-07,429.489990234375,432.04998779296875,427.95001220703125,430.9200134277344,209500.0
2023-09-08,431.0,433.6300048828125,426.5199890136719,429.0,217300.0
2023-09-11,430.42999267578125,430.8800048828125,424.9800109863281,426.44000244140625,213100.0
2023-09-12,425.5299987792969,427.57000732421875,422.1099853515625,423.5199890136719,191400.0
2023-09-13,424.3399963378906,429.20001220703125,420.6400146484375,429.1400146484375,229000.0
2023-09-14,430.6000061035156,432.3999938964844,426.7900085449219,431.6600036621094,220800.0
2023-09-15,429.6199951171875,434.80999755859375,426.69000244140625,427.6700134277344,443800.0
2023-09-18,427.4700012207031,431.989990234375,426.6300048828125,429.17999267578125,268200.0
2023-09-19,428.6600036621094,430.6199951171875,424.0199890136719,426.30999755859375,321700.0
2023-09-20,428.20001220703125,429.80999755859375,423.4200134277344,423.7699890136719,424200.0
2023-09-21,421.8900146484375,448.92999267578125,420.0,426.760009765625,848800.0
2023-09-22,421.260009765625,438.4800109863281,420.55999755859375,435.82000732421875,428900.0
2023-09-25,434.8500061035156,438.2300109863281,430.25,436.9700012207031,298500.0
2023-09-26,434.30999755859375,437.4599914550781,431.9599914550781,432.0899963378906,251200.0
2023-09-27,434.1199951171875,435.2099914550781,428.80999755859375,435.19000244140625,257500.0
2023-09-28,436.4100036621094,445.0,435.44000244140625,441.8599853515625,327200.0
2023-09-29,444.0199890136719,446.6600036621094,436.69000244140625,437.260009765625,275400.0
2023-10-02,435.8500061035156,440.92999267578125,432.3500061035156,436.07000732421875,235300.0
2023-10-03,434.8599853515625,438.6199951171875,432.9700012207031,435.7300109863281,363900.0
2023-10-04,437.239990234375,447.69000244140625,437.239990234375,447.29998779296875,332100.0
2023-10-05,447.45001220703125,452.6000061035156,446.70001220703125,449.19000244140625,325100.0
2023-10-06,447.42999267578125,455.30999755859375,446.0199890136719,452.30999755859375,184000.0
2023-10-09,451.3500061035156,455.5400085449219,450.55999755859375,451.4200134277344,252500.0
2023-10-10,451.1600036621094,456.5899963378906,451.1600036621094,453.3399963378906,203400.0
2023-10-11,452.95001220703125,458.4599914550781,452.95001220703125,456.8699951171875,215700.0
2023-10-12,458.8800048828125,458.8800048828125,447.0299987792969,447.32000732421875,263300.0
2023-10-13,449.75,450.94000244140625,443.6600036621094,446.6300048828125,188900.0
2023-10-16,449.1099853515625,451.6499938964844,446.3900146484375,447.9100036621094,180300.0
2023-10-17,446.6600036621094,453.3999938964844,446.6600036621094,450.07000732421875,211000.0
2023-10-18,448.79998779296875,450.3500061035156,442.6700134277344,443.79998779296875,190800.0
2023-10-19,443.0299987792969,446.1400146484375,436.8399963378906,436.8699951171875,216500.0
2023-10-20,437.69000244140625,438.0,429.2900085449219,430.1199951171875,178000.0
2023-10-23,428.1099853515625,436.260009765625,427.1600036621094,431.67999267578125,166700.0
2023-10-24,433.0400085449219,435.3599853515625,426.0,429.9100036621094,139900.0
2023-10-25,428.5299987792969,431.4800109863281,423.510009765625,424.17999267578125,185200.0
2023-10-26,424.75,433.07000732421875,424.75,429.05999755859375,159000.0
2023-10-27,428.6000061035156,428.6000061035156,419.19000244140625,420.4200134277344,184800.0
2023-10-30,422.8800048828125,429.3999938964844,420.19000244140625,427.25,207400.0
2023-10-31,428.05999755859375,433.9700012207031,425.3299865722656,431.8900146484375,347700.0
2023-11-01,433.7799987792969,437.2200012207031,432.29998779296875,436.57000732421875,127600.0
2023-11-02,438.9200134277344,443.94000244140625,437.5,442.260009765625,187400.0
2023-11-03,445.19000244140625,450.54998779296875,443.010009765625,443.7900085449219,214900.0
2023-11-06,442.7099914550781,446.6400146484375,439.5400085449219,446.57000732421875,206900.0
2023-11-07,447.20001220703125,451.3399963378906,443.79998779296875,448.8699951171875,266200.0
2023-11-08,448.7799987792969,449.489990234375,445.17999267578125,445.7300109863281,210000.0
2023-11-09,447.9200134277344,450.7900085449219,443.5799865722656,448.54998779296875,170100.0
2023-11-10,450.54998779296875,454.4599914550781,445.9100036621094,453.0199890136719,170200.0
2023-11-13,449.8399963378906,454.1400146484375,448.75,453.4599914550781,171400.0
2023-11-14,457.5,463.30999755859375,456.3900146484375,459.42999267578125,173900.0
2023-11-15,456.8500061035156,463.70001220703125,456.8500061035156,458.5400085449219,161800.0
2023-11-16,459.7200012207031,466.0299987792969,459.7200012207031,464.2799987792969,169500.0
2023-11-17,465.7300109863281,465.7300109863281,456.010009765625,457.3399963378906,190700.0
2023-11-20,457.79998779296875,457.79998779296875,452.67999267578125,456.0,179500.0
2023-11-21,457.3699951171875,461.260009765625,455.8900146484375,457.4100036621094,228100.0
2023-11-22,458.6099853515625,462.25,455.2900085449219,457.760009765625,171300.0
2023-11-24,458.6300048828125,462.07000732421875,454.94000244140625,460.1099853515625,95500.0
2023-11-27,459.4200134277344,461.8999938964844,458.2099914550781,460.2799987792969,178400.0
2023-11-28,459.9200134277344,463.80999755859375,456.5400085449219,456.5400085449219,140800.0
2023-11-29,457.260009765625,460.4200134277344,452.42999267578125,454.3900146484375,247900.0
2023-11-30,454.6700134277344,455.239990234375,450.17999267578125,453.4599914550781,734800.0
2023-12-01,452.7900085449219,455.260009765625,450.5299987792969,455.1700134277344,239800.0
2023-12-04,451.0899963378906,455.94000244140625,448.9100036621094,454.29998779296875,251000.0
2023-12-05,453.55999755859375,453.55999755859375,442.5899963378906,446.5,253400.0
2023-12-06,448.3699951171875,450.69000244140625,441.4700012207031,443.5400085449219,229400.0
2023-12-07,444.010009765625,445.6099853515625,441.489990234375,442.1400146484375,210700.0
2023-12-08,439.9599914550781,444.6400146484375,439.0299987792969,443.8900146484375,228800.0
2023-12-11,444.989990234375,450.6400146484375,444.989990234375,449.1400146484375,230800.0
2023-12-12,449.6099853515625,453.42999267578125,446.95001220703125,453.20001220703125,299600.0
2023-12-13,455.4800109863281,461.8500061035156,454.5899963378906,458.9800109863281,300700.0
2023-12-14,458.94000244140625,461.6600036621094,452.6000061035156,454.0,321500.0
2023-12-15,450.5,460.8399963378906,450.5,456.9599914550781,651100.0
2023-12-18,459.4599914550781,460.17999267578125,455.19000244140625,458.4800109863281,358900.0
2023-12-19,445.0,468.7200012207031,441.1499938964844,448.6499938964844,561000.0
2023-12-20,445.44000244140625,461.7300109863281,444.29998779296875,452.32000732421875,435400.0
2023-12-21,454.8599853515625,471.3599853515625,453.8399963378906,470.17999267578125,485300.0
2023-12-22,472.67999267578125,475.0,465.6199951171875,469.1300048828125,250700.0
2023-12-26,466.45001220703125,472.8299865722656,466.45001220703125,472.30999755859375,181300.0
2023-12-27,472.6400146484375,474.7300109863281,470.7699890136719,474.2099914550781,162900.0
2023-12-28,475.3399963378906,478.6000061035156,473.3599853515625,476.7900085449219,226700.0
2023-12-29,473.29998779296875,478.3500061035156,473.29998779296875,477.04998779296875,148800.0
2024-01-02,464.1199951171875,471.739990234375,450.5,462.739990234375,301500.0
2024-01-03,462.42999267578125,463.3900146484375,454.1400146484375,454.7200012207031,244000.0
2024-01-04,453.5299987792969,460.6400146484375,451.9599914550781,458.1600036621094,163100.0
2024-01-05,458.25,460.0,454.989990234375,456.5799865722656,182700.0
2024-01-08,459.260009765625,460.0799865722656,454.260009765625,458.760009765625,183600.0
2024-01-09,456.489990234375,460.0899963378906,454.2799987792969,454.510009765625,152200.0
2024-01-10,455.5899963378906,463.25,454.8399963378906,462.7699890136719,233700.0
2024-01-11,463.9700012207031,465.45001220703125,459.2200012207031,464.9599914550781,214200.0
2024-01-12,467.6499938964844,469.2200012207031,463.07000732421875,466.55999755859375,147200.0
2024-01-16,465.0,465.8399963378906,460.1400146484375,462.2300109863281,176900.0
2024-01-17,461.1199951171875,465.4700012207031,458.2900085449219,458.4200134277344,136900.0
2024-01-18,460.489990234375,462.4599914550781,458.0799865722656,461.17999267578125,148000.0
2024-01-19,463.5299987792969,465.05999755859375,459.44000244140625,463.45001220703125,204600.0
2024-01-22,464.1199951171875,468.80999755859375,463.7799987792969,467.7699890136719,166500.0
2024-01-23,468.7099914550781,471.6600036621094,468.0299987792969,470.9100036621094,163400.0
2024-01-24,472.55999755859375,473.69000244140625,469.8500061035156,470.8500061035156,155800.0
2024-01-25,469.0,473.9100036621094,465.2699890136719,471.0799865722656,180800.0
2024-01-26,472.2300109863281,472.9200134277344,469.5799865722656,470.6700134277344,129000.0
2024-01-29,468.42999267578125,472.79998779296875,465.6700134277344,472.70001220703125,167700.0
2024-01-30,472.5899963378906,479.70001220703125,472.5899963378906,479.239990234375,136000.0
2024-01-31,480.0,482.510009765625,474.5899963378906,475.9200134277344,254300.0
2024-02-01,476.0199890136719,484.57000732421875,474.260009765625,484.57000732421875,174600.0
2024-02-02,480.19000244140625,487.7900085449219,479.44000244140625,486.7699890136719,210700.0
2024-02-05,484.2099914550781,485.9100036621094,476.260009765625,477.3999938964844,205000.0
2024-02-06,477.7799987792969,480.2900085449219,474.80999755859375,477.4100036621094,180900.0
2024-02-07,480.0,483.9100036621094,477.4800109863281,483.05999755859375,165000.0
2024-02-08,482.260009765625,482.260009765625,468.1400146484375,470.05999755859375,231300.0
2024-02-09,469.9700012207031,477.6499938964844,469.9700012207031,477.5899963378906,196900.0
2024-02-12,477.239990234375,477.739990234375,468.8800048828125,471.2200012207031,238100.0
2024-02-13,465.9100036621094,466.760009765625,458.6600036621094,463.3299865722656,286500.0
2024-02-14,465.2300109863281,468.0199890136719,456.92999267578125,461.7799987792969,252500.0
2024-02-15,464.42999267578125,466.7200012207031,460.1300048828125,464.0199890136719,238500.0
2024-02-16,463.55999755859375,465.6700134277344,456.3299865722656,458.4200134277344,455500.0
2024-02-20,457.3699951171875,458.42999267578125,451.80999755859375,456.8599853515625,184400.0
2024-02-21,457.239990234375,457.239990234375,451.7200012207031,453.3500061035156,187500.0
2024-02-22,457.17999267578125,460.7900085449219,454.6499938964844,458.8699951171875,192000.0
2024-02-23,460.17999267578125,464.260009765625,460.0199890136719,463.4700012207031,144300.0
2024-02-26,462.989990234375,465.0199890136719,458.79998779296875,459.07000732421875,142900.0
2024-02-27,459.0,461.8399963378906,456.8500061035156,461.5400085449219,183100.0
2024-02-28,460.20001220703125,466.4599914550781,460.20001220703125,465.989990234375,201800.0
2024-02-29,466.82000732421875,468.0,460.04998779296875,462.5799865722656,327400.0
2024-03-01,461.54998779296875,462.95001220703125,457.0400085449219,461.32000732421875,236100.0
2024-03-04,461.4800109863281,468.25,461.4800109863281,464.9800109863281,189400.0
2024-03-05,462.6700134277344,466.7799987792969,461.8900146484375,464.3299865722656,260900.0
2024-03-06,464.32000732421875,465.2099914550781,459.0,464.95001220703125,167400.0
2024-03-07,467.69000244140625,469.92999267578125,464.8800048828125,467.260009765625,155400.0
2024-03-08,468.0799865722656,470.9100036621094,464.5400085449219,466.1199951171875,152100.0
2024-03-11,467.8699951171875,477.3699951171875,465.6199951171875,476.8500061035156,219900.0
2024-03-12,477.1499938964844,484.489990234375,474.9800109863281,480.20001220703125,224800.0
2024-03-13,480.3699951171875,486.7300109863281,478.4599914550781,481.6199951171875,227500.0
2024-03-14,481.0,483.510009765625,474.5199890136719,478.8800048828125,225700.0
2024-03-15,472.95001220703125,478.6499938964844,472.94000244140625,475.9599914550781,286000.0
2024-03-18,477.760009765625,482.30999755859375,475.9800109863281,477.6600036621094,222900.0
2024-03-19,479.82000732421875,486.0899963378906,479.75,481.8699951171875,289400.0
2024-03-20,483.0,488.6400146484375,481.1600036621094,487.8999938964844,418400.0
2024-03-21,474.260009765625,479.0,449.05999755859375,450.6600036621094,903400.0
2024-03-22,448.010009765625,450.6400146484375,440.95001220703125,447.4599914550781,456100.0
2024-03-25,447.8599853515625,447.8599853515625,436.25,444.7300109863281,359700.0
2024-03-26,445.5799865722656,446.69000244140625,443.1400146484375,443.8599853515625,282900.0
2024-03-27,447.45001220703125,447.7099914550781,443.17999267578125,447.3800048828125,312500.0
2024-03-28,449.1199951171875,455.2200012207031,447.6400146484375,454.3900146484375,360300.0
2024-04-01,452.1000061035156,452.95001220703125,442.5799865722656,442.8800048828125,234300.0
2024-04-02,441.0899963378906,441.2200012207031,437.44000244140625,439.6000061035156,306700.0
2024-04-03,437.4599914550781,440.1099853515625,432.7699890136719,435.8599853515625,391400.0
2024-04-04,438.3800048828125,440.6300048828125,432.760009765625,433.2900085449219,262100.0
2024-04-05,434.19000244140625,434.8500061035156,431.260009765625,433.1700134277344,216200.0
2024-04-08,432.8800048828125,443.8599853515625,432.8800048828125,440.2699890136719,367600.0
2024-04-09,442.8999938964844,443.30999755859375,437.29998779296875,439.67999267578125,225100.0
2024-04-10,436.1099853515625,437.1099853515625,428.42999267578125,428.6700134277344,202800.0
2024-04-11,425.8900146484375,429.70001220703125,424.57000732421875,427.2699890136719,316100.0
2024-04-12,423.8999938964844,426.760009765625,422.1300048828125,426.239990234375,241200.0
2024-04-15,430.2200012207031,430.9800109863281,422.0299987792969,424.0899963378906,295500.0
2024-04-16,424.7699890136719,427.8299865722656,424.4599914550781,427.05999755859375,279200.0
2024-04-17,430.3299865722656,432.82000732421875,428.3599853515625,429.25,247700.0
2024-04-18,430.6600036621094,431.54998779296875,424.6499938964844,429.4599914550781,167000.0
2024-04-19,431.5199890136719,435.82000732421875,429.3800048828125,434.0199890136719,296800.0
2024-04-22,437.0400085449219,441.6300048828125,435.44000244140625,438.42999267578125,286400.0
2024-04-23,437.8800048828125,437.8800048828125,418.1199951171875,419.94000244140625,362800.0
2024-04-24,417.5299987792969,423.9599914550781,417.0299987792969,422.8299865722656,298300.0
2024-04-25,422.0,422.55999755859375,418.2900085449219,418.7099914550781,180100.0
2024-04-26,417.82000732421875,423.2300109863281,417.82000732421875,421.4700012207031,185100.0
2024-04-29,421.2099914550781,425.92999267578125,421.2099914550781,422.94000244140625,207000.0
2024-04-30,421.30999755859375,422.4800109863281,416.5,416.8900146484375,254000.0
2024-05-01,415.260009765625,424.9599914550781,415.260009765625,419.57000732421875,238400.0
2024-05-02,423.55999755859375,425.7799987792969,417.25,423.3599853515625,217300.0
2024-05-03,426.29998779296875,431.2799987792969,425.7900085449219,428.25,197400.0
2024-05-06,431.5,436.5400085449219,429.2099914550781,436.0799865722656,199900.0
2024-05-07,434.8299865722656,438.4100036621094,434.7799987792969,435.4599914550781,211100.0
2024-05-08,435.1000061035156,436.9800109863281,431.05999755859375,433.8999938964844,170400.0
2024-05-09,433.6099853515625,436.489990234375,431.6400146484375,435.9800109863281,226200.0
2024-05-10,438.4800109863281,440.239990234375,435.8399963378906,439.1600036621094,158900.0
2024-05-13,440.2699890136719,444.0799865722656,438.5199890136719,440.0299987792969,146100.0
2024-05-14,442.32000732421875,443.07000732421875,438.0299987792969,441.510009765625,211300.0
2024-05-15,442.9100036621094,447.9599914550781,442.7099914550781,445.3699951171875,192800.0
2024-05-16,444.6499938964844,448.4599914550781,444.6499938964844,445.5199890136719,186900.0
2024-05-17,447.6600036621094,449.5899963378906,444.010009765625,448.8800048828125,453300.0
2024-05-20,448.8800048828125,452.7200012207031,447.8599853515625,452.4800109863281,153000.0
2024-05-21,452.3800048828125,452.4700012207031,448.3699951171875,449.92999267578125,184400.0
2024-05-22,448.4800109863281,450.95001220703125,445.6499938964844,447.7900085449219,184800.0
2024-05-23,446.9700012207031,447.5899963378906,436.2799987792969,436.3599853515625,261000.0
2024-05-24,437.5,438.45001220703125,432.92999267578125,436.0400085449219,166300.0
2024-05-28,433.82000732421875,433.82000732421875,424.7699890136719,427.04998779296875,247200.0
2024-05-29,423.8299865722656,427.4800109863281,417.6199951171875,417.67999267578125,313600.0
2024-05-30,412.75,412.75,404.5400085449219,406.489990234375,398100.0
2024-05-31,405.7300109863281,405.7300109863281,401.4700012207031,404.260009765625,577600.0
2024-06-03,400.0,406.0,393.3299865722656,394.8900146484375,490900.0
2024-06-04,394.2200012207031,400.92999267578125,394.2200012207031,396.1499938964844,273600.0
2024-06-05,396.17999267578125,402.19000244140625,391.8399963378906,401.1199951171875,260200.0
2024-06-06,400.2699890136719,410.1199951171875,399.0299987792969,410.1000061035156,315200.0
2024-06-07,410.04998779296875,411.7900085449219,406.92999267578125,409.92999267578125,197400.0
2024-06-10,409.5199890136719,409.8500061035156,405.739990234375,406.239990234375,343800.0
2024-06-11,405.55999755859375,408.2900085449219,403.1600036621094,408.260009765625,237500.0
2024-06-12,410.25,411.2300109863281,404.7300109863281,406.20001220703125,182400.0
2024-06-13,405.07000732421875,405.5400085449219,399.0899963378906,402.7900085449219,162900.0
2024-06-14,399.70001220703125,403.010009765625,399.44000244140625,401.739990234375,204100.0
2024-06-17,399.7900085449219,407.010009765625,399.489990234375,406.7300109863281,339600.0
2024-06-18,406.20001220703125,410.4200134277344,404.510009765625,407.1700134277344,420400.0
2024-06-20,409.7099914550781,411.8900146484375,406.7799987792969,408.3500061035156,548200.0
2024-06-21,420.6099853515625,430.0,413.0400085449219,423.7300109863281,975800.0
2024-06-24,423.9700012207031,435.3800048828125,421.30999755859375,424.8900146484375,632300.0
2024-06-25,424.6000061035156,427.8999938964844,418.19000244140625,419.20001220703125,390400.0
2024-06-26,415.6400146484375,417.55999755859375,407.7300109863281,415.6600036621094,358500.0
2024-06-27,415.260009765625,418.3399963378906,413.19000244140625,415.0,310900.0
2024-06-28,415.04998779296875,417.0199890136719,405.8800048828125,408.2699890136719,1081000.0
2024-07-01,408.9800109863281,412.6700134277344,406.8900146484375,411.1600036621094,300700.0
2024-07-02,411.30999755859375,416.5299987792969,411.30999755859375,416.010009765625,269800.0
2024-07-03,415.1499938964844,419.9800109863281,414.2900085449219,416.760009765625,135700.0
2024-07-05,417.0199890136719,423.9700012207031,413.6199951171875,423.4100036621094,215700.0
2024-07-08,425.0,425.0,415.1099853515625,417.8699951171875,237300.0
2024-07-09,418.3900146484375,419.8299865722656,410.0899963378906,411.739990234375,194200.0
2024-07-10,411.5299987792969,415.8399963378906,410.4800109863281,414.6499938964844,185300.0
2024-07-11,416.07000732421875,419.7699890136719,414.6300048828125,419.1000061035156,129200.0
2024-07-12,421.1099853515625,426.8699951171875,420.7799987792969,423.8999938964844,171400.0
2024-07-15,425.239990234375,429.1400146484375,424.30999755859375,428.5400085449219,144400.0
2024-07-16,429.7799987792969,443.760009765625,428.82000732421875,442.239990234375,277100.0
2024-07-17,440.2900085449219,446.7699890136719,438.70001220703125,440.9100036621094,335300.0
2024-07-18,439.1300048828125,443.1600036621094,431.2900085449219,431.6300048828125,190100.0
2024-07-19,433.3399963378906,433.3399963378906,417.1000061035156,424.32000732421875,306100.0
2024-07-22,426.2099914550781,429.3500061035156,421.3999938964844,429.25,249200.0
2024-07-23,426.8699951171875,427.3500061035156,405.8900146484375,416.1400146484375,312800.0
2024-07-24,411.0,415.55999755859375,401.2099914550781,403.2099914550781,375600.0
2024-07-25,407.0,417.9200134277344,406.3399963378906,411.6600036621094,212400.0
2024-07-26,412.7900085449219,419.8399963378906,412.57000732421875,415.3299865722656,213700.0
2024-07-29,414.54998779296875,416.0799865722656,411.1099853515625,411.29998779296875,283300.0
2024-07-30,413.3299865722656,417.3699951171875,410.44000244140625,416.82000732421875,270500.0
2024-07-31,417.0299987792969,417.3699951171875,410.20001220703125,413.0899963378906,377100.0
2024-08-01,412.75,414.1600036621094,406.5799865722656,408.7099914550781,207200.0
2024-08-02,409.45001220703125,414.739990234375,406.7200012207031,414.55999755859375,207700.0
2024-08-05,410.6400146484375,410.6400146484375,401.7200012207031,401.8399963378906,205600.0
2024-08-06,402.989990234375,409.6600036621094,402.989990234375,404.6600036621094,178400.0
2024-08-07,406.0899963378906,413.2200012207031,400.760009765625,401.19000244140625,253100.0
2024-08-08,400.0,405.6400146484375,400.0,403.7799987792969,246700.0
2024-08-09,403.45001220703125,404.2900085449219,400.1000061035156,403.0299987792969,133800.0
2024-08-12,403.79998779296875,404.5199890136719,395.8900146484375,397.0400085449219,131400.0
2024-08-13,399.1099853515625,402.6700134277344,399.1099853515625,401.05999755859375,165900.0
2024-08-14,401.05999755859375,404.7099914550781,398.4700012207031,404.3299865722656,193400.0
2024-08-15,406.0199890136719,408.8500061035156,404.1499938964844,408.7200012207031,167800.0
2024-08-16,407.69000244140625,412.9599914550781,407.6099853515625,410.8699951171875,192800.0
2024-08-19,410.44000244140625,416.44000244140625,408.6400146484375,413.0400085449219,283400.0
2024-08-20,411.7699890136719,413.0,410.3800048828125,412.2900085449219,207400.0
2024-08-21,411.54998779296875,416.44000244140625,410.75,412.42999267578125,195800.0
2024-08-22,412.5199890136719,412.5199890136719,406.6400146484375,407.989990234375,167500.0
2024-08-23,411.2200012207031,412.07000732421875,407.4800109863281,408.9700012207031,206800.0
2024-08-26,411.3699951171875,415.8299865722656,409.3500061035156,410.2900085449219,169600.0
2024-08-27,408.9700012207031,412.8999938964844,408.9700012207031,411.7099914550781,237400.0
2024-08-28,411.5299987792969,415.0799865722656,410.2699890136719,413.260009765625,253500.0
2024-08-29,416.2200012207031,418.989990234375,415.510009765625,417.6300048828125,145600.0
2024-08-30,417.489990234375,423.1199951171875,414.8900146484375,422.8399963378906,406100.0
2024-09-03,416.5899963378906,429.2099914550781,416.5899963378906,426.6499938964844,485800.0
2024-09-04,428.1199951171875,434.9200134277344,426.9599914550781,430.57000732421875,325900.0
2024-09-05,431.5400085449219,431.67999267578125,424.239990234375,427.010009765625,241000.0
2024-09-06,427.760009765625,430.5299987792969,421.57000732421875,424.0299987792969,226200.0
2024-09-09,426.3699951171875,429.6199951171875,422.9700012207031,428.8999938964844,426600.0
2024-09-10,428.3299865722656,441.6600036621094,427.95001220703125,440.7300109863281,469100.0
2024-09-11,439.0799865722656,439.0799865722656,425.7900085449219,437.5400085449219,508800.0
2024-09-12,438.3599853515625,440.3399963378906,432.3399963378906,439.8800048828125,274900.0
2024-09-13,441.4800109863281,446.1400146484375,439.3699951171875,445.3599853515625,422700.0
2024-09-16,447.1499938964844,457.79998779296875,446.69000244140625,453.9800109863281,477800.0
2024-09-17,455.3999938964844,457.5899963378906,448.1499938964844,448.2799987792969,467600.0
2024-09-18,448.4800109863281,450.3800048828125,444.9700012207031,446.80999755859375,437500.0
2024-09-19,464.55999755859375,475.25,451.79998779296875,469.4800109863281,671000.0
2024-09-20,465.0,470.0,457.5199890136719,465.9100036621094,583100.0
2024-09-23,466.79998779296875,471.5,465.4200134277344,468.7300109863281,310700.0
2024-09-24,469.17999267578125,469.17999267578125,461.42999267578125,463.7699890136719,245200.0
2024-09-25,465.5400085449219,465.5400085449219,455.32000732421875,457.80999755859375,312600.0
2024-09-26,456.1499938964844,461.6099853515625,454.07000732421875,455.6700134277344,297300.0
2024-09-27,458.94000244140625,460.67999267578125,456.94000244140625,458.489990234375,194600.0
2024-09-30,459.4100036621094,460.57000732421875,456.4200134277344,459.8500061035156,177400.0
2024-10-01,455.0899963378906,458.2099914550781,450.6400146484375,454.9800109863281,195700.0
2024-10-02,454.2799987792969,458.4599914550781,453.8900146484375,457.010009765625,184300.0
2024-10-03,454.0299987792969,459.510009765625,453.1499938964844,459.0899963378906,164400.0
2024-10-04,462.29998779296875,462.29998779296875,454.1300048828125,457.0,178900.0
2024-10-07,455.6099853515625,455.6099853515625,448.80999755859375,449.739990234375,194100.0
2024-10-08,450.9599914550781,457.42999267578125,450.25,456.8299865722656,235500.0
2024-10-09,452.1600036621094,458.54998779296875,452.1600036621094,455.7200012207031,205800.0
2024-10-10,454.1099853515625,459.19000244140625,452.6199951171875,454.0299987792969,143300.0
2024-10-11,455.3900146484375,457.6600036621094,449.17999267578125,456.80999755859375,207000.0
2024-10-14,458.2699890136719,463.0899963378906,456.2900085449219,461.8500061035156,168300.0
2024-10-15,464.54998779296875,475.3699951171875,464.54998779296875,469.1099853515625,204200.0
2024-10-16,468.010009765625,474.2900085449219,467.8800048828125,470.4599914550781,285800.0
2024-10-17,473.489990234375,474.8299865722656,468.54998779296875,472.4700012207031,217900.0
2024-10-18,474.05999755859375,474.05999755859375,470.4800109863281,471.5299987792969,255900.0
2024-10-21,469.4700012207031,470.1499938964844,466.6700134277344,468.92999267578125,173800.0
2024-10-22,466.989990234375,466.989990234375,462.8800048828125,465.07000732421875,149500.0
2024-10-23,465.4700012207031,467.9800109863281,461.8399963378906,463.7699890136719,189700.0
2024-10-24,463.6300048828125,463.6300048828125,456.5799865722656,456.6300048828125,254200.0
2024-10-25,459.3699951171875,460.0199890136719,453.3800048828125,454.94000244140625,200000.0
2024-10-28,458.3699951171875,460.05999755859375,456.67999267578125,459.2900085449219,159000.0
2024-10-29,459.3699951171875,465.3299865722656,456.29998779296875,460.0899963378906,210500.0
2024-10-30,460.7099914550781,464.3900146484375,453.5199890136719,453.79998779296875,212200.0
2024-10-31,453.79998779296875,458.69000244140625,452.8999938964844,454.05999755859375,261400.0
2024-11-01,453.67999267578125,459.69000244140625,452.0199890136719,458.79998779296875,190200.0
2024-11-04,457.94000244140625,461.9599914550781,454.2699890136719,461.80999755859375,219400.0
2024-11-05,461.5799865722656,469.4599914550781,461.260009765625,467.9599914550781,225300.0
2024-11-06,476.82000732421875,481.4800109863281,467.239990234375,478.4700012207031,366400.0
2024-11-07,479.1199951171875,481.5899963378906,472.42999267578125,473.8800048828125,263400.0
2024-11-08,474.92999267578125,481.6600036621094,473.8999938964844,477.4599914550781,256100.0
2024-11-11,478.9599914550781,484.5400085449219,478.9599914550781,481.8500061035156,261900.0
2024-11-12,480.4100036621094,487.0,479.6199951171875,484.2699890136719,357900.0
2024-11-13,483.739990234375,494.07000732421875,483.1300048828125,490.8299865722656,339700.0
2024-11-14,490.9700012207031,499.8699951171875,487.54998779296875,495.7200012207031,379600.0
2024-11-15,493.55999755859375,494.7699890136719,481.1000061035156,483.8999938964844,375400.0
2024-11-18,482.8800048828125,489.6499938964844,482.8800048828125,485.92999267578125,209200.0
2024-11-19,484.3500061035156,485.489990234375,480.30999755859375,481.3999938964844,175400.0
2024-11-20,483.67999267578125,483.67999267578125,472.239990234375,474.44000244140625,261000.0
2024-11-21,476.67999267578125,486.57000732421875,474.3399963378906,485.7699890136719,257500.0
2024-11-22,488.7799987792969,491.2200012207031,485.1700134277344,487.6199951171875,148600.0
2024-11-25,491.5299987792969,495.6300048828125,486.44000244140625,491.04998779296875,513100.0
2024-11-26,490.3699951171875,496.0199890136719,487.8299865722656,490.9800109863281,230700.0
2024-11-27,492.5899963378906,492.5899963378906,487.739990234375,489.5,173900.0
2024-11-29,490.2900085449219,493.80999755859375,489.6000061035156,490.6700134277344,120200.0
2024-12-02,489.17999267578125,491.6000061035156,485.4100036621094,489.4700012207031,209700.0
2024-12-03,489.0,489.8500061035156,485.3299865722656,485.5199890136719,208000.0
2024-12-04,484.45001220703125,488.0,483.1099853515625,483.55999755859375,155900.0
2024-12-05,483.8699951171875,483.92999267578125,477.95001220703125,478.3699951171875,192700.0
2024-12-06,478.3399963378906,483.3900146484375,477.8399963378906,479.9700012207031,203400.0
2024-12-09,478.6700134277344,481.8699951171875,474.989990234375,477.760009765625,213900.0
2024-12-10,477.6400146484375,486.70001220703125,474.5400085449219,483.7799987792969,186400.0
2024-12-11,484.6400146484375,490.8699951171875,484.6400146484375,490.0400085449219,264800.0
2024-12-12,488.3900146484375,493.1499938964844,486.8699951171875,488.6099853515625,239200.0
2024-12-13,487.3800048828125,490.4700012207031,483.9700012207031,488.739990234375,240600.0
2024-12-16,489.0,492.75,485.9800109863281,487.5899963378906,334400.0
2024-12-17,485.7699890136719,490.6600036621094,482.8999938964844,488.80999755859375,437700.0
2024-12-18,488.3399963378906,494.25,471.82000732421875,473.04998779296875,616600.0
2024-12-19,459.1499938964844,496.8999938964844,459.1499938964844,489.7300109863281,666200.0
2024-12-20,484.5899963378906,485.67999267578125,470.3299865722656,483.5199890136719,922800.0
2024-12-23,480.0199890136719,489.8299865722656,480.0199890136719,489.3399963378906,264300.0
2024-12-24,489.8900146484375,492.0,487.70001220703125,491.3500061035156,110700.0
2024-12-26,487.7699890136719,492.9599914550781,487.42999267578125,491.6099853515625,163900.0
2024-12-27,490.1600036621094,493.0,482.8500061035156,486.55999755859375,155200.0
2024-12-30,480.44000244140625,486.260009765625,477.0799865722656,482.67999267578125,205200.0
2024-12-31,482.67999267578125,487.3999938964844,479.2200012207031,480.2799987792969,159100.0
2025-01-02,484.3299865722656,484.3299865722656,475.30999755859375,476.510009765625,177200.0
2025-01-03,477.1300048828125,478.6000061035156,473.55999755859375,475.05999755859375,158700.0
2025-01-06,473.67999267578125,474.9100036621094,465.17999267578125,466.0299987792969,299200.0
2025-01-07,466.8500061035156,470.25,458.5199890136719,460.67999267578125,266100.0
2025-01-08,457.55999755859375,461.07000732421875,457.0899963378906,458.4599914550781,415300.0
2025-01-10,450.489990234375,455.989990234375,446.989990234375,453.0199890136719,320000.0
2025-01-13,449.7200012207031,456.510009765625,449.7200012207031,454.8599853515625,271100.0
2025-01-14,457.30999755859375,457.30999755859375,450.8500061035156,454.1700134277344,279300.0
2025-01-15,461.0,462.05999755859375,449.510009765625,453.9800109863281,477900.0
2025-01-16,455.3999938964844,460.9100036621094,449.94000244140625,459.9700012207031,265100.0
2025-01-17,458.75,464.80999755859375,458.75,462.989990234375,388300.0
2025-01-21,465.0,468.79998779296875,463.9200134277344,466.1400146484375,250000.0
2025-01-22,465.0,465.8399963378906,462.3599853515625,464.7699890136719,341100.0
2025-01-23,465.07000732421875,465.3800048828125,460.94000244140625,464.3800048828125,277600.0
2025-01-24,464.3599853515625,467.4100036621094,463.69000244140625,467.1199951171875,217300.0
2025-01-27,467.6700134277344,476.8299865722656,461.3500061035156,475.42999267578125,334000.0
2025-01-28,470.0,477.0199890136719,465.69000244140625,470.6199951171875,375000.0
2025-01-29,467.8900146484375,471.45001220703125,462.9200134277344,464.6300048828125,250000.0
2025-01-30,470.07000732421875,474.8599853515625,468.9700012207031,472.1199951171875,219500.0
2025-01-31,470.989990234375,477.9200134277344,469.5299987792969,474.4100036621094,1350200.0
2025-02-03,469.1400146484375,474.32000732421875,464.1099853515625,469.80999755859375,336100.0
2025-02-04,468.0899963378906,472.6700134277344,466.5899963378906,466.8399963378906,240900.0
2025-02-05,467.260009765625,468.92999267578125,463.3699951171875,468.82000732421875,178600.0
2025-02-06,470.260009765625,471.7099914550781,467.5299987792969,469.2799987792969,207600.0
2025-02-07,472.57000732421875,473.80999755859375,465.0,466.7900085449219,221900.0
2025-02-10,472.4700012207031,472.4700012207031,459.1300048828125,460.6600036621094,222100.0
2025-02-11,457.79998779296875,458.29998779296875,450.510009765625,454.2799987792969,281100.0
2025-02-12,449.8800048828125,454.6600036621094,448.17999267578125,454.2099914550781,212100.0
2025-02-13,456.5400085449219,460.2099914550781,454.760009765625,459.3900146484375,224400.0
2025-02-14,459.1300048828125,462.4200134277344,456.0,456.0899963378906,190400.0
2025-02-18,456.07000732421875,461.20001220703125,452.8800048828125,460.1000061035156,198900.0
2025-02-19,457.9200134277344,467.0799865722656,455.6600036621094,466.17999267578125,218300.0
2025-02-20,463.6700134277344,466.7699890136719,461.4700012207031,466.1300048828125,162800.0
2025-02-21,464.8999938964844,465.2699890136719,458.1000061035156,461.7799987792969,161600.0
2025-02-24,461.95001220703125,465.8800048828125,459.7300109863281,461.55999755859375,184400.0
2025-02-25,462.739990234375,465.4100036621094,461.2699890136719,462.94000244140625,247500.0
2025-02-26,460.30999755859375,463.3599853515625,453.0899963378906,453.67999267578125,201000.0
2025-02-27,454.1700134277344,458.75,453.2300109863281,454.7099914550781,192100.0
2025-02-28,456.3800048828125,462.3399963378906,453.0199890136719,461.739990234375,292600.0
2025-03-03,464.7900085449219,466.739990234375,456.1700134277344,458.0899963378906,229200.0
2025-03-04,454.42999267578125,457.95001220703125,442.44000244140625,444.7200012207031,284100.0
2025-03-05,443.1099853515625,449.0400085449219,440.8900146484375,445.4200134277344,271600.0
2025-03-06,440.239990234375,444.9100036621094,437.82000732421875,441.70001220703125,228700.0
2025-03-07,437.1400146484375,442.25,431.67999267578125,440.7300109863281,248900.0
2025-03-10,438.0299987792969,451.6199951171875,437.5299987792969,442.9100036621094,296800.0
2025-03-11,442.3599853515625,448.69000244140625,430.0,431.1700134277344,365200.0
2025-03-12,431.6600036621094,433.1600036621094,423.6099853515625,429.8699951171875,292100.0
2025-03-13,430.739990234375,432.67999267578125,425.3399963378906,427.5,242000.0
2025-03-14,429.20001220703125,437.05999755859375,428.7099914550781,436.8500061035156,242600.0
2025-03-17,435.0199890136719,442.0199890136719,433.9599914550781,439.6499938964844,337000.0
2025-03-18,438.7099914550781,441.82000732421875,434.9700012207031,439.82000732421875,234400.0
2025-03-19,438.5400085449219,442.9200134277344,435.95001220703125,438.3999938964844,530100.0
2025-03-20,435.760009765625,449.4700012207031,423.80999755859375,430.92999267578125,587500.0
2025-03-21,425.7799987792969,433.5,423.55999755859375,432.8599853515625,541000.0
2025-03-24,435.5899963378906,440.57000732421875,431.4800109863281,432.1099853515625,340000.0
2025-03-25,435.5199890136719,440.760009765625,433.1199951171875,439.3999938964844,266000.0
2025-03-26,441.42999267578125,442.989990234375,438.5400085449219,441.239990234375,244300.0
2025-03-27,442.739990234375,451.1199951171875,442.2099914550781,449.2300109863281,287500.0
2025-03-28,450.0,452.0799865722656,445.1300048828125,448.760009765625,312800.0
2025-03-31,448.07000732421875,456.010009765625,444.80999755859375,454.6400146484375,399200.0
2025-04-01,454.8599853515625,460.3900146484375,452.3900146484375,457.010009765625,263500.0
2025-04-02,456.510009765625,456.510009765625,448.239990234375,451.7200012207031,375300.0
2025-04-03,442.75,454.1700134277344,436.67999267578125,437.1499938964844,338600.0
2025-04-04,433.6700134277344,439.260009765625,414.54998779296875,416.19000244140625,769300.0
2025-04-07,423.4700012207031,423.4700012207031,400.54998779296875,405.5799865722656,554600.0
2025-04-08,417.19000244140625,417.19000244140625,394.1099853515625,398.8500061035156,311700.0
2025-04-09,395.2099914550781,428.4200134277344,391.69000244140625,426.82000732421875,457500.0
2025-04-10,421.6499938964844,423.0899963378906,407.239990234375,416.69000244140625,294900.0
2025-04-11,414.07000732421875,428.4700012207031,405.04998779296875,425.44000244140625,266500.0
2025-04-14,431.75,436.6499938964844,426.0400085449219,433.0,269500.0
2025-04-15,434.05999755859375,437.989990234375,432.7200012207031,436.2300109863281,395700.0
2025-04-16,434.0,435.1600036621094,425.1300048828125,427.2300109863281,243100.0
2025-04-17,426.79998779296875,430.92999267578125,425.6700134277344,427.04998779296875,255300.0
2025-04-21,423.7200012207031,423.7200012207031,409.20001220703125,413.0299987792969,210700.0
2025-04-22,416.0,425.6000061035156,416.0,423.9599914550781,222100.0
2025-04-23,428.4100036621094,436.7300109863281,424.07000732421875,425.5199890136719,253200.0
2025-04-24,425.989990234375,430.7900085449219,423.6499938964844,428.1499938964844,174200.0
2025-04-25,427.010009765625,428.0,423.0799865722656,424.4700012207031,151600.0
2025-04-28,426.94000244140625,428.6600036621094,420.0,422.8999938964844,227300.0
2025-04-29,423.2200012207031,429.6000061035156,421.6099853515625,428.7099914550781,209500.0
2025-04-30,425.57000732421875,433.0,422.4800109863281,432.2200012207031,285200.0
2025-05-01,431.0899963378906,434.6199951171875,429.69000244140625,429.8900146484375,223900.0
2025-05-02,435.6199951171875,437.989990234375,431.7099914550781,434.55999755859375,234600.0
2025-05-05,432.94000244140625,437.6099853515625,431.6300048828125,433.0899963378906,127000.0
2025-05-06,430.3999938964844,435.1400146484375,429.2799987792969,429.82000732421875,243900.0
2025-05-07,431.2699890136719,442.30999755859375,424.989990234375,440.20001220703125,341900.0
2025-05-08,441.0,452.739990234375,438.57000732421875,448.489990234375,357200.0
2025-05-09,449.0799865722656,455.4800109863281,448.510009765625,454.6199951171875,384900.0
2025-05-12,460.4700012207031,461.2799987792969,453.8800048828125,456.3999938964844,330600.0
2025-05-13,457.9800109863281,462.2200012207031,450.79998779296875,451.42999267578125,360800.0
2025-05-14,451.8699951171875,461.5,447.5899963378906,459.8699951171875,371400.0
2025-05-15,461.3800048828125,469.42999267578125,461.3800048828125,469.4100036621094,425700.0
2025-05-16,469.1499938964844,474.7900085449219,466.0899963378906,473.32000732421875,679100.0
2025-05-19,470.1400146484375,473.3299865722656,466.7699890136719,470.3900146484375,240000.0
2025-05-20,467.8699951171875,471.9200134277344,465.8399963378906,470.1600036621094,326600.0
2025-05-21,468.3900146484375,471.6400146484375,463.30999755859375,464.30999755859375,352400.0
2025-05-22,461.7699890136719,465.2300109863281,459.8500061035156,463.989990234375,267000.0
2025-05-23,458.6600036621094,465.3999938964844,458.6600036621094,462.79998779296875,171300.0
2025-05-27,465.32000732421875,469.44000244140625,461.8800048828125,462.989990234375,309700.0
2025-05-28,468.6000061035156,468.6000061035156,459.9800109863281,460.2699890136719,219800.0
2025-05-29,458.8900146484375,465.80999755859375,443.1400146484375,465.57000732421875,167600.0
2025-05-30,464.4200134277344,464.55999755859375,450.7799987792969,458.260009765625,554100.0
2025-06-02,454.5799865722656,457.20001220703125,448.6600036621094,456.55999755859375,271400.0
2025-06-03,454.8399963378906,455.7300109863281,431.1600036621094,434.5199890136719,818600.0
2025-06-04,435.3599853515625,438.8999938964844,433.30999755859375,433.7900085449219,568300.0
2025-06-05,434.32000732421875,435.989990234375,430.6300048828125,431.4800109863281,306800.0
2025-06-06,433.6300048828125,435.19000244140625,429.25,432.3500061035156,225600.0
2025-06-09,431.9800109863281,431.9800109863281,421.1499938964844,426.760009765625,223500.0
2025-06-10,426.760009765625,427.8800048828125,423.82000732421875,425.6000061035156,205700.0
2025-06-11,425.3399963378906,426.19000244140625,421.3399963378906,423.3800048828125,248400.0
2025-06-12,421.7900085449219,424.9200134277344,420.0,424.1700134277344,506900.0
2025-06-13,421.25,424.1499938964844,418.2200012207031,419.8999938964844,326000.0
2025-06-16,423.0299987792969,426.010009765625,419.7200012207031,421.29998779296875,338800.0
2025-06-17,417.6000061035156,424.94000244140625,417.6000061035156,423.70001220703125,520800.0
2025-06-18,424.1000061035156,428.4700012207031,421.739990234375,425.0400085449219,389000.0
2025-06-20,425.82000732421875,428.3599853515625,419.6099853515625,422.3399963378906,763300.0
2025-06-23,438.1600036621094,445.8299865722656,430.20001220703125,437.0299987792969,763500.0
2025-06-24,437.79998779296875,439.92999267578125,428.5,437.6000061035156,594100.0
2025-06-25,435.8999938964844,441.0299987792969,429.8299865722656,439.8699951171875,291900.0
2025-06-26,441.8399963378906,442.6000061035156,437.0,437.0299987792969,306100.0
2025-06-27,438.3299865722656,448.3299865722656,434.9599914550781,441.42999267578125,713000.0
2025-06-30,441.42999267578125,449.07000732421875,438.2200012207031,447.2799987792969,267000.0
2025-07-01,445.1199951171875,451.0799865722656,442.75,450.29998779296875,201000.0
2025-07-02,448.8999938964844,450.6300048828125,443.75,447.7099914550781,191300.0
2025-07-03,447.6099853515625,450.4800109863281,445.29998779296875,447.94000244140625,185700.0
2025-07-07,447.94000244140625,450.3299865722656,444.8699951171875,447.8900146484375,260600.0
2025-07-08,446.9700012207031,449.739990234375,441.239990234375,444.57000732421875,310600.0
2025-07-09,444.0,447.8299865722656,439.8399963378906,447.80999755859375,146800.0
2025-07-10,444.6199951171875,453.0,444.6199951171875,449.9800109863281,255300.0
2025-07-11,448.3800048828125,450.0,444.6600036621094,446.2099914550781,232200.0
2025-07-14,446.3500061035156,453.4100036621094,439.010009765625,440.010009765625,498500.0
2025-07-15,440.010009765625,441.42999267578125,433.5299987792969,434.1499938964844,347600.0
2025-07-16,434.79998779296875,437.3800048828125,429.9599914550781,436.3299865722656,252100.0
2025-07-17,436.1300048828125,438.9700012207031,432.8599853515625,436.57000732421875,218500.0
2025-07-18,436.989990234375,439.1099853515625,431.9100036621094,432.32000732421875,421300.0
2025-07-21,432.7099914550781,432.8800048828125,422.79998779296875,423.0799865722656,274800.0
2025-07-22,422.04998779296875,427.0,413.8800048828125,417.2300109863281,328400.0
2025-07-23,416.3699951171875,418.1499938964844,413.44000244140625,416.260009765625,310800.0
2025-07-24,414.5899963378906,422.82000732421875,412.0,421.4599914550781,303900.0
2025-07-25,420.489990234375,424.6199951171875,415.92999267578125,419.5400085449219,348100.0
2025-07-28,417.5400085449219,419.2200012207031,413.70001220703125,414.1400146484375,243000.0
2025-07-29,416.4700012207031,417.30999755859375,411.260009765625,415.489990234375,292400.0
2025-07-30,416.1199951171875,418.05999755859375,407.2799987792969,409.1600036621094,332900.0
2025-07-31,408.05999755859375,409.1600036621094,390.8299865722656,402.8999938964844,946900.0
2025-08-01,403.1400146484375,404.0899963378906,389.0799865722656,391.3299865722656,470200.0
2025-08-04,393.5199890136719,398.5,391.57000732421875,396.1600036621094,374500.0
2025-08-05,396.5299987792969,398.0,383.2699890136719,387.510009765625,531500.0
2025-08-06,388.0799865722656,392.4599914550781,385.07000732421875,391.9100036621094,462200.0
2025-08-07,394.3299865722656,396.05999755859375,384.5799865722656,386.6700134277344,246700.0
2025-08-08,387.510009765625,389.9599914550781,381.29998779296875,382.42999267578125,219000.0
2025-08-11,382.3999938964844,384.489990234375,376.8399963378906,377.57000732421875,405400.0
2025-08-12,378.3399963378906,378.3399963378906,368.0400085449219,370.739990234375,481900.0
2025-08-13,371.7699890136719,378.54998779296875,367.3599853515625,376.20001220703125,543000.0
2025-08-14,376.0400085449219,379.1000061035156,372.4800109863281,374.9599914550781,275600.0
2025-08-15,376.04998779296875,376.17999267578125,368.989990234375,369.6199951171875,491800.0
2025-08-18,370.0,371.7200012207031,365.760009765625,371.1499938964844,465000.0
2025-08-19,369.5199890136719,375.5899963378906,369.5199890136719,374.1000061035156,505700.0
2025-08-20,376.7099914550781,387.75,374.4599914550781,387.6400146484375,761900.0
2025-08-21,384.95001220703125,387.2099914550781,375.3699951171875,376.9599914550781,464000.0
2025-08-22,378.3699951171875,385.6300048828125,373.4800109863281,381.6199951171875,380100.0
2025-08-25,381.0400085449219,386.3299865722656,380.0199890136719,382.6499938964844,432900.0
2025-08-26,381.6199951171875,386.5199890136719,375.1499938964844,380.0,506300.0
2025-08-27,379.0,384.3299865722656,378.92999267578125,380.2200012207031,403000.0
2025-08-28,380.04998779296875,381.67999267578125,374.82000732421875,375.7699890136719,298500.0
2025-08-29,374.8699951171875,375.5299987792969,371.3800048828125,373.32000732421875,334700.0
2025-09-02,371.92999267578125,372.8800048828125,362.4100036621094,368.8800048828125,499000.0
2025-09-03,367.3699951171875,371.0299987792969,365.6199951171875,370.79998779296875,297600.0
2025-09-04,372.05999755859375,372.05999755859375,366.1199951171875,369.4800109863281,348300.0
2025-09-05,370.3900146484375,373.1000061035156,368.54998779296875,371.010009765625,313600.0
2025-09-08,371.5299987792969,377.07000732421875,369.44000244140625,375.3399963378906,500500.0
2025-09-09,372.79998779296875,375.5,368.70001220703125,372.8599853515625,399600.0
2025-09-10,371.5299987792969,371.5299987792969,360.82000732421875,361.760009765625,437700.0
2025-09-11,363.3599853515625,370.6099853515625,362.3399963378906,370.5,454300.0
2025-09-12,370.010009765625,370.9800109863281,361.7300109863281,361.8399963378906,444400.0
2025-09-15,363.3299865722656,364.8299865722656,343.6000061035156,344.42999267578125,842800.0
2025-09-16,344.1400146484375,346.2799987792969,341.7900085449219,345.19000244140625,639700.0
2025-09-17,345.94000244140625,348.3900146484375,332.79998779296875,336.0400085449219,1082500.0
2025-09-18,338.5299987792969,338.5299987792969,297.8599853515625,301.2300109863281,2608100.0
2025-09-19,304.5,304.75,288.8399963378906,289.1499938964844,1781600.0
2025-09-22,294.5,301.75,293.8599853515625,295.6300048828125,1391600.0
2025-09-23,296.3999938964844,296.7699890136719,286.5199890136719,288.4100036621094,1100000.0
2025-09-24,288.0,291.2200012207031,284.3900146484375,286.1600036621094,934600.0
2025-09-25,286.8999938964844,287.69000244140625,282.010009765625,283.8599853515625,670700.0
2025-09-26,285.239990234375,292.0199890136719,284.4200134277344,289.69000244140625,546700.0
2025-09-29,291.0199890136719,292.1099853515625,287.29998779296875,290.6700134277344,656200.0
2025-09-30,290.0,290.3900146484375,284.1600036621094,286.489990234375,592400.0
2025-10-01,287.1300048828125,289.1300048828125,282.0,286.7300109863281,725000.0
2025-10-02,286.0,289.5400085449219,280.20001220703125,281.8800048828125,766000.0
2025-10-03,281.70001220703125,283.5199890136719,280.0299987792969,282.3299865722656,543200.0
2025-10-06,283.3399963378906,283.739990234375,272.5,275.010009765625,1113300.0
2025-10-07,276.54998779296875,280.04998779296875,274.1300048828125,276.92999267578125,604300.0
2025-10-08,278.9100036621094,281.6099853515625,273.8500061035156,281.4700012207031,688100.0
2025-10-09,285.45001220703125,287.6400146484375,280.5400085449219,283.0799865722656,1141400.0
2025-10-10,285.0,289.29998779296875,281.0,283.1300048828125,1170700.0
2025-10-13,284.3299865722656,288.8699951171875,283.8900146484375,285.989990234375,629200.0
2025-10-14,285.0,289.4599914550781,281.0400085449219,285.75,946300.0
2025-10-15,285.9800109863281,291.5,283.20001220703125,283.95001220703125,481800.0
2025-10-16,284.0,284.29998779296875,275.239990234375,278.010009765625,543100.0
2025-10-17,278.8599853515625,289.4800109863281,277.0799865722656,286.6700134277344,796000.0
2025-10-20,285.8399963378906,292.42999267578125,285.8399963378906,290.4100036621094,821600.0
2025-10-21,289.8999938964844,296.79998779296875,285.5,294.1099853515625,919100.0
2025-10-22,292.5400085449219,294.95001220703125,289.20001220703125,289.9200134277344,672600.0
2025-10-23,289.9200134277344,292.2099914550781,286.3800048828125,286.8399963378906,739800.0
2025-10-24,289.6199951171875,289.6199951171875,284.75,285.29998779296875,793100.0
2025-10-27,287.57000732421875,291.8599853515625,285.6600036621094,290.3299865722656,728200.0
2025-10-28,290.0,293.8500061035156,287.0299987792969,288.3999938964844,601700.0
2025-10-29,287.05999755859375,287.05999755859375,266.6199951171875,266.8900146484375,1219400.0
2025-10-30,268.6499938964844,275.0,266.1300048828125,269.0400085449219,1049900.0
2025-10-31,267.6499938964844,269.20001220703125,265.1099853515625,266.79998779296875,1474000.0
2025-11-03,266.2900085449219,267.95001220703125,260.0,264.57000732421875,888500.0
2025-11-04,265.6300048828125,266.42999267578125,258.1499938964844,264.5799865722656,814200.0
2025-11-05,263.17999267578125,264.0,259.7799987792969,261.1400146484375,693700.0
2025-11-06,258.1600036621094,258.67999267578125,250.5,253.6199951171875,1405600.0
2025-11-07,255.1199951171875,264.7799987792969,254.0399932861328,262.6000061035156,753600.0
2025-11-10,261.989990234375,266.5799865722656,258.4599914550781,265.0899963378906,688500.0
2025-11-11,268.0,274.0,266.2200012207031,271.55999755859375,707100.0
2025-11-12,274.0,274.0,268.010009765625,271.8800048828125,490700.0
2025-11-13,269.4599914550781,281.9800109863281,268.25,277.94000244140625,944800.0
2025-11-14,277.3699951171875,280.19000244140625,271.3800048828125,273.9100036621094,677700.0
2025-11-17,272.260009765625,274.739990234375,270.5199890136719,273.6499938964844,1138300.0
2025-11-18,274.260009765625,275.239990234375,269.20001220703125,272.1099853515625,828300.0
2025-11-19,272.0,274.0,266.4599914550781,267.0199890136719,571700.0
2025-11-20,267.1000061035156,275.1199951171875,267.1000061035156,273.04998779296875,638700.0
2025-11-21,275.0899963378906,279.69000244140625,273.2900085449219,277.0199890136719,946200.0
2025-11-24,273.67999267578125,275.8999938964844,270.8399963378906,271.760009765625,3959800.0
2025-11-25,276.1499938964844,280.8800048828125,274.6000061035156,278.7300109863281,653800.0
2025-11-26,276.7900085449219,280.2099914550781,276.7900085449219,277.4100036621094,451300.0
2025-11-28,278.7300109863281,280.239990234375,276.9599914550781,277.2699890136719,273100.0
2025-12-01,275.0,281.8500061035156,273.4599914550781,277.1300048828125,876100.0
2025-12-02,276.760009765625,279.1199951171875,273.0,278.2799987792969,615800.0
2025-12-03,278.1300048828125,282.6499938964844,276.3500061035156,279.1499938964844,496900.0
2025-12-04,281.6199951171875,284.1199951171875,277.2099914550781,278.9200134277344,352200.0
2025-12-05,278.2900085449219,291.6199951171875,278.010009765625,290.6300048828125,1489400.0
2025-12-08,288.1600036621094,290.0,282.45001220703125,286.8900146484375,870000.0
2025-12-09,286.4700012207031,290.44000244140625,286.2300109863281,287.55999755859375,816900.0
2025-12-10,288.0400085449219,290.19000244140625,284.2300109863281,288.20001220703125,709400.0
2025-12-11,291.0799865722656,297.9100036621094,290.7200012207031,291.54998779296875,615000.0
2025-12-12,292.6499938964844,294.6600036621094,289.67999267578125,292.4700012207031,634700.0
2025-12-15,292.2699890136719,293.3900146484375,288.7300109863281,292.0299987792969,706100.0
2025-12-16,292.760009765625,293.54998779296875,290.1400146484375,293.0,756300.0
2025-12-17,297.04998779296875,300.2799987792969,294.80999755859375,296.1300048828125,878300.0
2025-12-18,302.69000244140625,306.1000061035156,268.260009765625,273.3900146484375,2253800.0
2025-12-19,277.54998779296875,289.6400146484375,275.8999938964844,288.5400085449219,2270600.0
2025-12-22,288.5400085449219,295.42999267578125,288.5,290.94000244140625,716100.0
2025-12-23,291.5899963378906,291.7200012207031,288.8900146484375,290.8800048828125,421600.0
2025-12-24,291.32000732421875,292.9599914550781,287.69000244140625,290.0899963378906,228500.0
2025-12-26,290.0,292.70001220703125,288.5,292.1300048828125,327900.0
2025-12-29,293.3399963378906,295.3599853515625,291.1700134277344,293.42999267578125,475600.0
2025-12-30,291.69000244140625,293.8500061035156,290.0,291.3999938964844,391300.0
2025-12-31,290.5199890136719,293.69000244140625,289.8500061035156,290.19000244140625,422400.0
2026-01-02,288.54998779296875,289.19000244140625,283.0199890136719,284.8999938964844,682000.0
2026-01-05,280.57000732421875,289.3599853515625,280.010009765625,286.3599853515625,615500.0
2026-01-06,286.0400085449219,293.3699951171875,283.1499938964844,292.7900085449219,497200.0
2026-01-07,293.3500061035156,295.9200134277344,289.4599914550781,292.95001220703125,363200.0
2026-01-08,292.1499938964844,299.510009765625,290.7099914550781,294.1700134277344,510200.0
2026-01-09,296.4599914550781,297.3599853515625,290.2200012207031,294.45001220703125,459700.0
2026-01-12,297.3800048828125,300.6300048828125,294.8800048828125,296.9200134277344,395700.0
2026-01-13,296.94000244140625,297.9200134277344,286.2699890136719,291.7699890136719,613700.0
2026-01-14,291.1099853515625,296.0400085449219,289.44000244140625,295.2699890136719,449500.0
2026-01-15,293.82000732421875,296.6499938964844,288.9800109863281,289.67999267578125,537100.0
2026-01-16,287.7300109863281,290.2200012207031,282.0,288.6000061035156,668100.0
2026-01-20,285.0,289.5400085449219,276.57000732421875,277.04998779296875,800400.0
2026-01-21,278.29998779296875,285.6499938964844,278.0,284.1300048828125,458600.0
2026-01-22,285.54998779296875,290.2099914550781,285.54998779296875,288.7900085449219,362100.0
2026-01-23,289.2900085449219,290.75,284.3500061035156,286.67999267578125,256800.0
2026-01-26,287.0899963378906,288.7099914550781,283.75,286.3299865722656,293600.0
2026-01-27,285.1600036621094,286.3599853515625,265.6300048828125,268.6600036621094,918900.0
2026-01-28,268.29998779296875,272.67999267578125,263.0199890136719,269.8599853515625,788100.0
2026-01-29,268.69000244140625,272.2699890136719,249.67999267578125,252.7899932861328,1258000.0
2026-01-30,252.82000732421875,257.32000732421875,250.39999389648438,254.36000061035156,1028100.0
2026-02-02,254.61000061035156,256.9700012207031,245.33999633789062,248.75999450683594,957500.0
2026-02-03,238.5,239.47000122070312,220.66000366210938,222.6199951171875,2296900.0
2026-02-04,220.00999450683594,227.27000427246094,213.19000244140625,225.42999267578125,1551900.0
2026-02-05,228.92999267578125,234.3300018310547,201.8000030517578,209.17999267578125,2317600.0
2026-02-06,212.8800048828125,215.52999877929688,206.27999877929688,207.32000732421875,1265900.0
2026-02-09,205.27000427246094,207.0800018310547,201.5,203.22000122070312,1276100.0
2026-02-10,195.5,210.0,191.35000610351562,204.80999755859375,1825700.0
2026-02-11,202.5399932861328,205.5,192.1300048828125,193.75999450683594,1348600.0
2026-02-12,194.19000244140625,203.77000427246094,190.5800018310547,201.9499969482422,2185900.0
2026-02-13,203.82000732421875,206.22000122070312,198.6199951171875,205.7899932861328,920700.0
2026-02-17,201.07000732421875,205.0,185.0,190.05999755859375,1453500.0
2026-02-18,191.41000366210938,199.52000427246094,191.41000366210938,197.9199981689453,1291300.0
2026-02-19,197.9199981689453,202.0,194.16000366210938,198.8800048828125,952900.0
2026-02-20,198.5500030517578,201.6199951171875,194.2899932861328,195.0500030517578,746300.0
2026-02-23,192.91000366210938,196.44000244140625,189.07000732421875,190.25999450683594,1179400.0
2026-02-24,190.14999389648438,204.5,189.50999450683594,201.49000549316406,1477400.0
2026-02-25,202.0,207.92999267578125,195.25999450683594,206.6199951171875,1146800.0
2026-02-26,208.5500030517578,216.5800018310547,207.6999969482422,214.27000427246094,1162300.0
2026-02-27,211.00999450683594,217.67999267578125,208.38999938964844,216.80999755859375,1208400.0
2026-03-02,213.58999633789062,221.32000732421875,212.97999572753906,219.94000244140625,793600.0
2026-03-03,217.42999267578125,223.80999755859375,215.1300048828125,222.8699951171875,838700.0
2026-03-04,221.3699951171875,228.25,219.3699951171875,225.39999389648438,961600.0
2026-03-05,224.61000061035156,230.02999877929688,220.0,224.9199981689453,982300.0
2026-03-06,222.75,227.0800018310547,219.72999572753906,225.8699951171875,777100.0
2026-03-09,224.05999755859375,225.0500030517578,217.0,221.0399932861328,892800.0
2026-03-10,221.16000366210938,221.99000549316406,207.4600067138672,212.00999450683594,865300.0
2026-03-11,213.27999877929688,216.02000427246094,201.9499969482422,205.5399932861328,1031700.0
2026-03-12,206.22999572753906,210.8800048828125,202.4600067138672,203.60000610351562,983900.0
2026-03-13,205.38999938964844,208.0,201.6699981689453,205.64999389648438,690400.0
2026-03-16,206.10000610351562,209.11000061035156,203.94000244140625,207.4600067138672,989200.0
2026-03-17,209.42999267578125,214.8800048828125,208.22999572753906,209.0,755000.0
2026-03-18,206.0,210.74000549316406,203.8300018310547,207.82000732421875,904900.0
2026-03-19,205.74000549316406,211.33999633789062,203.3699951171875,208.83999633789062,659700.0
2026-03-20,208.02999877929688,212.4199981689453,206.0,209.27000427246094,2000300.0
2026-03-23,211.35000610351562,212.91000366210938,205.97000122070312,208.47000122070312,795200.0
2026-03-24,207.1699981689453,207.72999572753906,195.89999389648438,197.39999389648438,792400.0
2026-03-25,200.0,201.97000122070312,191.22999572753906,193.8800048828125,823000.0
2026-03-26,193.72999572753906,200.0,192.4499969482422,196.27000427246094,728100.0
2026-03-27,196.16000366210938,200.52999877929688,191.6300048828125,198.3300018310547,957900.0
2026-03-30,199.69000244140625,206.2899932861328,198.25999450683594,204.5500030517578,1356800.0
2026-03-31,215.6999969482422,222.5,210.58999633789062,216.99000549316406,2220800.0
2026-04-01,215.86000061035156,227.4499969482422,214.24000549316406,224.86000061035156,1689300.0
2026-04-02,225.0500030517578,231.2100067138672,222.22000122070312,227.67999267578125,1012300.0
2026-04-06,227.5399932861328,231.9600067138672,224.3699951171875,230.94000244140625,812800.0
2026-04-07,230.72000122070312,232.5500030517578,225.5,227.60000610351562,723200.0
2026-04-08,223.17999267578125,226.2899932861328,218.63999938964844,222.97000122070312,1636300.0
2026-04-09,223.5,224.5500030517578,211.57000732421875,213.52000427246094,1438300.0
2026-04-10,214.8800048828125,216.24000549316406,210.25999450683594,211.60000610351562,1302100.0
2026-04-13,212.4199981689453,226.97000122070312,212.4199981689453,226.4199981689453,1117500.0
2026-04-14,228.22999572753906,229.30999755859375,221.6300048828125,223.5500030517578,848700.0
2026-04-15,225.67999267578125,232.66000366210938,225.5,230.75,810500.0
2026-04-16,231.94000244140625,234.35000610351562,229.52999877929688,231.85000610351562,813500.0
2026-04-17,232.47999572753906,233.77000427246094,230.41000366210938,232.72999572753906,765600.0
2026-04-20,232.30999755859375,236.58999633789062,230.52000427246094,235.8800048828125,981700.0
2026-04-21,237.41000366210938,247.3300018310547,236.0500030517578,240.32000732421875,791000.0
2026-04-22,243.9199981689453,245.52000427246094,239.41000366210938,242.72000122070312,716000.0
2026-04-23,239.52000427246094,241.1199951171875,222.4499969482422,228.0800018310547,908500.0
2026-04-24,227.38999938964844,228.9499969482422,221.85000610351562,224.1199951171875,768900.0
2026-04-27,224.22000122070312,229.6199951171875,222.89999389648438,225.3300018310547,587400.0
2026-04-28,228.1199951171875,231.7899932861328,225.3699951171875,229.55999755859375,522800.0
2026-04-29,233.0,236.1699981689453,229.02999877929688,232.32000732421875,683000.0
2026-04-30,226.47999572753906,228.19000244140625,222.00999450683594,227.5800018310547,973200.0
2026-05-01,231.64999389648438,235.5500030517578,227.5800018310547,227.5800018310547,619800.0
2026-05-04,226.9199981689453,229.97999572753906,224.38999938964844,224.44000244140625,584500.0
2026-05-05,226.36000061035156,227.5,203.42999267578125,219.4199981689453,1626100.0
2026-05-06,216.1300048828125,217.64999389648438,211.61000061035156,211.7899932861328,823300.0
2026-05-07,210.89999389648438,227.07000732421875,210.86000061035156,223.97999572753906,813700.0
2026-05-08,221.1300048828125,226.3800048828125,215.36000061035156,223.61000061035156,775400.0
2026-05-11,221.2899932861328,224.77000427246094,218.11000061035156,219.19000244140625,553100.0
2026-05-12,219.8300018310547,223.10000610351562,214.4600067138672,215.9199981689453,1154700.0
2026-05-13,213.3000030517578,213.3000030517578,198.0,201.8699951171875,1153300.0
2026-05-14,203.02999877929688,205.4499969482422,198.89999389648438,199.86000061035156,895500.0
2026-05-15,203.41000366210938,214.30999755859375,203.41000366210938,212.5800018310547,1192400.0
2026-05-18,212.38999938964844,227.7100067138672,212.38999938964844,224.35000610351562,1053900.0
2026-05-19,229.77000427246094,232.44000244140625,220.88999938964844,221.92999267578125,1102600.0
2026-05-20,218.94000244140625,225.6199951171875,215.0,223.67999267578125,717300.0
2026-05-21,220.97999572753906,226.14999389648438,219.3000030517578,225.00999450683594,590700.0
2026-05-22,225.6300048828125,234.1300048828125,225.6300048828125,232.0,498800.0
2026-05-26,229.00999450683594,235.9600067138672,227.92999267578125,230.9199981689453,697700.0
2026-05-27,230.08999633789062,237.64999389648438,230.02000427246094,235.72999572753906,690400.0
2026-05-28,234.24000549316406,244.97999572753906,234.24000549316406,238.89999389648438,881500.0
2026-05-29,237.0800018310547,250.97999572753906,236.9600067138672,245.47000122070312,996500.0
2026-06-01,249.14999389648438,272.3999938964844,247.63999938964844,270.8500061035156,1674800.0
2026-06-02,265.4200134277344,265.92999267578125,249.24000549316406,255.82000732421875,1166700.0
2026-06-03,258.1300048828125,258.1300048828125,244.08999633789062,253.44000244140625,792300.0
2026-06-04,259.489990234375,264.3699951171875,254.82000732421875,255.02000427246094,940900.0
2026-06-05,257.5899963378906,259.0,249.27000427246094,255.6199951171875,626300.0
2026-06-08,251.7899932861328,256.6499938964844,245.58999633789062,246.3800048828125,1046400.0
2026-06-09,245.30999755859375,251.0500030517578,243.77000427246094,246.07000732421875,671700.0
2026-06-10,243.1999969482422,249.1999969482422,238.3000030517578,249.0800018310547,605700.0
2026-06-11,251.11000061035156,251.11000061035156,235.72999572753906,236.63999938964844,932900.0
2026-06-12,237.0,243.24000549316406,231.14999389648438,241.16000366210938,2059000.0
2026-06-15,238.74000549316406,247.0800018310547,234.66000366210938,235.86000061035156,579200.0
2026-06-16,237.77000427246094,241.74000549316406,235.00999450683594,237.55999755859375,562600.0
2026-06-17,234.86000061035156,240.57000732421875,228.3000030517578,228.3000030517578,648900.0
2026-06-18,218.67999267578125,223.99000549316406,216.55999755859375,221.2899932861328,1732900.0
2026-06-22,221.27999877929688,223.8000030517578,214.22000122070312,218.6199951171875,940500.0
2026-06-23,224.0,227.5800018310547,216.39999389648438,218.14999389648438,1055600.0
2026-06-24,219.39999389648438,224.25999450683594,215.9499969482422,216.4499969482422,838000.0
2026-06-25,216.30999755859375,219.4600067138672,207.9600067138672,208.83999633789062,912500.0
2026-06-26,208.00999450683594,232.67999267578125,208.00999450683594,231.74000549316406,1547100.0
2026-06-29,233.63999938964844,236.32000732421875,228.0,233.6199951171875,1206700.0
2026-06-30,232.80999755859375,235.0,226.86000061035156,230.0800018310547,1144000.0
2026-07-01,222.0,254.19000244140625,221.25,245.5500030517578,1960100.0
2026-07-02,250.0,254.82000732421875,245.80999755859375,250.08999633789062,1268000.0
2026-07-06,246.97000122070312,255.82000732421875,241.3300018310547,252.1999969482422,1161600.0
2026-07-07,256.1400146484375,261.7799987792969,254.0399932861328,258.29998779296875,753800.0
2026-07-08,256.32000732421875,257.6099853515625,247.0,247.82000732421875,1029600.0
2026-07-09,243.88999938964844,247.99000549316406,236.1999969482422,241.89999389648438,783100.0
2026-07-10,244.8800048828125,251.42999267578125,244.7100067138672,247.11000061035156,530000.0
2026-07-13,252.80999755859375,263.3399963378906,250.25999450683594,263.1099853515625,929600.0
2026-07-14,253.66000366210938,255.74000549316406,248.6199951171875,252.61000061035156,888600.0
2026-07-15,256.8699951171875,260.57000732421875,250.52000427246094,251.19000244140625,592800.0
2026-07-16,255.3699951171875,263.7900085449219,253.16000366210938,262.4599914550781,840600.0
2026-07-17,261.2200012207031,269.7900085449219,255.47999572753906,258.0899963378906,1410400.0
2026-07-20,254.99000549316406,259.7099914550781,251.6999969482422,255.7899932861328,801300.0
2026-07-21,247.00999450683594,253.5399932861328,242.5500030517578,246.9499969482422,780300.0
2026-07-22,251.17999267578125,251.36000061035156,244.72999572753906,245.2100067138672,462900.0
2026-07-23,245.5,245.5,240.11000061035156,243.9600067138672,607900.0
2026-07-24,247.52000427246094,256.1000061035156,246.02000427246094,254.36000061035156,824100.0
2026-07-27,260.2200012207031,270.30999755859375,256.2699890136719,265.8999938964844,1759200.0
2026-07-28,269.489990234375,287.8900146484375,269.489990234375,283.8699951171875,1642600.0
2026-07-29,283.6600036621094,295.5799865722656,281.3500061035156,282.0400085449219,1298800.0
2026-07-30,274.17999267578125,279.3900146484375,261.8900146484375,263.0299987792969,1148400.0
2026-07-31,261.2099914550781,264.3699951171875,254.99000549316406,263.20001220703125,674300.0
2026-08-03,269.989990234375,276.510009765625,266.3900146484375,269.67999267578125,497900.0
2026-08-04,264.57000732421875,276.5,264.489990234375,274.489990234375,824600.0
2026-08-05,280.54998779296875,280.54998779296875,273.239990234375,278.0299987792969,729100.0
2026-08-06,276.8900146484375,278.9100036621094,272.0,274.5799865722656,851500.0
2026-08-07,275.75,286.7300109863281,275.75,285.57000732421875,941000.0
2026-08-10,282.55999755859375,287.8299865722656,282.1400146484375,284.1199951171875,703000.0
2026-08-11,281.1000061035156,284.9599914550781,277.0,282.95001220703125,461400.0
2026-08-12,277.8999938964844,282.9100036621094,274.3299865722656,277.989990234375,478300.0
2026-08-13,277.760009765625,289.45001220703125,274.5,287.17999267578125,686900.0
2026-08-14,288.57000732421875,288.57000732421875,278.82000732421875,283.489990234375,1324500.0
2026-08-17,281.5,282.2200012207031,274.95001220703125,276.760009765625,343500.0
2026-08-18,280.29998779296875,290.8800048828125,278.7900085449219,285.4100036621094,639400.0
2026-08-19,285.9200134277344,302.6700134277344,285.45001220703125,298.1000061035156,689700.0
2026-08-20,297.6499938964844,304.29998779296875,293.5799865722656,300.05999755859375,958200.0
2026-08-21,298.57000732421875,302.2200012207031,296.55999755859375,299.9100036621094,499300.0
2026-08-24,299.8500061035156,308.4700012207031,298.95001220703125,305.30999755859375,649500.0
2026-08-25,298.9599914550781,303.260009765625,295.70001220703125,296.0799865722656,2059800.0
2026-08-26,291.4700012207031,298.0,290.44000244140625,295.45001220703125,831700.0
2026-08-27,296.70001220703125,309.3900146484375,290.30999755859375,304.4700012207031,857200.0
2026-08-28,308.69000244140625,309.7900085449219,302.9800109863281,308.9800109863281,715300.0
2026-08-31,307.1700134277344,314.510009765625,303.6499938964844,313.54998779296875,1078900.0
2026-09-01,310.9700012207031,315.0,303.6000061035156,305.44000244140625,952000.0
2026-09-02,301.489990234375,309.0899963378906,299.0,306.07000732421875,524100.0
2026-09-03,310.510009765625,320.4800109863281,307.92999267578125,312.9599914550781,637600.0
2026-09-04,305.7200012207031,306.1099853515625,299.57000732421875,301.9599914550781,633300.0
2026-09-08,302.67999267578125,302.7900085449219,288.80999755859375,289.0,1788800.0
2026-09-09,287.92999267578125,287.95001220703125,279.1600036621094,279.1700134277344,785000.0
2026-09-10,279.260009765625,283.1600036621094,262.2900085449219,262.92999267578125,1496400.0
2026-09-11,264.8999938964844,265.0,255.8699951171875,259.7099914550781,1018200.0
2026-09-14,269.8900146484375,282.6300048828125,269.6700134277344,276.92999267578125,1074900.0
2026-09-15,273.45001220703125,284.8900146484375,270.6000061035156,277.0899963378906,811400.0
2026-09-16,274.44000244140625,277.1400146484375,271.05999755859375,276.4100036621094,700600.0
2026-09-17,273.3399963378906,281.30999755859375,270.760009765625,278.8500061035156,522400.0
2026-09-18,277.7099914550781,286.67999267578125,273.4599914550781,283.8299865722656,1194600.0
2026-09-21,285.1300048828125,289.7799987792969,281.8800048828125,284.1000061035156,669700.0
2026-09-23,276.75,283.69000244140625,275.8299865722656,279.42999267578125,434100.0
2026-09-24,281.94000244140625,285.3399963378906,270.55999755859375,271.25,680000.0
