date,open,high,low,close,volume
2016-09-26,15.5,15.649999618530273,15.270000457763672,15.270000457763672,2009500.0
2016-09-27,15.1899995803833,15.350000381469727,15.100000381469727,15.130000114440918,1548400.0
2016-09-28,15.100000381469727,15.239999771118164,15.029999732971191,15.210000038146973,1735000.0
2016-09-29,15.229999542236328,15.279999732971191,15.029999732971191,15.100000381469727,2241700.0
2016-09-30,15.1899995803833,15.239999771118164,15.0,15.119999885559082,2303400.0
2016-10-03,15.119999885559082,15.149999618530273,14.899999618530273,15.010000228881836,2426400.0
2016-10-04,15.029999732971191,15.109999656677246,14.829999923706055,14.859999656677246,3612800.0
2016-10-05,14.960000038146973,15.100000381469727,14.789999961853027,14.970000267028809,9360000.0
2016-10-06,14.949999809265137,14.970000267028809,14.640000343322754,14.670000076293945,1853100.0
2016-10-07,14.760000228881836,14.770000457763672,14.600000381469727,14.710000038146973,2150500.0
2016-10-10,14.760000228881836,15.119999885559082,14.739999771118164,15.109999656677246,3918500.0
2016-10-11,15.140000343322754,15.180000305175781,14.949999809265137,15.039999961853027,2037800.0
2016-10-12,15.09000015258789,15.109999656677246,14.880000114440918,15.039999961853027,1948200.0
2016-10-13,15.039999961853027,15.039999961853027,14.84000015258789,14.859999656677246,1800800.0
2016-10-14,14.920000076293945,15.239999771118164,14.859999656677246,15.199999809265137,1668400.0
2016-10-17,15.199999809265137,15.239999771118164,15.029999732971191,15.09000015258789,1417700.0
2016-10-18,15.15999984741211,15.600000381469727,15.15999984741211,15.470000267028809,1468000.0
2016-10-19,15.460000038146973,15.550000190734863,15.319999694824219,15.449999809265137,1562700.0
2016-10-20,15.510000228881836,15.819999694824219,15.489999771118164,15.779999732971191,2339900.0
2016-10-21,15.789999961853027,15.800000190734863,15.09000015258789,15.210000038146973,2349100.0
2016-10-24,15.350000381469727,15.579999923706055,15.210000038146973,15.359999656677246,1571400.0
2016-10-25,15.279999732971191,15.579999923706055,15.149999618530273,15.579999923706055,1514700.0
2016-10-26,15.520000457763672,15.65999984741211,15.350000381469727,15.369999885559082,1292000.0
2016-10-27,15.4399995803833,15.479999542236328,15.25,15.329999923706055,929400.0
2016-10-28,15.34000015258789,15.550000190734863,15.319999694824219,15.520000457763672,1414500.0
2016-10-31,15.550000190734863,15.579999923706055,15.399999618530273,15.520000457763672,1992200.0
2016-11-01,15.529999732971191,15.550000190734863,15.100000381469727,15.229999542236328,2357100.0
2016-11-02,15.180000305175781,15.350000381469727,15.140000343322754,15.25,1504400.0
2016-11-03,15.239999771118164,15.260000228881836,15.140000343322754,15.180000305175781,1883300.0
2016-11-04,15.220000267028809,15.380000114440918,15.050000190734863,15.25,1786600.0
2016-11-07,15.390000343322754,15.579999923706055,15.319999694824219,15.510000228881836,1372600.0
2016-11-08,15.529999732971191,15.829999923706055,15.529999732971191,15.649999618530273,2381600.0
2016-11-09,15.4399995803833,15.989999771118164,15.229999542236328,15.869999885559082,2511100.0
2016-11-10,15.920000076293945,16.5,15.489999771118164,15.569999694824219,4041300.0
2016-11-11,15.470000267028809,15.739999771118164,15.430000305175781,15.5,4268400.0
2016-11-14,15.569999694824219,16.329999923706055,15.520000457763672,16.200000762939453,3948400.0
2016-11-15,16.239999771118164,16.5,16.030000686645508,16.049999237060547,3089600.0
2016-11-16,16.079999923706055,16.149999618530273,15.819999694824219,15.829999923706055,1840100.0
2016-11-17,15.729999542236328,15.979999542236328,15.699999809265137,15.899999618530273,1976400.0
2016-11-18,15.949999809265137,16.18000030517578,15.829999923706055,16.110000610351562,1536700.0
2016-11-21,16.139999389648438,16.219999313354492,16.040000915527344,16.200000762939453,1710300.0
2016-11-22,16.350000381469727,16.3700008392334,16.1200008392334,16.18000030517578,2130800.0
2016-11-23,16.170000076293945,16.219999313354492,15.600000381469727,15.619999885559082,3026100.0
2016-11-25,15.760000228881836,15.960000038146973,15.569999694824219,15.960000038146973,1226400.0
2016-11-28,15.970000267028809,16.040000915527344,15.699999809265137,15.779999732971191,2926600.0
2016-11-29,15.84000015258789,15.930000305175781,15.569999694824219,15.579999923706055,1977100.0
2016-11-30,15.40999984741211,15.630000114440918,15.3100004196167,15.520000457763672,2051000.0
2016-12-01,15.550000190734863,15.569999694824219,15.270000457763672,15.319999694824219,1906600.0
2016-12-02,15.40999984741211,15.5,15.3100004196167,15.479999542236328,1632900.0
2016-12-05,15.470000267028809,15.739999771118164,15.470000267028809,15.720000267028809,1348300.0
2016-12-06,15.819999694824219,16.190000534057617,15.680000305175781,16.190000534057617,1950500.0
2016-12-07,16.139999389648438,16.59000015258789,16.100000381469727,16.56999969482422,1915600.0
2016-12-08,16.579999923706055,17.09000015258789,16.309999465942383,17.030000686645508,3056800.0
2016-12-09,17.0,19.950000762939453,16.770000457763672,19.299999237060547,13280900.0
2016-12-12,19.190000534057617,19.299999237060547,18.65999984741211,18.790000915527344,6058500.0
2016-12-13,19.020000457763672,19.549999237060547,19.020000457763672,19.299999237060547,3954800.0
2016-12-14,19.299999237060547,19.389999389648438,18.889999389648438,19.010000228881836,2818600.0
2016-12-15,19.479999542236328,20.059999465942383,19.309999465942383,19.670000076293945,4205700.0
2016-12-16,19.56999969482422,19.6200008392334,19.139999389648438,19.200000762939453,9161100.0
2016-12-19,19.299999237060547,19.31999969482422,19.030000686645508,19.209999084472656,2224400.0
2016-12-20,19.1200008392334,19.309999465942383,19.0,19.06999969482422,3138900.0
2016-12-21,19.059999465942383,19.469999313354492,19.010000228881836,19.399999618530273,3314500.0
2016-12-22,19.3700008392334,19.489999771118164,19.219999313354492,19.350000381469727,1959200.0
2016-12-23,19.299999237060547,19.540000915527344,19.299999237060547,19.520000457763672,1053900.0
2016-12-27,19.559999465942383,19.809999465942383,19.5,19.770000457763672,1512500.0
2016-12-28,19.739999771118164,19.940000534057617,19.649999618530273,19.760000228881836,1607100.0
2016-12-29,19.809999465942383,20.049999237060547,19.809999465942383,20.010000228881836,1267700.0
2016-12-30,20.010000228881836,20.100000381469727,19.829999923706055,19.969999313354492,1787400.0
2017-01-03,19.989999771118164,20.25,19.8700008392334,19.93000030517578,2099300.0
2017-01-04,19.940000534057617,20.200000762939453,19.90999984741211,20.049999237060547,2281100.0
2017-01-05,19.959999084472656,20.100000381469727,19.829999923706055,19.920000076293945,3397500.0
2017-01-06,19.920000076293945,19.950000762939453,19.649999618530273,19.670000076293945,1571800.0
2017-01-09,19.600000381469727,19.65999984741211,19.3700008392334,19.440000534057617,1847700.0
2017-01-10,19.459999084472656,19.59000015258789,19.389999389648438,19.549999237060547,2483300.0
2017-01-11,19.510000228881836,19.920000076293945,19.510000228881836,19.780000686645508,1559200.0
2017-01-12,19.670000076293945,19.809999465942383,19.530000686645508,19.780000686645508,1024300.0
2017-01-13,20.020000457763672,20.15999984741211,19.950000762939453,20.040000915527344,1499500.0
2017-01-17,20.030000686645508,20.049999237060547,19.489999771118164,19.65999984741211,1789800.0
2017-01-18,19.670000076293945,19.809999465942383,19.469999313354492,19.809999465942383,1358400.0
2017-01-19,19.829999923706055,19.889999389648438,19.510000228881836,19.639999389648438,1108600.0
2017-01-20,19.729999542236328,20.0,19.65999984741211,19.799999237060547,1108500.0
2017-01-23,19.709999084472656,19.920000076293945,19.68000030517578,19.84000015258789,1124300.0
2017-01-24,19.81999969482422,20.1299991607666,19.75,19.899999618530273,1662500.0
2017-01-25,19.93000030517578,20.040000915527344,19.829999923706055,19.959999084472656,904500.0
2017-01-26,19.969999313354492,20.010000228881836,19.81999969482422,19.979999542236328,1210400.0
2017-01-27,20.0,20.010000228881836,19.760000228881836,19.969999313354492,1333700.0
2017-01-30,19.959999084472656,19.959999084472656,19.700000762939453,19.940000534057617,1159500.0
2017-01-31,19.8700008392334,20.1200008392334,19.760000228881836,20.110000610351562,1732100.0
2017-02-01,20.09000015258789,20.309999465942383,19.920000076293945,20.040000915527344,1396100.0
2017-02-02,20.079999923706055,20.260000228881836,20.049999237060547,20.170000076293945,1406400.0
2017-02-03,20.280000686645508,20.3700008392334,20.09000015258789,20.239999771118164,1425300.0
2017-02-06,20.270000457763672,20.290000915527344,20.09000015258789,20.170000076293945,1027700.0
2017-02-07,20.209999084472656,20.360000610351562,20.09000015258789,20.239999771118164,1401500.0
2017-02-08,20.239999771118164,20.329999923706055,20.059999465942383,20.329999923706055,1151200.0
2017-02-09,20.329999923706055,20.729999542236328,20.329999923706055,20.700000762939453,1270400.0
2017-02-10,20.829999923706055,20.90999984741211,20.670000076293945,20.709999084472656,1728400.0
2017-02-13,20.610000610351562,21.0,20.489999771118164,20.84000015258789,2722400.0
2017-02-14,19.889999389648438,20.200000762939453,18.649999618530273,18.989999771118164,6310800.0
2017-02-15,19.030000686645508,19.450000762939453,18.899999618530273,19.299999237060547,3895300.0
2017-02-16,19.299999237060547,19.420000076293945,19.079999923706055,19.40999984741211,1756200.0
2017-02-17,19.290000915527344,19.6299991607666,19.1299991607666,19.56999969482422,1931100.0
2017-02-21,19.610000610351562,19.780000686645508,19.40999984741211,19.459999084472656,1259900.0
2017-02-22,19.479999542236328,19.579999923706055,19.149999618530273,19.18000030517578,1922100.0
2017-02-23,19.270000457763672,19.40999984741211,19.100000381469727,19.200000762939453,1931100.0
2017-02-24,19.200000762939453,19.360000610351562,19.170000076293945,19.200000762939453,1673700.0
2017-02-27,19.209999084472656,19.31999969482422,19.059999465942383,19.309999465942383,1356200.0
2017-02-28,19.34000015258789,19.600000381469727,19.260000228881836,19.260000228881836,2466300.0
2017-03-01,19.209999084472656,19.420000076293945,19.190000534057617,19.290000915527344,1305400.0
2017-03-02,19.219999313354492,19.389999389648438,19.190000534057617,19.260000228881836,745700.0
2017-03-03,19.229999542236328,19.270000457763672,19.059999465942383,19.200000762939453,691600.0
2017-03-06,19.15999984741211,19.270000457763672,18.979999542236328,19.170000076293945,939900.0
2017-03-07,19.09000015258789,19.229999542236328,19.020000457763672,19.059999465942383,567700.0
2017-03-08,18.8799991607666,19.200000762939453,18.8700008392334,19.110000610351562,990300.0
2017-03-09,19.139999389648438,19.15999984741211,19.0,19.079999923706055,741800.0
2017-03-10,19.149999618530273,19.25,19.020000457763672,19.170000076293945,1363600.0
2017-03-13,19.170000076293945,19.170000076293945,18.940000534057617,19.079999923706055,1244000.0
2017-03-14,19.079999923706055,19.329999923706055,18.93000030517578,19.290000915527344,1364900.0
2017-03-15,19.270000457763672,19.65999984741211,19.260000228881836,19.579999923706055,1241000.0
2017-03-16,19.520000457763672,19.6200008392334,19.3799991607666,19.530000686645508,932000.0
2017-03-17,19.5,19.739999771118164,19.489999771118164,19.649999618530273,3362600.0
2017-03-20,19.639999389648438,19.799999237060547,19.540000915527344,19.639999389648438,1253700.0
2017-03-21,19.6299991607666,19.700000762939453,19.399999618530273,19.469999313354492,1115200.0
2017-03-22,19.459999084472656,19.540000915527344,19.290000915527344,19.34000015258789,1038000.0
2017-03-23,19.329999923706055,19.549999237060547,19.329999923706055,19.350000381469727,1179200.0
2017-03-24,19.3799991607666,19.579999923706055,19.309999465942383,19.40999984741211,1200400.0
2017-03-27,19.329999923706055,19.479999542236328,19.209999084472656,19.440000534057617,1032000.0
2017-03-28,19.40999984741211,19.450000762939453,19.18000030517578,19.40999984741211,998500.0
2017-03-29,19.5,19.670000076293945,19.450000762939453,19.5,926200.0
2017-03-30,19.5,19.559999465942383,19.360000610351562,19.469999313354492,932800.0
2017-03-31,19.530000686645508,19.59000015258789,19.40999984741211,19.40999984741211,1510500.0
2017-04-03,19.420000076293945,19.520000457763672,19.219999313354492,19.299999237060547,1797600.0
2017-04-04,19.309999465942383,19.389999389648438,19.219999313354492,19.350000381469727,810600.0
2017-04-05,19.3700008392334,19.469999313354492,19.200000762939453,19.219999313354492,1086300.0
2017-04-06,19.229999542236328,19.56999969482422,19.200000762939453,19.530000686645508,1117200.0
2017-04-07,19.459999084472656,19.559999465942383,19.389999389648438,19.420000076293945,598300.0
2017-04-10,19.43000030517578,19.59000015258789,19.309999465942383,19.459999084472656,923100.0
2017-04-11,19.450000762939453,19.489999771118164,19.34000015258789,19.489999771118164,986900.0
2017-04-12,19.59000015258789,19.670000076293945,19.489999771118164,19.59000015258789,882400.0
2017-04-13,19.59000015258789,19.639999389648438,19.270000457763672,19.270000457763672,1049600.0
2017-04-17,19.290000915527344,19.56999969482422,19.15999984741211,19.549999237060547,1003800.0
2017-04-18,19.700000762939453,19.850000381469727,19.56999969482422,19.6299991607666,1199000.0
2017-04-19,19.649999618530273,19.84000015258789,19.600000381469727,19.719999313354492,1058100.0
2017-04-20,19.739999771118164,19.93000030517578,19.649999618530273,19.829999923706055,971400.0
2017-04-21,19.81999969482422,19.899999618530273,19.739999771118164,19.84000015258789,1065000.0
2017-04-24,19.969999313354492,20.0,19.809999465942383,19.8799991607666,1237200.0
2017-04-25,19.889999389648438,20.100000381469727,19.829999923706055,19.84000015258789,946200.0
2017-04-26,19.8700008392334,19.940000534057617,19.75,19.81999969482422,1502400.0
2017-04-27,19.81999969482422,19.979999542236328,19.780000686645508,19.850000381469727,1095600.0
2017-04-28,19.850000381469727,19.8700008392334,19.540000915527344,19.610000610351562,1146400.0
2017-05-01,19.639999389648438,19.719999313354492,19.309999465942383,19.360000610351562,1058900.0
2017-05-02,19.3799991607666,19.43000030517578,18.59000015258789,18.649999618530273,2483200.0
2017-05-03,18.850000381469727,18.93000030517578,18.489999771118164,18.790000915527344,2322000.0
2017-05-04,18.860000610351562,19.020000457763672,18.68000030517578,18.959999084472656,1395900.0
2017-05-05,19.010000228881836,19.09000015258789,18.770000457763672,18.799999237060547,1100500.0
2017-05-08,18.799999237060547,18.940000534057617,18.719999313354492,18.90999984741211,1120400.0
2017-05-09,18.920000076293945,19.1200008392334,18.84000015258789,19.0,1084800.0
2017-05-10,19.030000686645508,19.299999237060547,18.920000076293945,19.270000457763672,874600.0
2017-05-11,19.239999771118164,19.510000228881836,19.110000610351562,19.450000762939453,1069700.0
2017-05-12,19.43000030517578,19.479999542236328,19.229999542236328,19.350000381469727,1096200.0
2017-05-15,19.3700008392334,19.719999313354492,19.290000915527344,19.6299991607666,1220000.0
2017-05-16,19.690000534057617,19.739999771118164,19.5,19.6200008392334,1756200.0
2017-05-17,19.6200008392334,19.709999084472656,19.31999969482422,19.399999618530273,2158500.0
2017-05-18,19.3799991607666,19.6200008392334,18.329999923706055,18.329999923706055,3717000.0
2017-05-19,18.049999237060547,18.59000015258789,17.780000686645508,18.510000228881836,1912500.0
2017-05-22,18.459999084472656,18.799999237060547,18.3799991607666,18.639999389648438,1254500.0
2017-05-23,18.690000534057617,18.760000228881836,18.530000686645508,18.559999465942383,1090300.0
2017-05-24,18.600000381469727,18.739999771118164,18.549999237060547,18.639999389648438,1505100.0
2017-05-25,18.739999771118164,18.790000915527344,18.489999771118164,18.489999771118164,1098500.0
2017-05-26,18.489999771118164,18.56999969482422,18.34000015258789,18.559999465942383,1626100.0
2017-05-30,18.489999771118164,18.559999465942383,18.389999389648438,18.530000686645508,1080700.0
2017-05-31,18.540000915527344,18.6200008392334,18.399999618530273,18.479999542236328,1469600.0
2017-06-01,18.450000762939453,18.8700008392334,18.43000030517578,18.8700008392334,880800.0
2017-06-02,18.889999389648438,18.989999771118164,18.690000534057617,18.700000762939453,1015200.0
2017-06-05,18.530000686645508,18.760000228881836,18.520000457763672,18.68000030517578,864800.0
2017-06-06,18.649999618530273,18.84000015258789,18.520000457763672,18.520000457763672,1040500.0
2017-06-07,18.389999389648438,18.479999542236328,18.079999923706055,18.459999084472656,1518500.0
2017-06-08,18.459999084472656,18.520000457763672,18.239999771118164,18.239999771118164,632500.0
2017-06-09,18.25,18.440000534057617,18.09000015258789,18.280000686645508,914700.0
2017-06-12,18.299999237060547,18.5,18.229999542236328,18.290000915527344,877300.0
2017-06-13,18.31999969482422,18.5,18.229999542236328,18.420000076293945,791400.0
2017-06-14,18.5,18.540000915527344,18.329999923706055,18.389999389648438,844100.0
2017-06-15,18.350000381469727,18.389999389648438,18.170000076293945,18.31999969482422,1050800.0
2017-06-16,18.209999084472656,18.209999084472656,17.31999969482422,17.670000076293945,3998400.0
2017-06-19,17.790000915527344,17.84000015258789,17.56999969482422,17.829999923706055,1152300.0
2017-06-20,17.8799991607666,18.0,17.31999969482422,17.329999923706055,1379000.0
2017-06-21,17.350000381469727,17.639999389648438,17.25,17.3700008392334,2304500.0
2017-06-22,17.3799991607666,17.459999084472656,17.1200008392334,17.350000381469727,1402300.0
2017-06-23,17.350000381469727,17.559999465942383,17.280000686645508,17.540000915527344,4236700.0
2017-06-26,17.579999923706055,17.809999465942383,17.510000228881836,17.709999084472656,972400.0
2017-06-27,17.639999389648438,17.780000686645508,17.56999969482422,17.610000610351562,1107000.0
2017-06-28,17.75,17.90999984741211,17.690000534057617,17.790000915527344,931500.0
2017-06-29,17.790000915527344,17.790000915527344,17.270000457763672,17.3799991607666,754100.0
2017-06-30,17.440000534057617,17.540000915527344,17.299999237060547,17.309999465942383,1119400.0
2017-07-03,17.3700008392334,17.520000457763672,17.209999084472656,17.25,577100.0
2017-07-05,17.219999313354492,17.3700008392334,16.959999084472656,17.0,1288300.0
2017-07-06,16.93000030517578,17.280000686645508,16.8799991607666,17.059999465942383,2311500.0
2017-07-07,17.1299991607666,17.309999465942383,17.049999237060547,17.309999465942383,1079500.0
2017-07-10,17.309999465942383,17.31999969482422,17.030000686645508,17.100000381469727,1295800.0
2017-07-11,17.09000015258789,17.200000762939453,16.899999618530273,17.030000686645508,1085400.0
2017-07-12,17.25,17.290000915527344,17.110000610351562,17.170000076293945,1278300.0
2017-07-13,17.190000534057617,17.3700008392334,17.1200008392334,17.329999923706055,1109000.0
2017-07-14,17.3700008392334,17.579999923706055,17.31999969482422,17.549999237060547,1078300.0
2017-07-17,17.559999465942383,17.690000534057617,17.510000228881836,17.6200008392334,886600.0
2017-07-18,17.6200008392334,17.639999389648438,17.459999084472656,17.489999771118164,1017100.0
2017-07-19,17.5,17.760000228881836,17.450000762939453,17.760000228881836,899800.0
2017-07-20,17.84000015258789,17.950000762939453,17.809999465942383,17.899999618530273,892000.0
2017-07-21,17.90999984741211,17.90999984741211,17.610000610351562,17.799999237060547,586200.0
2017-07-24,17.799999237060547,17.8799991607666,17.65999984741211,17.719999313354492,803600.0
2017-07-25,17.809999465942383,18.059999465942383,17.739999771118164,18.049999237060547,1397500.0
2017-07-26,18.049999237060547,18.049999237060547,17.729999542236328,17.739999771118164,988200.0
2017-07-27,17.81999969482422,17.959999084472656,17.780000686645508,17.959999084472656,1367100.0
2017-07-28,17.729999542236328,17.770000457763672,17.299999237060547,17.399999618530273,1400600.0
2017-07-31,17.350000381469727,17.670000076293945,17.350000381469727,17.59000015258789,1125900.0
2017-08-01,17.6200008392334,17.690000534057617,17.34000015258789,17.479999542236328,1101200.0
2017-08-02,17.469999313354492,17.649999618530273,17.360000610351562,17.6299991607666,878100.0
2017-08-03,17.6299991607666,17.809999465942383,17.540000915527344,17.65999984741211,1175300.0
2017-08-04,17.690000534057617,17.899999618530273,17.579999923706055,17.709999084472656,955100.0
2017-08-07,17.690000534057617,17.93000030517578,17.65999984741211,17.790000915527344,1518200.0
2017-08-08,17.729999542236328,17.729999542236328,17.360000610351562,17.399999618530273,1967500.0
2017-08-09,17.360000610351562,17.790000915527344,17.299999237060547,17.530000686645508,2341800.0
2017-08-10,17.0,17.940000534057617,16.799999237060547,17.399999618530273,3010800.0
2017-08-11,16.969999313354492,18.09000015258789,16.950000762939453,17.68000030517578,1965700.0
2017-08-14,17.719999313354492,18.079999923706055,17.649999618530273,18.010000228881836,1361100.0
2017-08-15,18.030000686645508,18.030000686645508,17.799999237060547,17.799999237060547,1211500.0
2017-08-16,17.90999984741211,18.399999618530273,17.850000381469727,17.850000381469727,1504500.0
2017-08-17,17.739999771118164,17.989999771118164,17.68000030517578,17.709999084472656,1092100.0
2017-08-18,17.75,17.93000030517578,17.5,17.8700008392334,1119500.0
2017-08-21,17.8700008392334,17.989999771118164,17.850000381469727,17.920000076293945,790900.0
2017-08-22,17.920000076293945,18.209999084472656,17.8700008392334,18.15999984741211,1110700.0
2017-08-23,18.049999237060547,18.18000030517578,17.959999084472656,17.979999542236328,946700.0
2017-08-24,17.920000076293945,17.979999542236328,17.350000381469727,17.399999618530273,1684000.0
2017-08-25,17.469999313354492,17.799999237060547,17.350000381469727,17.719999313354492,1262600.0
2017-08-28,17.760000228881836,17.780000686645508,17.350000381469727,17.440000534057617,1097400.0
2017-08-29,17.40999984741211,17.59000015258789,17.360000610351562,17.520000457763672,1046200.0
2017-08-30,17.389999389648438,17.5,17.209999084472656,17.459999084472656,1010700.0
2017-08-31,17.450000762939453,17.5,17.25,17.3700008392334,1941800.0
2017-09-01,17.450000762939453,17.5,17.309999465942383,17.469999313354492,1849700.0
2017-09-05,17.440000534057617,17.68000030517578,17.34000015258789,17.3799991607666,1373200.0
2017-09-06,17.399999618530273,17.559999465942383,17.34000015258789,17.459999084472656,1109500.0
2017-09-07,17.520000457763672,17.799999237060547,17.40999984741211,17.520000457763672,2021600.0
2017-09-08,17.5,17.860000610351562,17.40999984741211,17.739999771118164,1429300.0
2017-09-11,17.829999923706055,18.200000762939453,17.829999923706055,18.1200008392334,1936900.0
2017-09-12,18.110000610351562,18.219999313354492,17.969999313354492,18.049999237060547,1186700.0
2017-09-13,18.059999465942383,18.229999542236328,18.040000915527344,18.079999923706055,1250600.0
2017-09-14,18.1200008392334,18.239999771118164,18.0,18.219999313354492,1118800.0
2017-09-15,18.280000686645508,18.3700008392334,18.15999984741211,18.309999465942383,1765600.0
2017-09-18,18.329999923706055,18.450000762939453,18.270000457763672,18.3799991607666,887900.0
2017-09-19,18.3799991607666,18.559999465942383,18.270000457763672,18.299999237060547,994100.0
2017-09-20,18.260000228881836,18.350000381469727,17.8799991607666,18.309999465942383,1119900.0
2017-09-21,18.360000610351562,18.3700008392334,18.110000610351562,18.15999984741211,702900.0
2017-09-22,18.1299991607666,18.25,18.030000686645508,18.1299991607666,987600.0
2017-09-25,18.190000534057617,18.3700008392334,18.09000015258789,18.360000610351562,986500.0
2017-09-26,18.420000076293945,18.75,18.31999969482422,18.75,1724500.0
2017-09-27,18.790000915527344,18.829999923706055,17.969999313354492,18.239999771118164,2914500.0
2017-09-28,18.459999084472656,18.809999465942383,18.25,18.75,1847800.0
2017-09-29,18.829999923706055,18.8799991607666,18.649999618530273,18.809999465942383,1466000.0
2017-10-02,18.809999465942383,18.93000030517578,18.649999618530273,18.709999084472656,1696400.0
2017-10-03,18.729999542236328,18.739999771118164,18.530000686645508,18.670000076293945,1198000.0
2017-10-04,18.649999618530273,18.90999984741211,18.540000915527344,18.829999923706055,1061800.0
2017-10-05,18.850000381469727,18.899999618530273,18.700000762939453,18.700000762939453,783000.0
2017-10-06,18.709999084472656,18.770000457763672,18.6299991607666,18.75,755800.0
2017-10-09,18.75,18.790000915527344,18.549999237060547,18.700000762939453,764200.0
2017-10-10,18.75,18.829999923706055,18.579999923706055,18.799999237060547,921000.0
2017-10-11,18.799999237060547,18.84000015258789,18.690000534057617,18.75,1133300.0
2017-10-12,18.709999084472656,18.809999465942383,18.600000381469727,18.729999542236328,1120700.0
2017-10-13,18.790000915527344,18.969999313354492,18.65999984741211,18.950000762939453,881300.0
2017-10-16,18.950000762939453,18.969999313354492,18.770000457763672,18.950000762939453,639400.0
2017-10-17,18.93000030517578,19.09000015258789,18.739999771118164,18.81999969482422,1568200.0
2017-10-18,18.84000015258789,18.920000076293945,18.610000610351562,18.75,823500.0
2017-10-19,18.719999313354492,18.739999771118164,18.600000381469727,18.68000030517578,427100.0
2017-10-20,18.729999542236328,18.760000228881836,18.600000381469727,18.700000762939453,609600.0
2017-10-23,18.68000030517578,18.739999771118164,18.5,18.559999465942383,492000.0
2017-10-24,18.6299991607666,18.65999984741211,18.40999984741211,18.549999237060547,485100.0
2017-10-25,18.579999923706055,18.700000762939453,18.299999237060547,18.65999984741211,520700.0
2017-10-26,18.709999084472656,18.84000015258789,18.65999984741211,18.760000228881836,503500.0
2017-10-27,18.690000534057617,18.969999313354492,18.6299991607666,18.969999313354492,641700.0
2017-10-30,18.920000076293945,18.979999542236328,18.65999984741211,18.670000076293945,738800.0
2017-10-31,18.809999465942383,19.049999237060547,18.809999465942383,19.030000686645508,707100.0
2017-11-01,19.100000381469727,19.139999389648438,18.950000762939453,19.010000228881836,575800.0
2017-11-02,18.889999389648438,19.010000228881836,18.729999542236328,18.729999542236328,1017500.0
2017-11-03,18.75,18.75,18.31999969482422,18.34000015258789,1235400.0
2017-11-06,18.25,18.290000915527344,17.829999923706055,17.989999771118164,1270400.0
2017-11-07,17.889999389648438,18.149999618530273,17.790000915527344,17.899999618530273,1638100.0
2017-11-08,18.010000228881836,18.100000381469727,17.760000228881836,18.020000457763672,2009600.0
2017-11-09,18.200000762939453,18.84000015258789,17.709999084472656,18.360000610351562,3311100.0
2017-11-10,18.43000030517578,18.729999542236328,18.399999618530273,18.700000762939453,1386800.0
2017-11-13,18.719999313354492,19.190000534057617,18.639999389648438,18.899999618530273,2002000.0
2017-11-14,18.899999618530273,19.670000076293945,18.8700008392334,19.56999969482422,2036500.0
2017-11-15,19.510000228881836,19.84000015258789,19.270000457763672,19.549999237060547,3157100.0
2017-11-16,19.65999984741211,20.290000915527344,19.65999984741211,20.15999984741211,3421200.0
2017-11-17,20.020000457763672,20.1200008392334,19.700000762939453,19.780000686645508,2055900.0
2017-11-20,19.739999771118164,19.889999389648438,19.649999618530273,19.700000762939453,1252600.0
2017-11-21,19.700000762939453,19.719999313354492,19.299999237060547,19.329999923706055,1269400.0
2017-11-22,19.31999969482422,19.450000762939453,19.239999771118164,19.389999389648438,617600.0
2017-11-24,19.440000534057617,19.479999542236328,19.350000381469727,19.389999389648438,293800.0
2017-11-27,19.3799991607666,19.489999771118164,19.360000610351562,19.40999984741211,605700.0
2017-11-28,19.450000762939453,19.649999618530273,19.260000228881836,19.600000381469727,1328000.0
2017-11-29,19.549999237060547,20.420000076293945,19.43000030517578,20.030000686645508,1774400.0
2017-11-30,19.959999084472656,20.139999389648438,19.799999237060547,19.979999542236328,1485800.0
2017-12-01,19.969999313354492,20.09000015258789,19.780000686645508,20.06999969482422,1277100.0
2017-12-04,20.100000381469727,20.350000381469727,20.020000457763672,20.110000610351562,1275800.0
2017-12-05,20.170000076293945,20.18000030517578,19.920000076293945,19.979999542236328,1493600.0
2017-12-06,20.0,20.360000610351562,19.969999313354492,20.34000015258789,1056900.0
2017-12-07,20.229999542236328,20.3799991607666,20.18000030517578,20.200000762939453,861300.0
2017-12-08,20.239999771118164,20.290000915527344,20.0,20.260000228881836,1034500.0
2017-12-11,20.170000076293945,20.219999313354492,19.84000015258789,20.18000030517578,2111900.0
2017-12-12,20.190000534057617,20.190000534057617,19.719999313354492,19.719999313354492,995200.0
2017-12-13,19.760000228881836,19.81999969482422,19.649999618530273,19.68000030517578,1212600.0
2017-12-14,19.68000030517578,19.899999618530273,19.520000457763672,19.790000915527344,1532200.0
2017-12-15,19.790000915527344,19.90999984741211,19.290000915527344,19.610000610351562,3926000.0
2017-12-18,19.75,20.1200008392334,19.719999313354492,19.790000915527344,1546900.0
2017-12-19,19.760000228881836,19.829999923706055,19.549999237060547,19.549999237060547,904000.0
2017-12-20,19.68000030517578,19.68000030517578,19.440000534057617,19.579999923706055,712900.0
2017-12-21,19.59000015258789,19.700000762939453,19.520000457763672,19.540000915527344,524500.0
2017-12-22,19.579999923706055,19.709999084472656,19.520000457763672,19.65999984741211,531700.0
2017-12-26,19.59000015258789,19.799999237060547,19.420000076293945,19.43000030517578,506700.0
2017-12-27,19.43000030517578,19.530000686645508,19.31999969482422,19.350000381469727,628600.0
2017-12-28,19.3700008392334,19.450000762939453,19.190000534057617,19.43000030517578,588800.0
2017-12-29,19.479999542236328,19.579999923706055,19.299999237060547,19.309999465942383,937400.0
2018-01-02,19.350000381469727,19.399999618530273,19.079999923706055,19.31999969482422,1048700.0
2018-01-03,19.34000015258789,19.389999389648438,18.989999771118164,19.010000228881836,953400.0
2018-01-04,19.06999969482422,19.139999389648438,18.93000030517578,18.989999771118164,1210800.0
2018-01-05,19.0,19.049999237060547,18.899999618530273,19.020000457763672,795100.0
2018-01-08,18.969999313354492,19.209999084472656,18.969999313354492,19.100000381469727,1168700.0
2018-01-09,19.100000381469727,19.290000915527344,19.040000915527344,19.280000686645508,1912200.0
2018-01-10,19.200000762939453,19.209999084472656,18.549999237060547,18.649999618530273,1994900.0
2018-01-11,18.690000534057617,18.709999084472656,18.459999084472656,18.489999771118164,1054000.0
2018-01-12,18.43000030517578,18.709999084472656,18.149999618530273,18.690000534057617,1383500.0
2018-01-16,18.8700008392334,19.0,18.690000534057617,18.809999465942383,1662500.0
2018-01-17,18.899999618530273,19.239999771118164,18.899999618530273,19.219999313354492,982200.0
2018-01-18,19.1299991607666,19.209999084472656,18.90999984741211,19.1299991607666,931100.0
2018-01-19,19.139999389648438,19.360000610351562,19.06999969482422,19.34000015258789,891200.0
2018-01-22,19.389999389648438,19.510000228881836,19.229999542236328,19.5,862800.0
2018-01-23,19.3799991607666,19.549999237060547,19.260000228881836,19.489999771118164,814600.0
2018-01-24,19.56999969482422,19.56999969482422,19.350000381469727,19.399999618530273,654900.0
2018-01-25,19.450000762939453,19.5,19.09000015258789,19.270000457763672,947400.0
2018-01-26,19.290000915527344,19.290000915527344,18.940000534057617,19.170000076293945,770100.0
2018-01-29,19.18000030517578,19.579999923706055,19.170000076293945,19.5,1323300.0
2018-01-30,19.420000076293945,19.75,19.420000076293945,19.6200008392334,1750100.0
2018-01-31,19.68000030517578,19.719999313354492,19.40999984741211,19.610000610351562,2062200.0
2018-02-01,19.59000015258789,19.649999618530273,19.450000762939453,19.59000015258789,978800.0
2018-02-02,19.549999237060547,19.549999237060547,19.170000076293945,19.170000076293945,1494000.0
2018-02-05,19.06999969482422,19.1200008392334,18.59000015258789,18.59000015258789,1547700.0
2018-02-06,18.350000381469727,19.0,18.200000762939453,18.899999618530273,1824300.0
2018-02-07,18.899999618530273,19.149999618530273,18.809999465942383,18.950000762939453,1126300.0
2018-02-08,19.190000534057617,20.360000610351562,19.18000030517578,19.959999084472656,3323600.0
2018-02-09,20.25,20.479999542236328,20.020000457763672,20.3700008392334,3090500.0
2018-02-12,20.469999313354492,20.469999313354492,19.979999542236328,20.399999618530273,1760200.0
2018-02-13,20.3799991607666,20.790000915527344,20.270000457763672,20.670000076293945,1523200.0
2018-02-14,20.649999618530273,20.979999542236328,20.520000457763672,20.860000610351562,1827200.0
2018-02-15,20.8799991607666,20.959999084472656,20.6200008392334,20.90999984741211,1067300.0
2018-02-16,20.81999969482422,21.459999084472656,20.719999313354492,21.350000381469727,1510100.0
2018-02-20,21.360000610351562,21.43000030517578,20.860000610351562,21.010000228881836,1420100.0
2018-02-21,20.959999084472656,21.260000228881836,20.719999313354492,20.719999313354492,1386700.0
2018-02-22,20.729999542236328,21.079999923706055,20.649999618530273,20.809999465942383,1895900.0
2018-02-23,20.799999237060547,21.290000915527344,20.709999084472656,21.239999771118164,1102500.0
2018-02-26,21.229999542236328,21.3799991607666,21.149999618530273,21.209999084472656,1036000.0
2018-02-27,21.209999084472656,21.350000381469727,20.950000762939453,20.979999542236328,1252700.0
2018-02-28,21.010000228881836,21.09000015258789,20.670000076293945,20.739999771118164,967700.0
2018-03-01,20.540000915527344,20.770000457763672,20.31999969482422,20.469999313354492,1187000.0
2018-03-02,20.469999313354492,20.860000610351562,20.469999313354492,20.81999969482422,1091900.0
2018-03-05,20.760000228881836,21.06999969482422,20.649999618530273,21.049999237060547,981100.0
2018-03-06,21.040000915527344,21.420000076293945,20.93000030517578,21.3700008392334,1045600.0
2018-03-07,21.260000228881836,21.399999618530273,21.1299991607666,21.280000686645508,791900.0
2018-03-08,21.299999237060547,21.329999923706055,21.079999923706055,21.1299991607666,1081300.0
2018-03-09,21.309999465942383,21.450000762939453,21.1200008392334,21.440000534057617,589100.0
2018-03-12,21.440000534057617,21.489999771118164,20.989999771118164,21.1299991607666,1475500.0
2018-03-13,21.219999313354492,21.270000457763672,21.0,21.209999084472656,745900.0
2018-03-14,21.280000686645508,21.56999969482422,21.219999313354492,21.329999923706055,1363100.0
2018-03-15,21.290000915527344,21.450000762939453,20.90999984741211,20.950000762939453,786600.0
2018-03-16,20.950000762939453,21.229999542236328,20.93000030517578,21.149999618530273,2246000.0
2018-03-19,21.219999313354492,21.350000381469727,21.06999969482422,21.170000076293945,870000.0
2018-03-20,21.209999084472656,21.360000610351562,21.0,21.1299991607666,713200.0
2018-03-21,20.979999542236328,21.010000228881836,20.549999237060547,20.799999237060547,1448900.0
2018-03-22,20.780000686645508,20.950000762939453,20.530000686645508,20.530000686645508,770100.0
2018-03-23,20.670000076293945,20.950000762939453,20.56999969482422,20.770000457763672,1088800.0
2018-03-26,20.90999984741211,21.110000610351562,20.850000381469727,21.079999923706055,976000.0
2018-03-27,21.06999969482422,21.18000030517578,20.889999389648438,21.010000228881836,627800.0
2018-03-28,21.149999618530273,21.540000915527344,21.110000610351562,21.399999618530273,1063000.0
2018-03-29,21.549999237060547,21.950000762939453,21.489999771118164,21.860000610351562,1394800.0
2018-04-02,21.790000915527344,21.860000610351562,21.15999984741211,21.219999313354492,1304400.0
2018-04-03,21.34000015258789,21.90999984741211,21.25,21.84000015258789,1448900.0
2018-04-04,21.729999542236328,22.5,21.68000030517578,22.219999313354492,1298900.0
2018-04-05,22.299999237060547,22.389999389648438,22.09000015258789,22.270000457763672,1189000.0
2018-04-06,22.229999542236328,22.420000076293945,21.969999313354492,22.079999923706055,1048800.0
2018-04-09,22.1299991607666,22.3799991607666,21.989999771118164,22.110000610351562,756400.0
2018-04-10,22.459999084472656,22.670000076293945,22.18000030517578,22.520000457763672,1835900.0
2018-04-11,22.469999313354492,22.559999465942383,22.25,22.329999923706055,1006700.0
2018-04-12,22.34000015258789,22.469999313354492,22.209999084472656,22.25,872800.0
2018-04-13,22.25,22.389999389648438,22.190000534057617,22.260000228881836,712600.0
2018-04-16,22.280000686645508,22.559999465942383,22.200000762939453,22.43000030517578,1677200.0
2018-04-17,22.489999771118164,22.700000762939453,22.450000762939453,22.690000534057617,653600.0
2018-04-18,22.700000762939453,22.81999969482422,22.489999771118164,22.520000457763672,869100.0
2018-04-19,22.389999389648438,22.40999984741211,22.190000534057617,22.34000015258789,1104700.0
2018-04-20,22.450000762939453,22.520000457763672,22.09000015258789,22.25,734400.0
2018-04-23,22.290000915527344,22.3799991607666,22.190000534057617,22.350000381469727,425300.0
2018-04-24,22.440000534057617,22.440000534057617,22.229999542236328,22.360000610351562,1051800.0
2018-04-25,22.290000915527344,22.540000915527344,22.239999771118164,22.40999984741211,722100.0
2018-04-26,22.459999084472656,22.6299991607666,22.170000076293945,22.600000381469727,733700.0
2018-04-27,22.65999984741211,22.790000915527344,22.6299991607666,22.649999618530273,736100.0
2018-04-30,22.729999542236328,22.729999542236328,22.389999389648438,22.610000610351562,1923800.0
2018-05-01,22.610000610351562,22.770000457763672,22.450000762939453,22.709999084472656,965700.0
2018-05-02,22.670000076293945,22.729999542236328,22.360000610351562,22.389999389648438,1718700.0
2018-05-03,22.549999237060547,22.59000015258789,22.18000030517578,22.239999771118164,1914500.0
2018-05-04,22.18000030517578,22.420000076293945,22.1299991607666,22.34000015258789,1292400.0
2018-05-07,22.350000381469727,22.59000015258789,22.219999313354492,22.510000228881836,871700.0
2018-05-08,22.489999771118164,22.559999465942383,22.18000030517578,22.530000686645508,1229300.0
2018-05-09,22.530000686645508,22.59000015258789,22.280000686645508,22.290000915527344,941800.0
2018-05-10,22.399999618530273,22.510000228881836,22.329999923706055,22.3799991607666,648800.0
2018-05-11,22.450000762939453,22.670000076293945,22.40999984741211,22.6299991607666,746600.0
2018-05-14,22.6299991607666,22.639999389648438,21.889999389648438,22.010000228881836,1789800.0
2018-05-15,21.93000030517578,21.979999542236328,21.520000457763672,21.780000686645508,2342300.0
2018-05-16,21.770000457763672,21.81999969482422,21.559999465942383,21.6200008392334,2021000.0
2018-05-17,21.200000762939453,21.34000015258789,19.43000030517578,19.559999465942383,5739700.0
2018-05-18,19.450000762939453,19.610000610351562,19.110000610351562,19.290000915527344,2465500.0
2018-05-21,19.299999237060547,19.610000610351562,19.15999984741211,19.399999618530273,1698900.0
2018-05-22,19.420000076293945,19.520000457763672,19.239999771118164,19.489999771118164,1551500.0
2018-05-23,19.489999771118164,19.860000610351562,19.469999313354492,19.81999969482422,1825800.0
2018-05-24,19.809999465942383,20.1200008392334,19.68000030517578,20.079999923706055,1421300.0
2018-05-25,20.1200008392334,20.299999237060547,20.0,20.020000457763672,999200.0
2018-05-29,19.920000076293945,20.040000915527344,19.850000381469727,20.010000228881836,1042300.0
2018-05-30,20.06999969482422,20.93000030517578,20.010000228881836,20.75,3390000.0
2018-05-31,20.65999984741211,20.65999984741211,20.010000228881836,20.299999237060547,2546300.0
2018-06-01,20.34000015258789,20.34000015258789,19.799999237060547,19.81999969482422,1852800.0
2018-06-04,19.829999923706055,20.139999389648438,19.729999542236328,20.09000015258789,1357100.0
2018-06-05,20.059999465942383,20.579999923706055,20.059999465942383,20.530000686645508,1552800.0
2018-06-06,20.329999923706055,20.329999923706055,19.93000030517578,20.15999984741211,1484700.0
2018-06-07,19.979999542236328,20.309999465942383,19.940000534057617,20.260000228881836,1932700.0
2018-06-08,20.360000610351562,20.860000610351562,20.219999313354492,20.790000915527344,1690000.0
2018-06-11,20.790000915527344,21.040000915527344,20.780000686645508,20.969999313354492,977200.0
2018-06-12,21.1299991607666,21.200000762939453,20.799999237060547,21.09000015258789,924000.0
2018-06-13,21.020000457763672,21.049999237060547,20.219999313354492,20.3700008392334,2254500.0
2018-06-14,20.43000030517578,20.5,20.110000610351562,20.280000686645508,1676000.0
2018-06-15,20.25,20.549999237060547,20.1299991607666,20.549999237060547,2332500.0
2018-06-18,20.559999465942383,20.809999465942383,20.440000534057617,20.68000030517578,1304500.0
2018-06-19,20.65999984741211,21.040000915527344,20.59000015258789,21.010000228881836,1561800.0
2018-06-20,21.100000381469727,21.110000610351562,20.84000015258789,21.010000228881836,816100.0
2018-06-21,20.950000762939453,21.06999969482422,20.280000686645508,20.360000610351562,1587500.0
2018-06-22,20.440000534057617,20.530000686645508,20.25,20.329999923706055,1929400.0
2018-06-25,20.440000534057617,20.65999984741211,20.299999237060547,20.459999084472656,1569700.0
2018-06-26,20.540000915527344,20.75,20.3799991607666,20.690000534057617,1016800.0
2018-06-27,20.6299991607666,20.940000534057617,20.450000762939453,20.6299991607666,1041200.0
2018-06-28,20.709999084472656,21.06999969482422,20.700000762939453,20.989999771118164,1093700.0
2018-06-29,20.959999084472656,21.0,20.65999984741211,20.829999923706055,856500.0
2018-07-02,20.770000457763672,20.850000381469727,20.469999313354492,20.5,1201300.0
2018-07-03,20.56999969482422,20.860000610351562,20.510000228881836,20.690000534057617,450300.0
2018-07-05,20.770000457763672,21.31999969482422,20.729999542236328,21.31999969482422,1068600.0
2018-07-06,21.360000610351562,21.420000076293945,21.239999771118164,21.31999969482422,668900.0
2018-07-09,20.790000915527344,21.020000457763672,20.559999465942383,20.579999923706055,1580900.0
2018-07-10,20.600000381469727,20.610000610351562,20.3700008392334,20.469999313354492,657200.0
2018-07-11,20.489999771118164,20.670000076293945,20.440000534057617,20.530000686645508,768900.0
2018-07-12,20.700000762939453,20.700000762939453,20.360000610351562,20.510000228881836,808300.0
2018-07-13,20.459999084472656,20.719999313354492,20.459999084472656,20.649999618530273,1452000.0
2018-07-16,20.649999618530273,20.670000076293945,20.200000762939453,20.280000686645508,1162500.0
2018-07-17,20.299999237060547,20.68000030517578,20.299999237060547,20.489999771118164,592900.0
2018-07-18,20.479999542236328,20.479999542236328,20.09000015258789,20.260000228881836,727200.0
2018-07-19,20.200000762939453,20.510000228881836,20.040000915527344,20.350000381469727,641600.0
2018-07-20,20.3700008392334,20.5,20.31999969482422,20.420000076293945,635300.0
2018-07-23,20.43000030517578,20.59000015258789,20.1299991607666,20.31999969482422,711600.0
2018-07-24,20.280000686645508,20.280000686645508,19.860000610351562,20.079999923706055,904800.0
2018-07-25,20.100000381469727,20.190000534057617,19.739999771118164,20.030000686645508,1292700.0
2018-07-26,20.139999389648438,20.3799991607666,20.079999923706055,20.170000076293945,716900.0
2018-07-27,20.209999084472656,20.329999923706055,20.09000015258789,20.18000030517578,806800.0
2018-07-30,20.100000381469727,20.5,19.989999771118164,20.389999389648438,1205700.0
2018-07-31,20.459999084472656,20.579999923706055,20.239999771118164,20.399999618530273,956600.0
2018-08-01,20.360000610351562,20.469999313354492,20.049999237060547,20.100000381469727,952700.0
2018-08-02,20.040000915527344,20.8700008392334,20.040000915527344,20.829999923706055,1499200.0
2018-08-03,20.899999618530273,21.729999542236328,20.899999618530273,21.469999313354492,2440600.0
2018-08-06,21.139999389648438,21.299999237060547,20.59000015258789,20.860000610351562,2006700.0
2018-08-07,20.829999923706055,20.959999084472656,20.68000030517578,20.700000762939453,1137400.0
2018-08-08,20.600000381469727,20.790000915527344,20.040000915527344,20.06999969482422,2913300.0
2018-08-09,19.450000762939453,19.889999389648438,19.06999969482422,19.459999084472656,4168000.0
2018-08-10,19.350000381469727,19.670000076293945,19.260000228881836,19.360000610351562,2095500.0
2018-08-13,19.360000610351562,19.549999237060547,19.200000762939453,19.440000534057617,1132100.0
2018-08-14,19.56999969482422,19.959999084472656,19.540000915527344,19.850000381469727,1155600.0
2018-08-15,19.780000686645508,20.360000610351562,19.700000762939453,20.25,1411500.0
2018-08-16,20.309999465942383,20.700000762939453,20.260000228881836,20.309999465942383,1598400.0
2018-08-17,20.270000457763672,20.719999313354492,20.139999389648438,20.6299991607666,810300.0
2018-08-20,20.690000534057617,20.850000381469727,20.670000076293945,20.760000228881836,673200.0
2018-08-21,20.780000686645508,20.790000915527344,20.399999618530273,20.510000228881836,946300.0
2018-08-22,20.520000457763672,20.520000457763672,20.239999771118164,20.360000610351562,699900.0
2018-08-23,20.219999313354492,20.43000030517578,20.1200008392334,20.3700008392334,530800.0
2018-08-24,20.360000610351562,20.540000915527344,20.280000686645508,20.469999313354492,579000.0
2018-08-27,20.540000915527344,20.579999923706055,20.170000076293945,20.209999084472656,871100.0
2018-08-28,20.170000076293945,20.329999923706055,20.149999618530273,20.170000076293945,727900.0
2018-08-29,20.25,20.43000030517578,20.09000015258789,20.190000534057617,931400.0
2018-08-30,19.979999542236328,20.040000915527344,19.75,19.989999771118164,1107400.0
2018-08-31,20.0,20.18000030517578,19.899999618530273,20.149999618530273,942100.0
2018-09-04,20.15999984741211,20.34000015258789,20.059999465942383,20.239999771118164,820100.0
2018-09-05,20.110000610351562,20.489999771118164,20.110000610351562,20.43000030517578,988400.0
2018-09-06,20.40999984741211,20.520000457763672,20.200000762939453,20.229999542236328,1113800.0
2018-09-07,20.170000076293945,20.40999984741211,20.1200008392334,20.389999389648438,655000.0
2018-09-10,20.40999984741211,20.729999542236328,20.360000610351562,20.690000534057617,1066300.0
2018-09-11,20.729999542236328,20.739999771118164,20.329999923706055,20.469999313354492,639600.0
2018-09-12,20.520000457763672,20.770000457763672,20.389999389648438,20.700000762939453,882400.0
2018-09-13,20.709999084472656,20.790000915527344,20.5,20.549999237060547,934300.0
2018-09-14,20.5,20.56999969482422,20.15999984741211,20.309999465942383,1197100.0
2018-09-17,20.280000686645508,20.31999969482422,19.93000030517578,20.0,921000.0
2018-09-18,19.850000381469727,19.860000610351562,19.549999237060547,19.6299991607666,1143100.0
2018-09-19,19.65999984741211,19.65999984741211,19.229999542236328,19.299999237060547,962900.0
2018-09-20,19.299999237060547,19.43000030517578,19.1299991607666,19.3700008392334,870900.0
2018-09-21,19.350000381469727,19.579999923706055,19.280000686645508,19.350000381469727,2080200.0
2018-09-24,19.350000381469727,19.360000610351562,19.010000228881836,19.09000015258789,985800.0
2018-09-25,19.059999465942383,19.110000610351562,18.649999618530273,18.690000534057617,1618000.0
2018-09-26,18.639999389648438,19.06999969482422,18.520000457763672,18.829999923706055,1882500.0
2018-09-27,18.780000686645508,18.81999969482422,18.579999923706055,18.600000381469727,865600.0
2018-09-28,18.510000228881836,18.709999084472656,18.420000076293945,18.65999984741211,833100.0
2018-10-01,18.760000228881836,18.799999237060547,18.479999542236328,18.510000228881836,810300.0
2018-10-02,18.559999465942383,18.760000228881836,18.559999465942383,18.610000610351562,703900.0
2018-10-03,18.6200008392334,18.780000686645508,18.450000762939453,18.469999313354492,964800.0
2018-10-04,18.469999313354492,18.8700008392334,18.420000076293945,18.809999465942383,1631500.0
2018-10-05,18.850000381469727,19.280000686645508,18.84000015258789,18.989999771118164,984500.0
2018-10-08,19.059999465942383,19.579999923706055,19.059999465942383,19.459999084472656,1042400.0
2018-10-09,19.40999984741211,19.559999465942383,19.18000030517578,19.219999313354492,889200.0
2018-10-10,19.219999313354492,19.56999969482422,19.219999313354492,19.389999389648438,1307600.0
2018-10-11,19.399999618530273,19.399999618530273,18.75,18.809999465942383,1325800.0
2018-10-12,18.8799991607666,18.8799991607666,18.530000686645508,18.780000686645508,957500.0
2018-10-15,18.700000762939453,19.059999465942383,18.6299991607666,18.940000534057617,786100.0
2018-10-16,18.940000534057617,19.399999618530273,18.829999923706055,19.15999984741211,1647300.0
2018-10-17,19.020000457763672,19.170000076293945,18.420000076293945,18.81999969482422,1268300.0
2018-10-18,18.959999084472656,19.010000228881836,18.68000030517578,18.719999313354492,657500.0
2018-10-19,18.850000381469727,19.139999389648438,18.84000015258789,19.059999465942383,672000.0
2018-10-22,19.110000610351562,19.209999084472656,18.860000610351562,19.079999923706055,1323800.0
2018-10-23,19.0,19.530000686645508,18.969999313354492,19.399999618530273,1450600.0
2018-10-24,19.420000076293945,20.010000228881836,19.40999984741211,19.8700008392334,1655500.0
2018-10-25,19.729999542236328,20.100000381469727,19.219999313354492,19.329999923706055,1327800.0
2018-10-26,19.25,19.3700008392334,18.719999313354492,19.1200008392334,1295100.0
2018-10-29,19.260000228881836,19.68000030517578,19.18000030517578,19.389999389648438,1653300.0
2018-10-30,19.469999313354492,20.200000762939453,19.469999313354492,19.969999313354492,1829900.0
2018-10-31,19.860000610351562,19.860000610351562,18.93000030517578,19.309999465942383,2399200.0
2018-11-01,19.290000915527344,19.3700008392334,18.81999969482422,19.100000381469727,2881400.0
2018-11-02,19.040000915527344,19.139999389648438,18.479999542236328,18.770000457763672,2658300.0
2018-11-05,18.760000228881836,19.299999237060547,18.760000228881836,18.84000015258789,2146000.0
2018-11-06,18.81999969482422,19.34000015258789,18.760000228881836,19.040000915527344,3239700.0
2018-11-07,19.010000228881836,19.270000457763672,18.760000228881836,19.18000030517578,2420500.0
2018-11-08,19.3799991607666,19.420000076293945,18.1200008392334,18.84000015258789,5548900.0
2018-11-09,18.700000762939453,19.889999389648438,18.350000381469727,19.829999923706055,2584300.0
2018-11-12,19.6299991607666,20.299999237060547,19.540000915527344,20.09000015258789,2699600.0
2018-11-13,20.06999969482422,20.1299991607666,19.450000762939453,19.860000610351562,2828700.0
2018-11-14,19.84000015258789,19.860000610351562,19.34000015258789,19.600000381469727,2550100.0
2018-11-15,19.520000457763672,19.860000610351562,19.270000457763672,19.850000381469727,1621600.0
2018-11-16,19.81999969482422,19.920000076293945,19.59000015258789,19.610000610351562,1603800.0
2018-11-19,19.600000381469727,19.989999771118164,19.59000015258789,19.979999542236328,1470000.0
2018-11-20,19.989999771118164,20.399999618530273,19.950000762939453,20.170000076293945,1905300.0
2018-11-21,20.100000381469727,20.31999969482422,19.489999771118164,19.56999969482422,1627700.0
2018-11-23,19.59000015258789,19.780000686645508,19.479999542236328,19.6200008392334,481700.0
2018-11-26,19.670000076293945,19.81999969482422,19.31999969482422,19.559999465942383,1018800.0
2018-11-27,19.559999465942383,19.8799991607666,19.469999313354492,19.84000015258789,1030400.0
2018-11-28,19.729999542236328,19.860000610351562,19.450000762939453,19.739999771118164,1276700.0
2018-11-29,19.59000015258789,19.8700008392334,19.489999771118164,19.739999771118164,1117700.0
2018-11-30,19.739999771118164,19.850000381469727,19.479999542236328,19.790000915527344,1558600.0
2018-12-03,19.739999771118164,19.739999771118164,19.139999389648438,19.43000030517578,1585300.0
2018-12-04,19.549999237060547,19.93000030517578,19.40999984741211,19.770000457763672,2047300.0
2018-12-06,19.75,19.959999084472656,19.049999237060547,19.360000610351562,2098200.0
2018-12-07,19.280000686645508,19.350000381469727,19.020000457763672,19.190000534057617,1074300.0
2018-12-10,19.239999771118164,19.239999771118164,18.860000610351562,19.049999237060547,1298600.0
2018-12-11,19.1200008392334,19.540000915527344,19.049999237060547,19.299999237060547,1229700.0
2018-12-12,19.459999084472656,19.559999465942383,19.329999923706055,19.510000228881836,973700.0
2018-12-13,19.549999237060547,19.709999084472656,19.450000762939453,19.540000915527344,928700.0
2018-12-14,19.459999084472656,19.719999313354492,19.0,19.040000915527344,1160400.0
2018-12-17,19.0,19.15999984741211,18.309999465942383,18.459999084472656,1364900.0
2018-12-18,18.479999542236328,18.68000030517578,18.18000030517578,18.25,1616100.0
2018-12-19,18.459999084472656,18.75,18.270000457763672,18.5,2455100.0
2018-12-20,18.389999389648438,18.65999984741211,18.200000762939453,18.540000915527344,1503600.0
2018-12-21,18.540000915527344,18.940000534057617,18.15999984741211,18.200000762939453,2505200.0
2018-12-24,18.229999542236328,18.3700008392334,17.8700008392334,17.959999084472656,756400.0
2018-12-26,17.940000534057617,18.219999313354492,17.780000686645508,18.190000534057617,1302300.0
2018-12-27,18.139999389648438,18.34000015258789,17.850000381469727,18.329999923706055,1586400.0
2018-12-28,18.329999923706055,18.479999542236328,18.09000015258789,18.290000915527344,968400.0
2018-12-31,18.239999771118164,18.479999542236328,18.110000610351562,18.469999313354492,983600.0
2019-01-02,18.34000015258789,18.5,18.139999389648438,18.360000610351562,1379200.0
2019-01-03,18.34000015258789,18.739999771118164,18.329999923706055,18.559999465942383,926500.0
2019-01-04,18.59000015258789,18.709999084472656,18.40999984741211,18.709999084472656,1059200.0
2019-01-07,18.639999389648438,18.90999984741211,18.530000686645508,18.770000457763672,690200.0
2019-01-08,18.770000457763672,18.93000030517578,18.709999084472656,18.90999984741211,1080500.0
2019-01-09,18.920000076293945,19.030000686645508,18.709999084472656,18.760000228881836,962200.0
2019-01-10,18.84000015258789,19.110000610351562,18.719999313354492,19.100000381469727,872400.0
2019-01-11,19.18000030517578,19.290000915527344,18.940000534057617,19.290000915527344,936000.0
2019-01-14,19.290000915527344,19.360000610351562,19.040000915527344,19.219999313354492,1966700.0
2019-01-15,19.209999084472656,19.520000457763672,19.1200008392334,19.469999313354492,1739700.0
2019-01-16,19.459999084472656,19.530000686645508,19.06999969482422,19.270000457763672,984900.0
2019-01-17,19.280000686645508,19.540000915527344,19.270000457763672,19.520000457763672,1096900.0
2019-01-18,19.56999969482422,19.709999084472656,19.479999542236328,19.610000610351562,495700.0
2019-01-22,19.639999389648438,19.719999313354492,19.510000228881836,19.700000762939453,813200.0
2019-01-23,19.739999771118164,19.75,19.549999237060547,19.709999084472656,1144500.0
2019-01-24,19.56999969482422,19.709999084472656,19.31999969482422,19.360000610351562,518900.0
2019-01-25,19.40999984741211,19.479999542236328,19.229999542236328,19.25,360900.0
2019-01-28,19.239999771118164,19.260000228881836,19.09000015258789,19.239999771118164,657400.0
2019-01-29,19.290000915527344,19.329999923706055,19.149999618530273,19.219999313354492,949200.0
2019-01-30,19.229999542236328,19.329999923706055,19.059999465942383,19.170000076293945,724400.0
2019-01-31,19.209999084472656,19.690000534057617,19.18000030517578,19.65999984741211,1058800.0
2019-02-01,19.68000030517578,19.719999313354492,19.450000762939453,19.610000610351562,1439400.0
2019-02-04,19.600000381469727,19.780000686645508,19.5,19.690000534057617,809400.0
2019-02-05,19.729999542236328,20.190000534057617,19.6200008392334,20.020000457763672,1930600.0
2019-02-06,19.940000534057617,20.06999969482422,19.75,19.8799991607666,1985500.0
2019-02-07,19.940000534057617,20.56999969482422,19.770000457763672,20.31999969482422,3214700.0
2019-02-08,20.3700008392334,20.3700008392334,19.450000762939453,19.829999923706055,2280900.0
2019-02-11,19.809999465942383,20.170000076293945,19.799999237060547,20.149999618530273,1527700.0
2019-02-12,20.190000534057617,20.65999984741211,20.1299991607666,20.610000610351562,1191700.0
2019-02-13,20.639999389648438,20.700000762939453,20.440000534057617,20.6299991607666,839700.0
2019-02-14,20.56999969482422,20.8799991607666,20.399999618530273,20.739999771118164,1024800.0
2019-02-15,20.799999237060547,20.90999984741211,20.68000030517578,20.729999542236328,923300.0
2019-02-19,20.700000762939453,21.040000915527344,20.639999389648438,20.93000030517578,992600.0
2019-02-20,20.950000762939453,21.09000015258789,20.799999237060547,20.979999542236328,881300.0
2019-02-21,20.93000030517578,21.1200008392334,20.850000381469727,21.0,838700.0
2019-02-22,20.530000686645508,21.079999923706055,20.399999618530273,21.059999465942383,1285100.0
2019-02-25,21.06999969482422,21.06999969482422,20.6200008392334,20.760000228881836,1260900.0
2019-02-26,20.8700008392334,20.90999984741211,20.360000610351562,20.520000457763672,1521500.0
2019-02-27,20.549999237060547,20.68000030517578,20.360000610351562,20.6299991607666,1152300.0
2019-02-28,20.489999771118164,20.59000015258789,20.329999923706055,20.469999313354492,1252400.0
2019-03-01,20.489999771118164,20.690000534057617,20.43000030517578,20.6200008392334,753600.0
2019-03-04,20.639999389648438,20.65999984741211,20.1299991607666,20.270000457763672,2227300.0
2019-03-05,20.25,20.389999389648438,20.110000610351562,20.34000015258789,1159400.0
2019-03-06,20.360000610351562,20.469999313354492,20.209999084472656,20.270000457763672,583500.0
2019-03-07,20.299999237060547,20.43000030517578,20.170000076293945,20.25,853800.0
2019-03-08,20.350000381469727,20.40999984741211,20.079999923706055,20.34000015258789,922600.0
2019-03-11,20.299999237060547,20.5,20.110000610351562,20.3799991607666,1238500.0
2019-03-12,20.40999984741211,20.450000762939453,20.219999313354492,20.270000457763672,684800.0
2019-03-13,20.280000686645508,20.3799991607666,20.219999313354492,20.290000915527344,939000.0
2019-03-14,20.31999969482422,20.3799991607666,20.040000915527344,20.100000381469727,1136000.0
2019-03-15,20.15999984741211,20.389999389648438,20.100000381469727,20.350000381469727,1561400.0
2019-03-18,20.290000915527344,20.43000030517578,20.18000030517578,20.309999465942383,898700.0
2019-03-19,20.510000228881836,20.510000228881836,20.209999084472656,20.309999465942383,701400.0
2019-03-20,20.309999465942383,20.3799991607666,20.100000381469727,20.139999389648438,765100.0
2019-03-21,20.15999984741211,20.56999969482422,20.15999984741211,20.520000457763672,994900.0
2019-03-22,20.510000228881836,20.989999771118164,20.510000228881836,20.75,1096900.0
2019-03-25,20.760000228881836,20.93000030517578,20.59000015258789,20.889999389648438,914600.0
2019-03-26,20.899999618530273,21.059999465942383,20.850000381469727,21.049999237060547,1357700.0
2019-03-27,21.049999237060547,21.290000915527344,21.040000915527344,21.190000534057617,1335300.0
2019-03-28,21.219999313354492,21.40999984741211,21.079999923706055,21.280000686645508,761200.0
2019-03-29,21.280000686645508,21.399999618530273,21.200000762939453,21.31999969482422,900200.0
2019-04-01,21.299999237060547,21.34000015258789,21.030000686645508,21.190000534057617,803000.0
2019-04-02,21.200000762939453,21.200000762939453,20.93000030517578,21.0,614200.0
2019-04-03,20.979999542236328,21.1299991607666,20.90999984741211,21.06999969482422,899200.0
2019-04-04,21.110000610351562,21.15999984741211,20.90999984741211,21.06999969482422,985000.0
2019-04-05,21.040000915527344,21.200000762939453,21.0,21.18000030517578,1060800.0
2019-04-08,21.110000610351562,21.260000228881836,21.010000228881836,21.25,980700.0
2019-04-09,21.290000915527344,21.34000015258789,21.06999969482422,21.110000610351562,613400.0
2019-04-10,21.149999618530273,21.40999984741211,21.09000015258789,21.399999618530273,603000.0
2019-04-11,21.420000076293945,21.5,21.219999313354492,21.34000015258789,714500.0
2019-04-12,21.260000228881836,21.469999313354492,21.260000228881836,21.389999389648438,524800.0
2019-04-15,21.43000030517578,21.59000015258789,21.350000381469727,21.530000686645508,697900.0
2019-04-16,21.549999237060547,21.639999389648438,21.389999389648438,21.579999923706055,1106000.0
2019-04-17,21.649999618530273,21.690000534057617,21.43000030517578,21.59000015258789,662800.0
2019-04-18,21.639999389648438,21.719999313354492,21.510000228881836,21.600000381469727,553000.0
2019-04-22,21.610000610351562,21.639999389648438,21.329999923706055,21.43000030517578,559000.0
2019-04-23,21.450000762939453,21.600000381469727,21.389999389648438,21.450000762939453,907000.0
2019-04-24,21.459999084472656,21.719999313354492,21.34000015258789,21.459999084472656,876100.0
2019-04-25,21.389999389648438,21.469999313354492,21.239999771118164,21.280000686645508,449600.0
2019-04-26,21.34000015258789,21.59000015258789,21.270000457763672,21.56999969482422,426300.0
2019-04-29,21.530000686645508,21.690000534057617,21.469999313354492,21.639999389648438,525200.0
2019-04-30,21.649999618530273,21.799999237060547,21.600000381469727,21.739999771118164,840900.0
2019-05-01,21.850000381469727,21.8700008392334,21.450000762939453,21.459999084472656,894700.0
2019-05-02,21.329999923706055,21.6299991607666,21.31999969482422,21.510000228881836,886100.0
2019-05-03,21.579999923706055,21.709999084472656,21.479999542236328,21.600000381469727,698800.0
2019-05-06,21.520000457763672,21.68000030517578,21.479999542236328,21.600000381469727,899000.0
2019-05-07,21.6299991607666,21.690000534057617,21.25,21.40999984741211,957900.0
2019-05-08,21.399999618530273,21.6299991607666,21.270000457763672,21.420000076293945,834800.0
2019-05-09,21.350000381469727,21.59000015258789,21.290000915527344,21.540000915527344,728700.0
2019-05-10,21.469999313354492,21.6200008392334,21.219999313354492,21.579999923706055,851400.0
2019-05-13,21.399999618530273,21.5,21.1299991607666,21.34000015258789,1221500.0
2019-05-14,21.309999465942383,21.3700008392334,21.0,21.15999984741211,849300.0
2019-05-15,21.190000534057617,21.290000915527344,21.040000915527344,21.229999542236328,1179600.0
2019-05-16,21.25,22.739999771118164,21.1200008392334,22.65999984741211,3352300.0
2019-05-17,22.729999542236328,23.18000030517578,22.709999084472656,22.799999237060547,1816900.0
2019-05-20,22.799999237060547,23.010000228881836,22.739999771118164,22.809999465942383,1667400.0
2019-05-21,22.90999984741211,22.940000534057617,22.600000381469727,22.770000457763672,937500.0
2019-05-22,22.799999237060547,23.020000457763672,22.65999984741211,23.0,913400.0
2019-05-23,23.049999237060547,23.389999389648438,22.90999984741211,23.079999923706055,1394100.0
2019-05-24,23.040000915527344,23.079999923706055,22.81999969482422,22.969999313354492,643400.0
2019-05-28,22.93000030517578,22.989999771118164,22.520000457763672,22.530000686645508,703700.0
2019-05-29,22.059999465942383,22.399999618530273,21.889999389648438,22.299999237060547,994200.0
2019-05-30,22.350000381469727,22.489999771118164,22.100000381469727,22.260000228881836,886500.0
2019-05-31,22.170000076293945,22.3799991607666,22.059999465942383,22.3700008392334,1250000.0
2019-06-03,22.389999389648438,22.850000381469727,22.3799991607666,22.850000381469727,1207200.0
2019-06-04,22.8700008392334,23.110000610351562,22.68000030517578,22.770000457763672,1132400.0
2019-06-05,22.780000686645508,22.829999923706055,22.579999923706055,22.68000030517578,1270200.0
2019-06-06,22.520000457763672,22.709999084472656,22.420000076293945,22.639999389648438,1168300.0
2019-06-07,22.729999542236328,22.889999389648438,22.68000030517578,22.770000457763672,736000.0
2019-06-10,22.729999542236328,22.899999618530273,22.56999969482422,22.790000915527344,899400.0
2019-06-11,22.790000915527344,23.100000381469727,22.709999084472656,23.0,946200.0
2019-06-12,23.09000015258789,23.229999542236328,22.920000076293945,23.15999984741211,885300.0
2019-06-13,23.25,23.329999923706055,23.110000610351562,23.219999313354492,957300.0
2019-06-14,23.209999084472656,23.31999969482422,23.110000610351562,23.190000534057617,827000.0
2019-06-17,23.219999313354492,23.219999313354492,22.809999465942383,22.959999084472656,917700.0
2019-06-18,23.059999465942383,23.059999465942383,22.709999084472656,22.75,1346300.0
2019-06-19,22.65999984741211,23.18000030517578,22.6200008392334,23.15999984741211,1077100.0
2019-06-20,23.229999542236328,23.399999618530273,23.09000015258789,23.170000076293945,610700.0
2019-06-21,23.139999389648438,23.90999984741211,23.059999465942383,23.530000686645508,3151500.0
2019-06-24,23.670000076293945,23.690000534057617,23.360000610351562,23.3700008392334,1028200.0
2019-06-25,23.43000030517578,23.75,23.389999389648438,23.639999389648438,1129700.0
2019-06-26,23.450000762939453,23.450000762939453,23.06999969482422,23.06999969482422,1539300.0
2019-06-27,22.969999313354492,23.139999389648438,22.84000015258789,23.020000457763672,1669100.0
2019-06-28,23.079999923706055,23.389999389648438,23.030000686645508,23.270000457763672,1915500.0
2019-07-01,23.280000686645508,23.479999542236328,23.1299991607666,23.270000457763672,757500.0
2019-07-02,23.350000381469727,23.5,23.260000228881836,23.489999771118164,700000.0
2019-07-03,23.579999923706055,23.950000762939453,23.5,23.75,863300.0
2019-07-05,23.68000030517578,23.760000228881836,23.43000030517578,23.75,793800.0
2019-07-08,23.75,23.809999465942383,23.540000915527344,23.610000610351562,869100.0
2019-07-09,23.6200008392334,23.690000534057617,23.440000534057617,23.489999771118164,858700.0
2019-07-10,23.530000686645508,23.65999984741211,23.459999084472656,23.520000457763672,779100.0
2019-07-11,23.5,23.510000228881836,23.290000915527344,23.360000610351562,942500.0
2019-07-12,23.43000030517578,23.450000762939453,23.299999237060547,23.31999969482422,745100.0
2019-07-15,23.270000457763672,23.530000686645508,23.25,23.389999389648438,530900.0
2019-07-16,23.399999618530273,23.469999313354492,23.309999465942383,23.40999984741211,517400.0
2019-07-17,23.489999771118164,23.5,23.31999969482422,23.440000534057617,723800.0
2019-07-18,23.469999313354492,23.719999313354492,23.34000015258789,23.59000015258789,674600.0
2019-07-19,23.600000381469727,23.75,23.479999542236328,23.489999771118164,607000.0
2019-07-22,23.549999237060547,23.68000030517578,23.3799991607666,23.43000030517578,504900.0
2019-07-23,23.489999771118164,23.649999618530273,23.360000610351562,23.530000686645508,571600.0
2019-07-24,23.510000228881836,23.729999542236328,23.459999084472656,23.68000030517578,508800.0
2019-07-25,23.639999389648438,23.90999984741211,23.559999465942383,23.709999084472656,778100.0
2019-07-26,23.760000228881836,23.889999389648438,23.690000534057617,23.850000381469727,388200.0
2019-07-29,23.81999969482422,23.950000762939453,23.75,23.899999618530273,729900.0
2019-07-30,23.8799991607666,24.09000015258789,23.809999465942383,23.8700008392334,1326700.0
2019-07-31,23.850000381469727,23.969999313354492,23.459999084472656,23.700000762939453,1452600.0
2019-08-01,23.829999923706055,24.040000915527344,23.739999771118164,23.84000015258789,825600.0
2019-08-02,23.850000381469727,24.059999465942383,23.790000915527344,23.969999313354492,873800.0
2019-08-05,23.899999618530273,24.010000228881836,23.68000030517578,23.8799991607666,1527800.0
2019-08-06,23.850000381469727,24.209999084472656,23.719999313354492,24.059999465942383,1639400.0
2019-08-07,24.010000228881836,24.360000610351562,23.81999969482422,24.239999771118164,1985100.0
2019-08-08,22.549999237060547,22.959999084472656,21.6299991607666,22.940000534057617,3231100.0
2019-08-09,22.81999969482422,22.920000076293945,22.309999465942383,22.31999969482422,2137700.0
2019-08-12,22.31999969482422,22.5,22.200000762939453,22.3799991607666,1793500.0
2019-08-13,22.270000457763672,22.770000457763672,22.270000457763672,22.709999084472656,1714200.0
2019-08-14,22.739999771118164,22.829999923706055,22.459999084472656,22.459999084472656,1252100.0
2019-08-15,22.5,22.719999313354492,22.40999984741211,22.600000381469727,1202000.0
2019-08-16,22.739999771118164,23.170000076293945,22.6299991607666,22.989999771118164,5483000.0
2019-08-19,23.079999923706055,23.219999313354492,22.84000015258789,23.059999465942383,857100.0
2019-08-20,23.06999969482422,23.06999969482422,22.790000915527344,22.799999237060547,915400.0
2019-08-21,22.829999923706055,22.8799991607666,22.59000015258789,22.729999542236328,990000.0
2019-08-22,22.850000381469727,23.09000015258789,22.75,23.040000915527344,881800.0
2019-08-23,23.030000686645508,23.209999084472656,22.799999237060547,23.0,937100.0
2019-08-26,23.09000015258789,23.270000457763672,23.020000457763672,23.239999771118164,1060600.0
2019-08-27,23.209999084472656,23.239999771118164,22.93000030517578,22.93000030517578,809400.0
2019-08-28,23.010000228881836,23.040000915527344,22.93000030517578,22.969999313354492,671200.0
2019-08-29,22.850000381469727,22.950000762939453,22.649999618530273,22.760000228881836,1099500.0
2019-08-30,22.850000381469727,22.989999771118164,22.760000228881836,22.799999237060547,1289200.0
2019-09-03,22.84000015258789,23.06999969482422,22.790000915527344,23.020000457763672,2091100.0
2019-09-04,23.040000915527344,23.469999313354492,22.969999313354492,23.40999984741211,1303300.0
2019-09-05,23.469999313354492,23.59000015258789,23.010000228881836,23.020000457763672,1115200.0
2019-09-06,22.989999771118164,23.09000015258789,22.719999313354492,22.729999542236328,1267000.0
2019-09-09,22.700000762939453,22.780000686645508,22.549999237060547,22.6200008392334,1270700.0
2019-09-10,22.520000457763672,22.579999923706055,22.229999542236328,22.34000015258789,1228200.0
2019-09-11,22.34000015258789,22.600000381469727,22.280000686645508,22.600000381469727,1448700.0
2019-09-12,22.75,22.84000015258789,22.40999984741211,22.43000030517578,559900.0
2019-09-13,22.299999237060547,22.559999465942383,22.270000457763672,22.31999969482422,780400.0
2019-09-16,22.309999465942383,22.450000762939453,22.209999084472656,22.420000076293945,896000.0
2019-09-17,22.489999771118164,23.059999465942383,22.479999542236328,22.75,786500.0
2019-09-18,22.90999984741211,23.09000015258789,22.600000381469727,22.84000015258789,1421400.0
2019-09-19,22.8799991607666,22.889999389648438,22.700000762939453,22.75,688600.0
2019-09-20,22.850000381469727,22.979999542236328,22.75,22.860000610351562,1930000.0
2019-09-23,22.969999313354492,23.020000457763672,22.739999771118164,22.760000228881836,906700.0
2019-09-24,22.93000030517578,23.020000457763672,22.84000015258789,22.899999618530273,1110600.0
2019-09-25,22.989999771118164,23.229999542236328,22.889999389648438,23.030000686645508,865800.0
2019-09-26,23.239999771118164,23.260000228881836,22.860000610351562,22.8799991607666,1085700.0
2019-09-27,22.950000762939453,23.030000686645508,22.780000686645508,22.829999923706055,657000.0
2019-09-30,22.780000686645508,23.1299991607666,22.780000686645508,23.1299991607666,881200.0
2019-10-01,23.079999923706055,23.15999984741211,22.700000762939453,22.700000762939453,1047400.0
2019-10-02,22.760000228881836,22.770000457763672,22.40999984741211,22.549999237060547,761500.0
2019-10-03,22.540000915527344,22.610000610351562,22.389999389648438,22.510000228881836,600600.0
2019-10-04,22.579999923706055,22.670000076293945,22.399999618530273,22.520000457763672,694200.0
2019-10-07,22.469999313354492,22.469999313354492,22.270000457763672,22.34000015258789,777700.0
2019-10-08,22.350000381469727,22.350000381469727,22.18000030517578,22.18000030517578,775800.0
2019-10-09,22.229999542236328,22.549999237060547,22.200000762939453,22.5,862500.0
2019-10-10,22.389999389648438,22.5,22.329999923706055,22.350000381469727,515000.0
2019-10-11,22.389999389648438,22.399999618530273,22.229999542236328,22.299999237060547,679600.0
2019-10-14,22.350000381469727,22.360000610351562,22.030000686645508,22.110000610351562,525000.0
2019-10-15,22.110000610351562,22.190000534057617,21.889999389648438,21.899999618530273,585500.0
2019-10-16,21.93000030517578,21.940000534057617,21.65999984741211,21.700000762939453,685300.0
2019-10-17,21.719999313354492,21.989999771118164,21.68000030517578,21.889999389648438,651200.0
2019-10-18,21.860000610351562,21.90999984741211,21.709999084472656,21.809999465942383,596200.0
2019-10-21,21.780000686645508,22.059999465942383,21.65999984741211,21.90999984741211,568100.0
2019-10-22,21.979999542236328,22.059999465942383,21.75,21.780000686645508,409800.0
2019-10-23,21.81999969482422,21.899999618530273,21.670000076293945,21.729999542236328,334600.0
2019-10-24,21.68000030517578,21.700000762939453,21.579999923706055,21.700000762939453,470000.0
2019-10-25,21.760000228881836,21.850000381469727,21.440000534057617,21.56999969482422,433600.0
2019-10-28,21.56999969482422,21.770000457763672,21.56999969482422,21.56999969482422,581900.0
2019-10-29,21.65999984741211,21.93000030517578,21.59000015258789,21.8700008392334,558200.0
2019-10-30,21.920000076293945,21.920000076293945,21.59000015258789,21.709999084472656,560900.0
2019-10-31,21.760000228881836,21.860000610351562,21.559999465942383,21.719999313354492,919100.0
2019-11-01,21.68000030517578,21.799999237060547,21.5,21.549999237060547,724900.0
2019-11-04,21.40999984741211,21.469999313354492,21.18000030517578,21.219999313354492,1203100.0
2019-11-05,21.190000534057617,21.290000915527344,21.110000610351562,21.139999389648438,1087300.0
2019-11-06,21.209999084472656,21.520000457763672,21.200000762939453,21.420000076293945,1398300.0
2019-11-07,21.170000076293945,21.350000381469727,20.43000030517578,20.90999984741211,2281900.0
2019-11-08,20.899999618530273,21.34000015258789,20.770000457763672,20.899999618530273,1317600.0
2019-11-11,20.979999542236328,21.219999313354492,20.889999389648438,21.139999389648438,1154900.0
2019-11-12,20.989999771118164,21.100000381469727,20.860000610351562,21.06999969482422,864300.0
2019-11-13,21.079999923706055,21.280000686645508,21.030000686645508,21.219999313354492,1384800.0
2019-11-14,21.280000686645508,21.40999984741211,21.270000457763672,21.3700008392334,873900.0
2019-11-15,21.360000610351562,21.479999542236328,21.329999923706055,21.479999542236328,1609400.0
2019-11-18,21.3700008392334,21.510000228881836,21.299999237060547,21.420000076293945,1186400.0
2019-11-19,21.600000381469727,21.65999984741211,21.399999618530273,21.559999465942383,840700.0
2019-11-20,21.549999237060547,21.90999984741211,21.549999237060547,21.850000381469727,1491100.0
2019-11-21,21.809999465942383,21.809999465942383,21.510000228881836,21.540000915527344,960100.0
2019-11-22,21.600000381469727,21.670000076293945,21.469999313354492,21.579999923706055,695200.0
2019-11-25,21.600000381469727,21.649999618530273,21.5,21.56999969482422,558900.0
2019-11-26,21.639999389648438,21.90999984741211,21.56999969482422,21.90999984741211,841800.0
2019-11-27,21.75,21.860000610351562,21.68000030517578,21.739999771118164,556500.0
2019-11-29,21.729999542236328,21.729999542236328,21.520000457763672,21.530000686645508,321900.0
2019-12-02,21.40999984741211,21.579999923706055,21.350000381469727,21.559999465942383,686000.0
2019-12-03,21.5,21.639999389648438,21.389999389648438,21.520000457763672,584800.0
2019-12-04,21.469999313354492,21.709999084472656,21.389999389648438,21.690000534057617,1629500.0
2019-12-05,21.6299991607666,21.829999923706055,21.6299991607666,21.81999969482422,1277700.0
2019-12-06,21.860000610351562,21.950000762939453,21.850000381469727,21.90999984741211,970300.0
2019-12-09,21.969999313354492,21.979999542236328,21.75,21.809999465942383,748600.0
2019-12-10,21.790000915527344,21.850000381469727,21.549999237060547,21.56999969482422,884700.0
2019-12-11,21.510000228881836,21.600000381469727,21.40999984741211,21.530000686645508,769900.0
2019-12-12,21.40999984741211,21.450000762939453,21.229999542236328,21.290000915527344,1025100.0
2019-12-13,21.25,21.459999084472656,21.139999389648438,21.450000762939453,1549600.0
2019-12-16,21.459999084472656,21.549999237060547,21.43000030517578,21.489999771118164,1591500.0
2019-12-17,21.450000762939453,21.540000915527344,21.3700008392334,21.489999771118164,795500.0
2019-12-18,21.5,21.579999923706055,21.420000076293945,21.530000686645508,708700.0
2019-12-19,21.59000015258789,21.700000762939453,21.530000686645508,21.59000015258789,759600.0
2019-12-20,21.780000686645508,22.110000610351562,21.690000534057617,22.079999923706055,3369800.0
2019-12-23,22.15999984741211,22.239999771118164,21.790000915527344,21.899999618530273,1081300.0
2019-12-24,21.889999389648438,21.899999618530273,21.790000915527344,21.81999969482422,268300.0
2019-12-26,21.829999923706055,21.8700008392334,21.700000762939453,21.809999465942383,1076400.0
2019-12-27,21.850000381469727,21.860000610351562,21.68000030517578,21.739999771118164,719600.0
2019-12-30,21.6299991607666,21.739999771118164,21.59000015258789,21.729999542236328,530700.0
2019-12-31,21.68000030517578,21.760000228881836,21.579999923706055,21.739999771118164,1405400.0
2020-01-02,21.780000686645508,21.81999969482422,21.170000076293945,21.239999771118164,947100.0
2020-01-03,21.25,21.389999389648438,21.139999389648438,21.350000381469727,859800.0
2020-01-06,21.34000015258789,21.520000457763672,21.18000030517578,21.3799991607666,1825400.0
2020-01-07,21.3799991607666,21.510000228881836,21.200000762939453,21.469999313354492,1297000.0
2020-01-08,21.5,21.600000381469727,21.290000915527344,21.309999465942383,1237700.0
2020-01-09,21.329999923706055,21.65999984741211,21.229999542236328,21.6200008392334,1230400.0
2020-01-10,21.649999618530273,21.809999465942383,21.579999923706055,21.770000457763672,1181100.0
2020-01-13,21.81999969482422,21.989999771118164,21.809999465942383,21.940000534057617,1019700.0
2020-01-14,21.979999542236328,22.049999237060547,21.81999969482422,21.940000534057617,1050300.0
2020-01-15,22.0,22.100000381469727,21.93000030517578,22.010000228881836,1094000.0
2020-01-16,22.049999237060547,22.149999618530273,22.0,22.149999618530273,800400.0
2020-01-17,22.170000076293945,22.200000762939453,22.040000915527344,22.110000610351562,599300.0
2020-01-21,22.1200008392334,22.139999389648438,21.920000076293945,22.020000457763672,823200.0
2020-01-22,22.09000015258789,22.139999389648438,21.700000762939453,21.75,1758500.0
2020-01-23,21.68000030517578,21.969999313354492,21.530000686645508,21.790000915527344,1361300.0
2020-01-24,21.899999618530273,21.899999618530273,21.469999313354492,21.65999984741211,1053200.0
2020-01-27,21.610000610351562,21.920000076293945,21.59000015258789,21.81999969482422,999400.0
2020-01-28,21.790000915527344,21.850000381469727,21.520000457763672,21.579999923706055,848500.0
2020-01-29,21.59000015258789,21.829999923706055,21.489999771118164,21.780000686645508,926300.0
2020-01-30,21.84000015258789,21.969999313354492,21.729999542236328,21.969999313354492,840700.0
2020-01-31,21.899999618530273,21.950000762939453,21.479999542236328,21.530000686645508,875400.0
2020-02-03,21.56999969482422,21.809999465942383,21.559999465942383,21.770000457763672,910300.0
2020-02-04,21.8799991607666,21.899999618530273,21.639999389648438,21.770000457763672,1461000.0
2020-02-05,21.829999923706055,21.84000015258789,21.600000381469727,21.729999542236328,1695800.0
2020-02-06,22.299999237060547,22.899999618530273,21.719999313354492,21.860000610351562,3018800.0
2020-02-07,21.90999984741211,22.579999923706055,21.90999984741211,22.299999237060547,2566700.0
2020-02-10,22.309999465942383,22.469999313354492,22.139999389648438,22.389999389648438,1345900.0
2020-02-11,22.3799991607666,22.469999313354492,22.270000457763672,22.399999618530273,750400.0
2020-02-12,22.389999389648438,22.440000534057617,22.25,22.260000228881836,1016700.0
2020-02-13,22.170000076293945,22.450000762939453,22.079999923706055,22.389999389648438,1049000.0
2020-02-14,22.399999618530273,22.56999969482422,22.31999969482422,22.520000457763672,872000.0
2020-02-18,22.43000030517578,22.510000228881836,22.270000457763672,22.290000915527344,1994100.0
2020-02-19,22.290000915527344,22.360000610351562,22.15999984741211,22.170000076293945,873000.0
2020-02-20,22.190000534057617,22.229999542236328,22.06999969482422,22.209999084472656,1081500.0
2020-02-21,22.139999389648438,22.219999313354492,22.0,22.059999465942383,1244500.0
2020-02-24,21.809999465942383,22.100000381469727,21.780000686645508,21.989999771118164,1208500.0
2020-02-25,21.969999313354492,22.06999969482422,21.639999389648438,21.690000534057617,960900.0
2020-02-26,21.809999465942383,22.40999984741211,21.649999618530273,22.260000228881836,2767200.0
2020-02-27,22.0,22.489999771118164,21.700000762939453,22.329999923706055,3454600.0
2020-02-28,22.049999237060547,22.079999923706055,20.979999542236328,21.530000686645508,4133000.0
2020-03-02,21.510000228881836,22.520000457763672,21.450000762939453,22.43000030517578,2534700.0
2020-03-03,22.479999542236328,22.979999542236328,22.3700008392334,22.8799991607666,2289900.0
2020-03-04,23.15999984741211,23.6200008392334,23.100000381469727,23.530000686645508,1738600.0
2020-03-05,23.270000457763672,23.489999771118164,23.059999465942383,23.299999237060547,1944900.0
2020-03-06,22.8700008392334,23.520000457763672,22.690000534057617,23.469999313354492,1368800.0
2020-03-09,22.5,24.5,21.5,22.420000076293945,1967100.0
2020-03-10,22.559999465942383,22.860000610351562,21.530000686645508,22.420000076293945,2509800.0
2020-03-11,22.040000915527344,22.09000015258789,21.43000030517578,21.8799991607666,2090100.0
2020-03-12,20.790000915527344,21.049999237060547,19.65999984741211,20.510000228881836,2015400.0
2020-03-13,21.15999984741211,22.6200008392334,20.889999389648438,22.610000610351562,2522300.0
2020-03-16,20.989999771118164,22.360000610351562,19.940000534057617,21.280000686645508,2072900.0
2020-03-17,21.549999237060547,24.399999618530273,21.510000228881836,24.280000686645508,2609100.0
2020-03-18,22.93000030517578,25.079999923706055,22.43000030517578,23.399999618530273,2514600.0
2020-03-19,23.459999084472656,23.81999969482422,22.100000381469727,22.90999984741211,1617700.0
2020-03-20,22.610000610351562,23.15999984741211,21.200000762939453,21.399999618530273,1998600.0
2020-03-23,21.34000015258789,21.450000762939453,19.260000228881836,19.469999313354492,2198700.0
2020-03-24,19.84000015258789,20.489999771118164,18.850000381469727,19.049999237060547,1771100.0
2020-03-25,18.959999084472656,19.510000228881836,17.420000076293945,17.739999771118164,3682900.0
2020-03-26,17.75,19.75,17.729999542236328,19.579999923706055,4445900.0
2020-03-27,19.299999237060547,20.06999969482422,19.010000228881836,19.540000915527344,1257000.0
2020-03-30,20.0,21.229999542236328,19.59000015258789,21.079999923706055,1933000.0
2020-03-31,21.040000915527344,21.469999313354492,20.350000381469727,20.520000457763672,2353000.0
2020-04-01,20.040000915527344,20.940000534057617,19.809999465942383,20.75,1545500.0
2020-04-02,20.520000457763672,21.329999923706055,20.40999984741211,21.229999542236328,1294700.0
2020-04-03,21.09000015258789,21.43000030517578,20.860000610351562,21.200000762939453,1169700.0
2020-04-06,21.610000610351562,22.0,21.25,21.90999984741211,1774600.0
2020-04-07,21.850000381469727,22.3799991607666,21.65999984741211,21.950000762939453,1886300.0
2020-04-08,21.75,22.149999618530273,21.43000030517578,21.950000762939453,1569300.0
2020-04-09,21.81999969482422,22.450000762939453,21.75,22.170000076293945,1219100.0
2020-04-13,22.079999923706055,22.209999084472656,21.719999313354492,22.040000915527344,863000.0
2020-04-14,22.489999771118164,23.270000457763672,22.09000015258789,23.170000076293945,1048700.0
2020-04-15,23.1200008392334,23.15999984741211,22.579999923706055,22.68000030517578,1193100.0
2020-04-16,22.969999313354492,23.559999465942383,22.799999237060547,23.389999389648438,1334500.0
2020-04-17,23.56999969482422,23.670000076293945,22.8799991607666,23.139999389648438,1337600.0
2020-04-20,23.079999923706055,23.670000076293945,22.93000030517578,23.270000457763672,1789900.0
2020-04-21,23.1299991607666,23.280000686645508,22.440000534057617,22.520000457763672,1168200.0
2020-04-22,22.709999084472656,22.850000381469727,22.440000534057617,22.600000381469727,1061000.0
2020-04-23,22.540000915527344,22.649999618530273,22.09000015258789,22.1200008392334,1014600.0
2020-04-24,22.31999969482422,22.34000015258789,22.059999465942383,22.229999542236328,894600.0
2020-04-27,22.469999313354492,23.0,22.40999984741211,22.690000534057617,1087000.0
2020-04-28,22.829999923706055,23.010000228881836,22.700000762939453,22.84000015258789,1058500.0
2020-04-29,22.760000228881836,22.799999237060547,22.079999923706055,22.3700008392334,3383300.0
2020-04-30,22.40999984741211,22.760000228881836,21.770000457763672,22.280000686645508,1690900.0
2020-05-01,22.149999618530273,22.690000534057617,22.059999465942383,22.219999313354492,932600.0
2020-05-04,22.219999313354492,22.31999969482422,21.860000610351562,21.899999618530273,847000.0
2020-05-05,21.889999389648438,22.200000762939453,21.790000915527344,22.010000228881836,1530700.0
2020-05-06,21.989999771118164,22.139999389648438,21.360000610351562,21.389999389648438,2193100.0
2020-05-07,21.520000457763672,21.760000228881836,21.190000534057617,21.530000686645508,1643900.0
2020-05-08,21.84000015258789,22.420000076293945,21.81999969482422,22.3700008392334,827900.0
2020-05-11,22.43000030517578,22.8799991607666,22.31999969482422,22.43000030517578,2203600.0
2020-05-12,22.5,22.68000030517578,22.200000762939453,22.450000762939453,1456400.0
2020-05-13,22.540000915527344,23.049999237060547,22.450000762939453,22.610000610351562,3231400.0
2020-05-14,22.889999389648438,24.110000610351562,22.360000610351562,22.809999465942383,2527600.0
2020-05-15,22.809999465942383,23.260000228881836,22.59000015258789,22.690000534057617,1640600.0
2020-05-18,22.75,23.3700008392334,22.299999237060547,23.200000762939453,1697200.0
2020-05-19,23.190000534057617,23.579999923706055,23.09000015258789,23.09000015258789,923400.0
2020-05-20,23.270000457763672,23.360000610351562,22.799999237060547,22.8700008392334,912500.0
2020-05-21,22.93000030517578,22.93000030517578,22.600000381469727,22.81999969482422,1331700.0
2020-05-22,22.739999771118164,22.93000030517578,22.450000762939453,22.889999389648438,1874100.0
2020-05-26,23.06999969482422,23.170000076293945,22.709999084472656,22.770000457763672,1283800.0
2020-05-27,22.770000457763672,23.149999618530273,22.610000610351562,23.1200008392334,1053600.0
2020-05-28,23.260000228881836,23.469999313354492,23.079999923706055,23.40999984741211,769700.0
2020-05-29,23.360000610351562,23.670000076293945,23.09000015258789,23.59000015258789,1061300.0
2020-06-01,23.729999542236328,23.780000686645508,23.489999771118164,23.540000915527344,736800.0
2020-06-02,23.559999465942383,23.600000381469727,23.190000534057617,23.299999237060547,1245100.0
2020-06-03,23.34000015258789,23.440000534057617,22.860000610351562,22.8700008392334,1269900.0
2020-06-04,22.56999969482422,22.8700008392334,22.489999771118164,22.6299991607666,1285300.0
2020-06-05,22.68000030517578,22.84000015258789,22.549999237060547,22.760000228881836,779800.0
2020-06-08,22.670000076293945,23.239999771118164,22.639999389648438,23.209999084472656,900900.0
2020-06-09,23.209999084472656,23.25,22.809999465942383,23.09000015258789,754200.0
2020-06-10,23.239999771118164,23.43000030517578,22.860000610351562,22.969999313354492,1151700.0
2020-06-11,22.809999465942383,22.899999618530273,22.1200008392334,22.329999923706055,1529400.0
2020-06-12,22.5,22.549999237060547,21.950000762939453,22.229999542236328,1310100.0
2020-06-15,22.15999984741211,22.68000030517578,21.959999084472656,22.639999389648438,1407100.0
2020-06-16,22.850000381469727,23.020000457763672,22.520000457763672,22.8700008392334,750800.0
2020-06-17,22.959999084472656,23.200000762939453,22.829999923706055,22.969999313354492,797200.0
2020-06-18,22.889999389648438,23.15999984741211,22.829999923706055,22.889999389648438,569400.0
2020-06-19,23.030000686645508,23.209999084472656,22.729999542236328,22.799999237060547,2932100.0
2020-06-22,22.719999313354492,22.719999313354492,22.350000381469727,22.40999984741211,932300.0
2020-06-23,22.600000381469727,22.690000534057617,22.200000762939453,22.229999542236328,1145100.0
2020-06-24,22.110000610351562,22.440000534057617,22.09000015258789,22.31999969482422,775900.0
2020-06-25,22.3700008392334,22.459999084472656,22.059999465942383,22.31999969482422,869600.0
2020-06-26,22.399999618530273,22.43000030517578,21.979999542236328,22.0,1400100.0
2020-06-29,22.06999969482422,22.510000228881836,22.049999237060547,22.209999084472656,845500.0
2020-06-30,22.31999969482422,22.440000534057617,22.209999084472656,22.360000610351562,818500.0
2020-07-01,22.290000915527344,22.489999771118164,22.18000030517578,22.25,636100.0
2020-07-02,22.420000076293945,22.5,22.15999984741211,22.200000762939453,683700.0
2020-07-06,22.3799991607666,22.530000686645508,21.899999618530273,22.049999237060547,1079800.0
2020-07-07,21.979999542236328,22.219999313354492,21.8799991607666,22.020000457763672,760500.0
2020-07-08,21.989999771118164,22.15999984741211,21.860000610351562,21.959999084472656,771600.0
2020-07-09,21.850000381469727,21.989999771118164,21.649999618530273,21.690000534057617,431500.0
2020-07-10,21.68000030517578,21.989999771118164,21.670000076293945,21.969999313354492,441700.0
2020-07-13,22.040000915527344,22.059999465942383,21.770000457763672,21.809999465942383,803900.0
2020-07-14,21.84000015258789,22.18000030517578,21.780000686645508,22.1299991607666,744800.0
2020-07-15,22.25,22.3799991607666,21.940000534057617,22.0,792900.0
2020-07-16,22.0,22.15999984741211,21.8799991607666,22.0,355700.0
2020-07-17,22.059999465942383,22.170000076293945,21.889999389648438,21.899999618530273,374300.0
2020-07-20,21.899999618530273,22.219999313354492,21.549999237060547,21.84000015258789,877300.0
2020-07-21,21.920000076293945,22.829999923706055,21.8799991607666,22.799999237060547,2455800.0
2020-07-22,22.739999771118164,22.75,22.25,22.510000228881836,863500.0
2020-07-23,22.579999923706055,22.75,22.489999771118164,22.530000686645508,492700.0
2020-07-24,22.600000381469727,22.75,22.34000015258789,22.43000030517578,450900.0
2020-07-27,22.350000381469727,22.65999984741211,22.350000381469727,22.559999465942383,577200.0
2020-07-28,22.540000915527344,22.850000381469727,22.540000915527344,22.6299991607666,642700.0
2020-07-29,22.719999313354492,22.809999465942383,22.510000228881836,22.68000030517578,626000.0
2020-07-30,22.579999923706055,22.6299991607666,22.239999771118164,22.59000015258789,731100.0
2020-07-31,22.479999542236328,22.81999969482422,22.479999542236328,22.75,1096500.0
2020-08-03,22.760000228881836,23.31999969482422,22.760000228881836,23.25,1003200.0
2020-08-04,23.139999389648438,23.600000381469727,23.110000610351562,23.549999237060547,787400.0
2020-08-05,23.639999389648438,23.670000076293945,23.110000610351562,23.25,794900.0
2020-08-06,23.209999084472656,23.469999313354492,23.209999084472656,23.399999618530273,647000.0
2020-08-07,23.31999969482422,23.979999542236328,23.040000915527344,23.780000686645508,1021400.0
2020-08-10,23.920000076293945,24.389999389648438,23.8799991607666,24.06999969482422,1231100.0
2020-08-11,24.1299991607666,24.43000030517578,23.8799991607666,24.270000457763672,1564200.0
2020-08-12,24.31999969482422,24.709999084472656,24.219999313354492,24.610000610351562,1038500.0
2020-08-13,24.649999618530273,24.770000457763672,24.43000030517578,24.469999313354492,846600.0
2020-08-14,24.440000534057617,24.799999237060547,24.34000015258789,24.520000457763672,851000.0
2020-08-17,24.5,25.06999969482422,24.489999771118164,24.760000228881836,630000.0
2020-08-18,24.75,25.139999389648438,24.610000610351562,25.09000015258789,760200.0
2020-08-19,25.030000686645508,25.18000030517578,24.8799991607666,25.020000457763672,541300.0
2020-08-20,24.989999771118164,25.149999618530273,24.799999237060547,24.81999969482422,483100.0
2020-08-21,24.770000457763672,24.8799991607666,24.559999465942383,24.649999618530273,578100.0
2020-08-24,24.639999389648438,24.979999542236328,24.540000915527344,24.8799991607666,544200.0
2020-08-25,25.020000457763672,25.100000381469727,24.739999771118164,25.030000686645508,630800.0
2020-08-26,24.959999084472656,25.059999465942383,24.770000457763672,24.889999389648438,573900.0
2020-08-27,24.780000686645508,25.100000381469727,24.739999771118164,24.75,647300.0
2020-08-28,24.770000457763672,24.809999465942383,24.1299991607666,24.420000076293945,766200.0
2020-08-31,24.290000915527344,24.489999771118164,24.239999771118164,24.459999084472656,734600.0
2020-09-01,24.459999084472656,24.5,24.040000915527344,24.170000076293945,571100.0
2020-09-02,24.149999618530273,24.670000076293945,24.139999389648438,24.510000228881836,677600.0
2020-09-03,24.540000915527344,24.860000610351562,23.93000030517578,24.09000015258789,778900.0
2020-09-04,24.149999618530273,24.200000762939453,23.59000015258789,24.049999237060547,747000.0
2020-09-08,24.06999969482422,24.190000534057617,23.440000534057617,23.530000686645508,802800.0
2020-09-09,23.6200008392334,24.0,23.579999923706055,23.729999542236328,493900.0
2020-09-10,23.6299991607666,23.81999969482422,23.469999313354492,23.479999542236328,426200.0
2020-09-11,23.639999389648438,23.65999984741211,23.360000610351562,23.40999984741211,501400.0
2020-09-14,23.520000457763672,23.56999969482422,23.239999771118164,23.270000457763672,798700.0
2020-09-15,23.290000915527344,23.43000030517578,23.0,23.270000457763672,719400.0
2020-09-16,23.31999969482422,23.6200008392334,23.06999969482422,23.40999984741211,1353700.0
2020-09-17,23.209999084472656,23.56999969482422,23.09000015258789,23.420000076293945,1345900.0
2020-09-18,23.450000762939453,23.56999969482422,23.280000686645508,23.510000228881836,2544400.0
2020-09-21,23.440000534057617,23.81999969482422,23.190000534057617,23.450000762939453,917400.0
2020-09-22,23.520000457763672,23.8700008392334,23.520000457763672,23.540000915527344,909200.0
2020-09-23,23.579999923706055,23.65999984741211,23.299999237060547,23.309999465942383,727500.0
2020-09-24,23.260000228881836,23.75,23.260000228881836,23.559999465942383,712400.0
2020-09-25,23.540000915527344,23.780000686645508,23.43000030517578,23.729999542236328,917600.0
2020-09-28,23.809999465942383,24.1200008392334,23.809999465942383,24.020000457763672,773100.0
2020-09-29,24.010000228881836,24.200000762939453,23.920000076293945,24.100000381469727,501700.0
2020-09-30,24.209999084472656,24.5,24.030000686645508,24.329999923706055,1351300.0
2020-10-01,24.3799991607666,24.469999313354492,24.18000030517578,24.420000076293945,653600.0
2020-10-02,24.34000015258789,24.709999084472656,24.270000457763672,24.6299991607666,630600.0
2020-10-05,24.75,24.989999771118164,24.579999923706055,24.920000076293945,564900.0
2020-10-06,24.799999237060547,24.93000030517578,24.530000686645508,24.6299991607666,742400.0
2020-10-07,24.639999389648438,24.75,24.34000015258789,24.59000015258789,824500.0
2020-10-08,24.700000762939453,24.739999771118164,24.43000030517578,24.510000228881836,727400.0
2020-10-09,24.510000228881836,24.829999923706055,24.479999542236328,24.690000534057617,623000.0
2020-10-12,24.760000228881836,25.139999389648438,24.729999542236328,24.959999084472656,1000200.0
2020-10-13,24.829999923706055,25.100000381469727,24.780000686645508,24.950000762939453,608800.0
2020-10-14,24.8799991607666,25.059999465942383,24.670000076293945,24.84000015258789,659500.0
2020-10-15,24.729999542236328,25.06999969482422,24.6299991607666,24.950000762939453,543200.0
2020-10-16,24.969999313354492,25.0,24.809999465942383,24.8799991607666,377000.0
2020-10-19,24.8700008392334,24.979999542236328,24.639999389648438,24.65999984741211,798600.0
2020-10-20,24.709999084472656,24.739999771118164,24.15999984741211,24.25,1619300.0
2020-10-21,24.200000762939453,24.34000015258789,23.989999771118164,24.030000686645508,904000.0
2020-10-22,23.950000762939453,24.1200008392334,23.81999969482422,24.059999465942383,687400.0
2020-10-23,24.110000610351562,24.299999237060547,23.979999542236328,24.25,402100.0
2020-10-26,24.1200008392334,24.229999542236328,24.0,24.149999618530273,635200.0
2020-10-27,24.239999771118164,24.479999542236328,24.15999984741211,24.200000762939453,749100.0
2020-10-28,24.030000686645508,24.270000457763672,23.670000076293945,23.75,954700.0
2020-10-29,23.719999313354492,23.8700008392334,23.450000762939453,23.799999237060547,1824100.0
2020-10-30,23.700000762939453,23.899999618530273,23.440000534057617,23.579999923706055,892400.0
2020-11-02,23.829999923706055,24.030000686645508,23.65999984741211,23.899999618530273,768300.0
2020-11-03,24.030000686645508,24.290000915527344,23.8799991607666,23.969999313354492,538200.0
2020-11-04,23.979999542236328,24.530000686645508,23.90999984741211,24.170000076293945,712300.0
2020-11-05,24.299999237060547,24.520000457763672,24.0,24.40999984741211,1312700.0
2020-11-06,24.40999984741211,24.6299991607666,23.290000915527344,23.579999923706055,832600.0
2020-11-09,24.18000030517578,24.18000030517578,22.3799991607666,22.389999389648438,1276700.0
2020-11-10,22.389999389648438,22.979999542236328,22.15999984741211,22.5,1618600.0
2020-11-11,22.670000076293945,22.950000762939453,22.43000030517578,22.739999771118164,1199500.0
2020-11-12,22.649999618530273,22.860000610351562,22.049999237060547,22.280000686645508,1090000.0
2020-11-13,22.450000762939453,22.670000076293945,22.1200008392334,22.290000915527344,1169900.0
2020-11-16,22.34000015258789,22.540000915527344,21.950000762939453,22.059999465942383,1602700.0
2020-11-17,21.920000076293945,22.360000610351562,21.719999313354492,22.229999542236328,1383900.0
2020-11-18,22.260000228881836,22.540000915527344,22.139999389648438,22.15999984741211,1106900.0
2020-11-19,22.149999618530273,22.549999237060547,21.959999084472656,22.43000030517578,1157300.0
2020-11-20,22.34000015258789,22.420000076293945,21.770000457763672,22.280000686645508,1675500.0
2020-11-23,22.34000015258789,22.530000686645508,22.190000534057617,22.399999618530273,913100.0
2020-11-24,22.450000762939453,22.719999313354492,22.290000915527344,22.549999237060547,1299000.0
2020-11-25,22.459999084472656,22.530000686645508,22.040000915527344,22.149999618530273,887000.0
2020-11-27,22.100000381469727,22.280000686645508,22.0,22.260000228881836,329500.0
2020-11-30,22.260000228881836,22.360000610351562,22.040000915527344,22.190000534057617,1542200.0
2020-12-01,22.190000534057617,22.579999923706055,22.190000534057617,22.510000228881836,821200.0
2020-12-02,22.3700008392334,22.479999542236328,21.93000030517578,22.1200008392334,940800.0
2020-12-03,22.110000610351562,22.329999923706055,22.010000228881836,22.219999313354492,868500.0
2020-12-04,22.209999084472656,22.469999313354492,22.1200008392334,22.420000076293945,741800.0
2020-12-07,22.329999923706055,22.56999969482422,22.329999923706055,22.489999771118164,1050400.0
2020-12-08,22.389999389648438,22.579999923706055,22.3700008392334,22.489999771118164,603800.0
2020-12-09,22.549999237060547,22.75,22.459999084472656,22.59000015258789,706600.0
2020-12-10,22.610000610351562,22.68000030517578,22.309999465942383,22.440000534057617,501200.0
2020-12-11,22.40999984741211,22.649999618530273,22.399999618530273,22.479999542236328,785500.0
2020-12-14,22.6299991607666,22.989999771118164,22.6200008392334,22.90999984741211,1103700.0
2020-12-15,22.920000076293945,23.059999465942383,22.809999465942383,23.010000228881836,920200.0
2020-12-16,23.040000915527344,23.350000381469727,22.770000457763672,22.829999923706055,1076100.0
2020-12-17,22.950000762939453,23.170000076293945,22.600000381469727,22.90999984741211,1291900.0
2020-12-18,23.020000457763672,23.079999923706055,22.3799991607666,22.559999465942383,3963700.0
2020-12-21,22.40999984741211,22.610000610351562,22.170000076293945,22.579999923706055,753500.0
2020-12-22,22.530000686645508,22.790000915527344,22.530000686645508,22.65999984741211,616100.0
2020-12-23,22.65999984741211,23.149999618530273,22.65999984741211,23.0,780100.0
2020-12-24,22.989999771118164,23.190000534057617,22.940000534057617,23.15999984741211,231700.0
2020-12-28,23.25,23.399999618530273,22.8700008392334,22.979999542236328,544700.0
2020-12-29,23.030000686645508,23.1299991607666,22.75,22.790000915527344,483800.0
2020-12-30,22.799999237060547,23.030000686645508,22.59000015258789,22.600000381469727,353700.0
2020-12-31,22.5,22.68000030517578,22.440000534057617,22.6299991607666,758300.0
2021-01-04,22.6299991607666,22.90999984741211,22.56999969482422,22.90999984741211,1421200.0
2021-01-05,22.8799991607666,22.979999542236328,22.6200008392334,22.700000762939453,2695900.0
2021-01-06,22.700000762939453,23.139999389648438,22.260000228881836,22.670000076293945,3436100.0
2021-01-07,22.670000076293945,22.670000076293945,22.190000534057617,22.450000762939453,1413000.0
2021-01-08,22.479999542236328,22.479999542236328,21.850000381469727,22.1299991607666,1505800.0
2021-01-11,22.1299991607666,22.239999771118164,21.940000534057617,22.1299991607666,1081500.0
2021-01-12,22.040000915527344,22.079999923706055,21.790000915527344,21.940000534057617,1155800.0
2021-01-13,21.940000534057617,21.940000534057617,21.65999984741211,21.799999237060547,1299100.0
2021-01-14,21.920000076293945,22.200000762939453,21.739999771118164,22.139999389648438,1056100.0
2021-01-15,22.100000381469727,22.389999389648438,22.010000228881836,22.350000381469727,1329700.0
2021-01-19,22.399999618530273,22.459999084472656,21.979999542236328,22.049999237060547,895600.0
2021-01-20,22.049999237060547,22.360000610351562,21.780000686645508,22.350000381469727,983700.0
2021-01-21,22.350000381469727,22.459999084472656,22.139999389648438,22.149999618530273,538700.0
2021-01-22,22.15999984741211,22.520000457763672,22.06999969482422,22.440000534057617,844500.0
2021-01-25,22.459999084472656,23.1299991607666,22.440000534057617,22.950000762939453,1160100.0
2021-01-26,22.950000762939453,23.100000381469727,22.709999084472656,23.0,1140000.0
2021-01-27,22.920000076293945,23.540000915527344,22.850000381469727,23.200000762939453,1566100.0
2021-01-28,23.110000610351562,23.760000228881836,22.8700008392334,23.15999984741211,1530600.0
2021-01-29,23.170000076293945,23.40999984741211,22.8799991607666,22.959999084472656,1329500.0
2021-02-01,22.959999084472656,23.110000610351562,22.510000228881836,22.59000015258789,880500.0
2021-02-02,22.6200008392334,22.809999465942383,22.34000015258789,22.6299991607666,517200.0
2021-02-03,22.559999465942383,22.65999984741211,22.209999084472656,22.510000228881836,468100.0
2021-02-04,22.389999389648438,22.56999969482422,22.209999084472656,22.31999969482422,768000.0
2021-02-05,22.489999771118164,22.549999237060547,22.34000015258789,22.389999389648438,598000.0
2021-02-08,22.530000686645508,22.600000381469727,22.350000381469727,22.559999465942383,696900.0
2021-02-09,22.639999389648438,22.790000915527344,22.540000915527344,22.690000534057617,537300.0
2021-02-10,22.790000915527344,22.860000610351562,22.510000228881836,22.65999984741211,674400.0
2021-02-11,22.670000076293945,22.700000762939453,22.360000610351562,22.389999389648438,1083000.0
2021-02-12,22.420000076293945,22.729999542236328,22.010000228881836,22.6299991607666,1278700.0
2021-02-16,22.530000686645508,22.56999969482422,22.049999237060547,22.309999465942383,979100.0
2021-02-17,22.200000762939453,22.450000762939453,22.139999389648438,22.399999618530273,833900.0
2021-02-18,22.389999389648438,22.40999984741211,22.020000457763672,22.09000015258789,788700.0
2021-02-19,22.399999618530273,22.540000915527344,21.979999542236328,22.09000015258789,1716700.0
2021-02-22,22.09000015258789,22.239999771118164,21.799999237060547,22.079999923706055,971600.0
2021-02-23,22.139999389648438,22.360000610351562,22.010000228881836,22.290000915527344,747000.0
2021-02-24,22.34000015258789,22.549999237060547,22.15999984741211,22.15999984741211,1340900.0
2021-02-25,22.149999618530273,22.299999237060547,21.969999313354492,22.170000076293945,981900.0
2021-02-26,22.25,22.25,21.719999313354492,21.75,1551000.0
2021-03-01,21.780000686645508,21.969999313354492,21.719999313354492,21.81999969482422,1011200.0
2021-03-02,21.969999313354492,22.200000762939453,21.739999771118164,22.100000381469727,1325300.0
2021-03-03,22.389999389648438,22.760000228881836,22.149999618530273,22.399999618530273,1774000.0
2021-03-04,22.299999237060547,22.719999313354492,22.25,22.399999618530273,1342000.0
2021-03-05,22.43000030517578,22.989999771118164,22.43000030517578,22.959999084472656,1185900.0
2021-03-08,22.959999084472656,23.3700008392334,22.719999313354492,23.219999313354492,1287200.0
2021-03-09,23.260000228881836,23.3799991607666,22.959999084472656,23.079999923706055,1289800.0
2021-03-10,22.989999771118164,23.530000686645508,22.690000534057617,23.360000610351562,1019200.0
2021-03-11,23.309999465942383,23.450000762939453,23.170000076293945,23.219999313354492,707000.0
2021-03-12,23.209999084472656,23.5,23.200000762939453,23.34000015258789,830300.0
2021-03-15,23.420000076293945,23.790000915527344,23.31999969482422,23.780000686645508,848000.0
2021-03-16,23.799999237060547,24.15999984741211,23.729999542236328,23.979999542236328,1221200.0
2021-03-17,24.079999923706055,24.139999389648438,23.739999771118164,23.81999969482422,900800.0
2021-03-18,23.670000076293945,23.81999969482422,23.399999618530273,23.610000610351562,1233100.0
2021-03-19,23.690000534057617,23.93000030517578,23.559999465942383,23.610000610351562,2939600.0
2021-03-22,23.579999923706055,24.079999923706055,23.489999771118164,24.049999237060547,901600.0
2021-03-23,24.06999969482422,24.170000076293945,23.899999618530273,23.989999771118164,1002800.0
2021-03-24,23.760000228881836,23.989999771118164,23.450000762939453,23.469999313354492,1036600.0
2021-03-25,23.469999313354492,23.979999542236328,23.329999923706055,23.940000534057617,767000.0
2021-03-26,23.920000076293945,24.190000534057617,23.809999465942383,24.18000030517578,659300.0
2021-03-29,24.110000610351562,24.43000030517578,24.110000610351562,24.389999389648438,781500.0
2021-03-30,24.389999389648438,24.43000030517578,24.1200008392334,24.239999771118164,774200.0
2021-03-31,24.229999542236328,24.229999542236328,23.799999237060547,23.799999237060547,1246200.0
2021-04-01,23.850000381469727,24.010000228881836,23.540000915527344,23.940000534057617,791200.0
2021-04-05,23.93000030517578,24.100000381469727,23.850000381469727,24.030000686645508,604800.0
2021-04-06,24.020000457763672,24.260000228881836,24.0,24.18000030517578,686500.0
2021-04-07,24.31999969482422,24.3799991607666,24.079999923706055,24.18000030517578,614000.0
2021-04-08,24.170000076293945,24.299999237060547,24.040000915527344,24.190000534057617,602300.0
2021-04-09,24.18000030517578,24.209999084472656,23.770000457763672,23.8799991607666,648400.0
2021-04-12,23.920000076293945,24.1299991607666,23.84000015258789,24.100000381469727,912000.0
2021-04-13,23.989999771118164,24.059999465942383,23.690000534057617,23.739999771118164,979000.0
2021-04-14,23.719999313354492,23.780000686645508,23.459999084472656,23.700000762939453,954400.0
2021-04-15,23.850000381469727,23.940000534057617,23.709999084472656,23.8799991607666,742600.0
2021-04-16,23.899999618530273,24.079999923706055,23.829999923706055,24.030000686645508,815100.0
2021-04-19,24.110000610351562,24.219999313354492,23.850000381469727,24.170000076293945,754600.0
2021-04-20,24.200000762939453,24.639999389648438,24.170000076293945,24.360000610351562,1172900.0
2021-04-21,24.489999771118164,24.6299991607666,24.3700008392334,24.450000762939453,999900.0
2021-04-22,24.540000915527344,24.540000915527344,24.290000915527344,24.389999389648438,523900.0
2021-04-23,24.309999465942383,24.399999618530273,24.15999984741211,24.299999237060547,722500.0
2021-04-26,24.329999923706055,24.389999389648438,23.799999237060547,23.84000015258789,1036600.0
2021-04-27,23.709999084472656,23.979999542236328,23.59000015258789,23.90999984741211,788400.0
2021-04-28,24.0,24.100000381469727,23.75,23.860000610351562,746400.0
2021-04-29,23.899999618530273,24.229999542236328,23.8700008392334,24.079999923706055,666400.0
2021-04-30,24.100000381469727,24.170000076293945,23.920000076293945,23.959999084472656,946600.0
2021-05-03,24.0,24.399999618530273,23.950000762939453,24.229999542236328,623300.0
2021-05-04,24.280000686645508,24.540000915527344,24.18000030517578,24.229999542236328,661800.0
2021-05-05,24.209999084472656,24.40999984741211,23.989999771118164,24.360000610351562,736600.0
2021-05-06,24.469999313354492,24.81999969482422,24.469999313354492,24.670000076293945,1170100.0
2021-05-07,24.6299991607666,24.649999618530273,24.25,24.489999771118164,828500.0
2021-05-10,24.5,24.8700008392334,24.5,24.760000228881836,597100.0
2021-05-11,24.790000915527344,24.860000610351562,24.56999969482422,24.68000030517578,869200.0
2021-05-12,24.700000762939453,24.709999084472656,24.440000534057617,24.459999084472656,718100.0
2021-05-13,24.3799991607666,24.760000228881836,24.209999084472656,24.65999984741211,2243300.0
2021-05-14,24.739999771118164,24.860000610351562,24.25,24.25,1369000.0
2021-05-17,24.3799991607666,24.530000686645508,24.040000915527344,24.309999465942383,1484300.0
2021-05-18,24.299999237060547,24.829999923706055,24.299999237060547,24.579999923706055,2254700.0
2021-05-19,24.6200008392334,24.719999313354492,24.459999084472656,24.68000030517578,1176500.0
2021-05-20,24.700000762939453,24.979999542236328,24.6200008392334,24.700000762939453,1807400.0
2021-05-21,24.389999389648438,24.649999618530273,23.719999313354492,24.149999618530273,3089000.0
2021-05-24,23.959999084472656,24.139999389648438,23.75,24.139999389648438,1209300.0
2021-05-25,24.09000015258789,24.149999618530273,23.899999618530273,24.110000610351562,1130700.0
2021-05-26,24.200000762939453,24.31999969482422,24.079999923706055,24.149999618530273,1024500.0
2021-05-27,24.170000076293945,24.34000015258789,24.0,24.0,1339200.0
2021-05-28,24.040000915527344,24.399999618530273,24.040000915527344,24.09000015258789,1442400.0
2021-06-01,24.139999389648438,24.670000076293945,24.1200008392334,24.549999237060547,2114600.0
2021-06-02,24.6299991607666,25.020000457763672,24.559999465942383,25.0,1846200.0
2021-06-03,25.040000915527344,25.479999542236328,25.010000228881836,25.43000030517578,1971300.0
2021-06-04,25.440000534057617,25.469999313354492,25.030000686645508,25.15999984741211,1327400.0
2021-06-07,25.15999984741211,25.260000228881836,25.0,25.15999984741211,1041300.0
2021-06-08,25.399999618530273,25.399999618530273,24.90999984741211,24.920000076293945,1579300.0
2021-06-09,24.56999969482422,24.84000015258789,24.440000534057617,24.530000686645508,1094400.0
2021-06-10,24.540000915527344,24.709999084472656,24.440000534057617,24.639999389648438,673900.0
2021-06-11,24.729999542236328,24.729999542236328,24.520000457763672,24.639999389648438,774800.0
2021-06-14,24.639999389648438,24.760000228881836,24.5,24.670000076293945,715500.0
2021-06-15,24.729999542236328,24.770000457763672,24.479999542236328,24.559999465942383,622000.0
2021-06-16,24.56999969482422,24.700000762939453,24.350000381469727,24.40999984741211,562000.0
2021-06-17,24.360000610351562,24.420000076293945,24.139999389648438,24.299999237060547,714100.0
2021-06-18,24.34000015258789,24.34000015258789,23.719999313354492,23.729999542236328,1887300.0
2021-06-21,23.700000762939453,23.950000762939453,23.65999984741211,23.8700008392334,1586100.0
2021-06-22,23.940000534057617,24.25,23.81999969482422,23.920000076293945,1396300.0
2021-06-23,23.899999618530273,23.920000076293945,23.6299991607666,23.639999389648438,947800.0
2021-06-24,23.610000610351562,24.020000457763672,23.469999313354492,23.739999771118164,1985000.0
2021-06-25,23.690000534057617,24.190000534057617,23.690000534057617,24.170000076293945,2183100.0
2021-06-28,24.09000015258789,24.299999237060547,24.010000228881836,24.219999313354492,1048200.0
2021-06-29,24.209999084472656,24.239999771118164,23.950000762939453,24.059999465942383,1678500.0
2021-06-30,23.989999771118164,24.420000076293945,23.989999771118164,24.200000762939453,1534400.0
2021-07-01,24.190000534057617,24.260000228881836,24.040000915527344,24.1200008392334,855800.0
2021-07-02,24.1200008392334,24.34000015258789,24.010000228881836,24.25,840200.0
2021-07-06,24.299999237060547,24.299999237060547,24.06999969482422,24.1200008392334,1362800.0
2021-07-07,24.06999969482422,24.209999084472656,23.950000762939453,23.950000762939453,930100.0
2021-07-08,23.90999984741211,24.06999969482422,23.690000534057617,23.790000915527344,1632900.0
2021-07-09,23.8799991607666,24.059999465942383,23.81999969482422,24.030000686645508,989500.0
2021-07-12,23.989999771118164,24.100000381469727,23.760000228881836,24.049999237060547,1056600.0
2021-07-13,23.959999084472656,24.09000015258789,23.6299991607666,23.75,1064900.0
2021-07-14,23.780000686645508,23.969999313354492,23.549999237060547,23.8700008392334,1206000.0
2021-07-15,23.90999984741211,24.190000534057617,23.780000686645508,24.190000534057617,913000.0
2021-07-16,24.190000534057617,24.399999618530273,24.18000030517578,24.34000015258789,696800.0
2021-07-19,24.34000015258789,24.420000076293945,23.989999771118164,24.360000610351562,1356700.0
2021-07-20,24.420000076293945,24.709999084472656,24.09000015258789,24.110000610351562,1513300.0
2021-07-21,24.15999984741211,24.209999084472656,23.770000457763672,23.780000686645508,1419800.0
2021-07-22,23.760000228881836,23.790000915527344,23.350000381469727,23.530000686645508,1206800.0
2021-07-23,23.510000228881836,23.799999237060547,23.34000015258789,23.729999542236328,651800.0
2021-07-26,23.719999313354492,23.969999313354492,23.719999313354492,23.8700008392334,744300.0
2021-07-27,23.850000381469727,24.15999984741211,23.780000686645508,23.940000534057617,1083900.0
2021-07-28,23.90999984741211,23.940000534057617,23.520000457763672,23.600000381469727,712400.0
2021-07-29,23.729999542236328,23.780000686645508,23.530000686645508,23.549999237060547,739200.0
2021-07-30,23.600000381469727,23.700000762939453,23.510000228881836,23.559999465942383,906600.0
2021-08-02,23.6200008392334,23.670000076293945,23.5,23.56999969482422,797300.0
2021-08-03,23.6299991607666,23.790000915527344,23.450000762939453,23.5,870700.0
2021-08-04,23.489999771118164,23.489999771118164,22.649999618530273,22.68000030517578,1299400.0
2021-08-05,22.690000534057617,22.93000030517578,22.610000610351562,22.90999984741211,1268200.0
2021-08-06,22.899999618530273,23.1299991607666,22.850000381469727,22.889999389648438,1424600.0
2021-08-09,22.989999771118164,23.049999237060547,22.729999542236328,22.850000381469727,1040700.0
2021-08-10,22.81999969482422,22.950000762939453,22.75,22.899999618530273,843400.0
2021-08-11,22.979999542236328,23.200000762939453,22.899999618530273,23.020000457763672,896400.0
2021-08-12,22.959999084472656,22.979999542236328,22.719999313354492,22.8700008392334,1798100.0
2021-08-13,23.280000686645508,24.3799991607666,23.190000534057617,24.34000015258789,2705400.0
2021-08-16,24.3799991607666,24.739999771118164,24.31999969482422,24.6200008392334,1623600.0
2021-08-17,24.639999389648438,25.209999084472656,24.639999389648438,25.170000076293945,1917700.0
2021-08-18,25.219999313354492,25.260000228881836,24.530000686645508,24.559999465942383,1174400.0
2021-08-19,24.56999969482422,24.860000610351562,24.56999969482422,24.719999313354492,1101600.0
2021-08-20,24.65999984741211,24.829999923706055,24.56999969482422,24.56999969482422,989000.0
2021-08-23,24.700000762939453,24.700000762939453,24.34000015258789,24.3799991607666,881500.0
2021-08-24,24.34000015258789,24.389999389648438,23.8700008392334,23.889999389648438,1147200.0
2021-08-25,23.860000610351562,24.040000915527344,23.81999969482422,23.84000015258789,1046100.0
2021-08-26,23.75,23.829999923706055,23.540000915527344,23.690000534057617,772100.0
2021-08-27,23.68000030517578,23.969999313354492,23.600000381469727,23.899999618530273,1297800.0
2021-08-30,23.940000534057617,24.219999313354492,23.93000030517578,24.100000381469727,1071900.0
2021-08-31,24.100000381469727,24.219999313354492,24.040000915527344,24.1299991607666,1198400.0
2021-09-01,24.209999084472656,24.309999465942383,24.040000915527344,24.200000762939453,735100.0
2021-09-02,24.020000457763672,24.479999542236328,24.020000457763672,24.25,822400.0
2021-09-03,24.149999618530273,24.200000762939453,24.0,24.020000457763672,772600.0
2021-09-07,23.920000076293945,23.920000076293945,23.65999984741211,23.709999084472656,774500.0
2021-09-08,23.770000457763672,24.09000015258789,23.709999084472656,23.90999984741211,866500.0
2021-09-09,23.920000076293945,23.93000030517578,23.479999542236328,23.489999771118164,831400.0
2021-09-10,23.489999771118164,23.65999984741211,23.280000686645508,23.549999237060547,833500.0
2021-09-13,23.579999923706055,23.719999313354492,23.3799991607666,23.469999313354492,931100.0
2021-09-14,23.450000762939453,23.489999771118164,23.270000457763672,23.440000534057617,973600.0
2021-09-15,23.40999984741211,23.489999771118164,23.09000015258789,23.209999084472656,1690700.0
2021-09-16,23.25,23.350000381469727,22.950000762939453,23.15999984741211,1324100.0
2021-09-17,23.18000030517578,23.440000534057617,23.049999237060547,23.25,3037800.0
2021-09-20,23.219999313354492,23.350000381469727,22.780000686645508,23.020000457763672,1465200.0
2021-09-21,23.010000228881836,23.200000762939453,22.829999923706055,23.09000015258789,4496700.0
2021-09-22,23.25,23.34000015258789,22.989999771118164,23.1200008392334,2403700.0
2021-09-23,23.200000762939453,23.489999771118164,23.09000015258789,23.309999465942383,3145800.0
2021-09-24,23.209999084472656,23.649999618530273,23.209999084472656,23.40999984741211,2991700.0
2021-09-27,23.399999618530273,23.729999542236328,23.329999923706055,23.3799991607666,2200700.0
2021-09-28,23.450000762939453,23.760000228881836,23.360000610351562,23.59000015258789,1201700.0
2021-09-29,23.59000015258789,24.18000030517578,23.59000015258789,23.989999771118164,852800.0
2021-09-30,23.940000534057617,24.010000228881836,23.6200008392334,23.6299991607666,1144200.0
2021-10-01,23.670000076293945,23.940000534057617,23.530000686645508,23.809999465942383,1438300.0
2021-10-04,23.809999465942383,24.219999313354492,23.809999465942383,24.139999389648438,976100.0
2021-10-05,24.149999618530273,24.389999389648438,24.020000457763672,24.350000381469727,1529500.0
2021-10-06,24.389999389648438,24.729999542236328,24.239999771118164,24.729999542236328,1037600.0
2021-10-07,24.729999542236328,24.93000030517578,24.59000015258789,24.68000030517578,1264500.0
2021-10-08,24.6299991607666,24.84000015258789,24.6299991607666,24.790000915527344,761200.0
2021-10-11,24.809999465942383,24.989999771118164,24.75,24.950000762939453,1373200.0
2021-10-12,25.0,25.510000228881836,24.889999389648438,25.06999969482422,1925300.0
2021-10-13,25.079999923706055,25.479999542236328,24.969999313354492,25.40999984741211,1749800.0
2021-10-14,25.450000762939453,25.549999237060547,25.209999084472656,25.299999237060547,900300.0
2021-10-15,25.290000915527344,25.3799991607666,24.899999618530273,24.969999313354492,2013800.0
2021-10-18,24.8700008392334,25.06999969482422,24.780000686645508,24.8799991607666,751800.0
2021-10-19,24.8799991607666,24.889999389648438,24.639999389648438,24.84000015258789,911400.0
2021-10-20,24.860000610351562,25.15999984741211,24.860000610351562,25.079999923706055,780700.0
2021-10-21,25.100000381469727,25.200000762939453,24.950000762939453,25.010000228881836,479800.0
2021-10-22,24.959999084472656,25.15999984741211,24.940000534057617,25.06999969482422,591500.0
2021-10-25,25.049999237060547,25.25,24.860000610351562,25.190000534057617,2047900.0
2021-10-26,25.200000762939453,25.420000076293945,25.1299991607666,25.15999984741211,1071100.0
2021-10-27,25.25,25.31999969482422,24.530000686645508,24.649999618530273,768100.0
2021-10-28,24.690000534057617,24.889999389648438,24.579999923706055,24.8700008392334,633900.0
2021-10-29,24.850000381469727,24.989999771118164,24.739999771118164,24.75,911400.0
2021-11-01,24.799999237060547,24.940000534057617,24.690000534057617,24.93000030517578,734200.0
2021-11-02,24.979999542236328,25.170000076293945,24.84000015258789,25.15999984741211,650700.0
2021-11-03,25.100000381469727,25.5,25.100000381469727,25.5,803700.0
2021-11-04,25.530000686645508,25.75,25.15999984741211,25.270000457763672,1044600.0
2021-11-05,25.329999923706055,25.469999313354492,25.209999084472656,25.239999771118164,783400.0
2021-11-08,25.34000015258789,25.459999084472656,25.059999465942383,25.299999237060547,713700.0
2021-11-09,25.360000610351562,25.59000015258789,25.209999084472656,25.520000457763672,1019900.0
2021-11-10,25.56999969482422,25.6299991607666,25.25,25.489999771118164,1287300.0
2021-11-11,25.31999969482422,25.530000686645508,25.139999389648438,25.5,1506100.0
2021-11-12,26.450000762939453,26.729999542236328,25.770000457763672,26.079999923706055,1974700.0
2021-11-15,26.389999389648438,27.6200008392334,26.290000915527344,27.040000915527344,2784400.0
2021-11-16,27.09000015258789,27.149999618530273,26.639999389648438,26.850000381469727,1468400.0
2021-11-17,26.729999542236328,26.93000030517578,26.56999969482422,26.8700008392334,1549200.0
2021-11-18,26.93000030517578,26.93000030517578,26.56999969482422,26.690000534057617,1337700.0
2021-11-19,26.81999969482422,27.049999237060547,26.719999313354492,26.799999237060547,1730200.0
2021-11-22,26.8700008392334,27.010000228881836,26.75,26.760000228881836,969800.0
2021-11-23,26.860000610351562,27.1299991607666,26.829999923706055,26.969999313354492,864700.0
2021-11-24,27.059999465942383,27.110000610351562,26.81999969482422,27.020000457763672,1122400.0
2021-11-26,26.81999969482422,27.100000381469727,26.450000762939453,26.459999084472656,616600.0
2021-11-29,26.399999618530273,26.709999084472656,26.219999313354492,26.399999618530273,1054700.0
2021-11-30,26.25,26.420000076293945,25.760000228881836,25.81999969482422,1490900.0
2021-12-01,25.889999389648438,25.959999084472656,25.6200008392334,25.649999618530273,1559100.0
2021-12-02,25.540000915527344,25.799999237060547,25.420000076293945,25.459999084472656,1234700.0
2021-12-03,25.600000381469727,25.860000610351562,25.489999771118164,25.739999771118164,877500.0
2021-12-06,25.700000762939453,26.010000228881836,25.649999618530273,25.68000030517578,1021900.0
2021-12-07,25.690000534057617,26.049999237060547,25.510000228881836,25.899999618530273,1295100.0
2021-12-08,25.93000030517578,26.209999084472656,25.700000762939453,26.0,881400.0
2021-12-09,25.959999084472656,26.030000686645508,25.700000762939453,25.739999771118164,1001400.0
2021-12-10,25.790000915527344,25.989999771118164,25.770000457763672,25.920000076293945,1073000.0
2021-12-13,25.899999618530273,26.540000915527344,25.860000610351562,26.34000015258789,1170700.0
2021-12-14,26.329999923706055,26.530000686645508,26.31999969482422,26.3700008392334,1196200.0
2021-12-15,26.510000228881836,26.899999618530273,26.5,26.700000762939453,1315300.0
2021-12-16,26.719999313354492,27.290000915527344,26.719999313354492,27.239999771118164,1098500.0
2021-12-17,27.350000381469727,27.719999313354492,26.959999084472656,27.079999923706055,4195600.0
2021-12-20,26.8700008392334,27.079999923706055,26.65999984741211,27.059999465942383,929200.0
2021-12-21,27.040000915527344,27.100000381469727,26.799999237060547,27.059999465942383,938500.0
2021-12-22,27.09000015258789,27.270000457763672,26.93000030517578,27.059999465942383,717900.0
2021-12-23,27.049999237060547,27.110000610351562,26.809999465942383,26.889999389648438,593200.0
2021-12-27,26.8799991607666,27.1299991607666,26.770000457763672,27.1200008392334,471500.0
2021-12-28,27.09000015258789,27.440000534057617,27.09000015258789,27.43000030517578,646100.0
2021-12-29,27.459999084472656,27.489999771118164,27.299999237060547,27.440000534057617,631600.0
2021-12-30,27.399999618530273,27.469999313354492,27.270000457763672,27.420000076293945,533700.0
2021-12-31,27.450000762939453,27.579999923706055,27.299999237060547,27.469999313354492,608800.0
2022-01-03,27.3700008392334,27.479999542236328,27.110000610351562,27.469999313354492,650300.0
2022-01-04,27.389999389648438,27.84000015258789,27.389999389648438,27.579999923706055,1073500.0
2022-01-05,27.760000228881836,28.020000457763672,27.709999084472656,27.8799991607666,1241600.0
2022-01-06,27.899999618530273,28.1299991607666,27.75,27.940000534057617,791200.0
2022-01-07,27.81999969482422,28.1299991607666,27.75,28.030000686645508,816800.0
2022-01-10,28.0,28.3799991607666,27.989999771118164,28.219999313354492,2819400.0
2022-01-11,28.170000076293945,28.280000686645508,27.670000076293945,27.809999465942383,1822700.0
2022-01-12,27.75,28.100000381469727,27.5,27.899999618530273,2700900.0
2022-01-13,27.920000076293945,28.510000228881836,27.790000915527344,28.270000457763672,1858400.0
2022-01-14,28.299999237060547,29.190000534057617,28.139999389648438,29.06999969482422,3316700.0
2022-01-18,28.860000610351562,29.209999084472656,28.510000228881836,28.989999771118164,2627600.0
2022-01-19,29.049999237060547,29.729999542236328,28.920000076293945,28.93000030517578,3530400.0
2022-01-20,28.780000686645508,28.889999389648438,28.290000915527344,28.350000381469727,1288600.0
2022-01-21,28.530000686645508,28.84000015258789,28.5,28.739999771118164,1597600.0
2022-01-24,28.770000457763672,29.0,28.139999389648438,28.59000015258789,1841500.0
2022-01-25,28.5,28.5,27.90999984741211,28.110000610351562,2074700.0
2022-01-26,27.959999084472656,28.270000457763672,27.8700008392334,27.969999313354492,1462300.0
2022-01-27,28.1299991607666,28.540000915527344,27.8799991607666,28.110000610351562,2028300.0
2022-01-28,28.0,28.290000915527344,27.809999465942383,28.290000915527344,1031200.0
2022-01-31,28.1200008392334,28.239999771118164,27.739999771118164,28.1299991607666,1308200.0
2022-02-01,28.270000457763672,28.3700008392334,27.760000228881836,28.09000015258789,863400.0
2022-02-02,28.030000686645508,28.479999542236328,27.889999389648438,28.440000534057617,1348700.0
2022-02-03,28.440000534057617,28.65999984741211,28.360000610351562,28.579999923706055,1569500.0
2022-02-04,28.450000762939453,28.469999313354492,27.8700008392334,28.139999389648438,1300300.0
2022-02-07,28.260000228881836,28.360000610351562,27.8799991607666,28.260000228881836,1392600.0
2022-02-08,28.389999389648438,28.56999969482422,28.239999771118164,28.469999313354492,1703100.0
2022-02-09,28.469999313354492,28.610000610351562,28.209999084472656,28.270000457763672,1349100.0
2022-02-10,28.1200008392334,28.3799991607666,27.989999771118164,28.09000015258789,1724500.0
2022-02-11,27.979999542236328,28.149999618530273,26.959999084472656,27.93000030517578,2075400.0
2022-02-14,28.059999465942383,28.239999771118164,27.6200008392334,28.049999237060547,1449300.0
2022-02-15,28.1299991607666,28.270000457763672,27.979999542236328,28.1299991607666,1223500.0
2022-02-16,28.09000015258789,28.31999969482422,27.75,27.920000076293945,1022200.0
2022-02-17,27.8799991607666,28.43000030517578,27.780000686645508,28.329999923706055,1006900.0
2022-02-18,28.280000686645508,28.739999771118164,28.280000686645508,28.670000076293945,1743400.0
2022-02-22,28.700000762939453,28.780000686645508,28.350000381469727,28.40999984741211,2027000.0
2022-02-23,28.479999542236328,28.6200008392334,28.3700008392334,28.469999313354492,1502900.0
2022-02-24,28.209999084472656,28.219999313354492,26.65999984741211,26.8700008392334,3245000.0
2022-02-25,26.969999313354492,27.8799991607666,26.8799991607666,27.809999465942383,2306700.0
2022-02-28,27.540000915527344,27.559999465942383,27.139999389648438,27.40999984741211,2061400.0
2022-03-01,27.420000076293945,27.739999771118164,26.979999542236328,27.299999237060547,2475000.0
2022-03-02,27.299999237060547,27.93000030517578,27.270000457763672,27.6299991607666,2037700.0
2022-03-03,27.43000030517578,27.8700008392334,27.360000610351562,27.649999618530273,1251300.0
2022-03-04,27.260000228881836,27.40999984741211,26.799999237060547,26.950000762939453,2946400.0
2022-03-07,26.68000030517578,26.950000762939453,25.610000610351562,25.799999237060547,3793000.0
2022-03-08,25.719999313354492,25.940000534057617,24.610000610351562,25.030000686645508,4225600.0
2022-03-09,25.610000610351562,25.6299991607666,25.200000762939453,25.350000381469727,1969600.0
2022-03-10,25.06999969482422,25.149999618530273,24.780000686645508,24.889999389648438,2011000.0
2022-03-11,24.889999389648438,24.940000534057617,24.299999237060547,24.329999923706055,2080300.0
2022-03-14,24.5,24.760000228881836,24.31999969482422,24.530000686645508,1583300.0
2022-03-15,24.530000686645508,24.860000610351562,24.5,24.809999465942383,1303000.0
2022-03-16,24.860000610351562,25.40999984741211,24.6200008392334,25.239999771118164,2511200.0
2022-03-17,25.389999389648438,25.389999389648438,25.0,25.18000030517578,1593400.0
2022-03-18,25.190000534057617,25.34000015258789,24.93000030517578,25.329999923706055,3550700.0
2022-03-21,25.549999237060547,25.670000076293945,25.059999465942383,25.09000015258789,1628100.0
2022-03-22,25.1299991607666,25.280000686645508,24.989999771118164,25.219999313354492,1092800.0
2022-03-23,25.329999923706055,25.459999084472656,24.979999542236328,25.0,1100000.0
2022-03-24,25.0,25.110000610351562,24.829999923706055,24.950000762939453,1131100.0
2022-03-25,24.940000534057617,25.399999618530273,24.889999389648438,25.260000228881836,1203300.0
2022-03-28,25.34000015258789,25.389999389648438,25.15999984741211,25.260000228881836,812300.0
2022-03-29,25.280000686645508,26.059999465942383,25.280000686645508,26.030000686645508,1904000.0
2022-03-30,25.950000762939453,25.979999542236328,25.530000686645508,25.799999237060547,994500.0
2022-03-31,25.75,25.8700008392334,25.56999969482422,25.709999084472656,949500.0
2022-04-01,25.829999923706055,26.25,25.59000015258789,26.25,1472000.0
2022-04-04,26.1200008392334,26.18000030517578,25.75,26.020000457763672,982500.0
2022-04-05,25.950000762939453,26.290000915527344,25.899999618530273,25.989999771118164,1420400.0
2022-04-06,26.040000915527344,26.40999984741211,25.950000762939453,26.34000015258789,1118700.0
2022-04-07,26.309999465942383,26.520000457763672,26.18000030517578,26.399999618530273,1238000.0
2022-04-08,26.450000762939453,26.709999084472656,26.270000457763672,26.540000915527344,1019800.0
2022-04-11,26.700000762939453,26.899999618530273,26.540000915527344,26.559999465942383,1511000.0
2022-04-12,26.56999969482422,26.940000534057617,26.56999969482422,26.739999771118164,1481200.0
2022-04-13,26.670000076293945,26.90999984741211,26.549999237060547,26.760000228881836,732400.0
2022-04-14,26.829999923706055,26.889999389648438,26.6200008392334,26.780000686645508,651500.0
2022-04-18,26.770000457763672,26.850000381469727,26.540000915527344,26.670000076293945,783100.0
2022-04-19,26.739999771118164,27.110000610351562,26.68000030517578,26.8799991607666,1554900.0
2022-04-20,27.020000457763672,27.5,27.020000457763672,27.469999313354492,1190300.0
2022-04-21,27.43000030517578,27.75,27.350000381469727,27.56999969482422,1483500.0
2022-04-22,27.6200008392334,27.729999542236328,27.3700008392334,27.3799991607666,1368500.0
2022-04-25,27.43000030517578,27.639999389648438,26.8700008392334,27.579999923706055,1309600.0
2022-04-26,27.65999984741211,27.760000228881836,26.920000076293945,26.93000030517578,2130400.0
2022-04-27,26.860000610351562,27.149999618530273,26.649999618530273,26.729999542236328,4753400.0
2022-04-28,26.729999542236328,27.06999969482422,26.579999923706055,27.049999237060547,1386700.0
2022-04-29,26.920000076293945,27.079999923706055,26.469999313354492,26.520000457763672,1429400.0
2022-05-02,26.719999313354492,26.780000686645508,25.770000457763672,26.06999969482422,1642400.0
2022-05-03,26.18000030517578,26.559999465942383,26.06999969482422,26.399999618530273,1178500.0
2022-05-04,26.40999984741211,26.829999923706055,26.270000457763672,26.760000228881836,1193500.0
2022-05-05,26.700000762939453,26.799999237060547,26.3799991607666,26.5,1469500.0
2022-05-06,26.360000610351562,26.68000030517578,26.270000457763672,26.540000915527344,1673900.0
2022-05-09,26.40999984741211,27.299999237060547,26.329999923706055,27.280000686645508,1810400.0
2022-05-10,27.360000610351562,27.489999771118164,26.579999923706055,26.75,1572200.0
2022-05-11,26.799999237060547,27.190000534057617,26.719999313354492,26.850000381469727,1150700.0
2022-05-12,26.850000381469727,27.18000030517578,26.649999618530273,27.020000457763672,1382900.0
2022-05-13,27.110000610351562,27.420000076293945,26.940000534057617,27.34000015258789,1106900.0
2022-05-16,27.360000610351562,27.479999542236328,27.030000686645508,27.100000381469727,1259400.0
2022-05-17,27.049999237060547,27.18000030517578,26.6200008392334,26.920000076293945,2171500.0
2022-05-18,26.719999313354492,26.889999389648438,25.3700008392334,25.3700008392334,2000400.0
2022-05-19,25.059999465942383,25.360000610351562,24.6200008392334,25.1200008392334,2693000.0
2022-05-20,25.739999771118164,26.579999923706055,25.100000381469727,26.5,3319800.0
2022-05-23,26.40999984741211,26.780000686645508,26.0,26.110000610351562,1726000.0
2022-05-24,26.229999542236328,26.690000534057617,26.040000915527344,26.649999618530273,1744700.0
2022-05-25,26.790000915527344,26.90999984741211,26.25,26.809999465942383,1647500.0
2022-05-26,27.540000915527344,27.899999618530273,27.299999237060547,27.360000610351562,1793300.0
2022-05-27,27.40999984741211,27.420000076293945,27.25,27.329999923706055,1090900.0
2022-05-31,27.219999313354492,27.739999771118164,26.899999618530273,27.600000381469727,1706100.0
2022-06-01,27.420000076293945,27.489999771118164,26.31999969482422,26.420000076293945,1380100.0
2022-06-02,26.459999084472656,26.510000228881836,25.8700008392334,26.489999771118164,1169300.0
2022-06-03,26.459999084472656,26.5,25.899999618530273,26.09000015258789,2104200.0
2022-06-06,26.15999984741211,26.389999389648438,26.020000457763672,26.110000610351562,1416300.0
2022-06-07,25.920000076293945,26.209999084472656,25.920000076293945,26.100000381469727,1258500.0
2022-06-08,25.940000534057617,25.969999313354492,25.549999237060547,25.549999237060547,1095600.0
2022-06-09,25.6299991607666,25.790000915527344,24.940000534057617,24.979999542236328,1785300.0
2022-06-10,24.75,25.3799991607666,24.65999984741211,25.06999969482422,2758900.0
2022-06-13,24.850000381469727,25.1200008392334,24.850000381469727,25.0,1893600.0
2022-06-14,24.969999313354492,24.969999313354492,24.149999618530273,24.360000610351562,1786100.0
2022-06-15,24.489999771118164,25.010000228881836,24.440000534057617,24.780000686645508,1493500.0
2022-06-16,24.59000015258789,24.889999389648438,24.399999618530273,24.59000015258789,1544500.0
2022-06-17,24.700000762939453,24.959999084472656,24.469999313354492,24.670000076293945,2146700.0
2022-06-21,24.8799991607666,25.100000381469727,24.559999465942383,24.989999771118164,1426600.0
2022-06-22,24.940000534057617,25.139999389648438,24.829999923706055,24.989999771118164,1302100.0
2022-06-23,25.06999969482422,25.43000030517578,25.049999237060547,25.280000686645508,1470700.0
2022-06-24,25.479999542236328,26.290000915527344,25.34000015258789,26.229999542236328,1932800.0
2022-06-27,26.329999923706055,26.40999984741211,26.049999237060547,26.239999771118164,890700.0
2022-06-28,26.309999465942383,26.40999984741211,26.049999237060547,26.149999618530273,1176700.0
2022-06-29,26.149999618530273,26.549999237060547,26.100000381469727,26.40999984741211,1029100.0
2022-06-30,26.299999237060547,26.389999389648438,26.1299991607666,26.31999969482422,939900.0
2022-07-01,26.31999969482422,26.709999084472656,26.239999771118164,26.68000030517578,898000.0
2022-07-05,26.549999237060547,27.0,26.200000762939453,26.920000076293945,1604400.0
2022-07-06,27.0,27.0,26.420000076293945,26.5,1801400.0
2022-07-07,26.469999313354492,27.020000457763672,26.43000030517578,27.0,1527400.0
2022-07-08,27.010000228881836,27.420000076293945,26.809999465942383,26.850000381469727,1260300.0
2022-07-11,26.850000381469727,27.149999618530273,26.850000381469727,27.059999465942383,759300.0
2022-07-12,27.049999237060547,27.6299991607666,27.049999237060547,27.260000228881836,1071500.0
2022-07-13,27.260000228881836,27.610000610351562,27.049999237060547,27.43000030517578,857400.0
2022-07-14,27.110000610351562,27.190000534057617,26.719999313354492,27.15999984741211,713600.0
2022-07-15,27.260000228881836,27.34000015258789,27.0,27.059999465942383,583600.0
2022-07-18,27.1200008392334,27.1200008392334,26.610000610351562,26.610000610351562,774000.0
2022-07-19,27.020000457763672,27.15999984741211,26.899999618530273,26.940000534057617,735100.0
2022-07-20,26.950000762939453,27.110000610351562,26.760000228881836,26.850000381469727,765800.0
2022-07-21,26.790000915527344,26.959999084472656,26.65999984741211,26.8700008392334,573100.0
2022-07-22,27.049999237060547,27.229999542236328,26.889999389648438,27.219999313354492,687000.0
2022-07-25,27.110000610351562,27.469999313354492,27.06999969482422,27.43000030517578,811200.0
2022-07-26,27.360000610351562,27.950000762939453,27.219999313354492,27.8799991607666,998500.0
2022-07-27,27.75,27.780000686645508,27.1299991607666,27.670000076293945,1094300.0
2022-07-28,27.6299991607666,28.34000015258789,27.520000457763672,28.15999984741211,1045200.0
2022-07-29,28.030000686645508,28.459999084472656,27.940000534057617,28.40999984741211,1024600.0
2022-08-01,28.190000534057617,28.670000076293945,28.18000030517578,28.5,1036900.0
2022-08-02,28.5,28.59000015258789,27.75,27.81999969482422,1678700.0
2022-08-03,27.799999237060547,28.020000457763672,27.540000915527344,27.950000762939453,700400.0
2022-08-04,27.8700008392334,27.959999084472656,27.6200008392334,27.6299991607666,780400.0
2022-08-05,27.549999237060547,27.760000228881836,27.170000076293945,27.68000030517578,1087300.0
2022-08-08,27.860000610351562,28.040000915527344,27.600000381469727,27.690000534057617,848500.0
2022-08-09,27.700000762939453,27.889999389648438,27.540000915527344,27.739999771118164,1181000.0
2022-08-10,27.739999771118164,27.850000381469727,27.549999237060547,27.579999923706055,1441300.0
2022-08-11,27.510000228881836,28.010000228881836,27.479999542236328,27.579999923706055,1180400.0
2022-08-12,27.739999771118164,28.329999923706055,27.34000015258789,27.530000686645508,2196800.0
2022-08-15,27.760000228881836,27.889999389648438,27.600000381469727,27.799999237060547,1661500.0
2022-08-16,27.8799991607666,28.100000381469727,27.850000381469727,28.020000457763672,1651600.0
2022-08-17,27.979999542236328,28.15999984741211,27.8799991607666,28.059999465942383,785200.0
2022-08-18,28.059999465942383,28.170000076293945,27.8700008392334,28.1299991607666,1097200.0
2022-08-19,28.200000762939453,28.5,28.09000015258789,28.350000381469727,899300.0
2022-08-22,28.329999923706055,28.389999389648438,27.90999984741211,27.969999313354492,1130600.0
2022-08-23,27.979999542236328,27.989999771118164,27.489999771118164,27.8799991607666,1483900.0
2022-08-24,27.979999542236328,28.059999465942383,27.739999771118164,27.8799991607666,830900.0
2022-08-25,27.799999237060547,27.920000076293945,27.510000228881836,27.59000015258789,1536200.0
2022-08-26,27.59000015258789,27.760000228881836,27.34000015258789,27.440000534057617,1070000.0
2022-08-29,27.329999923706055,27.440000534057617,27.030000686645508,27.229999542236328,893500.0
2022-08-30,27.229999542236328,27.610000610351562,27.09000015258789,27.420000076293945,1450100.0
2022-08-31,27.549999237060547,27.600000381469727,27.260000228881836,27.299999237060547,1034700.0
2022-09-01,27.010000228881836,27.360000610351562,26.90999984741211,27.280000686645508,1509400.0
2022-09-02,27.3799991607666,27.540000915527344,26.8799991607666,26.989999771118164,863300.0
2022-09-06,26.989999771118164,26.989999771118164,26.360000610351562,26.530000686645508,1407800.0
2022-09-07,26.6200008392334,26.979999542236328,26.440000534057617,26.950000762939453,1232700.0
2022-09-08,26.84000015258789,26.84000015258789,26.299999237060547,26.649999618530273,1186700.0
2022-09-09,26.709999084472656,26.8700008392334,26.5,26.700000762939453,1162700.0
2022-09-12,26.899999618530273,27.100000381469727,26.729999542236328,26.799999237060547,1517300.0
2022-09-13,26.700000762939453,26.790000915527344,26.040000915527344,26.09000015258789,1066000.0
2022-09-14,26.110000610351562,26.299999237060547,25.959999084472656,26.06999969482422,1310800.0
2022-09-15,26.0,26.079999923706055,25.780000686645508,26.0,1099600.0
2022-09-16,26.139999389648438,26.170000076293945,25.790000915527344,26.040000915527344,3596600.0
2022-09-19,26.040000915527344,26.360000610351562,25.959999084472656,26.270000457763672,1084000.0
2022-09-20,26.020000457763672,26.110000610351562,25.739999771118164,25.93000030517578,1189500.0
2022-09-21,26.06999969482422,26.31999969482422,25.770000457763672,25.780000686645508,1157500.0
2022-09-22,25.790000915527344,26.06999969482422,25.68000030517578,25.8700008392334,1260200.0
2022-09-23,25.739999771118164,25.8700008392334,25.15999984741211,25.440000534057617,892200.0
2022-09-26,25.34000015258789,25.690000534057617,25.270000457763672,25.420000076293945,1581800.0
2022-09-27,25.510000228881836,25.649999618530273,24.889999389648438,25.030000686645508,1141500.0
2022-09-28,25.059999465942383,25.459999084472656,24.8799991607666,25.280000686645508,1115100.0
2022-09-29,25.15999984741211,25.350000381469727,24.940000534057617,25.100000381469727,1018200.0
2022-09-30,25.200000762939453,25.219999313354492,24.639999389648438,24.690000534057617,1056500.0
2022-10-03,24.84000015258789,24.989999771118164,24.700000762939453,24.920000076293945,1094000.0
2022-10-04,25.079999923706055,25.479999542236328,25.049999237060547,25.309999465942383,1258300.0
2022-10-05,25.209999084472656,25.3799991607666,24.979999542236328,25.049999237060547,890200.0
2022-10-06,24.989999771118164,25.1299991607666,24.520000457763672,24.65999984741211,1135100.0
2022-10-07,24.6200008392334,24.729999542236328,24.350000381469727,24.549999237060547,1222500.0
2022-10-10,24.649999618530273,25.15999984741211,24.600000381469727,25.059999465942383,1131000.0
2022-10-11,25.139999389648438,25.639999389648438,25.1299991607666,25.479999542236328,1438600.0
2022-10-12,25.610000610351562,25.709999084472656,25.450000762939453,25.489999771118164,905300.0
2022-10-13,25.209999084472656,26.489999771118164,25.1200008392334,26.360000610351562,1644700.0
2022-10-14,26.450000762939453,26.65999984741211,26.219999313354492,26.260000228881836,1876000.0
2022-10-17,26.34000015258789,26.610000610351562,26.329999923706055,26.360000610351562,1281100.0
2022-10-18,26.549999237060547,27.15999984741211,26.549999237060547,27.040000915527344,1322500.0
2022-10-19,27.049999237060547,27.219999313354492,26.559999465942383,26.81999969482422,1365000.0
2022-10-20,26.739999771118164,26.959999084472656,26.579999923706055,26.719999313354492,2229600.0
2022-10-21,26.780000686645508,27.09000015258789,26.6200008392334,27.010000228881836,974300.0
2022-10-24,27.190000534057617,27.56999969482422,27.030000686645508,27.299999237060547,1026300.0
2022-10-25,27.260000228881836,27.469999313354492,26.969999313354492,27.43000030517578,996500.0
2022-10-26,27.579999923706055,27.790000915527344,27.3700008392334,27.6299991607666,1198600.0
2022-10-27,27.639999389648438,28.260000228881836,27.639999389648438,28.09000015258789,1144800.0
2022-10-28,28.170000076293945,28.75,28.020000457763672,28.540000915527344,1131500.0
2022-10-31,28.5,28.860000610351562,28.329999923706055,28.709999084472656,1058200.0
2022-11-01,28.700000762939453,28.770000457763672,28.510000228881836,28.56999969482422,1024700.0
2022-11-02,28.549999237060547,28.729999542236328,28.219999313354492,28.329999923706055,1014200.0
2022-11-03,28.149999618530273,28.540000915527344,27.940000534057617,28.5,1230800.0
2022-11-04,28.65999984741211,28.899999618530273,28.34000015258789,28.520000457763672,1657100.0
2022-11-07,28.489999771118164,28.690000534057617,28.309999465942383,28.450000762939453,1598900.0
2022-11-08,28.5,28.739999771118164,28.34000015258789,28.5,958700.0
2022-11-09,28.440000534057617,28.770000457763672,28.34000015258789,28.450000762939453,1128300.0
2022-11-10,28.8700008392334,29.450000762939453,28.719999313354492,29.40999984741211,2361800.0
2022-11-11,27.600000381469727,28.190000534057617,26.649999618530273,26.899999618530273,3554800.0
2022-11-14,27.079999923706055,28.020000457763672,27.079999923706055,27.489999771118164,1914200.0
2022-11-15,27.639999389648438,28.350000381469727,27.59000015258789,28.280000686645508,2013100.0
2022-11-16,28.469999313354492,28.56999969482422,28.239999771118164,28.440000534057617,1198000.0
2022-11-17,28.309999465942383,28.459999084472656,28.149999618530273,28.3700008392334,1434500.0
2022-11-18,28.600000381469727,28.940000534057617,28.489999771118164,28.75,1303200.0
2022-11-21,28.850000381469727,29.459999084472656,28.790000915527344,29.350000381469727,1627300.0
2022-11-22,29.5,29.579999923706055,29.309999465942383,29.5,1303600.0
2022-11-23,29.59000015258789,29.709999084472656,29.489999771118164,29.59000015258789,1081000.0
2022-11-25,29.770000457763672,29.84000015258789,29.639999389648438,29.760000228881836,682900.0
2022-11-28,29.729999542236328,29.950000762939453,29.559999465942383,29.760000228881836,1235600.0
2022-11-29,29.59000015258789,29.709999084472656,29.40999984741211,29.489999771118164,1231400.0
2022-11-30,29.40999984741211,30.06999969482422,29.280000686645508,30.049999237060547,1481900.0
2022-12-01,30.010000228881836,30.06999969482422,29.739999771118164,29.889999389648438,1485200.0
2022-12-02,29.84000015258789,30.15999984741211,29.809999465942383,29.979999542236328,2028100.0
2022-12-05,29.670000076293945,30.139999389648438,29.639999389648438,30.1299991607666,1202200.0
2022-12-06,29.59000015258789,29.770000457763672,28.729999542236328,28.84000015258789,2007400.0
2022-12-07,28.950000762939453,29.360000610351562,28.829999923706055,29.209999084472656,1052800.0
2022-12-08,29.110000610351562,29.399999618530273,29.010000228881836,29.280000686645508,1131900.0
2022-12-09,29.200000762939453,29.290000915527344,28.860000610351562,28.90999984741211,874700.0
2022-12-12,28.989999771118164,29.149999618530273,28.780000686645508,29.09000015258789,832800.0
2022-12-13,29.3799991607666,29.3799991607666,28.729999542236328,28.75,1549400.0
2022-12-14,28.90999984741211,29.209999084472656,28.75,29.049999237060547,1838100.0
2022-12-15,28.81999969482422,28.959999084472656,28.489999771118164,28.639999389648438,1342300.0
2022-12-16,28.5,28.81999969482422,28.31999969482422,28.690000534057617,3938100.0
2022-12-19,28.729999542236328,28.920000076293945,28.469999313354492,28.59000015258789,1447200.0
2022-12-20,28.420000076293945,28.549999237060547,28.25,28.5,1849400.0
2022-12-21,28.6299991607666,29.110000610351562,28.559999465942383,29.040000915527344,1347300.0
2022-12-22,28.979999542236328,29.06999969482422,28.81999969482422,29.0,1021800.0
2022-12-23,29.0,29.239999771118164,28.989999771118164,29.209999084472656,1020200.0
2022-12-27,29.270000457763672,29.40999984741211,29.209999084472656,29.270000457763672,1364200.0
2022-12-28,29.34000015258789,29.459999084472656,28.959999084472656,29.0,1097300.0
2022-12-29,29.100000381469727,29.219999313354492,28.93000030517578,28.950000762939453,1315000.0
2022-12-30,28.920000076293945,28.969999313354492,28.6299991607666,28.739999771118164,1583200.0
2023-01-03,28.65999984741211,28.760000228881836,28.350000381469727,28.469999313354492,1570200.0
2023-01-04,28.450000762939453,28.81999969482422,28.329999923706055,28.56999969482422,1247300.0
2023-01-05,28.559999465942383,28.790000915527344,28.43000030517578,28.690000534057617,1346700.0
2023-01-06,28.93000030517578,29.229999542236328,28.8799991607666,29.15999984741211,1454400.0
2023-01-09,29.020000457763672,29.139999389648438,28.479999542236328,28.479999542236328,1789200.0
2023-01-10,28.420000076293945,28.489999771118164,27.8799991607666,28.079999923706055,2389300.0
2023-01-11,28.110000610351562,28.270000457763672,27.780000686645508,27.90999984741211,1265200.0
2023-01-12,27.959999084472656,28.010000228881836,27.75,27.84000015258789,1216300.0
2023-01-13,27.84000015258789,28.0,27.760000228881836,27.989999771118164,906200.0
2023-01-17,28.1299991607666,28.280000686645508,27.899999618530273,27.989999771118164,1301600.0
2023-01-18,28.0,28.0,27.030000686645508,27.030000686645508,1356800.0
2023-01-19,27.020000457763672,27.329999923706055,26.700000762939453,26.829999923706055,1826100.0
2023-01-20,26.920000076293945,26.93000030517578,26.3700008392334,26.719999313354492,2212100.0
2023-01-23,26.799999237060547,26.81999969482422,26.520000457763672,26.59000015258789,1473200.0
2023-01-24,26.5,26.8700008392334,26.40999984741211,26.56999969482422,2193400.0
2023-01-25,26.600000381469727,26.959999084472656,26.540000915527344,26.90999984741211,3699500.0
2023-01-26,26.850000381469727,27.010000228881836,26.440000534057617,26.700000762939453,3277200.0
2023-01-27,26.770000457763672,26.780000686645508,26.309999465942383,26.690000534057617,2704200.0
2023-01-30,26.8700008392334,27.399999618530273,26.850000381469727,27.010000228881836,3396900.0
2023-01-31,27.09000015258789,28.219999313354492,26.93000030517578,27.690000534057617,19493500.0
2023-02-01,27.540000915527344,27.90999984741211,27.43000030517578,27.65999984741211,2340600.0
2023-02-02,27.450000762939453,27.709999084472656,27.290000915527344,27.600000381469727,2163400.0
2023-02-03,27.6299991607666,27.68000030517578,27.110000610351562,27.530000686645508,1709400.0
2023-02-06,27.510000228881836,27.940000534057617,27.510000228881836,27.829999923706055,1553600.0
2023-02-07,27.639999389648438,27.639999389648438,27.200000762939453,27.559999465942383,2503400.0
2023-02-08,27.5,27.639999389648438,27.43000030517578,27.459999084472656,1587200.0
2023-02-09,27.540000915527344,27.700000762939453,27.200000762939453,27.309999465942383,1905300.0
2023-02-10,27.399999618530273,27.969999313354492,27.040000915527344,27.520000457763672,4105400.0
2023-02-13,27.520000457763672,27.8700008392334,27.200000762939453,27.860000610351562,2089200.0
2023-02-14,27.860000610351562,27.899999618530273,27.399999618530273,27.56999969482422,2099700.0
2023-02-15,27.559999465942383,27.799999237060547,27.479999542236328,27.799999237060547,1984800.0
2023-02-16,27.649999618530273,27.860000610351562,27.299999237060547,27.639999389648438,1841000.0
2023-02-17,27.75,28.450000762939453,27.649999618530273,28.309999465942383,2031100.0
2023-02-21,28.299999237060547,28.670000076293945,28.09000015258789,28.309999465942383,2895900.0
2023-02-22,28.40999984741211,28.649999618530273,28.270000457763672,28.40999984741211,1939200.0
2023-02-23,28.479999542236328,28.729999542236328,28.450000762939453,28.610000610351562,1819900.0
2023-02-24,28.579999923706055,28.6299991607666,28.260000228881836,28.329999923706055,1328700.0
2023-02-27,28.43000030517578,28.65999984741211,28.239999771118164,28.329999923706055,1454100.0
2023-02-28,28.229999542236328,28.290000915527344,27.8700008392334,27.8799991607666,2569400.0
2023-03-01,27.690000534057617,27.739999771118164,27.350000381469727,27.6200008392334,1495900.0
2023-03-02,27.43000030517578,27.770000457763672,27.3799991607666,27.75,1311700.0
2023-03-03,27.81999969482422,28.040000915527344,27.670000076293945,27.969999313354492,1465700.0
2023-03-06,27.93000030517578,28.020000457763672,27.719999313354492,27.940000534057617,1671400.0
2023-03-07,27.940000534057617,28.040000915527344,27.5,27.729999542236328,1248300.0
2023-03-08,27.8799991607666,27.8799991607666,27.239999771118164,27.420000076293945,1525800.0
2023-03-09,27.59000015258789,27.690000534057617,27.219999313354492,27.31999969482422,1392300.0
2023-03-10,27.389999389648438,27.489999771118164,27.110000610351562,27.200000762939453,1433100.0
2023-03-13,26.93000030517578,27.3799991607666,26.450000762939453,26.6200008392334,3038900.0
2023-03-14,26.889999389648438,27.200000762939453,26.670000076293945,27.170000076293945,2742500.0
2023-03-15,26.940000534057617,27.229999542236328,26.860000610351562,27.219999313354492,2511900.0
2023-03-16,27.270000457763672,27.5,27.110000610351562,27.479999542236328,2463900.0
2023-03-17,27.510000228881836,27.510000228881836,26.440000534057617,26.68000030517578,9618900.0
2023-03-20,26.81999969482422,27.31999969482422,26.81999969482422,27.040000915527344,2593400.0
2023-03-21,27.1299991607666,27.219999313354492,26.979999542236328,27.110000610351562,1692000.0
2023-03-22,27.09000015258789,27.25,26.850000381469727,26.860000610351562,1806400.0
2023-03-23,26.84000015258789,27.049999237060547,26.799999237060547,26.8799991607666,1609500.0
2023-03-24,26.979999542236328,27.450000762939453,26.90999984741211,27.309999465942383,1287400.0
2023-03-27,27.5,27.6200008392334,27.40999984741211,27.459999084472656,933600.0
2023-03-28,27.489999771118164,27.639999389648438,27.360000610351562,27.399999618530273,977500.0
2023-03-29,27.5,27.579999923706055,27.1299991607666,27.170000076293945,1502400.0
2023-03-30,27.270000457763672,27.309999465942383,27.030000686645508,27.170000076293945,1309700.0
2023-03-31,27.280000686645508,27.540000915527344,27.25,27.40999984741211,1065600.0
2023-04-03,27.459999084472656,27.84000015258789,27.34000015258789,27.780000686645508,1113800.0
2023-04-04,27.790000915527344,27.90999984741211,27.079999923706055,27.239999771118164,2385000.0
2023-04-05,27.350000381469727,27.540000915527344,27.31999969482422,27.360000610351562,1067000.0
2023-04-06,27.5,27.600000381469727,27.200000762939453,27.309999465942383,739700.0
2023-04-10,27.34000015258789,27.350000381469727,27.06999969482422,27.190000534057617,1207800.0
2023-04-11,27.239999771118164,27.290000915527344,27.170000076293945,27.209999084472656,864000.0
2023-04-12,27.100000381469727,27.360000610351562,27.020000457763672,27.229999542236328,1154900.0
2023-04-13,27.209999084472656,27.219999313354492,26.979999542236328,27.15999984741211,744300.0
2023-04-14,27.100000381469727,27.239999771118164,26.790000915527344,26.8700008392334,1147000.0
2023-04-17,27.020000457763672,27.149999618530273,26.8700008392334,27.1200008392334,883200.0
2023-04-18,27.149999618530273,27.260000228881836,27.0,27.200000762939453,1246400.0
2023-04-19,27.280000686645508,27.280000686645508,26.969999313354492,27.020000457763672,1040300.0
2023-04-20,26.93000030517578,27.170000076293945,26.93000030517578,27.059999465942383,856400.0
2023-04-21,27.229999542236328,27.34000015258789,27.0,27.15999984741211,1387900.0
2023-04-24,27.030000686645508,27.170000076293945,26.969999313354492,27.049999237060547,966600.0
2023-04-25,27.079999923706055,27.290000915527344,26.989999771118164,27.219999313354492,798800.0
2023-04-26,27.100000381469727,27.25,27.059999465942383,27.170000076293945,949800.0
2023-04-27,27.18000030517578,27.600000381469727,27.079999923706055,27.549999237060547,1100800.0
2023-04-28,27.579999923706055,27.799999237060547,27.350000381469727,27.510000228881836,1676500.0
2023-05-01,27.6200008392334,27.940000534057617,27.56999969482422,27.81999969482422,1161600.0
2023-05-02,27.790000915527344,27.790000915527344,27.239999771118164,27.540000915527344,1144700.0
2023-05-03,27.700000762939453,28.31999969482422,27.700000762939453,28.239999771118164,2845200.0
2023-05-04,28.260000228881836,28.600000381469727,27.899999618530273,28.5,3002500.0
2023-05-05,28.549999237060547,28.719999313354492,28.420000076293945,28.440000534057617,1242900.0
2023-05-08,28.34000015258789,28.549999237060547,28.280000686645508,28.540000915527344,1016700.0
2023-05-09,28.600000381469727,28.959999084472656,28.5,28.899999618530273,2005300.0
2023-05-10,28.93000030517578,29.100000381469727,28.559999465942383,28.729999542236328,1484800.0
2023-05-11,28.729999542236328,28.799999237060547,28.440000534057617,28.780000686645508,1171000.0
2023-05-12,28.81999969482422,28.93000030517578,28.59000015258789,28.65999984741211,1717000.0
2023-05-15,28.579999923706055,28.68000030517578,28.360000610351562,28.540000915527344,1309900.0
2023-05-16,28.540000915527344,28.639999389648438,28.190000534057617,28.489999771118164,1621000.0
2023-05-17,28.5,28.65999984741211,28.299999237060547,28.6200008392334,1549300.0
2023-05-18,28.5,28.850000381469727,28.479999542236328,28.84000015258789,2011900.0
2023-05-19,26.579999923706055,26.90999984741211,25.100000381469727,25.989999771118164,9306600.0
2023-05-22,26.049999237060547,26.059999465942383,25.399999618530273,25.59000015258789,2744500.0
2023-05-23,25.489999771118164,26.1200008392334,25.280000686645508,26.010000228881836,3138800.0
2023-05-24,26.079999923706055,26.139999389648438,25.729999542236328,26.0,2173100.0
2023-05-25,25.8700008392334,26.239999771118164,25.739999771118164,26.110000610351562,1839400.0
2023-05-26,26.0,26.18000030517578,25.799999237060547,25.799999237060547,1433300.0
2023-05-30,25.639999389648438,25.729999542236328,25.020000457763672,25.219999313354492,2261700.0
2023-05-31,25.270000457763672,25.31999969482422,24.979999542236328,24.979999542236328,2480200.0
2023-06-01,25.09000015258789,25.170000076293945,24.799999237060547,24.8799991607666,1772800.0
2023-06-02,24.81999969482422,25.450000762939453,24.81999969482422,25.420000076293945,1296200.0
2023-06-05,25.309999465942383,25.459999084472656,25.1299991607666,25.18000030517578,1595400.0
2023-06-06,25.239999771118164,25.239999771118164,24.639999389648438,24.940000534057617,2628200.0
2023-06-07,24.510000228881836,25.420000076293945,24.440000534057617,25.329999923706055,2334500.0
2023-06-08,25.290000915527344,25.350000381469727,25.010000228881836,25.200000762939453,1551100.0
2023-06-09,25.09000015258789,25.350000381469727,25.06999969482422,25.1299991607666,1258500.0
2023-06-12,25.079999923706055,25.110000610351562,24.459999084472656,24.540000915527344,2138900.0
2023-06-13,24.5,24.780000686645508,24.420000076293945,24.719999313354492,1825300.0
2023-06-14,24.700000762939453,24.709999084472656,24.5,24.579999923706055,1483100.0
2023-06-15,24.579999923706055,24.709999084472656,24.520000457763672,24.600000381469727,1792700.0
2023-06-16,24.670000076293945,24.93000030517578,24.6200008392334,24.920000076293945,2800400.0
2023-06-20,24.959999084472656,24.989999771118164,24.479999542236328,24.489999771118164,1856800.0
2023-06-21,24.479999542236328,24.610000610351562,24.280000686645508,24.469999313354492,1117900.0
2023-06-22,24.59000015258789,24.670000076293945,24.440000534057617,24.56999969482422,940100.0
2023-06-23,24.600000381469727,24.770000457763672,24.450000762939453,24.450000762939453,1494400.0
2023-06-26,24.40999984741211,24.489999771118164,24.15999984741211,24.450000762939453,880600.0
2023-06-27,24.540000915527344,24.790000915527344,24.459999084472656,24.56999969482422,1061000.0
2023-06-28,24.299999237060547,24.520000457763672,24.059999465942383,24.510000228881836,1983800.0
2023-06-29,24.309999465942383,24.93000030517578,24.309999465942383,24.899999618530273,1373100.0
2023-06-30,24.93000030517578,25.09000015258789,24.829999923706055,24.8799991607666,1489300.0
2023-07-03,24.90999984741211,25.219999313354492,24.770000457763672,25.1299991607666,754900.0
2023-07-05,25.06999969482422,25.06999969482422,24.739999771118164,24.780000686645508,1754200.0
2023-07-06,24.700000762939453,24.770000457763672,24.450000762939453,24.65999984741211,1656100.0
2023-07-07,24.459999084472656,24.469999313354492,24.079999923706055,24.18000030517578,3220600.0
2023-07-10,24.229999542236328,24.489999771118164,24.139999389648438,24.219999313354492,1430500.0
2023-07-11,24.280000686645508,24.329999923706055,24.06999969482422,24.209999084472656,1492300.0
2023-07-12,24.260000228881836,24.469999313354492,24.049999237060547,24.440000534057617,1911200.0
2023-07-13,24.420000076293945,24.43000030517578,24.1200008392334,24.229999542236328,1957700.0
2023-07-14,24.299999237060547,24.299999237060547,23.940000534057617,24.18000030517578,1703900.0
2023-07-17,24.059999465942383,24.1299991607666,23.8700008392334,23.93000030517578,1315100.0
2023-07-18,23.93000030517578,24.260000228881836,23.93000030517578,24.190000534057617,1645300.0
2023-07-19,24.31999969482422,24.459999084472656,24.200000762939453,24.459999084472656,1703600.0
2023-07-20,24.639999389648438,24.719999313354492,24.309999465942383,24.690000534057617,1110600.0
2023-07-21,24.649999618530273,24.829999923706055,24.559999465942383,24.719999313354492,1402600.0
2023-07-24,24.690000534057617,24.709999084472656,24.440000534057617,24.709999084472656,1140400.0
2023-07-25,24.68000030517578,24.739999771118164,24.510000228881836,24.729999542236328,1274100.0
2023-07-26,24.6299991607666,24.8799991607666,24.610000610351562,24.739999771118164,1427600.0
2023-07-27,24.709999084472656,24.790000915527344,24.440000534057617,24.549999237060547,1674100.0
2023-07-28,24.649999618530273,24.84000015258789,24.56999969482422,24.760000228881836,1388200.0
2023-07-31,24.709999084472656,24.920000076293945,24.610000610351562,24.709999084472656,11867300.0
2023-08-01,24.850000381469727,25.040000915527344,24.6200008392334,24.719999313354492,1474200.0
2023-08-02,24.719999313354492,25.280000686645508,24.709999084472656,25.110000610351562,1495400.0
2023-08-03,25.040000915527344,25.149999618530273,24.829999923706055,25.0,1102400.0
2023-08-04,25.0,25.219999313354492,24.90999984741211,24.940000534057617,1629400.0
2023-08-07,24.940000534057617,25.229999542236328,24.93000030517578,25.030000686645508,2261800.0
2023-08-08,24.959999084472656,25.06999969482422,24.56999969482422,24.700000762939453,1553900.0
2023-08-09,24.700000762939453,24.90999984741211,24.6200008392334,24.84000015258789,1458700.0
2023-08-10,24.8700008392334,25.049999237060547,24.709999084472656,24.770000457763672,1592500.0
2023-08-11,25.549999237060547,26.329999923706055,25.299999237060547,25.81999969482422,3548300.0
2023-08-14,25.81999969482422,25.81999969482422,25.389999389648438,25.469999313354492,1692100.0
2023-08-15,25.3799991607666,25.43000030517578,24.93000030517578,24.959999084472656,1391500.0
2023-08-16,24.950000762939453,25.09000015258789,24.649999618530273,24.690000534057617,1393600.0
2023-08-17,24.700000762939453,24.700000762939453,24.100000381469727,24.1200008392334,1757400.0
2023-08-18,24.040000915527344,24.280000686645508,23.790000915527344,24.260000228881836,1611100.0
2023-08-21,24.18000030517578,24.309999465942383,23.65999984741211,23.700000762939453,1760600.0
2023-08-22,23.59000015258789,23.719999313354492,23.270000457763672,23.5,2345000.0
2023-08-23,23.549999237060547,23.639999389648438,23.34000015258789,23.579999923706055,2014400.0
2023-08-24,23.549999237060547,23.75,23.440000534057617,23.469999313354492,879200.0
2023-08-25,23.579999923706055,23.829999923706055,23.459999084472656,23.760000228881836,1272000.0
2023-08-28,23.700000762939453,23.899999618530273,23.639999389648438,23.65999984741211,800300.0
2023-08-29,23.739999771118164,23.739999771118164,23.290000915527344,23.559999465942383,1568200.0
2023-08-30,23.670000076293945,23.729999542236328,23.459999084472656,23.610000610351562,1764700.0
2023-08-31,23.450000762939453,23.65999984741211,23.360000610351562,23.559999465942383,2168400.0
2023-09-01,23.59000015258789,23.649999618530273,23.020000457763672,23.040000915527344,1186900.0
2023-09-05,22.93000030517578,23.100000381469727,22.6200008392334,22.670000076293945,1385500.0
2023-09-06,22.670000076293945,22.690000534057617,22.469999313354492,22.559999465942383,1627200.0
2023-09-07,22.6299991607666,23.09000015258789,22.579999923706055,23.0,2852900.0
2023-09-08,23.049999237060547,23.06999969482422,22.770000457763672,23.059999465942383,2082300.0
2023-09-11,23.100000381469727,23.6200008392334,23.030000686645508,23.389999389648438,1485000.0
2023-09-12,23.469999313354492,23.469999313354492,23.020000457763672,23.09000015258789,991400.0
2023-09-13,23.15999984741211,23.15999984741211,22.860000610351562,22.90999984741211,1143000.0
2023-09-14,22.93000030517578,23.139999389648438,22.899999618530273,23.110000610351562,1478600.0
2023-09-15,22.979999542236328,23.229999542236328,22.829999923706055,22.899999618530273,3523300.0
2023-09-18,23.049999237060547,23.309999465942383,22.84000015258789,23.25,1513500.0
2023-09-19,23.25,23.360000610351562,23.079999923706055,23.09000015258789,1299300.0
2023-09-20,23.18000030517578,23.40999984741211,23.09000015258789,23.31999969482422,1098200.0
2023-09-21,23.270000457763672,23.5,23.15999984741211,23.190000534057617,1381300.0
2023-09-22,23.219999313354492,23.270000457763672,22.920000076293945,22.920000076293945,872600.0
2023-09-25,22.920000076293945,22.959999084472656,22.690000534057617,22.700000762939453,860700.0
2023-09-26,22.690000534057617,22.770000457763672,22.559999465942383,22.600000381469727,836500.0
2023-09-27,22.6200008392334,22.670000076293945,22.079999923706055,22.219999313354492,1275100.0
2023-09-28,22.25,22.34000015258789,22.1299991607666,22.260000228881836,1539200.0
2023-09-29,22.299999237060547,22.399999618530273,22.15999984741211,22.18000030517578,1196700.0
2023-10-02,22.170000076293945,22.18000030517578,21.670000076293945,21.8799991607666,1176700.0
2023-10-03,21.770000457763672,21.860000610351562,21.610000610351562,21.690000534057617,1224500.0
2023-10-04,21.690000534057617,22.06999969482422,21.469999313354492,22.030000686645508,1759800.0
2023-10-05,22.059999465942383,22.110000610351562,21.59000015258789,21.6200008392334,1248200.0
2023-10-06,21.489999771118164,21.530000686645508,20.979999542236328,21.450000762939453,1235700.0
2023-10-09,21.360000610351562,21.600000381469727,21.299999237060547,21.559999465942383,1019500.0
2023-10-10,21.639999389648438,21.729999542236328,21.510000228881836,21.639999389648438,1313600.0
2023-10-11,21.65999984741211,21.700000762939453,21.219999313354492,21.309999465942383,1528500.0
2023-10-12,21.31999969482422,21.31999969482422,20.239999771118164,20.3700008392334,2983500.0
2023-10-13,20.489999771118164,20.639999389648438,20.399999618530273,20.540000915527344,1782900.0
2023-10-16,20.670000076293945,20.770000457763672,20.549999237060547,20.639999389648438,1252000.0
2023-10-17,20.549999237060547,21.040000915527344,20.549999237060547,20.940000534057617,1717100.0
2023-10-18,20.940000534057617,21.149999618530273,20.889999389648438,20.93000030517578,954700.0
2023-10-19,20.8799991607666,21.09000015258789,20.829999923706055,20.860000610351562,1280400.0
2023-10-20,20.969999313354492,21.100000381469727,20.799999237060547,20.860000610351562,1424100.0
2023-10-23,20.809999465942383,20.959999084472656,20.6200008392334,20.719999313354492,1461200.0
2023-10-24,20.780000686645508,20.989999771118164,20.700000762939453,20.969999313354492,934900.0
2023-10-25,20.959999084472656,21.559999465942383,20.959999084472656,21.469999313354492,1952700.0
2023-10-26,21.489999771118164,21.6299991607666,21.360000610351562,21.59000015258789,1362400.0
2023-10-27,21.540000915527344,21.790000915527344,21.489999771118164,21.65999984741211,1815500.0
2023-10-30,21.729999542236328,21.899999618530273,21.639999389648438,21.8799991607666,1316400.0
2023-10-31,21.969999313354492,22.0,21.780000686645508,21.93000030517578,1655000.0
2023-11-01,21.8799991607666,22.1299991607666,21.809999465942383,21.90999984741211,1374400.0
2023-11-02,22.030000686645508,22.389999389648438,21.989999771118164,22.290000915527344,837900.0
2023-11-03,22.440000534057617,22.5,22.239999771118164,22.260000228881836,1240500.0
2023-11-06,22.170000076293945,22.25,22.010000228881836,22.110000610351562,1069500.0
2023-11-07,22.110000610351562,22.25,22.040000915527344,22.079999923706055,818500.0
2023-11-08,22.06999969482422,22.239999771118164,22.040000915527344,22.149999618530273,1078600.0
2023-11-09,22.290000915527344,22.290000915527344,22.010000228881836,22.15999984741211,1486000.0
2023-11-10,20.75,20.75,19.639999389648438,20.6299991607666,4698400.0
2023-11-13,20.65999984741211,21.0,20.559999465942383,20.65999984741211,2164200.0
2023-11-14,20.709999084472656,21.110000610351562,20.709999084472656,21.110000610351562,1523200.0
2023-11-15,21.170000076293945,21.299999237060547,21.059999465942383,21.100000381469727,1318900.0
2023-11-16,21.100000381469727,21.100000381469727,20.799999237060547,20.84000015258789,950900.0
2023-11-17,20.8799991607666,21.010000228881836,20.6200008392334,20.920000076293945,1391400.0
2023-11-20,20.81999969482422,21.09000015258789,20.700000762939453,20.979999542236328,1413900.0
2023-11-21,21.030000686645508,21.1200008392334,20.809999465942383,20.940000534057617,1292100.0
2023-11-22,21.09000015258789,21.450000762939453,20.989999771118164,21.280000686645508,2327400.0
2023-11-24,21.260000228881836,21.559999465942383,21.260000228881836,21.399999618530273,517700.0
2023-11-27,21.459999084472656,21.489999771118164,21.15999984741211,21.18000030517578,983300.0
2023-11-28,21.1200008392334,21.1299991607666,20.940000534057617,21.0,1131300.0
2023-11-29,20.940000534057617,21.020000457763672,20.700000762939453,20.790000915527344,1135900.0
2023-11-30,20.600000381469727,20.81999969482422,20.5,20.809999465942383,1400800.0
2023-12-01,20.84000015258789,21.25,20.770000457763672,21.239999771118164,1050200.0
2023-12-04,21.209999084472656,21.739999771118164,21.209999084472656,21.610000610351562,1076100.0
2023-12-05,21.65999984741211,21.809999465942383,21.43000030517578,21.450000762939453,975500.0
2023-12-06,21.510000228881836,21.770000457763672,21.43000030517578,21.670000076293945,917500.0
2023-12-07,21.719999313354492,22.010000228881836,21.479999542236328,21.899999618530273,976500.0
2023-12-08,21.8700008392334,21.90999984741211,21.670000076293945,21.700000762939453,926700.0
2023-12-11,21.84000015258789,22.030000686645508,21.75,21.940000534057617,1407800.0
2023-12-12,21.989999771118164,22.149999618530273,21.850000381469727,22.040000915527344,989800.0
2023-12-13,22.0,22.610000610351562,21.969999313354492,22.59000015258789,1620700.0
2023-12-14,22.770000457763672,22.8700008392334,22.25,22.260000228881836,1087000.0
2023-12-15,22.239999771118164,22.389999389648438,21.850000381469727,21.860000610351562,2723900.0
2023-12-18,21.90999984741211,22.239999771118164,21.799999237060547,22.239999771118164,974600.0
2023-12-19,22.3700008392334,22.579999923706055,22.100000381469727,22.459999084472656,1299900.0
2023-12-20,22.329999923706055,22.479999542236328,22.110000610351562,22.110000610351562,1031700.0
2023-12-21,22.209999084472656,22.350000381469727,22.079999923706055,22.329999923706055,844400.0
2023-12-22,22.5,22.709999084472656,22.389999389648438,22.56999969482422,825600.0
2023-12-26,22.459999084472656,22.579999923706055,22.3700008392334,22.5,1356100.0
2023-12-27,22.520000457763672,22.56999969482422,22.3700008392334,22.459999084472656,732300.0
2023-12-28,22.389999389648438,22.610000610351562,22.389999389648438,22.479999542236328,824400.0
2023-12-29,22.43000030517578,22.579999923706055,22.3799991607666,22.510000228881836,862200.0
2024-01-02,22.399999618530273,23.1200008392334,22.389999389648438,22.979999542236328,972700.0
2024-01-03,22.950000762939453,23.049999237060547,22.799999237060547,22.850000381469727,1267500.0
2024-01-04,22.899999618530273,22.90999984741211,22.639999389648438,22.700000762939453,1088900.0
2024-01-05,22.649999618530273,22.940000534057617,22.579999923706055,22.799999237060547,1741200.0
2024-01-08,22.799999237060547,22.969999313354492,22.760000228881836,22.889999389648438,1200700.0
2024-01-09,22.829999923706055,22.979999542236328,22.690000534057617,22.969999313354492,1141800.0
2024-01-10,22.90999984741211,23.010000228881836,22.530000686645508,22.540000915527344,1126800.0
2024-01-11,22.440000534057617,22.520000457763672,22.280000686645508,22.469999313354492,969500.0
2024-01-12,22.670000076293945,22.719999313354492,22.489999771118164,22.56999969482422,502400.0
2024-01-16,22.540000915527344,22.6200008392334,22.389999389648438,22.489999771118164,766400.0
2024-01-17,22.31999969482422,22.68000030517578,22.290000915527344,22.479999542236328,868900.0
2024-01-18,22.3799991607666,22.530000686645508,22.309999465942383,22.530000686645508,973500.0
2024-01-19,22.579999923706055,22.579999923706055,22.309999465942383,22.3700008392334,720500.0
2024-01-22,22.350000381469727,22.520000457763672,22.229999542236328,22.440000534057617,976700.0
2024-01-23,22.59000015258789,22.850000381469727,22.559999465942383,22.809999465942383,869600.0
2024-01-24,22.799999237060547,22.81999969482422,22.5,22.510000228881836,837900.0
2024-01-25,22.59000015258789,22.809999465942383,22.489999771118164,22.799999237060547,645300.0
2024-01-26,22.920000076293945,22.979999542236328,22.790000915527344,22.829999923706055,545600.0
2024-01-29,22.8799991607666,22.8799991607666,22.59000015258789,22.670000076293945,884900.0
2024-01-30,22.6299991607666,22.989999771118164,22.549999237060547,22.989999771118164,1355500.0
2024-01-31,22.969999313354492,23.06999969482422,22.770000457763672,22.799999237060547,2246700.0
2024-02-01,22.770000457763672,23.6200008392334,22.59000015258789,23.579999923706055,1900500.0
2024-02-02,23.6200008392334,23.760000228881836,23.309999465942383,23.510000228881836,1059200.0
2024-02-05,23.420000076293945,23.520000457763672,23.1299991607666,23.1299991607666,890200.0
2024-02-06,23.110000610351562,23.510000228881836,23.06999969482422,23.360000610351562,1104800.0
2024-02-07,23.5,23.5,23.15999984741211,23.15999984741211,1298800.0
2024-02-08,23.239999771118164,23.549999237060547,23.15999984741211,23.389999389648438,1797400.0
2024-02-09,22.84000015258789,23.469999313354492,22.030000686645508,22.190000534057617,3031600.0
2024-02-12,22.1200008392334,22.670000076293945,22.1200008392334,22.610000610351562,1880400.0
2024-02-13,22.399999618530273,22.6299991607666,22.0,22.15999984741211,1552600.0
2024-02-14,22.079999923706055,22.209999084472656,21.799999237060547,22.190000534057617,1196200.0
2024-02-15,22.260000228881836,22.440000534057617,22.209999084472656,22.34000015258789,905000.0
2024-02-16,22.299999237060547,22.520000457763672,22.110000610351562,22.420000076293945,1117600.0
2024-02-20,22.510000228881836,22.93000030517578,22.399999618530273,22.75,1199000.0
2024-02-21,22.8799991607666,22.93000030517578,22.729999542236328,22.899999618530273,1012300.0
2024-02-22,22.719999313354492,23.010000228881836,22.579999923706055,22.989999771118164,2034800.0
2024-02-23,22.979999542236328,23.200000762939453,22.90999984741211,23.020000457763672,801300.0
2024-02-26,22.979999542236328,23.020000457763672,22.65999984741211,22.860000610351562,979700.0
2024-02-27,22.829999923706055,22.8799991607666,22.450000762939453,22.59000015258789,1020200.0
2024-02-28,22.6200008392334,22.799999237060547,22.43000030517578,22.709999084472656,1173000.0
2024-02-29,22.600000381469727,22.690000534057617,22.3799991607666,22.420000076293945,1800800.0
2024-03-01,22.309999465942383,22.309999465942383,22.079999923706055,22.229999542236328,1094200.0
2024-03-04,22.149999618530273,22.469999313354492,22.09000015258789,22.450000762939453,903900.0
2024-03-05,22.540000915527344,22.65999984741211,22.209999084472656,22.34000015258789,1056900.0
2024-03-06,22.469999313354492,22.6200008392334,22.420000076293945,22.610000610351562,1042800.0
2024-03-07,22.700000762939453,22.739999771118164,22.31999969482422,22.440000534057617,899800.0
2024-03-08,22.420000076293945,22.969999313354492,22.34000015258789,22.940000534057617,907100.0
2024-03-11,22.979999542236328,23.219999313354492,22.950000762939453,23.1299991607666,979100.0
2024-03-12,23.079999923706055,23.31999969482422,23.040000915527344,23.190000534057617,766900.0
2024-03-13,23.299999237060547,23.479999542236328,23.049999237060547,23.06999969482422,1054200.0
2024-03-14,22.989999771118164,23.049999237060547,22.420000076293945,22.540000915527344,1219200.0
2024-03-15,22.389999389648438,22.790000915527344,22.389999389648438,22.700000762939453,3331900.0
2024-03-18,22.65999984741211,22.969999313354492,22.59000015258789,22.780000686645508,1612800.0
2024-03-19,22.84000015258789,22.969999313354492,22.75,22.899999618530273,1059100.0
2024-03-20,22.979999542236328,23.1299991607666,22.8799991607666,23.06999969482422,867100.0
2024-03-21,23.09000015258789,23.18000030517578,22.889999389648438,23.100000381469727,958100.0
2024-03-22,23.170000076293945,23.170000076293945,23.010000228881836,23.049999237060547,924300.0
2024-03-25,23.09000015258789,23.309999465942383,23.030000686645508,23.25,1035600.0
2024-03-26,23.350000381469727,23.420000076293945,23.219999313354492,23.280000686645508,1190800.0
2024-03-27,23.43000030517578,23.75,23.399999618530273,23.719999313354492,1561500.0
2024-03-28,23.81999969482422,23.899999618530273,23.65999984741211,23.75,1139800.0
2024-04-01,23.75,23.809999465942383,23.559999465942383,23.6299991607666,901800.0
2024-04-02,23.610000610351562,23.729999542236328,23.5,23.520000457763672,1073500.0
2024-04-03,23.440000534057617,23.520000457763672,23.030000686645508,23.139999389648438,1772300.0
2024-04-04,23.31999969482422,23.479999542236328,23.200000762939453,23.299999237060547,940500.0
2024-04-05,23.239999771118164,23.31999969482422,23.09000015258789,23.170000076293945,916000.0
2024-04-08,23.18000030517578,23.270000457763672,23.049999237060547,23.100000381469727,754900.0
2024-04-09,23.200000762939453,23.209999084472656,23.049999237060547,23.149999618530273,1087100.0
2024-04-10,22.989999771118164,23.049999237060547,22.700000762939453,22.829999923706055,1006000.0
2024-04-11,22.950000762939453,22.950000762939453,22.729999542236328,22.850000381469727,688800.0
2024-04-12,22.809999465942383,22.93000030517578,22.559999465942383,22.6200008392334,1023300.0
2024-04-15,22.719999313354492,22.920000076293945,22.639999389648438,22.90999984741211,974800.0
2024-04-16,22.940000534057617,23.270000457763672,22.93000030517578,23.170000076293945,1603000.0
2024-04-17,23.360000610351562,23.43000030517578,23.1200008392334,23.329999923706055,1277800.0
2024-04-18,23.459999084472656,24.059999465942383,23.290000915527344,24.040000915527344,1377900.0
2024-04-19,24.049999237060547,24.600000381469727,23.979999542236328,24.579999923706055,1594300.0
2024-04-22,24.530000686645508,24.799999237060547,24.469999313354492,24.670000076293945,1120300.0
2024-04-23,24.639999389648438,24.8700008392334,24.579999923706055,24.690000534057617,897500.0
2024-04-24,24.510000228881836,25.030000686645508,24.360000610351562,25.030000686645508,1408500.0
2024-04-25,25.110000610351562,25.18000030517578,24.8799991607666,24.889999389648438,986000.0
2024-04-26,24.729999542236328,24.920000076293945,24.610000610351562,24.6200008392334,1668700.0
2024-04-29,24.709999084472656,24.920000076293945,24.59000015258789,24.850000381469727,995400.0
2024-04-30,24.809999465942383,24.969999313354492,24.700000762939453,24.940000534057617,1629500.0
2024-05-01,24.780000686645508,25.190000534057617,24.540000915527344,25.040000915527344,944000.0
2024-05-02,25.100000381469727,25.239999771118164,24.959999084472656,25.0,1046900.0
2024-05-03,25.020000457763672,25.040000915527344,24.709999084472656,24.899999618530273,1024000.0
2024-05-06,25.010000228881836,25.010000228881836,24.649999618530273,24.780000686645508,1341600.0
2024-05-07,24.950000762939453,25.1200008392334,24.8799991607666,25.079999923706055,1372500.0
2024-05-08,25.1200008392334,25.219999313354492,25.06999969482422,25.1200008392334,817200.0
2024-05-09,25.25,25.450000762939453,25.079999923706055,25.420000076293945,1073200.0
2024-05-10,25.3700008392334,25.43000030517578,25.219999313354492,25.420000076293945,1190000.0
2024-05-13,25.469999313354492,25.59000015258789,25.1299991607666,25.18000030517578,1360900.0
2024-05-14,25.280000686645508,25.510000228881836,25.18000030517578,25.350000381469727,1602400.0
2024-05-15,25.420000076293945,26.1200008392334,25.350000381469727,25.510000228881836,1873400.0
2024-05-16,25.59000015258789,25.670000076293945,25.43000030517578,25.489999771118164,3319200.0
2024-05-17,25.399999618530273,25.649999618530273,23.81999969482422,24.450000762939453,2875100.0
2024-05-20,24.469999313354492,24.809999465942383,24.290000915527344,24.350000381469727,1918900.0
2024-05-21,24.350000381469727,24.399999618530273,24.219999313354492,24.260000228881836,1017100.0
2024-05-22,24.1299991607666,24.25,23.90999984741211,23.90999984741211,1144000.0
2024-05-23,23.729999542236328,23.920000076293945,23.600000381469727,23.610000610351562,1262000.0
2024-05-24,23.700000762939453,23.709999084472656,23.329999923706055,23.43000030517578,982000.0
2024-05-28,23.3700008392334,23.420000076293945,22.850000381469727,22.850000381469727,981500.0
2024-05-29,22.729999542236328,22.81999969482422,22.459999084472656,22.520000457763672,1332500.0
2024-05-30,22.610000610351562,22.780000686645508,22.450000762939453,22.770000457763672,1514000.0
2024-05-31,22.799999237060547,23.25,22.739999771118164,23.219999313354492,2044100.0
2024-06-03,23.260000228881836,23.31999969482422,23.09000015258789,23.149999618530273,1839400.0
2024-06-04,23.1299991607666,23.350000381469727,23.030000686645508,23.229999542236328,1081200.0
2024-06-05,23.170000076293945,23.219999313354492,22.989999771118164,23.18000030517578,1005200.0
2024-06-06,22.989999771118164,23.31999969482422,22.809999465942383,23.079999923706055,988100.0
2024-06-07,22.940000534057617,23.1299991607666,22.780000686645508,22.799999237060547,759300.0
2024-06-10,22.65999984741211,22.790000915527344,22.40999984741211,22.600000381469727,858500.0
2024-06-11,22.579999923706055,22.790000915527344,22.5,22.790000915527344,1199100.0
2024-06-12,22.899999618530273,22.899999618530273,22.559999465942383,22.6200008392334,873500.0
2024-06-13,22.65999984741211,22.68000030517578,22.389999389648438,22.65999984741211,846500.0
2024-06-14,22.6200008392334,22.690000534057617,22.299999237060547,22.329999923706055,853600.0
2024-06-17,22.31999969482422,22.68000030517578,22.209999084472656,22.649999618530273,821500.0
2024-06-18,22.56999969482422,22.81999969482422,22.420000076293945,22.479999542236328,1288900.0
2024-06-20,22.34000015258789,22.700000762939453,22.309999465942383,22.40999984741211,1308900.0
2024-06-21,22.510000228881836,22.65999984741211,22.420000076293945,22.520000457763672,2005500.0
2024-06-24,22.549999237060547,22.860000610351562,22.510000228881836,22.799999237060547,1215400.0
2024-06-25,22.770000457763672,22.81999969482422,22.469999313354492,22.649999618530273,1629300.0
2024-06-26,22.459999084472656,22.530000686645508,22.329999923706055,22.489999771118164,1234600.0
2024-06-27,22.59000015258789,22.59000015258789,22.260000228881836,22.350000381469727,1067000.0
2024-06-28,22.3799991607666,22.3799991607666,21.969999313354492,22.200000762939453,1740900.0
2024-07-01,22.309999465942383,22.459999084472656,22.020000457763672,22.030000686645508,840400.0
2024-07-02,22.049999237060547,22.190000534057617,21.979999542236328,22.149999618530273,742200.0
2024-07-03,22.170000076293945,22.170000076293945,21.889999389648438,21.93000030517578,651300.0
2024-07-05,21.860000610351562,22.010000228881836,21.739999771118164,21.920000076293945,2107200.0
2024-07-08,22.059999465942383,22.059999465942383,21.739999771118164,21.75,931700.0
2024-07-09,21.729999542236328,21.780000686645508,21.469999313354492,21.510000228881836,1390300.0
2024-07-10,21.389999389648438,21.520000457763672,21.34000015258789,21.440000534057617,1133500.0
2024-07-11,21.420000076293945,21.690000534057617,21.200000762939453,21.6200008392334,829500.0
2024-07-12,21.760000228881836,21.809999465942383,21.440000534057617,21.450000762939453,969200.0
2024-07-15,21.510000228881836,21.610000610351562,21.3700008392334,21.489999771118164,1067900.0
2024-07-16,21.549999237060547,22.059999465942383,21.489999771118164,21.93000030517578,1130100.0
2024-07-17,21.940000534057617,22.65999984741211,21.93000030517578,22.559999465942383,1200800.0
2024-07-18,22.15999984741211,22.850000381469727,22.149999618530273,22.540000915527344,897700.0
2024-07-19,22.59000015258789,22.59000015258789,22.18000030517578,22.43000030517578,785500.0
2024-07-22,22.43000030517578,22.440000534057617,22.020000457763672,22.209999084472656,1442100.0
2024-07-23,22.209999084472656,22.209999084472656,21.889999389648438,21.950000762939453,1002000.0
2024-07-24,21.959999084472656,22.100000381469727,21.8700008392334,22.020000457763672,1858800.0
2024-07-25,22.049999237060547,22.43000030517578,21.989999771118164,22.270000457763672,1199300.0
2024-07-26,22.31999969482422,22.579999923706055,22.280000686645508,22.3700008392334,1045400.0
2024-07-29,22.299999237060547,22.3700008392334,21.889999389648438,22.280000686645508,1501300.0
2024-07-30,22.139999389648438,22.760000228881836,22.139999389648438,22.709999084472656,1477000.0
2024-07-31,22.68000030517578,22.81999969482422,22.469999313354492,22.520000457763672,1726000.0
2024-08-01,22.559999465942383,22.709999084472656,22.389999389648438,22.670000076293945,1872600.0
2024-08-02,22.790000915527344,23.100000381469727,22.65999984741211,23.049999237060547,1188500.0
2024-08-05,22.959999084472656,23.25,22.260000228881836,22.280000686645508,1257300.0
2024-08-06,22.350000381469727,22.739999771118164,22.25,22.56999969482422,1396600.0
2024-08-07,22.549999237060547,22.81999969482422,22.43000030517578,22.5,718800.0
2024-08-08,22.34000015258789,22.790000915527344,22.25,22.75,910500.0
2024-08-09,22.700000762939453,22.780000686645508,22.530000686645508,22.780000686645508,869300.0
2024-08-12,22.700000762939453,22.700000762939453,22.239999771118164,22.299999237060547,1064900.0
2024-08-13,22.43000030517578,22.6299991607666,22.229999542236328,22.6200008392334,977000.0
2024-08-14,22.670000076293945,22.790000915527344,22.559999465942383,22.729999542236328,1185700.0
2024-08-15,22.850000381469727,22.889999389648438,22.6299991607666,22.65999984741211,1557300.0
2024-08-16,22.739999771118164,22.959999084472656,22.0,22.709999084472656,1827900.0
2024-08-19,22.809999465942383,23.110000610351562,22.6200008392334,23.010000228881836,977800.0
2024-08-20,23.0,23.149999618530273,22.8700008392334,23.139999389648438,1510400.0
2024-08-21,23.200000762939453,23.3799991607666,23.059999465942383,23.06999969482422,969100.0
2024-08-22,23.260000228881836,23.260000228881836,22.780000686645508,22.81999969482422,1074400.0
2024-08-23,22.950000762939453,23.1299991607666,22.84000015258789,23.049999237060547,738200.0
2024-08-26,23.15999984741211,23.360000610351562,22.989999771118164,23.030000686645508,822700.0
2024-08-27,23.100000381469727,23.139999389648438,22.690000534057617,22.790000915527344,916400.0
2024-08-28,22.790000915527344,23.049999237060547,22.709999084472656,23.049999237060547,1046100.0
2024-08-29,23.09000015258789,23.09000015258789,22.770000457763672,22.860000610351562,743500.0
2024-08-30,22.93000030517578,23.290000915527344,22.93000030517578,23.239999771118164,1313300.0
2024-09-03,23.260000228881836,23.389999389648438,23.09000015258789,23.149999618530273,1101700.0
2024-09-04,23.15999984741211,23.450000762939453,23.149999618530273,23.389999389648438,952600.0
2024-09-05,23.5,23.84000015258789,23.5,23.670000076293945,1115600.0
2024-09-06,23.3799991607666,23.649999618530273,23.34000015258789,23.440000534057617,832400.0
2024-09-09,23.3799991607666,23.59000015258789,23.31999969482422,23.469999313354492,1354300.0
2024-09-10,23.5,23.709999084472656,23.329999923706055,23.329999923706055,1142200.0
2024-09-11,23.239999771118164,23.299999237060547,22.709999084472656,22.829999923706055,961700.0
2024-09-12,22.799999237060547,22.93000030517578,22.649999618530273,22.8700008392334,732200.0
2024-09-13,22.549999237060547,23.170000076293945,22.540000915527344,23.170000076293945,749500.0
2024-09-16,23.31999969482422,23.729999542236328,23.31999969482422,23.6200008392334,1043800.0
2024-09-17,23.68000030517578,23.84000015258789,23.579999923706055,23.68000030517578,1071200.0
2024-09-18,23.59000015258789,23.8700008392334,23.59000015258789,23.719999313354492,796000.0
2024-09-19,23.739999771118164,23.8700008392334,23.610000610351562,23.770000457763672,1134300.0
2024-09-20,23.81999969482422,23.850000381469727,23.440000534057617,23.440000534057617,2111600.0
2024-09-23,23.420000076293945,23.469999313354492,23.139999389648438,23.149999618530273,759000.0
2024-09-24,23.09000015258789,23.219999313354492,22.899999618530273,22.940000534057617,642400.0
2024-09-25,23.0,23.09000015258789,22.889999389648438,22.93000030517578,713600.0
2024-09-26,22.889999389648438,23.309999465942383,22.889999389648438,23.09000015258789,1315800.0
2024-09-27,23.25,23.40999984741211,23.110000610351562,23.25,728700.0
2024-09-30,23.34000015258789,23.360000610351562,22.940000534057617,23.06999969482422,702400.0
2024-10-01,23.040000915527344,23.200000762939453,22.8700008392334,22.8700008392334,882600.0
2024-10-02,22.780000686645508,22.799999237060547,22.559999465942383,22.65999984741211,902000.0
2024-10-03,22.559999465942383,22.59000015258789,22.030000686645508,22.09000015258789,1144700.0
2024-10-04,22.059999465942383,22.399999618530273,22.020000457763672,22.399999618530273,970300.0
2024-10-07,22.389999389648438,22.510000228881836,22.190000534057617,22.399999618530273,780000.0
2024-10-08,22.459999084472656,22.81999969482422,22.389999389648438,22.690000534057617,1234500.0
2024-10-09,22.75,22.90999984741211,22.600000381469727,22.6200008392334,722700.0
2024-10-10,22.68000030517578,22.68000030517578,22.34000015258789,22.5,691800.0
2024-10-11,22.600000381469727,22.729999542236328,22.5,22.530000686645508,630400.0
2024-10-14,22.59000015258789,22.760000228881836,22.5,22.719999313354492,416300.0
2024-10-15,22.719999313354492,23.200000762939453,22.719999313354492,23.059999465942383,659900.0
2024-10-16,23.15999984741211,23.3799991607666,23.09000015258789,23.31999969482422,737000.0
2024-10-17,23.360000610351562,23.440000534057617,23.040000915527344,23.06999969482422,589200.0
2024-10-18,23.06999969482422,23.09000015258789,22.809999465942383,22.959999084472656,664500.0
2024-10-21,22.979999542236328,22.989999771118164,22.510000228881836,22.520000457763672,638400.0
2024-10-22,22.469999313354492,22.549999237060547,22.360000610351562,22.459999084472656,686600.0
2024-10-23,22.34000015258789,22.579999923706055,22.329999923706055,22.3700008392334,761500.0
2024-10-24,22.459999084472656,22.549999237060547,22.239999771118164,22.290000915527344,587400.0
2024-10-25,22.350000381469727,22.520000457763672,22.260000228881836,22.31999969482422,868800.0
2024-10-28,22.329999923706055,22.649999618530273,22.280000686645508,22.309999465942383,898800.0
2024-10-29,22.200000762939453,22.299999237060547,22.0,22.0,936500.0
2024-10-30,21.940000534057617,22.079999923706055,21.8700008392334,22.079999923706055,1232100.0
2024-10-31,22.030000686645508,22.31999969482422,22.030000686645508,22.229999542236328,2412900.0
2024-11-01,22.260000228881836,22.559999465942383,22.190000534057617,22.200000762939453,1494100.0
2024-11-04,22.200000762939453,22.309999465942383,22.0,22.229999542236328,1102200.0
2024-11-05,22.139999389648438,22.479999542236328,22.100000381469727,22.399999618530273,1047200.0
2024-11-06,22.979999542236328,22.979999542236328,22.31999969482422,22.489999771118164,1455200.0
2024-11-07,22.440000534057617,22.56999969482422,21.940000534057617,22.030000686645508,1287500.0
2024-11-08,22.299999237060547,22.5,21.389999389648438,21.440000534057617,2655500.0
2024-11-11,21.420000076293945,21.799999237060547,21.34000015258789,21.559999465942383,1589900.0
2024-11-12,21.65999984741211,21.8700008392334,21.43000030517578,21.700000762939453,1743100.0
2024-11-13,21.709999084472656,21.739999771118164,21.5,21.6299991607666,1538100.0
2024-11-14,21.709999084472656,22.15999984741211,21.709999084472656,21.829999923706055,1732000.0
2024-11-15,21.729999542236328,21.809999465942383,21.510000228881836,21.56999969482422,1986100.0
2024-11-18,21.670000076293945,21.950000762939453,21.600000381469727,21.940000534057617,1522800.0
2024-11-19,21.889999389648438,21.969999313354492,21.670000076293945,21.850000381469727,1514000.0
2024-11-20,21.760000228881836,22.190000534057617,21.760000228881836,22.100000381469727,1757200.0
2024-11-21,22.06999969482422,22.299999237060547,22.030000686645508,22.219999313354492,1188100.0
2024-11-22,22.31999969482422,22.489999771118164,22.299999237060547,22.43000030517578,1358100.0
2024-11-25,22.479999542236328,22.770000457763672,22.450000762939453,22.75,1914900.0
2024-11-26,22.770000457763672,22.8799991607666,22.559999465942383,22.809999465942383,1679500.0
2024-11-27,22.969999313354492,23.040000915527344,22.6299991607666,22.729999542236328,1281400.0
2024-11-29,22.510000228881836,22.670000076293945,22.420000076293945,22.6200008392334,694500.0
2024-12-02,22.540000915527344,22.90999984741211,22.329999923706055,22.84000015258789,1575900.0
2024-12-03,22.860000610351562,22.90999984741211,22.510000228881836,22.520000457763672,1166900.0
2024-12-04,22.270000457763672,22.549999237060547,22.1200008392334,22.450000762939453,1311300.0
2024-12-05,22.43000030517578,22.510000228881836,22.219999313354492,22.260000228881836,1554400.0
2024-12-06,22.3799991607666,22.399999618530273,21.8799991607666,21.940000534057617,1367500.0
2024-12-09,21.889999389648438,22.200000762939453,21.889999389648438,21.899999618530273,1340900.0
2024-12-10,21.889999389648438,22.079999923706055,21.690000534057617,21.860000610351562,1503700.0
2024-12-11,21.8700008392334,21.8700008392334,21.229999542236328,21.290000915527344,2153200.0
2024-12-12,21.40999984741211,21.40999984741211,21.190000534057617,21.229999542236328,1453600.0
2024-12-13,21.200000762939453,21.420000076293945,20.959999084472656,21.209999084472656,2068200.0
2024-12-16,21.1200008392334,21.229999542236328,20.790000915527344,20.799999237060547,1491300.0
2024-12-17,20.729999542236328,21.209999084472656,20.68000030517578,20.920000076293945,1398500.0
2024-12-18,20.75,21.059999465942383,20.59000015258789,20.75,1695300.0
2024-12-19,20.68000030517578,20.84000015258789,20.510000228881836,20.6299991607666,1223900.0
2024-12-20,20.6200008392334,20.719999313354492,20.360000610351562,20.450000762939453,4503100.0
2024-12-23,20.450000762939453,20.530000686645508,20.209999084472656,20.399999618530273,1681700.0
2024-12-24,20.440000534057617,20.530000686645508,20.329999923706055,20.520000457763672,648300.0
2024-12-26,20.420000076293945,20.729999542236328,20.3799991607666,20.559999465942383,1763500.0
2024-12-27,20.5,20.790000915527344,20.389999389648438,20.469999313354492,1129600.0
2024-12-30,20.459999084472656,20.579999923706055,20.260000228881836,20.549999237060547,1694400.0
2024-12-31,20.530000686645508,20.690000534057617,20.440000534057617,20.65999984741211,1056300.0
2025-01-02,20.690000534057617,20.81999969482422,20.489999771118164,20.549999237060547,864900.0
2025-01-03,20.59000015258789,20.920000076293945,20.459999084472656,20.780000686645508,1108800.0
2025-01-06,20.68000030517578,20.860000610351562,20.06999969482422,20.139999389648438,2002400.0
2025-01-07,20.149999618530273,20.31999969482422,20.010000228881836,20.100000381469727,2021200.0
2025-01-08,20.18000030517578,20.18000030517578,19.459999084472656,19.940000534057617,3438800.0
2025-01-10,19.739999771118164,19.799999237060547,18.979999542236328,19.0,3042500.0
2025-01-13,19.1299991607666,19.450000762939453,18.969999313354492,19.149999618530273,2295500.0
2025-01-14,19.149999618530273,19.43000030517578,19.149999618530273,19.280000686645508,1349100.0
2025-01-15,19.3799991607666,19.469999313354492,19.149999618530273,19.15999984741211,1225200.0
2025-01-16,18.989999771118164,19.239999771118164,18.899999618530273,19.239999771118164,2843600.0
2025-01-17,19.360000610351562,19.459999084472656,19.229999542236328,19.389999389648438,1527900.0
2025-01-21,19.399999618530273,19.8799991607666,19.399999618530273,19.799999237060547,2055400.0
2025-01-22,19.75,19.93000030517578,19.579999923706055,19.889999389648438,2116600.0
2025-01-23,19.6200008392334,19.889999389648438,19.40999984741211,19.889999389648438,2208200.0
2025-01-24,19.889999389648438,19.989999771118164,19.670000076293945,19.989999771118164,1698100.0
2025-01-27,20.219999313354492,20.520000457763672,20.09000015258789,20.100000381469727,2958700.0
2025-01-28,19.979999542236328,20.110000610351562,19.450000762939453,19.559999465942383,1779200.0
2025-01-29,19.59000015258789,19.610000610351562,19.360000610351562,19.559999465942383,1644300.0
2025-01-30,19.709999084472656,19.770000457763672,19.520000457763672,19.729999542236328,1664900.0
2025-01-31,19.56999969482422,19.700000762939453,19.420000076293945,19.549999237060547,2231100.0
2025-02-03,19.3799991607666,19.719999313354492,19.149999618530273,19.549999237060547,1620600.0
2025-02-04,19.459999084472656,19.489999771118164,19.200000762939453,19.360000610351562,2584100.0
2025-02-05,19.360000610351562,19.479999542236328,19.170000076293945,19.479999542236328,1752800.0
2025-02-06,19.729999542236328,19.729999542236328,19.290000915527344,19.34000015258789,2689000.0
2025-02-07,20.209999084472656,20.25,18.850000381469727,19.09000015258789,4011100.0
2025-02-10,19.06999969482422,19.209999084472656,18.399999618530273,18.459999084472656,3066500.0
2025-02-11,18.459999084472656,18.780000686645508,18.360000610351562,18.729999542236328,2229700.0
2025-02-12,18.399999618530273,18.649999618530273,18.3799991607666,18.420000076293945,1719400.0
2025-02-13,18.420000076293945,18.809999465942383,18.34000015258789,18.790000915527344,1613700.0
2025-02-14,18.8700008392334,19.09000015258789,18.489999771118164,18.510000228881836,1431800.0
2025-02-18,18.459999084472656,18.459999084472656,17.989999771118164,18.350000381469727,1656500.0
2025-02-19,18.350000381469727,18.950000762939453,18.350000381469727,18.8700008392334,1597500.0
2025-02-20,18.719999313354492,19.170000076293945,18.65999984741211,19.06999969482422,1990600.0
2025-02-21,19.1200008392334,19.600000381469727,19.1200008392334,19.399999618530273,1978500.0
2025-02-24,19.40999984741211,19.75,19.270000457763672,19.360000610351562,1492800.0
2025-02-25,19.3799991607666,19.760000228881836,19.31999969482422,19.329999923706055,1714400.0
2025-02-26,19.329999923706055,19.34000015258789,18.829999923706055,18.93000030517578,1697300.0
2025-02-27,18.829999923706055,18.889999389648438,18.59000015258789,18.860000610351562,1762100.0
2025-02-28,18.799999237060547,18.940000534057617,18.59000015258789,18.739999771118164,2253300.0
2025-03-03,18.709999084472656,19.020000457763672,18.56999969482422,19.0,1707500.0
2025-03-04,19.100000381469727,19.260000228881836,18.510000228881836,18.530000686645508,2361900.0
2025-03-05,18.479999542236328,18.709999084472656,18.360000610351562,18.459999084472656,2188700.0
2025-03-06,18.520000457763672,18.649999618530273,18.229999542236328,18.639999389648438,2649700.0
2025-03-07,18.600000381469727,19.84000015258789,18.56999969482422,19.399999618530273,2737300.0
2025-03-10,19.610000610351562,20.229999542236328,19.559999465942383,19.6200008392334,2861100.0
2025-03-11,19.520000457763672,19.6200008392334,18.8799991607666,18.889999389648438,2142100.0
2025-03-12,18.649999618530273,18.860000610351562,18.309999465942383,18.440000534057617,2200100.0
2025-03-13,18.520000457763672,18.75,18.309999465942383,18.530000686645508,1936400.0
2025-03-14,18.360000610351562,18.540000915527344,18.25,18.40999984741211,1330600.0
2025-03-17,18.520000457763672,18.860000610351562,18.450000762939453,18.780000686645508,1287600.0
2025-03-18,18.739999771118164,18.90999984741211,18.59000015258789,18.610000610351562,1306100.0
2025-03-19,18.399999618530273,18.540000915527344,18.290000915527344,18.450000762939453,1960700.0
2025-03-20,18.440000534057617,18.479999542236328,18.079999923706055,18.15999984741211,2455500.0
2025-03-21,18.059999465942383,18.34000015258789,18.020000457763672,18.15999984741211,16492800.0
2025-03-24,18.079999923706055,18.420000076293945,17.989999771118164,18.190000534057617,1582900.0
2025-03-25,18.25,18.25,17.950000762939453,18.049999237060547,1284000.0
2025-03-26,18.079999923706055,18.579999923706055,18.059999465942383,18.489999771118164,1319600.0
2025-03-27,18.639999389648438,18.8700008392334,18.540000915527344,18.84000015258789,1040100.0
2025-03-28,18.90999984741211,18.979999542236328,18.770000457763672,18.8799991607666,998300.0
2025-03-31,18.979999542236328,19.290000915527344,18.979999542236328,19.010000228881836,1695900.0
2025-04-01,19.100000381469727,19.200000762939453,18.770000457763672,18.940000534057617,1773200.0
2025-04-02,18.969999313354492,19.0,18.670000076293945,18.959999084472656,1878200.0
2025-04-03,19.079999923706055,20.229999542236328,18.75,19.209999084472656,3734900.0
2025-04-04,19.139999389648438,19.389999389648438,18.799999237060547,18.81999969482422,2961900.0
2025-04-07,18.31999969482422,18.860000610351562,18.219999313354492,18.31999969482422,2594200.0
2025-04-08,18.520000457763672,18.520000457763672,17.549999237060547,17.649999618530273,2124600.0
2025-04-09,17.459999084472656,18.479999542236328,17.329999923706055,18.31999969482422,2643700.0
2025-04-10,18.3700008392334,18.549999237060547,17.93000030517578,18.200000762939453,1866600.0
2025-04-11,18.270000457763672,18.6200008392334,18.110000610351562,18.479999542236328,1464000.0
2025-04-14,18.549999237060547,18.829999923706055,18.420000076293945,18.700000762939453,1587900.0
2025-04-15,18.65999984741211,18.65999984741211,18.06999969482422,18.299999237060547,1610600.0
2025-04-16,18.389999389648438,18.479999542236328,17.899999618530273,17.969999313354492,1634500.0
2025-04-17,17.979999542236328,18.309999465942383,17.979999542236328,18.260000228881836,1185500.0
2025-04-21,18.190000534057617,18.270000457763672,17.899999618530273,18.209999084472656,2083300.0
2025-04-22,18.270000457763672,18.479999542236328,18.18000030517578,18.40999984741211,1075200.0
2025-04-23,18.440000534057617,18.530000686645508,18.1200008392334,18.290000915527344,1285500.0
2025-04-24,18.219999313354492,18.229999542236328,17.899999618530273,17.989999771118164,1156900.0
2025-04-25,18.0,18.049999237060547,17.68000030517578,17.850000381469727,1307300.0
2025-04-28,17.850000381469727,17.979999542236328,17.559999465942383,17.65999984741211,1468900.0
2025-04-29,17.639999389648438,17.639999389648438,17.389999389648438,17.600000381469727,3052300.0
2025-04-30,17.700000762939453,17.8799991607666,17.360000610351562,17.59000015258789,2129000.0
2025-05-01,17.420000076293945,17.530000686645508,17.200000762939453,17.25,2375600.0
2025-05-02,17.360000610351562,17.579999923706055,17.270000457763672,17.530000686645508,1742500.0
2025-05-05,17.5,17.520000457763672,17.280000686645508,17.440000534057617,1391000.0
2025-05-06,17.350000381469727,17.450000762939453,17.170000076293945,17.40999984741211,1950300.0
2025-05-07,17.420000076293945,17.440000534057617,17.200000762939453,17.3799991607666,1937800.0
2025-05-08,17.420000076293945,17.68000030517578,17.3799991607666,17.59000015258789,1303200.0
2025-05-09,17.540000915527344,17.6200008392334,17.200000762939453,17.209999084472656,1867200.0
2025-05-12,17.299999237060547,17.649999618530273,17.290000915527344,17.600000381469727,2412100.0
2025-05-13,17.559999465942383,17.6200008392334,17.25,17.34000015258789,4958200.0
2025-05-14,17.209999084472656,17.31999969482422,16.809999465942383,16.8700008392334,3250800.0
2025-05-15,16.940000534057617,17.1200008392334,16.889999389648438,17.06999969482422,4444100.0
2025-05-16,16.6299991607666,17.31999969482422,16.43000030517578,17.309999465942383,5244100.0
2025-05-19,17.219999313354492,17.290000915527344,16.950000762939453,17.139999389648438,3442800.0
2025-05-20,17.219999313354492,17.25,16.979999542236328,17.139999389648438,3051900.0
2025-05-21,17.139999389648438,17.139999389648438,16.479999542236328,16.5,2628700.0
2025-05-22,16.440000534057617,16.68000030517578,16.3799991607666,16.59000015258789,3146600.0
2025-05-23,16.520000457763672,16.559999465942383,16.290000915527344,16.479999542236328,2909000.0
2025-05-27,16.610000610351562,17.1299991607666,16.479999542236328,17.010000228881836,3081500.0
2025-05-28,17.049999237060547,17.239999771118164,16.950000762939453,17.020000457763672,2755600.0
2025-05-29,17.010000228881836,17.09000015258789,16.829999923706055,17.0,3964400.0
2025-05-30,17.0,17.059999465942383,16.860000610351562,16.899999618530273,4067400.0
2025-06-02,16.770000457763672,16.84000015258789,16.43000030517578,16.6200008392334,3407200.0
2025-06-03,16.56999969482422,16.81999969482422,16.329999923706055,16.739999771118164,2187000.0
2025-06-04,16.739999771118164,16.8700008392334,16.6299991607666,16.6299991607666,4352000.0
2025-06-05,16.389999389648438,16.479999542236328,16.299999237060547,16.459999084472656,2966100.0
2025-06-06,16.6200008392334,16.809999465942383,16.5,16.709999084472656,2201100.0
2025-06-09,16.719999313354492,16.93000030517578,16.649999618530273,16.760000228881836,3840700.0
2025-06-10,16.770000457763672,16.950000762939453,16.600000381469727,16.790000915527344,2461700.0
2025-06-11,16.809999465942383,16.84000015258789,16.280000686645508,16.31999969482422,2385300.0
2025-06-12,16.260000228881836,16.360000610351562,16.020000457763672,16.360000610351562,2119800.0
2025-06-13,16.219999313354492,16.40999984741211,15.960000038146973,15.970000267028809,2561800.0
2025-06-16,16.18000030517578,16.239999771118164,15.84000015258789,16.020000457763672,2614100.0
2025-06-17,15.9399995803833,16.1299991607666,15.850000381469727,15.859999656677246,2059900.0
2025-06-18,15.850000381469727,16.06999969482422,15.739999771118164,15.890000343322754,2843400.0
2025-06-20,15.930000305175781,16.100000381469727,15.789999961853027,15.869999885559082,3660800.0
2025-06-23,15.880000114440918,16.219999313354492,15.829999923706055,16.190000534057617,3164900.0
2025-06-24,16.200000762939453,16.290000915527344,16.139999389648438,16.149999618530273,2223800.0
2025-06-25,16.0,16.079999923706055,15.829999923706055,15.90999984741211,2627000.0
2025-06-26,16.040000915527344,16.239999771118164,15.9399995803833,16.030000686645508,2412300.0
2025-06-27,16.09000015258789,16.15999984741211,15.899999618530273,15.970000267028809,3819300.0
2025-06-30,15.949999809265137,16.059999465942383,15.770000457763672,15.979999542236328,3107200.0
2025-07-01,15.970000267028809,16.670000076293945,15.920000076293945,16.219999313354492,4426200.0
2025-07-02,16.270000457763672,16.40999984741211,16.09000015258789,16.360000610351562,2476100.0
2025-07-03,16.43000030517578,16.43000030517578,16.06999969482422,16.100000381469727,1678900.0
2025-07-07,16.030000686645508,16.049999237060547,15.649999618530273,15.699999809265137,2755400.0
2025-07-08,15.649999618530273,16.010000228881836,15.579999923706055,15.760000228881836,3347800.0
2025-07-09,15.8100004196167,15.850000381469727,15.520000457763672,15.649999618530273,2306600.0
2025-07-10,15.609999656677246,16.030000686645508,15.460000038146973,15.829999923706055,2679400.0
2025-07-11,15.829999923706055,15.829999923706055,15.520000457763672,15.770000457763672,2882900.0
2025-07-14,15.729999542236328,15.800000190734863,15.5600004196167,15.630000114440918,2999400.0
2025-07-15,15.640000343322754,15.789999961853027,15.369999885559082,15.369999885559082,3305900.0
2025-07-16,15.369999885559082,15.630000114440918,15.369999885559082,15.579999923706055,2559400.0
2025-07-17,15.59000015258789,15.779999732971191,15.4399995803833,15.539999961853027,2811700.0
2025-07-18,15.59000015258789,15.649999618530273,15.3100004196167,15.420000076293945,2127500.0
2025-07-21,15.489999771118164,15.550000190734863,15.270000457763672,15.329999923706055,2135800.0
2025-07-22,15.329999923706055,16.030000686645508,15.329999923706055,16.030000686645508,2463100.0
2025-07-23,16.209999084472656,16.5,16.139999389648438,16.43000030517578,3152400.0
2025-07-24,16.31999969482422,16.489999771118164,16.149999618530273,16.190000534057617,1858200.0
2025-07-25,16.25,16.309999465942383,16.100000381469727,16.260000228881836,2147400.0
2025-07-28,16.200000762939453,16.34000015258789,16.010000228881836,16.260000228881836,2569000.0
2025-07-29,16.209999084472656,16.479999542236328,16.209999084472656,16.459999084472656,2275500.0
2025-07-30,16.489999771118164,16.549999237060547,15.859999656677246,15.930000305175781,2107600.0
2025-07-31,15.779999732971191,16.100000381469727,15.619999885559082,15.850000381469727,2634900.0
2025-08-01,15.949999809265137,16.06999969482422,15.699999809265137,15.84000015258789,1903300.0
2025-08-04,15.859999656677246,16.139999389648438,15.819999694824219,16.100000381469727,2644800.0
2025-08-05,16.110000610351562,16.280000686645508,15.970000267028809,16.09000015258789,2023500.0
2025-08-06,16.09000015258789,16.149999618530273,15.90999984741211,15.970000267028809,1966100.0
2025-08-07,15.960000038146973,16.280000686645508,15.9399995803833,16.260000228881836,1678700.0
2025-08-08,16.229999542236328,16.420000076293945,16.209999084472656,16.350000381469727,1775100.0
2025-08-11,16.440000534057617,16.540000915527344,16.110000610351562,16.190000534057617,3013900.0
2025-08-12,16.190000534057617,16.540000915527344,16.149999618530273,16.459999084472656,3111900.0
2025-08-13,16.3799991607666,16.850000381469727,16.18000030517578,16.760000228881836,2496400.0
2025-08-14,16.610000610351562,16.6299991607666,16.399999618530273,16.579999923706055,3189500.0
2025-08-15,15.819999694824219,16.190000534057617,15.600000381469727,15.6899995803833,5478100.0
2025-08-18,15.550000190734863,15.819999694824219,15.449999809265137,15.770000457763672,4058800.0
2025-08-19,15.829999923706055,16.0,15.720000267028809,15.720000267028809,2923800.0
2025-08-20,15.869999885559082,16.06999969482422,15.710000038146973,15.710000038146973,2696900.0
2025-08-21,15.579999923706055,15.729999542236328,15.430000305175781,15.489999771118164,2675300.0
2025-08-22,15.619999885559082,15.979999542236328,15.600000381469727,15.84000015258789,3895800.0
2025-08-25,15.760000228881836,15.869999885559082,15.279999732971191,15.289999961853027,2794300.0
2025-08-26,15.279999732971191,15.319999694824219,14.829999923706055,14.84000015258789,5131800.0
2025-08-27,14.819999694824219,15.119999885559082,14.75,15.079999923706055,3384900.0
2025-08-28,15.09000015258789,15.09000015258789,14.739999771118164,14.90999984741211,2513400.0
2025-08-29,14.949999809265137,15.140000343322754,14.90999984741211,15.039999961853027,2272600.0
2025-09-02,15.0,15.079999923706055,14.680000305175781,14.84000015258789,4564600.0
2025-09-03,14.779999732971191,14.979999542236328,14.619999885559082,14.640000343322754,2593400.0
2025-09-04,14.729999542236328,14.819999694824219,14.539999961853027,14.630000114440918,4194900.0
2025-09-05,14.430000305175781,14.850000381469727,14.420000076293945,14.8100004196167,4522600.0
2025-09-08,14.670000076293945,14.930000305175781,14.489999771118164,14.90999984741211,5734400.0
2025-09-09,14.850000381469727,15.020000457763672,14.75,14.800000190734863,3699000.0
2025-09-10,14.65999984741211,14.720000267028809,14.260000228881836,14.279999732971191,3526000.0
2025-09-11,14.300000190734863,14.40999984741211,14.199999809265137,14.270000457763672,3689200.0
2025-09-12,14.199999809265137,14.199999809265137,13.75,13.75,5500700.0
2025-09-15,13.760000228881836,13.829999923706055,13.449999809265137,13.479999542236328,6736100.0
2025-09-16,13.510000228881836,13.729999542236328,13.430000305175781,13.6899995803833,10015400.0
2025-09-17,13.720000267028809,13.789999961853027,13.319999694824219,13.369999885559082,4061300.0
2025-09-18,13.329999923706055,13.40999984741211,13.1899995803833,13.300000190734863,4623200.0
2025-09-19,13.369999885559082,13.470000267028809,13.09000015258789,13.100000381469727,10794000.0
2025-09-22,13.109999656677246,13.1899995803833,13.029999732971191,13.130000114440918,3908500.0
2025-09-23,13.149999618530273,13.25,13.010000228881836,13.079999923706055,3109000.0
2025-09-24,12.989999771118164,13.170000076293945,12.970000267028809,13.050000190734863,3201000.0
2025-09-25,13.109999656677246,13.109999656677246,12.699999809265137,12.760000228881836,5494800.0
2025-09-26,12.779999732971191,12.9399995803833,12.710000038146973,12.760000228881836,4247900.0
2025-09-29,12.8100004196167,12.8100004196167,12.420000076293945,12.680000305175781,6718700.0
2025-09-30,12.680000305175781,13.09000015258789,12.680000305175781,13.050000190734863,3858700.0
2025-10-01,13.130000114440918,13.220000267028809,12.90999984741211,13.09000015258789,2930000.0
2025-10-02,13.0,13.079999923706055,12.850000381469727,13.010000228881836,2263600.0
2025-10-03,13.010000228881836,13.279999732971191,13.010000228881836,13.15999984741211,2779500.0
2025-10-06,13.119999885559082,13.130000114440918,12.779999732971191,12.789999961853027,3707400.0
2025-10-07,12.789999961853027,12.880000114440918,12.619999885559082,12.770000457763672,3251400.0
2025-10-08,12.760000228881836,12.779999732971191,12.529999732971191,12.600000381469727,3437300.0
2025-10-09,12.609999656677246,12.640000343322754,12.479999542236328,12.520000457763672,2771600.0
2025-10-10,12.539999961853027,12.8100004196167,12.539999961853027,12.600000381469727,2642500.0
2025-10-13,12.65999984741211,12.850000381469727,12.479999542236328,12.510000228881836,2825600.0
2025-10-14,12.470000267028809,12.720000267028809,12.449999809265137,12.680000305175781,2096800.0
2025-10-15,12.65999984741211,12.779999732971191,12.569999694824219,12.569999694824219,3079900.0
2025-10-16,12.619999885559082,12.819999694824219,12.569999694824219,12.600000381469727,2794200.0
2025-10-17,12.670000076293945,12.800000190734863,12.619999885559082,12.760000228881836,2295700.0
2025-10-20,12.760000228881836,12.869999885559082,12.739999771118164,12.75,2177900.0
2025-10-21,12.829999923706055,12.869999885559082,12.729999542236328,12.729999542236328,2418000.0
2025-10-22,12.760000228881836,13.109999656677246,12.739999771118164,12.899999618530273,3030000.0
2025-10-23,12.899999618530273,12.899999618530273,12.529999732971191,12.5600004196167,2637000.0
2025-10-24,12.649999618530273,12.670000076293945,12.470000267028809,12.539999961853027,3157100.0
2025-10-27,12.5600004196167,12.869999885559082,12.470000267028809,12.850000381469727,3827200.0
2025-10-28,12.779999732971191,12.789999961853027,12.539999961853027,12.569999694824219,3558400.0
2025-10-29,12.489999771118164,12.520000457763672,12.109999656677246,12.15999984741211,3533100.0
2025-10-30,12.109999656677246,12.25,12.039999961853027,12.079999923706055,4075000.0
2025-10-31,12.0,12.0600004196167,11.890000343322754,11.930000305175781,4964200.0
2025-11-03,11.869999885559082,11.920000076293945,11.649999618530273,11.880000114440918,4050600.0
2025-11-04,11.930000305175781,12.050000190734863,11.8100004196167,12.029999732971191,3576600.0
2025-11-05,12.020000457763672,12.130000114440918,11.930000305175781,12.100000381469727,2803100.0
2025-11-06,12.09000015258789,12.210000038146973,11.609999656677246,11.649999618530273,6250100.0
2025-11-07,11.90999984741211,12.180000305175781,11.449999809265137,11.869999885559082,6726600.0
2025-11-10,11.819999694824219,12.020000457763672,11.350000381469727,11.369999885559082,5613400.0
2025-11-11,11.489999771118164,11.710000038146973,11.329999923706055,11.59000015258789,6179600.0
2025-11-12,11.640000343322754,11.670000076293945,11.479999542236328,11.510000228881836,3557900.0
2025-11-13,11.350000381469727,11.630000114440918,11.34000015258789,11.390000343322754,3502600.0
2025-11-14,11.460000038146973,11.550000190734863,11.25,11.390000343322754,3188000.0
2025-11-17,11.359999656677246,11.449999809265137,11.069999694824219,11.069999694824219,3569000.0
2025-11-18,11.079999923706055,11.119999885559082,10.930000305175781,11.029999732971191,4459000.0
2025-11-19,10.970000267028809,10.970000267028809,10.609999656677246,10.619999885559082,3572300.0
2025-11-20,10.600000381469727,10.699999809265137,10.40999984741211,10.489999771118164,4095700.0
2025-11-21,10.550000190734863,10.710000038146973,10.470000267028809,10.569999694824219,5660900.0
2025-11-24,10.520000457763672,10.5600004196167,10.34000015258789,10.399999618530273,5928700.0
2025-11-25,10.460000038146973,10.84000015258789,10.399999618530273,10.770000457763672,5769400.0
2025-11-26,10.770000457763672,10.869999885559082,10.59000015258789,10.84000015258789,8229200.0
2025-11-28,10.609999656677246,10.789999961853027,10.550000190734863,10.729999542236328,2974200.0
2025-12-01,10.65999984741211,10.960000038146973,10.609999656677246,10.869999885559082,5559900.0
2025-12-02,10.880000114440918,10.90999984741211,10.550000190734863,10.6899995803833,4823900.0
2025-12-03,10.75,11.170000076293945,10.75,11.069999694824219,5122600.0
2025-12-04,11.119999885559082,11.15999984741211,10.670000076293945,10.680000305175781,3755800.0
2025-12-05,10.619999885559082,10.84000015258789,10.59000015258789,10.779999732971191,3548700.0
2025-12-08,10.800000190734863,10.819999694824219,10.65999984741211,10.710000038146973,3663700.0
2025-12-09,10.720000267028809,10.84000015258789,10.579999923706055,10.59000015258789,3704100.0
2025-12-10,10.5600004196167,10.8100004196167,10.510000228881836,10.8100004196167,5340000.0
2025-12-11,10.899999618530273,11.039999961853027,10.8100004196167,10.8100004196167,3483300.0
2025-12-12,10.890000343322754,10.989999771118164,10.739999771118164,10.8100004196167,3044700.0
2025-12-15,10.859999656677246,11.050000190734863,10.850000381469727,10.9399995803833,4877100.0
2025-12-16,10.989999771118164,11.170000076293945,10.970000267028809,11.020000457763672,3703800.0
2025-12-17,11.029999732971191,11.3100004196167,11.029999732971191,11.100000381469727,3600200.0
2025-12-18,11.079999923706055,11.199999809265137,11.020000457763672,11.020000457763672,3104800.0
2025-12-19,11.0,11.09000015258789,10.869999885559082,10.930000305175781,8143600.0
2025-12-22,10.84000015258789,11.050000190734863,10.800000190734863,10.949999809265137,3215000.0
2025-12-23,10.930000305175781,10.930000305175781,10.670000076293945,10.739999771118164,3656700.0
2025-12-24,10.789999961853027,10.920000076293945,10.739999771118164,10.869999885559082,1746700.0
2025-12-26,10.850000381469727,10.899999618530273,10.739999771118164,10.890000343322754,2357100.0
2025-12-29,10.890000343322754,10.970000267028809,10.819999694824219,10.9399995803833,3515400.0
2025-12-30,10.920000076293945,11.050000190734863,10.899999618530273,10.920000076293945,2751200.0
2025-12-31,10.90999984741211,10.949999809265137,10.84000015258789,10.880000114440918,2730700.0
2026-01-02,10.920000076293945,10.930000305175781,10.729999542236328,10.789999961853027,3041700.0
2026-01-05,10.75,10.75,10.289999961853027,10.319999694824219,7044600.0
2026-01-06,10.229999542236328,10.8100004196167,10.229999542236328,10.789999961853027,5612900.0
2026-01-07,10.770000457763672,10.84000015258789,10.079999923706055,10.079999923706055,5237400.0
2026-01-08,10.069999694824219,10.65999984741211,9.930000305175781,10.550000190734863,4462600.0
2026-01-09,10.600000381469727,10.760000228881836,10.470000267028809,10.720000267028809,3455600.0
2026-01-12,10.699999809265137,10.729999542236328,10.470000267028809,10.649999618530273,4429800.0
2026-01-13,10.579999923706055,10.65999984741211,10.449999809265137,10.460000038146973,3289500.0
2026-01-14,10.489999771118164,10.9399995803833,10.479999542236328,10.899999618530273,4409500.0
2026-01-15,10.850000381469727,11.100000381469727,10.649999618530273,11.100000381469727,2814600.0
2026-01-16,11.029999732971191,11.0600004196167,10.899999618530273,10.979999542236328,2872100.0
2026-01-20,10.90999984741211,11.140000343322754,10.770000457763672,11.039999961853027,4102300.0
2026-01-21,11.020000457763672,11.100000381469727,10.710000038146973,10.949999809265137,4574300.0
2026-01-22,11.0,11.149999618530273,10.9399995803833,10.979999542236328,3777100.0
2026-01-23,10.9399995803833,11.140000343322754,10.9399995803833,11.109999656677246,3031100.0
2026-01-26,11.170000076293945,11.289999961853027,11.109999656677246,11.25,3079200.0
2026-01-27,11.220000267028809,11.25,11.029999732971191,11.130000114440918,3184200.0
2026-01-28,11.09000015258789,11.270000457763672,10.960000038146973,11.079999923706055,3875900.0
2026-01-29,11.09000015258789,11.300000190734863,10.949999809265137,11.069999694824219,3992700.0
2026-01-30,11.130000114440918,11.430000305175781,11.079999923706055,11.430000305175781,5715000.0
2026-02-02,11.449999809265137,11.449999809265137,11.180000305175781,11.25,3349700.0
2026-02-03,11.180000305175781,11.390000343322754,11.050000190734863,11.210000038146973,3420100.0
2026-02-04,11.300000190734863,11.859999656677246,11.300000190734863,11.800000190734863,4953600.0
2026-02-05,11.960000038146973,12.09000015258789,11.739999771118164,11.90999984741211,3904600.0
2026-02-06,11.90999984741211,12.140000343322754,11.90999984741211,11.960000038146973,3390000.0
2026-02-09,11.930000305175781,12.039999961853027,11.649999618530273,11.819999694824219,3412000.0
2026-02-10,11.829999923706055,11.899999618530273,11.6899995803833,11.8100004196167,4582200.0
2026-02-11,11.699999809265137,11.720000267028809,11.4399995803833,11.6899995803833,4093800.0
2026-02-12,11.640000343322754,11.770000457763672,11.329999923706055,11.350000381469727,7262300.0
2026-02-13,11.170000076293945,11.430000305175781,9.84000015258789,10.359999656677246,16825600.0
2026-02-17,10.350000381469727,10.430000305175781,9.4399995803833,9.65999984741211,9318000.0
2026-02-18,9.6899995803833,10.149999618530273,9.569999694824219,9.890000343322754,6530000.0
2026-02-19,9.9399995803833,10.09000015258789,9.869999885559082,9.880000114440918,5483800.0
2026-02-20,9.880000114440918,10.079999923706055,9.880000114440918,10.069999694824219,5408600.0
2026-02-23,9.960000038146973,10.3100004196167,9.90999984741211,10.130000114440918,4580000.0
2026-02-24,10.170000076293945,10.390000343322754,10.010000228881836,10.029999732971191,3701400.0
2026-02-25,10.0,10.020000457763672,9.569999694824219,9.649999618530273,6617800.0
2026-02-26,9.770000457763672,9.949999809265137,9.720000267028809,9.90999984741211,5180000.0
2026-02-27,9.869999885559082,10.0,9.770000457763672,9.880000114440918,6089200.0
2026-03-02,9.789999961853027,9.880000114440918,9.510000228881836,9.520000457763672,5528600.0
2026-03-03,9.5,9.539999961853027,9.199999809265137,9.229999542236328,5930700.0
2026-03-04,9.229999542236328,9.300000190734863,8.949999809265137,9.039999961853027,7894800.0
2026-03-05,9.029999732971191,9.380000114440918,9.0,9.229999542236328,5415100.0
2026-03-06,8.949999809265137,9.149999618530273,8.710000038146973,9.100000381469727,6817000.0
2026-03-09,9.0,9.0,8.699999809265137,8.850000381469727,6314600.0
2026-03-10,8.800000190734863,8.899999618530273,8.619999885559082,8.65999984741211,5524200.0
2026-03-11,8.649999618530273,8.720000267028809,8.460000038146973,8.619999885559082,8080000.0
2026-03-12,8.550000190734863,8.850000381469727,8.489999771118164,8.630000114440918,7876800.0
2026-03-13,8.760000228881836,8.979999542236328,8.760000228881836,8.789999961853027,5113300.0
2026-03-16,8.899999618530273,9.029999732971191,8.84000015258789,8.890000343322754,4277100.0
2026-03-17,8.9399995803833,9.029999732971191,8.6899995803833,8.729999542236328,4018100.0
2026-03-18,8.600000381469727,8.649999618530273,8.420000076293945,8.420000076293945,4530000.0
2026-03-19,8.479999542236328,8.569999694824219,8.270000457763672,8.369999885559082,4207200.0
2026-03-20,8.359999656677246,8.369999885559082,8.170000076293945,8.180000305175781,9228900.0
2026-03-23,8.319999694824219,8.430000305175781,8.199999809265137,8.260000228881836,5161900.0
2026-03-24,8.210000038146973,8.390000343322754,8.149999618530273,8.260000228881836,3718200.0
2026-03-25,8.34000015258789,8.369999885559082,8.039999961853027,8.279999732971191,6401500.0
2026-03-26,8.260000228881836,8.460000038146973,8.229999542236328,8.359999656677246,3540900.0
2026-03-27,8.350000381469727,8.619999885559082,8.300000190734863,8.399999618530273,5315700.0
2026-03-30,8.300000190734863,8.430000305175781,8.220000267028809,8.369999885559082,4213100.0
2026-03-31,8.420000076293945,8.5,7.96999979019165,8.149999618530273,5338200.0
2026-04-01,8.069999694824219,8.220000267028809,7.860000133514404,8.130000114440918,5109700.0
2026-04-02,8.140000343322754,8.279999732971191,8.010000228881836,8.239999771118164,3373600.0
2026-04-06,8.199999809265137,8.34000015258789,8.079999923706055,8.25,3702100.0
2026-04-07,8.239999771118164,8.34000015258789,8.100000381469727,8.119999885559082,4121300.0
2026-04-08,8.149999618530273,8.210000038146973,8.029999732971191,8.079999923706055,5195400.0
2026-04-09,7.960000038146973,8.1899995803833,7.860000133514404,8.140000343322754,4590600.0
2026-04-10,8.170000076293945,8.279999732971191,7.989999771118164,8.0600004196167,4193400.0
2026-04-13,8.029999732971191,8.220000267028809,7.869999885559082,8.220000267028809,6711200.0
2026-04-14,8.199999809265137,8.390000343322754,8.1899995803833,8.260000228881836,4215100.0
2026-04-15,8.279999732971191,8.569999694824219,8.199999809265137,8.520000457763672,4131600.0
2026-04-16,8.59000015258789,8.75,8.5,8.569999694824219,4198100.0
2026-04-17,8.550000190734863,8.710000038146973,8.460000038146973,8.510000228881836,3872200.0
2026-04-20,8.489999771118164,8.8100004196167,8.4399995803833,8.760000228881836,6266900.0
2026-04-21,8.760000228881836,8.829999923706055,8.630000114440918,8.6899995803833,4025300.0
2026-04-22,8.670000076293945,8.770000457763672,8.630000114440918,8.75,3101400.0
2026-04-23,8.75,8.819999694824219,8.649999618530273,8.779999732971191,3148400.0
2026-04-24,8.8100004196167,8.880000114440918,8.65999984741211,8.800000190734863,4606400.0
2026-04-27,8.770000457763672,9.020000457763672,8.760000228881836,8.949999809265137,4685500.0
2026-04-28,9.029999732971191,9.15999984741211,8.890000343322754,8.930000305175781,5422400.0
2026-04-29,8.9399995803833,8.989999771118164,8.760000228881836,8.869999885559082,3509900.0
2026-04-30,8.84000015258789,9.130000114440918,8.829999923706055,9.0600004196167,5525600.0
2026-05-01,9.100000381469727,9.180000305175781,8.619999885559082,8.720000267028809,4633900.0
2026-05-04,8.720000267028809,8.829999923706055,8.289999961853027,8.350000381469727,5798900.0
2026-05-05,8.319999694824219,8.710000038146973,8.199999809265137,8.640000343322754,5789500.0
2026-05-06,8.779999732971191,8.84000015258789,8.5600004196167,8.619999885559082,5929100.0
2026-05-07,8.609999656677246,8.699999809265137,8.319999694824219,8.569999694824219,5444000.0
2026-05-08,8.579999923706055,8.619999885559082,8.399999618530273,8.4399995803833,4701800.0
2026-05-11,8.5,8.569999694824219,8.140000343322754,8.220000267028809,5435900.0
2026-05-12,8.34000015258789,8.34000015258789,8.079999923706055,8.09000015258789,7623300.0
2026-05-13,8.029999732971191,8.050000190734863,7.659999847412109,7.730000019073486,9828300.0
2026-05-14,7.78000020980835,7.860000133514404,7.21999979019165,7.309999942779541,14865700.0
2026-05-15,7.409999847412109,7.440000057220459,7.110000133514404,7.179999828338623,44904000.0
2026-05-18,7.099999904632568,7.46999979019165,7.0,7.329999923706055,12932200.0
2026-05-19,7.440000057220459,7.579999923706055,7.150000095367432,7.210000038146973,11353400.0
2026-05-20,7.150000095367432,7.329999923706055,6.889999866485596,7.239999771118164,9760100.0
2026-05-21,7.090000152587891,7.139999866485596,6.800000190734863,7.010000228881836,15908200.0
2026-05-22,7.619999885559082,8.069999694824219,7.400000095367432,7.940000057220459,17827800.0
2026-05-26,7.989999771118164,8.239999771118164,7.78000020980835,7.789999961853027,11728100.0
2026-05-27,7.809999942779541,7.889999866485596,7.570000171661377,7.809999942779541,10380000.0
2026-05-28,7.699999809265137,7.809999942779541,7.650000095367432,7.699999809265137,6381500.0
2026-05-29,7.760000228881836,7.789999961853027,7.579999923706055,7.639999866485596,6275600.0
2026-06-01,7.519999980926514,7.690000057220459,7.519999980926514,7.659999847412109,7715700.0
2026-06-02,7.650000095367432,7.650000095367432,7.409999847412109,7.409999847412109,7074700.0
2026-06-03,7.369999885559082,7.5,7.21999979019165,7.269999980926514,6023300.0
2026-06-04,7.429999828338623,7.599999904632568,7.21999979019165,7.300000190734863,6161900.0
2026-06-05,7.369999885559082,7.599999904632568,7.329999923706055,7.480000019073486,6701900.0
2026-06-08,7.420000076293945,7.730000019073486,7.320000171661377,7.489999771118164,6384500.0
2026-06-09,7.559999942779541,7.820000171661377,7.46999979019165,7.659999847412109,6601300.0
2026-06-10,7.730000019073486,7.949999809265137,7.650000095367432,7.769999980926514,8946800.0
2026-06-11,7.690000057220459,7.849999904632568,7.639999866485596,7.800000190734863,5377700.0
2026-06-12,7.699999809265137,7.809999942779541,7.619999885559082,7.789999961853027,4873000.0
2026-06-15,7.809999942779541,8.050000190734863,7.690000057220459,7.699999809265137,5497800.0
2026-06-16,7.659999847412109,7.820000171661377,7.510000228881836,7.599999904632568,4122600.0
2026-06-17,7.579999923706055,7.659999847412109,7.179999828338623,7.329999923706055,7428900.0
2026-06-18,7.300000190734863,7.809999942779541,7.300000190734863,7.78000020980835,13961100.0
2026-06-22,7.53000020980835,7.789999961853027,7.349999904632568,7.349999904632568,5662500.0
2026-06-23,7.429999828338623,7.610000133514404,7.380000114440918,7.550000190734863,5380400.0
2026-06-24,7.590000152587891,7.920000076293945,7.519999980926514,7.650000095367432,7515400.0
2026-06-25,7.679999828338623,7.860000133514404,7.5,7.599999904632568,5439800.0
2026-06-26,7.630000114440918,8.020000457763672,7.579999923706055,7.96999979019165,33842100.0
2026-06-29,7.889999866485596,8.140000343322754,7.699999809265137,8.050000190734863,8188400.0
2026-06-30,8.079999923706055,8.109999656677246,7.840000152587891,7.900000095367432,14200100.0
2026-07-01,8.029999732971191,8.460000038146973,8.010000228881836,8.40999984741211,7240300.0
2026-07-02,8.449999809265137,8.699999809265137,8.270000457763672,8.630000114440918,6482700.0
2026-07-06,8.699999809265137,8.720000267028809,8.4399995803833,8.609999656677246,6023900.0
2026-07-07,8.739999771118164,8.920000076293945,8.569999694824219,8.600000381469727,4265400.0
2026-07-08,8.5600004196167,8.59000015258789,8.359999656677246,8.369999885559082,5510700.0
2026-07-09,8.319999694824219,8.369999885559082,7.96999979019165,8.079999923706055,6480700.0
2026-07-10,8.15999984741211,8.430000305175781,8.050000190734863,8.34000015258789,4912000.0
2026-07-13,8.40999984741211,8.479999542236328,8.25,8.289999961853027,4243100.0
2026-07-14,8.220000267028809,8.369999885559082,8.109999656677246,8.289999961853027,3160100.0
2026-07-15,8.270000457763672,8.520000457763672,8.229999542236328,8.25,3416900.0
2026-07-16,8.350000381469727,8.789999961853027,8.350000381469727,8.649999618530273,4810700.0
2026-07-17,8.710000038146973,8.890000343322754,8.449999809265137,8.489999771118164,3438900.0
2026-07-20,8.449999809265137,8.550000190734863,8.359999656677246,8.489999771118164,3035400.0
2026-07-21,8.369999885559082,8.600000381469727,8.329999923706055,8.5,3449000.0
2026-07-22,8.59000015258789,8.640000343322754,8.239999771118164,8.260000228881836,4345500.0
2026-07-23,8.170000076293945,8.270000457763672,7.639999866485596,7.75,7304500.0
2026-07-24,7.829999923706055,7.960000038146973,7.71999979019165,7.739999771118164,3673300.0
2026-07-27,7.869999885559082,7.900000095367432,7.639999866485596,7.639999866485596,4471400.0
2026-07-28,7.809999942779541,8.069999694824219,7.53000020980835,7.539999961853027,6411800.0
2026-07-29,7.519999980926514,7.730000019073486,7.340000152587891,7.460000038146973,6681700.0
2026-07-30,7.369999885559082,7.400000095367432,7.130000114440918,7.139999866485596,5925000.0
2026-07-31,7.119999885559082,7.179999828338623,6.929999828338623,7.019999980926514,7711300.0
2026-08-03,7.110000133514404,7.389999866485596,6.989999771118164,7.21999979019165,7096500.0
2026-08-04,7.159999847412109,7.440000057220459,7.159999847412109,7.329999923706055,4798900.0
2026-08-05,7.380000114440918,7.429999828338623,7.25,7.389999866485596,4100100.0
2026-08-06,7.409999847412109,7.440000057220459,7.139999866485596,7.239999771118164,6959900.0
2026-08-07,7.25,7.460000038146973,7.230000019073486,7.400000095367432,3697700.0
2026-08-10,7.349999904632568,7.440000057220459,7.090000152587891,7.139999866485596,5062300.0
2026-08-11,7.130000114440918,7.309999942779541,7.079999923706055,7.159999847412109,4716100.0
2026-08-12,7.179999828338623,7.190000057220459,7.03000020980835,7.170000076293945,4804900.0
2026-08-13,7.25,7.579999923706055,7.239999771118164,7.53000020980835,4866700.0
2026-08-14,7.550000190734863,7.599999904632568,7.460000038146973,7.519999980926514,3616700.0
2026-08-17,7.489999771118164,7.559999942779541,7.289999961853027,7.309999942779541,5173200.0
2026-08-18,7.360000133514404,7.599999904632568,7.269999980926514,7.380000114440918,4241600.0
2026-08-19,7.429999828338623,7.53000020980835,7.369999885559082,7.460000038146973,4484800.0
2026-08-20,7.429999828338623,7.480000019073486,7.039999961853027,7.099999904632568,9802000.0
2026-08-21,6.900000095367432,7.309999942779541,6.809999942779541,6.949999809265137,15566700.0
2026-08-24,6.960000038146973,7.309999942779541,6.820000171661377,7.28000020980835,8436800.0
2026-08-25,7.25,7.360000133514404,7.0,7.110000133514404,6505000.0
2026-08-26,7.130000114440918,7.360000133514404,7.099999904632568,7.170000076293945,5450700.0
2026-08-27,7.130000114440918,7.130000114440918,6.909999847412109,6.980000019073486,6649800.0
2026-08-28,6.989999771118164,7.130000114440918,6.96999979019165,7.099999904632568,5176000.0
2026-08-31,7.050000190734863,7.130000114440918,6.900000095367432,6.920000076293945,9905000.0
2026-09-01,6.920000076293945,6.989999771118164,6.619999885559082,6.690000057220459,9644500.0
2026-09-02,6.75,6.869999885559082,6.670000076293945,6.679999828338623,7301500.0
2026-09-03,6.650000095367432,6.699999809265137,6.329999923706055,6.449999809265137,12123100.0
2026-09-04,6.360000133514404,6.449999809265137,6.269999980926514,6.269999980926514,5666100.0
2026-09-08,6.260000228881836,6.360000133514404,6.099999904632568,6.320000171661377,8528100.0
2026-09-09,6.320000171661377,6.320000171661377,6.130000114440918,6.210000038146973,8239600.0
2026-09-10,6.199999809265137,6.230000019073486,6.099999904632568,6.110000133514404,7808100.0
2026-09-11,6.03000020980835,6.170000076293945,6.010000228881836,6.090000152587891,6309100.0
2026-09-14,6.130000114440918,6.269999980926514,5.949999809265137,6.0,7756900.0
2026-09-15,5.960000038146973,6.159999847412109,5.920000076293945,6.139999866485596,9058200.0
2026-09-16,6.179999828338623,6.320000171661377,6.150000095367432,6.150000095367432,8797700.0
2026-09-17,6.239999771118164,6.300000190734863,6.059999942779541,6.090000152587891,7432700.0
2026-09-18,6.070000171661377,6.070000171661377,5.860000133514404,5.940000057220459,13240600.0
2026-09-21,5.900000095367432,6.070000171661377,5.849999904632568,5.960000038146973,7904900.0
2026-09-23,5.909999847412109,5.96999979019165,5.739999771118164,5.809999942779541,8508200.0
2026-09-24,5.889999866485596,5.900000095367432,5.730000019073486,5.809999942779541,8325000.0
