date,open,high,low,close,volume
2016-09-26,116.25,116.69999694824219,115.63999938964844,115.88999938964844,305400.0
2016-09-27,115.61000061035156,117.37000274658203,114.37999725341797,114.43000030517578,319900.0
2016-09-28,115.13999938964844,117.20999908447266,114.1500015258789,115.12000274658203,230900.0
2016-09-29,114.5,115.48999786376953,111.62000274658203,111.63999938964844,343000.0
2016-09-30,112.62999725341797,114.5999984741211,111.54000091552734,113.79000091552734,275400.0
2016-10-03,113.05000305175781,113.69000244140625,111.77999877929688,111.86000061035156,335000.0
2016-10-04,112.13999938964844,113.81999969482422,110.58000183105469,111.05999755859375,284300.0
2016-10-05,111.95999908447266,112.25,110.43000030517578,110.5,298900.0
2016-10-06,110.0,110.75,107.9000015258789,110.37000274658203,363100.0
2016-10-07,110.5199966430664,111.31999969482422,105.80999755859375,105.8499984741211,408600.0
2016-10-10,105.8499984741211,106.56999969482422,104.54000091552734,104.56999969482422,358000.0
2016-10-11,103.97000122070312,104.5199966430664,100.94000244140625,100.9800033569336,541600.0
2016-10-12,100.97000122070312,103.58000183105469,100.97000122070312,103.30000305175781,670000.0
2016-10-13,101.75,104.20999908447266,101.62999725341797,102.13999938964844,537600.0
2016-10-14,102.94999694824219,102.94999694824219,100.0199966430664,100.69999694824219,318100.0
2016-10-17,100.72000122070312,101.19999694824219,100.13999938964844,100.94000244140625,356900.0
2016-10-18,102.45999908447266,108.05000305175781,100.55999755859375,101.16999816894531,255500.0
2016-10-19,102.0999984741211,103.30000305175781,101.11000061035156,103.0199966430664,395100.0
2016-10-20,102.79000091552734,103.41000366210938,100.77999877929688,101.87999725341797,302900.0
2016-10-21,101.20999908447266,102.18000030517578,100.38999938964844,102.05999755859375,245800.0
2016-10-24,104.98999786376953,104.98999786376953,103.27999877929688,104.30000305175781,256100.0
2016-10-25,104.12999725341797,104.30999755859375,102.36000061035156,102.69000244140625,287600.0
2016-10-26,101.76000213623047,102.37999725341797,100.81999969482422,101.48999786376953,191300.0
2016-10-27,102.05999755859375,102.48999786376953,97.94999694824219,98.0999984741211,425200.0
2016-10-28,98.36000061035156,98.83000183105469,95.22000122070312,96.44999694824219,302600.0
2016-10-31,96.94999694824219,97.41000366210938,95.66000366210938,96.8499984741211,449000.0
2016-11-01,96.63999938964844,97.16000366210938,94.95999908447266,96.41999816894531,520700.0
2016-11-02,93.12000274658203,93.12000274658203,86.62000274658203,90.01000213623047,1681900.0
2016-11-03,89.76000213623047,90.98999786376953,87.83000183105469,88.6500015258789,1050600.0
2016-11-04,88.79000091552734,91.33000183105469,88.52999877929688,90.75,754500.0
2016-11-07,92.91999816894531,94.05000305175781,92.01000213623047,92.4800033569336,741000.0
2016-11-08,92.33000183105469,92.77999877929688,89.88999938964844,90.69999694824219,618000.0
2016-11-09,88.9000015258789,92.5199966430664,87.55999755859375,91.27999877929688,914400.0
2016-11-10,92.29000091552734,94.30000305175781,92.12000274658203,92.94999694824219,507000.0
2016-11-11,92.91999816894531,94.36000061035156,92.26000213623047,94.08999633789062,541600.0
2016-11-14,94.0,97.11000061035156,94.0,96.91999816894531,505300.0
2016-11-15,96.62999725341797,97.6500015258789,95.79000091552734,97.54000091552734,350100.0
2016-11-16,96.19000244140625,97.5199966430664,95.94999694824219,96.5,433500.0
2016-11-17,96.63999938964844,98.5999984741211,96.05000305175781,98.37999725341797,322600.0
2016-11-18,98.3499984741211,100.63999938964844,97.86000061035156,100.0,360500.0
2016-11-21,100.69000244140625,101.69000244140625,100.08999633789062,100.76000213623047,358700.0
2016-11-22,101.27999877929688,102.9000015258789,100.9000015258789,102.4800033569336,486100.0
2016-11-23,100.7699966430664,101.9800033569336,99.75,100.04000091552734,476500.0
2016-11-25,100.55000305175781,100.69999694824219,99.95999908447266,100.19000244140625,128700.0
2016-11-28,99.61000061035156,101.79000091552734,99.52999877929688,100.0,617500.0
2016-11-29,100.18000030517578,101.9000015258789,100.18000030517578,101.25,275100.0
2016-11-30,100.9800033569336,101.87000274658203,100.2699966430664,101.27999877929688,379400.0
2016-12-01,101.4800033569336,102.26000213623047,100.23999786376953,100.55999755859375,381400.0
2016-12-02,100.69999694824219,101.7300033569336,100.11000061035156,100.54000091552734,340000.0
2016-12-05,101.18000030517578,102.05000305175781,100.73999786376953,100.9000015258789,399000.0
2016-12-06,101.54000091552734,102.7699966430664,100.04000091552734,102.41000366210938,460300.0
2016-12-07,102.83000183105469,103.70999908447266,102.19999694824219,103.44000244140625,348500.0
2016-12-08,103.22000122070312,106.19000244140625,102.76000213623047,104.94000244140625,453900.0
2016-12-09,105.05000305175781,106.08000183105469,104.51000213623047,106.0199966430664,207500.0
2016-12-12,105.48999786376953,106.2300033569336,103.37000274658203,104.30999755859375,250300.0
2016-12-13,102.52999877929688,104.75,102.19999694824219,103.12999725341797,269200.0
2016-12-14,102.97000122070312,103.01000213623047,100.44999694824219,100.8499984741211,449800.0
2016-12-15,101.4000015258789,102.05999755859375,100.58999633789062,101.22000122070312,575600.0
2016-12-16,102.01000213623047,102.08999633789062,100.0,100.44999694824219,1390900.0
2016-12-19,100.66999816894531,101.95999908447266,100.29000091552734,100.95999908447266,328300.0
2016-12-20,100.80000305175781,103.4000015258789,100.73999786376953,102.55999755859375,285000.0
2016-12-21,102.16999816894531,102.87999725341797,101.5199966430664,101.91999816894531,162200.0
2016-12-22,102.2300033569336,102.86000061035156,101.22000122070312,101.98999786376953,268300.0
2016-12-23,101.93000030517578,101.93000030517578,100.22000122070312,100.54000091552734,156900.0
2016-12-27,100.77999877929688,102.20999908447266,100.62999725341797,101.19000244140625,205600.0
2016-12-28,101.69999694824219,101.69999694824219,99.87999725341797,100.33999633789062,269000.0
2016-12-29,100.4000015258789,101.19999694824219,99.48999786376953,99.7699966430664,292900.0
2016-12-30,99.83000183105469,101.27999877929688,99.18000030517578,101.04000091552734,207100.0
2017-01-03,102.52999877929688,104.12999725341797,101.88999938964844,102.38999938964844,413300.0
2017-01-04,103.0999984741211,106.43000030517578,103.0,106.13999938964844,464900.0
2017-01-05,105.98999786376953,107.66999816894531,104.9800033569336,107.25,1112800.0
2017-01-06,106.58999633789062,107.01000213623047,105.45999908447266,106.7300033569336,671500.0
2017-01-09,106.5999984741211,106.7699966430664,104.6500015258789,106.63999938964844,611500.0
2017-01-10,106.6500015258789,108.37999725341797,106.33999633789062,106.8499984741211,359100.0
2017-01-11,107.01000213623047,107.37000274658203,106.36000061035156,107.04000091552734,180400.0
2017-01-12,106.73999786376953,107.38999938964844,105.56999969482422,107.31999969482422,251000.0
2017-01-13,107.26000213623047,108.9800033569336,106.61000061035156,106.77999877929688,257300.0
2017-01-17,106.37000274658203,107.18000030517578,102.66999816894531,102.69999694824219,545500.0
2017-01-18,103.1500015258789,103.7300033569336,101.26000213623047,101.4800033569336,294000.0
2017-01-19,101.44000244140625,102.25,99.3499984741211,100.13999938964844,325800.0
2017-01-20,100.4000015258789,101.08000183105469,98.73999786376953,99.75,317200.0
2017-01-23,99.68000030517578,99.68000030517578,97.5999984741211,99.20999908447266,359000.0
2017-01-24,99.55000305175781,101.91999816894531,99.5,101.0999984741211,402200.0
2017-01-25,101.51000213623047,102.91000366210938,101.45999908447266,102.76000213623047,198700.0
2017-01-26,102.77999877929688,104.79000091552734,102.77999877929688,103.37999725341797,249600.0
2017-01-27,103.4800033569336,103.4800033569336,101.63999938964844,102.88999938964844,192400.0
2017-01-30,101.9000015258789,102.01000213623047,99.5199966430664,100.52999877929688,304600.0
2017-01-31,100.54000091552734,103.2300033569336,99.80000305175781,103.02999877929688,429100.0
2017-02-01,103.36000061035156,104.41999816894531,102.48999786376953,103.93000030517578,277600.0
2017-02-02,103.33000183105469,104.5999984741211,102.58000183105469,104.55000305175781,307100.0
2017-02-03,105.81999969482422,106.44999694824219,104.8499984741211,106.26000213623047,261000.0
2017-02-06,105.9000015258789,107.18000030517578,103.56999969482422,103.93000030517578,350000.0
2017-02-07,107.8499984741211,111.06999969482422,105.0,106.66000366210938,1186700.0
2017-02-08,106.08000183105469,107.38999938964844,104.38999938964844,104.5199966430664,604500.0
2017-02-09,104.94999694824219,108.0,104.3499984741211,106.75,403200.0
2017-02-10,106.7300033569336,110.98999786376953,106.61000061035156,108.44999694824219,878700.0
2017-02-13,108.93000030517578,109.51000213623047,107.76000213623047,107.80000305175781,474600.0
2017-02-14,107.83999633789062,114.97000122070312,107.51000213623047,113.93000030517578,875600.0
2017-02-15,113.12000274658203,114.44999694824219,112.61000061035156,113.6500015258789,422100.0
2017-02-16,113.66999816894531,115.75,113.66999816894531,115.23999786376953,507800.0
2017-02-17,114.95999908447266,117.08999633789062,114.95999908447266,116.27999877929688,291000.0
2017-02-21,116.27999877929688,117.76000213623047,115.36000061035156,116.16000366210938,330000.0
2017-02-22,116.12999725341797,116.36000061035156,115.11000061035156,115.63999938964844,175000.0
2017-02-23,116.1500015258789,116.33999633789062,114.5,115.62000274658203,239000.0
2017-02-24,114.2300033569336,115.72000122070312,113.47000122070312,113.93000030517578,221100.0
2017-02-27,113.5199966430664,115.29000091552734,113.4800033569336,115.11000061035156,264900.0
2017-02-28,114.56999969482422,115.48999786376953,113.87000274658203,114.69999694824219,455100.0
2017-03-01,115.91000366210938,118.58000183105469,115.91000366210938,117.52999877929688,335300.0
2017-03-02,117.05999755859375,117.79000091552734,116.08999633789062,116.7300033569336,302500.0
2017-03-03,116.25,116.7300033569336,115.25,116.41000366210938,189100.0
2017-03-06,115.6500015258789,115.94999694824219,113.76000213623047,114.70999908447266,247900.0
2017-03-07,114.1500015258789,115.41999816894531,113.87999725341797,115.29000091552734,203200.0
2017-03-08,115.47000122070312,116.48999786376953,115.16999816894531,116.04000091552734,230200.0
2017-03-09,115.7699966430664,117.33000183105469,114.8499984741211,115.02999877929688,204200.0
2017-03-10,116.51000213623047,116.51000213623047,114.51000213623047,114.87999725341797,209200.0
2017-03-13,115.22000122070312,115.26000213623047,113.08999633789062,113.25,214500.0
2017-03-14,112.70999908447266,112.76000213623047,110.7300033569336,110.98999786376953,236900.0
2017-03-15,111.80999755859375,111.80999755859375,110.51000213623047,110.91000366210938,442900.0
2017-03-16,111.79000091552734,111.98999786376953,110.9000015258789,111.44000244140625,333900.0
2017-03-17,111.63999938964844,111.66000366210938,110.55000305175781,110.6500015258789,381200.0
2017-03-20,110.70999908447266,110.95999908447266,108.2300033569336,108.8499984741211,217100.0
2017-03-21,108.97000122070312,109.88999938964844,107.13999938964844,107.80000305175781,280500.0
2017-03-22,107.23999786376953,107.58000183105469,106.16999816894531,106.93000030517578,192900.0
2017-03-23,106.7300033569336,108.6500015258789,106.7300033569336,107.93000030517578,210100.0
2017-03-24,109.33999633789062,111.4000015258789,108.5,109.06999969482422,402800.0
2017-03-27,107.70999908447266,107.97000122070312,105.20999908447266,105.33999633789062,361200.0
2017-03-28,105.33000183105469,106.83000183105469,104.29000091552734,106.5199966430664,529000.0
2017-03-29,106.44000244140625,107.75,105.97000122070312,107.62000274658203,184900.0
2017-03-30,107.41000366210938,110.20999908447266,107.37000274658203,110.1500015258789,293400.0
2017-03-31,109.69000244140625,111.80999755859375,109.08999633789062,111.44999694824219,333100.0
2017-04-03,111.25,111.9800033569336,108.43000030517578,108.9800033569336,414000.0
2017-04-04,108.0,108.80000305175781,104.25,104.63999938964844,460200.0
2017-04-05,105.11000061035156,106.05999755859375,102.5199966430664,102.62000274658203,302200.0
2017-04-06,102.62999725341797,104.63999938964844,101.83000183105469,104.51000213623047,343800.0
2017-04-07,104.2699966430664,105.30999755859375,103.58000183105469,105.12999725341797,226600.0
2017-04-10,107.02999877929688,107.66000366210938,105.25,105.55999755859375,472400.0
2017-04-11,105.37000274658203,105.80999755859375,104.1500015258789,105.76000213623047,649500.0
2017-04-12,105.72000122070312,105.94000244140625,104.6500015258789,105.2300033569336,312500.0
2017-04-13,105.18000030517578,105.91000366210938,104.20999908447266,105.30999755859375,366600.0
2017-04-17,105.41999816894531,106.81999969482422,105.1500015258789,106.81999969482422,207800.0
2017-04-18,106.02999877929688,106.8499984741211,105.12999725341797,106.58999633789062,227000.0
2017-04-19,106.87000274658203,109.5999984741211,106.86000061035156,108.44000244140625,266800.0
2017-04-20,108.83999633789062,111.37999725341797,108.83999633789062,110.91000366210938,299900.0
2017-04-21,110.88999938964844,112.31999969482422,109.98999786376953,111.80999755859375,287100.0
2017-04-24,113.30000305175781,115.0,111.33999633789062,111.58000183105469,314000.0
2017-04-25,112.30000305175781,113.45999908447266,111.41999816894531,111.43000030517578,195600.0
2017-04-26,111.11000061035156,112.4000015258789,110.37000274658203,111.04000091552734,212300.0
2017-04-27,112.05000305175781,116.58999633789062,112.05000305175781,115.37000274658203,446400.0
2017-04-28,115.41999816894531,115.9800033569336,113.58999633789062,114.86000061035156,293300.0
2017-05-01,115.41999816894531,117.62000274658203,114.69000244140625,116.54000091552734,218600.0
2017-05-02,116.47000122070312,117.23999786376953,115.01000213623047,115.83000183105469,197600.0
2017-05-03,116.06999969482422,116.06999969482422,113.4000015258789,114.5999984741211,321700.0
2017-05-04,115.19999694824219,116.61000061035156,114.05000305175781,116.47000122070312,340700.0
2017-05-05,118.0,126.80000305175781,118.0,125.20999908447266,658900.0
2017-05-08,125.02999877929688,125.02999877929688,121.44000244140625,121.98999786376953,479800.0
2017-05-09,122.04000091552734,123.98999786376953,120.5999984741211,121.08999633789062,242100.0
2017-05-10,120.66999816894531,121.37000274658203,119.8499984741211,120.0999984741211,294800.0
2017-05-11,119.26000213623047,120.19999694824219,116.31999969482422,116.69999694824219,332800.0
2017-05-12,116.2300033569336,116.5999984741211,114.80000305175781,115.41000366210938,384800.0
2017-05-15,115.44000244140625,115.87000274658203,114.08999633789062,114.62000274658203,368800.0
2017-05-16,114.36000061035156,114.52999877929688,113.04000091552734,113.30000305175781,301600.0
2017-05-17,113.30000305175781,113.31999969482422,110.41000366210938,111.31999969482422,443200.0
2017-05-18,111.0,111.83000183105469,110.52999877929688,110.54000091552734,135300.0
2017-05-19,110.69999694824219,112.38999938964844,110.1500015258789,112.0999984741211,194700.0
2017-05-22,112.73999786376953,113.72000122070312,111.66000366210938,113.45999908447266,196100.0
2017-05-23,114.44000244140625,114.44000244140625,112.63999938964844,113.4800033569336,164800.0
2017-05-24,113.43000030517578,114.93000030517578,113.41999816894531,114.69999694824219,151400.0
2017-05-25,115.37000274658203,115.44000244140625,114.30000305175781,114.54000091552734,260800.0
2017-05-26,114.5199966430664,115.0,113.94000244140625,114.5199966430664,155000.0
2017-05-30,113.88999938964844,115.2699966430664,113.69999694824219,114.4800033569336,316800.0
2017-05-31,114.4000015258789,115.73999786376953,112.91000366210938,115.47000122070312,406100.0
2017-06-01,116.88999938964844,118.3499984741211,115.95999908447266,118.0,176800.0
2017-06-02,118.20999908447266,118.7699966430664,117.2300033569336,117.2699966430664,140100.0
2017-06-05,117.30000305175781,117.91999816894531,116.02999877929688,116.26000213623047,207100.0
2017-06-06,115.13999938964844,116.13999938964844,114.54000091552734,115.55000305175781,194100.0
2017-06-07,115.55000305175781,116.97000122070312,115.4800033569336,116.6500015258789,198200.0
2017-06-08,116.30000305175781,118.26000213623047,116.22000122070312,117.94000244140625,195500.0
2017-06-09,119.33000183105469,120.87000274658203,118.58999633789062,120.43000030517578,365300.0
2017-06-12,120.0199966430664,120.91999816894531,119.6500015258789,120.41000366210938,366600.0
2017-06-13,120.94000244140625,120.94000244140625,119.38999938964844,120.18000030517578,335600.0
2017-06-14,120.30999755859375,120.54000091552734,118.41000366210938,120.2300033569336,268500.0
2017-06-15,120.0,120.44999694824219,119.2300033569336,119.94999694824219,282900.0
2017-06-16,120.12999725341797,120.55999755859375,119.2699966430664,120.31999969482422,634100.0
2017-06-19,120.41999816894531,120.75,119.08000183105469,120.19000244140625,274100.0
2017-06-20,120.12999725341797,120.16999816894531,119.08000183105469,119.5999984741211,144300.0
2017-06-21,119.37999725341797,119.62000274658203,118.41999816894531,119.0,157100.0
2017-06-22,119.37999725341797,119.37999725341797,117.20999908447266,118.47000122070312,206100.0
2017-06-23,118.6500015258789,118.80000305175781,117.69000244140625,118.5199966430664,277000.0
2017-06-26,119.08999633789062,121.43000030517578,118.11000061035156,120.62000274658203,301500.0
2017-06-27,120.55999755859375,121.94000244140625,120.11000061035156,121.48999786376953,254100.0
2017-06-28,121.66000366210938,123.51000213623047,121.55000305175781,123.33999633789062,152400.0
2017-06-29,123.9800033569336,124.3499984741211,122.94000244140625,123.69999694824219,435900.0
2017-06-30,124.04000091552734,125.0,122.7300033569336,125.0,412900.0
2017-07-03,125.45999908447266,125.98999786376953,124.3499984741211,125.0199966430664,175000.0
2017-07-05,124.66000366210938,127.69999694824219,123.0199966430664,125.80000305175781,388100.0
2017-07-06,124.75,126.19999694824219,122.83000183105469,122.94999694824219,423700.0
2017-07-07,123.63999938964844,126.37999725341797,122.7300033569336,126.19000244140625,207700.0
2017-07-10,126.2300033569336,127.12999725341797,125.31999969482422,126.56999969482422,241300.0
2017-07-11,126.83999633789062,126.83999633789062,124.91000366210938,125.69000244140625,658400.0
2017-07-12,126.58000183105469,127.2300033569336,125.88999938964844,125.97000122070312,301500.0
2017-07-13,126.36000061035156,126.70999908447266,125.56999969482422,126.11000061035156,269900.0
2017-07-14,125.80000305175781,127.93000030517578,125.05000305175781,127.11000061035156,158500.0
2017-07-17,127.0999984741211,127.80000305175781,125.02999877929688,125.19999694824219,237400.0
2017-07-18,124.63999938964844,125.7699966430664,123.83999633789062,125.47000122070312,291200.0
2017-07-19,126.05999755859375,128.6300048828125,125.55999755859375,128.44000244140625,206000.0
2017-07-20,128.72000122070312,129.75999450683594,126.30000305175781,129.02000427246094,140300.0
2017-07-21,128.5800018310547,130.72000122070312,128.5800018310547,130.69000244140625,336100.0
2017-07-24,130.7100067138672,132.57000732421875,130.2899932861328,132.4199981689453,395000.0
2017-07-25,133.5800018310547,134.75999450683594,132.61000061035156,132.8699951171875,394800.0
2017-07-26,132.38999938964844,132.38999938964844,128.7100067138672,128.72999572753906,240500.0
2017-07-27,128.64999389648438,129.74000549316406,126.0,126.7300033569336,213700.0
2017-07-28,126.7300033569336,127.25,125.38999938964844,126.94000244140625,131100.0
2017-07-31,127.13999938964844,128.02999877929688,126.30999755859375,127.22000122070312,187300.0
2017-08-01,127.94999694824219,128.5,125.9000015258789,126.41999816894531,320700.0
2017-08-02,130.0,132.64999389648438,125.69999694824219,128.3800048828125,488100.0
2017-08-03,128.4499969482422,129.00999450683594,124.33999633789062,124.63999938964844,299900.0
2017-08-04,125.5199966430664,125.77999877929688,123.95999908447266,125.08000183105469,172400.0
2017-08-07,124.88999938964844,125.30000305175781,124.19999694824219,124.95999908447266,120000.0
2017-08-08,124.9000015258789,125.4800033569336,123.77999877929688,124.79000091552734,205700.0
2017-08-09,123.94000244140625,125.30000305175781,123.33000183105469,125.13999938964844,127100.0
2017-08-10,124.0199966430664,124.29000091552734,121.04000091552734,121.30999755859375,225900.0
2017-08-11,120.62999725341797,121.30000305175781,119.5199966430664,120.68000030517578,159200.0
2017-08-14,121.97000122070312,124.04000091552734,121.56999969482422,122.83000183105469,305700.0
2017-08-15,123.06999969482422,124.70999908447266,121.61000061035156,123.94999694824219,167400.0
2017-08-16,124.20999908447266,125.33000183105469,121.70999908447266,122.12999725341797,180700.0
2017-08-17,121.31999969482422,121.7300033569336,116.5199966430664,116.69999694824219,267300.0
2017-08-18,115.87000274658203,117.38999938964844,115.70999908447266,116.94999694824219,198400.0
2017-08-21,116.93000030517578,119.5199966430664,116.4800033569336,119.33999633789062,227800.0
2017-08-22,119.9800033569336,121.16000366210938,119.58999633789062,121.0,207900.0
2017-08-23,119.79000091552734,120.5,118.08999633789062,119.63999938964844,155100.0
2017-08-24,119.83000183105469,120.97000122070312,119.70999908447266,120.19999694824219,228300.0
2017-08-25,120.80000305175781,121.04000091552734,119.30999755859375,119.4000015258789,82800.0
2017-08-28,120.0,120.87000274658203,119.41999816894531,120.86000061035156,106100.0
2017-08-29,119.7300033569336,120.62000274658203,119.4800033569336,119.61000061035156,95600.0
2017-08-30,119.58999633789062,120.72000122070312,119.3499984741211,120.43000030517578,92600.0
2017-08-31,120.80000305175781,122.16999816894531,120.5,121.91000366210938,214900.0
2017-09-01,121.91999816894531,123.26000213623047,121.45999908447266,122.66999816894531,117800.0
2017-09-05,122.0,122.62000274658203,119.0999984741211,120.23999786376953,140400.0
2017-09-06,120.70999908447266,120.95999908447266,119.11000061035156,119.33999633789062,157900.0
2017-09-07,119.51000213623047,120.69999694824219,118.9000015258789,120.0199966430664,174600.0
2017-09-08,120.18000030517578,121.01000213623047,119.08999633789062,120.26000213623047,138200.0
2017-09-11,121.27999877929688,123.20999908447266,121.0199966430664,121.98999786376953,193300.0
2017-09-12,122.13999938964844,123.44999694824219,121.19000244140625,122.75,215000.0
2017-09-13,122.76000213623047,123.01000213623047,121.37999725341797,122.18000030517578,206600.0
2017-09-14,121.68000030517578,121.86000061035156,120.38999938964844,120.77999877929688,381300.0
2017-09-15,120.70999908447266,121.18000030517578,118.7300033569336,120.69999694824219,370800.0
2017-09-18,120.81999969482422,121.30999755859375,120.2300033569336,120.73999786376953,214900.0
2017-09-19,120.43000030517578,121.05999755859375,120.37999725341797,120.73999786376953,146600.0
2017-09-20,120.43000030517578,121.5999984741211,120.43000030517578,121.05000305175781,156300.0
2017-09-21,120.6500015258789,121.5199966430664,120.12000274658203,121.0,160200.0
2017-09-22,120.58000183105469,122.29000091552734,120.58000183105469,122.02999877929688,160800.0
2017-09-25,122.08999633789062,123.87999725341797,121.83999633789062,123.4000015258789,133700.0
2017-09-26,124.01000213623047,126.13999938964844,123.51000213623047,124.80000305175781,127000.0
2017-09-27,125.5199966430664,125.7300033569336,123.06999969482422,125.23999786376953,143400.0
2017-09-28,125.08999633789062,125.45999908447266,123.83000183105469,124.23999786376953,129200.0
2017-09-29,124.52999877929688,125.08999633789062,123.20999908447266,123.5,132800.0
2017-10-02,123.45999908447266,127.23999786376953,123.18000030517578,126.83999633789062,285900.0
2017-10-03,126.66000366210938,127.62999725341797,126.31999969482422,127.25,97700.0
2017-10-04,127.19999694824219,127.83999633789062,126.69999694824219,127.5,70800.0
2017-10-05,127.66999816894531,129.41000366210938,127.66999816894531,128.55999755859375,144000.0
2017-10-06,128.3800048828125,128.7899932861328,127.44000244140625,128.6199951171875,99700.0
2017-10-09,128.0,128.8000030517578,126.87000274658203,128.58999633789062,92900.0
2017-10-10,129.1699981689453,130.89999389648438,128.85000610351562,130.86000061035156,182900.0
2017-10-11,130.22000122070312,132.0399932861328,130.1999969482422,131.24000549316406,246800.0
2017-10-12,130.77999877929688,132.38999938964844,130.27999877929688,130.9199981689453,270300.0
2017-10-13,131.17999267578125,132.6300048828125,131.02999877929688,131.52999877929688,361400.0
2017-10-16,131.66000366210938,132.0399932861328,130.8300018310547,131.30999755859375,154900.0
2017-10-17,131.32000732421875,131.9499969482422,130.1300048828125,130.5399932861328,301000.0
2017-10-18,131.0,132.5399932861328,130.5,131.75,222400.0
2017-10-19,130.7899932861328,131.66000366210938,130.0,131.66000366210938,250600.0
2017-10-20,132.41000366210938,133.07000732421875,130.39999389648438,130.63999938964844,186700.0
2017-10-23,130.5500030517578,130.80999755859375,128.47999572753906,129.49000549316406,209100.0
2017-10-24,129.9600067138672,129.9600067138672,126.48999786376953,128.49000549316406,393900.0
2017-10-25,128.63999938964844,128.63999938964844,125.0199966430664,125.87999725341797,333800.0
2017-10-26,126.33999633789062,128.32000732421875,125.31999969482422,128.02000427246094,237400.0
2017-10-27,128.35000610351562,128.35000610351562,125.6500015258789,127.37000274658203,180500.0
2017-10-30,126.06999969482422,127.37000274658203,125.80000305175781,126.63999938964844,188700.0
2017-10-31,126.68000030517578,129.6999969482422,126.05999755859375,129.49000549316406,229200.0
2017-11-01,130.0,131.35000610351562,128.86000061035156,130.8000030517578,201700.0
2017-11-02,129.74000549316406,130.80999755859375,128.6999969482422,129.11000061035156,291900.0
2017-11-03,129.47999572753906,133.57000732421875,129.47999572753906,133.5,422100.0
2017-11-06,139.0,140.99000549316406,134.94000244140625,138.97000122070312,512800.0
2017-11-07,139.5500030517578,144.69000244140625,138.5500030517578,142.5,673000.0
2017-11-08,142.8699951171875,146.9600067138672,142.52999877929688,144.49000549316406,362600.0
2017-11-09,143.1699981689453,145.63999938964844,142.72000122070312,145.25,376300.0
2017-11-10,145.25,146.64999389648438,144.3000030517578,145.75999450683594,237200.0
2017-11-13,144.33999633789062,148.4600067138672,144.33999633789062,148.16000366210938,288200.0
2017-11-14,148.07000732421875,151.1300048828125,146.22000122070312,150.11000061035156,266700.0
2017-11-15,147.6999969482422,151.1300048828125,145.85000610351562,150.24000549316406,431400.0
2017-11-16,151.66000366210938,155.25,151.55999755859375,153.02999877929688,533600.0
2017-11-17,152.0800018310547,153.11000061035156,150.4600067138672,150.8699951171875,420600.0
2017-11-20,150.97000122070312,152.66000366210938,150.19000244140625,150.5,369300.0
2017-11-21,151.27000427246094,151.47000122070312,150.02000427246094,150.22999572753906,556300.0
2017-11-22,150.2100067138672,150.6999969482422,147.88999938964844,148.80999755859375,466600.0
2017-11-24,148.89999389648438,150.3699951171875,148.16000366210938,150.1699981689453,201000.0
2017-11-27,149.88999938964844,150.38999938964844,148.3800048828125,148.88999938964844,259700.0
2017-11-28,149.25,151.97000122070312,148.52999877929688,151.97000122070312,339700.0
2017-11-29,152.42999267578125,153.0399932861328,151.27999877929688,151.66000366210938,371600.0
2017-11-30,152.19000244140625,154.3699951171875,151.7899932861328,152.49000549316406,419100.0
2017-12-01,152.19000244140625,153.32000732421875,148.44000244140625,152.05999755859375,237700.0
2017-12-04,153.3699951171875,154.24000549316406,150.85000610351562,150.92999267578125,308200.0
2017-12-05,151.0,153.82000732421875,150.72000122070312,152.2100067138672,402800.0
2017-12-06,152.14999389648438,152.14999389648438,148.19000244140625,149.4499969482422,441100.0
2017-12-07,148.8800048828125,153.77000427246094,148.8800048828125,152.6999969482422,391000.0
2017-12-08,153.25999450683594,153.25999450683594,149.72999572753906,150.08999633789062,268200.0
2017-12-11,150.47000122070312,151.17999267578125,148.6999969482422,149.1999969482422,251100.0
2017-12-12,148.86000061035156,150.86000061035156,148.2899932861328,149.75999450683594,348400.0
2017-12-13,150.1300048828125,151.99000549316406,148.14999389648438,148.5,251400.0
2017-12-14,148.6300048828125,149.60000610351562,144.9600067138672,145.47999572753906,414400.0
2017-12-15,146.75999450683594,148.99000549316406,145.1999969482422,148.47999572753906,887200.0
2017-12-18,149.8300018310547,151.11000061035156,148.6199951171875,150.8300018310547,258300.0
2017-12-19,150.8000030517578,150.8000030517578,146.13999938964844,146.8699951171875,260500.0
2017-12-20,149.16000366210938,151.02000427246094,146.57000732421875,148.39999389648438,267900.0
2017-12-21,149.10000610351562,150.47999572753906,148.91000366210938,149.27000427246094,217100.0
2017-12-22,150.0800018310547,150.3800048828125,147.22000122070312,149.57000732421875,208000.0
2017-12-26,149.57000732421875,150.42999267578125,149.1199951171875,150.02000427246094,98400.0
2017-12-27,150.1199951171875,151.41000366210938,149.77000427246094,150.32000732421875,136900.0
2017-12-28,150.25999450683594,150.89999389648438,149.27000427246094,150.6300048828125,204600.0
2017-12-29,150.92999267578125,150.92999267578125,148.6999969482422,148.92999267578125,155400.0
2018-01-02,149.30999755859375,154.50999450683594,149.19000244140625,153.94000244140625,394700.0
2018-01-03,153.94000244140625,154.9199981689453,152.74000549316406,154.7100067138672,303300.0
2018-01-04,155.0,155.52000427246094,153.39999389648438,153.5399932861328,220400.0
2018-01-05,154.5800018310547,154.64999389648438,153.30999755859375,154.4600067138672,164800.0
2018-01-08,154.0399932861328,155.6300048828125,153.0,154.64999389648438,248900.0
2018-01-09,154.77000427246094,155.88999938964844,153.72999572753906,153.89999389648438,185600.0
2018-01-10,153.60000610351562,154.72999572753906,151.60000610351562,152.55999755859375,189700.0
2018-01-11,152.7100067138672,155.27000427246094,152.2899932861328,154.4499969482422,188000.0
2018-01-12,154.6999969482422,154.97000122070312,153.10000610351562,153.8699951171875,112800.0
2018-01-16,155.0,155.30999755859375,151.55999755859375,151.75999450683594,186400.0
2018-01-17,152.5500030517578,154.94000244140625,152.32000732421875,153.77000427246094,187300.0
2018-01-18,153.4600067138672,154.10000610351562,152.1300048828125,152.57000732421875,217600.0
2018-01-19,153.0,155.39999389648438,153.0,155.1699981689453,185400.0
2018-01-22,154.5,156.07000732421875,154.1999969482422,155.85000610351562,159900.0
2018-01-23,155.5399932861328,156.5399932861328,153.77999877929688,156.13999938964844,163100.0
2018-01-24,154.50999450683594,155.6199951171875,152.25,153.58999633789062,261200.0
2018-01-25,154.32000732421875,156.6999969482422,154.32000732421875,156.3800048828125,230800.0
2018-01-26,157.1999969482422,157.69000244140625,154.66000366210938,157.39999389648438,117300.0
2018-01-29,157.39999389648438,158.82000732421875,156.67999267578125,157.22000122070312,188300.0
2018-01-30,155.44000244140625,157.2100067138672,152.57000732421875,156.6199951171875,246600.0
2018-01-31,157.74000549316406,157.92999267578125,154.8699951171875,156.35000610351562,308400.0
2018-02-01,155.25999450683594,157.47000122070312,154.47000122070312,157.41000366210938,234300.0
2018-02-02,156.75999450683594,156.75999450683594,150.08999633789062,151.6699981689453,288600.0
2018-02-05,149.9199981689453,151.22999572753906,144.8800048828125,146.05999755859375,408800.0
2018-02-06,142.91000366210938,148.77999877929688,142.32000732421875,146.5399932861328,461200.0
2018-02-07,152.0,154.13999938964844,148.47999572753906,151.49000549316406,494900.0
2018-02-08,152.5800018310547,156.3300018310547,150.58999633789062,150.7100067138672,710800.0
2018-02-09,152.77000427246094,152.77000427246094,145.17999267578125,150.22000122070312,529600.0
2018-02-12,151.7100067138672,153.74000549316406,148.9600067138672,151.97000122070312,426100.0
2018-02-13,151.25999450683594,154.47000122070312,150.5399932861328,153.99000549316406,321600.0
2018-02-14,152.91000366210938,160.11000061035156,152.52000427246094,159.66000366210938,670700.0
2018-02-15,160.47999572753906,160.69000244140625,157.57000732421875,158.4499969482422,315100.0
2018-02-16,158.05999755859375,160.33999633789062,157.35000610351562,158.22999572753906,482000.0
2018-02-20,157.35000610351562,159.83999633789062,157.35000610351562,159.44000244140625,310500.0
2018-02-21,159.6199951171875,162.66000366210938,159.1199951171875,159.1999969482422,327800.0
2018-02-22,159.5800018310547,162.8800048828125,158.50999450683594,159.10000610351562,283000.0
2018-02-23,159.61000061035156,160.3300018310547,158.94000244140625,160.0,323200.0
2018-02-26,160.16000366210938,163.44000244140625,159.8000030517578,163.27000427246094,318500.0
2018-02-27,163.66000366210938,165.41000366210938,161.32000732421875,161.47000122070312,327100.0
2018-02-28,162.5,164.41000366210938,160.5399932861328,160.61000061035156,390200.0
2018-03-01,160.41000366210938,163.52999877929688,160.2899932861328,161.9199981689453,314200.0
2018-03-02,160.02999877929688,161.24000549316406,157.86000061035156,160.80999755859375,280000.0
2018-03-05,160.0,164.74000549316406,160.0,163.91000366210938,400900.0
2018-03-06,165.0,168.75,164.75999450683594,167.58999633789062,339200.0
2018-03-07,165.4199981689453,168.6699981689453,164.1699981689453,168.02000427246094,362000.0
2018-03-08,168.77000427246094,168.83999633789062,167.0500030517578,168.8300018310547,177800.0
2018-03-09,170.0,173.22999572753906,169.75,171.67999267578125,331800.0
2018-03-12,171.2899932861328,172.49000549316406,170.35000610351562,171.3699951171875,365400.0
2018-03-13,171.58999633789062,173.91000366210938,171.24000549316406,173.02999877929688,364100.0
2018-03-14,173.77000427246094,173.94000244140625,171.8000030517578,171.85000610351562,357000.0
2018-03-15,172.60000610351562,173.72000122070312,171.25999450683594,172.64999389648438,369700.0
2018-03-16,172.99000549316406,174.55999755859375,172.75999450683594,174.07000732421875,431100.0
2018-03-19,173.75999450683594,175.19000244140625,172.1999969482422,174.75999450683594,303900.0
2018-03-20,174.75999450683594,178.0399932861328,174.75999450683594,177.3000030517578,414300.0
2018-03-21,176.82000732421875,178.75,176.24000549316406,176.6699981689453,241300.0
2018-03-22,174.80999755859375,178.42999267578125,172.6300048828125,172.83999633789062,802300.0
2018-03-23,172.3000030517578,173.0,167.38999938964844,167.80999755859375,373100.0
2018-03-26,170.0500030517578,174.52999877929688,168.50999450683594,174.36000061035156,291700.0
2018-03-27,176.30999755859375,177.4600067138672,173.55999755859375,174.30999755859375,449800.0
2018-03-28,174.49000549316406,175.77000427246094,172.17999267578125,173.44000244140625,327800.0
2018-03-29,174.67999267578125,175.19000244140625,172.72999572753906,174.63999938964844,339200.0
2018-04-02,174.38999938964844,175.39999389648438,169.25999450683594,171.24000549316406,427900.0
2018-04-03,172.02999877929688,173.39999389648438,168.63999938964844,171.19000244140625,550600.0
2018-04-04,168.60000610351562,173.66000366210938,165.67999267578125,173.17999267578125,479100.0
2018-04-05,174.5800018310547,175.0,173.0500030517578,174.17999267578125,346700.0
2018-04-06,172.47999572753906,174.5800018310547,170.6199951171875,171.33999633789062,377800.0
2018-04-09,172.14999389648438,174.9499969482422,171.58999633789062,173.0,258400.0
2018-04-10,175.72000122070312,177.42999267578125,174.5,175.0,399300.0
2018-04-11,173.4600067138672,175.9499969482422,172.8300018310547,173.55999755859375,341400.0
2018-04-12,174.64999389648438,174.83999633789062,173.25999450683594,173.5,477100.0
2018-04-13,174.0500030517578,175.02000427246094,170.82000732421875,171.80999755859375,241900.0
2018-04-16,173.11000061035156,174.0800018310547,172.24000549316406,173.1199951171875,418500.0
2018-04-17,174.55999755859375,175.36000061035156,172.67999267578125,173.86000061035156,449900.0
2018-04-18,174.8000030517578,176.02000427246094,173.14999389648438,174.86000061035156,390300.0
2018-04-19,174.5500030517578,176.6300048828125,174.13999938964844,175.97000122070312,239700.0
2018-04-20,176.27000427246094,176.99000549316406,175.22000122070312,175.47000122070312,322500.0
2018-04-23,176.13999938964844,176.5,173.19000244140625,173.74000549316406,280000.0
2018-04-24,175.0800018310547,175.47000122070312,171.75999450683594,172.94000244140625,224200.0
2018-04-25,172.50999450683594,172.82000732421875,168.35000610351562,169.0500030517578,442200.0
2018-04-26,169.4600067138672,170.55999755859375,168.27999877929688,169.17999267578125,328400.0
2018-04-27,169.35000610351562,170.1999969482422,168.22000122070312,169.05999755859375,156800.0
2018-04-30,169.57000732421875,171.9600067138672,169.02999877929688,169.50999450683594,321900.0
2018-05-01,169.30999755859375,171.92999267578125,169.02999877929688,171.77999877929688,341700.0
2018-05-02,171.8000030517578,173.19000244140625,170.85000610351562,171.0800018310547,535200.0
2018-05-03,170.47999572753906,171.7100067138672,167.7899932861328,169.7899932861328,305500.0
2018-05-04,168.92999267578125,172.52999877929688,168.92999267578125,171.6699981689453,349100.0
2018-05-07,172.30999755859375,172.61000061035156,169.08999633789062,170.41000366210938,632900.0
2018-05-08,172.97000122070312,177.02000427246094,171.44000244140625,176.42999267578125,872300.0
2018-05-09,176.89999389648438,176.89999389648438,172.74000549316406,173.02999877929688,540300.0
2018-05-10,173.50999450683594,174.75999450683594,172.2100067138672,172.4199981689453,287900.0
2018-05-11,172.32000732421875,172.9600067138672,169.85000610351562,170.77000427246094,359600.0
2018-05-14,171.2899932861328,171.47000122070312,169.05999755859375,169.3699951171875,352100.0
2018-05-15,169.0800018310547,169.6300048828125,167.1300048828125,167.8300018310547,556100.0
2018-05-16,168.4499969482422,170.33999633789062,167.4600067138672,169.4199981689453,350200.0
2018-05-17,168.80999755859375,169.97000122070312,167.57000732421875,168.80999755859375,362600.0
2018-05-18,169.02999877929688,170.39999389648438,168.1300048828125,169.72000122070312,193400.0
2018-05-21,171.02000427246094,171.86000061035156,170.1699981689453,171.6300048828125,337100.0
2018-05-22,171.6999969482422,171.6999969482422,169.5,170.16000366210938,378000.0
2018-05-23,169.22999572753906,171.1699981689453,169.10000610351562,170.9499969482422,206300.0
2018-05-24,170.44000244140625,171.35000610351562,169.94000244140625,171.16000366210938,318900.0
2018-05-25,170.88999938964844,171.3800048828125,169.5500030517578,170.07000732421875,214400.0
2018-05-29,169.0,169.11000061035156,163.36000061035156,163.41000366210938,457500.0
2018-05-30,164.42999267578125,165.47000122070312,163.5500030517578,164.38999938964844,587700.0
2018-05-31,164.80999755859375,165.3000030517578,162.52000427246094,163.75999450683594,781300.0
2018-06-01,165.14999389648438,165.14999389648438,162.0399932861328,163.22000122070312,296000.0
2018-06-04,164.1999969482422,164.97999572753906,162.83999633789062,164.9499969482422,238500.0
2018-06-05,164.77999877929688,166.82000732421875,164.50999450683594,166.77999877929688,638100.0
2018-06-06,167.0500030517578,168.27000427246094,165.6199951171875,168.14999389648438,271900.0
2018-06-07,168.49000549316406,169.5,166.2100067138672,167.91000366210938,363000.0
2018-06-08,167.89999389648438,170.92999267578125,167.13999938964844,170.77000427246094,300400.0
2018-06-11,170.86000061035156,171.42999267578125,169.64999389648438,169.97999572753906,374100.0
2018-06-12,170.5500030517578,171.16000366210938,169.97000122070312,170.9499969482422,396500.0
2018-06-13,170.80999755859375,173.66000366210938,169.61000061035156,169.88999938964844,438800.0
2018-06-14,170.36000061035156,170.77999877929688,169.41000366210938,170.5,207600.0
2018-06-15,170.10000610351562,170.10000610351562,166.8800048828125,167.4499969482422,442400.0
2018-06-18,166.47000122070312,167.41000366210938,163.97999572753906,166.77999877929688,536900.0
2018-06-19,165.94000244140625,169.08999633789062,164.8800048828125,169.0399932861328,390300.0
2018-06-20,169.27999877929688,169.94000244140625,168.47000122070312,169.47999572753906,213500.0
2018-06-21,169.5399932861328,171.5800018310547,169.13999938964844,169.8800048828125,274400.0
2018-06-22,170.91000366210938,170.91000366210938,168.6300048828125,168.8300018310547,284500.0
2018-06-25,168.67999267578125,169.39999389648438,163.8800048828125,164.14999389648438,282100.0
2018-06-26,164.22999572753906,165.66000366210938,161.97000122070312,164.8699951171875,386300.0
2018-06-27,165.3800048828125,166.9499969482422,161.97999572753906,162.05999755859375,199500.0
2018-06-28,162.1199951171875,165.02000427246094,161.49000549316406,164.7100067138672,311800.0
2018-06-29,164.8300018310547,167.0,163.13999938964844,165.99000549316406,293200.0
2018-07-02,164.64999389648438,166.77000427246094,162.5399932861328,166.64999389648438,375700.0
2018-07-03,167.17999267578125,168.14999389648438,164.10000610351562,164.10000610351562,191500.0
2018-07-05,164.4199981689453,167.3699951171875,163.5800018310547,167.1999969482422,210100.0
2018-07-06,167.67999267578125,168.97000122070312,167.55999755859375,168.63999938964844,165600.0
2018-07-09,169.63999938964844,171.19000244140625,169.11000061035156,170.92999267578125,250200.0
2018-07-10,171.67999267578125,172.13999938964844,168.27999877929688,169.6699981689453,378700.0
2018-07-11,168.05999755859375,169.3000030517578,164.02000427246094,165.35000610351562,319500.0
2018-07-12,166.3000030517578,167.77999877929688,165.3000030517578,167.57000732421875,143400.0
2018-07-13,167.66000366210938,169.4499969482422,166.41000366210938,166.97000122070312,311800.0
2018-07-16,166.8300018310547,167.19000244140625,165.89999389648438,167.0,185900.0
2018-07-17,166.27000427246094,170.49000549316406,166.27000427246094,170.07000732421875,331400.0
2018-07-18,169.67999267578125,171.41000366210938,168.69000244140625,171.16000366210938,232200.0
2018-07-19,170.99000549316406,173.3000030517578,170.42999267578125,171.50999450683594,209200.0
2018-07-20,171.25999450683594,171.97000122070312,169.0800018310547,169.3000030517578,182400.0
2018-07-23,169.6199951171875,171.10000610351562,168.0,170.52999877929688,231000.0
2018-07-24,171.0800018310547,171.5,167.13999938964844,168.44000244140625,397800.0
2018-07-25,168.4499969482422,169.47000122070312,167.1199951171875,169.19000244140625,227400.0
2018-07-26,168.9199981689453,172.49000549316406,168.0800018310547,172.22999572753906,169700.0
2018-07-27,172.97999572753906,174.4199981689453,171.7100067138672,172.35000610351562,286800.0
2018-07-30,172.74000549316406,172.97000122070312,169.39999389648438,169.64999389648438,185300.0
2018-07-31,170.38999938964844,171.64999389648438,169.91000366210938,171.00999450683594,150900.0
2018-08-01,171.49000549316406,171.94000244140625,168.6999969482422,170.2100067138672,241800.0
2018-08-02,169.07000732421875,169.25999450683594,166.5,167.3300018310547,180300.0
2018-08-03,167.49000549316406,169.27000427246094,166.30999755859375,168.4499969482422,176800.0
2018-08-06,168.41000366210938,170.58999633789062,167.8699951171875,169.41000366210938,206300.0
2018-08-07,168.41000366210938,170.9600067138672,168.41000366210938,170.4199981689453,404300.0
2018-08-08,170.5399932861328,171.22000122070312,154.77999877929688,155.32000732421875,971600.0
2018-08-09,154.27000427246094,156.35000610351562,151.8699951171875,154.88999938964844,589000.0
2018-08-10,153.1999969482422,154.58999633789062,151.30999755859375,151.3800048828125,368100.0
2018-08-13,150.72999572753906,152.10000610351562,147.16000366210938,147.72999572753906,301700.0
2018-08-14,148.58999633789062,152.25999450683594,148.4199981689453,151.97000122070312,364000.0
2018-08-15,150.77000427246094,151.5,148.25,150.4600067138672,252500.0
2018-08-16,151.41000366210938,151.97999572753906,149.63999938964844,150.02999877929688,355000.0
2018-08-17,149.89999389648438,153.83999633789062,149.14999389648438,153.50999450683594,429100.0
2018-08-20,154.22000122070312,154.22000122070312,151.92999267578125,152.1999969482422,313300.0
2018-08-21,152.35000610351562,155.3300018310547,151.97000122070312,154.13999938964844,234600.0
2018-08-22,153.61000061035156,154.64999389648438,152.83999633789062,153.6199951171875,214700.0
2018-08-23,153.52000427246094,153.94000244140625,151.8800048828125,153.52000427246094,353700.0
2018-08-24,153.8000030517578,155.25,153.25999450683594,154.11000061035156,327900.0
2018-08-27,154.94000244140625,156.2899932861328,153.67999267578125,154.64999389648438,157000.0
2018-08-28,155.52000427246094,155.80999755859375,153.42999267578125,154.3000030517578,269100.0
2018-08-29,154.50999450683594,154.50999450683594,152.61000061035156,152.88999938964844,254900.0
2018-08-30,152.17999267578125,154.17999267578125,151.1300048828125,151.9199981689453,168900.0
2018-08-31,151.86000061035156,154.39999389648438,150.9600067138672,152.52000427246094,298800.0
2018-09-04,152.75999450683594,152.75999450683594,149.3300018310547,149.94000244140625,205700.0
2018-09-05,149.58999633789062,150.32000732421875,148.9199981689453,149.11000061035156,196500.0
2018-09-06,149.52000427246094,149.52000427246094,148.08999633789062,148.83999633789062,169700.0
2018-09-07,148.07000732421875,148.39999389648438,143.67999267578125,144.0,254600.0
2018-09-10,144.8800048828125,145.8000030517578,143.11000061035156,144.69000244140625,393700.0
2018-09-11,143.4199981689453,145.14999389648438,143.4199981689453,144.58999633789062,337600.0
2018-09-12,145.10000610351562,145.10000610351562,143.10000610351562,144.42999267578125,258500.0
2018-09-13,145.1999969482422,146.11000061035156,143.74000549316406,144.02000427246094,418500.0
2018-09-14,144.52999877929688,147.25,144.52999877929688,146.4600067138672,404100.0
2018-09-17,146.19000244140625,146.19000244140625,142.4600067138672,143.27000427246094,308000.0
2018-09-18,143.49000549316406,144.8300018310547,143.0500030517578,144.00999450683594,206300.0
2018-09-19,143.52999877929688,144.89999389648438,138.55999755859375,139.80999755859375,427200.0
2018-09-20,141.1199951171875,146.91000366210938,140.49000549316406,146.0,468100.0
2018-09-21,146.58999633789062,146.8300018310547,144.14999389648438,145.4499969482422,582600.0
2018-09-24,144.8699951171875,147.02999877929688,143.9499969482422,146.5500030517578,454300.0
2018-09-25,146.39999389648438,147.07000732421875,140.92999267578125,142.61000061035156,542800.0
2018-09-26,142.3300018310547,146.67999267578125,141.5500030517578,144.88999938964844,582500.0
2018-09-27,144.69000244140625,145.16000366210938,141.35000610351562,143.82000732421875,394200.0
2018-09-28,143.49000549316406,146.14999389648438,143.49000549316406,144.32000732421875,396200.0
2018-10-01,145.11000061035156,145.4499969482422,142.22000122070312,142.77999877929688,226600.0
2018-10-02,143.27999877929688,146.08999633789062,142.5800018310547,144.11000061035156,307600.0
2018-10-03,145.02000427246094,145.11000061035156,143.2899932861328,144.16000366210938,222300.0
2018-10-04,142.86000061035156,143.99000549316406,139.35000610351562,139.38999938964844,338000.0
2018-10-05,139.86000061035156,140.0500030517578,136.2899932861328,137.00999450683594,216700.0
2018-10-08,136.3300018310547,137.58999633789062,135.16000366210938,135.86000061035156,214400.0
2018-10-09,135.50999450683594,136.0,133.42999267578125,133.99000549316406,365100.0
2018-10-10,132.66000366210938,136.69000244140625,132.66000366210938,133.4499969482422,453700.0
2018-10-11,133.1300048828125,134.25999450683594,130.6699981689453,131.3000030517578,378300.0
2018-10-12,133.17999267578125,135.13999938964844,129.72000122070312,131.0,312700.0
2018-10-15,130.30999755859375,133.75999450683594,130.30999755859375,133.3300018310547,263700.0
2018-10-16,134.82000732421875,136.49000549316406,133.4499969482422,134.85000610351562,380900.0
2018-10-17,134.80999755859375,134.9499969482422,131.16000366210938,132.8000030517578,356800.0
2018-10-18,131.86000061035156,134.6199951171875,131.52000427246094,131.72000122070312,190200.0
2018-10-19,132.27999877929688,133.47000122070312,130.9199981689453,133.02000427246094,183300.0
2018-10-22,134.00999450683594,135.07000732421875,132.4499969482422,132.91000366210938,236800.0
2018-10-23,130.60000610351562,133.02000427246094,129.1300048828125,130.47999572753906,412000.0
2018-10-24,130.32000732421875,131.32000732421875,127.7300033569336,127.81999969482422,277100.0
2018-10-25,129.0399932861328,132.61000061035156,128.44000244140625,130.35000610351562,343900.0
2018-10-26,128.77000427246094,131.82000732421875,127.0199966430664,129.6999969482422,297800.0
2018-10-29,131.6300048828125,133.3800048828125,129.24000549316406,130.44000244140625,282300.0
2018-10-30,130.80999755859375,134.24000549316406,130.60000610351562,134.11000061035156,366300.0
2018-10-31,134.57000732421875,135.22999572753906,132.1699981689453,132.25999450683594,396700.0
2018-11-01,133.16000366210938,138.0500030517578,131.11000061035156,137.80999755859375,350300.0
2018-11-02,138.55999755859375,138.55999755859375,135.50999450683594,137.3800048828125,353000.0
2018-11-05,137.3000030517578,138.80999755859375,136.3699951171875,138.0,394800.0
2018-11-06,140.4499969482422,144.50999450683594,138.61000061035156,142.0500030517578,447400.0
2018-11-07,144.25999450683594,147.0,142.5,145.4199981689453,337400.0
2018-11-08,143.75999450683594,145.5500030517578,142.8800048828125,143.64999389648438,251900.0
2018-11-09,142.5,143.02999877929688,138.6199951171875,140.02000427246094,223100.0
2018-11-12,140.0,141.08999633789062,138.22999572753906,138.6999969482422,286500.0
2018-11-13,140.0,140.74000549316406,136.39999389648438,137.02999877929688,330200.0
2018-11-14,138.67999267578125,142.6300048828125,138.39999389648438,141.8699951171875,427100.0
2018-11-15,141.02000427246094,141.02000427246094,135.8800048828125,139.27000427246094,304300.0
2018-11-16,138.6300048828125,142.35000610351562,137.25999450683594,141.77999877929688,212600.0
2018-11-19,142.0800018310547,142.64999389648438,138.77999877929688,139.0800018310547,231000.0
2018-11-20,137.3300018310547,137.4499969482422,134.72999572753906,135.10000610351562,346800.0
2018-11-21,135.36000061035156,139.75,134.6300048828125,138.38999938964844,268600.0
2018-11-23,137.30999755859375,141.3800048828125,136.3000030517578,139.75999450683594,118000.0
2018-11-26,141.91000366210938,143.74000549316406,141.07000732421875,143.02999877929688,304400.0
2018-11-27,142.58999633789062,142.58999633789062,139.9600067138672,141.66000366210938,250500.0
2018-11-28,142.24000549316406,144.36000061035156,140.38999938964844,144.0800018310547,262600.0
2018-11-29,143.2899932861328,144.27000427246094,140.49000549316406,141.19000244140625,290400.0
2018-11-30,141.3699951171875,143.55999755859375,139.6300048828125,143.1999969482422,507100.0
2018-12-03,144.82000732421875,146.0,141.05999755859375,142.30999755859375,285800.0
2018-12-04,142.33999633789062,142.33999633789062,132.8699951171875,132.99000549316406,330700.0
2018-12-06,130.85000610351562,138.33999633789062,130.85000610351562,138.24000549316406,400900.0
2018-12-07,138.08999633789062,138.77000427246094,131.77000427246094,133.39999389648438,272800.0
2018-12-10,132.9199981689453,133.5500030517578,129.4600067138672,130.10000610351562,263600.0
2018-12-11,131.6300048828125,132.9499969482422,130.5500030517578,130.77000427246094,436000.0
2018-12-12,133.44000244140625,135.8699951171875,131.5800018310547,131.77999877929688,253500.0
2018-12-13,131.86000061035156,133.8000030517578,129.38999938964844,133.17999267578125,461400.0
2018-12-14,131.39999389648438,134.5399932861328,131.3699951171875,133.25,269600.0
2018-12-17,132.9600067138672,133.1199951171875,126.44999694824219,126.86000061035156,372000.0
2018-12-18,128.2100067138672,133.44000244140625,127.66000366210938,131.66000366210938,329000.0
2018-12-19,132.14999389648438,133.75999450683594,128.13999938964844,128.47000122070312,294300.0
2018-12-20,127.81999969482422,129.99000549316406,125.23999786376953,126.95999908447266,367700.0
2018-12-21,127.18000030517578,130.4199981689453,124.62999725341797,124.9800033569336,885600.0
2018-12-24,123.05999755859375,126.11000061035156,122.37999725341797,123.19000244140625,130200.0
2018-12-26,124.25,128.27000427246094,122.05000305175781,128.22999572753906,206800.0
2018-12-27,125.77999877929688,129.67999267578125,125.4000015258789,129.67999267578125,442500.0
2018-12-28,130.6999969482422,131.8800048828125,127.63999938964844,128.97999572753906,183700.0
2018-12-31,129.85000610351562,129.9499969482422,124.4000015258789,126.5999984741211,462300.0
2019-01-02,124.66999816894531,129.0399932861328,122.37000274658203,128.1300048828125,334500.0
2019-01-03,124.56999969482422,126.4800033569336,119.79000091552734,121.88999938964844,328300.0
2019-01-04,123.5,129.16000366210938,123.22000122070312,127.38999938964844,408500.0
2019-01-07,128.27999877929688,129.10000610351562,126.5999984741211,127.62999725341797,344200.0
2019-01-08,129.3000030517578,133.38999938964844,128.8699951171875,132.0500030517578,275000.0
2019-01-09,132.1300048828125,133.3000030517578,130.4600067138672,132.10000610351562,255300.0
2019-01-10,131.52000427246094,134.83999633789062,131.16000366210938,134.08999633789062,196100.0
2019-01-11,133.92999267578125,136.16000366210938,132.41000366210938,135.50999450683594,168000.0
2019-01-14,134.6300048828125,136.5,134.4600067138672,134.6699981689453,203800.0
2019-01-15,134.50999450683594,135.57000732421875,133.19000244140625,135.49000549316406,217100.0
2019-01-16,135.67999267578125,138.0399932861328,135.67999267578125,137.4600067138672,176900.0
2019-01-17,136.77000427246094,141.02999877929688,136.77000427246094,140.60000610351562,316400.0
2019-01-18,141.10000610351562,143.67999267578125,140.2100067138672,142.8300018310547,157300.0
2019-01-22,142.0399932861328,142.3000030517578,138.77999877929688,139.92999267578125,281600.0
2019-01-23,140.58999633789062,141.25999450683594,136.74000549316406,137.30999755859375,242300.0
2019-01-24,137.1199951171875,141.13999938964844,137.1199951171875,141.0500030517578,169300.0
2019-01-25,141.7899932861328,142.97999572753906,140.66000366210938,140.75,192900.0
2019-01-28,139.58999633789062,140.92999267578125,138.14999389648438,140.83999633789062,142800.0
2019-01-29,140.61000061035156,141.55999755859375,139.9199981689453,140.44000244140625,170100.0
2019-01-30,141.14999389648438,142.0399932861328,139.1199951171875,141.6999969482422,194900.0
2019-01-31,141.52999877929688,143.67999267578125,140.8300018310547,143.41000366210938,220000.0
2019-02-01,143.6699981689453,144.17999267578125,141.67999267578125,143.5,165900.0
2019-02-04,143.1300048828125,144.10000610351562,142.0399932861328,144.05999755859375,193700.0
2019-02-05,144.3800048828125,145.94000244140625,143.0399932861328,145.80999755859375,197300.0
2019-02-06,145.42999267578125,145.8800048828125,144.57000732421875,144.9199981689453,152300.0
2019-02-07,144.25999450683594,145.9600067138672,143.75,144.91000366210938,201600.0
2019-02-08,143.8300018310547,145.16000366210938,143.00999450683594,144.38999938964844,187900.0
2019-02-11,144.8699951171875,146.77999877929688,144.8699951171875,146.27000427246094,206300.0
2019-02-12,151.2100067138672,173.32000732421875,151.2100067138672,166.14999389648438,1271000.0
2019-02-13,167.2100067138672,169.83999633789062,161.5800018310547,163.6199951171875,560000.0
2019-02-14,163.36000061035156,166.92999267578125,162.92999267578125,164.52000427246094,378700.0
2019-02-15,165.0,166.94000244140625,164.42999267578125,164.9600067138672,394600.0
2019-02-19,164.0,166.1699981689453,163.75,164.86000061035156,369700.0
2019-02-20,164.86000061035156,165.4600067138672,163.6999969482422,164.27999877929688,378400.0
2019-02-21,164.08999633789062,165.6699981689453,163.41000366210938,165.2899932861328,293800.0
2019-02-22,165.77999877929688,167.69000244140625,164.80999755859375,167.19000244140625,247200.0
2019-02-25,167.6999969482422,168.0,165.1999969482422,165.60000610351562,297500.0
2019-02-26,166.2899932861328,166.41000366210938,164.4199981689453,165.22000122070312,235200.0
2019-02-27,164.32000732421875,165.88999938964844,163.33999633789062,163.7899932861328,368300.0
2019-02-28,163.4600067138672,165.89999389648438,163.0399932861328,165.1199951171875,385200.0
2019-03-01,166.39999389648438,167.80999755859375,162.3800048828125,164.22999572753906,425000.0
2019-03-04,164.8699951171875,166.02000427246094,163.25,165.4499969482422,343000.0
2019-03-05,165.1199951171875,167.19000244140625,163.6300048828125,165.0399932861328,246400.0
2019-03-06,165.16000366210938,165.16000366210938,159.4600067138672,160.02999877929688,512200.0
2019-03-07,160.44000244140625,161.25999450683594,158.5,159.05999755859375,515000.0
2019-03-08,158.5500030517578,161.22999572753906,157.05999755859375,160.77999877929688,217800.0
2019-03-11,161.50999450683594,163.4499969482422,160.83999633789062,161.86000061035156,184500.0
2019-03-12,162.1199951171875,162.92999267578125,159.22999572753906,161.67999267578125,261200.0
2019-03-13,162.4499969482422,162.88999938964844,161.4199981689453,161.63999938964844,237100.0
2019-03-14,162.17999267578125,163.4600067138672,161.13999938964844,161.72999572753906,330200.0
2019-03-15,162.2100067138672,164.25,161.55999755859375,162.11000061035156,348300.0
2019-03-18,162.8300018310547,164.52999877929688,162.0399932861328,163.02000427246094,301100.0
2019-03-19,163.74000549316406,164.22999572753906,159.8699951171875,160.49000549316406,355600.0
2019-03-20,159.5399932861328,160.64999389648438,151.27999877929688,153.57000732421875,464500.0
2019-03-21,153.44000244140625,154.25999450683594,152.4499969482422,154.24000549316406,400500.0
2019-03-22,153.41000366210938,153.86000061035156,147.74000549316406,148.1999969482422,452100.0
2019-03-25,147.85000610351562,150.60000610351562,147.2899932861328,149.05999755859375,289100.0
2019-03-26,150.8000030517578,152.4499969482422,149.1300048828125,151.47999572753906,238500.0
2019-03-27,151.5800018310547,153.41000366210938,150.6300048828125,151.94000244140625,413000.0
2019-03-28,152.1999969482422,154.2100067138672,151.41000366210938,154.08999633789062,323800.0
2019-03-29,155.27999877929688,156.27999877929688,154.02000427246094,154.17999267578125,388400.0
2019-04-01,155.6999969482422,156.94000244140625,154.30999755859375,155.55999755859375,466800.0
2019-04-02,155.14999389648438,155.14999389648438,153.02000427246094,153.9499969482422,350900.0
2019-04-03,155.33999633789062,156.47999572753906,154.44000244140625,155.50999450683594,287400.0
2019-04-04,155.6199951171875,156.75,154.77999877929688,155.19000244140625,163200.0
2019-04-05,155.52000427246094,156.69000244140625,154.64999389648438,155.9600067138672,185700.0
2019-04-08,155.22999572753906,155.3000030517578,153.38999938964844,154.75999450683594,330100.0
2019-04-09,154.05999755859375,154.05999755859375,152.08999633789062,152.39999389648438,121700.0
2019-04-10,152.55999755859375,154.4499969482422,152.55999755859375,154.4499969482422,180700.0
2019-04-11,154.66000366210938,156.44000244140625,154.2100067138672,154.85000610351562,287700.0
2019-04-12,155.86000061035156,156.0,154.22000122070312,155.88999938964844,194500.0
2019-04-15,156.39999389648438,156.63999938964844,153.10000610351562,154.86000061035156,182300.0
2019-04-16,155.44000244140625,155.75999450683594,151.8699951171875,152.07000732421875,148300.0
2019-04-17,154.9199981689453,154.9199981689453,152.33999633789062,152.47999572753906,286200.0
2019-04-18,153.30999755859375,156.36000061035156,152.6699981689453,156.3000030517578,304200.0
2019-04-22,155.2100067138672,156.47000122070312,154.33999633789062,155.99000549316406,336900.0
2019-04-23,155.92999267578125,157.44000244140625,155.02999877929688,155.9600067138672,278800.0
2019-04-24,155.6300048828125,157.63999938964844,155.02999877929688,156.05999755859375,253400.0
2019-04-25,155.6199951171875,156.5,153.1300048828125,153.72999572753906,260000.0
2019-04-26,154.0,155.64999389648438,153.47999572753906,155.1199951171875,148600.0
2019-04-29,155.0,156.3800048828125,154.35000610351562,154.42999267578125,151400.0
2019-04-30,154.2100067138672,155.10000610351562,153.0,154.57000732421875,292400.0
2019-05-01,155.0399932861328,155.5,152.50999450683594,152.8800048828125,235700.0
2019-05-02,153.19000244140625,154.69000244140625,150.47999572753906,151.77999877929688,268200.0
2019-05-03,152.77999877929688,152.85000610351562,151.27000427246094,152.52000427246094,198300.0
2019-05-06,150.0,151.4499969482422,148.22999572753906,150.8800048828125,306800.0
2019-05-07,150.0399932861328,150.0399932861328,141.64999389648438,143.0399932861328,483100.0
2019-05-08,143.25,143.30999755859375,139.10000610351562,140.57000732421875,550900.0
2019-05-09,139.02000427246094,139.02000427246094,135.61000061035156,136.41000366210938,457000.0
2019-05-10,138.5,139.22999572753906,134.83999633789062,137.92999267578125,600800.0
2019-05-13,134.19000244140625,138.17999267578125,133.1199951171875,137.77999877929688,745900.0
2019-05-14,138.52999877929688,138.91000366210938,135.25,135.85000610351562,568900.0
2019-05-15,135.13999938964844,137.22999572753906,133.89999389648438,136.13999938964844,344200.0
2019-05-16,135.77999877929688,136.97000122070312,135.77999877929688,136.0399932861328,237700.0
2019-05-17,134.82000732421875,135.44000244140625,132.7899932861328,133.38999938964844,362700.0
2019-05-20,132.36000061035156,133.39999389648438,130.6999969482422,131.22999572753906,288100.0
2019-05-21,131.8300018310547,132.67999267578125,130.8699951171875,132.25999450683594,345600.0
2019-05-22,131.72000122070312,132.1199951171875,129.11000061035156,130.25999450683594,275000.0
2019-05-23,128.6699981689453,130.02999877929688,128.0800018310547,129.6300048828125,481200.0
2019-05-24,130.3300018310547,133.22000122070312,130.3300018310547,132.74000549316406,404700.0
2019-05-28,133.3800048828125,135.44000244140625,130.97999572753906,131.80999755859375,680300.0
2019-05-29,131.2100067138672,131.92999267578125,129.57000732421875,129.69000244140625,347500.0
2019-05-30,129.52000427246094,130.1199951171875,126.7300033569336,127.0199966430664,226300.0
2019-05-31,125.77999877929688,126.06999969482422,124.01000213623047,124.44999694824219,261300.0
2019-06-03,124.63999938964844,128.61000061035156,124.63999938964844,127.12000274658203,541300.0
2019-06-04,127.94000244140625,129.55999755859375,126.05999755859375,127.9800033569336,464700.0
2019-06-05,129.0800018310547,129.0800018310547,125.9000015258789,128.3800048828125,244900.0
2019-06-06,128.33999633789062,129.77999877929688,127.31999969482422,129.50999450683594,186200.0
2019-06-07,130.13999938964844,132.35000610351562,129.6999969482422,131.75999450683594,387700.0
2019-06-10,132.60000610351562,133.66000366210938,131.9600067138672,133.52000427246094,171100.0
2019-06-11,134.5500030517578,135.52999877929688,131.8800048828125,133.42999267578125,255800.0
2019-06-12,133.47000122070312,133.8000030517578,130.75,132.39999389648438,296900.0
2019-06-13,132.72999572753906,134.66000366210938,132.0,134.36000061035156,220700.0
2019-06-14,133.8699951171875,134.41000366210938,133.1300048828125,133.1300048828125,208300.0
2019-06-17,133.6199951171875,134.9600067138672,132.55999755859375,133.63999938964844,309400.0
2019-06-18,134.69000244140625,137.63999938964844,134.2100067138672,137.41000366210938,421800.0
2019-06-19,137.32000732421875,139.8000030517578,136.0500030517578,139.22999572753906,386100.0
2019-06-20,140.80999755859375,141.66000366210938,139.60000610351562,140.69000244140625,474900.0
2019-06-21,139.92999267578125,142.0,139.36000061035156,139.5500030517578,635900.0
2019-06-24,140.0800018310547,140.0800018310547,136.57000732421875,137.4499969482422,569700.0
2019-06-25,137.89999389648438,138.32000732421875,136.17999267578125,136.2899932861328,430200.0
2019-06-26,136.5399932861328,137.14999389648438,133.9499969482422,135.5,347500.0
2019-06-27,136.07000732421875,139.27000427246094,136.07000732421875,138.24000549316406,404200.0
2019-06-28,138.5,141.89999389648438,138.5,140.69000244140625,525300.0
2019-07-01,142.49000549316406,144.2100067138672,139.75999450683594,141.1300048828125,2391000.0
2019-07-02,140.92999267578125,141.64999389648438,136.6300048828125,137.57000732421875,721400.0
2019-07-03,138.6699981689453,140.25999450683594,137.92999267578125,140.0399932861328,584200.0
2019-07-05,139.24000549316406,140.6999969482422,138.41000366210938,139.60000610351562,563600.0
2019-07-08,138.99000549316406,139.5800018310547,137.32000732421875,138.5,445700.0
2019-07-09,137.47000122070312,138.0800018310547,137.0,137.27000427246094,411000.0
2019-07-10,137.94000244140625,138.66000366210938,135.4499969482422,137.1199951171875,495000.0
2019-07-11,138.02999877929688,139.6699981689453,137.24000549316406,139.55999755859375,252400.0
2019-07-12,139.69000244140625,141.58999633789062,138.4199981689453,138.58999633789062,356200.0
2019-07-15,139.0,139.57000732421875,137.3000030517578,139.44000244140625,289200.0
2019-07-16,139.77999877929688,141.02000427246094,139.42999267578125,140.22999572753906,314700.0
2019-07-17,140.97999572753906,141.1300048828125,138.97999572753906,139.41000366210938,251300.0
2019-07-18,139.60000610351562,140.74000549316406,138.50999450683594,140.19000244140625,198000.0
2019-07-19,140.77000427246094,142.0,140.63999938964844,140.7100067138672,214000.0
2019-07-22,141.13999938964844,141.60000610351562,139.64999389648438,140.02000427246094,316500.0
2019-07-23,141.3000030517578,143.55999755859375,141.0399932861328,142.97000122070312,361500.0
2019-07-24,142.8699951171875,143.97000122070312,141.42999267578125,143.66000366210938,316900.0
2019-07-25,143.77999877929688,143.9199981689453,142.24000549316406,143.83999633789062,376600.0
2019-07-26,144.0,145.32000732421875,143.8800048828125,144.3300018310547,324300.0
2019-07-29,143.97999572753906,145.75,141.58999633789062,142.8000030517578,444200.0
2019-07-30,145.64999389648438,148.1699981689453,142.9600067138672,144.42999267578125,614000.0
2019-07-31,144.5,146.77999877929688,143.75999450683594,145.69000244140625,613100.0
2019-08-01,146.69000244140625,150.5,145.7100067138672,146.57000732421875,468000.0
2019-08-02,145.86000061035156,145.9499969482422,141.6699981689453,143.24000549316406,298900.0
2019-08-05,140.69000244140625,140.69000244140625,133.10000610351562,135.17999267578125,603300.0
2019-08-06,140.5800018310547,143.11000061035156,139.1699981689453,141.13999938964844,525500.0
2019-08-07,139.0800018310547,140.80999755859375,136.6699981689453,138.88999938964844,313200.0
2019-08-08,139.55999755859375,143.61000061035156,139.10000610351562,143.41000366210938,474500.0
2019-08-09,142.83999633789062,142.83999633789062,140.55999755859375,141.5,273400.0
2019-08-12,140.33999633789062,140.6199951171875,138.35000610351562,139.0399932861328,247900.0
2019-08-13,138.77999877929688,141.1300048828125,137.85000610351562,139.25999450683594,247800.0
2019-08-14,136.41000366210938,137.13999938964844,129.99000549316406,130.66000366210938,598000.0
2019-08-15,131.27999877929688,131.30999755859375,127.12999725341797,128.4199981689453,341100.0
2019-08-16,129.60000610351562,133.6699981689453,128.67999267578125,132.8300018310547,271300.0
2019-08-19,134.63999938964844,137.50999450683594,133.85000610351562,135.08999633789062,265600.0
2019-08-20,134.67999267578125,136.25,133.35000610351562,135.50999450683594,349600.0
2019-08-21,137.17999267578125,138.3699951171875,135.72999572753906,137.22999572753906,240700.0
2019-08-22,137.5399932861328,138.0,134.4600067138672,134.55999755859375,179400.0
2019-08-23,133.36000061035156,133.8300018310547,129.36000061035156,129.7100067138672,183100.0
2019-08-26,130.75,130.75,128.57000732421875,129.8699951171875,224900.0
2019-08-27,130.97999572753906,131.63999938964844,129.67999267578125,130.0500030517578,425600.0
2019-08-28,129.3000030517578,131.94000244140625,128.75,131.52999877929688,194800.0
2019-08-29,132.92999267578125,135.02000427246094,132.92999267578125,134.05999755859375,212300.0
2019-08-30,134.85000610351562,134.99000549316406,132.33999633789062,134.0500030517578,304500.0
2019-09-03,133.0399932861328,133.9600067138672,130.89999389648438,132.0399932861328,229500.0
2019-09-04,133.22000122070312,135.02000427246094,133.1199951171875,134.27000427246094,336700.0
2019-09-05,135.55999755859375,137.6699981689453,134.41000366210938,136.83999633789062,329000.0
2019-09-06,137.49000549316406,139.30999755859375,136.5,137.4499969482422,279800.0
2019-09-09,138.14999389648438,142.0800018310547,137.85000610351562,141.97000122070312,401100.0
2019-09-10,141.17999267578125,143.9600067138672,140.61000061035156,143.74000549316406,280900.0
2019-09-11,144.36000061035156,144.75,143.0,143.88999938964844,296100.0
2019-09-12,143.82000732421875,143.83999633789062,140.4600067138672,142.02000427246094,273200.0
2019-09-13,142.27000427246094,143.2899932861328,141.1699981689453,141.97000122070312,237100.0
2019-09-16,140.36000061035156,142.0500030517578,139.86000061035156,140.52000427246094,227400.0
2019-09-17,139.38999938964844,139.4600067138672,136.74000549316406,138.80999755859375,261900.0
2019-09-18,138.58999633789062,138.58999633789062,136.0800018310547,138.08999633789062,191600.0
2019-09-19,138.75,139.2899932861328,136.8000030517578,137.38999938964844,325900.0
2019-09-20,137.5800018310547,138.92999267578125,136.89999389648438,137.1199951171875,669300.0
2019-09-23,136.08999633789062,138.47999572753906,136.02000427246094,137.36000061035156,257500.0
2019-09-24,137.36000061035156,137.92999267578125,135.5500030517578,135.9199981689453,294600.0
2019-09-25,135.9499969482422,140.69000244140625,135.9499969482422,139.89999389648438,311000.0
2019-09-26,139.82000732421875,140.2100067138672,138.69000244140625,139.49000549316406,149200.0
2019-09-27,139.99000549316406,141.5800018310547,138.64999389648438,139.30999755859375,185300.0
2019-09-30,139.8000030517578,140.7899932861328,138.99000549316406,139.05999755859375,222300.0
2019-10-01,139.25,141.22000122070312,134.60000610351562,135.4199981689453,274900.0
2019-10-02,134.1199951171875,134.1199951171875,129.39999389648438,130.36000061035156,317800.0
2019-10-03,129.6699981689453,130.86000061035156,127.18000030517578,130.7899932861328,237200.0
2019-10-04,130.8699951171875,133.25,130.47000122070312,133.2100067138672,261300.0
2019-10-07,132.41000366210938,134.5500030517578,131.97000122070312,134.0399932861328,254000.0
2019-10-08,132.42999267578125,133.36000061035156,131.69000244140625,132.10000610351562,244100.0
2019-10-09,133.38999938964844,134.6699981689453,132.67999267578125,134.3800048828125,188800.0
2019-10-10,134.35000610351562,136.02999877929688,134.10000610351562,135.14999389648438,242500.0
2019-10-11,137.4600067138672,141.4499969482422,137.4600067138672,139.89999389648438,293500.0
2019-10-14,139.5,140.88999938964844,138.52999877929688,140.57000732421875,154200.0
2019-10-15,140.97000122070312,143.83999633789062,140.11000061035156,142.35000610351562,233200.0
2019-10-16,142.30999755859375,143.4499969482422,141.1699981689453,143.0800018310547,166500.0
2019-10-17,143.86000061035156,145.0,143.14999389648438,143.3300018310547,166200.0
2019-10-18,143.0500030517578,144.10000610351562,141.4199981689453,143.58999633789062,266500.0
2019-10-21,144.58999633789062,145.99000549316406,143.9600067138672,144.16000366210938,135400.0
2019-10-22,144.17999267578125,144.5399932861328,142.17999267578125,143.99000549316406,161100.0
2019-10-23,143.86000061035156,144.97000122070312,142.66000366210938,144.82000732421875,129000.0
2019-10-24,145.13999938964844,146.17999267578125,143.13999938964844,144.58999633789062,130100.0
2019-10-25,144.55999755859375,146.6199951171875,143.89999389648438,146.2899932861328,175900.0
2019-10-28,147.00999450683594,148.5,146.61000061035156,148.16000366210938,147500.0
2019-10-29,147.3800048828125,149.58999633789062,147.3800048828125,148.27000427246094,325500.0
2019-10-30,148.10000610351562,148.64999389648438,146.52999877929688,148.64999389648438,291700.0
2019-10-31,148.1699981689453,148.1699981689453,145.77999877929688,146.52000427246094,214900.0
2019-11-01,147.72999572753906,150.4199981689453,146.97000122070312,150.33999633789062,220400.0
2019-11-04,151.5,151.94000244140625,150.36000061035156,150.9199981689453,305800.0
2019-11-05,157.1699981689453,163.02999877929688,155.6699981689453,161.64999389648438,923200.0
2019-11-06,161.10000610351562,161.10000610351562,155.9600067138672,157.85000610351562,434000.0
2019-11-07,158.72000122070312,162.83999633789062,157.99000549316406,161.8800048828125,446300.0
2019-11-08,160.75,162.77999877929688,159.69000244140625,161.63999938964844,331600.0
2019-11-11,159.57000732421875,162.49000549316406,159.36000061035156,162.24000549316406,134500.0
2019-11-12,161.67999267578125,163.22000122070312,159.17999267578125,159.86000061035156,375800.0
2019-11-13,158.4499969482422,162.25999450683594,158.07000732421875,161.75999450683594,264000.0
2019-11-14,161.47999572753906,162.36000061035156,160.05999755859375,161.94000244140625,220000.0
2019-11-15,162.25999450683594,164.9600067138672,162.25999450683594,163.7899932861328,303600.0
2019-11-18,163.60000610351562,165.77000427246094,163.1199951171875,165.0800018310547,307300.0
2019-11-19,165.08999633789062,165.24000549316406,162.7100067138672,163.4499969482422,346000.0
2019-11-20,163.02999877929688,166.07000732421875,162.69000244140625,164.9499969482422,409800.0
2019-11-21,165.2100067138672,165.89999389648438,163.27999877929688,165.1999969482422,337600.0
2019-11-22,165.61000061035156,166.80999755859375,164.25,166.10000610351562,269000.0
2019-11-25,166.0,168.61000061035156,165.8800048828125,168.0500030517578,346000.0
2019-11-26,168.35000610351562,170.0,168.13999938964844,169.8800048828125,551300.0
2019-11-27,170.0,170.16000366210938,166.7100067138672,168.0800018310547,297100.0
2019-11-29,167.67999267578125,169.0800018310547,166.2100067138672,166.3300018310547,134000.0
2019-12-02,167.32000732421875,167.32000732421875,164.63999938964844,165.9600067138672,356400.0
2019-12-03,164.44000244140625,166.02000427246094,163.7899932861328,165.72999572753906,363500.0
2019-12-04,165.74000549316406,168.52999877929688,165.74000549316406,168.27999877929688,334500.0
2019-12-05,168.67999267578125,169.3699951171875,167.4199981689453,168.5,312300.0
2019-12-06,170.0,171.22999572753906,169.41000366210938,169.64999389648438,251400.0
2019-12-09,169.47000122070312,170.02999877929688,168.38999938964844,168.97999572753906,226900.0
2019-12-10,168.42999267578125,169.17999267578125,167.80999755859375,168.74000549316406,312000.0
2019-12-11,169.6999969482422,170.8000030517578,168.25999450683594,168.58999633789062,169300.0
2019-12-12,168.99000549316406,171.3699951171875,167.05999755859375,171.27000427246094,230300.0
2019-12-13,170.63999938964844,171.52000427246094,169.32000732421875,170.10000610351562,204600.0
2019-12-16,170.9600067138672,171.92999267578125,170.50999450683594,171.22000122070312,243000.0
2019-12-17,171.67999267578125,171.67999267578125,169.10000610351562,169.66000366210938,319800.0
2019-12-18,169.72999572753906,172.30999755859375,169.07000732421875,171.67999267578125,228000.0
2019-12-19,171.35000610351562,172.39999389648438,170.24000549316406,170.6199951171875,303900.0
2019-12-20,171.19000244140625,173.61000061035156,170.72000122070312,172.50999450683594,714400.0
2019-12-23,172.83999633789062,172.97000122070312,171.0399932861328,171.82000732421875,151800.0
2019-12-24,171.82000732421875,172.6999969482422,170.6999969482422,171.66000366210938,81500.0
2019-12-26,172.00999450683594,173.47999572753906,171.25999450683594,173.3000030517578,154600.0
2019-12-27,173.91000366210938,174.0,172.39999389648438,173.25,135000.0
2019-12-30,173.17999267578125,174.47999572753906,172.14999389648438,174.02000427246094,134400.0
2019-12-31,173.3300018310547,175.99000549316406,173.3300018310547,174.08999633789062,226600.0
2020-01-02,175.2100067138672,175.4499969482422,172.91000366210938,175.32000732421875,205400.0
2020-01-03,172.67999267578125,174.4199981689453,171.22000122070312,173.83999633789062,191100.0
2020-01-06,172.36000061035156,174.52000427246094,172.36000061035156,173.74000549316406,207400.0
2020-01-07,173.27999877929688,174.0399932861328,172.41000366210938,172.7100067138672,203600.0
2020-01-08,172.8000030517578,173.2899932861328,169.99000549316406,170.4199981689453,263800.0
2020-01-09,171.4499969482422,172.8300018310547,170.22000122070312,172.0500030517578,174500.0
2020-01-10,172.1699981689453,172.1699981689453,170.1300048828125,170.5399932861328,199400.0
2020-01-13,170.1999969482422,171.52999877929688,169.47999572753906,171.27000427246094,196500.0
2020-01-14,171.00999450683594,171.00999450683594,168.13999938964844,168.63999938964844,239000.0
2020-01-15,168.2100067138672,171.72000122070312,168.2100067138672,171.2100067138672,380500.0
2020-01-16,172.27999877929688,173.08999633789062,170.6699981689453,171.0800018310547,398400.0
2020-01-17,171.85000610351562,172.47000122070312,170.89999389648438,171.94000244140625,194800.0
2020-01-21,171.19000244140625,172.02000427246094,170.3000030517578,170.39999389648438,204600.0
2020-01-22,171.22999572753906,171.75999450683594,169.22000122070312,169.30999755859375,202900.0
2020-01-23,169.0,170.5500030517578,168.0,169.9199981689453,269000.0
2020-01-24,169.66000366210938,170.16000366210938,168.36000061035156,169.4600067138672,192900.0
2020-01-27,166.08999633789062,169.19000244140625,165.57000732421875,168.4600067138672,301100.0
2020-01-28,169.27999877929688,171.49000549316406,168.8300018310547,171.10000610351562,187000.0
2020-01-29,171.6699981689453,172.0,170.3800048828125,170.8699951171875,177500.0
2020-01-30,169.27999877929688,171.77999877929688,169.22999572753906,171.52999877929688,261000.0
2020-01-31,170.72000122070312,170.72000122070312,168.02000427246094,169.82000732421875,260100.0
2020-02-03,170.8000030517578,174.72999572753906,170.10000610351562,173.4600067138672,414800.0
2020-02-04,175.24000549316406,177.22000122070312,174.25,175.10000610351562,212200.0
2020-02-05,176.6999969482422,178.22999572753906,176.0500030517578,177.16000366210938,239300.0
2020-02-06,177.85000610351562,178.5500030517578,172.97000122070312,173.00999450683594,252200.0
2020-02-07,172.1199951171875,173.0,170.7100067138672,172.72999572753906,163000.0
2020-02-10,172.4199981689453,173.1699981689453,171.39999389648438,172.5,207300.0
2020-02-11,177.5,177.5,160.3800048828125,165.1699981689453,514800.0
2020-02-12,167.3300018310547,170.49000549316406,162.5399932861328,170.3000030517578,526100.0
2020-02-13,170.0,170.75,167.42999267578125,170.11000061035156,292000.0
2020-02-14,169.74000549316406,171.6199951171875,168.47999572753906,171.33999633789062,300800.0
2020-02-18,170.8800048828125,171.35000610351562,169.17999267578125,170.0399932861328,289900.0
2020-02-19,170.0,170.47999572753906,165.52000427246094,165.91000366210938,300100.0
2020-02-20,165.52000427246094,167.44000244140625,165.0,165.85000610351562,199000.0
2020-02-21,165.33999633789062,165.33999633789062,161.07000732421875,161.1999969482422,192700.0
2020-02-24,156.49000549316406,157.11000061035156,151.3699951171875,154.3000030517578,389400.0
2020-02-25,154.50999450683594,154.99000549316406,145.64999389648438,146.4499969482422,308900.0
2020-02-26,147.74000549316406,148.9499969482422,143.69000244140625,143.75,329300.0
2020-02-27,140.1999969482422,146.47000122070312,136.97000122070312,144.97999572753906,628100.0
2020-02-28,141.60000610351562,151.4499969482422,139.38999938964844,147.77000427246094,1036700.0
2020-03-02,148.75,149.72000122070312,145.0399932861328,149.64999389648438,593400.0
2020-03-03,149.94000244140625,153.1999969482422,146.9199981689453,151.7899932861328,724700.0
2020-03-04,153.75,154.50999450683594,151.4499969482422,152.9199981689453,599800.0
2020-03-05,149.61000061035156,153.33999633789062,147.0399932861328,148.58999633789062,487400.0
2020-03-06,144.3300018310547,146.82000732421875,141.83999633789062,145.10000610351562,658800.0
2020-03-09,139.9600067138672,139.9600067138672,130.5500030517578,136.72000122070312,924500.0
2020-03-10,140.9600067138672,145.17999267578125,137.0,144.97000122070312,815100.0
2020-03-11,141.42999267578125,144.50999450683594,138.75999450683594,139.39999389648438,1150600.0
2020-03-12,131.4499969482422,139.27999877929688,121.4000015258789,122.26000213623047,1200100.0
2020-03-13,127.93000030517578,134.1300048828125,121.18000030517578,134.1300048828125,884400.0
2020-03-16,119.0,119.3499984741211,107.37000274658203,112.47000122070312,1083900.0
2020-03-17,115.66000366210938,117.08000183105469,104.58999633789062,105.5999984741211,858200.0
2020-03-18,99.56999969482422,101.9800033569336,86.18000030517578,92.69999694824219,832900.0
2020-03-19,91.80000305175781,103.04000091552734,90.16000366210938,99.80000305175781,1104100.0
2020-03-20,100.2699966430664,102.4000015258789,88.8499984741211,89.45999908447266,759900.0
2020-03-23,89.1500015258789,89.37999725341797,78.29000091552734,81.4800033569336,664400.0
2020-03-24,85.73999786376953,88.16000366210938,83.5999984741211,87.23999786376953,943300.0
2020-03-25,86.81999969482422,100.69000244140625,85.08000183105469,91.20999908447266,1049500.0
2020-03-26,93.3499984741211,102.68000030517578,91.68000030517578,102.16999816894531,678600.0
2020-03-27,97.81999969482422,102.41999816894531,96.0199966430664,99.7300033569336,466400.0
2020-03-30,99.38999938964844,107.80000305175781,96.61000061035156,107.44000244140625,799100.0
2020-03-31,106.80000305175781,108.16000366210938,99.70999908447266,100.9800033569336,829500.0
2020-04-01,95.83000183105469,95.95999908447266,90.91000366210938,94.36000061035156,607000.0
2020-04-02,93.7699966430664,97.51000213623047,89.4800033569336,92.12000274658203,464400.0
2020-04-03,91.36000061035156,91.83999633789062,83.25,86.44999694824219,564700.0
2020-04-06,90.97000122070312,94.7699966430664,90.0,93.55000305175781,771400.0
2020-04-07,100.54000091552734,108.97000122070312,99.31999969482422,102.11000061035156,635600.0
2020-04-08,103.0199966430664,112.52999877929688,102.05999755859375,111.25,322600.0
2020-04-09,114.38999938964844,119.0,112.08000183105469,115.37000274658203,469900.0
2020-04-13,114.19000244140625,114.2300033569336,107.7699966430664,107.97000122070312,302400.0
2020-04-14,110.83999633789062,112.0999984741211,108.5199966430664,109.80000305175781,495500.0
2020-04-15,105.76000213623047,107.37999725341797,104.58999633789062,106.93000030517578,296900.0
2020-04-16,106.68000030517578,107.41999816894531,104.33999633789062,106.9000015258789,441700.0
2020-04-17,111.12999725341797,113.12999725341797,106.45999908447266,107.0,624800.0
2020-04-20,104.33000183105469,105.61000061035156,99.47000122070312,99.6500015258789,402200.0
2020-04-21,97.3499984741211,100.37999725341797,96.91000366210938,98.9800033569336,309200.0
2020-04-22,101.81999969482422,101.81999969482422,97.8499984741211,98.37000274658203,399100.0
2020-04-23,99.61000061035156,102.91000366210938,98.23999786376953,101.55000305175781,294000.0
2020-04-24,102.08000183105469,103.26000213623047,100.31999969482422,102.4800033569336,226000.0
2020-04-27,102.87000274658203,107.2699966430664,102.87000274658203,106.79000091552734,418900.0
2020-04-28,110.0,111.54000091552734,106.12999725341797,106.30999755859375,534300.0
2020-04-29,111.4800033569336,112.30000305175781,108.91999816894531,110.2300033569336,490300.0
2020-04-30,108.7699966430664,108.7699966430664,103.48999786376953,105.58000183105469,642900.0
2020-05-01,103.37999725341797,103.37999725341797,99.4000015258789,101.08000183105469,321800.0
2020-05-04,98.91999816894531,101.79000091552734,98.2300033569336,101.05000305175781,289400.0
2020-05-05,103.0999984741211,107.33000183105469,101.06999969482422,102.41000366210938,378400.0
2020-05-06,103.44999694824219,103.44999694824219,96.30999755859375,96.4800033569336,348800.0
2020-05-07,98.04000091552734,105.01000213623047,98.01000213623047,102.94999694824219,400600.0
2020-05-08,104.83999633789062,106.06999969482422,103.13999938964844,104.18000030517578,472300.0
2020-05-11,102.55000305175781,103.19999694824219,99.93000030517578,100.01000213623047,362900.0
2020-05-12,100.55999755859375,100.7300033569336,92.16000366210938,92.16999816894531,397000.0
2020-05-13,90.79000091552734,90.8499984741211,83.0999984741211,85.0,800900.0
2020-05-14,83.3499984741211,86.22000122070312,79.05000305175781,85.76000213623047,686700.0
2020-05-15,85.0,86.4800033569336,83.72000122070312,86.08000183105469,491900.0
2020-05-18,90.5,94.72000122070312,89.95999908447266,94.16000366210938,423800.0
2020-05-19,93.80000305175781,95.58000183105469,91.52999877929688,93.8499984741211,399400.0
2020-05-20,95.2699966430664,98.0,94.91999816894531,96.69999694824219,290900.0
2020-05-21,96.30000305175781,99.08999633789062,95.87000274658203,98.22000122070312,352800.0
2020-05-22,98.44000244140625,98.44000244140625,92.88999938964844,93.56999969482422,298000.0
2020-05-26,98.94999694824219,102.08999633789062,98.05000305175781,100.30999755859375,517100.0
2020-05-27,103.70999908447266,106.3499984741211,101.9800033569336,106.22000122070312,463100.0
2020-05-28,107.01000213623047,107.05999755859375,102.98999786376953,104.19999694824219,340700.0
2020-05-29,102.58000183105469,104.05999755859375,100.22000122070312,102.4000015258789,842500.0
2020-06-01,102.41000366210938,103.83999633789062,102.01000213623047,102.4800033569336,264300.0
2020-06-02,102.66000366210938,105.87999725341797,102.51000213623047,105.58999633789062,425700.0
2020-06-03,107.98999786376953,116.72000122070312,107.98999786376953,114.47000122070312,424900.0
2020-06-04,113.75,117.52999877929688,111.80000305175781,116.58000183105469,529900.0
2020-06-05,123.91999816894531,127.88999938964844,121.9000015258789,122.68000030517578,494400.0
2020-06-08,125.5199966430664,127.55999755859375,124.33999633789062,125.52999877929688,382100.0
2020-06-09,120.97000122070312,122.4800033569336,118.9800033569336,120.31999969482422,331600.0
2020-06-10,118.87999725341797,119.44999694824219,114.30000305175781,115.36000061035156,276500.0
2020-06-11,108.11000061035156,109.76000213623047,105.23999786376953,105.52999877929688,362500.0
2020-06-12,110.48999786376953,110.51000213623047,105.13999938964844,109.16999816894531,338200.0
2020-06-15,104.47000122070312,108.05999755859375,101.25,107.73999786376953,546100.0
2020-06-16,112.86000061035156,113.45999908447266,108.0,110.58000183105469,488400.0
2020-06-17,111.18000030517578,111.18000030517578,105.6500015258789,106.4000015258789,293700.0
2020-06-18,105.12999725341797,107.19000244140625,104.58999633789062,105.37999725341797,259200.0
2020-06-19,105.9800033569336,107.23999786376953,102.30999755859375,104.38999938964844,588900.0
2020-06-22,102.6500015258789,104.4000015258789,101.16999816894531,102.58999633789062,278500.0
2020-06-23,104.33000183105469,105.0,101.86000061035156,103.55999755859375,361000.0
2020-06-24,102.87000274658203,102.87000274658203,98.18000030517578,100.76000213623047,453900.0
2020-06-25,99.58999633789062,101.20999908447266,97.05000305175781,101.02999877929688,256900.0
2020-06-26,100.5199966430664,102.22000122070312,98.0,98.12000274658203,592600.0
2020-06-29,99.2699966430664,102.5,98.23999786376953,101.19999694824219,226700.0
2020-06-30,101.2300033569336,104.37999725341797,100.97000122070312,103.45999908447266,293900.0
2020-07-01,103.44000244140625,104.93000030517578,101.68000030517578,102.66000366210938,449100.0
2020-07-02,105.4000015258789,107.75,104.01000213623047,105.12000274658203,356700.0
2020-07-06,107.77999877929688,109.06999969482422,105.95999908447266,108.01000213623047,320600.0
2020-07-07,106.48999786376953,106.80999755859375,103.77999877929688,103.8499984741211,253200.0
2020-07-08,103.4000015258789,105.47000122070312,101.70999908447266,104.12000274658203,184800.0
2020-07-09,103.76000213623047,103.76000213623047,98.94999694824219,102.7699966430664,250800.0
2020-07-10,102.05999755859375,105.4000015258789,102.05999755859375,104.37000274658203,372100.0
2020-07-13,105.20999908447266,105.20999908447266,102.12000274658203,102.38999938964844,169600.0
2020-07-14,102.04000091552734,102.63999938964844,100.12999725341797,102.5199966430664,235600.0
2020-07-15,106.04000091552734,108.19000244140625,105.45999908447266,107.51000213623047,195900.0
2020-07-16,106.05999755859375,107.05000305175781,104.30000305175781,104.87000274658203,214900.0
2020-07-17,105.44000244140625,106.1500015258789,104.91000366210938,105.5999984741211,194900.0
2020-07-20,104.66999816894531,105.16000366210938,101.2699966430664,101.37999725341797,243800.0
2020-07-21,102.11000061035156,103.58999633789062,100.0,100.4000015258789,369500.0
2020-07-22,100.0,102.91999816894531,100.0,101.37000274658203,352100.0
2020-07-23,100.87999725341797,102.47000122070312,100.51000213623047,102.20999908447266,292600.0
2020-07-24,102.2699966430664,102.97000122070312,99.8499984741211,100.05999755859375,279100.0
2020-07-27,99.22000122070312,99.22000122070312,96.25,98.38999938964844,378100.0
2020-07-28,97.54000091552734,98.8499984741211,96.61000061035156,96.95999908447266,308500.0
2020-07-29,96.5,98.5,95.9000015258789,97.86000061035156,494300.0
2020-07-30,96.22000122070312,99.23999786376953,94.43000030517578,99.06999969482422,503500.0
2020-07-31,99.29000091552734,99.83000183105469,95.93000030517578,98.91000366210938,318600.0
2020-08-03,99.02999877929688,99.02999877929688,93.19000244140625,93.91999816894531,343800.0
2020-08-04,94.31999969482422,95.94000244140625,93.69000244140625,94.38999938964844,388600.0
2020-08-05,95.83999633789062,96.22000122070312,94.16000366210938,96.12999725341797,571700.0
2020-08-06,96.0199966430664,97.61000061035156,87.66999816894531,90.0,1157000.0
2020-08-07,90.68000030517578,95.73999786376953,90.0199966430664,94.7300033569336,604200.0
2020-08-10,94.76000213623047,98.36000061035156,94.73999786376953,98.19000244140625,426100.0
2020-08-11,100.0,106.41000366210938,100.0,105.4000015258789,579400.0
2020-08-12,106.55999755859375,107.08999633789062,103.20999908447266,103.86000061035156,365400.0
2020-08-13,102.70999908447266,102.7300033569336,98.06999969482422,98.91000366210938,319400.0
2020-08-14,98.37999725341797,102.08999633789062,97.68000030517578,100.3499984741211,252900.0
2020-08-17,100.12000274658203,100.5,99.36000061035156,100.37000274658203,285800.0
2020-08-18,100.0,100.75,96.83000183105469,96.9800033569336,366200.0
2020-08-19,96.9800033569336,97.69000244140625,95.37000274658203,96.7300033569336,243300.0
2020-08-20,96.12000274658203,96.62999725341797,94.04000091552734,94.43000030517578,493800.0
2020-08-21,94.75,97.48999786376953,94.16000366210938,96.87000274658203,386800.0
2020-08-24,97.48999786376953,101.93000030517578,96.33000183105469,101.66999816894531,304300.0
2020-08-25,102.62000274658203,103.44999694824219,100.33999633789062,103.0,369100.0
2020-08-26,103.05999755859375,103.79000091552734,101.62999725341797,103.54000091552734,382000.0
2020-08-27,103.58999633789062,105.19999694824219,103.08000183105469,104.37999725341797,323700.0
2020-08-28,104.68000030517578,105.05999755859375,102.9000015258789,104.79000091552734,282100.0
2020-08-31,105.4000015258789,105.4000015258789,101.54000091552734,103.04000091552734,400500.0
2020-09-01,102.06999969482422,103.0,100.52999877929688,102.55999755859375,237700.0
2020-09-02,102.9000015258789,105.05000305175781,101.7699966430664,104.86000061035156,346300.0
2020-09-03,105.41999816894531,107.91000366210938,102.5,102.95999908447266,341100.0
2020-09-04,104.23999786376953,104.9800033569336,100.5,103.02999877929688,193700.0
2020-09-08,102.16000366210938,102.68000030517578,100.69000244140625,101.20999908447266,237100.0
2020-09-09,101.62000274658203,104.08999633789062,100.80999755859375,103.2300033569336,248700.0
2020-09-10,103.6500015258789,104.0999984741211,100.66000366210938,100.88999938964844,268700.0
2020-09-11,101.38999938964844,101.38999938964844,98.08999633789062,100.75,278400.0
2020-09-14,101.27999877929688,106.61000061035156,101.27999877929688,105.94000244140625,280300.0
2020-09-15,106.94000244140625,108.63999938964844,105.48999786376953,107.0,348600.0
2020-09-16,108.0,109.70999908447266,106.58000183105469,106.93000030517578,387000.0
2020-09-17,106.08000183105469,107.0,104.19000244140625,106.06999969482422,287500.0
2020-09-18,106.20999908447266,106.62999725341797,102.95999908447266,103.22000122070312,594000.0
2020-09-21,100.5,100.66999816894531,95.5999984741211,98.7300033569336,600600.0
2020-09-22,99.23999786376953,101.08999633789062,95.69999694824219,95.88999938964844,541400.0
2020-09-23,95.91999816894531,97.01000213623047,92.0199966430664,92.27999877929688,555300.0
2020-09-24,92.2699966430664,95.5,90.86000061035156,94.31999969482422,666700.0
2020-09-25,93.38999938964844,96.08000183105469,93.19000244140625,95.0,547100.0
2020-09-28,97.37000274658203,98.87000274658203,96.61000061035156,97.47000122070312,527400.0
2020-09-29,97.58999633789062,98.1500015258789,95.33999633789062,96.12000274658203,360800.0
2020-09-30,97.08999633789062,98.41999816894531,94.91999816894531,95.66000366210938,511700.0
2020-10-01,96.7699966430664,98.23999786376953,95.62999725341797,96.5,433300.0
2020-10-02,94.0,99.41000366210938,93.91000366210938,99.19999694824219,505300.0
2020-10-05,100.30000305175781,101.86000061035156,99.7300033569336,101.56999969482422,318200.0
2020-10-06,102.54000091552734,106.52999877929688,101.80000305175781,104.02999877929688,391700.0
2020-10-07,105.48999786376953,105.81999969482422,103.56999969482422,105.44999694824219,302000.0
2020-10-08,104.0,108.05000305175781,104.0,107.97000122070312,438200.0
2020-10-09,109.11000061035156,109.8499984741211,106.72000122070312,107.12999725341797,334300.0
2020-10-12,107.81999969482422,108.66999816894531,105.72000122070312,108.23999786376953,176200.0
2020-10-13,107.68000030517578,108.6500015258789,107.1500015258789,108.0999984741211,358600.0
2020-10-14,107.43000030517578,108.87000274658203,107.0,108.3499984741211,230400.0
2020-10-15,106.83999633789062,111.05000305175781,106.5199966430664,110.33000183105469,283000.0
2020-10-16,110.05000305175781,110.05000305175781,107.69000244140625,108.83999633789062,232200.0
2020-10-19,108.97000122070312,111.45999908447266,108.62000274658203,109.12000274658203,410500.0
2020-10-20,110.3499984741211,111.33999633789062,109.62000274658203,109.83000183105469,254800.0
2020-10-21,109.12000274658203,111.69000244140625,108.80000305175781,110.4000015258789,441300.0
2020-10-22,110.48999786376953,111.83000183105469,109.4800033569336,111.41000366210938,507800.0
2020-10-23,112.6500015258789,113.36000061035156,111.02999877929688,111.86000061035156,488800.0
2020-10-26,110.38999938964844,110.62000274658203,109.05999755859375,110.47000122070312,471000.0
2020-10-27,109.87000274658203,110.8499984741211,105.80999755859375,105.86000061035156,465400.0
2020-10-28,103.30999755859375,104.83000183105469,101.38999938964844,101.62999725341797,583600.0
2020-10-29,102.5999984741211,114.47000122070312,101.63999938964844,113.0999984741211,609200.0
2020-10-30,111.72000122070312,114.1500015258789,110.5,112.86000061035156,550900.0
2020-11-02,117.0,123.8499984741211,115.7300033569336,117.81999969482422,902700.0
2020-11-03,119.81999969482422,120.4000015258789,111.4000015258789,115.26000213623047,657000.0
2020-11-04,114.95999908447266,117.04000091552734,111.5199966430664,114.02999877929688,323100.0
2020-11-05,115.37000274658203,120.22000122070312,115.1500015258789,119.83999633789062,357500.0
2020-11-06,119.55999755859375,119.93000030517578,115.05000305175781,116.75,291600.0
2020-11-09,126.61000061035156,141.41000366210938,126.33999633789062,137.1300048828125,1498800.0
2020-11-10,137.83999633789062,138.50999450683594,131.3800048828125,133.64999389648438,881700.0
2020-11-11,134.13999938964844,134.27999877929688,128.27000427246094,129.4199981689453,517300.0
2020-11-12,128.0500030517578,129.4600067138672,125.44999694824219,127.69000244140625,473400.0
2020-11-13,128.85000610351562,133.27000427246094,128.85000610351562,132.4499969482422,360100.0
2020-11-16,138.57000732421875,139.60000610351562,135.00999450683594,138.0500030517578,710400.0
2020-11-17,136.47999572753906,141.72999572753906,134.0500030517578,140.82000732421875,344600.0
2020-11-18,141.0500030517578,141.0500030517578,137.27000427246094,137.61000061035156,391700.0
2020-11-19,135.22999572753906,135.83999633789062,131.97000122070312,134.22999572753906,513000.0
2020-11-20,134.1999969482422,135.0500030517578,131.63999938964844,131.80999755859375,534500.0
2020-11-23,133.1199951171875,136.3300018310547,130.8800048828125,135.97999572753906,641100.0
2020-11-24,137.85000610351562,141.80999755859375,137.3699951171875,140.72999572753906,514000.0
2020-11-25,140.0,140.00999450683594,136.50999450683594,137.25,834400.0
2020-11-27,137.22999572753906,137.6999969482422,133.02000427246094,133.9600067138672,532300.0
2020-11-30,133.30999755859375,136.85000610351562,131.91000366210938,132.2899932861328,5007800.0
2020-12-01,134.5,135.91000366210938,132.49000549316406,133.91000366210938,611100.0
2020-12-02,133.36000061035156,135.4499969482422,133.25,135.2100067138672,427800.0
2020-12-03,135.17999267578125,139.8800048828125,135.17999267578125,138.94000244140625,524800.0
2020-12-04,140.02000427246094,145.50999450683594,139.3699951171875,145.11000061035156,489000.0
2020-12-07,145.05999755859375,148.50999450683594,143.4600067138672,147.91000366210938,576800.0
2020-12-08,146.6999969482422,149.25,146.52999877929688,149.2100067138672,552400.0
2020-12-09,150.1699981689453,152.64999389648438,149.2899932861328,150.10000610351562,670300.0
2020-12-10,148.07000732421875,153.1199951171875,147.5500030517578,152.6699981689453,585100.0
2020-12-11,151.02000427246094,153.22000122070312,148.19000244140625,148.27000427246094,834100.0
2020-12-14,148.7899932861328,149.3800048828125,143.25999450683594,145.36000061035156,477900.0
2020-12-15,146.61000061035156,150.88999938964844,144.83999633789062,150.8800048828125,493700.0
2020-12-16,151.5,152.75,148.5800018310547,151.1999969482422,610900.0
2020-12-17,151.19000244140625,151.2899932861328,146.05999755859375,147.5,302400.0
2020-12-18,148.4199981689453,149.1199951171875,145.3800048828125,148.3300018310547,986600.0
2020-12-21,146.0500030517578,147.8800048828125,144.86000061035156,146.64999389648438,454600.0
2020-12-22,147.3699951171875,149.11000061035156,145.1999969482422,149.07000732421875,324800.0
2020-12-23,149.60000610351562,153.49000549316406,149.60000610351562,151.85000610351562,351700.0
2020-12-24,153.07000732421875,154.0399932861328,151.0800018310547,153.75999450683594,97400.0
2020-12-28,155.0,155.49000549316406,151.52999877929688,152.80999755859375,204200.0
2020-12-29,153.14999389648438,153.86000061035156,149.14999389648438,150.8699951171875,257100.0
2020-12-30,150.3000030517578,152.25999450683594,148.77000427246094,149.22999572753906,199300.0
2020-12-31,148.9499969482422,149.4199981689453,146.6999969482422,148.3699951171875,314900.0
2021-01-04,149.82000732421875,149.82000732421875,141.38999938964844,142.3300018310547,232800.0
2021-01-05,142.0500030517578,145.47999572753906,141.8800048828125,143.32000732421875,373000.0
2021-01-06,146.05999755859375,149.8699951171875,144.91000366210938,148.22000122070312,465800.0
2021-01-07,149.6199951171875,149.6300048828125,145.63999938964844,147.88999938964844,384500.0
2021-01-08,148.6999969482422,151.92999267578125,147.6199951171875,149.69000244140625,275300.0
2021-01-11,148.49000549316406,150.4499969482422,148.38999938964844,150.1999969482422,269000.0
2021-01-12,150.92999267578125,154.47000122070312,150.2899932861328,152.7899932861328,299000.0
2021-01-13,152.7100067138672,154.13999938964844,146.92999267578125,147.24000549316406,394100.0
2021-01-14,149.24000549316406,151.72999572753906,148.52999877929688,149.07000732421875,381100.0
2021-01-15,148.3000030517578,149.82000732421875,146.11000061035156,148.3000030517578,240600.0
2021-01-19,149.5,151.42999267578125,146.25999450683594,149.7100067138672,237300.0
2021-01-20,149.4199981689453,156.35000610351562,148.75,154.11000061035156,342700.0
2021-01-21,152.99000549316406,155.4600067138672,151.91000366210938,154.3300018310547,258200.0
2021-01-22,153.3800048828125,161.07000732421875,152.72999572753906,159.89999389648438,330400.0
2021-01-25,161.17999267578125,161.17999267578125,154.89999389648438,158.64999389648438,386900.0
2021-01-26,159.41000366210938,159.7100067138672,152.58999633789062,152.75,333200.0
2021-01-27,150.83999633789062,155.1699981689453,150.19000244140625,152.25999450683594,651600.0
2021-01-28,153.27000427246094,155.69000244140625,152.1699981689453,153.7899932861328,430500.0
2021-01-29,153.27000427246094,153.27000427246094,145.08999633789062,146.2100067138672,492100.0
2021-02-01,147.02000427246094,151.27999877929688,145.82000732421875,151.22000122070312,577100.0
2021-02-02,153.52000427246094,153.74000549316406,150.0800018310547,152.3800048828125,860100.0
2021-02-03,151.5800018310547,151.75999450683594,148.77000427246094,150.0,1354200.0
2021-02-04,150.97000122070312,154.2899932861328,149.27999877929688,153.27000427246094,909100.0
2021-02-05,154.8699951171875,155.39999389648438,153.44000244140625,154.25999450683594,459700.0
2021-02-08,154.35000610351562,156.97999572753906,153.82000732421875,156.7100067138672,475700.0
2021-02-09,158.10000610351562,163.80999755859375,152.83999633789062,155.82000732421875,805500.0
2021-02-10,155.61000061035156,156.6999969482422,153.1699981689453,154.32000732421875,401500.0
2021-02-11,154.74000549316406,159.64999389648438,154.16000366210938,156.74000549316406,429100.0
2021-02-12,156.57000732421875,159.00999450683594,154.27999877929688,155.72000122070312,282200.0
2021-02-16,156.17999267578125,156.61000061035156,154.0399932861328,154.86000061035156,282300.0
2021-02-17,152.89999389648438,154.1999969482422,151.41000366210938,151.4199981689453,192600.0
2021-02-18,150.57000732421875,150.97000122070312,148.55999755859375,150.58999633789062,212600.0
2021-02-19,152.0399932861328,156.9199981689453,150.97000122070312,156.9199981689453,306500.0
2021-02-22,156.35000610351562,167.6199951171875,156.0399932861328,166.55999755859375,557600.0
2021-02-23,165.72000122070312,172.97000122070312,165.72000122070312,172.05999755859375,555300.0
2021-02-24,172.05999755859375,175.0,171.75,174.3800048828125,370300.0
2021-02-25,174.33999633789062,174.64999389648438,169.22000122070312,171.4499969482422,560300.0
2021-02-26,172.47999572753906,175.39999389648438,171.3800048828125,173.97999572753906,690100.0
2021-03-01,177.2100067138672,179.99000549316406,176.85000610351562,178.9199981689453,575400.0
2021-03-02,180.0,180.60000610351562,177.52999877929688,178.25,712200.0
2021-03-03,179.1300048828125,186.17999267578125,178.1199951171875,181.77999877929688,586900.0
2021-03-04,182.44000244140625,183.0399932861328,171.8000030517578,173.97000122070312,515000.0
2021-03-05,175.2899932861328,177.4600067138672,169.75999450683594,177.17999267578125,427300.0
2021-03-08,177.8699951171875,180.27000427246094,174.72999572753906,177.2899932861328,371300.0
2021-03-09,177.7899932861328,177.94000244140625,172.02999877929688,175.55999755859375,320100.0
2021-03-10,175.2100067138672,176.66000366210938,173.41000366210938,174.08999633789062,245200.0
2021-03-11,175.91000366210938,176.19000244140625,173.22999572753906,175.25999450683594,247500.0
2021-03-12,173.9600067138672,176.88999938964844,173.32000732421875,175.8000030517578,250900.0
2021-03-15,176.0,180.9600067138672,173.6300048828125,180.1199951171875,273300.0
2021-03-16,180.5399932861328,180.85000610351562,175.9499969482422,176.2899932861328,183500.0
2021-03-17,175.6300048828125,179.6300048828125,174.5500030517578,179.61000061035156,185100.0
2021-03-18,178.67999267578125,182.1999969482422,176.69000244140625,177.77000427246094,198400.0
2021-03-19,178.42999267578125,179.47999572753906,173.41000366210938,175.02000427246094,509400.0
2021-03-22,174.7899932861328,176.75999450683594,173.55999755859375,175.41000366210938,192800.0
2021-03-23,173.61000061035156,175.77999877929688,171.35000610351562,172.64999389648438,390400.0
2021-03-24,174.67999267578125,176.1999969482422,170.42999267578125,170.6699981689453,201100.0
2021-03-25,169.33999633789062,175.91000366210938,167.05999755859375,175.1300048828125,380900.0
2021-03-26,176.82000732421875,181.08999633789062,174.74000549316406,181.08999633789062,311200.0
2021-03-29,179.44000244140625,182.17999267578125,176.38999938964844,177.75,265100.0
2021-03-30,177.8000030517578,181.2899932861328,176.7899932861328,179.1300048828125,385900.0
2021-03-31,178.75,182.3800048828125,177.1999969482422,179.0399932861328,329200.0
2021-04-01,180.66000366210938,184.52000427246094,179.27000427246094,184.52000427246094,297700.0
2021-04-05,185.0,186.60000610351562,183.14999389648438,185.82000732421875,252700.0
2021-04-06,184.8699951171875,185.42999267578125,181.66000366210938,182.44000244140625,309000.0
2021-04-07,183.0399932861328,183.63999938964844,178.82000732421875,180.69000244140625,213600.0
2021-04-08,180.0800018310547,183.33999633789062,177.69000244140625,182.22000122070312,281300.0
2021-04-09,181.97999572753906,183.52000427246094,179.25,183.32000732421875,213100.0
2021-04-12,183.3000030517578,183.3000030517578,179.24000549316406,182.02000427246094,357800.0
2021-04-13,182.6300048828125,182.6300048828125,178.10000610351562,179.17999267578125,220600.0
2021-04-14,179.91000366210938,183.55999755859375,179.27999877929688,179.6300048828125,175700.0
2021-04-15,180.6999969482422,181.67999267578125,178.0399932861328,180.55999755859375,382800.0
2021-04-16,181.38999938964844,182.27000427246094,177.85000610351562,179.17999267578125,268700.0
2021-04-19,178.42999267578125,179.80999755859375,177.3800048828125,179.33999633789062,339700.0
2021-04-20,178.61000061035156,180.2100067138672,174.69000244140625,176.3800048828125,189700.0
2021-04-21,175.67999267578125,178.0800018310547,175.0,177.60000610351562,207100.0
2021-04-22,177.63999938964844,179.17999267578125,175.32000732421875,176.19000244140625,264400.0
2021-04-23,177.64999389648438,179.27000427246094,176.4199981689453,178.22000122070312,233600.0
2021-04-26,179.6199951171875,181.4600067138672,178.39999389648438,179.1300048828125,207500.0
2021-04-27,180.3000030517578,181.3699951171875,176.97999572753906,180.97999572753906,177200.0
2021-04-28,181.24000549316406,181.35000610351562,177.9199981689453,178.66000366210938,190400.0
2021-04-29,180.88999938964844,187.86000061035156,180.42999267578125,186.11000061035156,334400.0
2021-04-30,185.60000610351562,188.75999450683594,185.3699951171875,187.91000366210938,319200.0
2021-05-03,189.8000030517578,192.32000732421875,187.5399932861328,191.4499969482422,450300.0
2021-05-04,190.9499969482422,192.07000732421875,188.8000030517578,191.0399932861328,331800.0
2021-05-05,192.89999389648438,192.89999389648438,185.41000366210938,187.97000122070312,318700.0
2021-05-06,190.5,193.38999938964844,186.30999755859375,193.1999969482422,331200.0
2021-05-07,192.2899932861328,199.07000732421875,192.2899932861328,199.02999877929688,230700.0
2021-05-10,199.5,202.61000061035156,198.2100067138672,200.5,380200.0
2021-05-11,196.82000732421875,199.5,196.08999633789062,198.4600067138672,380500.0
2021-05-12,198.72999572753906,200.6699981689453,195.9600067138672,198.1300048828125,619800.0
2021-05-13,197.9600067138672,202.5800018310547,196.58999633789062,199.3300018310547,535600.0
2021-05-14,201.52000427246094,202.1699981689453,198.52999877929688,200.4600067138672,465600.0
2021-05-17,200.0500030517578,203.25999450683594,198.75999450683594,202.91000366210938,370700.0
2021-05-18,203.72000122070312,204.6999969482422,200.61000061035156,201.00999450683594,295800.0
2021-05-19,198.10000610351562,203.7100067138672,197.3800048828125,203.6999969482422,288100.0
2021-05-20,202.77000427246094,207.74000549316406,201.7899932861328,207.1300048828125,315700.0
2021-05-21,208.41000366210938,211.58999633789062,206.82000732421875,206.88999938964844,190900.0
2021-05-24,207.82000732421875,210.3699951171875,207.52999877929688,209.0500030517578,283100.0
2021-05-25,209.5,210.67999267578125,203.74000549316406,204.13999938964844,380200.0
2021-05-26,205.0399932861328,206.7100067138672,203.7100067138672,204.5,233100.0
2021-05-27,206.86000061035156,206.86000061035156,200.74000549316406,201.4600067138672,629100.0
2021-05-28,201.5,202.6300048828125,199.35000610351562,202.25,275900.0
2021-06-01,204.07000732421875,205.25,201.38999938964844,204.9499969482422,320000.0
2021-06-02,206.3800048828125,206.7100067138672,202.83999633789062,206.1699981689453,326200.0
2021-06-03,205.49000549316406,206.8300018310547,202.82000732421875,206.4600067138672,243800.0
2021-06-04,207.32000732421875,207.32000732421875,202.16000366210938,202.52999877929688,209800.0
2021-06-07,202.77000427246094,207.6199951171875,201.50999450683594,205.99000549316406,398300.0
2021-06-08,204.9499969482422,210.67999267578125,204.64999389648438,209.8000030517578,299400.0
2021-06-09,210.0,212.25999450683594,209.07000732421875,210.2100067138672,394700.0
2021-06-10,212.08999633789062,212.9499969482422,208.27999877929688,208.52000427246094,232300.0
2021-06-11,208.55999755859375,211.6300048828125,208.5399932861328,211.6300048828125,183100.0
2021-06-14,211.5500030517578,212.22999572753906,206.22000122070312,207.0,280100.0
2021-06-15,208.97999572753906,210.75999450683594,206.1699981689453,206.42999267578125,536600.0
2021-06-16,206.0800018310547,208.32000732421875,203.35000610351562,205.1199951171875,432700.0
2021-06-17,204.7100067138672,205.8800048828125,199.82000732421875,200.88999938964844,491700.0
2021-06-18,199.19000244140625,202.25999450683594,195.77000427246094,198.97999572753906,541500.0
2021-06-21,201.1199951171875,206.83999633789062,199.5399932861328,205.47000122070312,1053700.0
2021-06-22,205.47000122070312,206.24000549316406,201.4499969482422,203.0800018310547,413000.0
2021-06-23,203.07000732421875,204.25999450683594,201.2899932861328,203.11000061035156,376400.0
2021-06-24,204.0,204.4600067138672,202.3800048828125,204.0,406200.0
2021-06-25,204.0,204.7100067138672,201.7100067138672,204.27000427246094,847000.0
2021-06-28,204.0,204.47999572753906,200.49000549316406,202.22000122070312,269700.0
2021-06-29,203.6699981689453,203.97000122070312,198.08999633789062,198.35000610351562,215900.0
2021-06-30,197.86000061035156,198.17999267578125,194.08999633789062,195.4600067138672,670900.0
2021-07-01,196.8000030517578,201.85000610351562,196.8000030517578,199.1199951171875,493700.0
2021-07-02,199.27000427246094,199.27000427246094,193.75999450683594,194.52999877929688,463700.0
2021-07-06,194.85000610351562,194.85000610351562,189.4600067138672,190.6199951171875,376600.0
2021-07-07,189.13999938964844,192.16000366210938,187.99000549316406,190.27999877929688,469500.0
2021-07-08,187.97000122070312,193.5399932861328,186.3300018310547,190.7100067138672,410400.0
2021-07-09,193.25999450683594,195.7899932861328,191.8300018310547,194.13999938964844,345900.0
2021-07-12,192.47000122070312,196.19000244140625,191.64999389648438,195.02000427246094,392700.0
2021-07-13,194.8000030517578,195.6999969482422,190.52000427246094,190.9199981689453,576600.0
2021-07-14,191.8800048828125,194.42999267578125,191.8800048828125,193.32000732421875,229000.0
2021-07-15,191.75,194.97000122070312,191.27000427246094,192.82000732421875,156000.0
2021-07-16,193.92999267578125,195.25999450683594,191.47000122070312,191.77999877929688,234300.0
2021-07-19,187.8300018310547,188.5800018310547,184.2100067138672,185.08999633789062,265600.0
2021-07-20,186.0,196.77999877929688,185.75,194.74000549316406,445500.0
2021-07-21,195.47999572753906,202.2100067138672,195.47999572753906,201.0500030517578,456100.0
2021-07-22,200.36000061035156,201.6300048828125,197.97999572753906,201.1999969482422,190400.0
2021-07-23,202.75999450683594,204.6199951171875,201.8800048828125,204.3300018310547,277800.0
2021-07-26,203.49000549316406,210.16000366210938,203.49000549316406,209.19000244140625,474700.0
2021-07-27,208.83999633789062,212.55999755859375,207.63999938964844,212.47999572753906,292000.0
2021-07-28,212.49000549316406,217.89999389648438,211.99000549316406,217.4499969482422,530400.0
2021-07-29,217.05999755859375,227.64999389648438,217.05999755859375,221.66000366210938,619200.0
2021-07-30,220.3699951171875,225.74000549316406,220.3699951171875,222.57000732421875,349100.0
2021-08-02,224.27999877929688,228.39999389648438,217.60000610351562,218.47999572753906,392100.0
2021-08-03,219.9600067138672,221.35000610351562,214.82000732421875,221.35000610351562,368100.0
2021-08-04,221.3300018310547,245.11000061035156,221.3300018310547,242.3300018310547,886600.0
2021-08-05,245.55999755859375,249.32000732421875,242.11000061035156,248.9199981689453,718300.0
2021-08-06,251.05999755859375,253.89999389648438,250.0,251.74000549316406,465700.0
2021-08-09,250.5,251.07000732421875,247.88999938964844,248.3800048828125,344500.0
2021-08-10,247.94000244140625,251.52999877929688,246.27000427246094,249.82000732421875,309700.0
2021-08-11,250.0,253.92999267578125,248.11000061035156,253.0800018310547,380000.0
2021-08-12,252.3699951171875,253.05999755859375,249.3699951171875,250.5,459600.0
2021-08-13,251.74000549316406,253.36000061035156,248.3699951171875,249.58999633789062,323300.0
2021-08-16,248.7899932861328,249.8699951171875,244.4199981689453,244.5800018310547,312000.0
2021-08-17,241.5,243.8000030517578,237.2100067138672,241.6199951171875,449400.0
2021-08-18,243.5399932861328,244.55999755859375,237.3699951171875,237.47999572753906,373400.0
2021-08-19,234.74000549316406,238.17999267578125,233.1199951171875,235.57000732421875,283600.0
2021-08-20,234.0,237.2100067138672,231.6699981689453,236.66000366210938,238100.0
2021-08-23,237.5500030517578,239.61000061035156,237.35000610351562,239.5800018310547,153600.0
2021-08-24,241.0800018310547,242.1999969482422,238.13999938964844,239.88999938964844,202800.0
2021-08-25,239.0,242.89999389648438,238.13999938964844,241.35000610351562,285100.0
2021-08-26,242.0399932861328,242.8000030517578,237.2100067138672,237.77000427246094,290900.0
2021-08-27,239.6300048828125,245.41000366210938,239.6300048828125,244.9199981689453,303200.0
2021-08-30,244.27999877929688,245.44000244140625,241.17999267578125,242.88999938964844,225700.0
2021-08-31,243.50999450683594,246.0,241.39999389648438,242.42999267578125,258400.0
2021-09-01,241.72000122070312,247.7100067138672,239.72000122070312,246.10000610351562,305700.0
2021-09-02,246.58999633789062,247.47000122070312,241.9199981689453,243.24000549316406,307000.0
2021-09-03,242.47999572753906,244.47999572753906,241.25999450683594,244.02000427246094,242900.0
2021-09-07,243.50999450683594,244.42999267578125,240.75,242.00999450683594,220200.0
2021-09-08,241.1699981689453,243.63999938964844,239.64999389648438,242.9600067138672,216100.0
2021-09-09,241.89999389648438,245.55999755859375,240.3800048828125,241.8300018310547,152000.0
2021-09-10,243.02000427246094,243.55999755859375,234.60000610351562,235.44000244140625,275800.0
2021-09-13,237.50999450683594,241.4499969482422,235.67999267578125,240.0,239500.0
2021-09-14,241.99000549316406,241.99000549316406,236.35000610351562,237.5800018310547,213200.0
2021-09-15,237.07000732421875,241.0399932861328,236.5800018310547,240.85000610351562,162400.0
2021-09-16,240.25,244.0,240.22999572753906,241.35000610351562,254900.0
2021-09-17,242.4499969482422,244.44000244140625,237.11000061035156,239.1300048828125,718900.0
2021-09-20,234.77000427246094,236.97999572753906,230.66000366210938,236.8699951171875,323900.0
2021-09-21,239.24000549316406,239.97000122070312,234.08999633789062,234.77999877929688,174400.0
2021-09-22,237.25999450683594,242.0800018310547,237.17999267578125,241.42999267578125,265100.0
2021-09-23,242.61000061035156,249.07000732421875,241.66000366210938,247.0500030517578,265000.0
2021-09-24,245.27000427246094,250.17999267578125,245.02000427246094,249.49000549316406,306700.0
2021-09-27,249.99000549316406,252.88999938964844,247.92999267578125,248.6699981689453,221600.0
2021-09-28,247.72000122070312,250.83999633789062,245.1999969482422,249.2899932861328,220500.0
2021-09-29,250.3699951171875,253.77000427246094,248.10000610351562,249.0800018310547,234600.0
2021-09-30,251.27000427246094,251.27000427246094,245.60000610351562,248.08999633789062,315900.0
2021-10-01,249.6199951171875,258.3800048828125,246.3699951171875,258.0199890136719,312100.0
2021-10-04,258.2200012207031,260.760009765625,252.42999267578125,252.8300018310547,314200.0
2021-10-05,253.30999755859375,257.9100036621094,248.1699981689453,255.47000122070312,314600.0
2021-10-06,252.67999267578125,254.1699981689453,244.5,251.99000549316406,309300.0
2021-10-07,254.4199981689453,257.5199890136719,251.1999969482422,253.25999450683594,302700.0
2021-10-08,253.80999755859375,256.0199890136719,249.5399932861328,251.5800018310547,219800.0
2021-10-11,251.57000732421875,256.6300048828125,250.8000030517578,254.99000549316406,207100.0
2021-10-12,255.05999755859375,257.1099853515625,253.0800018310547,255.0399932861328,136300.0
2021-10-13,256.2099914550781,258.1099853515625,252.60000610351562,256.3900146484375,150700.0
2021-10-14,258.55999755859375,258.9100036621094,252.50999450683594,255.99000549316406,287000.0
2021-10-15,258.0899963378906,258.1400146484375,252.92999267578125,253.63999938964844,275700.0
2021-10-18,253.63999938964844,257.8900146484375,253.10000610351562,254.44000244140625,251600.0
2021-10-19,255.52000427246094,256.9100036621094,251.77000427246094,251.82000732421875,189700.0
2021-10-20,251.80999755859375,255.19000244140625,251.1699981689453,254.32000732421875,187300.0
2021-10-21,253.55999755859375,256.1499938964844,252.52999877929688,254.91000366210938,133800.0
2021-10-22,255.6999969482422,264.2699890136719,255.4199981689453,263.19000244140625,390100.0
2021-10-25,264.3500061035156,267.45001220703125,262.5799865722656,266.0,349400.0
2021-10-26,265.29998779296875,270.3900146484375,260.9599914550781,263.42999267578125,264500.0
2021-10-27,263.32000732421875,265.80999755859375,259.94000244140625,260.54998779296875,156200.0
2021-10-28,260.9800109863281,264.95001220703125,258.9700012207031,264.3599853515625,213200.0
2021-10-29,263.7200012207031,263.7200012207031,256.6700134277344,258.2300109863281,398400.0
2021-11-01,260.5799865722656,264.739990234375,256.0299987792969,257.7900085449219,380700.0
2021-11-02,256.9700012207031,261.0799865722656,256.17999267578125,258.010009765625,327600.0
2021-11-03,272.1199951171875,272.3599853515625,253.4600067138672,264.4700012207031,436300.0
2021-11-04,266.6400146484375,269.92999267578125,259.9100036621094,262.9800109863281,296000.0
2021-11-05,266.4800109863281,269.8999938964844,265.5199890136719,267.6199951171875,199100.0
2021-11-08,269.8399963378906,273.19000244140625,267.1499938964844,269.04998779296875,202800.0
2021-11-09,267.79998779296875,271.8399963378906,267.6600036621094,270.1300048828125,151100.0
2021-11-10,269.9599914550781,271.8800048828125,263.9200134277344,265.2200012207031,137800.0
2021-11-11,265.3800048828125,269.0,263.8800048828125,266.8500061035156,157500.0
2021-11-12,266.4800109863281,268.32000732421875,264.1600036621094,264.3999938964844,106300.0
2021-11-15,266.45001220703125,267.25,264.4800109863281,266.2200012207031,144300.0
2021-11-16,266.2200012207031,270.0899963378906,265.8500061035156,265.9599914550781,188900.0
2021-11-17,264.6199951171875,264.6199951171875,256.5199890136719,260.9800109863281,172100.0
2021-11-18,261.760009765625,262.54998779296875,258.07000732421875,259.70001220703125,214800.0
2021-11-19,257.9599914550781,262.6499938964844,257.07000732421875,260.1600036621094,136700.0
2021-11-22,261.7200012207031,263.8599853515625,257.6400146484375,257.80999755859375,130400.0
2021-11-23,257.80999755859375,264.7300109863281,257.80999755859375,260.8599853515625,173900.0
2021-11-24,260.32000732421875,266.9200134277344,260.1300048828125,265.1499938964844,188200.0
2021-11-26,254.72999572753906,256.6499938964844,241.6300048828125,247.57000732421875,305800.0
2021-11-29,251.60000610351562,252.77999877929688,245.47999572753906,248.8300018310547,309200.0
2021-11-30,245.17999267578125,246.49000549316406,233.3699951171875,234.91000366210938,491700.0
2021-12-01,240.69000244140625,244.6199951171875,229.11000061035156,229.24000549316406,773500.0
2021-12-02,229.83999633789062,243.3000030517578,229.83999633789062,241.58999633789062,634700.0
2021-12-03,242.11000061035156,245.5,238.41000366210938,240.4499969482422,313800.0
2021-12-06,244.67999267578125,255.6199951171875,242.22999572753906,251.72000122070312,450400.0
2021-12-07,254.63999938964844,260.6300048828125,254.3800048828125,256.6199951171875,252900.0
2021-12-08,258.1300048828125,263.9100036621094,256.2699890136719,260.3900146484375,271800.0
2021-12-09,256.54998779296875,262.8599853515625,256.54998779296875,259.1400146484375,222200.0
2021-12-10,261.92999267578125,263.3800048828125,257.2099914550781,260.0199890136719,188100.0
2021-12-13,257.7300109863281,260.0899963378906,251.0,257.489990234375,325200.0
2021-12-14,256.2099914550781,261.8900146484375,253.67999267578125,254.6699981689453,393300.0
2021-12-15,253.4199981689453,257.44000244140625,250.9199981689453,256.739990234375,405200.0
2021-12-16,257.8999938964844,263.1400146484375,253.0800018310547,254.57000732421875,299000.0
2021-12-17,253.7899932861328,254.3300018310547,247.10000610351562,249.0399932861328,819200.0
2021-12-20,243.75,245.0,235.83999633789062,239.30999755859375,599900.0
2021-12-21,243.3300018310547,254.4199981689453,242.41000366210938,253.8000030517578,416600.0
2021-12-22,251.9600067138672,260.94000244140625,251.7899932861328,260.07000732421875,331800.0
2021-12-23,259.489990234375,266.17999267578125,259.4800109863281,264.8699951171875,211600.0
2021-12-27,265.4100036621094,267.75,264.29998779296875,267.5299987792969,221800.0
2021-12-28,266.6700134277344,270.8299865722656,266.6499938964844,268.79998779296875,142500.0
2021-12-29,269.010009765625,273.6499938964844,267.6099853515625,272.8800048828125,204600.0
2021-12-30,271.8500061035156,275.5799865722656,271.5899963378906,271.8299865722656,165400.0
2021-12-31,271.29998779296875,273.0199890136719,268.82000732421875,269.3399963378906,261400.0
2022-01-03,271.80999755859375,272.8599853515625,264.9599914550781,267.8299865722656,234800.0
2022-01-04,269.8699951171875,275.7699890136719,266.9700012207031,274.3599853515625,216700.0
2022-01-05,275.3699951171875,275.3699951171875,261.5199890136719,262.04998779296875,247200.0
2022-01-06,263.67999267578125,264.8399963378906,258.2799987792969,259.0,264300.0
2022-01-07,257.75,261.25,255.97000122070312,257.6300048828125,274400.0
2022-01-10,255.75,258.44000244140625,247.86000061035156,252.89999389648438,407700.0
2022-01-11,252.89999389648438,260.260009765625,248.32000732421875,259.989990234375,215000.0
2022-01-12,263.1499938964844,266.1300048828125,259.1400146484375,262.45001220703125,216400.0
2022-01-13,262.17999267578125,266.2900085449219,259.6300048828125,260.9200134277344,145000.0
2022-01-14,257.6300048828125,258.489990234375,250.5,254.67999267578125,199800.0
2022-01-18,252.74000549316406,254.3699951171875,247.25,249.83999633789062,267300.0
2022-01-19,250.77000427246094,252.5399932861328,243.07000732421875,243.27999877929688,198800.0
2022-01-20,244.52000427246094,255.22999572753906,243.3699951171875,244.50999450683594,282600.0
2022-01-21,243.57000732421875,251.6199951171875,243.1699981689453,245.77000427246094,306200.0
2022-01-24,239.4600067138672,250.47000122070312,235.27999877929688,249.35000610351562,335700.0
2022-01-25,243.94000244140625,246.80999755859375,237.52000427246094,241.0,402300.0
2022-01-26,245.99000549316406,250.85000610351562,239.49000549316406,240.9600067138672,241700.0
2022-01-27,243.85000610351562,247.4499969482422,236.3300018310547,237.47999572753906,221800.0
2022-01-28,237.58999633789062,242.99000549316406,233.52999877929688,242.8699951171875,203800.0
2022-01-31,242.1999969482422,251.47999572753906,241.9600067138672,250.7899932861328,313700.0
2022-02-01,251.9199981689453,253.69000244140625,248.75,252.3300018310547,216300.0
2022-02-02,253.0800018310547,257.8299865722656,252.24000549316406,254.91000366210938,253700.0
2022-02-03,252.3699951171875,257.3999938964844,252.35000610351562,254.0,181600.0
2022-02-04,253.67999267578125,255.39999389648438,247.2899932861328,250.55999755859375,159300.0
2022-02-07,250.19000244140625,253.9199981689453,248.1999969482422,250.85000610351562,274300.0
2022-02-08,250.42999267578125,254.89999389648438,250.1300048828125,253.1300048828125,373500.0
2022-02-09,256.3999938964844,262.94000244140625,256.0,262.2200012207031,207200.0
2022-02-10,257.0,264.3999938964844,255.66000366210938,257.3500061035156,255900.0
2022-02-11,259.3299865722656,260.8599853515625,250.41000366210938,252.17999267578125,287400.0
2022-02-14,251.60000610351562,254.02000427246094,242.75,244.66000366210938,232800.0
2022-02-15,246.5800018310547,253.11000061035156,246.5800018310547,250.1999969482422,241700.0
2022-02-16,249.0399932861328,254.0500030517578,248.5399932861328,252.5,545400.0
2022-02-17,248.52999877929688,249.6999969482422,244.66000366210938,245.10000610351562,226400.0
2022-02-18,244.35000610351562,249.55999755859375,242.22000122070312,242.66000366210938,256000.0
2022-02-22,240.50999450683594,247.83999633789062,238.5800018310547,245.1300048828125,251100.0
2022-02-23,247.00999450683594,249.0800018310547,234.27999877929688,234.77000427246094,228100.0
2022-02-24,227.00999450683594,236.60000610351562,224.1699981689453,234.50999450683594,402000.0
2022-02-25,234.72999572753906,244.58999633789062,234.72999572753906,243.91000366210938,422700.0
2022-02-28,237.94000244140625,249.4499969482422,237.94000244140625,246.22000122070312,570900.0
2022-03-01,246.94000244140625,250.61000061035156,243.10000610351562,245.75999450683594,508000.0
2022-03-02,247.92999267578125,250.8699951171875,246.25,247.0,396200.0
2022-03-03,249.27999877929688,250.7899932861328,235.61000061035156,239.5500030517578,443700.0
2022-03-04,235.52000427246094,237.4600067138672,220.27999877929688,223.35000610351562,344000.0
2022-03-07,222.52000427246094,223.25,212.97000122070312,213.6300048828125,457700.0
2022-03-08,215.55999755859375,217.58999633789062,209.5,212.52999877929688,363200.0
2022-03-09,219.5500030517578,223.97000122070312,217.42999267578125,221.5500030517578,245500.0
2022-03-10,216.27999877929688,222.66000366210938,215.9499969482422,218.83999633789062,351400.0
2022-03-11,222.66000366210938,226.58999633789062,220.86000061035156,223.60000610351562,290800.0
2022-03-14,225.63999938964844,232.82000732421875,222.13999938964844,223.24000549316406,403300.0
2022-03-15,225.72999572753906,227.58999633789062,221.13999938964844,223.67999267578125,298900.0
2022-03-16,228.2100067138672,238.33999633789062,225.0,237.49000549316406,474900.0
2022-03-17,233.38999938964844,237.17999267578125,233.25,236.36000061035156,295100.0
2022-03-18,234.7100067138672,238.25999450683594,232.47000122070312,233.88999938964844,390500.0
2022-03-21,234.24000549316406,235.75999450683594,228.33999633789062,229.36000061035156,242500.0
2022-03-22,231.58999633789062,235.2899932861328,230.49000549316406,234.13999938964844,222800.0
2022-03-23,230.5800018310547,233.0,226.8000030517578,227.41000366210938,230100.0
2022-03-24,227.8699951171875,231.60000610351562,225.5399932861328,231.33999633789062,162200.0
2022-03-25,232.97000122070312,235.14999389648438,231.17999267578125,235.1300048828125,230100.0
2022-03-28,236.05999755859375,239.08999633789062,235.5,237.27000427246094,319300.0
2022-03-29,241.6699981689453,249.39999389648438,240.6199951171875,246.05999755859375,623800.0
2022-03-30,244.10000610351562,246.41000366210938,240.97999572753906,243.22000122070312,233200.0
2022-03-31,242.25999450683594,245.0399932861328,239.39999389648438,239.4600067138672,277200.0
2022-04-01,240.6699981689453,242.49000549316406,234.5800018310547,236.61000061035156,353000.0
2022-04-04,235.72000122070312,238.89999389648438,233.7899932861328,238.47999572753906,292800.0
2022-04-05,234.22999572753906,237.49000549316406,229.1999969482422,229.47000122070312,365400.0
2022-04-06,226.88999938964844,231.99000549316406,224.86000061035156,228.3800048828125,488300.0
2022-04-07,227.0500030517578,227.5,217.3699951171875,220.83999633789062,324000.0
2022-04-08,221.6999969482422,222.8000030517578,217.72999572753906,220.16000366210938,272300.0
2022-04-11,218.6199951171875,226.80999755859375,218.02999877929688,224.47999572753906,301800.0
2022-04-12,226.44000244140625,229.67999267578125,222.1300048828125,222.42999267578125,256900.0
2022-04-13,221.99000549316406,227.52000427246094,221.99000549316406,225.99000549316406,242100.0
2022-04-14,225.16000366210938,228.88999938964844,224.11000061035156,224.89999389648438,224800.0
2022-04-18,224.1300048828125,227.25999450683594,223.75999450683594,225.5,233300.0
2022-04-19,225.33999633789062,232.35000610351562,225.33999633789062,230.77000427246094,216500.0
2022-04-20,232.11000061035156,235.5,232.02999877929688,232.3800048828125,203300.0
2022-04-21,235.16000366210938,238.44000244140625,227.8699951171875,229.0500030517578,192300.0
2022-04-22,228.10000610351562,228.32000732421875,223.8800048828125,224.2100067138672,203700.0
2022-04-25,221.30999755859375,224.85000610351562,218.00999450683594,224.1300048828125,341600.0
2022-04-26,221.42999267578125,224.07000732421875,217.80999755859375,218.0500030517578,309600.0
2022-04-27,217.91000366210938,222.3000030517578,216.69000244140625,219.0399932861328,243400.0
2022-04-28,221.82000732421875,226.47999572753906,217.82000732421875,225.25,282000.0
2022-04-29,223.97000122070312,227.0800018310547,218.32000732421875,218.72999572753906,357500.0
2022-05-02,219.3000030517578,223.0800018310547,212.08999633789062,215.88999938964844,362400.0
2022-05-03,215.83999633789062,221.0800018310547,214.14999389648438,218.85000610351562,332300.0
2022-05-04,219.50999450683594,222.0,212.08999633789062,221.25,399800.0
2022-05-05,218.75999450683594,221.39999389648438,207.82000732421875,209.67999267578125,361000.0
2022-05-06,208.14999389648438,208.94000244140625,199.44000244140625,201.88999938964844,626200.0
2022-05-09,209.99000549316406,210.64999389648438,192.74000549316406,195.58999633789062,550000.0
2022-05-10,199.1699981689453,200.0,187.41000366210938,193.74000549316406,550300.0
2022-05-11,194.75,198.52999877929688,190.14999389648438,190.6199951171875,469900.0
2022-05-12,189.22000122070312,192.5,186.0800018310547,189.25,331600.0
2022-05-13,192.08999633789062,195.5,190.19000244140625,194.07000732421875,256700.0
2022-05-16,193.17999267578125,194.47000122070312,189.86000061035156,192.27999877929688,237900.0
2022-05-17,199.32000732421875,199.32000732421875,193.92999267578125,198.8300018310547,276300.0
2022-05-18,196.24000549316406,197.74000549316406,186.91000366210938,187.64999389648438,300700.0
2022-05-19,186.07000732421875,191.63999938964844,186.07000732421875,188.77999877929688,311900.0
2022-05-20,191.27999877929688,191.39999389648438,182.7100067138672,186.58999633789062,265200.0
2022-05-23,189.3800048828125,191.4600067138672,183.67999267578125,189.7100067138672,331400.0
2022-05-24,187.38999938964844,187.6300048828125,180.3000030517578,186.9199981689453,303100.0
2022-05-25,186.22999572753906,190.33999633789062,186.1699981689453,188.58999633789062,350400.0
2022-05-26,190.66000366210938,196.1300048828125,189.75999450683594,195.3300018310547,276400.0
2022-05-27,198.02000427246094,202.3800048828125,197.66000366210938,201.77999877929688,321800.0
2022-05-31,199.02000427246094,200.82000732421875,196.2899932861328,197.32000732421875,516700.0
2022-06-01,198.39999389648438,199.00999450683594,186.9600067138672,187.6300048828125,533400.0
2022-06-02,187.9499969482422,195.9600067138672,186.4600067138672,195.14999389648438,487800.0
2022-06-03,192.3000030517578,192.3000030517578,187.0800018310547,188.80999755859375,308700.0
2022-06-06,190.4600067138672,191.30999755859375,187.89999389648438,189.10000610351562,392200.0
2022-06-07,187.0,192.00999450683594,187.0,190.27999877929688,325400.0
2022-06-08,187.64999389648438,189.38999938964844,184.77000427246094,185.07000732421875,320300.0
2022-06-09,182.8300018310547,183.92999267578125,177.8699951171875,177.9600067138672,286500.0
2022-06-10,174.6999969482422,177.16000366210938,171.25,172.3800048828125,334400.0
2022-06-13,167.07000732421875,168.24000549316406,161.02000427246094,162.4499969482422,555100.0
2022-06-14,163.67999267578125,165.82000732421875,161.7899932861328,165.3000030517578,450800.0
2022-06-15,167.50999450683594,169.74000549316406,164.4199981689453,166.0800018310547,735500.0
2022-06-16,160.19000244140625,161.33999633789062,154.6300048828125,155.75999450683594,495500.0
2022-06-17,160.4199981689453,168.52999877929688,156.08999633789062,167.02000427246094,1310100.0
2022-06-21,170.49000549316406,172.5800018310547,167.24000549316406,169.52000427246094,643300.0
2022-06-22,167.02000427246094,173.11000061035156,167.02000427246094,170.44000244140625,457000.0
2022-06-23,171.14999389648438,173.55999755859375,170.9199981689453,171.4499969482422,483900.0
2022-06-24,172.60000610351562,175.55999755859375,171.97000122070312,175.4600067138672,433000.0
2022-06-27,176.36000061035156,179.1199951171875,173.82000732421875,176.67999267578125,299100.0
2022-06-28,178.88999938964844,180.8699951171875,176.39999389648438,176.86000061035156,327500.0
2022-06-29,176.67999267578125,177.57000732421875,174.4199981689453,176.6300048828125,295300.0
2022-06-30,172.1300048828125,178.8699951171875,171.3699951171875,174.86000061035156,675000.0
2022-07-01,173.92999267578125,181.6999969482422,173.92999267578125,181.1699981689453,305800.0
2022-07-05,176.8300018310547,181.6199951171875,175.91000366210938,180.6300048828125,393100.0
2022-07-06,179.91000366210938,182.13999938964844,172.7100067138672,173.0399932861328,401100.0
2022-07-07,174.5,176.86000061035156,172.94000244140625,175.0399932861328,270200.0
2022-07-08,173.69000244140625,175.36000061035156,170.50999450683594,174.44000244140625,272000.0
2022-07-11,172.47999572753906,175.2899932861328,172.30999755859375,173.4499969482422,240800.0
2022-07-12,172.2100067138672,177.47999572753906,172.2100067138672,174.88999938964844,281600.0
2022-07-13,171.8800048828125,173.47000122070312,170.3800048828125,172.16000366210938,327700.0
2022-07-14,168.05999755859375,170.0800018310547,166.8800048828125,169.64999389648438,256800.0
2022-07-15,172.9600067138672,176.25999450683594,171.74000549316406,175.0,288500.0
2022-07-18,176.25,178.22999572753906,174.7899932861328,175.33999633789062,469700.0
2022-07-19,178.41000366210938,182.0,177.02000427246094,180.8800048828125,290200.0
2022-07-20,181.10000610351562,184.1300048828125,180.1999969482422,183.58999633789062,221200.0
2022-07-21,182.24000549316406,184.75999450683594,180.58999633789062,184.3800048828125,313400.0
2022-07-22,185.39999389648438,186.25999450683594,182.75999450683594,184.07000732421875,254500.0
2022-07-25,184.7100067138672,187.50999450683594,183.74000549316406,185.75,259900.0
2022-07-26,186.02000427246094,186.02000427246094,182.3000030517578,183.14999389648438,207000.0
2022-07-27,184.35000610351562,186.1999969482422,181.42999267578125,185.44000244140625,367000.0
2022-07-28,185.42999267578125,189.52999877929688,184.52999877929688,189.14999389648438,267000.0
2022-07-29,189.83999633789062,191.7899932861328,188.60000610351562,190.6699981689453,198000.0
2022-08-01,188.3800048828125,189.6300048828125,186.1699981689453,189.0399932861328,172200.0
2022-08-02,187.1699981689453,187.24000549316406,183.9499969482422,184.1999969482422,343900.0
2022-08-03,187.3699951171875,189.5500030517578,180.72000122070312,180.9600067138672,331300.0
2022-08-04,180.3300018310547,180.63999938964844,172.6300048828125,174.82000732421875,352900.0
2022-08-05,173.5,176.36000061035156,173.2899932861328,174.8000030517578,232800.0
2022-08-08,176.86000061035156,178.3800048828125,174.64999389648438,177.35000610351562,228300.0
2022-08-09,176.52000427246094,177.63999938964844,173.88999938964844,176.72999572753906,299700.0
2022-08-10,180.11000061035156,182.8300018310547,178.97999572753906,180.1999969482422,327700.0
2022-08-11,182.2100067138672,183.94000244140625,180.8300018310547,182.42999267578125,204000.0
2022-08-12,184.60000610351562,186.3699951171875,182.47999572753906,186.22999572753906,186800.0
2022-08-15,184.64999389648438,187.6300048828125,184.10000610351562,186.6999969482422,191500.0
2022-08-16,185.9499969482422,187.7899932861328,184.74000549316406,186.47999572753906,281200.0
2022-08-17,183.50999450683594,187.82000732421875,182.8300018310547,187.66000366210938,272100.0
2022-08-18,186.75,189.27999877929688,186.75,186.9499969482422,207900.0
2022-08-19,184.44000244140625,185.75,180.8699951171875,182.88999938964844,192900.0
2022-08-22,180.0,180.6999969482422,173.8699951171875,174.63999938964844,256200.0
2022-08-23,175.58999633789062,178.52000427246094,174.67999267578125,175.67999267578125,172700.0
2022-08-24,175.67999267578125,177.64999389648438,175.1999969482422,176.72999572753906,271100.0
2022-08-25,178.6999969482422,181.05999755859375,178.13999938964844,180.89999389648438,164800.0
2022-08-26,180.9499969482422,180.9499969482422,175.24000549316406,176.0,264700.0
2022-08-29,173.50999450683594,177.5,173.4499969482422,173.63999938964844,247100.0
2022-08-30,174.80999755859375,174.80999755859375,172.25,173.38999938964844,301600.0
2022-08-31,173.3300018310547,176.05999755859375,171.49000549316406,173.0,440800.0
2022-09-01,171.7899932861328,173.22999572753906,165.67999267578125,171.66000366210938,322300.0
2022-09-02,174.0,177.44000244140625,169.33999633789062,169.4499969482422,343700.0
2022-09-06,170.08999633789062,171.0800018310547,165.19000244140625,166.13999938964844,312500.0
2022-09-07,166.57000732421875,172.52000427246094,166.08999633789062,171.60000610351562,292700.0
2022-09-08,169.3000030517578,174.10000610351562,168.10000610351562,173.97999572753906,219900.0
2022-09-09,174.82000732421875,176.94000244140625,174.0800018310547,175.7899932861328,232200.0
2022-09-12,176.42999267578125,180.1999969482422,176.42999267578125,178.35000610351562,285700.0
2022-09-13,172.9600067138672,172.9600067138672,167.9499969482422,168.25,297900.0
2022-09-14,166.9600067138672,167.1199951171875,163.3699951171875,166.80999755859375,334400.0
2022-09-15,165.89999389648438,169.9600067138672,165.0800018310547,165.5399932861328,227300.0
2022-09-16,164.42999267578125,164.42999267578125,160.61000061035156,162.72999572753906,931300.0
2022-09-19,160.97000122070312,164.69000244140625,160.97000122070312,164.27999877929688,291000.0
2022-09-20,161.35000610351562,161.35000610351562,158.4199981689453,160.14999389648438,382700.0
2022-09-21,161.58999633789062,162.39999389648438,157.1199951171875,157.13999938964844,301500.0
2022-09-22,156.72999572753906,156.9199981689453,154.6300048828125,155.9199981689453,271600.0
2022-09-23,153.7100067138672,154.9499969482422,151.08999633789062,153.33999633789062,548700.0
2022-09-26,151.72000122070312,154.52000427246094,150.55999755859375,151.58999633789062,509100.0
2022-09-27,153.25999450683594,155.3699951171875,151.35000610351562,151.50999450683594,622700.0
2022-09-28,152.99000549316406,155.91000366210938,150.75,154.8800048828125,305200.0
2022-09-29,152.44000244140625,153.1300048828125,147.22999572753906,148.63999938964844,290300.0
2022-09-30,149.4499969482422,153.1699981689453,148.88999938964844,151.07000732421875,454200.0
2022-10-03,153.50999450683594,159.10000610351562,151.3000030517578,157.9600067138672,402800.0
2022-10-04,160.89999389648438,168.10000610351562,160.89999389648438,167.99000549316406,407800.0
2022-10-05,165.97000122070312,167.64999389648438,164.49000549316406,165.7100067138672,453400.0
2022-10-06,165.77999877929688,166.61000061035156,163.08999633789062,163.8300018310547,333800.0
2022-10-07,161.55999755859375,161.63999938964844,155.99000549316406,157.1699981689453,361800.0
2022-10-10,158.3300018310547,161.32000732421875,157.3300018310547,160.74000549316406,279700.0
2022-10-11,160.69000244140625,162.47999572753906,157.69000244140625,161.25999450683594,347400.0
2022-10-12,161.52999877929688,162.33999633789062,158.82000732421875,160.3300018310547,299300.0
2022-10-13,156.67999267578125,162.2899932861328,155.08999633789062,161.14999389648438,269100.0
2022-10-14,163.94000244140625,164.8800048828125,156.33999633789062,156.6300048828125,261900.0
2022-10-17,160.67999267578125,164.50999450683594,160.44000244140625,161.89999389648438,328200.0
2022-10-18,165.36000061035156,166.9600067138672,161.8699951171875,164.11000061035156,282200.0
2022-10-19,160.42999267578125,160.42999267578125,155.55999755859375,156.3000030517578,442000.0
2022-10-20,155.7100067138672,158.69000244140625,153.9499969482422,155.02999877929688,268200.0
2022-10-21,154.4600067138672,159.25,153.7899932861328,159.0,236200.0
2022-10-24,160.27999877929688,161.1199951171875,158.57000732421875,159.2100067138672,323200.0
2022-10-25,158.80999755859375,165.16000366210938,158.80999755859375,163.50999450683594,277500.0
2022-10-26,164.0,167.5500030517578,161.91000366210938,165.7899932861328,227000.0
2022-10-27,166.7100067138672,167.22000122070312,160.4499969482422,163.3800048828125,453700.0
2022-10-28,162.9199981689453,164.8800048828125,161.19000244140625,162.4199981689453,354700.0
2022-10-31,161.35000610351562,162.60000610351562,158.58999633789062,159.08999633789062,510900.0
2022-11-01,161.19000244140625,164.1300048828125,159.3699951171875,161.89999389648438,388300.0
2022-11-02,149.7899932861328,150.4499969482422,141.08999633789062,141.66000366210938,1455200.0
2022-11-03,139.44000244140625,140.0500030517578,135.35000610351562,138.3300018310547,845500.0
2022-11-04,141.19000244140625,144.38999938964844,139.4600067138672,141.75999450683594,676500.0
2022-11-07,143.67999267578125,147.24000549316406,143.3699951171875,146.8800048828125,339700.0
2022-11-08,146.4600067138672,149.41000366210938,144.88999938964844,148.30999755859375,296500.0
2022-11-09,147.10000610351562,147.72000122070312,143.72000122070312,145.97999572753906,356500.0
2022-11-10,153.9499969482422,165.5500030517578,153.80999755859375,161.58999633789062,632000.0
2022-11-11,163.2899932861328,169.0399932861328,162.80999755859375,165.27999877929688,378700.0
2022-11-14,163.0399932861328,163.82000732421875,159.69000244140625,159.86000061035156,346400.0
2022-11-15,163.17999267578125,164.5800018310547,160.3800048828125,160.69000244140625,470800.0
2022-11-16,158.5500030517578,166.1999969482422,158.5500030517578,161.02000427246094,589400.0
2022-11-17,157.16000366210938,158.67999267578125,153.97000122070312,155.52999877929688,281100.0
2022-11-18,158.24000549316406,159.22999572753906,153.6699981689453,155.9199981689453,255300.0
2022-11-21,154.74000549316406,159.2100067138672,154.74000549316406,157.5,342800.0
2022-11-22,158.2100067138672,161.9600067138672,155.52999877929688,161.82000732421875,321500.0
2022-11-23,161.6999969482422,163.42999267578125,160.00999450683594,162.52000427246094,274700.0
2022-11-25,161.52000427246094,164.67999267578125,161.38999938964844,164.0500030517578,75700.0
2022-11-28,162.0800018310547,162.61000061035156,159.1199951171875,159.36000061035156,266500.0
2022-11-29,158.69000244140625,162.55999755859375,158.69000244140625,162.13999938964844,227500.0
2022-11-30,161.61000061035156,168.33999633789062,159.17999267578125,168.1699981689453,454000.0
2022-12-01,168.17999267578125,170.83999633789062,166.3300018310547,167.94000244140625,206200.0
2022-12-02,165.0800018310547,167.6199951171875,165.0800018310547,166.7899932861328,159700.0
2022-12-05,165.3000030517578,165.3000030517578,161.19000244140625,161.9199981689453,190700.0
2022-12-06,162.6199951171875,163.08999633789062,159.82000732421875,161.77999877929688,294800.0
2022-12-07,160.3800048828125,162.64999389648438,159.69000244140625,161.25999450683594,165900.0
2022-12-08,162.1199951171875,164.69000244140625,161.22000122070312,161.75999450683594,200100.0
2022-12-09,161.35000610351562,163.4199981689453,160.80999755859375,161.00999450683594,193400.0
2022-12-12,161.88999938964844,163.38999938964844,159.9199981689453,162.92999267578125,270300.0
2022-12-13,169.47999572753906,170.9199981689453,166.97000122070312,170.57000732421875,333700.0
2022-12-14,169.00999450683594,170.94000244140625,165.9499969482422,167.1300048828125,244900.0
2022-12-15,163.6699981689453,164.36000061035156,161.74000549316406,162.17999267578125,229400.0
2022-12-16,159.0500030517578,159.47999572753906,157.05999755859375,158.38999938964844,702600.0
2022-12-19,158.13999938964844,159.22999572753906,153.86000061035156,155.07000732421875,208800.0
2022-12-20,154.2899932861328,158.25,153.67999267578125,156.1699981689453,227600.0
2022-12-21,157.72000122070312,160.8000030517578,157.22000122070312,158.69000244140625,208500.0
2022-12-22,157.47000122070312,157.7899932861328,154.14999389648438,156.83999633789062,172700.0
2022-12-23,156.75999450683594,159.0,155.5800018310547,158.52000427246094,135900.0
2022-12-27,158.11000061035156,159.08999633789062,156.63999938964844,157.92999267578125,92900.0
2022-12-28,157.38999938964844,158.85000610351562,154.25,154.69000244140625,142900.0
2022-12-29,155.36000061035156,161.50999450683594,155.2899932861328,161.1699981689453,156600.0
2022-12-30,159.1699981689453,160.27999877929688,157.47999572753906,159.3699951171875,130600.0
2023-01-03,162.05999755859375,165.27000427246094,160.72000122070312,162.5,200700.0
2023-01-04,164.83999633789062,166.69000244140625,163.0500030517578,165.2100067138672,152400.0
2023-01-05,163.27999877929688,163.27999877929688,160.07000732421875,162.5500030517578,169600.0
2023-01-06,163.82000732421875,168.91000366210938,162.3000030517578,168.32000732421875,190300.0
2023-01-09,168.72000122070312,171.1999969482422,167.61000061035156,168.42999267578125,106700.0
2023-01-10,167.14999389648438,169.82000732421875,166.72999572753906,168.8699951171875,118100.0
2023-01-11,170.36000061035156,173.42999267578125,170.36000061035156,173.42999267578125,166900.0
2023-01-12,174.0800018310547,175.85000610351562,172.13999938964844,174.49000549316406,193000.0
2023-01-13,172.08999633789062,177.72999572753906,171.89999389648438,177.16000366210938,149600.0
2023-01-17,176.22999572753906,179.33999633789062,175.85000610351562,176.38999938964844,220900.0
2023-01-18,177.38999938964844,178.42999267578125,175.0,175.8000030517578,253100.0
2023-01-19,173.6300048828125,175.8800048828125,173.0399932861328,175.0,179500.0
2023-01-20,175.42999267578125,177.02999877929688,173.74000549316406,176.6699981689453,213600.0
2023-01-23,176.58999633789062,181.05999755859375,176.02000427246094,180.07000732421875,244000.0
2023-01-24,179.1199951171875,180.42999267578125,176.24000549316406,176.80999755859375,233000.0
2023-01-25,174.6999969482422,177.72999572753906,173.2100067138672,177.6699981689453,176700.0
2023-01-26,178.7899932861328,182.0800018310547,177.3000030517578,181.94000244140625,203000.0
2023-01-27,179.9199981689453,182.47000122070312,178.80999755859375,181.3000030517578,190100.0
2023-01-30,178.47999572753906,182.24000549316406,177.85000610351562,179.83999633789062,163000.0
2023-01-31,180.1999969482422,184.8699951171875,180.08999633789062,184.8699951171875,415700.0
2023-02-01,182.33999633789062,183.7899932861328,174.47999572753906,179.47999572753906,484800.0
2023-02-02,181.6199951171875,188.61000061035156,181.6199951171875,185.00999450683594,401000.0
2023-02-03,181.50999450683594,183.9499969482422,180.30999755859375,181.8699951171875,166100.0
2023-02-06,178.05999755859375,178.88999938964844,174.94000244140625,176.3800048828125,196300.0
2023-02-07,174.85000610351562,177.86000061035156,173.75999450683594,177.50999450683594,295700.0
2023-02-08,176.6999969482422,176.6999969482422,170.63999938964844,171.27000427246094,249600.0
2023-02-09,173.1199951171875,177.0800018310547,172.64999389648438,176.8699951171875,276500.0
2023-02-10,175.8000030517578,178.02999877929688,173.72000122070312,177.89999389648438,204100.0
2023-02-13,177.7899932861328,180.33999633789062,177.32000732421875,180.3000030517578,185800.0
2023-02-14,179.10000610351562,182.6300048828125,178.1699981689453,181.02999877929688,198000.0
2023-02-15,178.35000610351562,181.82000732421875,178.35000610351562,181.55999755859375,199900.0
2023-02-16,177.1699981689453,179.80999755859375,175.42999267578125,175.77000427246094,227900.0
2023-02-17,175.25,176.38999938964844,172.0500030517578,175.80999755859375,214400.0
2023-02-21,172.89999389648438,174.42999267578125,169.3800048828125,170.5500030517578,162900.0
2023-02-22,170.42999267578125,171.74000549316406,168.83999633789062,170.61000061035156,183000.0
2023-02-23,170.24000549316406,173.24000549316406,167.9199981689453,171.6699981689453,180100.0
2023-02-24,168.32000732421875,169.58999633789062,166.44000244140625,169.16000366210938,284000.0
2023-02-27,171.89999389648438,171.89999389648438,168.00999450683594,168.32000732421875,304900.0
2023-02-28,166.74000549316406,175.8800048828125,162.14999389648438,174.4600067138672,639100.0
2023-03-01,172.82000732421875,177.4199981689453,172.3000030517578,175.39999389648438,412900.0
2023-03-02,172.97999572753906,172.97999572753906,168.89999389648438,171.8000030517578,438800.0
2023-03-03,173.30999755859375,174.67999267578125,172.2100067138672,173.85000610351562,208800.0
2023-03-06,174.0800018310547,175.44000244140625,170.07000732421875,170.07000732421875,413600.0
2023-03-07,169.41000366210938,170.9199981689453,165.60000610351562,166.5800018310547,199400.0
2023-03-08,166.5,168.72999572753906,165.3800048828125,168.3800048828125,137500.0
2023-03-09,167.77999877929688,168.49000549316406,163.0800018310547,163.1199951171875,189600.0
2023-03-10,162.69000244140625,162.69000244140625,153.07000732421875,154.08999633789062,452100.0
2023-03-13,151.72000122070312,155.00999450683594,148.6300048828125,149.86000061035156,365000.0
2023-03-14,154.75,155.27999877929688,147.38999938964844,150.02999877929688,365000.0
2023-03-15,144.64999389648438,147.0,144.64999389648438,146.10000610351562,380600.0
2023-03-16,146.8000030517578,149.57000732421875,145.0500030517578,148.86000061035156,721700.0
2023-03-17,147.9600067138672,148.77000427246094,146.07000732421875,146.30999755859375,554000.0
2023-03-20,147.1199951171875,149.6999969482422,145.74000549316406,146.72999572753906,399600.0
2023-03-21,149.3000030517578,150.6999969482422,147.8300018310547,149.3000030517578,363500.0
2023-03-22,148.3699951171875,148.6199951171875,141.1300048828125,141.1300048828125,254400.0
2023-03-23,142.0399932861328,145.11000061035156,136.6300048828125,137.1999969482422,329800.0
2023-03-24,135.5,137.4600067138672,132.91000366210938,137.4499969482422,547300.0
2023-03-27,139.10000610351562,140.80999755859375,137.5,139.6999969482422,385700.0
2023-03-28,138.4199981689453,139.8000030517578,137.02999877929688,138.27999877929688,222600.0
2023-03-29,140.69000244140625,141.22999572753906,139.11000061035156,140.67999267578125,225700.0
2023-03-30,142.94000244140625,143.77999877929688,140.42999267578125,141.22000122070312,232900.0
2023-03-31,142.42999267578125,145.8300018310547,142.1300048828125,145.49000549316406,276500.0
2023-04-03,145.07000732421875,146.1999969482422,143.67999267578125,145.3300018310547,427700.0
2023-04-04,146.0399932861328,146.0399932861328,140.39999389648438,140.6999969482422,330200.0
2023-04-05,139.69000244140625,140.0,136.91000366210938,138.22000122070312,442300.0
2023-04-06,138.30999755859375,139.05999755859375,137.05999755859375,138.13999938964844,251400.0
2023-04-10,135.77999877929688,136.7899932861328,134.0,135.89999389648438,289000.0
2023-04-11,136.5500030517578,138.74000549316406,135.77000427246094,137.08999633789062,295300.0
2023-04-12,139.44000244140625,139.44000244140625,134.72000122070312,134.89999389648438,175700.0
2023-04-13,135.38999938964844,136.25999450683594,134.0500030517578,135.52000427246094,235900.0
2023-04-14,136.11000061035156,137.2899932861328,132.47999572753906,134.02999877929688,284700.0
2023-04-17,133.5500030517578,138.75999450683594,133.14999389648438,138.72000122070312,308900.0
2023-04-18,139.3699951171875,140.10000610351562,135.77000427246094,137.0500030517578,246400.0
2023-04-19,135.86000061035156,138.3800048828125,135.3800048828125,137.3800048828125,190900.0
2023-04-20,135.82000732421875,136.99000549316406,133.6999969482422,135.16000366210938,358000.0
2023-04-21,135.82000732421875,136.17999267578125,132.27999877929688,132.77999877929688,215600.0
2023-04-24,131.9199981689453,132.08999633789062,128.6999969482422,129.49000549316406,511400.0
2023-04-25,127.68000030517578,128.2100067138672,124.73999786376953,128.1300048828125,387000.0
2023-04-26,128.27000427246094,129.64999389648438,126.08999633789062,127.2699966430664,413200.0
2023-04-27,129.9199981689453,138.44000244140625,128.16000366210938,136.2100067138672,804900.0
2023-04-28,136.5,141.4600067138672,136.5,139.0399932861328,652100.0
2023-05-01,138.08999633789062,141.25,138.0399932861328,138.82000732421875,401600.0
2023-05-02,137.60000610351562,138.3300018310547,131.2899932861328,136.2899932861328,733000.0
2023-05-03,137.4499969482422,138.3000030517578,133.85000610351562,134.44000244140625,415000.0
2023-05-04,128.5800018310547,134.74000549316406,123.0,133.5,926800.0
2023-05-05,135.83999633789062,137.50999450683594,133.1999969482422,135.52000427246094,543200.0
2023-05-08,135.27999877929688,136.02999877929688,131.36000061035156,131.7100067138672,441800.0
2023-05-09,129.82000732421875,132.9199981689453,127.5,132.38999938964844,496500.0
2023-05-10,134.82000732421875,137.5,132.97000122070312,136.97999572753906,513900.0
2023-05-11,135.25,137.4600067138672,134.30999755859375,136.8000030517578,349100.0
2023-05-12,137.7100067138672,138.13999938964844,135.63999938964844,137.11000061035156,668200.0
2023-05-15,138.11000061035156,139.97000122070312,137.39999389648438,138.47000122070312,449200.0
2023-05-16,137.6199951171875,138.6999969482422,137.02000427246094,137.6999969482422,648000.0
2023-05-17,138.82000732421875,141.83999633789062,137.77000427246094,141.61000061035156,439900.0
2023-05-18,141.49000549316406,147.14999389648438,140.99000549316406,146.33999633789062,533300.0
2023-05-19,147.91000366210938,147.91000366210938,142.7899932861328,144.07000732421875,453700.0
2023-05-22,144.30999755859375,147.0800018310547,143.7899932861328,146.0800018310547,236400.0
2023-05-23,145.91000366210938,148.07000732421875,141.3000030517578,141.3300018310547,294600.0
2023-05-24,139.92999267578125,140.75,137.75999450683594,139.25,262100.0
2023-05-25,139.22999572753906,141.88999938964844,137.52000427246094,141.3800048828125,329700.0
2023-05-26,141.64999389648438,144.2899932861328,140.11000061035156,144.22999572753906,323700.0
2023-05-30,145.8000030517578,145.8000030517578,141.94000244140625,142.42999267578125,164700.0
2023-05-31,141.44000244140625,142.41000366210938,139.25,140.33999633789062,389500.0
2023-06-01,140.33999633789062,142.47000122070312,138.66000366210938,141.97000122070312,372900.0
2023-06-02,145.0500030517578,149.49000549316406,144.7899932861328,147.94000244140625,317400.0
2023-06-05,146.9600067138672,147.2899932861328,141.2899932861328,144.0,233600.0
2023-06-06,144.88999938964844,149.08999633789062,143.5500030517578,148.91000366210938,233100.0
2023-06-07,150.3000030517578,155.27000427246094,149.69000244140625,154.61000061035156,340900.0
2023-06-08,153.4199981689453,153.66000366210938,148.02000427246094,151.4600067138672,231500.0
2023-06-09,152.0399932861328,153.00999450683594,150.75999450683594,152.44000244140625,168100.0
2023-06-12,151.92999267578125,152.44000244140625,149.8000030517578,151.5,180000.0
2023-06-13,151.9199981689453,153.50999450683594,151.47000122070312,152.66000366210938,165400.0
2023-06-14,153.64999389648438,155.35000610351562,149.80999755859375,151.11000061035156,232300.0
2023-06-15,149.75,151.32000732421875,148.1999969482422,151.3000030517578,218100.0
2023-06-16,152.07000732421875,152.6199951171875,149.72000122070312,151.02000427246094,487500.0
2023-06-20,149.6699981689453,149.6699981689453,147.3699951171875,148.0,248100.0
2023-06-21,146.50999450683594,147.80999755859375,145.60000610351562,147.49000549316406,305400.0
2023-06-22,146.38999938964844,149.39999389648438,145.00999450683594,148.3000030517578,328200.0
2023-06-23,146.41000366210938,146.5800018310547,143.07000732421875,146.02999877929688,682900.0
2023-06-26,146.97999572753906,152.11000061035156,146.97999572753906,149.33999633789062,289500.0
2023-06-27,149.88999938964844,153.72000122070312,148.9499969482422,152.00999450683594,274700.0
2023-06-28,151.10000610351562,152.50999450683594,149.2899932861328,152.07000732421875,255900.0
2023-06-29,150.9499969482422,155.55999755859375,150.9499969482422,155.32000732421875,261200.0
2023-06-30,156.9499969482422,157.13999938964844,154.1999969482422,155.8000030517578,528300.0
2023-07-03,155.33999633789062,158.67999267578125,153.99000549316406,155.4600067138672,197100.0
2023-07-05,154.0399932861328,157.0,152.5800018310547,156.14999389648438,299400.0
2023-07-06,153.6300048828125,154.4199981689453,151.63999938964844,153.1699981689453,254900.0
2023-07-07,152.74000549316406,157.0399932861328,152.74000549316406,156.27999877929688,418900.0
2023-07-10,155.3000030517578,160.7100067138672,155.3000030517578,160.50999450683594,326900.0
2023-07-11,161.97999572753906,164.7899932861328,161.85000610351562,163.1999969482422,423400.0
2023-07-12,167.36000061035156,168.52000427246094,164.82000732421875,165.66000366210938,289000.0
2023-07-13,166.50999450683594,170.6699981689453,166.50999450683594,170.55999755859375,360700.0
2023-07-14,170.3300018310547,171.0399932861328,165.88999938964844,166.8300018310547,235600.0
2023-07-17,166.60000610351562,168.86000061035156,165.2100067138672,168.66000366210938,168200.0
2023-07-18,168.9600067138672,172.11000061035156,168.9600067138672,171.38999938964844,214700.0
2023-07-19,172.9499969482422,173.3800048828125,170.17999267578125,171.49000549316406,252400.0
2023-07-20,172.66000366210938,172.66000366210938,168.5399932861328,169.4499969482422,223300.0
2023-07-21,170.25,170.25,167.16000366210938,169.55999755859375,242000.0
2023-07-24,170.63999938964844,172.24000549316406,168.1300048828125,168.32000732421875,205000.0
2023-07-25,166.7100067138672,170.02000427246094,166.7100067138672,169.30999755859375,294500.0
2023-07-26,169.22999572753906,172.1300048828125,167.8699951171875,171.52999877929688,231200.0
2023-07-27,172.6199951171875,172.6199951171875,162.88999938964844,164.5,336400.0
2023-07-28,166.99000549316406,168.64999389648438,164.39999389648438,165.7100067138672,332800.0
2023-07-31,165.3699951171875,168.69000244140625,165.3699951171875,166.5500030517578,301200.0
2023-08-01,165.0399932861328,166.3699951171875,162.27000427246094,165.60000610351562,570800.0
2023-08-02,163.19000244140625,166.5,161.35000610351562,165.50999450683594,343600.0
2023-08-03,162.8300018310547,167.05999755859375,159.05999755859375,164.32000732421875,554300.0
2023-08-04,162.52999877929688,169.58999633789062,162.52999877929688,168.35000610351562,305400.0
2023-08-07,168.47999572753906,174.2100067138672,168.47999572753906,173.86000061035156,326500.0
2023-08-08,171.50999450683594,176.0500030517578,170.52000427246094,175.0500030517578,360700.0
2023-08-09,175.22000122070312,175.22000122070312,171.77000427246094,172.10000610351562,186900.0
2023-08-10,173.92999267578125,176.86000061035156,173.77000427246094,174.08999633789062,410000.0
2023-08-11,172.3800048828125,175.55999755859375,172.3800048828125,174.4199981689453,238100.0
2023-08-14,173.00999450683594,173.97000122070312,171.2100067138672,171.60000610351562,151300.0
2023-08-15,169.27000427246094,169.77000427246094,166.61000061035156,167.19000244140625,214700.0
2023-08-16,166.32000732421875,168.1999969482422,164.58999633789062,164.69000244140625,146900.0
2023-08-17,164.9499969482422,165.35000610351562,162.0500030517578,163.27000427246094,178000.0
2023-08-18,161.1999969482422,163.83999633789062,160.94000244140625,163.17999267578125,199800.0
2023-08-21,163.17999267578125,163.4499969482422,159.02000427246094,161.77000427246094,147900.0
2023-08-22,162.77000427246094,163.3300018310547,161.3699951171875,161.4499969482422,138800.0
2023-08-23,162.27000427246094,165.97999572753906,162.0,165.75999450683594,143600.0
2023-08-24,165.92999267578125,168.3800048828125,165.92999267578125,167.49000549316406,174200.0
2023-08-25,168.67999267578125,169.08999633789062,162.50999450683594,163.1699981689453,310100.0
2023-08-28,164.9199981689453,169.99000549316406,164.9199981689453,169.75,199400.0
2023-08-29,170.0,175.0,169.0,174.64999389648438,196500.0
2023-08-30,174.38999938964844,174.77999877929688,171.5800018310547,172.35000610351562,170500.0
2023-08-31,172.77000427246094,176.63999938964844,171.6300048828125,172.8000030517578,281900.0
2023-09-01,174.58999633789062,176.75999450683594,173.6300048828125,175.72999572753906,221000.0
2023-09-05,173.1699981689453,175.2899932861328,171.9199981689453,172.25,191500.0
2023-09-06,173.0,174.89999389648438,169.22999572753906,170.27999877929688,233600.0
2023-09-07,169.32000732421875,170.42999267578125,165.85000610351562,165.9600067138672,522100.0
2023-09-08,166.30999755859375,168.83999633789062,165.66000366210938,168.35000610351562,160200.0
2023-09-11,169.61000061035156,172.38999938964844,168.55999755859375,168.6199951171875,249900.0
2023-09-12,167.66000366210938,170.8800048828125,166.6699981689453,168.66000366210938,219200.0
2023-09-13,169.1300048828125,169.24000549316406,151.99000549316406,156.02000427246094,574100.0
2023-09-14,158.05999755859375,159.02999877929688,154.39999389648438,156.3000030517578,573800.0
2023-09-15,154.1999969482422,156.89999389648438,153.1199951171875,154.24000549316406,681700.0
2023-09-18,153.77000427246094,157.64999389648438,153.35000610351562,155.82000732421875,221800.0
2023-09-19,156.27999877929688,157.72000122070312,153.44000244140625,154.17999267578125,299700.0
2023-09-20,156.2100067138672,157.35000610351562,151.3800048828125,151.69000244140625,445200.0
2023-09-21,150.72999572753906,151.27000427246094,145.13999938964844,145.8000030517578,466300.0
2023-09-22,146.42999267578125,146.9199981689453,142.91000366210938,143.27000427246094,610800.0
2023-09-25,142.67999267578125,144.64999389648438,142.67999267578125,143.2899932861328,569100.0
2023-09-26,141.39999389648438,143.30999755859375,140.75,141.0,406400.0
2023-09-27,141.6199951171875,143.08999633789062,138.39999389648438,139.1199951171875,509100.0
2023-09-28,139.58999633789062,141.17999267578125,138.42999267578125,140.27999877929688,321600.0
2023-09-29,142.47999572753906,143.97999572753906,140.80999755859375,141.17999267578125,477300.0
2023-10-02,138.75999450683594,138.75999450683594,135.57000732421875,138.25,607100.0
2023-10-03,136.4499969482422,137.4199981689453,132.82000732421875,133.57000732421875,515400.0
2023-10-04,133.6699981689453,133.6699981689453,130.02999877929688,132.64999389648438,638500.0
2023-10-05,131.8699951171875,135.25999450683594,131.80999755859375,134.3800048828125,457300.0
2023-10-06,133.3800048828125,137.94000244140625,132.6300048828125,135.41000366210938,424200.0
2023-10-09,133.75999450683594,135.25999450683594,133.0399932861328,135.1999969482422,338000.0
2023-10-10,135.61000061035156,137.67999267578125,134.8699951171875,136.60000610351562,379600.0
2023-10-11,137.72999572753906,139.58999633789062,137.69000244140625,139.08999633789062,200000.0
2023-10-12,139.02000427246094,139.02000427246094,133.42999267578125,133.82000732421875,314700.0
2023-10-13,134.82000732421875,134.82000732421875,130.13999938964844,130.89999389648438,267000.0
2023-10-16,132.7899932861328,133.4199981689453,131.42999267578125,132.60000610351562,260500.0
2023-10-17,130.91000366210938,135.0,130.91000366210938,133.1300048828125,341200.0
2023-10-18,131.1999969482422,132.10000610351562,129.02999877929688,130.41000366210938,464100.0
2023-10-19,129.72999572753906,132.8800048828125,129.17999267578125,129.91000366210938,573100.0
2023-10-20,130.25999450683594,130.25999450683594,125.94999694824219,126.5,542100.0
2023-10-23,125.56999969482422,127.4000015258789,124.33999633789062,124.6500015258789,290500.0
2023-10-24,125.11000061035156,127.87000274658203,124.83000183105469,125.05000305175781,346300.0
2023-10-25,123.51000213623047,123.66000366210938,119.45999908447266,121.97000122070312,522200.0
2023-10-26,123.16999816894531,126.37999725341797,121.83000183105469,124.29000091552734,551200.0
2023-10-27,124.19000244140625,124.55000305175781,120.76000213623047,123.27999877929688,765300.0
2023-10-30,124.94000244140625,126.95999908447266,123.16999816894531,124.94999694824219,281000.0
2023-10-31,125.8499984741211,128.77999877929688,125.63999938964844,127.91999816894531,364600.0
2023-11-01,127.44000244140625,130.9600067138672,126.26000213623047,130.38999938964844,618300.0
2023-11-02,141.22999572753906,143.67999267578125,129.57000732421875,139.52999877929688,835800.0
2023-11-03,143.5500030517578,153.13999938964844,143.5500030517578,151.07000732421875,755200.0
2023-11-06,150.05999755859375,151.00999450683594,146.8300018310547,148.02999877929688,314800.0
2023-11-07,147.07000732421875,147.07000732421875,144.14999389648438,144.97000122070312,276000.0
2023-11-08,145.10000610351562,146.10000610351562,143.5500030517578,143.77000427246094,308000.0
2023-11-09,144.8300018310547,144.8300018310547,137.72000122070312,138.35000610351562,248500.0
2023-11-10,138.6300048828125,140.75999450683594,137.30999755859375,140.22999572753906,257100.0
2023-11-13,138.75,141.2100067138672,136.8300018310547,140.69000244140625,164000.0
2023-11-14,146.33999633789062,156.1999969482422,146.33999633789062,151.0800018310547,399300.0
2023-11-15,150.38999938964844,155.72000122070312,150.38999938964844,154.50999450683594,450300.0
2023-11-16,153.8699951171875,155.67999267578125,152.94000244140625,153.86000061035156,198400.0
2023-11-17,155.38999938964844,155.38999938964844,152.27999877929688,154.19000244140625,188300.0
2023-11-20,154.55999755859375,155.25,152.32000732421875,154.77000427246094,169800.0
2023-11-21,153.25,154.94000244140625,152.6199951171875,153.4600067138672,165600.0
2023-11-22,155.5,156.30999755859375,154.3000030517578,155.24000549316406,152000.0
2023-11-24,154.58999633789062,156.8800048828125,153.92999267578125,156.47999572753906,60700.0
2023-11-27,155.0399932861328,156.08999633789062,154.8300018310547,155.30999755859375,200300.0
2023-11-28,154.49000549316406,156.11000061035156,153.25999450683594,155.5,232300.0
2023-11-29,157.2100067138672,159.6699981689453,155.7899932861328,156.72999572753906,221000.0
2023-11-30,156.89999389648438,156.89999389648438,154.42999267578125,155.52000427246094,262700.0
2023-12-01,155.61000061035156,161.4499969482422,155.61000061035156,160.97000122070312,229000.0
2023-12-04,159.55999755859375,162.97999572753906,159.55999755859375,162.5,284700.0
2023-12-05,161.0500030517578,163.16000366210938,159.52000427246094,161.6999969482422,288200.0
2023-12-06,163.4499969482422,166.17999267578125,162.6699981689453,163.50999450683594,242100.0
2023-12-07,163.85000610351562,165.58999633789062,162.94000244140625,164.80999755859375,125400.0
2023-12-08,164.97999572753906,166.82000732421875,163.22000122070312,166.58999633789062,160500.0
2023-12-11,165.86000061035156,169.38999938964844,165.0,167.6699981689453,204300.0
2023-12-12,167.97000122070312,168.44000244140625,164.1999969482422,164.24000549316406,232000.0
2023-12-13,164.32000732421875,175.3300018310547,163.47000122070312,174.2899932861328,279400.0
2023-12-14,178.6300048828125,188.02000427246094,178.6300048828125,184.3800048828125,584700.0
2023-12-15,184.07000732421875,186.64999389648438,181.92999267578125,183.60000610351562,918700.0
2023-12-18,186.44000244140625,186.44000244140625,181.60000610351562,182.91000366210938,253600.0
2023-12-19,185.10000610351562,186.25,181.61000061035156,182.7899932861328,216500.0
2023-12-20,182.66000366210938,186.27999877929688,179.75999450683594,180.16000366210938,295300.0
2023-12-21,182.61000061035156,184.6699981689453,181.6999969482422,184.36000061035156,148300.0
2023-12-22,184.80999755859375,185.89999389648438,183.11000061035156,184.69000244140625,158300.0
2023-12-26,185.24000549316406,187.13999938964844,184.8800048828125,185.16000366210938,156600.0
2023-12-27,185.64999389648438,190.50999450683594,185.5500030517578,189.82000732421875,290300.0
2023-12-28,189.3699951171875,191.2100067138672,188.14999389648438,189.97999572753906,276300.0
2023-12-29,188.9499969482422,189.91000366210938,187.5500030517578,188.8699951171875,228100.0
2024-01-02,186.4600067138672,189.0,185.33999633789062,186.89999389648438,384800.0
2024-01-03,182.55999755859375,184.0800018310547,179.38999938964844,181.0,263300.0
2024-01-04,179.77000427246094,182.38999938964844,177.64999389648438,178.38999938964844,261000.0
2024-01-05,176.39999389648438,181.50999450683594,176.14999389648438,179.4499969482422,631800.0
2024-01-08,179.35000610351562,181.94000244140625,178.97999572753906,181.4499969482422,248600.0
2024-01-09,178.82000732421875,180.02999877929688,177.30999755859375,179.0800018310547,142300.0
2024-01-10,178.88999938964844,179.8000030517578,177.5399932861328,178.5,188800.0
2024-01-11,177.22999572753906,177.7899932861328,173.77000427246094,173.97999572753906,325200.0
2024-01-12,176.1300048828125,176.24000549316406,172.41000366210938,173.67999267578125,217800.0
2024-01-16,170.49000549316406,171.5399932861328,168.7899932861328,171.49000549316406,472000.0
2024-01-17,168.2899932861328,170.60000610351562,167.11000061035156,168.6999969482422,221600.0
2024-01-18,169.97000122070312,172.11000061035156,168.13999938964844,171.0,191800.0
2024-01-19,170.8300018310547,174.1699981689453,168.1300048828125,173.50999450683594,152000.0
2024-01-22,174.50999450683594,177.9600067138672,174.50999450683594,175.99000549316406,196600.0
2024-01-23,178.4499969482422,179.32000732421875,174.25,174.72000122070312,224400.0
2024-01-24,176.8300018310547,177.58999633789062,172.49000549316406,172.61000061035156,132300.0
2024-01-25,175.47999572753906,176.36000061035156,173.97999572753906,175.72000122070312,172600.0
2024-01-26,176.6699981689453,177.74000549316406,176.02999877929688,176.38999938964844,184300.0
2024-01-29,175.75,177.99000549316406,175.0,177.88999938964844,280900.0
2024-01-30,176.19000244140625,177.6699981689453,174.35000610351562,177.39999389648438,210200.0
2024-01-31,176.83999633789062,180.52999877929688,175.77999877929688,177.05999755859375,757500.0
2024-02-01,177.1999969482422,180.47000122070312,173.83999633789062,180.32000732421875,323500.0
2024-02-02,176.77999877929688,177.52999877929688,174.8000030517578,175.85000610351562,209700.0
2024-02-05,172.7899932861328,173.27000427246094,171.08999633789062,171.60000610351562,180300.0
2024-02-06,171.14999389648438,174.2100067138672,171.14999389648438,171.27000427246094,174400.0
2024-02-07,172.27000427246094,172.27000427246094,168.36000061035156,171.8800048828125,187900.0
2024-02-08,172.16000366210938,180.0,171.4199981689453,179.4199981689453,324100.0
2024-02-09,179.47000122070312,179.47000122070312,175.47000122070312,176.99000549316406,233500.0
2024-02-12,177.42999267578125,181.6199951171875,177.42999267578125,179.27999877929688,225800.0
2024-02-13,172.38999938964844,173.91000366210938,169.0500030517578,171.66000366210938,357400.0
2024-02-14,173.14999389648438,176.9499969482422,171.94000244140625,176.92999267578125,297100.0
2024-02-15,182.0,193.52000427246094,181.97999572753906,192.72999572753906,476100.0
2024-02-16,190.02000427246094,192.0800018310547,188.5,188.94000244140625,268500.0
2024-02-20,185.9600067138672,186.85000610351562,182.50999450683594,183.3699951171875,230000.0
2024-02-21,182.5,183.25,179.47999572753906,180.80999755859375,284100.0
2024-02-22,181.69000244140625,186.5,181.69000244140625,184.4600067138672,249700.0
2024-02-23,183.9600067138672,184.8300018310547,181.63999938964844,182.92999267578125,208500.0
2024-02-26,181.74000549316406,185.7899932861328,181.7100067138672,184.83999633789062,330800.0
2024-02-27,192.0,193.82000732421875,185.00999450683594,186.9199981689453,379300.0
2024-02-28,183.64999389648438,186.2100067138672,183.64999389648438,185.63999938964844,256100.0
2024-02-29,188.1199951171875,190.5399932861328,186.1300048828125,190.24000549316406,384000.0
2024-03-01,189.3699951171875,193.1999969482422,188.16000366210938,192.86000061035156,323300.0
2024-03-04,192.58999633789062,193.63999938964844,190.86000061035156,191.47000122070312,231900.0
2024-03-05,189.02999877929688,192.5800018310547,187.57000732421875,188.52000427246094,157500.0
2024-03-06,191.47999572753906,191.47999572753906,185.7899932861328,187.16000366210938,254400.0
2024-03-07,188.24000549316406,188.3300018310547,184.5399932861328,186.0399932861328,244900.0
2024-03-08,188.9499969482422,191.85000610351562,186.99000549316406,188.47999572753906,279900.0
2024-03-11,186.6999969482422,187.8699951171875,184.5,187.38999938964844,250600.0
2024-03-12,186.8699951171875,187.25,183.57000732421875,186.05999755859375,241500.0
2024-03-13,185.5800018310547,187.41000366210938,183.8300018310547,184.8000030517578,289300.0
2024-03-14,184.8000030517578,184.9600067138672,180.72000122070312,184.74000549316406,388600.0
2024-03-15,181.74000549316406,184.75999450683594,180.6999969482422,183.67999267578125,572700.0
2024-03-18,184.75999450683594,185.27000427246094,182.77000427246094,183.2899932861328,278200.0
2024-03-19,182.88999938964844,185.49000549316406,182.88999938964844,185.47000122070312,195400.0
2024-03-20,184.55999755859375,190.32000732421875,184.55999755859375,187.94000244140625,190400.0
2024-03-21,189.55999755859375,195.3800048828125,188.9199981689453,194.94000244140625,263900.0
2024-03-22,195.3300018310547,195.3300018310547,190.5399932861328,190.74000549316406,231400.0
2024-03-25,190.6199951171875,191.97999572753906,188.67999267578125,191.52999877929688,328000.0
2024-03-26,192.24000549316406,193.4499969482422,190.47000122070312,190.63999938964844,318900.0
2024-03-27,192.9199981689453,194.5399932861328,191.92999267578125,193.8800048828125,190600.0
2024-03-28,193.9600067138672,196.61000061035156,193.9600067138672,195.08999633789062,272200.0
2024-04-01,194.91000366210938,194.91000366210938,189.97000122070312,190.30999755859375,266300.0
2024-04-02,187.82000732421875,189.38999938964844,185.92999267578125,189.13999938964844,224400.0
2024-04-03,194.0,195.13999938964844,192.0,194.30999755859375,299100.0
2024-04-04,197.55999755859375,200.11000061035156,194.94000244140625,196.4600067138672,351700.0
2024-04-05,195.39999389648438,199.1199951171875,195.39999389648438,198.33999633789062,232200.0
2024-04-08,199.82000732421875,200.13999938964844,196.41000366210938,197.5500030517578,250700.0
2024-04-09,194.42999267578125,195.7100067138672,189.60000610351562,194.0,307800.0
2024-04-10,190.5399932861328,190.5399932861328,183.19000244140625,183.6999969482422,505400.0
2024-04-11,183.80999755859375,184.47999572753906,181.9199981689453,182.3000030517578,300300.0
2024-04-12,181.13999938964844,182.3800048828125,179.85000610351562,180.2100067138672,175200.0
2024-04-15,181.97999572753906,181.97999572753906,175.5,176.25999450683594,192900.0
2024-04-16,175.0500030517578,175.0500030517578,171.4499969482422,174.1199951171875,204900.0
2024-04-17,174.7100067138672,175.7100067138672,173.0399932861328,173.38999938964844,217900.0
2024-04-18,174.64999389648438,175.89999389648438,173.44000244140625,175.0,276700.0
2024-04-19,174.25999450683594,176.02999877929688,174.0800018310547,175.11000061035156,209600.0
2024-04-22,176.60000610351562,179.72000122070312,175.1199951171875,179.02000427246094,215000.0
2024-04-23,179.8300018310547,183.17999267578125,179.8300018310547,182.3300018310547,171700.0
2024-04-24,181.50999450683594,182.5399932861328,179.5800018310547,181.86000061035156,195200.0
2024-04-25,180.10000610351562,181.3300018310547,179.30999755859375,180.50999450683594,272100.0
2024-04-26,180.6300048828125,184.10000610351562,180.6300048828125,182.5,155100.0
2024-04-29,184.64999389648438,185.3300018310547,182.5,183.6999969482422,183100.0
2024-04-30,181.35000610351562,184.0500030517578,180.5,180.6999969482422,219900.0
2024-05-01,180.13999938964844,184.22999572753906,178.60000610351562,180.41000366210938,282100.0
2024-05-02,182.85000610351562,184.41000366210938,180.4199981689453,183.99000549316406,231400.0
2024-05-03,188.0399932861328,189.3000030517578,182.3300018310547,185.52000427246094,322700.0
2024-05-06,193.44000244140625,200.72999572753906,190.8000030517578,191.13999938964844,565400.0
2024-05-07,192.39999389648438,193.86000061035156,189.88999938964844,190.27999877929688,437600.0
2024-05-08,188.0,191.33999633789062,186.5,191.08999633789062,218100.0
2024-05-09,192.1699981689453,194.63999938964844,191.83999633789062,193.88999938964844,334700.0
2024-05-10,193.88999938964844,196.13999938964844,193.58999633789062,195.85000610351562,208900.0
2024-05-13,198.0,198.89999389648438,194.1699981689453,194.60000610351562,266800.0
2024-05-14,197.27000427246094,198.58999633789062,194.05999755859375,196.75,194400.0
2024-05-15,200.0,208.02999877929688,199.35000610351562,207.8800048828125,382400.0
2024-05-16,208.02999877929688,209.7899932861328,206.42999267578125,207.5399932861328,320900.0
2024-05-17,207.61000061035156,207.85000610351562,205.1199951171875,206.1999969482422,179700.0
2024-05-20,204.80999755859375,204.80999755859375,201.2100067138672,202.10000610351562,191700.0
2024-05-21,200.94000244140625,201.61000061035156,199.25,200.02999877929688,170700.0
2024-05-22,198.92999267578125,200.6699981689453,196.4600067138672,198.5399932861328,245900.0
2024-05-23,199.2899932861328,199.55999755859375,194.85000610351562,196.02000427246094,376900.0
2024-05-24,197.1300048828125,199.11000061035156,196.10000610351562,199.0,231900.0
2024-05-28,200.3699951171875,201.47999572753906,194.77999877929688,196.5,315600.0
2024-05-29,193.67999267578125,197.00999450683594,192.94000244140625,196.02999877929688,194200.0
2024-05-30,197.02999877929688,199.0500030517578,195.0500030517578,199.0,183300.0
2024-05-31,200.82000732421875,202.47999572753906,198.5,202.07000732421875,265900.0
2024-06-03,203.82000732421875,205.30999755859375,197.3000030517578,199.0,285900.0
2024-06-04,197.6199951171875,199.0,196.41000366210938,197.14999389648438,225600.0
2024-06-05,199.13999938964844,201.3000030517578,196.57000732421875,200.0,135000.0
2024-06-06,199.3000030517578,200.0,198.11000061035156,199.02999877929688,310600.0
2024-06-07,195.9499969482422,199.14999389648438,195.47999572753906,198.94000244140625,252200.0
2024-06-10,196.25,199.64999389648438,195.1300048828125,198.67999267578125,208400.0
2024-06-11,196.33999633789062,196.89999389648438,194.80999755859375,196.27000427246094,169900.0
2024-06-12,203.22999572753906,207.38999938964844,203.22999572753906,204.24000549316406,401500.0
2024-06-13,202.6300048828125,204.9499969482422,202.4199981689453,204.63999938964844,202800.0
2024-06-14,201.92999267578125,204.75,200.6699981689453,204.72000122070312,240400.0
2024-06-17,204.1300048828125,208.0,201.41000366210938,207.64999389648438,258900.0
2024-06-18,208.88999938964844,212.97000122070312,208.88999938964844,211.60000610351562,371400.0
2024-06-20,212.42999267578125,213.3300018310547,209.72999572753906,209.85000610351562,399700.0
2024-06-21,211.1699981689453,212.3000030517578,206.8699951171875,208.6699981689453,495900.0
2024-06-24,208.94000244140625,208.94000244140625,205.25999450683594,205.47000122070312,286600.0
2024-06-25,204.72000122070312,205.52000427246094,201.0399932861328,203.5800018310547,253000.0
2024-06-26,202.07000732421875,202.2899932861328,200.49000549316406,201.47000122070312,214100.0
2024-06-27,202.25,204.69000244140625,200.61000061035156,204.4600067138672,232000.0
2024-06-28,205.38999938964844,207.2899932861328,204.3300018310547,205.27999877929688,598900.0
2024-07-01,205.14999389648438,205.14999389648438,195.86000061035156,198.6999969482422,319500.0
2024-07-02,199.72999572753906,203.8300018310547,197.5500030517578,203.47999572753906,186400.0
2024-07-03,205.19000244140625,209.24000549316406,204.02999877929688,206.58999633789062,105900.0
2024-07-05,205.9499969482422,206.0,201.85000610351562,202.14999389648438,314700.0
2024-07-08,202.80999755859375,205.82000732421875,202.72999572753906,203.72999572753906,212000.0
2024-07-09,202.7899932861328,209.4499969482422,201.58999633789062,206.0399932861328,218800.0
2024-07-10,207.0500030517578,208.0500030517578,205.19000244140625,207.58999633789062,193500.0
2024-07-11,212.6199951171875,218.55999755859375,212.6199951171875,217.4600067138672,288300.0
2024-07-12,219.72000122070312,226.60000610351562,219.16000366210938,225.82000732421875,406200.0
2024-07-15,226.80999755859375,231.47999572753906,226.13999938964844,226.64999389648438,330000.0
2024-07-16,229.2100067138672,237.22000122070312,229.2100067138672,235.24000549316406,315500.0
2024-07-17,233.2899932861328,233.9600067138672,229.35000610351562,229.9600067138672,392400.0
2024-07-18,229.2100067138672,237.8300018310547,229.2100067138672,231.9199981689453,326100.0
2024-07-19,232.22999572753906,233.44000244140625,230.38999938964844,230.75999450683594,163700.0
2024-07-22,230.75999450683594,235.0,229.27000427246094,234.2899932861328,288200.0
2024-07-23,232.5,238.6300048828125,232.5,236.3000030517578,173800.0
2024-07-24,234.75,237.14999389648438,231.7899932861328,232.0399932861328,287500.0
2024-07-25,233.92999267578125,249.4199981689453,231.92999267578125,245.10000610351562,672700.0
2024-07-26,250.52999877929688,252.08999633789062,247.27999877929688,250.8300018310547,539700.0
2024-07-29,251.50999450683594,254.58999633789062,251.02000427246094,252.83999633789062,225400.0
2024-07-30,253.08999633789062,253.27000427246094,246.82000732421875,248.25,313900.0
2024-07-31,249.52000427246094,254.33999633789062,247.44000244140625,250.89999389648438,351600.0
2024-08-01,252.0800018310547,254.6699981689453,243.24000549316406,246.58999633789062,410100.0
2024-08-02,240.02000427246094,242.25999450683594,234.72999572753906,239.27999877929688,522300.0
2024-08-05,224.47999572753906,238.8800048828125,224.02000427246094,231.99000549316406,715600.0
2024-08-06,228.0800018310547,239.8699951171875,218.35000610351562,233.99000549316406,663300.0
2024-08-07,236.88999938964844,237.75999450683594,229.32000732421875,229.85000610351562,360700.0
2024-08-08,232.72999572753906,240.80999755859375,231.30999755859375,239.4199981689453,304400.0
2024-08-09,240.52999877929688,241.00999450683594,236.3699951171875,238.1999969482422,203100.0
2024-08-12,238.0800018310547,238.0800018310547,232.57000732421875,234.94000244140625,227700.0
2024-08-13,237.52000427246094,244.75,236.17999267578125,244.5500030517578,256400.0
2024-08-14,245.39999389648438,245.39999389648438,238.5399932861328,240.92999267578125,308400.0
2024-08-15,245.3300018310547,247.05999755859375,244.1699981689453,244.32000732421875,196000.0
2024-08-16,244.97999572753906,247.17999267578125,242.6199951171875,246.3300018310547,187000.0
2024-08-19,246.42999267578125,248.75999450683594,246.0,248.50999450683594,235600.0
2024-08-20,247.74000549316406,248.0,242.10000610351562,243.3699951171875,180400.0
2024-08-21,243.94000244140625,247.8000030517578,241.91000366210938,246.55999755859375,221500.0
2024-08-22,246.58999633789062,249.0500030517578,245.86000061035156,247.19000244140625,173200.0
2024-08-23,249.17999267578125,259.9100036621094,248.66000366210938,259.0400085449219,331300.0
2024-08-26,260.0,261.8299865722656,256.1400146484375,256.19000244140625,207400.0
2024-08-27,252.1699981689453,253.6999969482422,250.8000030517578,251.0,248000.0
2024-08-28,250.8000030517578,253.6999969482422,250.0800018310547,251.8300018310547,251400.0
2024-08-29,253.00999450683594,257.5,251.27999877929688,252.27999877929688,304200.0
2024-08-30,254.5800018310547,255.27000427246094,251.1300048828125,255.22999572753906,408400.0
2024-09-03,252.41000366210938,255.0,248.6999969482422,250.8800048828125,316200.0
2024-09-04,249.86000061035156,252.52000427246094,247.3699951171875,249.38999938964844,198400.0
2024-09-05,250.1999969482422,252.39999389648438,248.36000061035156,249.4499969482422,212800.0
2024-09-06,249.4199981689453,250.27999877929688,243.22000122070312,245.0,195900.0
2024-09-09,245.3800048828125,252.1300048828125,245.08999633789062,251.57000732421875,261900.0
2024-09-10,252.13999938964844,254.6199951171875,249.27999877929688,254.02999877929688,210300.0
2024-09-11,250.75999450683594,254.1300048828125,246.69000244140625,253.72000122070312,208900.0
2024-09-12,255.0,256.7699890136719,250.22000122070312,251.3800048828125,374100.0
2024-09-13,252.17999267578125,255.5500030517578,252.17999267578125,254.27999877929688,365000.0
2024-09-16,255.0,258.2699890136719,254.6699981689453,257.1199951171875,189600.0
2024-09-17,258.1199951171875,258.8399963378906,250.9199981689453,251.3000030517578,335200.0
2024-09-18,252.72000122070312,263.3599853515625,250.2100067138672,257.2699890136719,362900.0
2024-09-19,262.19000244140625,265.6300048828125,260.80999755859375,263.260009765625,370900.0
2024-09-20,260.75,262.9200134277344,260.0,262.3999938964844,488000.0
2024-09-23,264.5299987792969,265.57000732421875,262.0199890136719,265.4599914550781,216300.0
2024-09-24,264.989990234375,270.6199951171875,262.8599853515625,269.42999267578125,236300.0
2024-09-25,269.9700012207031,271.9100036621094,265.5199890136719,267.30999755859375,353400.0
2024-09-26,270.5,273.1700134277344,267.95001220703125,272.0,269800.0
2024-09-27,273.3399963378906,273.82000732421875,265.3299865722656,266.1000061035156,237800.0
2024-09-30,265.7900085449219,270.17999267578125,265.75,269.80999755859375,244800.0
2024-10-01,265.45001220703125,269.6499938964844,262.4100036621094,266.44000244140625,317500.0
2024-10-02,264.0299987792969,269.4800109863281,263.9599914550781,268.0400085449219,242500.0
2024-10-03,266.05999755859375,267.05999755859375,260.9100036621094,264.69000244140625,453200.0
2024-10-04,266.3699951171875,266.3699951171875,260.0299987792969,260.8599853515625,225000.0
2024-10-07,258.5,261.7300109863281,257.17999267578125,259.70001220703125,280800.0
2024-10-08,260.82000732421875,263.6000061035156,259.42999267578125,261.6499938964844,203800.0
2024-10-09,261.8699951171875,264.3999938964844,260.4800109863281,261.0799865722656,182800.0
2024-10-10,258.17999267578125,258.17999267578125,254.85000610351562,256.5299987792969,244900.0
2024-10-11,257.7099914550781,265.2200012207031,257.7099914550781,264.6600036621094,265000.0
2024-10-14,264.0,267.6300048828125,263.69000244140625,267.19000244140625,123900.0
2024-10-15,268.19000244140625,272.5799865722656,266.8599853515625,269.05999755859375,178300.0
2024-10-16,270.6400146484375,270.8699951171875,266.7300109863281,267.239990234375,363300.0
2024-10-17,267.75,269.2900085449219,265.05999755859375,265.70001220703125,339500.0
2024-10-18,267.44000244140625,267.44000244140625,263.3299865722656,266.260009765625,422700.0
2024-10-21,266.25,270.3800048828125,265.010009765625,265.5199890136719,333600.0
2024-10-22,264.42999267578125,265.9599914550781,261.17999267578125,261.2799987792969,317600.0
2024-10-23,259.42999267578125,262.6199951171875,257.7699890136719,260.9100036621094,270000.0
2024-10-24,269.1300048828125,279.6499938964844,269.1300048828125,274.1300048828125,468000.0
2024-10-25,274.1000061035156,277.3399963378906,270.7799987792969,271.0299987792969,167400.0
2024-10-28,273.42999267578125,275.0,272.19000244140625,273.07000732421875,194000.0
2024-10-29,271.2300109863281,272.1600036621094,267.70001220703125,272.010009765625,247600.0
2024-10-30,270.3999938964844,280.4800109863281,270.3999938964844,275.25,244800.0
2024-10-31,273.4200134277344,276.0199890136719,270.6199951171875,270.9599914550781,294800.0
2024-11-01,273.29998779296875,273.29998779296875,264.7200012207031,265.0,365700.0
2024-11-04,265.2099914550781,268.92999267578125,264.6199951171875,267.8599853515625,247500.0
2024-11-05,265.0,280.6300048828125,265.0,279.82000732421875,474700.0
2024-11-06,287.6099853515625,288.5,256.2099914550781,262.0799865722656,861300.0
2024-11-07,264.0799865722656,266.8299865722656,258.67999267578125,265.44000244140625,397500.0
2024-11-08,267.0199890136719,272.8299865722656,266.0199890136719,269.05999755859375,347200.0
2024-11-11,273.1499938964844,275.2099914550781,269.20001220703125,273.20001220703125,324400.0
2024-11-12,272.30999755859375,274.6000061035156,265.6499938964844,266.44000244140625,290100.0
2024-11-13,268.30999755859375,269.8399963378906,266.3900146484375,267.0400085449219,233400.0
2024-11-14,265.4100036621094,266.3999938964844,261.5899963378906,262.760009765625,285400.0
2024-11-15,262.6700134277344,263.5,258.3299865722656,261.20001220703125,218600.0
2024-11-18,259.0,262.3900146484375,259.0,262.260009765625,206800.0
2024-11-19,259.0,262.07000732421875,257.80999755859375,258.30999755859375,297700.0
2024-11-20,256.7699890136719,257.3699951171875,254.0500030517578,256.6199951171875,259800.0
2024-11-21,258.75,260.2699890136719,257.1600036621094,258.9200134277344,274800.0
2024-11-22,261.2200012207031,263.3800048828125,258.54998779296875,263.2699890136719,330700.0
2024-11-25,268.45001220703125,286.20001220703125,268.45001220703125,283.6700134277344,753200.0
2024-11-26,281.510009765625,284.1700134277344,279.5299987792969,283.2300109863281,280900.0
2024-11-27,284.94000244140625,285.95001220703125,280.5199890136719,282.2200012207031,193900.0
2024-11-29,282.3599853515625,283.8299865722656,280.04998779296875,280.6000061035156,119500.0
2024-12-02,279.8800048828125,282.25,276.9100036621094,278.1499938964844,217200.0
2024-12-03,279.1499938964844,280.3699951171875,275.6300048828125,278.95001220703125,222100.0
2024-12-04,276.1700134277344,277.2099914550781,270.79998779296875,276.8800048828125,275700.0
2024-12-05,275.45001220703125,277.6499938964844,273.0899963378906,273.4700012207031,363300.0
2024-12-06,280.1300048828125,282.3699951171875,275.25,277.3699951171875,311800.0
2024-12-09,277.3699951171875,278.79998779296875,271.760009765625,273.010009765625,299400.0
2024-12-10,274.0,276.1600036621094,268.5,268.6400146484375,314900.0
2024-12-11,271.8399963378906,278.7300109863281,270.5799865722656,276.3699951171875,419600.0
2024-12-12,275.92999267578125,278.44000244140625,273.8900146484375,274.6300048828125,178000.0
2024-12-13,273.3900146484375,274.05999755859375,267.6700134277344,269.5799865722656,274800.0
2024-12-16,272.54998779296875,275.2200012207031,270.17999267578125,271.7699890136719,278900.0
2024-12-17,268.7900085449219,271.739990234375,267.760009765625,268.2699890136719,255400.0
2024-12-18,269.5899963378906,270.3599853515625,253.8000030517578,255.3800048828125,318200.0
2024-12-19,255.75,258.8999938964844,246.22999572753906,246.92999267578125,343500.0
2024-12-20,248.00999450683594,254.10000610351562,242.05999755859375,252.74000549316406,1071000.0
2024-12-23,248.32000732421875,254.4600067138672,246.3000030517578,254.08999633789062,197600.0
2024-12-24,252.24000549316406,255.58999633789062,252.10000610351562,255.47999572753906,68400.0
2024-12-26,254.02000427246094,255.89999389648438,253.19000244140625,254.77999877929688,135100.0
2024-12-27,254.35000610351562,255.6999969482422,250.97000122070312,252.11000061035156,115600.0
2024-12-30,251.41000366210938,253.39999389648438,247.22999572753906,252.17999267578125,130700.0
2024-12-31,254.4199981689453,255.94000244140625,251.0399932861328,253.13999938964844,186500.0
2025-01-02,255.3300018310547,255.3300018310547,247.0399932861328,249.30999755859375,311600.0
2025-01-03,249.85000610351562,254.5500030517578,248.38999938964844,253.9499969482422,178100.0
2025-01-06,254.5399932861328,260.8800048828125,254.5399932861328,256.2900085449219,261300.0
2025-01-07,257.2200012207031,258.2300109863281,248.3699951171875,249.2100067138672,197600.0
2025-01-08,248.27999877929688,249.72000122070312,243.9600067138672,247.94000244140625,353600.0
2025-01-10,241.4600067138672,241.4600067138672,225.5,238.17999267578125,553900.0
2025-01-13,237.3000030517578,238.22999572753906,234.3699951171875,238.0,336200.0
2025-01-14,241.10000610351562,241.61000061035156,237.2899932861328,240.4600067138672,349600.0
2025-01-15,251.27000427246094,260.79998779296875,247.7899932861328,256.20001220703125,406500.0
2025-01-16,255.49000549316406,262.67999267578125,254.00999450683594,259.510009765625,198400.0
2025-01-17,262.54998779296875,264.6700134277344,260.6600036621094,261.67999267578125,156600.0
2025-01-21,265.3800048828125,271.17999267578125,264.7200012207031,270.9700012207031,199800.0
2025-01-22,271.29998779296875,272.45001220703125,267.94000244140625,269.5199890136719,321500.0
2025-01-23,267.7300109863281,275.6400146484375,266.489990234375,273.8800048828125,294300.0
2025-01-24,272.0,277.8599853515625,272.0,276.1400146484375,387500.0
2025-01-27,273.05999755859375,283.3900146484375,273.05999755859375,281.0,449400.0
2025-01-28,280.0299987792969,283.8500061035156,278.3699951171875,281.3999938964844,287800.0
2025-01-29,282.29998779296875,284.79998779296875,279.1300048828125,279.1400146484375,317600.0
2025-01-30,283.79998779296875,286.0,280.29998779296875,282.3399963378906,210100.0
2025-01-31,281.5799865722656,286.989990234375,281.5799865722656,282.79998779296875,296800.0
2025-02-03,276.05999755859375,279.6600036621094,271.67999267578125,276.760009765625,371100.0
2025-02-04,275.7900085449219,279.6099853515625,274.9200134277344,278.3399963378906,214600.0
2025-02-05,282.260009765625,286.94000244140625,281.30999755859375,284.760009765625,271800.0
2025-02-06,287.0,287.0,276.05999755859375,282.5899963378906,479400.0
2025-02-07,283.2200012207031,283.2200012207031,277.4700012207031,278.45001220703125,277500.0
2025-02-10,279.5400085449219,283.2300109863281,276.7699890136719,279.45001220703125,426700.0
2025-02-11,275.7900085449219,281.2699890136719,275.7900085449219,276.739990234375,398400.0
2025-02-12,268.94000244140625,276.2699890136719,268.94000244140625,271.1600036621094,396400.0
2025-02-13,271.1400146484375,281.45001220703125,268.0199890136719,279.3299865722656,549400.0
2025-02-14,279.57000732421875,286.0,279.57000732421875,282.69000244140625,271600.0
2025-02-18,282.69000244140625,285.989990234375,280.25,281.9100036621094,597100.0
2025-02-19,274.17999267578125,283.4800109863281,272.9200134277344,279.2699890136719,568800.0
2025-02-20,276.3900146484375,277.6000061035156,271.4700012207031,272.2799987792969,350500.0
2025-02-21,273.30999755859375,273.3500061035156,259.7699890136719,262.07000732421875,420600.0
2025-02-24,263.9599914550781,267.0899963378906,260.6300048828125,263.9200134277344,459800.0
2025-02-25,267.3800048828125,269.45001220703125,261.6300048828125,265.57000732421875,381400.0
2025-02-26,267.3500061035156,273.010009765625,266.70001220703125,270.94000244140625,407100.0
2025-02-27,272.2699890136719,275.32000732421875,266.8999938964844,267.7699890136719,254000.0
2025-02-28,267.8800048828125,272.45001220703125,266.92999267578125,271.8900146484375,417400.0
2025-03-03,272.2699890136719,274.70001220703125,265.0899963378906,267.0199890136719,288100.0
2025-03-04,263.8699951171875,264.739990234375,255.07000732421875,262.4100036621094,466100.0
2025-03-05,260.3699951171875,271.55999755859375,260.3699951171875,270.2200012207031,424000.0
2025-03-06,266.739990234375,269.2799987792969,256.4700012207031,256.8599853515625,378600.0
2025-03-07,257.489990234375,258.3699951171875,243.58999633789062,250.1199951171875,588800.0
2025-03-10,246.99000549316406,248.5,240.47999572753906,241.39999389648438,549700.0
2025-03-11,241.07000732421875,249.1999969482422,237.0,245.77000427246094,584100.0
2025-03-12,256.6000061035156,256.6000061035156,250.8800048828125,252.97999572753906,684700.0
2025-03-13,250.3000030517578,251.92999267578125,236.52000427246094,239.8300018310547,429700.0
2025-03-14,243.66000366210938,249.9600067138672,240.82000732421875,249.89999389648438,452700.0
2025-03-17,248.72000122070312,255.1199951171875,248.67999267578125,253.47999572753906,321100.0
2025-03-18,250.35000610351562,252.5500030517578,247.00999450683594,248.2100067138672,185600.0
2025-03-19,249.60000610351562,255.3800048828125,248.6300048828125,252.97999572753906,248800.0
2025-03-20,249.00999450683594,256.3800048828125,249.00999450683594,253.32000732421875,172500.0
2025-03-21,251.52000427246094,253.0,246.89999389648438,250.25,446400.0
2025-03-24,255.6699981689453,261.94000244140625,255.6699981689453,259.8699951171875,214000.0
2025-03-25,259.6700134277344,262.6700134277344,256.8800048828125,259.69000244140625,213200.0
2025-03-26,260.6400146484375,263.2200012207031,253.25,254.42999267578125,209900.0
2025-03-27,255.2100067138672,256.3599853515625,249.17999267578125,250.50999450683594,236100.0
2025-03-28,250.82000732421875,252.86000061035156,243.9499969482422,245.89999389648438,191800.0
2025-03-31,243.66000366210938,248.9199981689453,240.99000549316406,247.91000366210938,199000.0
2025-04-01,245.7100067138672,248.82000732421875,241.16000366210938,246.0,355900.0
2025-04-02,242.13999938964844,252.10000610351562,242.13999938964844,250.86000061035156,182800.0
2025-04-03,238.9600067138672,241.5,230.9499969482422,232.0,488000.0
2025-04-04,224.24000549316406,225.24000549316406,212.97000122070312,219.5800018310547,577800.0
2025-04-07,209.30999755859375,225.0399932861328,205.60000610351562,214.67999267578125,560900.0
2025-04-08,222.5399932861328,224.3300018310547,204.33999633789062,208.08999633789062,469100.0
2025-04-09,203.3800048828125,225.42999267578125,194.36000061035156,223.49000549316406,968000.0
2025-04-10,215.0800018310547,217.44000244140625,205.7100067138672,213.30999755859375,542600.0
2025-04-11,210.47000122070312,213.25999450683594,204.41000366210938,210.94000244140625,402800.0
2025-04-14,215.8000030517578,217.0399932861328,211.6300048828125,215.22000122070312,280800.0
2025-04-15,214.92999267578125,219.6300048828125,213.91000366210938,215.52000427246094,265500.0
2025-04-16,213.4199981689453,217.6199951171875,207.3300018310547,210.64999389648438,571700.0
2025-04-17,208.8300018310547,212.9600067138672,208.27999877929688,211.1199951171875,401600.0
2025-04-21,208.88999938964844,209.08999633789062,201.97000122070312,204.57000732421875,408100.0
2025-04-22,209.05999755859375,212.07000732421875,207.9199981689453,210.66000366210938,291800.0
2025-04-23,218.50999450683594,226.9199981689453,217.85000610351562,219.10000610351562,427900.0
2025-04-24,218.4600067138672,227.63999938964844,217.00999450683594,225.0,440800.0
2025-04-25,223.30999755859375,226.57000732421875,222.83999633789062,224.5800018310547,226900.0
2025-04-28,223.0,229.22000122070312,223.0,226.9600067138672,276700.0
2025-04-29,225.1300048828125,231.5,224.27999877929688,228.36000061035156,316700.0
2025-04-30,223.47999572753906,227.85000610351562,221.55999755859375,227.41000366210938,476900.0
2025-05-01,228.63999938964844,233.42999267578125,225.1300048828125,229.49000549316406,304100.0
2025-05-02,233.6699981689453,237.44000244140625,232.63999938964844,234.4600067138672,354000.0
2025-05-05,232.25999450683594,236.10000610351562,232.11000061035156,232.83999633789062,344600.0
2025-05-06,228.41000366210938,232.44000244140625,228.41000366210938,229.8800048828125,495000.0
2025-05-07,220.0,231.99000549316406,220.0,228.16000366210938,499400.0
2025-05-08,231.32000732421875,232.82000732421875,223.8300018310547,227.77000427246094,492500.0
2025-05-09,228.5399932861328,230.6300048828125,226.4199981689453,229.6300048828125,311300.0
2025-05-12,240.14999389648438,243.08999633789062,236.63999938964844,240.52000427246094,335300.0
2025-05-13,241.07000732421875,242.10000610351562,238.75,239.6199951171875,300500.0
2025-05-14,239.1999969482422,239.52999877929688,235.7899932861328,236.0399932861328,268800.0
2025-05-15,233.77999877929688,237.6199951171875,232.32000732421875,235.5399932861328,359000.0
2025-05-16,239.86000061035156,239.86000061035156,233.2100067138672,235.94000244140625,400500.0
2025-05-19,231.88999938964844,232.89999389648438,230.25,231.4199981689453,337200.0
2025-05-20,228.72999572753906,230.4600067138672,227.44000244140625,228.75999450683594,470900.0
2025-05-21,225.02000427246094,225.97000122070312,214.9600067138672,215.42999267578125,756000.0
2025-05-22,215.27999877929688,216.1300048828125,213.19000244140625,215.0,518100.0
2025-05-23,211.86000061035156,217.52999877929688,211.86000061035156,215.77000427246094,313700.0
2025-05-27,218.58999633789062,222.83999633789062,217.97000122070312,222.4499969482422,392500.0
2025-05-28,222.25999450683594,223.82000732421875,219.92999267578125,220.02999877929688,264900.0
2025-05-29,222.16000366210938,223.4499969482422,219.0399932861328,222.66000366210938,256000.0
2025-05-30,221.72999572753906,224.25999450683594,220.83999633789062,222.6999969482422,519100.0
2025-06-02,220.2899932861328,221.60000610351562,217.2100067138672,221.05999755859375,407800.0
2025-06-03,219.86000061035156,225.1199951171875,217.92999267578125,224.9199981689453,493400.0
2025-06-04,225.3300018310547,230.85000610351562,225.3300018310547,229.25999450683594,424800.0
2025-06-05,228.52999877929688,232.97000122070312,228.39999389648438,229.72000122070312,444800.0
2025-06-06,232.88999938964844,233.8300018310547,228.47999572753906,230.05999755859375,197000.0
2025-06-09,231.3300018310547,233.17999267578125,230.24000549316406,230.8800048828125,382900.0
2025-06-10,231.99000549316406,237.5500030517578,231.47999572753906,237.38999938964844,408100.0
2025-06-11,239.1199951171875,242.10000610351562,237.19000244140625,237.5,577000.0
2025-06-12,237.02000427246094,243.72000122070312,237.02000427246094,241.58999633789062,650600.0
2025-06-13,236.27999877929688,240.0,235.0399932861328,236.99000549316406,706500.0
2025-06-16,240.02999877929688,242.1699981689453,237.61000061035156,240.47999572753906,485100.0
2025-06-17,238.6199951171875,239.36000061035156,233.13999938964844,233.72000122070312,522300.0
2025-06-18,233.7100067138672,240.0399932861328,233.7100067138672,237.44000244140625,345900.0
2025-06-20,237.97000122070312,239.82000732421875,237.02999877929688,238.4600067138672,465900.0
2025-06-23,238.1199951171875,248.1300048828125,238.1199951171875,247.5800018310547,483400.0
2025-06-24,249.6699981689453,251.27999877929688,247.7899932861328,250.8800048828125,354000.0
2025-06-25,249.5399932861328,250.61000061035156,243.94000244140625,244.5,606500.0
2025-06-26,247.3300018310547,254.30999755859375,244.9600067138672,253.57000732421875,710800.0
2025-06-27,254.97000122070312,260.0,253.50999450683594,256.9599914550781,792100.0
2025-06-30,257.57000732421875,257.57000732421875,254.1300048828125,255.77999877929688,427400.0
2025-07-01,253.17999267578125,260.9700012207031,253.17999267578125,256.8800048828125,602100.0
2025-07-02,256.8800048828125,260.8299865722656,255.8800048828125,259.0,637000.0
2025-07-03,260.0,261.92999267578125,258.82000732421875,260.6400146484375,391600.0
2025-07-07,258.6199951171875,261.1499938964844,256.010009765625,258.4700012207031,368000.0
2025-07-08,258.2699890136719,261.1499938964844,254.10000610351562,254.6699981689453,554100.0
2025-07-09,257.0199890136719,257.19000244140625,251.91000366210938,255.3000030517578,413400.0
2025-07-10,255.3000030517578,261.32000732421875,255.25999450683594,259.69000244140625,474600.0
2025-07-11,255.49000549316406,257.9599914550781,254.82000732421875,256.8900146484375,396100.0
2025-07-14,256.3900146484375,258.20001220703125,254.38999938964844,255.75999450683594,288400.0
2025-07-15,257.1400146484375,257.1400146484375,248.85000610351562,248.9499969482422,412600.0
2025-07-16,249.89999389648438,252.5,246.0800018310547,250.4600067138672,362200.0
2025-07-17,249.9600067138672,252.86000061035156,248.07000732421875,251.8800048828125,348300.0
2025-07-18,253.0399932861328,254.41000366210938,251.5399932861328,253.27000427246094,211100.0
2025-07-21,255.05999755859375,258.6300048828125,253.47999572753906,253.47999572753906,327600.0
2025-07-22,255.32000732421875,260.82000732421875,253.22000122070312,260.0400085449219,499200.0
2025-07-23,263.25,263.9200134277344,259.8500061035156,260.79998779296875,237500.0
2025-07-24,260.010009765625,263.0199890136719,259.04998779296875,261.3699951171875,275500.0
2025-07-25,263.1300048828125,265.3800048828125,258.19000244140625,265.2900085449219,242500.0
2025-07-28,264.9700012207031,267.0899963378906,262.6499938964844,262.6600036621094,353600.0
2025-07-29,270.0,282.6300048828125,267.5,275.8900146484375,777200.0
2025-07-30,275.5,278.6499938964844,269.5,272.3800048828125,458300.0
2025-07-31,271.3699951171875,274.8500061035156,270.3299865722656,270.3599853515625,573300.0
2025-08-01,268.0400085449219,269.07000732421875,262.3299865722656,265.3500061035156,404100.0
2025-08-04,268.5899963378906,272.4200134277344,267.5799865722656,270.42999267578125,303800.0
2025-08-05,272.0,273.4800109863281,267.2699890136719,273.0199890136719,435900.0
2025-08-06,269.0,276.9100036621094,264.6099853515625,275.239990234375,824800.0
2025-08-07,277.7699890136719,279.5400085449219,273.3999938964844,274.32000732421875,465300.0
2025-08-08,275.55999755859375,279.3900146484375,274.25,278.2099914550781,364400.0
2025-08-11,277.489990234375,283.5,275.7900085449219,275.7900085449219,563700.0
2025-08-12,277.760009765625,284.19000244140625,274.7900085449219,283.8800048828125,571900.0
2025-08-13,285.0,297.1499938964844,284.1499938964844,296.9200134277344,598900.0
2025-08-14,292.3800048828125,296.010009765625,288.7900085449219,293.6300048828125,744000.0
2025-08-15,294.6700134277344,298.3999938964844,292.260009765625,294.1000061035156,377400.0
2025-08-18,294.04998779296875,295.6600036621094,290.4100036621094,292.9200134277344,594300.0
2025-08-19,294.4200134277344,299.2900085449219,293.1400146484375,299.25,649300.0
2025-08-20,298.6600036621094,298.8399963378906,295.3999938964844,297.2799987792969,438600.0
2025-08-21,295.4100036621094,298.54998779296875,292.5299987792969,292.8999938964844,331300.0
2025-08-22,295.3299865722656,306.2200012207031,292.80999755859375,303.19000244140625,479200.0
2025-08-25,300.9800109863281,305.5799865722656,300.8999938964844,304.5,408100.0
2025-08-26,304.1400146484375,308.6099853515625,301.70001220703125,305.4800109863281,441000.0
2025-08-27,304.9800109863281,308.3299865722656,303.2900085449219,305.8500061035156,365400.0
2025-08-28,308.4200134277344,308.4200134277344,301.07000732421875,304.6600036621094,303900.0
2025-08-29,306.6700134277344,306.8299865722656,302.75,305.57000732421875,325500.0
2025-09-02,295.4599914550781,301.3999938964844,295.1700134277344,301.3900146484375,386300.0
2025-09-03,300.260009765625,302.239990234375,297.0400085449219,300.6600036621094,294900.0
2025-09-04,303.20001220703125,307.92999267578125,302.04998779296875,307.67999267578125,298100.0
2025-09-05,311.57000732421875,315.1400146484375,307.7099914550781,311.489990234375,337900.0
2025-09-08,307.92999267578125,313.9100036621094,305.80999755859375,311.989990234375,374300.0
2025-09-09,311.19000244140625,311.29998779296875,306.2699890136719,306.94000244140625,381300.0
2025-09-10,307.8699951171875,310.8299865722656,306.5,307.1199951171875,475500.0
2025-09-11,309.4800109863281,316.7900085449219,307.54998779296875,314.4100036621094,464800.0
2025-09-12,313.1300048828125,314.67999267578125,311.07000732421875,312.3699951171875,523800.0
2025-09-15,313.17999267578125,315.7699890136719,311.79998779296875,313.75,399900.0
2025-09-16,314.1199951171875,315.0799865722656,309.2699890136719,311.8399963378906,443100.0
2025-09-17,313.3399963378906,322.3699951171875,313.3399963378906,316.9800109863281,478200.0
2025-09-18,316.8800048828125,321.29998779296875,316.8800048828125,319.6600036621094,298900.0
2025-09-19,321.3299865722656,321.3299865722656,315.92999267578125,318.4800109863281,913500.0
2025-09-22,316.3399963378906,317.3999938964844,311.9599914550781,313.67999267578125,330400.0
2025-09-23,314.8800048828125,317.6000061035156,312.7900085449219,313.2300109863281,191600.0
2025-09-24,312.1700134277344,312.1700134277344,302.17999267578125,303.55999755859375,610100.0
2025-09-25,300.3500061035156,302.70001220703125,298.6099853515625,300.7300109863281,281200.0
2025-09-26,302.3999938964844,304.75,299.5,301.5,359000.0
2025-09-29,303.29998779296875,304.4200134277344,299.1700134277344,300.3800048828125,247700.0
2025-09-30,300.739990234375,301.0,294.75,298.2799987792969,260700.0
2025-10-01,298.1199951171875,300.1300048828125,293.6000061035156,297.32000732421875,218000.0
2025-10-02,295.3599853515625,297.05999755859375,291.45001220703125,293.3599853515625,253900.0
2025-10-03,293.5400085449219,296.489990234375,292.3500061035156,295.1700134277344,198100.0
2025-10-06,294.7699890136719,296.0799865722656,287.0199890136719,291.05999755859375,220400.0
2025-10-07,290.1099853515625,292.92999267578125,285.7300109863281,286.2900085449219,278500.0
2025-10-08,286.7900085449219,286.9700012207031,281.3999938964844,283.7200012207031,280900.0
2025-10-09,284.7300109863281,289.2900085449219,282.67999267578125,287.9100036621094,320100.0
2025-10-10,290.5400085449219,296.6099853515625,282.07000732421875,283.2300109863281,305000.0
2025-10-13,286.3999938964844,291.55999755859375,283.1400146484375,290.510009765625,372100.0
2025-10-14,288.6499938964844,296.19000244140625,288.6499938964844,294.7300109863281,319300.0
2025-10-15,296.44000244140625,304.5899963378906,296.0,304.0899963378906,402600.0
2025-10-16,306.6000061035156,306.6000061035156,296.6700134277344,298.2799987792969,346000.0
2025-10-17,295.8999938964844,300.69000244140625,294.2099914550781,300.54998779296875,237200.0
2025-10-20,301.8599853515625,308.57000732421875,298.20001220703125,306.3399963378906,239800.0
2025-10-21,305.45001220703125,313.1199951171875,304.239990234375,310.17999267578125,190300.0
2025-10-22,311.5,313.6300048828125,308.79998779296875,313.0199890136719,314000.0
2025-10-23,314.67999267578125,320.0,312.7699890136719,316.3900146484375,513200.0
2025-10-24,320.6099853515625,322.07000732421875,313.4800109863281,316.989990234375,265100.0
2025-10-27,319.8800048828125,319.8800048828125,315.3299865722656,315.7099914550781,145700.0
2025-10-28,315.1099853515625,315.1099853515625,311.3800048828125,311.989990234375,180000.0
2025-10-29,309.7900085449219,313.1400146484375,302.70001220703125,303.45001220703125,484200.0
2025-10-30,302.20001220703125,307.42999267578125,296.6000061035156,304.20001220703125,226200.0
2025-10-31,302.82000732421875,307.55999755859375,298.0,305.0899963378906,353500.0
2025-11-03,301.4700012207031,305.3999938964844,295.07000732421875,300.05999755859375,346800.0
2025-11-04,299.5400085449219,300.8399963378906,294.1199951171875,299.0400085449219,532900.0
2025-11-05,290.1499938964844,292.5400085449219,274.7099914550781,287.6199951171875,716200.0
2025-11-06,288.69000244140625,291.75,287.6099853515625,288.07000732421875,303100.0
2025-11-07,288.0899963378906,300.260009765625,286.9200134277344,299.55999755859375,331800.0
2025-11-10,299.6000061035156,304.1700134277344,294.42999267578125,299.7699890136719,301600.0
2025-11-11,301.5899963378906,309.4700012207031,301.5899963378906,308.5400085449219,244400.0
2025-11-12,307.8800048828125,310.3800048828125,304.9800109863281,307.260009765625,297600.0
2025-11-13,305.260009765625,309.8399963378906,299.1400146484375,301.8800048828125,244600.0
2025-11-14,299.55999755859375,304.17999267578125,297.4700012207031,302.57000732421875,254000.0
2025-11-17,302.7300109863281,305.9700012207031,291.75,292.3599853515625,321600.0
2025-11-18,293.2200012207031,299.2699890136719,289.9599914550781,297.2799987792969,354000.0
2025-11-19,297.8500061035156,304.55999755859375,293.9599914550781,303.260009765625,365800.0
2025-11-20,307.05999755859375,315.5199890136719,301.54998779296875,301.6600036621094,379500.0
2025-11-21,305.82000732421875,316.1199951171875,305.82000732421875,314.8699951171875,307100.0
2025-11-24,314.6000061035156,320.5199890136719,314.1600036621094,318.45001220703125,343100.0
2025-11-25,319.6600036621094,331.739990234375,317.9599914550781,330.7200012207031,426800.0
2025-11-26,329.9800109863281,335.8299865722656,326.5400085449219,330.0299987792969,337100.0
2025-11-28,327.4700012207031,332.07000732421875,324.4200134277344,325.69000244140625,216500.0
2025-12-01,321.79998779296875,327.3699951171875,320.45001220703125,323.8500061035156,330600.0
2025-12-02,325.9200134277344,328.82000732421875,319.739990234375,324.260009765625,254200.0
2025-12-03,326.69000244140625,332.0199890136719,322.8299865722656,329.6000061035156,303100.0
2025-12-04,328.75,331.3500061035156,325.1199951171875,327.5199890136719,274500.0
2025-12-05,325.20001220703125,331.3599853515625,325.0400085449219,327.6400146484375,237700.0
2025-12-08,326.07000732421875,327.2799987792969,318.7699890136719,319.9700012207031,365700.0
2025-12-09,319.0,328.0799865722656,316.42999267578125,325.1600036621094,406800.0
2025-12-10,325.8599853515625,332.5199890136719,325.54998779296875,331.3599853515625,405900.0
2025-12-11,332.17999267578125,338.8900146484375,327.9200134277344,337.6400146484375,369000.0
2025-12-12,340.1400146484375,340.1400146484375,329.67999267578125,334.6499938964844,332800.0
2025-12-15,337.5799865722656,338.5199890136719,326.69000244140625,328.989990234375,463400.0
2025-12-16,329.6199951171875,337.6400146484375,326.7699890136719,333.7300109863281,352900.0
2025-12-17,332.2699890136719,339.4800109863281,331.3500061035156,333.5199890136719,291300.0
2025-12-18,336.25,337.8500061035156,330.6199951171875,334.20001220703125,419200.0
2025-12-19,333.4100036621094,338.3800048828125,331.3299865722656,336.6499938964844,733800.0
2025-12-22,336.1499938964844,340.7300109863281,335.0199890136719,340.4700012207031,274300.0
2025-12-23,340.4100036621094,342.7699890136719,337.1700134277344,342.0899963378906,242300.0
2025-12-24,344.67999267578125,347.5199890136719,342.2799987792969,346.9100036621094,117100.0
2025-12-26,347.42999267578125,347.42999267578125,344.7900085449219,346.9599914550781,130600.0
2025-12-29,346.8999938964844,347.80999755859375,340.6099853515625,341.07000732421875,251200.0
2025-12-30,340.0799865722656,341.8500061035156,337.989990234375,339.1300048828125,172800.0
2025-12-31,338.8999938964844,339.7799987792969,335.2799987792969,336.4700012207031,249600.0
2026-01-02,336.42999267578125,337.5,333.1300048828125,335.8399963378906,280900.0
2026-01-05,341.5899963378906,349.69000244140625,332.92999267578125,349.1600036621094,417600.0
2026-01-06,347.8500061035156,351.9599914550781,342.57000732421875,350.5400085449219,730500.0
2026-01-07,351.8900146484375,356.57000732421875,349.8399963378906,352.7200012207031,486500.0
2026-01-08,352.5899963378906,355.0899963378906,342.6000061035156,346.2799987792969,353500.0
2026-01-09,348.3599853515625,353.010009765625,347.1600036621094,350.04998779296875,353900.0
2026-01-12,348.2900085449219,352.70001220703125,343.1700134277344,350.42999267578125,434500.0
2026-01-13,349.1199951171875,351.05999755859375,343.92999267578125,345.6700134277344,249600.0
2026-01-14,344.1400146484375,346.1600036621094,335.6499938964844,339.7799987792969,501500.0
2026-01-15,343.04998779296875,355.17999267578125,339.0400085449219,354.010009765625,369700.0
2026-01-16,352.9700012207031,357.44000244140625,351.6000061035156,355.6099853515625,262100.0
2026-01-20,347.8699951171875,352.8800048828125,342.1700134277344,344.3999938964844,422100.0
2026-01-21,349.3299865722656,357.29998779296875,346.6499938964844,354.5799865722656,462700.0
2026-01-22,357.1499938964844,360.4599914550781,354.79998779296875,356.3599853515625,485200.0
2026-01-23,354.0,356.94000244140625,347.8800048828125,354.0899963378906,250300.0
2026-01-26,355.1099853515625,357.9800109863281,351.17999267578125,357.2099914550781,271800.0
2026-01-27,356.5899963378906,360.1099853515625,353.7099914550781,356.0299987792969,256300.0
2026-01-28,356.989990234375,362.8999938964844,353.8500061035156,356.3699951171875,294600.0
2026-01-29,359.3999938964844,363.05999755859375,352.1000061035156,358.6600036621094,324500.0
2026-01-30,354.4700012207031,360.0899963378906,351.1700134277344,357.9100036621094,382200.0
2026-02-02,357.0,360.7699890136719,353.69000244140625,353.92999267578125,353600.0
2026-02-03,353.5,355.04998779296875,328.75,330.8299865722656,726300.0
2026-02-04,321.80999755859375,334.4100036621094,321.80999755859375,333.95001220703125,804300.0
2026-02-05,335.0,341.1600036621094,331.19000244140625,334.94000244140625,472200.0
2026-02-06,338.989990234375,345.9800109863281,333.5899963378906,342.760009765625,476700.0
2026-02-09,342.8399963378906,348.1400146484375,341.6000061035156,346.4800109863281,329200.0
2026-02-10,349.1400146484375,352.0299987792969,346.0400085449219,346.239990234375,430100.0
2026-02-11,342.04998779296875,346.5899963378906,300.9100036621094,303.1099853515625,1557800.0
2026-02-12,306.0799865722656,308.7799987792969,259.8299865722656,280.1600036621094,2609200.0
2026-02-13,284.989990234375,289.760009765625,271.6499938964844,289.1499938964844,1326300.0
2026-02-17,288.8399963378906,291.0,283.0199890136719,286.8299865722656,889300.0
2026-02-18,296.05999755859375,314.989990234375,284.1600036621094,314.4200134277344,1014100.0
2026-02-19,311.0,315.8299865722656,306.7300109863281,313.69000244140625,839200.0
2026-02-20,314.79998779296875,320.19000244140625,311.29998779296875,314.0,684000.0
2026-02-23,313.989990234375,317.79998779296875,302.30999755859375,304.3599853515625,710800.0
2026-02-24,303.3699951171875,311.489990234375,303.3699951171875,310.9700012207031,509900.0
2026-02-25,313.25,316.7699890136719,304.2699890136719,316.5899963378906,563800.0
2026-02-26,319.32000732421875,325.0,318.3800048828125,322.7300109863281,453000.0
2026-02-27,314.760009765625,319.7900085449219,309.6400146484375,315.54998779296875,678500.0
2026-03-02,305.010009765625,316.3900146484375,301.6000061035156,313.6400146484375,475100.0
2026-03-03,306.5,315.239990234375,301.79998779296875,309.7900085449219,396500.0
2026-03-04,310.1300048828125,313.9700012207031,308.7200012207031,310.9700012207031,329300.0
2026-03-05,307.1199951171875,315.1000061035156,305.6000061035156,309.3599853515625,291400.0
2026-03-06,301.8299865722656,303.7699890136719,294.7699890136719,299.239990234375,366800.0
2026-03-09,293.4599914550781,302.7799987792969,286.45001220703125,301.6199951171875,448400.0
2026-03-10,300.5,304.489990234375,291.739990234375,295.55999755859375,361000.0
2026-03-11,292.8399963378906,295.0899963378906,284.8699951171875,289.5199890136719,543900.0
2026-03-12,282.32000732421875,299.7900085449219,281.6000061035156,294.19000244140625,847900.0
2026-03-13,302.260009765625,305.45001220703125,296.3500061035156,299.2900085449219,486400.0
2026-03-16,306.92999267578125,307.70001220703125,299.6300048828125,300.57000732421875,530200.0
2026-03-17,305.7200012207031,310.3699951171875,302.3500061035156,303.0,464200.0
2026-03-18,299.8599853515625,306.0899963378906,298.4700012207031,303.8999938964844,556900.0
2026-03-19,300.6600036621094,305.75,297.42999267578125,300.1000061035156,513200.0
2026-03-20,298.6300048828125,300.489990234375,291.6600036621094,293.79998779296875,642100.0
2026-03-23,303.239990234375,308.67999267578125,299.0299987792969,299.6000061035156,457000.0
2026-03-24,293.7200012207031,299.489990234375,290.8900146484375,296.25,489700.0
2026-03-25,300.55999755859375,304.69000244140625,292.3999938964844,300.19000244140625,405500.0
2026-03-26,297.1300048828125,305.1099853515625,296.32000732421875,300.44000244140625,370900.0
2026-03-27,296.9599914550781,297.8399963378906,291.70001220703125,292.92999267578125,403400.0
2026-03-30,297.32000732421875,300.739990234375,294.1199951171875,297.0,444400.0
2026-03-31,304.20001220703125,309.6099853515625,296.42999267578125,304.32000732421875,359300.0
2026-04-01,304.92999267578125,309.04998779296875,303.2799987792969,305.75,417100.0
2026-04-02,300.8399963378906,314.04998779296875,300.0799865722656,306.04998779296875,396200.0
2026-04-06,305.92999267578125,308.8699951171875,304.79998779296875,306.7799987792969,268900.0
2026-04-07,304.92999267578125,310.3800048828125,302.79998779296875,308.20001220703125,330600.0
2026-04-08,320.0,325.0,318.3999938964844,318.5299987792969,492400.0
2026-04-09,315.94000244140625,321.6700134277344,312.2799987792969,320.0,374500.0
2026-04-10,319.3900146484375,321.9800109863281,314.0400085449219,317.739990234375,317700.0
2026-04-13,315.1700134277344,325.760009765625,315.1700134277344,324.5400085449219,368200.0
2026-04-14,325.010009765625,330.8399963378906,324.70001220703125,327.7099914550781,277200.0
2026-04-15,329.1300048828125,334.9100036621094,328.6400146484375,332.2099914550781,416400.0
2026-04-16,333.70001220703125,337.3999938964844,332.0899963378906,334.2699890136719,285800.0
2026-04-17,342.3900146484375,349.489990234375,337.1600036621094,346.42999267578125,390900.0
2026-04-20,345.82000732421875,353.70001220703125,345.82000732421875,353.4700012207031,454200.0
2026-04-21,353.0,359.2799987792969,345.239990234375,345.5899963378906,579000.0
2026-04-22,350.25,353.7200012207031,344.8299865722656,351.17999267578125,387500.0
2026-04-23,353.6199951171875,355.1700134277344,331.2099914550781,337.6300048828125,742300.0
2026-04-24,339.8999938964844,343.0899963378906,336.8999938964844,338.55999755859375,291300.0
2026-04-27,337.3599853515625,343.989990234375,337.3599853515625,341.8699951171875,292400.0
2026-04-28,344.29998779296875,347.1000061035156,340.4100036621094,341.54998779296875,353900.0
2026-04-29,339.4800109863281,342.04998779296875,331.2900085449219,338.6600036621094,702900.0
2026-04-30,328.510009765625,333.9700012207031,312.0,318.1300048828125,877300.0
2026-05-01,321.8500061035156,324.1400146484375,314.8800048828125,315.239990234375,446000.0
2026-05-04,314.8299865722656,322.3900146484375,312.9700012207031,314.8500061035156,442700.0
2026-05-05,316.32000732421875,321.4200134277344,310.1300048828125,318.1300048828125,352600.0
2026-05-06,322.6600036621094,330.95001220703125,322.6600036621094,325.5199890136719,359000.0
2026-05-07,327.3699951171875,332.260009765625,324.8699951171875,328.05999755859375,387200.0
2026-05-08,331.5899963378906,334.5400085449219,327.8699951171875,329.8699951171875,274100.0
2026-05-11,328.989990234375,329.4700012207031,321.9700012207031,322.8900146484375,203500.0
2026-05-12,322.5,324.1400146484375,315.7300109863281,315.7799987792969,252700.0
2026-05-13,314.44000244140625,316.4700012207031,305.9200134277344,310.6600036621094,321600.0
2026-05-14,310.80999755859375,313.739990234375,288.3599853515625,288.9100036621094,460700.0
2026-05-15,285.989990234375,289.9800109863281,276.0299987792969,288.2300109863281,712000.0
2026-05-18,290.30999755859375,296.57000732421875,286.8900146484375,288.8999938964844,317400.0
2026-05-19,289.4800109863281,295.7900085449219,286.1099853515625,286.5199890136719,428300.0
2026-05-20,287.67999267578125,293.25,282.5400085449219,293.0299987792969,289100.0
2026-05-21,290.0899963378906,293.94000244140625,285.8500061035156,292.94000244140625,409900.0
2026-05-22,296.6300048828125,296.6300048828125,286.489990234375,291.69000244140625,235800.0
2026-05-26,293.45001220703125,295.239990234375,287.67999267578125,289.510009765625,362100.0
2026-05-27,290.32000732421875,297.5400085449219,286.82000732421875,289.9800109863281,363000.0
2026-05-28,287.760009765625,291.4100036621094,281.6700134277344,285.67999267578125,409400.0
2026-05-29,285.67999267578125,287.0199890136719,280.7200012207031,282.30999755859375,566800.0
2026-06-01,280.7799987792969,285.8500061035156,277.9200134277344,284.8599853515625,500400.0
2026-06-02,282.1600036621094,301.7300109863281,279.7900085449219,295.989990234375,627000.0
2026-06-03,291.54998779296875,292.9599914550781,288.69000244140625,289.25,320700.0
2026-06-04,294.9100036621094,299.1300048828125,292.8900146484375,299.0199890136719,317600.0
2026-06-05,298.3999938964844,298.3999938964844,294.1099853515625,295.7099914550781,296900.0
2026-06-08,295.0199890136719,299.70001220703125,293.0400085449219,294.69000244140625,251600.0
2026-06-09,295.3999938964844,307.5899963378906,294.94000244140625,305.6099853515625,440700.0
2026-06-10,305.57000732421875,306.0400085449219,297.6700134277344,298.2200012207031,252500.0
2026-06-11,302.3999938964844,302.3999938964844,294.6400146484375,297.8800048828125,245900.0
2026-06-12,299.69000244140625,304.4100036621094,296.9700012207031,299.95001220703125,247300.0
2026-06-15,302.07000732421875,309.9599914550781,295.92999267578125,298.239990234375,322500.0
2026-06-16,301.010009765625,305.0799865722656,299.5799865722656,302.75,331300.0
2026-06-17,300.6700134277344,313.3599853515625,296.92999267578125,298.30999755859375,622300.0
2026-06-18,304.42999267578125,307.4800109863281,292.2900085449219,297.2900085449219,788400.0
2026-06-22,294.260009765625,298.0,291.3800048828125,294.8399963378906,293300.0
2026-06-23,295.42999267578125,300.8999938964844,294.4100036621094,298.94000244140625,273000.0
2026-06-24,304.95001220703125,305.05999755859375,297.010009765625,299.7799987792969,250100.0
2026-06-25,301.3399963378906,307.3999938964844,299.57000732421875,303.760009765625,318100.0
2026-06-26,305.8900146484375,315.2900085449219,303.8800048828125,315.05999755859375,941900.0
2026-06-29,312.5899963378906,316.1700134277344,307.3699951171875,313.0799865722656,472900.0
2026-06-30,315.6400146484375,315.6400146484375,308.94000244140625,309.95001220703125,364000.0
2026-07-01,311.1600036621094,323.6400146484375,308.9200134277344,318.3500061035156,392800.0
2026-07-02,321.8900146484375,327.989990234375,320.5299987792969,327.4599914550781,404900.0
2026-07-06,328.6300048828125,330.5199890136719,323.4200134277344,329.8599853515625,295600.0
2026-07-07,332.9800109863281,338.75,331.82000732421875,332.57000732421875,381700.0
2026-07-08,327.489990234375,328.760009765625,321.1600036621094,324.0299987792969,365000.0
2026-07-09,321.4100036621094,329.3500061035156,320.0799865722656,324.19000244140625,378800.0
2026-07-10,328.6700134277344,330.3999938964844,322.8399963378906,324.44000244140625,189200.0
2026-07-13,326.95001220703125,330.0,320.010009765625,321.95001220703125,319200.0
2026-07-14,319.05999755859375,325.6400146484375,314.3900146484375,314.3900146484375,446800.0
2026-07-15,315.260009765625,334.7799987792969,315.260009765625,327.9100036621094,530200.0
2026-07-16,324.7099914550781,336.6400146484375,324.7099914550781,335.8500061035156,308400.0
2026-07-17,334.2099914550781,338.0,328.010009765625,330.6700134277344,418400.0
2026-07-20,329.5199890136719,330.3900146484375,323.5199890136719,325.94000244140625,421000.0
2026-07-21,323.44000244140625,329.0299987792969,322.260009765625,324.44000244140625,436300.0
2026-07-22,326.29998779296875,329.2900085449219,320.0,324.0400085449219,339400.0
2026-07-23,320.80999755859375,324.6199951171875,315.0,319.3800048828125,281500.0
2026-07-24,322.6000061035156,329.54998779296875,322.1600036621094,325.45001220703125,263100.0
2026-07-27,329.05999755859375,334.1700134277344,328.8500061035156,333.1499938964844,281600.0
2026-07-28,337.42999267578125,344.1600036621094,335.5899963378906,343.0799865722656,454100.0
2026-07-29,339.7699890136719,349.80999755859375,337.6499938964844,340.0,675600.0
2026-07-30,350.0,363.8900146484375,347.7799987792969,361.7200012207031,727700.0
2026-07-31,360.010009765625,365.42999267578125,353.95001220703125,355.0299987792969,410000.0
2026-08-03,357.1300048828125,367.3699951171875,357.1300048828125,366.05999755859375,417400.0
2026-08-04,365.8299865722656,369.95001220703125,363.5,367.8599853515625,324200.0
2026-08-05,368.92999267578125,373.2900085449219,363.9100036621094,373.239990234375,281400.0
2026-08-06,372.7099914550781,372.7099914550781,360.2200012207031,363.69000244140625,236500.0
2026-08-07,364.04998779296875,371.95001220703125,361.0,362.3800048828125,324200.0
2026-08-10,358.69000244140625,362.3900146484375,354.5899963378906,357.3500061035156,215500.0
2026-08-11,356.30999755859375,364.739990234375,356.30999755859375,363.3599853515625,215100.0
2026-08-12,368.7900085449219,368.7900085449219,359.6400146484375,362.739990234375,283000.0
2026-08-13,364.0,369.70001220703125,361.7799987792969,369.5199890136719,247700.0
2026-08-14,369.2799987792969,375.7099914550781,366.260009765625,375.0,339800.0
2026-08-17,372.75,373.1099853515625,368.4700012207031,370.30999755859375,341800.0
2026-08-18,373.1000061035156,376.8500061035156,362.04998779296875,371.0299987792969,398800.0
2026-08-19,375.1600036621094,393.8399963378906,375.1600036621094,390.2099914550781,429200.0
2026-08-20,385.5299987792969,390.7099914550781,381.1600036621094,384.29998779296875,301800.0
2026-08-21,391.79998779296875,391.79998779296875,383.1199951171875,387.3699951171875,257400.0
2026-08-24,387.75,393.07000732421875,383.2200012207031,387.2099914550781,225200.0
2026-08-25,385.5799865722656,393.1099853515625,382.5299987792969,392.7900085449219,243400.0
2026-08-26,391.17999267578125,391.17999267578125,384.8699951171875,386.0799865722656,329100.0
2026-08-27,383.1300048828125,386.489990234375,378.5899963378906,378.75,216600.0
2026-08-28,379.8399963378906,383.57000732421875,377.739990234375,378.010009765625,251000.0
2026-08-31,374.2300109863281,375.760009765625,365.6400146484375,365.8699951171875,570300.0
2026-09-01,366.6000061035156,366.6000061035156,353.5299987792969,354.6700134277344,355700.0
2026-09-02,363.8599853515625,363.8599853515625,347.2200012207031,349.92999267578125,303000.0
2026-09-03,356.760009765625,367.6099853515625,355.9200134277344,362.29998779296875,304600.0
2026-09-04,357.9599914550781,364.5,355.5199890136719,362.3599853515625,240900.0
2026-09-08,367.7799987792969,367.7799987792969,351.5799865722656,352.1099853515625,216500.0
2026-09-09,356.9800109863281,357.2300109863281,345.29998779296875,346.20001220703125,288900.0
2026-09-10,345.6700134277344,352.260009765625,339.7099914550781,342.1600036621094,273500.0
2026-09-11,345.8599853515625,350.95001220703125,344.6000061035156,346.9700012207031,279100.0
2026-09-14,351.2900085449219,351.989990234375,339.989990234375,343.54998779296875,435900.0
2026-09-15,341.1400146484375,343.2300109863281,339.3299865722656,341.0400085449219,262900.0
2026-09-16,339.8900146484375,350.6199951171875,336.760009765625,340.17999267578125,402000.0
2026-09-17,345.9800109863281,346.6099853515625,336.3699951171875,336.8399963378906,239000.0
2026-09-18,335.32000732421875,337.7799987792969,332.4700012207031,336.3800048828125,631400.0
2026-09-21,339.3500061035156,342.0,338.3399963378906,340.07000732421875,326900.0
2026-09-23,331.30999755859375,333.57000732421875,323.1499938964844,324.05999755859375,403500.0
2026-09-24,325.0400085449219,327.6000061035156,322.1300048828125,324.3999938964844,324000.0
