date,open,high,low,close,volume
2016-09-26,69.30999755859375,69.61000061035156,68.02999877929688,69.5199966430664,559200.0
2016-09-27,69.02999877929688,70.62000274658203,69.0,70.55999755859375,541000.0
2016-09-28,70.95999908447266,71.62000274658203,70.52999877929688,71.52999877929688,476700.0
2016-09-29,71.63999938964844,71.66000366210938,70.30000305175781,70.47000122070312,530800.0
2016-09-30,71.12000274658203,72.52999877929688,70.58000183105469,72.26000213623047,821400.0
2016-10-03,72.1500015258789,73.12999725341797,71.83999633789062,72.94000244140625,937100.0
2016-10-04,73.27999877929688,74.30000305175781,73.05000305175781,73.5999984741211,788000.0
2016-10-05,73.8499984741211,74.5199966430664,73.75,73.9000015258789,662600.0
2016-10-06,73.87000274658203,74.41999816894531,73.87000274658203,74.16000366210938,536600.0
2016-10-07,73.95999908447266,73.95999908447266,72.61000061035156,73.08000183105469,469300.0
2016-10-10,73.58000183105469,74.38999938964844,73.58000183105469,73.97000122070312,781500.0
2016-10-11,73.69999694824219,74.04000091552734,71.81999969482422,71.94000244140625,661000.0
2016-10-12,71.94999694824219,72.76000213623047,71.87000274658203,72.29000091552734,524600.0
2016-10-13,71.56999969482422,72.37000274658203,70.63999938964844,71.73999786376953,724400.0
2016-10-14,72.33000183105469,72.80999755859375,71.94999694824219,72.1500015258789,800800.0
2016-10-17,72.04000091552734,72.41999816894531,71.47000122070312,71.5,431800.0
2016-10-18,72.4000015258789,72.4000015258789,71.68000030517578,71.7699966430664,598600.0
2016-10-19,71.9800033569336,72.87000274658203,71.9800033569336,72.48999786376953,710000.0
2016-10-20,71.8499984741211,73.0199966430664,71.80000305175781,72.91000366210938,947200.0
2016-10-21,75.16999816894531,80.0,74.06999969482422,79.98999786376953,1843800.0
2016-10-24,81.62999725341797,82.13999938964844,78.22000122070312,78.7300033569336,1285300.0
2016-10-25,78.45999908447266,79.43000030517578,78.08000183105469,78.25,738000.0
2016-10-26,77.54000091552734,79.20999908447266,77.5199966430664,78.4000015258789,629800.0
2016-10-27,78.4000015258789,78.44999694824219,76.44000244140625,76.83999633789062,784600.0
2016-10-28,76.77999877929688,77.56999969482422,76.51000213623047,76.80000305175781,805300.0
2016-10-31,76.98999786376953,77.75,76.33999633789062,76.80000305175781,666800.0
2016-11-01,77.08000183105469,77.41000366210938,75.80000305175781,76.13999938964844,745100.0
2016-11-02,75.77999877929688,76.95999908447266,75.29000091552734,76.58000183105469,587300.0
2016-11-03,76.5999984741211,77.08000183105469,76.27999877929688,76.66999816894531,715200.0
2016-11-04,76.76000213623047,78.2699966430664,76.37999725341797,77.27999877929688,704400.0
2016-11-07,79.0,79.81999969482422,78.62000274658203,79.23999786376953,734400.0
2016-11-08,78.94999694824219,79.66999816894531,78.43000030517578,78.95999908447266,588200.0
2016-11-09,78.19000244140625,80.37999725341797,77.7699966430664,80.05000305175781,912200.0
2016-11-10,81.33000183105469,82.76000213623047,80.5999984741211,81.69000244140625,903300.0
2016-11-11,81.38999938964844,83.63999938964844,81.13999938964844,83.52999877929688,918800.0
2016-11-14,84.29000091552734,85.81999969482422,83.8499984741211,84.3499984741211,725100.0
2016-11-15,84.22000122070312,85.43000030517578,83.12999725341797,85.41999816894531,620000.0
2016-11-16,84.80999755859375,86.12000274658203,84.72000122070312,85.93000030517578,1305600.0
2016-11-17,86.0,86.87000274658203,85.69999694824219,86.41999816894531,799000.0
2016-11-18,86.2300033569336,86.45999908447266,85.20999908447266,85.43000030517578,704500.0
2016-11-21,86.0199966430664,86.44000244140625,84.88999938964844,85.83999633789062,740500.0
2016-11-22,86.25,86.94999694824219,85.56999969482422,86.86000061035156,647000.0
2016-11-23,86.94999694824219,87.95999908447266,86.81999969482422,87.25,419800.0
2016-11-25,87.44000244140625,87.91000366210938,87.0,87.72000122070312,485600.0
2016-11-28,87.31999969482422,87.44999694824219,85.91000366210938,86.69000244140625,1183400.0
2016-11-29,85.83000183105469,86.31999969482422,85.08000183105469,85.12000274658203,838600.0
2016-11-30,86.05000305175781,86.37999725341797,85.23999786376953,85.41000366210938,701600.0
2016-12-01,85.80999755859375,86.31999969482422,85.16999816894531,85.58000183105469,720600.0
2016-12-02,85.4800033569336,86.1500015258789,84.9800033569336,85.8499984741211,776100.0
2016-12-05,86.56999969482422,87.5199966430664,85.55999755859375,86.44999694824219,502500.0
2016-12-06,86.55000305175781,88.43000030517578,86.02999877929688,88.41000366210938,571200.0
2016-12-07,88.12000274658203,90.3499984741211,87.83000183105469,90.33000183105469,890100.0
2016-12-08,90.8499984741211,92.93000030517578,90.3499984741211,92.83000183105469,695000.0
2016-12-09,92.69000244140625,92.7300033569336,91.41000366210938,92.2300033569336,473400.0
2016-12-12,91.93000030517578,92.44000244140625,91.25,91.87000274658203,481700.0
2016-12-13,92.52999877929688,92.87999725341797,91.45999908447266,92.0999984741211,728100.0
2016-12-14,91.70999908447266,92.31999969482422,90.51000213623047,90.55000305175781,469300.0
2016-12-15,90.26000213623047,91.37999725341797,89.0999984741211,90.55000305175781,773200.0
2016-12-16,90.52999877929688,91.58999633789062,90.01000213623047,90.43000030517578,1213900.0
2016-12-19,90.7699966430664,91.30000305175781,90.06999969482422,91.02999877929688,543300.0
2016-12-20,91.25,91.54000091552734,90.16000366210938,90.5199966430664,484800.0
2016-12-21,90.63999938964844,90.68000030517578,89.94999694824219,90.48999786376953,410900.0
2016-12-22,90.73999786376953,90.7699966430664,89.41000366210938,89.9800033569336,238500.0
2016-12-23,90.13999938964844,90.44000244140625,89.68000030517578,90.38999938964844,180600.0
2016-12-27,90.44000244140625,91.19999694824219,90.1500015258789,90.69999694824219,348000.0
2016-12-28,90.91999816894531,90.91999816894531,89.33000183105469,89.5999984741211,167300.0
2016-12-29,89.48999786376953,89.8499984741211,88.94999694824219,89.22000122070312,479000.0
2016-12-30,89.25,89.5999984741211,88.38999938964844,88.87000274658203,411400.0
2017-01-03,89.19999694824219,91.12999725341797,88.79000091552734,90.98999786376953,860200.0
2017-01-04,91.25,92.69000244140625,90.76000213623047,92.0,669200.0
2017-01-05,91.83999633789062,91.83999633789062,89.73999786376953,89.91000366210938,658000.0
2017-01-06,90.61000061035156,90.7300033569336,89.44999694824219,90.02999877929688,513200.0
2017-01-09,90.1500015258789,90.77999877929688,88.98999786376953,89.80999755859375,705100.0
2017-01-10,89.83999633789062,91.48999786376953,89.77999877929688,90.2699966430664,837400.0
2017-01-11,90.05999755859375,91.76000213623047,89.9000015258789,91.75,638700.0
2017-01-12,91.69000244140625,91.9800033569336,90.56999969482422,91.76000213623047,369300.0
2017-01-13,91.97000122070312,93.41000366210938,91.91999816894531,93.27999877929688,519100.0
2017-01-17,92.79000091552734,93.69999694824219,91.76000213623047,92.98999786376953,565000.0
2017-01-18,92.98999786376953,95.0,92.20999908447266,93.62999725341797,818000.0
2017-01-19,93.68000030517578,93.80999755859375,91.6500015258789,92.25,401200.0
2017-01-20,92.7699966430664,93.70999908447266,92.25,92.88999938964844,464600.0
2017-01-23,93.01000213623047,93.47000122070312,91.5999984741211,92.58999633789062,572600.0
2017-01-24,92.9800033569336,94.66999816894531,92.75,94.37999725341797,466200.0
2017-01-25,95.0,96.61000061035156,94.30000305175781,95.45999908447266,987400.0
2017-01-26,95.4800033569336,95.75,94.43000030517578,95.18000030517578,443600.0
2017-01-27,94.37999725341797,94.72000122070312,93.25,93.68000030517578,635800.0
2017-01-30,93.44000244140625,94.83999633789062,91.5199966430664,94.66000366210938,769500.0
2017-01-31,94.26000213623047,97.33999633789062,91.12999725341797,95.45999908447266,1365200.0
2017-02-01,96.63999938964844,98.0199966430664,96.25,97.33999633789062,1135100.0
2017-02-02,96.88999938964844,97.63999938964844,96.12000274658203,97.2300033569336,1022000.0
2017-02-03,98.25,98.98999786376953,97.54000091552734,98.69000244140625,1045400.0
2017-02-06,98.43000030517578,98.80000305175781,97.61000061035156,97.88999938964844,1097100.0
2017-02-07,98.55000305175781,98.69999694824219,97.2699966430664,97.36000061035156,985300.0
2017-02-08,97.08000183105469,97.7699966430664,96.22000122070312,96.6500015258789,1114500.0
2017-02-09,97.13999938964844,97.83000183105469,96.70999908447266,96.94000244140625,669400.0
2017-02-10,97.2300033569336,97.38999938964844,96.2699966430664,96.47000122070312,1130700.0
2017-02-13,97.12000274658203,97.61000061035156,96.13999938964844,96.3499984741211,706900.0
2017-02-14,95.87000274658203,97.19999694824219,94.33999633789062,96.44999694824219,603400.0
2017-02-15,95.86000061035156,97.48999786376953,95.86000061035156,97.1500015258789,720200.0
2017-02-16,97.12999725341797,97.41000366210938,95.4000015258789,96.08999633789062,790000.0
2017-02-17,95.44000244140625,97.3499984741211,95.30999755859375,97.3499984741211,849200.0
2017-02-21,97.05999755859375,98.01000213623047,96.80999755859375,97.88999938964844,904600.0
2017-02-22,97.94000244140625,98.18000030517578,96.0,97.58000183105469,556800.0
2017-02-23,98.0,98.16999816894531,97.26000213623047,97.41000366210938,492200.0
2017-02-24,96.37000274658203,97.48999786376953,95.87999725341797,97.36000061035156,1033800.0
2017-02-27,97.36000061035156,98.16000366210938,97.08999633789062,97.83999633789062,440900.0
2017-02-28,97.48999786376953,98.27999877929688,97.0199966430664,97.04000091552734,769700.0
2017-03-01,98.94999694824219,99.91999816894531,98.52999877929688,99.11000061035156,858700.0
2017-03-02,98.76000213623047,98.88999938964844,97.70999908447266,97.76000213623047,528900.0
2017-03-03,97.61000061035156,98.44999694824219,97.20999908447266,98.33999633789062,506400.0
2017-03-06,97.62999725341797,98.55999755859375,97.41999816894531,98.06999969482422,403600.0
2017-03-07,98.08000183105469,99.2300033569336,97.5199966430664,98.91000366210938,572500.0
2017-03-08,99.31999969482422,100.30999755859375,99.2699966430664,100.13999938964844,637200.0
2017-03-09,100.19000244140625,100.80999755859375,99.16999816894531,99.5999984741211,544000.0
2017-03-10,99.79000091552734,101.54000091552734,99.41999816894531,100.83999633789062,571200.0
2017-03-13,100.87000274658203,101.87000274658203,100.87000274658203,101.2699966430664,474300.0
2017-03-14,101.12999725341797,102.12000274658203,100.43000030517578,101.36000061035156,380600.0
2017-03-15,101.77999877929688,102.80000305175781,101.4800033569336,102.44999694824219,493500.0
2017-03-16,102.62000274658203,103.41000366210938,102.29000091552734,103.12000274658203,418600.0
2017-03-17,103.0,103.9000015258789,102.62999725341797,103.61000061035156,622000.0
2017-03-20,103.62000274658203,103.80999755859375,102.30000305175781,102.77999877929688,479600.0
2017-03-21,103.3499984741211,103.51000213623047,101.08999633789062,101.2300033569336,769100.0
2017-03-22,100.91999816894531,101.33000183105469,99.8499984741211,100.55000305175781,773600.0
2017-03-23,100.55999755859375,101.62999725341797,99.80999755859375,99.87000274658203,784700.0
2017-03-24,100.30999755859375,101.20999908447266,99.51000213623047,99.91999816894531,450600.0
2017-03-27,98.11000061035156,99.4800033569336,97.38999938964844,99.05000305175781,382400.0
2017-03-28,98.75,100.54000091552734,98.41000366210938,99.91999816894531,624000.0
2017-03-29,99.94000244140625,101.45999908447266,99.58999633789062,101.2699966430664,467200.0
2017-03-30,101.31999969482422,102.97000122070312,101.31999969482422,102.95999908447266,350700.0
2017-03-31,102.81999969482422,103.58999633789062,102.3499984741211,102.56999969482422,664100.0
2017-04-03,102.80999755859375,103.66000366210938,99.02999877929688,99.58999633789062,822800.0
2017-04-04,99.25,99.5999984741211,97.7300033569336,98.30999755859375,893000.0
2017-04-05,98.58999633789062,101.33999633789062,97.73999786376953,98.05999755859375,858400.0
2017-04-06,98.05000305175781,99.16000366210938,97.51000213623047,98.41999816894531,443700.0
2017-04-07,98.06999969482422,98.41999816894531,97.1500015258789,97.54000091552734,555700.0
2017-04-10,97.97000122070312,101.16999816894531,97.97000122070312,99.12000274658203,622800.0
2017-04-11,98.80999755859375,100.13999938964844,98.30999755859375,100.06999969482422,488600.0
2017-04-12,100.26000213623047,100.30999755859375,98.08999633789062,98.48999786376953,560500.0
2017-04-13,98.45999908447266,100.0,97.76000213623047,98.54000091552734,475800.0
2017-04-17,98.81999969482422,99.4000015258789,98.06999969482422,99.33000183105469,371100.0
2017-04-18,98.79000091552734,100.43000030517578,98.79000091552734,100.29000091552734,611600.0
2017-04-19,100.45999908447266,102.05999755859375,100.25,101.8499984741211,782300.0
2017-04-20,102.5,103.47000122070312,100.27999877929688,103.33000183105469,1214300.0
2017-04-21,100.0,103.5,97.87999725341797,100.33999633789062,2089900.0
2017-04-24,103.0,106.98999786376953,102.77999877929688,104.94000244140625,1476300.0
2017-04-25,105.69000244140625,105.69000244140625,103.70999908447266,103.72000122070312,813000.0
2017-04-26,103.75,104.72000122070312,102.54000091552734,102.66999816894531,715800.0
2017-04-27,102.69000244140625,103.12999725341797,101.41999816894531,102.06999969482422,647400.0
2017-04-28,102.01000213623047,103.0,100.83000183105469,100.9800033569336,489700.0
2017-05-01,101.29000091552734,102.44000244140625,100.16999816894531,101.94000244140625,452100.0
2017-05-02,102.26000213623047,104.04000091552734,102.26000213623047,103.83000183105469,583900.0
2017-05-03,103.18000030517578,104.37999725341797,102.73999786376953,103.44000244140625,364300.0
2017-05-04,103.68000030517578,104.25,102.11000061035156,103.26000213623047,509100.0
2017-05-05,103.66000366210938,104.0199966430664,102.31999969482422,103.77999877929688,319900.0
2017-05-08,103.80000305175781,103.87999725341797,101.98999786376953,102.91999816894531,391800.0
2017-05-09,102.91999816894531,103.72000122070312,102.62000274658203,103.36000061035156,322600.0
2017-05-10,103.08000183105469,104.5999984741211,103.04000091552734,104.5,424300.0
2017-05-11,103.95999908447266,104.23999786376953,102.58000183105469,102.98999786376953,359100.0
2017-05-12,102.87999725341797,102.87999725341797,101.93000030517578,102.58000183105469,309600.0
2017-05-15,102.45999908447266,103.55999755859375,102.37000274658203,103.11000061035156,326000.0
2017-05-16,103.27999877929688,103.83000183105469,101.98999786376953,103.6500015258789,437100.0
2017-05-17,103.6500015258789,103.6500015258789,100.5199966430664,100.76000213623047,403900.0
2017-05-18,100.45999908447266,102.41000366210938,99.56999969482422,101.54000091552734,523100.0
2017-05-19,101.48999786376953,102.56999969482422,100.11000061035156,101.98999786376953,644400.0
2017-05-22,102.44999694824219,104.19000244140625,102.25,103.97000122070312,469800.0
2017-05-23,104.0,104.25,103.30000305175781,103.87999725341797,551800.0
2017-05-24,103.55000305175781,103.55000305175781,101.30999755859375,101.93000030517578,909100.0
2017-05-25,102.30999755859375,103.20999908447266,101.87999725341797,102.3499984741211,361600.0
2017-05-26,102.2300033569336,102.62999725341797,101.0999984741211,101.80999755859375,296100.0
2017-05-30,100.94999694824219,101.25,100.11000061035156,100.58000183105469,575100.0
2017-05-31,101.16000366210938,101.94999694824219,99.72000122070312,101.87000274658203,942900.0
2017-06-01,102.41999816894531,104.45999908447266,102.16999816894531,104.20999908447266,865000.0
2017-06-02,104.25,105.25,103.37999725341797,104.37999725341797,526800.0
2017-06-05,104.04000091552734,104.04000091552734,102.1500015258789,102.37999725341797,465700.0
2017-06-06,101.55000305175781,102.69999694824219,100.18000030517578,101.9800033569336,480800.0
2017-06-07,102.22000122070312,102.22000122070312,101.0199966430664,101.68000030517578,436300.0
2017-06-08,102.08999633789062,104.77999877929688,101.4000015258789,104.0,520000.0
2017-06-09,104.23999786376953,105.43000030517578,103.41000366210938,104.6500015258789,446900.0
2017-06-12,104.86000061035156,105.73999786376953,104.27999877929688,105.01000213623047,508400.0
2017-06-13,105.54000091552734,107.54000091552734,104.66000366210938,105.4800033569336,519400.0
2017-06-14,105.30999755859375,106.7699966430664,105.13999938964844,105.72000122070312,429700.0
2017-06-15,103.87999725341797,106.80000305175781,103.04000091552734,106.58999633789062,457300.0
2017-06-16,106.38999938964844,107.62999725341797,105.83000183105469,107.55999755859375,663100.0
2017-06-19,107.83000183105469,109.69999694824219,107.33000183105469,109.5,465200.0
2017-06-20,109.41000366210938,109.41000366210938,107.98999786376953,108.12999725341797,268000.0
2017-06-21,108.45999908447266,108.45999908447266,107.2699966430664,107.62000274658203,312700.0
2017-06-22,107.54000091552734,107.66999816894531,105.9000015258789,106.86000061035156,348400.0
2017-06-23,106.87000274658203,107.3499984741211,105.87999725341797,106.58000183105469,497000.0
2017-06-26,106.91000366210938,108.2699966430664,106.70999908447266,107.33000183105469,238800.0
2017-06-27,107.7699966430664,107.81999969482422,106.25,106.93000030517578,343100.0
2017-06-28,107.55000305175781,108.9800033569336,107.1500015258789,108.66999816894531,294900.0
2017-06-29,109.2699966430664,110.52999877929688,108.55999755859375,110.37000274658203,544000.0
2017-06-30,110.94000244140625,112.08999633789062,110.80000305175781,111.6500015258789,478000.0
2017-07-03,112.37999725341797,113.51000213623047,111.76000213623047,112.73999786376953,296400.0
2017-07-05,112.47000122070312,113.91999816894531,112.0,113.83000183105469,640800.0
2017-07-06,113.18000030517578,113.97000122070312,111.63999938964844,111.70999908447266,748100.0
2017-07-07,112.16999816894531,115.30000305175781,111.44000244140625,114.94999694824219,503600.0
2017-07-10,115.12000274658203,116.43000030517578,114.58999633789062,115.8499984741211,552800.0
2017-07-11,115.58000183105469,116.08000183105469,113.69999694824219,113.93000030517578,754000.0
2017-07-12,114.56999969482422,116.80000305175781,114.56999969482422,115.86000061035156,646200.0
2017-07-13,115.9800033569336,116.2300033569336,114.88999938964844,116.04000091552734,407600.0
2017-07-14,116.30999755859375,117.80999755859375,116.05999755859375,117.47000122070312,388900.0
2017-07-17,117.69999694824219,117.70999908447266,116.61000061035156,117.33000183105469,308200.0
2017-07-18,116.68000030517578,118.61000061035156,116.48999786376953,118.06999969482422,543900.0
2017-07-19,118.18000030517578,119.11000061035156,118.06999969482422,118.41999816894531,505200.0
2017-07-20,118.41999816894531,119.58999633789062,118.41999816894531,119.05000305175781,633600.0
2017-07-21,118.91000366210938,119.41000366210938,118.0,118.83000183105469,734400.0
2017-07-24,115.5,115.55000305175781,107.08999633789062,108.18000030517578,1997800.0
2017-07-25,108.97000122070312,109.48999786376953,105.83999633789062,108.2300033569336,1576500.0
2017-07-26,108.2699966430664,108.69000244140625,104.77999877929688,105.20999908447266,1085900.0
2017-07-27,105.33999633789062,105.72000122070312,103.91999816894531,105.3499984741211,827700.0
2017-07-28,105.23999786376953,106.88999938964844,105.23999786376953,105.91000366210938,661000.0
2017-07-31,106.20999908447266,107.37000274658203,105.88999938964844,107.1500015258789,662300.0
2017-08-01,107.93000030517578,107.98999786376953,105.41000366210938,106.48999786376953,605800.0
2017-08-02,106.5,107.16999816894531,104.13999938964844,105.93000030517578,433200.0
2017-08-03,105.9000015258789,106.9800033569336,105.9000015258789,106.58000183105469,424400.0
2017-08-04,106.97000122070312,108.4800033569336,106.93000030517578,108.27999877929688,478400.0
2017-08-07,108.6500015258789,109.25,107.86000061035156,107.91999816894531,454600.0
2017-08-08,107.83000183105469,108.6500015258789,106.86000061035156,107.9000015258789,389600.0
2017-08-09,107.6500015258789,109.61000061035156,107.52999877929688,108.83999633789062,772300.0
2017-08-10,108.56999969482422,108.5999984741211,106.77999877929688,107.26000213623047,504600.0
2017-08-11,107.31999969482422,107.97000122070312,106.41999816894531,106.8499984741211,411700.0
2017-08-14,107.41999816894531,109.37000274658203,107.2300033569336,109.25,390600.0
2017-08-15,109.83000183105469,110.66999816894531,108.55000305175781,108.58000183105469,326100.0
2017-08-16,109.47000122070312,109.5999984741211,108.43000030517578,108.55999755859375,254100.0
2017-08-17,108.3499984741211,108.69000244140625,106.63999938964844,106.80999755859375,328300.0
2017-08-18,106.41000366210938,107.30999755859375,106.22000122070312,106.66000366210938,421600.0
2017-08-21,106.33000183105469,106.87000274658203,105.73999786376953,106.5999984741211,323800.0
2017-08-22,106.91000366210938,108.6500015258789,106.8499984741211,108.3499984741211,373900.0
2017-08-23,107.56999969482422,108.69999694824219,106.8499984741211,107.9000015258789,321700.0
2017-08-24,108.43000030517578,108.63999938964844,107.2699966430664,108.26000213623047,279600.0
2017-08-25,108.75,109.47000122070312,108.4800033569336,109.08999633789062,178900.0
2017-08-28,109.26000213623047,109.91000366210938,108.93000030517578,109.73999786376953,228300.0
2017-08-29,108.80000305175781,109.8499984741211,107.63999938964844,109.20999908447266,374900.0
2017-08-30,109.19999694824219,110.7699966430664,109.11000061035156,110.36000061035156,275100.0
2017-08-31,110.79000091552734,111.97000122070312,110.47000122070312,111.51000213623047,557100.0
2017-09-01,112.05999755859375,113.30999755859375,111.62000274658203,112.0999984741211,239900.0
2017-09-05,111.93000030517578,112.5999984741211,111.0199966430664,111.55999755859375,269500.0
2017-09-06,112.08000183105469,112.08000183105469,110.13999938964844,110.25,456600.0
2017-09-07,110.44999694824219,111.5199966430664,109.20999908447266,111.44999694824219,454100.0
2017-09-08,111.12000274658203,112.66000366210938,110.4800033569336,112.36000061035156,311200.0
2017-09-11,113.16000366210938,114.69000244140625,112.47000122070312,114.12000274658203,483200.0
2017-09-12,114.38999938964844,115.52999877929688,113.9000015258789,115.37000274658203,519800.0
2017-09-13,115.13999938964844,115.13999938964844,113.83999633789062,113.87000274658203,376400.0
2017-09-14,113.80000305175781,114.45999908447266,113.0,113.87000274658203,397500.0
2017-09-15,113.83999633789062,114.58000183105469,113.4000015258789,113.88999938964844,639500.0
2017-09-18,114.12000274658203,115.79000091552734,114.12000274658203,115.69000244140625,225500.0
2017-09-19,115.66999816894531,117.02999877929688,115.66999816894531,116.44999694824219,537200.0
2017-09-20,116.5,117.1500015258789,115.6500015258789,116.1500015258789,520700.0
2017-09-21,116.55000305175781,116.55000305175781,115.33999633789062,115.94999694824219,519900.0
2017-09-22,116.06999969482422,116.58999633789062,114.22000122070312,115.86000061035156,571600.0
2017-09-25,115.80000305175781,116.91999816894531,115.27999877929688,116.62999725341797,504100.0
2017-09-26,117.27999877929688,117.8499984741211,115.79000091552734,117.30999755859375,718000.0
2017-09-27,118.04000091552734,119.0999984741211,117.19999694824219,118.9000015258789,489900.0
2017-09-28,118.41999816894531,120.0999984741211,118.27999877929688,119.93000030517578,437300.0
2017-09-29,119.87999725341797,120.9000015258789,117.68000030517578,117.81999969482422,638700.0
2017-10-02,118.01000213623047,120.02999877929688,118.01000213623047,119.68000030517578,408500.0
2017-10-03,119.66999816894531,120.31999969482422,119.19000244140625,120.22000122070312,606300.0
2017-10-04,120.23999786376953,121.97000122070312,119.95999908447266,121.79000091552734,439100.0
2017-10-05,121.68000030517578,122.61000061035156,120.52999877929688,121.56999969482422,450100.0
2017-10-06,121.55999755859375,122.33999633789062,121.16000366210938,122.12000274658203,402800.0
2017-10-09,122.02999877929688,122.37000274658203,121.48999786376953,121.94999694824219,260400.0
2017-10-10,122.25,123.0,121.55999755859375,122.98999786376953,400400.0
2017-10-11,123.0199966430664,123.44000244140625,119.9800033569336,120.70999908447266,568100.0
2017-10-12,120.73999786376953,122.45999908447266,120.44000244140625,121.45999908447266,516100.0
2017-10-13,122.30000305175781,122.54000091552734,121.9000015258789,122.31999969482422,432100.0
2017-10-16,122.19000244140625,122.98999786376953,122.12000274658203,122.80000305175781,293500.0
2017-10-17,122.81999969482422,122.81999969482422,120.5199966430664,120.75,412500.0
2017-10-18,121.33999633789062,122.97000122070312,121.33999633789062,122.76000213623047,619300.0
2017-10-19,122.0,123.41000366210938,120.56999969482422,122.69000244140625,579500.0
2017-10-20,120.0,124.23999786376953,118.30999755859375,122.73999786376953,1208700.0
2017-10-23,122.9800033569336,125.08000183105469,120.9800033569336,121.12999725341797,866700.0
2017-10-24,121.54000091552734,124.77999877929688,121.05999755859375,123.9800033569336,888300.0
2017-10-25,123.86000061035156,125.0199966430664,122.94999694824219,123.23999786376953,666800.0
2017-10-26,124.20999908447266,125.38999938964844,123.91000366210938,124.75,449200.0
2017-10-27,124.68000030517578,125.66000366210938,123.12000274658203,125.37000274658203,623400.0
2017-10-30,124.52999877929688,125.30000305175781,121.7699966430664,121.8499984741211,333700.0
2017-10-31,122.30000305175781,124.2300033569336,122.08999633789062,123.27999877929688,372300.0
2017-11-01,124.08999633789062,124.08999633789062,122.54000091552734,123.83999633789062,360500.0
2017-11-02,123.83000183105469,125.83999633789062,123.22000122070312,125.43000030517578,321800.0
2017-11-03,125.31999969482422,126.05000305175781,124.58999633789062,126.0,348000.0
2017-11-06,125.5999984741211,126.26000213623047,124.97000122070312,125.13999938964844,512400.0
2017-11-07,125.3499984741211,126.4000015258789,124.1500015258789,125.0999984741211,411500.0
2017-11-08,125.27999877929688,125.95999908447266,124.73999786376953,125.54000091552734,301700.0
2017-11-09,125.05000305175781,125.80999755859375,123.37000274658203,123.62999725341797,363800.0
2017-11-10,123.86000061035156,125.08999633789062,123.27999877929688,124.97000122070312,461100.0
2017-11-13,124.33999633789062,127.04000091552734,124.04000091552734,126.0,263100.0
2017-11-14,125.08999633789062,126.52999877929688,125.01000213623047,125.9800033569336,344600.0
2017-11-15,125.11000061035156,125.87000274658203,124.11000061035156,124.62000274658203,493400.0
2017-11-16,125.08000183105469,127.30999755859375,125.08000183105469,126.87999725341797,625700.0
2017-11-17,126.69000244140625,126.9000015258789,125.37000274658203,126.18000030517578,274800.0
2017-11-20,126.68000030517578,127.31999969482422,126.37999725341797,127.23999786376953,235900.0
2017-11-21,128.17999267578125,128.4499969482422,127.69000244140625,128.38999938964844,233100.0
2017-11-22,128.35000610351562,129.05999755859375,127.19000244140625,127.55000305175781,217600.0
2017-11-24,128.13999938964844,128.61000061035156,127.37000274658203,128.13999938964844,118800.0
2017-11-27,128.25,128.9600067138672,128.0,128.1199951171875,254700.0
2017-11-28,128.5399932861328,130.5800018310547,128.4499969482422,130.3800048828125,266000.0
2017-11-29,130.5,131.99000549316406,129.6699981689453,129.80999755859375,354800.0
2017-11-30,129.63999938964844,130.1300048828125,128.8300018310547,128.89999389648438,600000.0
2017-12-01,128.89999389648438,129.25,124.62000274658203,127.01000213623047,378400.0
2017-12-04,128.27999877929688,129.24000549316406,126.9000015258789,127.02999877929688,358200.0
2017-12-05,126.79000091552734,127.58000183105469,124.77999877929688,125.01000213623047,440700.0
2017-12-06,125.01000213623047,126.56999969482422,124.8499984741211,125.12000274658203,383200.0
2017-12-07,124.88999938964844,125.94000244140625,124.45999908447266,125.56999969482422,422400.0
2017-12-08,126.52999877929688,128.17999267578125,125.54000091552734,127.95999908447266,393600.0
2017-12-11,128.36000061035156,128.5,127.16999816894531,127.62000274658203,541700.0
2017-12-12,127.55000305175781,128.11000061035156,125.55000305175781,125.63999938964844,338900.0
2017-12-13,125.75,126.12999725341797,123.58000183105469,123.97000122070312,326900.0
2017-12-14,124.30000305175781,124.45999908447266,122.0999984741211,122.5999984741211,492200.0
2017-12-15,123.01000213623047,125.97000122070312,122.9000015258789,124.81999969482422,731200.0
2017-12-18,125.77999877929688,127.58999633789062,125.6500015258789,126.38999938964844,327200.0
2017-12-19,126.33999633789062,127.44000244140625,125.4800033569336,126.29000091552734,355100.0
2017-12-20,126.62000274658203,127.75,126.25,127.33999633789062,227000.0
2017-12-21,127.47000122070312,128.2100067138672,127.30999755859375,127.37999725341797,253600.0
2017-12-22,127.88999938964844,127.95999908447266,126.2300033569336,127.04000091552734,166300.0
2017-12-26,126.7300033569336,127.30000305175781,126.0,126.31999969482422,99300.0
2017-12-27,126.16999816894531,126.83000183105469,125.48999786376953,126.29000091552734,164700.0
2017-12-28,126.91999816894531,127.22000122070312,125.58000183105469,127.12000274658203,170300.0
2017-12-29,127.38999938964844,127.41000366210938,126.08000183105469,126.11000061035156,173600.0
2018-01-02,127.16000366210938,127.16000366210938,125.73999786376953,126.75,256000.0
2018-01-03,127.16999816894531,127.75,126.45999908447266,127.08999633789062,211700.0
2018-01-04,128.0399932861328,128.83999633789062,127.58000183105469,128.6999969482422,306400.0
2018-01-05,128.86000061035156,129.10000610351562,127.97000122070312,129.07000732421875,163600.0
2018-01-08,128.85000610351562,130.50999450683594,128.00999450683594,130.30999755859375,259100.0
2018-01-09,130.85000610351562,131.97000122070312,130.1300048828125,130.49000549316406,392200.0
2018-01-10,130.38999938964844,131.25999450683594,128.80999755859375,129.13999938964844,603100.0
2018-01-11,129.66000366210938,131.11000061035156,129.38999938964844,129.89999389648438,479500.0
2018-01-12,130.39999389648438,131.05999755859375,129.3800048828125,129.75,279400.0
2018-01-16,130.7100067138672,131.4600067138672,128.6999969482422,129.07000732421875,293100.0
2018-01-17,129.77000427246094,132.22999572753906,129.6199951171875,131.99000549316406,387200.0
2018-01-18,132.52000427246094,132.52000427246094,130.50999450683594,131.17999267578125,273900.0
2018-01-19,131.67999267578125,133.10000610351562,131.55999755859375,133.0399932861328,220600.0
2018-01-22,132.88999938964844,134.2899932861328,132.55999755859375,134.19000244140625,376600.0
2018-01-23,134.2899932861328,134.72999572753906,132.07000732421875,132.7899932861328,349700.0
2018-01-24,133.3699951171875,134.3800048828125,132.10000610351562,132.82000732421875,253600.0
2018-01-25,133.72999572753906,134.02000427246094,132.72999572753906,133.7100067138672,213300.0
2018-01-26,134.14999389648438,136.17999267578125,133.60000610351562,136.02000427246094,209600.0
2018-01-29,135.4600067138672,136.92999267578125,134.35000610351562,134.50999450683594,324400.0
2018-01-30,133.13999938964844,133.35000610351562,131.24000549316406,131.58999633789062,422500.0
2018-01-31,132.14999389648438,134.0399932861328,131.32000732421875,131.38999938964844,460200.0
2018-02-01,131.1300048828125,132.86000061035156,130.9600067138672,132.22999572753906,607800.0
2018-02-02,129.8699951171875,130.35000610351562,120.5999984741211,122.5,818900.0
2018-02-05,121.3499984741211,122.0,117.36000061035156,117.37000274658203,1267900.0
2018-02-06,113.01000213623047,122.8499984741211,112.73999786376953,121.83000183105469,1173700.0
2018-02-07,121.61000061035156,122.97000122070312,120.41000366210938,120.97000122070312,695100.0
2018-02-08,120.9000015258789,121.08999633789062,113.66999816894531,113.7300033569336,774100.0
2018-02-09,115.61000061035156,116.51000213623047,111.18000030517578,115.5999984741211,665300.0
2018-02-12,116.97000122070312,118.72000122070312,115.66999816894531,117.44000244140625,586200.0
2018-02-13,116.76000213623047,119.68000030517578,116.33000183105469,119.43000030517578,558500.0
2018-02-14,118.4000015258789,123.66000366210938,118.19999694824219,122.97000122070312,768600.0
2018-02-15,124.05000305175781,124.37000274658203,122.22000122070312,122.87000274658203,531000.0
2018-02-16,122.19000244140625,123.52999877929688,120.9000015258789,121.91999816894531,326700.0
2018-02-20,121.16000366210938,122.62999725341797,120.63999938964844,121.76000213623047,362200.0
2018-02-21,122.05999755859375,123.93000030517578,121.18000030517578,121.3499984741211,411000.0
2018-02-22,121.79000091552734,123.19000244140625,121.06999969482422,121.33999633789062,369800.0
2018-02-23,122.25,122.63999938964844,120.87999725341797,122.58000183105469,274900.0
2018-02-26,122.98999786376953,123.22000122070312,120.8499984741211,121.87000274658203,319700.0
2018-02-27,121.43000030517578,123.04000091552734,120.05000305175781,120.0999984741211,634500.0
2018-02-28,120.31999969482422,121.0199966430664,118.43000030517578,118.45999908447266,585100.0
2018-03-01,118.0999984741211,119.4000015258789,116.0999984741211,117.2300033569336,704100.0
2018-03-02,116.04000091552734,119.55000305175781,115.47000122070312,119.26000213623047,435700.0
2018-03-05,117.94999694824219,119.01000213623047,116.5199966430664,118.58000183105469,691800.0
2018-03-06,119.20999908447266,119.66000366210938,117.98999786376953,118.62000274658203,638800.0
2018-03-07,117.3499984741211,120.55000305175781,117.3499984741211,120.2300033569336,526900.0
2018-03-08,121.29000091552734,121.31999969482422,119.77999877929688,120.5999984741211,484900.0
2018-03-09,121.88999938964844,122.58000183105469,120.52999877929688,122.36000061035156,357100.0
2018-03-12,122.62999725341797,122.9000015258789,120.0199966430664,120.36000061035156,419300.0
2018-03-13,121.16000366210938,122.72000122070312,120.7699966430664,121.23999786376953,684000.0
2018-03-14,121.75,122.16000366210938,119.54000091552734,120.61000061035156,378700.0
2018-03-15,120.83999633789062,121.80000305175781,120.1500015258789,120.81999969482422,269700.0
2018-03-16,121.04000091552734,123.27999877929688,120.93000030517578,122.31999969482422,713400.0
2018-03-19,121.95999908447266,122.51000213623047,120.3499984741211,121.04000091552734,415800.0
2018-03-20,121.08999633789062,121.97000122070312,120.11000061035156,120.87000274658203,437600.0
2018-03-21,120.91000366210938,122.69999694824219,120.91000366210938,121.1500015258789,403300.0
2018-03-22,120.0,120.37000274658203,115.70999908447266,115.80999755859375,511900.0
2018-03-23,115.80999755859375,116.72000122070312,111.41000366210938,111.58000183105469,496700.0
2018-03-26,113.68000030517578,114.16999816894531,111.5,113.72000122070312,943000.0
2018-03-27,113.80999755859375,115.69000244140625,112.0999984741211,113.0199966430664,558500.0
2018-03-28,113.05000305175781,113.88999938964844,111.80000305175781,112.45999908447266,574700.0
2018-03-29,113.2699966430664,116.05000305175781,113.25,115.0999984741211,526600.0
2018-04-02,114.95999908447266,115.66000366210938,111.73999786376953,113.62999725341797,440600.0
2018-04-03,112.58000183105469,115.43000030517578,111.61000061035156,114.62000274658203,645700.0
2018-04-04,112.25,114.48999786376953,110.75,114.33999633789062,592300.0
2018-04-05,115.36000061035156,116.12000274658203,114.16000366210938,115.76000213623047,681600.0
2018-04-06,114.45999908447266,115.26000213623047,109.72000122070312,110.77999877929688,888700.0
2018-04-09,112.33999633789062,114.91000366210938,112.01000213623047,112.94000244140625,525200.0
2018-04-10,114.52999877929688,116.5,113.47000122070312,115.9000015258789,521300.0
2018-04-11,115.16000366210938,115.88999938964844,114.37999725341797,114.75,434000.0
2018-04-12,115.31999969482422,117.26000213623047,115.0199966430664,116.4000015258789,281700.0
2018-04-13,117.37000274658203,117.5999984741211,115.30000305175781,116.05999755859375,382200.0
2018-04-16,117.0,117.77999877929688,116.25,117.0999984741211,377800.0
2018-04-17,118.22000122070312,118.48999786376953,116.27999877929688,116.72000122070312,465800.0
2018-04-18,117.1500015258789,118.63999938964844,117.1500015258789,118.61000061035156,472500.0
2018-04-19,118.55000305175781,119.68000030517578,118.16999816894531,118.66000366210938,822800.0
2018-04-20,118.48999786376953,118.48999786376953,100.69000244140625,101.47000122070312,2783200.0
2018-04-23,101.51000213623047,103.08000183105469,99.12999725341797,99.9000015258789,1461900.0
2018-04-24,100.88999938964844,100.88999938964844,95.61000061035156,96.18000030517578,1759200.0
2018-04-25,96.3499984741211,98.45999908447266,95.95999908447266,96.0,1047900.0
2018-04-26,96.68000030517578,98.08999633789062,94.8499984741211,97.38999938964844,872700.0
2018-04-27,97.30999755859375,97.38999938964844,95.66999816894531,96.9000015258789,569000.0
2018-04-30,96.9000015258789,97.45999908447266,95.72000122070312,95.72000122070312,509200.0
2018-05-01,95.30999755859375,96.43000030517578,94.19000244140625,96.22000122070312,536400.0
2018-05-02,96.31999969482422,98.16999816894531,95.88999938964844,96.30999755859375,1151000.0
2018-05-03,95.86000061035156,96.08000183105469,93.47000122070312,94.9800033569336,650200.0
2018-05-04,94.44999694824219,97.4800033569336,93.66999816894531,96.62999725341797,717300.0
2018-05-07,97.23999786376953,97.33999633789062,95.4000015258789,96.12999725341797,459500.0
2018-05-08,95.7300033569336,96.38999938964844,95.30000305175781,95.9800033569336,601200.0
2018-05-09,96.37000274658203,96.37000274658203,94.16999816894531,95.66999816894531,802600.0
2018-05-10,96.30999755859375,96.30999755859375,95.2300033569336,95.68000030517578,836000.0
2018-05-11,95.76000213623047,96.7300033569336,95.5,96.0,688700.0
2018-05-14,96.47000122070312,96.47000122070312,94.95999908447266,95.20999908447266,651400.0
2018-05-15,94.30999755859375,95.33999633789062,94.0199966430664,95.19999694824219,459400.0
2018-05-16,95.4800033569336,95.93000030517578,94.51000213623047,94.61000061035156,645700.0
2018-05-17,94.44000244140625,95.4000015258789,93.9000015258789,94.06999969482422,776300.0
2018-05-18,94.31999969482422,95.37000274658203,93.80999755859375,94.95999908447266,903300.0
2018-05-21,95.80000305175781,97.0999984741211,95.08999633789062,95.2699966430664,747900.0
2018-05-22,95.58999633789062,95.91000366210938,93.5,93.56999969482422,655000.0
2018-05-23,93.0,93.22000122070312,91.54000091552734,92.47000122070312,878100.0
2018-05-24,92.36000061035156,92.9000015258789,91.70999908447266,92.04000091552734,1227400.0
2018-05-25,91.91999816894531,93.48999786376953,91.91999816894531,92.41000366210938,791100.0
2018-05-29,91.54000091552734,92.5999984741211,91.05000305175781,91.4800033569336,940100.0
2018-05-30,92.0,93.72000122070312,91.81999969482422,92.76000213623047,694100.0
2018-05-31,91.77999877929688,92.3499984741211,89.98999786376953,90.0,956000.0
2018-06-01,90.93000030517578,91.8499984741211,90.51000213623047,91.25,514000.0
2018-06-04,91.94999694824219,92.8499984741211,91.47000122070312,92.08999633789062,746000.0
2018-06-05,92.12000274658203,92.94999694824219,91.69999694824219,92.77999877929688,885400.0
2018-06-06,92.97000122070312,93.0199966430664,91.02999877929688,92.27999877929688,945200.0
2018-06-07,92.41999816894531,93.27999877929688,92.1500015258789,93.12999725341797,947100.0
2018-06-08,92.9800033569336,93.52999877929688,91.55000305175781,92.30000305175781,881300.0
2018-06-11,92.33000183105469,93.30999755859375,91.79000091552734,92.01000213623047,1026700.0
2018-06-12,92.4800033569336,92.8499984741211,91.9000015258789,92.54000091552734,474600.0
2018-06-13,92.72000122070312,93.62999725341797,92.20999908447266,92.76000213623047,818400.0
2018-06-14,93.02999877929688,93.5,92.25,93.06999969482422,449300.0
2018-06-15,91.73999786376953,93.08999633789062,91.33000183105469,92.93000030517578,772400.0
2018-06-18,92.13999938964844,92.5,90.19000244140625,91.16000366210938,627900.0
2018-06-19,90.2699966430664,91.19999694824219,89.31999969482422,90.29000091552734,753000.0
2018-06-20,90.41999816894531,91.12999725341797,90.02999877929688,90.75,601200.0
2018-06-21,90.6500015258789,90.83999633789062,89.37999725341797,89.6500015258789,645600.0
2018-06-22,90.56999969482422,92.33999633789062,90.16000366210938,91.73999786376953,964200.0
2018-06-25,91.30999755859375,91.45999908447266,89.0999984741211,89.5,565600.0
2018-06-26,89.5199966430664,89.72000122070312,88.55000305175781,88.62000274658203,478600.0
2018-06-27,88.87000274658203,88.98999786376953,86.04000091552734,86.11000061035156,1016400.0
2018-06-28,85.61000061035156,86.0,84.47000122070312,85.45999908447266,1024500.0
2018-06-29,85.97000122070312,87.62000274658203,85.55999755859375,86.05999755859375,578500.0
2018-07-02,85.16000366210938,85.88999938964844,84.87000274658203,85.58000183105469,552600.0
2018-07-03,85.87999725341797,86.30999755859375,85.1500015258789,85.25,292000.0
2018-07-05,85.95999908447266,86.26000213623047,84.72000122070312,86.0999984741211,826200.0
2018-07-06,85.95999908447266,88.16000366210938,85.29000091552734,87.0,716600.0
2018-07-09,87.77999877929688,89.43000030517578,87.77999877929688,89.27999877929688,917200.0
2018-07-10,89.44999694824219,89.5999984741211,85.8499984741211,86.41999816894531,1070000.0
2018-07-11,85.47000122070312,86.79000091552734,84.7300033569336,84.79000091552734,1057400.0
2018-07-12,85.23999786376953,86.06999969482422,84.12999725341797,85.19999694824219,731300.0
2018-07-13,85.02999877929688,86.18000030517578,83.86000061035156,85.94999694824219,702500.0
2018-07-16,85.87999725341797,86.26000213623047,84.73999786376953,85.0,748400.0
2018-07-17,84.52999877929688,86.55999755859375,84.52999877929688,86.20999908447266,701300.0
2018-07-18,85.9000015258789,86.73999786376953,85.4800033569336,86.62999725341797,718200.0
2018-07-19,86.45999908447266,86.75,85.2699966430664,86.0999984741211,1058700.0
2018-07-20,83.94999694824219,87.69999694824219,81.8499984741211,86.55000305175781,2089500.0
2018-07-23,86.26000213623047,91.30999755859375,86.26000213623047,90.94999694824219,2052400.0
2018-07-24,91.86000061035156,92.70999908447266,89.5199966430664,90.29000091552734,1820500.0
2018-07-25,90.38999938964844,92.97000122070312,90.22000122070312,92.9000015258789,1337900.0
2018-07-26,92.93000030517578,94.08999633789062,92.52999877929688,93.20999908447266,2022500.0
2018-07-27,93.51000213623047,93.91000366210938,92.6500015258789,93.04000091552734,920500.0
2018-07-30,93.26000213623047,94.16999816894531,92.69000244140625,92.80999755859375,774300.0
2018-07-31,93.56999969482422,94.26000213623047,93.18000030517578,93.26000213623047,649200.0
2018-08-01,93.38999938964844,93.95999908447266,91.8499984741211,92.83000183105469,922600.0
2018-08-02,92.38999938964844,92.43000030517578,90.37999725341797,91.8499984741211,598900.0
2018-08-03,92.38999938964844,92.76000213623047,91.05999755859375,92.12999725341797,750800.0
2018-08-06,91.94000244140625,93.7300033569336,91.70999908447266,93.36000061035156,961000.0
2018-08-07,93.16999816894531,93.37999725341797,90.7300033569336,91.76000213623047,1414400.0
2018-08-08,91.98999786376953,92.66999816894531,91.69000244140625,92.1500015258789,914100.0
2018-08-09,92.12000274658203,92.41000366210938,90.61000061035156,90.62999725341797,841500.0
2018-08-10,90.11000061035156,90.44000244140625,89.36000061035156,89.58999633789062,892200.0
2018-08-13,89.76000213623047,90.0,88.20999908447266,88.52999877929688,1326500.0
2018-08-14,88.33000183105469,89.26000213623047,87.70999908447266,87.80000305175781,880800.0
2018-08-15,87.41999816894531,88.23999786376953,86.3499984741211,87.98999786376953,1287800.0
2018-08-16,88.41999816894531,89.8499984741211,88.29000091552734,88.41000366210938,1041500.0
2018-08-17,88.37000274658203,88.52999877929688,87.91000366210938,88.26000213623047,650800.0
2018-08-20,88.48999786376953,89.52999877929688,88.41000366210938,89.27999877929688,821200.0
2018-08-21,89.37999725341797,91.0999984741211,89.37999725341797,90.6500015258789,873800.0
2018-08-22,90.56999969482422,91.25,90.19000244140625,90.2300033569336,629700.0
2018-08-23,90.38999938964844,90.86000061035156,89.4000015258789,89.5999984741211,602700.0
2018-08-24,89.98999786376953,90.2300033569336,89.08000183105469,89.26000213623047,753300.0
2018-08-27,89.55000305175781,94.72000122070312,89.55000305175781,92.83999633789062,1371300.0
2018-08-28,92.81999969482422,94.58000183105469,92.77999877929688,94.45999908447266,984000.0
2018-08-29,94.44999694824219,94.66999816894531,93.5,94.38999938964844,655900.0
2018-08-30,94.02999877929688,94.44000244140625,93.2300033569336,93.58999633789062,510100.0
2018-08-31,93.48999786376953,94.0,92.87999725341797,93.7300033569336,625600.0
2018-09-04,94.0199966430664,94.23999786376953,92.94999694824219,93.52999877929688,524600.0
2018-09-05,93.06999969482422,93.06999969482422,91.56999969482422,92.16000366210938,554500.0
2018-09-06,91.88999938964844,92.37999725341797,91.30999755859375,91.8499984741211,410400.0
2018-09-07,91.7300033569336,91.7300033569336,88.08000183105469,88.25,736500.0
2018-09-10,88.81999969482422,89.66000366210938,88.13999938964844,88.33999633789062,651000.0
2018-09-11,87.88999938964844,87.88999938964844,86.30000305175781,86.52999877929688,534700.0
2018-09-12,86.48999786376953,86.86000061035156,85.61000061035156,86.33000183105469,428000.0
2018-09-13,86.77999877929688,88.81999969482422,86.77999877929688,87.62999725341797,611800.0
2018-09-14,87.76000213623047,88.44000244140625,87.69000244140625,88.20999908447266,415700.0
2018-09-17,88.1500015258789,88.7699966430664,87.76000213623047,88.19000244140625,517900.0
2018-09-18,88.9000015258789,88.97000122070312,87.87000274658203,88.68000030517578,744800.0
2018-09-19,87.29000091552734,87.68000030517578,83.55999755859375,84.05000305175781,1821700.0
2018-09-20,85.0,85.83999633789062,84.56999969482422,85.48999786376953,713300.0
2018-09-21,85.5999984741211,86.68000030517578,85.36000061035156,85.73999786376953,1001300.0
2018-09-24,85.44999694824219,85.6500015258789,84.91000366210938,85.48999786376953,925700.0
2018-09-25,86.08000183105469,86.22000122070312,84.87999725341797,84.91000366210938,815100.0
2018-09-26,84.94999694824219,86.47000122070312,84.41999816894531,84.91000366210938,972000.0
2018-09-27,85.31999969482422,85.72000122070312,83.45999908447266,84.29000091552734,1574500.0
2018-09-28,83.76000213623047,86.51000213623047,83.54000091552734,85.95999908447266,1650100.0
2018-10-01,86.66999816894531,86.94999694824219,84.95999908447266,85.4000015258789,858200.0
2018-10-02,84.56999969482422,85.26000213623047,82.91999816894531,83.98999786376953,1022900.0
2018-10-03,84.55000305175781,85.58000183105469,84.3499984741211,85.01000213623047,574200.0
2018-10-04,85.0,85.20999908447266,83.27999877929688,83.58000183105469,537100.0
2018-10-05,83.66999816894531,84.26000213623047,82.30999755859375,82.44999694824219,886200.0
2018-10-08,82.11000061035156,82.93000030517578,81.54000091552734,82.55000305175781,508100.0
2018-10-09,80.16999816894531,80.7699966430664,78.13999938964844,78.26000213623047,1086000.0
2018-10-10,78.47000122070312,79.22000122070312,77.26000213623047,77.36000061035156,918000.0
2018-10-11,76.88999938964844,78.37999725341797,75.51000213623047,75.87999725341797,712800.0
2018-10-12,77.29000091552734,77.69999694824219,74.63999938964844,75.45999908447266,864200.0
2018-10-15,75.27999877929688,77.26000213623047,75.27999877929688,76.76000213623047,908300.0
2018-10-16,77.5,79.51000213623047,76.88999938964844,79.44000244140625,847400.0
2018-10-17,78.88999938964844,79.87999725341797,78.6500015258789,79.4800033569336,1229100.0
2018-10-18,79.43000030517578,80.4800033569336,78.05999755859375,78.3499984741211,1883300.0
2018-10-19,74.5,75.7300033569336,71.79000091552734,75.38999938964844,1661700.0
2018-10-22,75.30999755859375,78.13999938964844,75.13999938964844,76.4000015258789,1182100.0
2018-10-23,75.0999984741211,77.08999633789062,74.44999694824219,76.68000030517578,1253100.0
2018-10-24,77.0,77.0,73.6500015258789,73.80999755859375,1163700.0
2018-10-25,74.44000244140625,75.4000015258789,73.44999694824219,74.70999908447266,1038400.0
2018-10-26,73.2699966430664,74.51000213623047,72.9000015258789,74.1500015258789,1148900.0
2018-10-29,75.41000366210938,76.44999694824219,73.83999633789062,74.52999877929688,940000.0
2018-10-30,74.95999908447266,76.87999725341797,74.37000274658203,75.66999816894531,924300.0
2018-10-31,76.81999969482422,77.41999816894531,75.97000122070312,76.29000091552734,1243800.0
2018-11-01,76.88999938964844,79.31999969482422,76.47000122070312,79.25,628600.0
2018-11-02,80.02999877929688,80.56999969482422,78.25,79.2699966430664,553600.0
2018-11-05,79.22000122070312,80.3499984741211,78.19000244140625,78.94999694824219,685100.0
2018-11-06,78.75,80.4000015258789,78.31999969482422,79.44999694824219,670500.0
2018-11-07,80.33999633789062,82.08000183105469,78.61000061035156,81.51000213623047,808200.0
2018-11-08,81.70999908447266,81.94999694824219,80.36000061035156,81.0999984741211,769500.0
2018-11-09,80.47000122070312,81.30000305175781,78.66000366210938,79.61000061035156,1073500.0
2018-11-12,79.33000183105469,80.01000213623047,78.87000274658203,79.02999877929688,766400.0
2018-11-13,79.11000061035156,79.87000274658203,78.0199966430664,78.0199966430664,881100.0
2018-11-14,79.0199966430664,79.37000274658203,77.58999633789062,78.19999694824219,559400.0
2018-11-15,77.6500015258789,79.22000122070312,77.16999816894531,78.80999755859375,899200.0
2018-11-16,78.2300033569336,79.58999633789062,78.2300033569336,79.26000213623047,481100.0
2018-11-19,78.6500015258789,79.37999725341797,77.55999755859375,78.06999969482422,709600.0
2018-11-20,77.05999755859375,79.0,76.58999633789062,78.29000091552734,599900.0
2018-11-21,78.95999908447266,81.58999633789062,78.6500015258789,80.31999969482422,662600.0
2018-11-23,79.58999633789062,81.41000366210938,79.51000213623047,80.26000213623047,300000.0
2018-11-26,81.38999938964844,82.06999969482422,80.0,80.97000122070312,908200.0
2018-11-27,80.26000213623047,80.81999969482422,78.88999938964844,79.33000183105469,534900.0
2018-11-28,80.1500015258789,81.69000244140625,78.16999816894531,81.6500015258789,423400.0
2018-11-29,80.98999786376953,82.0199966430664,79.62999725341797,80.1500015258789,501000.0
2018-11-30,79.58000183105469,81.41000366210938,79.30999755859375,81.18000030517578,773000.0
2018-12-03,82.23999786376953,82.73999786376953,79.16000366210938,81.11000061035156,391500.0
2018-12-04,80.97000122070312,81.4800033569336,75.37000274658203,75.6500015258789,726900.0
2018-12-06,74.51000213623047,74.98999786376953,72.87999725341797,74.54000091552734,1025200.0
2018-12-07,74.31999969482422,75.62999725341797,72.77999877929688,73.16000366210938,731300.0
2018-12-10,73.05999755859375,73.48999786376953,71.91000366210938,73.22000122070312,445800.0
2018-12-11,74.29000091552734,74.55999755859375,71.4000015258789,71.44000244140625,585600.0
2018-12-12,72.33000183105469,73.91999816894531,71.73999786376953,72.04000091552734,423800.0
2018-12-13,72.12000274658203,72.13999938964844,69.30000305175781,69.33999633789062,1139000.0
2018-12-14,68.58000183105469,70.23999786376953,68.0199966430664,68.37999725341797,831800.0
2018-12-17,68.25,69.12999725341797,66.87999725341797,67.37999725341797,763000.0
2018-12-18,67.80999755859375,69.20999908447266,67.33999633789062,68.69000244140625,806800.0
2018-12-19,68.80000305175781,69.41999816894531,66.19000244140625,66.56999969482422,694300.0
2018-12-20,66.12999725341797,67.05999755859375,64.86000061035156,65.58999633789062,517100.0
2018-12-21,65.56999969482422,66.3499984741211,63.849998474121094,64.12000274658203,1248600.0
2018-12-24,63.72999954223633,63.790000915527344,62.31999969482422,62.59000015258789,319800.0
2018-12-26,63.040000915527344,65.19999694824219,61.56999969482422,65.16000366210938,402300.0
2018-12-27,64.02999877929688,64.83999633789062,62.439998626708984,64.83000183105469,632700.0
2018-12-28,64.91000366210938,65.31999969482422,63.9900016784668,64.58999633789062,652400.0
2018-12-31,65.05000305175781,65.43000030517578,64.08999633789062,64.80000305175781,562500.0
2019-01-02,63.84000015258789,66.02999877929688,63.5,65.05999755859375,548900.0
2019-01-03,64.26000213623047,65.30000305175781,63.099998474121094,63.720001220703125,583300.0
2019-01-04,64.87000274658203,67.1500015258789,64.73999786376953,66.87000274658203,600000.0
2019-01-07,66.68000030517578,67.91999816894531,65.79000091552734,67.13999938964844,570900.0
2019-01-08,68.02999877929688,69.2300033569336,67.69999694824219,69.16000366210938,674500.0
2019-01-09,69.3499984741211,71.30000305175781,69.30999755859375,70.97000122070312,582400.0
2019-01-10,70.7300033569336,71.11000061035156,69.87000274658203,70.6500015258789,465500.0
2019-01-11,70.62000274658203,71.05000305175781,69.22000122070312,70.98999786376953,434300.0
2019-01-14,70.18000030517578,71.83000183105469,69.80000305175781,71.30999755859375,821500.0
2019-01-15,71.18000030517578,71.75,70.43000030517578,70.8499984741211,407100.0
2019-01-16,71.05000305175781,72.22000122070312,70.88999938964844,72.0199966430664,486300.0
2019-01-17,71.8499984741211,73.51000213623047,71.79000091552734,73.26000213623047,475500.0
2019-01-18,73.94000244140625,74.93000030517578,73.45999908447266,74.44000244140625,375300.0
2019-01-22,74.12000274658203,74.29000091552734,72.44999694824219,73.12999725341797,342000.0
2019-01-23,73.12999725341797,73.80000305175781,70.91000366210938,71.68000030517578,489100.0
2019-01-24,71.5,72.98999786376953,71.5,72.62999725341797,515700.0
2019-01-25,73.29000091552734,75.08999633789062,73.29000091552734,74.73999786376953,433500.0
2019-01-28,73.95999908447266,74.38999938964844,73.1500015258789,74.05000305175781,480900.0
2019-01-29,74.4000015258789,74.86000061035156,73.83000183105469,74.31999969482422,353300.0
2019-01-30,75.19000244140625,76.44000244140625,74.20999908447266,76.0199966430664,615500.0
2019-01-31,78.12000274658203,79.36000061035156,75.58999633789062,79.02999877929688,1020400.0
2019-02-01,77.5,79.73999786376953,76.41000366210938,78.23999786376953,975400.0
2019-02-04,78.30000305175781,79.23999786376953,77.62000274658203,79.01000213623047,931400.0
2019-02-05,78.87000274658203,79.48999786376953,78.58000183105469,79.05000305175781,630900.0
2019-02-06,79.0199966430664,81.0999984741211,78.54000091552734,80.44000244140625,718100.0
2019-02-07,79.58000183105469,80.55999755859375,79.44000244140625,80.27999877929688,957600.0
2019-02-08,79.6500015258789,80.23999786376953,78.41999816894531,79.69000244140625,614300.0
2019-02-11,80.19000244140625,81.25,79.76000213623047,81.06999969482422,627300.0
2019-02-12,81.69000244140625,83.56999969482422,81.51000213623047,83.08999633789062,859300.0
2019-02-13,83.45999908447266,84.25,83.2300033569336,83.70999908447266,677400.0
2019-02-14,82.83999633789062,84.13999938964844,82.62000274658203,83.62000274658203,924100.0
2019-02-15,83.91000366210938,84.95999908447266,83.91000366210938,84.43000030517578,498800.0
2019-02-19,84.1500015258789,85.05999755859375,84.12999725341797,84.58999633789062,587200.0
2019-02-20,84.37999725341797,85.19999694824219,84.36000061035156,84.54000091552734,628200.0
2019-02-21,84.69000244140625,85.70999908447266,83.81999969482422,84.61000061035156,614100.0
2019-02-22,84.77999877929688,85.47000122070312,84.55999755859375,84.95999908447266,360600.0
2019-02-25,85.37999725341797,86.04000091552734,84.51000213623047,84.61000061035156,386600.0
2019-02-26,84.47000122070312,85.30000305175781,83.5199966430664,83.54000091552734,605000.0
2019-02-27,83.43000030517578,84.45999908447266,82.94999694824219,84.4000015258789,462400.0
2019-02-28,84.44999694824219,84.62000274658203,83.66000366210938,84.25,616100.0
2019-03-01,84.8499984741211,85.43000030517578,83.93000030517578,84.51000213623047,431200.0
2019-03-04,84.77999877929688,85.2300033569336,83.45999908447266,83.72000122070312,505300.0
2019-03-05,83.86000061035156,84.30999755859375,83.48999786376953,83.97000122070312,527600.0
2019-03-06,84.19000244140625,84.19000244140625,82.4000015258789,82.77999877929688,413300.0
2019-03-07,82.68000030517578,82.68000030517578,80.63999938964844,81.19999694824219,760600.0
2019-03-08,80.19999694824219,80.33999633789062,78.98999786376953,80.25,341700.0
2019-03-11,80.13999938964844,81.43000030517578,79.86000061035156,81.16999816894531,412400.0
2019-03-12,81.37999725341797,82.0,80.7699966430664,81.69000244140625,526600.0
2019-03-13,82.38999938964844,84.5,82.0,84.33999633789062,966400.0
2019-03-14,84.12999725341797,84.37000274658203,83.61000061035156,84.0199966430664,742200.0
2019-03-15,84.12000274658203,85.70999908447266,83.87999725341797,84.51000213623047,1164800.0
2019-03-18,84.5999984741211,85.47000122070312,84.0999984741211,85.44000244140625,617800.0
2019-03-19,85.79000091552734,86.2699966430664,84.77999877929688,85.0,596000.0
2019-03-20,84.68000030517578,85.16000366210938,82.94000244140625,84.2699966430664,540000.0
2019-03-21,83.7300033569336,86.11000061035156,83.69999694824219,85.8499984741211,331700.0
2019-03-22,85.16000366210938,85.27999877929688,80.62000274658203,80.75,782900.0
2019-03-25,80.61000061035156,80.77999877929688,79.12999725341797,79.68000030517578,834400.0
2019-03-26,80.52999877929688,80.97000122070312,79.05999755859375,79.5,558600.0
2019-03-27,79.68000030517578,80.2300033569336,78.94999694824219,79.88999938964844,475700.0
2019-03-28,79.98999786376953,81.98999786376953,79.98999786376953,81.83999633789062,458400.0
2019-03-29,82.55999755859375,83.08999633789062,82.20999908447266,82.69000244140625,407300.0
2019-04-01,83.45999908447266,84.83000183105469,83.45999908447266,84.75,321300.0
2019-04-02,84.80000305175781,85.0,83.31999969482422,83.48999786376953,371900.0
2019-04-03,84.25,85.66999816894531,83.6500015258789,85.41000366210938,596500.0
2019-04-04,85.58000183105469,85.7699966430664,84.87999725341797,85.27999877929688,276700.0
2019-04-05,85.5199966430664,86.1500015258789,85.3499984741211,85.66999816894531,290000.0
2019-04-08,85.7300033569336,85.93000030517578,85.19000244140625,85.81999969482422,377100.0
2019-04-09,85.26000213623047,85.83000183105469,83.5,83.5199966430664,405900.0
2019-04-10,83.79000091552734,84.30000305175781,83.30000305175781,83.97000122070312,582000.0
2019-04-11,84.30000305175781,85.11000061035156,83.86000061035156,84.8499984741211,786300.0
2019-04-12,85.72000122070312,87.20999908447266,84.98999786376953,85.6500015258789,553300.0
2019-04-15,85.83000183105469,86.37000274658203,85.2300033569336,85.94000244140625,788000.0
2019-04-16,86.30999755859375,87.01000213623047,86.26000213623047,86.56999969482422,632300.0
2019-04-17,87.23999786376953,87.5999984741211,86.26000213623047,86.94999694824219,603000.0
2019-04-18,88.0,97.26000213623047,88.0,97.04000091552734,1573900.0
2019-04-22,96.87999725341797,96.9000015258789,95.16999816894531,95.93000030517578,933700.0
2019-04-23,95.77999877929688,97.18000030517578,95.55999755859375,97.16000366210938,893000.0
2019-04-24,95.83000183105469,96.52999877929688,95.02999877929688,95.55000305175781,1174500.0
2019-04-25,95.25,95.45999908447266,94.0,94.55999755859375,461200.0
2019-04-26,94.62000274658203,95.83999633789062,94.05999755859375,95.52999877929688,333600.0
2019-04-29,95.6500015258789,95.80000305175781,94.8499984741211,95.1500015258789,470600.0
2019-04-30,95.61000061035156,96.0999984741211,94.30999755859375,96.04000091552734,423800.0
2019-05-01,96.27999877929688,96.68000030517578,95.16999816894531,95.22000122070312,436900.0
2019-05-02,95.0,96.80000305175781,94.1500015258789,94.80000305175781,529000.0
2019-05-03,95.37999725341797,96.08999633789062,94.4800033569336,96.01000213623047,389000.0
2019-05-06,93.86000061035156,96.0,93.41000366210938,95.68000030517578,441300.0
2019-05-07,94.4800033569336,95.80999755859375,92.63999938964844,93.30000305175781,536600.0
2019-05-08,92.93000030517578,93.79000091552734,92.33999633789062,92.44999694824219,435100.0
2019-05-09,91.41000366210938,93.56999969482422,90.66000366210938,92.22000122070312,384300.0
2019-05-10,91.48999786376953,93.44000244140625,90.7300033569336,93.3499984741211,550200.0
2019-05-13,91.04000091552734,91.62000274658203,89.22000122070312,89.6500015258789,542300.0
2019-05-14,89.83999633789062,91.36000061035156,89.83999633789062,90.77999877929688,298500.0
2019-05-15,90.19000244140625,92.30000305175781,89.80999755859375,92.0199966430664,519100.0
2019-05-16,92.06999969482422,92.9000015258789,91.19000244140625,92.30999755859375,362700.0
2019-05-17,91.33999633789062,93.29000091552734,90.72000122070312,92.0,547800.0
2019-05-20,91.44999694824219,92.52999877929688,91.0,91.29000091552734,378400.0
2019-05-21,92.04000091552734,92.86000061035156,91.81999969482422,92.79000091552734,867700.0
2019-05-22,92.19999694824219,92.62000274658203,91.13999938964844,91.4800033569336,504200.0
2019-05-23,91.37999725341797,91.51000213623047,89.83000183105469,91.19000244140625,566000.0
2019-05-24,91.68000030517578,92.30000305175781,90.87999725341797,91.5199966430664,551000.0
2019-05-28,91.27999877929688,91.51000213623047,90.06999969482422,90.12999725341797,607600.0
2019-05-29,89.83999633789062,89.9800033569336,88.38999938964844,89.26000213623047,700600.0
2019-05-30,90.26000213623047,90.7300033569336,87.86000061035156,88.87999725341797,515100.0
2019-05-31,86.55999755859375,86.55999755859375,84.9000015258789,85.5199966430664,560200.0
2019-06-03,85.44999694824219,88.30000305175781,85.01000213623047,87.5199966430664,937300.0
2019-06-04,88.31999969482422,90.41000366210938,88.04000091552734,89.98999786376953,873800.0
2019-06-05,90.76000213623047,91.19000244140625,89.4800033569336,89.88999938964844,522800.0
2019-06-06,89.70999908447266,90.16000366210938,87.37000274658203,89.16000366210938,632600.0
2019-06-07,89.29000091552734,89.5999984741211,88.4800033569336,88.77999877929688,569000.0
2019-06-10,89.2300033569336,91.08999633789062,89.2300033569336,90.27999877929688,313800.0
2019-06-11,90.91000366210938,92.83999633789062,90.48999786376953,92.52999877929688,650100.0
2019-06-12,90.5,90.83999633789062,88.9800033569336,90.66999816894531,689000.0
2019-06-13,90.80999755859375,92.5,90.47000122070312,92.44999694824219,423700.0
2019-06-14,92.23999786376953,92.2699966430664,90.3499984741211,90.80000305175781,452500.0
2019-06-17,90.69000244140625,92.44999694824219,90.25,91.30999755859375,820900.0
2019-06-18,92.13999938964844,93.88999938964844,91.45999908447266,93.44999694824219,659800.0
2019-06-19,93.72000122070312,94.20999908447266,93.29000091552734,94.01000213623047,458800.0
2019-06-20,95.04000091552734,95.04000091552734,93.41000366210938,94.66999816894531,478800.0
2019-06-21,94.05000305175781,94.6500015258789,92.87999725341797,93.36000061035156,762900.0
2019-06-24,93.55999755859375,94.23999786376953,93.08000183105469,94.04000091552734,440700.0
2019-06-25,94.19000244140625,94.33999633789062,93.51000213623047,93.75,494600.0
2019-06-26,93.7300033569336,94.37999725341797,93.62999725341797,94.31999969482422,481500.0
2019-06-27,94.61000061035156,95.27999877929688,94.08000183105469,95.2699966430664,597900.0
2019-06-28,95.72000122070312,97.12000274658203,95.37000274658203,96.5999984741211,923300.0
2019-07-01,97.95999908447266,97.95999908447266,96.0199966430664,97.0999984741211,375300.0
2019-07-02,96.95999908447266,97.51000213623047,95.80999755859375,96.33000183105469,510800.0
2019-07-03,96.9800033569336,97.0,95.4000015258789,95.97000122070312,221700.0
2019-07-05,95.54000091552734,96.18000030517578,94.55000305175781,96.16999816894531,360100.0
2019-07-08,95.97000122070312,96.19999694824219,94.37000274658203,94.66999816894531,530300.0
2019-07-09,93.54000091552734,93.91999816894531,91.44999694824219,92.72000122070312,680700.0
2019-07-10,93.30999755859375,93.95999908447266,92.72000122070312,93.0,553000.0
2019-07-11,89.29000091552734,90.80999755859375,86.66000366210938,87.23999786376953,1099100.0
2019-07-12,87.3499984741211,89.93000030517578,87.3499984741211,89.81999969482422,642800.0
2019-07-15,90.05999755859375,90.26000213623047,88.91000366210938,90.02999877929688,515000.0
2019-07-16,89.80999755859375,91.93000030517578,89.80999755859375,91.23999786376953,628100.0
2019-07-17,91.0199966430664,91.06999969482422,89.29000091552734,89.5199966430664,558400.0
2019-07-18,89.22000122070312,90.7699966430664,89.01000213623047,90.18000030517578,784300.0
2019-07-19,89.98999786376953,93.19999694824219,86.9000015258789,90.20999908447266,1370800.0
2019-07-22,90.06999969482422,91.11000061035156,89.25,89.69999694824219,882200.0
2019-07-23,90.33999633789062,91.36000061035156,90.12000274658203,90.7300033569336,638600.0
2019-07-24,90.69000244140625,91.87000274658203,90.37999725341797,91.30999755859375,579100.0
2019-07-25,91.08000183105469,93.12000274658203,90.58999633789062,92.66999816894531,687900.0
2019-07-26,92.87999725341797,94.44000244140625,92.4000015258789,94.12999725341797,584000.0
2019-07-29,93.83000183105469,93.83000183105469,91.83999633789062,91.8499984741211,496200.0
2019-07-30,91.23999786376953,92.05999755859375,90.05000305175781,92.0199966430664,357200.0
2019-07-31,92.05999755859375,93.04000091552734,90.5999984741211,91.3499984741211,503700.0
2019-08-01,91.41000366210938,92.9000015258789,89.16999816894531,89.66999816894531,544400.0
2019-08-02,89.33000183105469,89.36000061035156,87.19000244140625,87.87000274658203,245000.0
2019-08-05,86.69999694824219,87.33000183105469,85.52999877929688,86.08000183105469,585200.0
2019-08-06,86.5999984741211,87.23999786376953,85.44999694824219,86.55999755859375,380600.0
2019-08-07,85.26000213623047,86.86000061035156,84.44000244140625,86.63999938964844,394900.0
2019-08-08,87.31999969482422,89.83999633789062,87.19999694824219,89.69999694824219,471500.0
2019-08-09,89.26000213623047,89.26000213623047,87.33000183105469,87.66000366210938,219500.0
2019-08-12,87.04000091552734,87.04000091552734,85.9800033569336,86.37000274658203,192200.0
2019-08-13,86.05999755859375,89.18000030517578,86.05000305175781,87.91000366210938,374500.0
2019-08-14,86.01000213623047,86.5,83.4800033569336,83.83999633789062,415500.0
2019-08-15,84.27999877929688,84.30999755859375,82.9000015258789,83.45999908447266,409100.0
2019-08-16,84.16000366210938,85.37999725341797,83.68000030517578,84.94999694824219,244000.0
2019-08-19,86.1500015258789,86.37999725341797,85.66999816894531,85.69999694824219,209400.0
2019-08-20,85.41999816894531,85.52999877929688,84.05000305175781,84.2300033569336,319500.0
2019-08-21,85.16999816894531,85.72000122070312,84.41000366210938,84.97000122070312,300900.0
2019-08-22,85.37999725341797,85.95999908447266,84.41000366210938,84.7300033569336,200400.0
2019-08-23,83.8499984741211,84.37999725341797,80.27999877929688,80.58000183105469,385300.0
2019-08-26,81.37000274658203,81.70999908447266,80.26000213623047,80.62999725341797,358600.0
2019-08-27,81.20999908447266,81.36000061035156,78.83000183105469,78.88999938964844,504100.0
2019-08-28,78.54000091552734,80.8499984741211,78.13999938964844,80.55999755859375,416700.0
2019-08-29,81.47000122070312,82.27999877929688,81.04000091552734,81.23999786376953,309600.0
2019-08-30,81.8499984741211,82.97000122070312,81.13999938964844,81.73999786376953,328900.0
2019-09-03,80.83000183105469,81.30000305175781,79.33000183105469,79.7300033569336,424600.0
2019-09-04,80.75,81.54000091552734,80.44999694824219,81.12000274658203,545600.0
2019-09-05,82.33999633789062,83.8499984741211,82.33000183105469,83.08999633789062,826100.0
2019-09-06,83.08999633789062,84.01000213623047,82.51000213623047,82.80999755859375,521800.0
2019-09-09,83.43000030517578,85.54000091552734,82.7300033569336,85.19999694824219,428900.0
2019-09-10,85.25,87.41999816894531,84.3499984741211,86.75,774800.0
2019-09-11,87.22000122070312,87.22000122070312,85.08000183105469,85.94999694824219,453700.0
2019-09-12,86.12999725341797,86.27999877929688,84.94000244140625,85.30999755859375,412800.0
2019-09-13,85.94000244140625,87.68000030517578,85.44999694824219,86.87000274658203,538700.0
2019-09-16,86.2300033569336,86.73999786376953,85.91999816894531,86.55999755859375,453600.0
2019-09-17,86.23999786376953,86.4800033569336,84.93000030517578,85.77999877929688,337800.0
2019-09-18,85.62999725341797,86.20999908447266,85.01000213623047,85.91000366210938,325300.0
2019-09-19,85.98999786376953,87.38999938964844,85.83999633789062,85.91000366210938,388600.0
2019-09-20,86.2699966430664,87.23999786376953,85.66999816894531,85.9000015258789,688500.0
2019-09-23,84.8499984741211,84.97000122070312,82.45999908447266,83.87999725341797,400300.0
2019-09-24,83.91999816894531,84.77999877929688,82.69999694824219,82.8499984741211,476400.0
2019-09-25,83.23999786376953,84.87999725341797,83.0199966430664,84.56999969482422,523400.0
2019-09-26,84.51000213623047,85.26000213623047,83.7300033569336,83.9800033569336,381200.0
2019-09-27,84.37000274658203,84.54000091552734,82.2699966430664,83.0,337800.0
2019-09-30,83.44000244140625,84.88999938964844,83.44000244140625,84.23999786376953,404400.0
2019-10-01,85.05000305175781,85.75,82.4000015258789,82.83000183105469,358600.0
2019-10-02,82.05999755859375,82.05999755859375,80.72000122070312,81.7699966430664,472100.0
2019-10-03,81.27999877929688,81.62999725341797,79.94999694824219,81.58000183105469,422400.0
2019-10-04,81.94999694824219,83.26000213623047,81.83999633789062,83.23999786376953,336100.0
2019-10-07,82.76000213623047,83.16999816894531,81.77999877929688,81.80999755859375,377200.0
2019-10-08,80.94000244140625,81.4800033569336,79.5999984741211,80.55000305175781,394900.0
2019-10-09,81.62000274658203,82.41000366210938,80.98999786376953,81.19000244140625,338400.0
2019-10-10,81.0,82.4000015258789,81.0,81.95999908447266,507900.0
2019-10-11,83.55999755859375,86.04000091552734,83.20999908447266,85.22000122070312,519700.0
2019-10-14,84.7699966430664,84.9800033569336,84.25,84.83000183105469,254500.0
2019-10-15,85.11000061035156,86.47000122070312,84.58000183105469,85.01000213623047,686600.0
2019-10-16,84.58000183105469,85.37999725341797,83.88999938964844,84.04000091552734,598600.0
2019-10-17,84.8499984741211,86.58999633789062,84.58000183105469,85.83000183105469,493600.0
2019-10-18,86.0,90.44000244140625,84.51000213623047,86.6500015258789,1556700.0
2019-10-21,87.1500015258789,90.5999984741211,87.0,89.55000305175781,953900.0
2019-10-22,90.0,90.05000305175781,88.19999694824219,89.62000274658203,654500.0
2019-10-23,89.19999694824219,90.12000274658203,87.7699966430664,90.12000274658203,710800.0
2019-10-24,90.97000122070312,90.97000122070312,89.25,90.44000244140625,694600.0
2019-10-25,90.06999969482422,91.58999633789062,89.41999816894531,91.0,322600.0
2019-10-28,91.29000091552734,92.43000030517578,91.23999786376953,91.56999969482422,297700.0
2019-10-29,91.20999908447266,93.01000213623047,91.12999725341797,92.80999755859375,716600.0
2019-10-30,91.47000122070312,92.37999725341797,90.37000274658203,92.20999908447266,405100.0
2019-10-31,91.62000274658203,91.62000274658203,89.58999633789062,90.91999816894531,560300.0
2019-11-01,91.83000183105469,92.51000213623047,91.29000091552734,92.06999969482422,335700.0
2019-11-04,92.4800033569336,93.69999694824219,91.94999694824219,93.19000244140625,429900.0
2019-11-05,93.56999969482422,94.87999725341797,93.36000061035156,93.88999938964844,525100.0
2019-11-06,93.6500015258789,94.33999633789062,93.02999877929688,93.61000061035156,442900.0
2019-11-07,94.38999938964844,94.68000030517578,93.70999908447266,93.94999694824219,272500.0
2019-11-08,93.54000091552734,94.4000015258789,92.80999755859375,94.29000091552734,317200.0
2019-11-11,93.91999816894531,94.41000366210938,93.27999877929688,93.77999877929688,329400.0
2019-11-12,93.91000366210938,93.91000366210938,92.86000061035156,93.0199966430664,434600.0
2019-11-13,93.02999877929688,93.8499984741211,92.45999908447266,93.44000244140625,507400.0
2019-11-14,93.37999725341797,93.63999938964844,92.69999694824219,93.18000030517578,253900.0
2019-11-15,93.62000274658203,94.18000030517578,92.94999694824219,93.26000213623047,193700.0
2019-11-18,92.8499984741211,93.04000091552734,91.7300033569336,92.88999938964844,287500.0
2019-11-19,93.37999725341797,93.80000305175781,92.44000244140625,93.31999969482422,370500.0
2019-11-20,92.94999694824219,93.3499984741211,91.83999633789062,92.44000244140625,309600.0
2019-11-21,92.5199966430664,92.75,91.08000183105469,91.9800033569336,343800.0
2019-11-22,92.05999755859375,93.2699966430664,92.05999755859375,92.77999877929688,314400.0
2019-11-25,92.9800033569336,94.33999633789062,92.94000244140625,94.13999938964844,303700.0
2019-11-26,94.2300033569336,94.94999694824219,93.87000274658203,94.8499984741211,287600.0
2019-11-27,95.23999786376953,95.23999786376953,94.20999908447266,94.51000213623047,249500.0
2019-11-29,93.41999816894531,93.94999694824219,92.63999938964844,92.63999938964844,159200.0
2019-12-02,92.72000122070312,94.05000305175781,92.44999694824219,92.55999755859375,347600.0
2019-12-03,91.1500015258789,91.69999694824219,90.5999984741211,91.4800033569336,340400.0
2019-12-04,91.97000122070312,93.5999984741211,91.97000122070312,92.56999969482422,387500.0
2019-12-05,92.87999725341797,93.47000122070312,92.41999816894531,93.3499984741211,203600.0
2019-12-06,94.2300033569336,95.30999755859375,93.9000015258789,94.4000015258789,314400.0
2019-12-09,93.94999694824219,95.11000061035156,93.77999877929688,94.73999786376953,218500.0
2019-12-10,94.41999816894531,94.80000305175781,93.86000061035156,94.72000122070312,300700.0
2019-12-11,94.94999694824219,95.98999786376953,94.23999786376953,95.91999816894531,343200.0
2019-12-12,95.4000015258789,97.37999725341797,95.22000122070312,97.16000366210938,375400.0
2019-12-13,96.7699966430664,97.58000183105469,95.97000122070312,96.66999816894531,357600.0
2019-12-16,97.43000030517578,97.69999694824219,95.9800033569336,96.08000183105469,375100.0
2019-12-17,96.08000183105469,96.68000030517578,95.7699966430664,96.4800033569336,247800.0
2019-12-18,96.61000061035156,96.61000061035156,95.61000061035156,95.62999725341797,352800.0
2019-12-19,95.56999969482422,96.23999786376953,94.77999877929688,95.87999725341797,229900.0
2019-12-20,96.44999694824219,97.62999725341797,96.16999816894531,97.33999633789062,841000.0
2019-12-23,97.48999786376953,97.48999786376953,96.29000091552734,96.83999633789062,308800.0
2019-12-24,97.26000213623047,97.26000213623047,96.55000305175781,96.76000213623047,64400.0
2019-12-26,96.91999816894531,97.5,96.56999969482422,96.91999816894531,113400.0
2019-12-27,97.2699966430664,97.55999755859375,96.68000030517578,97.05999755859375,230300.0
2019-12-30,97.18000030517578,97.63999938964844,96.52999877929688,97.36000061035156,141600.0
2019-12-31,97.22000122070312,97.9800033569336,97.08000183105469,97.0999984741211,351800.0
2020-01-02,98.12000274658203,98.12000274658203,96.72000122070312,97.95999908447266,188500.0
2020-01-03,96.5,97.51000213623047,95.95999908447266,97.33000183105469,191100.0
2020-01-06,96.69000244140625,96.97000122070312,95.93000030517578,96.81999969482422,250100.0
2020-01-07,96.5,97.1500015258789,96.05999755859375,96.3499984741211,254200.0
2020-01-08,96.51000213623047,97.33999633789062,96.36000061035156,96.8499984741211,321200.0
2020-01-09,97.44000244140625,98.7300033569336,96.44999694824219,98.4800033569336,463300.0
2020-01-10,98.51000213623047,98.61000061035156,97.06999969482422,97.79000091552734,268600.0
2020-01-13,97.91999816894531,97.91999816894531,96.69000244140625,97.16999816894531,343800.0
2020-01-14,99.0,100.98999786376953,97.97000122070312,99.13999938964844,695400.0
2020-01-15,99.04000091552734,100.8499984741211,98.77999877929688,99.2699966430664,594000.0
2020-01-16,100.05000305175781,100.5,98.91000366210938,99.11000061035156,511500.0
2020-01-17,99.55999755859375,99.83999633789062,98.37000274658203,98.76000213623047,266100.0
2020-01-21,98.4000015258789,98.76000213623047,96.56999969482422,96.91999816894531,480300.0
2020-01-22,97.5199966430664,98.13999938964844,96.36000061035156,96.72000122070312,744100.0
2020-01-23,96.19999694824219,96.70999908447266,95.0199966430664,96.37000274658203,489700.0
2020-01-24,96.62000274658203,96.9800033569336,94.31999969482422,95.25,531000.0
2020-01-27,93.43000030517578,94.55999755859375,92.94000244140625,93.58000183105469,322900.0
2020-01-28,93.94000244140625,95.12000274658203,93.41000366210938,94.30000305175781,412800.0
2020-01-29,94.37000274658203,94.6500015258789,93.2699966430664,93.3499984741211,515000.0
2020-01-30,92.79000091552734,94.19000244140625,92.33999633789062,93.93000030517578,585100.0
2020-01-31,97.4800033569336,99.72000122070312,91.11000061035156,91.48999786376953,925100.0
2020-02-03,91.91000366210938,93.98999786376953,91.79000091552734,92.5,708800.0
2020-02-04,94.02999877929688,94.91999816894531,93.38999938964844,94.16000366210938,444700.0
2020-02-05,95.08999633789062,97.9000015258789,95.01000213623047,97.51000213623047,388800.0
2020-02-06,97.63999938964844,97.69999694824219,94.02999877929688,94.08999633789062,520000.0
2020-02-07,93.38999938964844,94.05000305175781,92.76000213623047,92.79000091552734,265900.0
2020-02-10,92.3499984741211,92.73999786376953,91.2300033569336,91.8499984741211,403300.0
2020-02-11,92.20999908447266,93.5,91.93000030517578,92.70999908447266,365400.0
2020-02-12,93.30999755859375,93.73999786376953,92.58999633789062,93.30000305175781,362800.0
2020-02-13,92.7699966430664,93.5199966430664,92.2300033569336,93.0,367700.0
2020-02-14,93.12999725341797,93.29000091552734,91.83000183105469,92.69999694824219,310300.0
2020-02-18,92.20999908447266,92.77999877929688,91.0199966430664,91.33000183105469,289400.0
2020-02-19,91.56999969482422,93.08000183105469,91.56999969482422,92.54000091552734,299800.0
2020-02-20,91.94999694824219,93.68000030517578,91.94999694824219,92.37999725341797,271600.0
2020-02-21,91.79000091552734,92.25,91.26000213623047,91.83000183105469,371900.0
2020-02-24,88.66000366210938,89.5,86.91000366210938,87.20999908447266,611400.0
2020-02-25,87.3499984741211,87.83999633789062,81.6500015258789,81.93000030517578,579100.0
2020-02-26,82.48999786376953,82.73999786376953,78.79000091552734,78.83999633789062,581000.0
2020-02-27,76.8499984741211,79.80000305175781,75.27999877929688,76.22000122070312,683500.0
2020-02-28,73.6500015258789,75.98999786376953,73.47000122070312,75.94000244140625,975100.0
2020-03-02,76.30999755859375,76.62999725341797,73.0,76.54000091552734,875100.0
2020-03-03,76.2300033569336,77.9800033569336,72.11000061035156,73.06999969482422,475700.0
2020-03-04,74.43000030517578,76.04000091552734,73.43000030517578,76.02999877929688,594800.0
2020-03-05,73.79000091552734,73.79000091552734,70.51000213623047,71.41999816894531,679200.0
2020-03-06,68.66999816894531,73.29000091552734,68.47000122070312,72.91999816894531,1168800.0
2020-03-09,67.8499984741211,69.4000015258789,66.20999908447266,67.51000213623047,1236700.0
2020-03-10,69.98999786376953,73.19000244140625,68.55000305175781,72.66000366210938,1483500.0
2020-03-11,70.66000366210938,70.83999633789062,67.48999786376953,68.75,1283500.0
2020-03-12,64.06999969482422,67.63999938964844,63.06999969482422,63.95000076293945,1275400.0
2020-03-13,67.30999755859375,75.25,66.5999984741211,75.08000183105469,1314600.0
2020-03-16,66.29000091552734,73.30999755859375,66.29000091552734,70.51000213623047,1191400.0
2020-03-17,71.73999786376953,76.94000244140625,71.5,76.0199966430664,1273700.0
2020-03-18,70.98999786376953,75.86000061035156,68.02999877929688,70.62999725341797,1131500.0
2020-03-19,69.0,71.80000305175781,61.06999969482422,62.119998931884766,1154100.0
2020-03-20,62.13999938964844,62.880001068115234,52.540000915527344,54.380001068115234,980200.0
2020-03-23,53.720001220703125,54.81999969482422,49.56999969482422,51.66999816894531,811400.0
2020-03-24,53.66999816894531,56.66999816894531,52.66999816894531,55.70000076293945,782900.0
2020-03-25,55.7599983215332,60.7599983215332,53.900001525878906,57.630001068115234,777100.0
2020-03-26,57.970001220703125,58.40999984741211,55.16999816894531,57.22999954223633,665300.0
2020-03-27,55.0,55.75,52.41999816894531,53.0,576900.0
2020-03-30,52.93000030517578,55.630001068115234,52.119998931884766,55.18000030517578,559100.0
2020-03-31,55.150001525878906,56.150001525878906,52.83000183105469,52.9900016784668,850900.0
2020-04-01,50.91999816894531,55.779998779296875,50.61000061035156,54.900001525878906,826800.0
2020-04-02,54.0099983215332,56.81999969482422,53.58000183105469,55.630001068115234,588700.0
2020-04-03,55.68000030517578,59.52000045776367,54.279998779296875,55.36000061035156,534800.0
2020-04-06,57.13999938964844,59.060001373291016,56.790000915527344,58.75,597400.0
2020-04-07,60.970001220703125,62.20000076293945,58.86000061035156,59.09000015258789,549600.0
2020-04-08,60.45000076293945,61.720001220703125,58.65999984741211,60.939998626708984,514500.0
2020-04-09,61.84000015258789,63.209999084472656,60.86000061035156,61.79999923706055,659600.0
2020-04-13,61.16999816894531,61.20000076293945,58.189998626708984,59.290000915527344,396300.0
2020-04-14,60.369998931884766,61.0,59.380001068115234,60.43000030517578,601100.0
2020-04-15,59.02000045776367,59.380001068115234,56.65999984741211,58.459999084472656,552400.0
2020-04-16,58.880001068115234,60.06999969482422,56.81999969482422,59.91999816894531,803200.0
2020-04-17,61.61000061035156,64.27999877929688,61.61000061035156,63.7400016784668,647700.0
2020-04-20,62.36000061035156,63.650001525878906,61.650001525878906,61.91999816894531,796200.0
2020-04-21,60.189998626708984,67.55000305175781,59.56999969482422,66.6500015258789,886600.0
2020-04-22,68.16000366210938,68.30000305175781,66.05000305175781,66.87999725341797,894000.0
2020-04-23,67.31999969482422,69.83999633789062,67.31999969482422,68.75,698400.0
2020-04-24,69.2699966430664,70.08999633789062,67.62000274658203,68.75,638700.0
2020-04-27,69.31999969482422,73.30000305175781,69.31999969482422,72.91999816894531,592100.0
2020-04-28,74.0199966430664,75.69999694824219,72.05999755859375,72.13999938964844,724900.0
2020-04-29,74.12999725341797,76.87999725341797,73.02999877929688,76.56999969482422,686600.0
2020-04-30,75.19000244140625,75.61000061035156,73.81999969482422,74.23999786376953,560500.0
2020-05-01,72.80999755859375,72.91000366210938,69.68000030517578,70.4000015258789,428100.0
2020-05-04,69.81999969482422,70.70999908447266,69.08000183105469,69.5199966430664,462600.0
2020-05-05,70.54000091552734,71.4000015258789,69.44000244140625,69.45999908447266,421600.0
2020-05-06,69.9000015258789,70.75,66.88999938964844,67.08000183105469,565000.0
2020-05-07,68.11000061035156,69.62000274658203,68.11000061035156,68.38999938964844,436100.0
2020-05-08,69.58999633789062,71.91000366210938,69.06999969482422,71.83999633789062,417100.0
2020-05-11,70.77999877929688,70.77999877929688,69.29000091552734,69.63999938964844,593100.0
2020-05-12,70.22000122070312,70.41999816894531,66.66999816894531,66.66999816894531,584000.0
2020-05-13,66.0,66.83000183105469,62.790000915527344,63.66999816894531,995300.0
2020-05-14,62.63999938964844,64.95999908447266,61.119998931884766,64.9000015258789,358500.0
2020-05-15,64.26000213623047,64.94999694824219,63.33000183105469,64.75,550900.0
2020-05-18,67.44999694824219,71.61000061035156,67.30999755859375,71.08000183105469,591100.0
2020-05-19,70.36000061035156,71.30000305175781,68.80000305175781,68.80000305175781,447200.0
2020-05-20,70.27999877929688,71.45999908447266,69.88999938964844,70.69000244140625,490600.0
2020-05-21,71.19000244140625,73.4000015258789,71.19000244140625,71.54000091552734,716900.0
2020-05-22,71.45999908447266,72.16000366210938,70.2699966430664,70.66000366210938,600700.0
2020-05-26,72.9000015258789,75.5,72.52999877929688,74.04000091552734,708900.0
2020-05-27,76.16000366210938,77.33000183105469,74.05000305175781,75.02999877929688,633700.0
2020-05-28,75.56999969482422,76.7699966430664,73.5199966430664,75.55000305175781,981400.0
2020-05-29,73.06999969482422,73.77999877929688,68.80999755859375,69.13999938964844,5424100.0
2020-06-01,69.56999969482422,73.47000122070312,69.02999877929688,72.69999694824219,1103500.0
2020-06-02,73.31999969482422,74.4800033569336,72.54000091552734,72.77999877929688,1102600.0
2020-06-03,74.19999694824219,74.91999816894531,73.72000122070312,74.55000305175781,1066400.0
2020-06-04,74.47000122070312,76.25,74.16000366210938,75.13999938964844,1075600.0
2020-06-05,78.61000061035156,80.29000091552734,78.02999877929688,78.44000244140625,852500.0
2020-06-08,78.94999694824219,79.77999877929688,78.44999694824219,79.19000244140625,741400.0
2020-06-09,77.91999816894531,78.02999877929688,76.55000305175781,77.2699966430664,586100.0
2020-06-10,77.0199966430664,77.0199966430664,73.12000274658203,73.16999816894531,1013600.0
2020-06-11,70.69999694824219,70.69999694824219,66.80999755859375,66.88999938964844,1007400.0
2020-06-12,69.29000091552734,69.8499984741211,66.95999908447266,69.05000305175781,805200.0
2020-06-15,66.04000091552734,70.48999786376953,66.04000091552734,70.0,847000.0
2020-06-16,72.80000305175781,73.04000091552734,70.30999755859375,70.95999908447266,481600.0
2020-06-17,70.91000366210938,71.72000122070312,69.80000305175781,70.62000274658203,620800.0
2020-06-18,69.75,70.83000183105469,69.2300033569336,69.68000030517578,422800.0
2020-06-19,70.4000015258789,70.66000366210938,68.22000122070312,69.0999984741211,964500.0
2020-06-22,68.7300033569336,69.45999908447266,67.69000244140625,69.41000366210938,536800.0
2020-06-23,70.69000244140625,70.94999694824219,69.75,70.55000305175781,846800.0
2020-06-24,69.52999877929688,69.61000061035156,66.79000091552734,67.08000183105469,980600.0
2020-06-25,66.52999877929688,68.0999984741211,65.37000274658203,68.04000091552734,815800.0
2020-06-26,67.5199966430664,68.83999633789062,66.5199966430664,67.75,843000.0
2020-06-29,68.58999633789062,69.55000305175781,67.9800033569336,69.06999969482422,524000.0
2020-06-30,68.47000122070312,69.4800033569336,67.75,68.75,943200.0
2020-07-01,69.30999755859375,69.8499984741211,67.26000213623047,67.37999725341797,564400.0
2020-07-02,68.91999816894531,70.5,67.86000061035156,67.93000030517578,494600.0
2020-07-06,69.33000183105469,70.62999725341797,68.63999938964844,69.43000030517578,459800.0
2020-07-07,68.75,68.75,66.66000366210938,66.86000061035156,677400.0
2020-07-08,66.94000244140625,67.38999938964844,65.69999694824219,66.4000015258789,408400.0
2020-07-09,66.01000213623047,66.1500015258789,64.2699966430664,64.66000366210938,640600.0
2020-07-10,65.08000183105469,67.61000061035156,65.04000091552734,67.41000366210938,740300.0
2020-07-13,68.44000244140625,70.93000030517578,67.73999786376953,70.30000305175781,805400.0
2020-07-14,67.91999816894531,68.8499984741211,66.19000244140625,68.75,1228600.0
2020-07-15,70.13999938964844,73.06999969482422,70.05000305175781,72.66000366210938,605800.0
2020-07-16,72.9000015258789,74.08000183105469,72.31999969482422,72.9000015258789,478400.0
2020-07-17,73.25,73.61000061035156,71.55999755859375,72.91000366210938,580200.0
2020-07-20,72.04000091552734,72.38999938964844,68.31999969482422,69.61000061035156,922200.0
2020-07-21,70.06999969482422,72.8499984741211,70.06999969482422,72.33999633789062,759600.0
2020-07-22,71.93000030517578,72.91999816894531,71.63999938964844,72.70999908447266,374500.0
2020-07-23,72.31999969482422,72.88999938964844,71.37000274658203,71.52999877929688,601000.0
2020-07-24,71.6500015258789,73.80000305175781,71.58999633789062,72.01000213623047,511800.0
2020-07-27,71.77999877929688,72.33000183105469,71.25,72.12000274658203,318500.0
2020-07-28,71.98999786376953,72.61000061035156,70.76000213623047,70.81999969482422,449500.0
2020-07-29,71.29000091552734,72.25,70.97000122070312,71.95999908447266,261700.0
2020-07-30,70.94000244140625,70.94000244140625,69.13999938964844,69.9000015258789,274900.0
2020-07-31,69.58000183105469,69.79000091552734,67.5,68.79000091552734,560900.0
2020-08-03,68.79000091552734,70.0,68.61000061035156,69.0199966430664,293200.0
2020-08-04,68.80000305175781,69.3499984741211,68.0999984741211,68.98999786376953,396800.0
2020-08-05,69.95999908447266,71.45999908447266,69.56999969482422,71.36000061035156,332300.0
2020-08-06,71.22000122070312,72.22000122070312,71.22000122070312,72.06999969482422,419300.0
2020-08-07,71.58000183105469,73.86000061035156,70.5999984741211,73.58000183105469,567400.0
2020-08-10,73.5,75.23999786376953,73.30999755859375,74.9800033569336,360500.0
2020-08-11,76.0,77.98999786376953,75.80999755859375,77.0,918800.0
2020-08-12,78.01000213623047,78.48999786376953,77.37999725341797,78.16999816894531,520700.0
2020-08-13,77.19999694824219,77.88999938964844,76.98999786376953,77.19000244140625,487400.0
2020-08-14,76.47000122070312,77.23999786376953,76.16999816894531,76.93000030517578,349000.0
2020-08-17,77.5999984741211,78.08999633789062,76.69999694824219,76.75,452300.0
2020-08-18,76.68000030517578,76.83999633789062,75.72000122070312,75.87999725341797,514500.0
2020-08-19,75.66999816894531,77.25,75.5199966430664,76.05999755859375,495100.0
2020-08-20,74.94000244140625,75.79000091552734,74.66000366210938,75.48999786376953,356600.0
2020-08-21,74.98999786376953,75.43000030517578,73.2699966430664,73.5199966430664,553000.0
2020-08-24,74.16000366210938,75.41999816894531,73.05000305175781,75.41999816894531,266800.0
2020-08-25,75.94000244140625,76.2300033569336,74.30999755859375,75.20999908447266,326400.0
2020-08-26,74.94000244140625,75.19000244140625,74.08000183105469,74.08999633789062,432700.0
2020-08-27,74.66999816894531,75.37000274658203,73.8499984741211,74.30000305175781,377200.0
2020-08-28,74.43000030517578,75.01000213623047,73.87000274658203,74.87999725341797,208500.0
2020-08-31,74.66000366210938,74.66000366210938,73.22000122070312,73.30999755859375,314700.0
2020-09-01,73.0,73.01000213623047,72.29000091552734,72.72000122070312,280100.0
2020-09-02,73.0,74.31999969482422,72.5999984741211,74.04000091552734,261200.0
2020-09-03,74.1500015258789,74.94000244140625,72.91000366210938,73.48999786376953,326700.0
2020-09-04,74.37999725341797,75.12999725341797,72.55000305175781,73.30000305175781,420400.0
2020-09-08,72.63999938964844,72.63999938964844,70.45999908447266,71.01000213623047,535500.0
2020-09-09,71.33000183105469,71.9000015258789,70.58999633789062,71.19999694824219,411900.0
2020-09-10,71.7300033569336,71.81999969482422,68.3499984741211,68.5,502700.0
2020-09-11,69.02999877929688,69.58000183105469,67.83999633789062,67.93000030517578,824500.0
2020-09-14,68.58000183105469,69.0,68.0,68.58000183105469,730700.0
2020-09-15,69.0,69.37000274658203,68.16000366210938,68.5999984741211,1282300.0
2020-09-16,68.66999816894531,70.26000213623047,67.05999755859375,69.33999633789062,823800.0
2020-09-17,68.73999786376953,71.12000274658203,68.06999969482422,70.5,499000.0
2020-09-18,70.87000274658203,71.20999908447266,69.30000305175781,70.69000244140625,2321500.0
2020-09-21,70.45999908447266,71.91000366210938,69.26000213623047,71.4000015258789,954200.0
2020-09-22,71.41999816894531,73.23999786376953,71.41999816894531,71.98999786376953,800200.0
2020-09-23,71.91000366210938,72.83000183105469,70.2699966430664,70.30999755859375,597900.0
2020-09-24,69.7300033569336,71.0999984741211,69.08999633789062,70.25,389400.0
2020-09-25,69.61000061035156,72.25,69.61000061035156,71.80000305175781,505400.0
2020-09-28,72.56999969482422,73.54000091552734,72.30000305175781,72.62999725341797,652400.0
2020-09-29,72.7300033569336,73.05999755859375,71.76000213623047,72.4000015258789,434100.0
2020-09-30,72.5999984741211,74.26000213623047,72.54000091552734,73.33000183105469,504100.0
2020-10-01,73.7699966430664,74.04000091552734,71.9800033569336,72.56999969482422,367000.0
2020-10-02,71.70999908447266,75.37999725341797,71.2300033569336,75.08999633789062,427600.0
2020-10-05,75.81999969482422,76.86000061035156,74.94000244140625,75.69000244140625,336300.0
2020-10-06,76.16999816894531,76.73999786376953,74.08000183105469,74.29000091552734,386900.0
2020-10-07,74.9800033569336,75.73999786376953,74.68000030517578,74.8499984741211,414500.0
2020-10-08,75.44999694824219,75.9800033569336,74.12000274658203,75.29000091552734,306200.0
2020-10-09,76.02999877929688,76.2300033569336,74.69999694824219,74.80000305175781,181700.0
2020-10-12,74.97000122070312,76.54000091552734,74.83000183105469,75.47000122070312,226300.0
2020-10-13,75.05999755859375,75.83999633789062,74.16999816894531,74.38999938964844,231400.0
2020-10-14,74.16999816894531,75.61000061035156,73.08000183105469,73.16000366210938,308700.0
2020-10-15,72.0199966430664,73.29000091552734,71.56999969482422,72.94999694824219,228200.0
2020-10-16,73.0,73.25,72.16999816894531,72.22000122070312,579900.0
2020-10-19,72.44000244140625,73.26000213623047,72.1500015258789,72.23999786376953,432300.0
2020-10-20,74.26000213623047,75.04000091552734,69.18000030517578,70.5,1219700.0
2020-10-21,72.19000244140625,73.94999694824219,71.12000274658203,71.23999786376953,797200.0
2020-10-22,71.48999786376953,75.38999938964844,71.41000366210938,75.27999877929688,1268100.0
2020-10-23,75.79000091552734,76.38999938964844,74.05000305175781,75.26000213623047,685500.0
2020-10-26,74.4800033569336,74.66000366210938,70.69000244140625,71.33000183105469,665300.0
2020-10-27,70.81999969482422,71.33000183105469,69.22000122070312,69.23999786376953,573400.0
2020-10-28,67.25,68.11000061035156,65.04000091552734,66.88999938964844,764700.0
2020-10-29,66.05000305175781,68.62999725341797,66.05000305175781,67.12999725341797,798300.0
2020-10-30,66.68000030517578,68.30000305175781,66.68000030517578,67.87000274658203,572200.0
2020-11-02,68.87000274658203,69.6500015258789,68.41000366210938,68.80999755859375,769400.0
2020-11-03,69.94999694824219,72.5999984741211,69.94999694824219,72.13999938964844,617900.0
2020-11-04,71.83999633789062,73.58000183105469,70.1500015258789,73.19999694824219,766100.0
2020-11-05,73.55999755859375,75.98999786376953,73.5,75.44000244140625,719900.0
2020-11-06,75.76000213623047,76.70999908447266,73.97000122070312,74.37999725341797,419200.0
2020-11-09,80.7300033569336,85.69000244140625,78.70999908447266,84.83999633789062,733200.0
2020-11-10,85.61000061035156,87.26000213623047,84.91000366210938,85.88999938964844,749200.0
2020-11-11,86.01000213623047,86.47000122070312,84.04000091552734,85.0999984741211,739500.0
2020-11-12,83.87000274658203,85.58999633789062,83.87000274658203,85.19999694824219,959300.0
2020-11-13,85.63999938964844,87.27999877929688,85.29000091552734,87.01000213623047,401900.0
2020-11-16,89.52999877929688,90.02999877929688,88.43000030517578,89.70999908447266,616000.0
2020-11-17,88.47000122070312,89.58999633789062,88.0,88.83000183105469,804400.0
2020-11-18,89.1500015258789,89.26000213623047,87.5199966430664,87.5999984741211,586700.0
2020-11-19,86.88999938964844,87.6500015258789,85.41000366210938,87.33999633789062,419900.0
2020-11-20,86.8499984741211,87.4000015258789,86.20999908447266,86.61000061035156,737300.0
2020-11-23,89.19999694824219,90.93000030517578,87.31999969482422,87.62000274658203,602800.0
2020-11-24,88.9000015258789,92.5999984741211,88.19999694824219,91.97000122070312,369900.0
2020-11-25,91.19000244140625,91.20999908447266,89.37999725341797,90.61000061035156,225400.0
2020-11-27,90.30000305175781,91.62000274658203,90.2300033569336,90.31999969482422,108800.0
2020-11-30,88.62000274658203,88.8499984741211,86.22000122070312,86.6500015258789,1043700.0
2020-12-01,88.37999725341797,89.45999908447266,87.4000015258789,88.83999633789062,362200.0
2020-12-02,88.41000366210938,89.12999725341797,87.2699966430664,88.27999877929688,369000.0
2020-12-03,88.48999786376953,89.73999786376953,88.31999969482422,88.5999984741211,392800.0
2020-12-04,88.86000061035156,92.43000030517578,88.58999633789062,92.25,375300.0
2020-12-07,91.4000015258789,91.87999725341797,89.41000366210938,89.61000061035156,388400.0
2020-12-08,88.70999908447266,91.33000183105469,88.70999908447266,90.2699966430664,342700.0
2020-12-09,90.37999725341797,90.94000244140625,89.23999786376953,90.1500015258789,343800.0
2020-12-10,89.33999633789062,90.0,89.02999877929688,89.58999633789062,360900.0
2020-12-11,89.06999969482422,91.41999816894531,89.05000305175781,90.36000061035156,376400.0
2020-12-14,91.0199966430664,91.0199966430664,88.76000213623047,88.86000061035156,320600.0
2020-12-15,89.69000244140625,90.44999694824219,87.87000274658203,90.2300033569336,547600.0
2020-12-16,90.81999969482422,90.81999969482422,89.55999755859375,90.25,291800.0
2020-12-17,90.38999938964844,91.5,90.05000305175781,91.12000274658203,429500.0
2020-12-18,91.30000305175781,91.58000183105469,89.70999908447266,90.38999938964844,875600.0
2020-12-21,90.94999694824219,91.19000244140625,87.80999755859375,90.97000122070312,432000.0
2020-12-22,91.0199966430664,91.12000274658203,89.80000305175781,90.36000061035156,290500.0
2020-12-23,90.93000030517578,93.0199966430664,90.87000274658203,91.5199966430664,231900.0
2020-12-24,91.73999786376953,91.77999877929688,90.45999908447266,91.37000274658203,52000.0
2020-12-28,92.01000213623047,92.88999938964844,89.86000061035156,90.48999786376953,325100.0
2020-12-29,90.87999725341797,91.25,89.45999908447266,90.19000244140625,186000.0
2020-12-30,90.30000305175781,91.20999908447266,90.05000305175781,90.3499984741211,108700.0
2020-12-31,90.33000183105469,90.80999755859375,89.69999694824219,90.18000030517578,204800.0
2021-01-04,91.33999633789062,92.2699966430664,88.9000015258789,89.87000274658203,314400.0
2021-01-05,90.16000366210938,92.83000183105469,90.05999755859375,92.43000030517578,479200.0
2021-01-06,93.61000061035156,97.68000030517578,93.61000061035156,95.86000061035156,478300.0
2021-01-07,96.18000030517578,97.06999969482422,95.12999725341797,95.80000305175781,418300.0
2021-01-08,95.80000305175781,97.38999938964844,95.0999984741211,96.5,310000.0
2021-01-11,95.20999908447266,96.37000274658203,94.36000061035156,94.81999969482422,262700.0
2021-01-12,94.4800033569336,96.45999908447266,94.33999633789062,95.79000091552734,372300.0
2021-01-13,95.3499984741211,95.81999969482422,92.45999908447266,92.75,230300.0
2021-01-14,93.9000015258789,95.95999908447266,93.25,94.97000122070312,258300.0
2021-01-15,94.19000244140625,94.55999755859375,92.11000061035156,92.68000030517578,193000.0
2021-01-19,93.48999786376953,93.83000183105469,92.4800033569336,93.0999984741211,326400.0
2021-01-20,93.31999969482422,94.9800033569336,92.91999816894531,94.66999816894531,344300.0
2021-01-21,94.31999969482422,95.48999786376953,93.94999694824219,94.94000244140625,332000.0
2021-01-22,94.12000274658203,95.48999786376953,93.62999725341797,95.29000091552734,261000.0
2021-01-25,94.52999877929688,94.80000305175781,92.04000091552734,92.56999969482422,396300.0
2021-01-26,93.47000122070312,93.8499984741211,90.8499984741211,90.98999786376953,364000.0
2021-01-27,89.47000122070312,91.0999984741211,87.66999816894531,89.61000061035156,481300.0
2021-01-28,90.55000305175781,91.83999633789062,90.45999908447266,90.52999877929688,537900.0
2021-01-29,91.27999877929688,92.37999725341797,87.86000061035156,88.44000244140625,526900.0
2021-02-01,88.93000030517578,89.80999755859375,87.37000274658203,89.7699966430664,393300.0
2021-02-02,89.44999694824219,89.9000015258789,85.97000122070312,86.91000366210938,676700.0
2021-02-03,89.55000305175781,90.12999725341797,87.12999725341797,89.38999938964844,528100.0
2021-02-04,89.13999938964844,92.36000061035156,88.83000183105469,91.72000122070312,422300.0
2021-02-05,92.45999908447266,92.48999786376953,90.41000366210938,90.87999725341797,362600.0
2021-02-08,91.19000244140625,93.58000183105469,91.19000244140625,93.5199966430664,247700.0
2021-02-09,93.22000122070312,94.22000122070312,92.44999694824219,93.83999633789062,222900.0
2021-02-10,95.11000061035156,95.62999725341797,93.87999725341797,94.5999984741211,266900.0
2021-02-11,94.3499984741211,95.93000030517578,93.5199966430664,93.5999984741211,618100.0
2021-02-12,93.02999877929688,94.1500015258789,92.4800033569336,92.48999786376953,378100.0
2021-02-16,92.91000366210938,94.19999694824219,92.62999725341797,93.77999877929688,588300.0
2021-02-17,92.97000122070312,95.26000213623047,92.97000122070312,94.1500015258789,357500.0
2021-02-18,93.27999877929688,94.66999816894531,92.1500015258789,93.25,233500.0
2021-02-19,93.41999816894531,94.18000030517578,92.69000244140625,93.87999725341797,389600.0
2021-02-22,93.80000305175781,96.02999877929688,93.4800033569336,95.3499984741211,615700.0
2021-02-23,95.61000061035156,98.58000183105469,95.61000061035156,98.1500015258789,346100.0
2021-02-24,98.0,99.37000274658203,97.5199966430664,98.4000015258789,500100.0
2021-02-25,98.47000122070312,98.94999694824219,96.02999877929688,96.16000366210938,270800.0
2021-02-26,95.9000015258789,97.0,94.4000015258789,94.44000244140625,576600.0
2021-03-01,97.5,98.19999694824219,96.70999908447266,97.27999877929688,657100.0
2021-03-02,96.51000213623047,96.69999694824219,94.38999938964844,94.6500015258789,471100.0
2021-03-03,95.4000015258789,97.91000366210938,94.9000015258789,96.02999877929688,501400.0
2021-03-04,96.0,96.83999633789062,94.80999755859375,95.11000061035156,614300.0
2021-03-05,96.58000183105469,98.22000122070312,95.16000366210938,98.05000305175781,730800.0
2021-03-08,98.98999786376953,102.2699966430664,98.41999816894531,101.0999984741211,340600.0
2021-03-09,101.87000274658203,102.55999755859375,98.61000061035156,98.83000183105469,424700.0
2021-03-10,99.01000213623047,100.79000091552734,98.08000183105469,100.22000122070312,306500.0
2021-03-11,100.87000274658203,102.62000274658203,100.02999877929688,102.4800033569336,437500.0
2021-03-12,102.83000183105469,104.23999786376953,102.72000122070312,104.02999877929688,246700.0
2021-03-15,103.11000061035156,103.51000213623047,102.16000366210938,102.95999908447266,423500.0
2021-03-16,102.23999786376953,102.8499984741211,99.94000244140625,102.0999984741211,721400.0
2021-03-17,102.38999938964844,103.94000244140625,100.22000122070312,100.79000091552734,435000.0
2021-03-18,101.0,104.80999755859375,100.58999633789062,101.02999877929688,450600.0
2021-03-19,101.41000366210938,102.95999908447266,99.81999969482422,101.94000244140625,1703400.0
2021-03-22,101.13999938964844,101.37000274658203,98.36000061035156,98.97000122070312,404600.0
2021-03-23,97.98999786376953,97.98999786376953,95.2699966430664,95.58999633789062,602500.0
2021-03-24,96.91000366210938,99.88999938964844,96.19999694824219,97.73999786376953,380100.0
2021-03-25,97.58999633789062,101.20999908447266,96.63999938964844,100.41999816894531,386600.0
2021-03-26,101.38999938964844,102.2300033569336,100.04000091552734,101.75,276100.0
2021-03-29,100.98999786376953,102.94999694824219,99.55999755859375,99.80000305175781,280500.0
2021-03-30,100.08000183105469,101.6500015258789,99.36000061035156,101.30999755859375,346500.0
2021-03-31,101.26000213623047,101.26000213623047,98.81999969482422,98.9000015258789,444400.0
2021-04-01,99.33000183105469,101.37000274658203,98.33000183105469,101.29000091552734,267000.0
2021-04-05,102.13999938964844,103.11000061035156,101.86000061035156,102.41999816894531,211800.0
2021-04-06,102.0199966430664,104.41999816894531,102.0199966430664,103.72000122070312,249000.0
2021-04-07,103.41000366210938,103.62999725341797,102.47000122070312,103.19000244140625,214400.0
2021-04-08,103.08999633789062,104.1500015258789,102.70999908447266,103.95999908447266,224700.0
2021-04-09,103.83000183105469,104.66999816894531,103.30000305175781,104.37000274658203,211700.0
2021-04-12,104.9800033569336,105.97000122070312,104.5199966430664,105.54000091552734,214800.0
2021-04-13,105.83999633789062,107.69999694824219,105.0,107.41999816894531,445800.0
2021-04-14,107.94000244140625,109.30999755859375,107.31999969482422,107.66999816894531,472100.0
2021-04-15,107.70999908447266,108.43000030517578,106.77999877929688,108.27999877929688,271200.0
2021-04-16,109.87999725341797,110.66000366210938,108.66000366210938,110.04000091552734,326700.0
2021-04-19,109.70999908447266,109.80999755859375,107.5999984741211,109.0999984741211,409500.0
2021-04-20,113.19000244140625,115.0199966430664,111.11000061035156,113.19999694824219,752100.0
2021-04-21,113.22000122070312,114.95999908447266,112.38999938964844,114.3499984741211,453400.0
2021-04-22,115.44000244140625,118.56999969482422,114.87999725341797,117.05000305175781,446000.0
2021-04-23,117.04000091552734,120.37999725341797,116.51000213623047,119.80000305175781,417700.0
2021-04-26,120.69999694824219,121.44000244140625,118.91999816894531,119.16000366210938,347100.0
2021-04-27,119.83000183105469,121.16999816894531,118.91000366210938,121.16999816894531,328000.0
2021-04-28,121.5199966430664,124.30000305175781,121.19000244140625,122.80000305175781,378500.0
2021-04-29,123.87999725341797,124.41999816894531,120.47000122070312,123.05999755859375,425900.0
2021-04-30,122.05000305175781,122.69000244140625,120.56999969482422,120.88999938964844,362400.0
2021-05-03,122.0999984741211,123.81999969482422,120.86000061035156,123.2300033569336,248300.0
2021-05-04,122.08999633789062,123.0,121.37999725341797,122.05999755859375,612500.0
2021-05-05,122.0,122.38999938964844,119.86000061035156,122.22000122070312,317700.0
2021-05-06,122.4800033569336,123.51000213623047,121.0999984741211,123.20999908447266,312300.0
2021-05-07,122.38999938964844,123.18000030517578,121.41999816894531,122.72000122070312,255700.0
2021-05-10,123.83999633789062,125.06999969482422,122.9800033569336,123.33999633789062,384100.0
2021-05-11,122.05000305175781,123.9000015258789,121.63999938964844,123.8499984741211,629800.0
2021-05-12,123.79000091552734,123.94000244140625,120.05999755859375,120.44999694824219,421700.0
2021-05-13,120.3499984741211,123.91000366210938,120.3499984741211,123.5,286300.0
2021-05-14,123.62000274658203,124.05999755859375,122.98999786376953,123.55999755859375,214400.0
2021-05-17,122.7699966430664,123.62999725341797,121.4800033569336,123.58000183105469,156700.0
2021-05-18,124.19999694824219,124.30999755859375,120.19999694824219,120.37000274658203,659400.0
2021-05-19,119.0999984741211,119.69999694824219,115.79000091552734,119.6500015258789,445700.0
2021-05-20,119.91999816894531,120.04000091552734,118.29000091552734,119.23999786376953,407400.0
2021-05-21,120.30000305175781,122.12000274658203,119.81999969482422,120.20999908447266,327900.0
2021-05-24,120.36000061035156,122.95999908447266,119.80000305175781,122.56999969482422,302600.0
2021-05-25,122.2300033569336,123.52999877929688,120.87999725341797,121.02999877929688,256300.0
2021-05-26,121.66999816894531,123.26000213623047,121.30000305175781,122.62999725341797,363400.0
2021-05-27,123.76000213623047,124.0199966430664,122.66999816894531,123.33000183105469,416700.0
2021-05-28,122.94999694824219,123.37000274658203,120.56999969482422,120.98999786376953,302200.0
2021-06-01,122.51000213623047,123.19000244140625,121.37000274658203,122.44999694824219,453000.0
2021-06-02,122.22000122070312,122.55999755859375,121.12999725341797,121.98999786376953,200900.0
2021-06-03,121.61000061035156,122.4800033569336,120.61000061035156,122.30999755859375,183100.0
2021-06-04,123.18000030517578,123.18000030517578,121.69999694824219,122.70999908447266,164100.0
2021-06-07,122.41000366210938,122.44000244140625,121.05000305175781,121.75,197500.0
2021-06-08,121.44000244140625,123.79000091552734,120.72000122070312,123.68000030517578,165800.0
2021-06-09,123.48999786376953,123.83000183105469,122.4000015258789,123.16000366210938,210900.0
2021-06-10,123.54000091552734,124.11000061035156,122.94999694824219,123.26000213623047,273700.0
2021-06-11,123.27999877929688,123.86000061035156,121.94999694824219,122.98999786376953,261300.0
2021-06-14,123.45999908447266,124.56999969482422,122.48999786376953,123.0999984741211,264200.0
2021-06-15,122.94000244140625,123.94999694824219,121.91000366210938,122.91999816894531,302000.0
2021-06-16,123.0,123.66999816894531,120.79000091552734,122.01000213623047,317300.0
2021-06-17,121.5,121.5,116.16000366210938,117.05000305175781,519900.0
2021-06-18,115.45999908447266,115.66999816894531,113.38999938964844,113.56999969482422,732000.0
2021-06-21,114.52999877929688,117.38999938964844,113.95999908447266,117.33999633789062,212500.0
2021-06-22,117.36000061035156,117.72000122070312,115.86000061035156,117.5,238000.0
2021-06-23,117.9000015258789,118.37999725341797,116.98999786376953,118.06999969482422,365900.0
2021-06-24,119.0,120.7699966430664,118.02999877929688,120.33000183105469,390100.0
2021-06-25,120.58999633789062,122.80999755859375,120.02999877929688,122.66000366210938,807900.0
2021-06-28,122.66999816894531,122.66999816894531,119.20999908447266,119.44000244140625,374800.0
2021-06-29,119.9000015258789,120.31999969482422,118.79000091552734,119.02999877929688,228700.0
2021-06-30,118.33999633789062,119.0199966430664,117.5999984741211,118.91000366210938,312900.0
2021-07-01,120.06999969482422,120.06999969482422,118.95999908447266,119.19000244140625,233300.0
2021-07-02,119.16000366210938,119.16000366210938,117.5199966430664,118.18000030517578,227000.0
2021-07-06,118.16999816894531,118.33999633789062,114.16000366210938,115.66999816894531,351200.0
2021-07-07,115.5,117.44000244140625,114.33000183105469,116.55999755859375,540000.0
2021-07-08,114.25,115.61000061035156,112.83999633789062,114.08999633789062,304100.0
2021-07-09,116.16000366210938,117.22000122070312,114.91999816894531,116.06999969482422,312800.0
2021-07-12,115.55999755859375,116.86000061035156,114.43000030517578,116.62999725341797,304800.0
2021-07-13,117.45999908447266,118.27999877929688,116.05000305175781,116.08999633789062,386100.0
2021-07-14,116.5199966430664,117.66999816894531,116.2300033569336,117.02999877929688,343800.0
2021-07-15,115.66000366210938,116.80999755859375,114.91999816894531,115.55000305175781,345700.0
2021-07-16,116.44000244140625,116.93000030517578,113.41000366210938,113.58999633789062,293600.0
2021-07-19,111.0,111.76000213623047,108.91999816894531,111.33999633789062,645300.0
2021-07-20,112.01000213623047,112.12000274658203,105.01000213623047,107.87999725341797,911000.0
2021-07-21,109.6500015258789,111.45999908447266,108.61000061035156,109.81999969482422,577900.0
2021-07-22,109.63999938964844,109.66000366210938,107.91000366210938,108.76000213623047,366000.0
2021-07-23,110.52999877929688,112.52999877929688,110.19000244140625,112.51000213623047,660200.0
2021-07-26,112.51000213623047,113.63999938964844,112.02999877929688,113.36000061035156,416700.0
2021-07-27,112.7699966430664,114.0,112.2699966430664,113.9800033569336,349300.0
2021-07-28,114.5,116.16000366210938,113.19000244140625,115.56999969482422,357200.0
2021-07-29,116.54000091552734,118.70999908447266,116.22000122070312,118.37999725341797,456000.0
2021-07-30,117.61000061035156,119.45999908447266,117.58999633789062,118.58000183105469,493900.0
2021-08-02,119.54000091552734,120.55000305175781,117.12000274658203,117.37999725341797,422300.0
2021-08-03,117.33000183105469,117.9800033569336,116.36000061035156,117.48999786376953,296700.0
2021-08-04,116.36000061035156,117.37000274658203,114.75,115.29000091552734,377100.0
2021-08-05,116.01000213623047,117.0,115.69000244140625,116.33000183105469,273100.0
2021-08-06,117.87000274658203,118.7300033569336,117.23999786376953,117.93000030517578,254400.0
2021-08-09,119.05999755859375,119.05999755859375,117.48999786376953,118.0,324500.0
2021-08-10,117.6500015258789,120.12999725341797,117.5999984741211,119.6500015258789,193100.0
2021-08-11,119.62000274658203,121.75,119.19999694824219,121.72000122070312,252000.0
2021-08-12,122.58999633789062,122.68000030517578,120.9800033569336,122.6500015258789,212600.0
2021-08-13,123.02999877929688,123.61000061035156,121.86000061035156,122.88999938964844,246200.0
2021-08-16,122.58000183105469,123.19999694824219,121.62000274658203,122.9000015258789,276600.0
2021-08-17,122.27999877929688,122.73999786376953,120.6500015258789,122.66000366210938,294400.0
2021-08-18,122.0,123.22000122070312,119.87999725341797,119.9000015258789,262900.0
2021-08-19,118.37000274658203,119.31999969482422,117.06999969482422,118.4000015258789,419800.0
2021-08-20,118.69000244140625,119.48999786376953,117.80000305175781,119.38999938964844,234600.0
2021-08-23,120.52999877929688,121.94000244140625,119.63999938964844,120.22000122070312,280900.0
2021-08-24,122.0,122.7300033569336,120.4000015258789,121.08000183105469,373400.0
2021-08-25,122.06999969482422,123.01000213623047,120.9000015258789,121.68000030517578,296100.0
2021-08-26,122.87999725341797,122.87999725341797,120.45999908447266,120.69999694824219,257600.0
2021-08-27,120.55000305175781,122.27999877929688,120.4800033569336,121.3499984741211,427300.0
2021-08-30,121.76000213623047,121.9000015258789,120.20999908447266,121.25,256500.0
2021-08-31,121.2699966430664,123.83999633789062,120.9000015258789,121.41999816894531,483000.0
2021-09-01,121.91999816894531,122.3499984741211,119.16000366210938,121.5199966430664,322200.0
2021-09-02,121.7300033569336,123.69000244140625,121.5199966430664,123.69000244140625,198100.0
2021-09-03,123.2699966430664,123.73999786376953,122.0999984741211,122.20999908447266,246500.0
2021-09-07,121.43000030517578,121.83999633789062,119.04000091552734,119.25,328800.0
2021-09-08,119.37999725341797,120.16000366210938,118.5999984741211,119.37999725341797,218500.0
2021-09-09,119.56999969482422,121.4000015258789,119.37999725341797,119.83999633789062,209400.0
2021-09-10,120.5999984741211,120.5999984741211,117.77999877929688,118.12000274658203,262100.0
2021-09-13,119.43000030517578,119.58000183105469,117.5,118.56999969482422,220200.0
2021-09-14,119.4800033569336,119.4800033569336,116.94000244140625,117.51000213623047,341900.0
2021-09-15,118.02999877929688,119.22000122070312,116.2300033569336,118.93000030517578,309100.0
2021-09-16,119.01000213623047,119.8499984741211,116.93000030517578,117.12000274658203,290500.0
2021-09-17,113.18000030517578,114.93000030517578,109.75,110.69000244140625,988600.0
2021-09-20,108.3499984741211,109.56999969482422,106.55000305175781,108.20999908447266,336700.0
2021-09-21,108.69999694824219,109.18000030517578,106.16000366210938,106.54000091552734,769300.0
2021-09-22,108.12999725341797,110.1500015258789,107.1500015258789,108.26000213623047,574500.0
2021-09-23,108.26000213623047,111.87000274658203,108.26000213623047,110.62000274658203,388500.0
2021-09-24,109.91000366210938,111.37000274658203,109.62999725341797,109.72000122070312,319600.0
2021-09-27,110.37999725341797,112.9000015258789,110.16000366210938,111.47000122070312,285500.0
2021-09-28,111.61000061035156,112.62999725341797,109.3499984741211,110.05999755859375,247900.0
2021-09-29,110.27999877929688,111.16000366210938,109.4800033569336,109.8499984741211,441000.0
2021-09-30,110.52999877929688,111.04000091552734,107.87999725341797,108.27999877929688,425200.0
2021-10-01,108.8499984741211,112.04000091552734,108.41000366210938,111.31999969482422,341000.0
2021-10-04,111.72000122070312,112.62000274658203,110.20999908447266,110.77999877929688,253600.0
2021-10-05,111.54000091552734,112.87999725341797,110.52999877929688,112.44000244140625,383200.0
2021-10-06,110.44000244140625,112.0,107.86000061035156,110.77999877929688,349500.0
2021-10-07,112.01000213623047,113.80000305175781,111.91000366210938,113.54000091552734,348600.0
2021-10-08,113.54000091552734,115.26000213623047,112.9800033569336,113.3499984741211,367100.0
2021-10-11,113.93000030517578,114.6500015258789,111.62999725341797,111.73999786376953,230900.0
2021-10-12,112.5,112.70999908447266,110.79000091552734,111.45999908447266,307400.0
2021-10-13,111.38999938964844,111.56999969482422,109.52999877929688,110.91000366210938,452700.0
2021-10-14,112.19000244140625,113.63999938964844,111.93000030517578,112.95999908447266,315200.0
2021-10-15,114.33000183105469,114.52999877929688,112.62999725341797,112.69000244140625,288900.0
2021-10-18,111.81999969482422,113.16999816894531,111.08999633789062,113.12999725341797,361100.0
2021-10-19,105.0,107.0999984741211,103.5,105.97000122070312,1077800.0
2021-10-20,105.87000274658203,105.94999694824219,103.12999725341797,104.0999984741211,437600.0
2021-10-21,103.68000030517578,104.13999938964844,102.11000061035156,103.69000244140625,390400.0
2021-10-22,103.05999755859375,104.37000274658203,101.36000061035156,101.76000213623047,411300.0
2021-10-25,101.97000122070312,102.0,100.80000305175781,101.29000091552734,337700.0
2021-10-26,101.44999694824219,102.19999694824219,99.41000366210938,99.45999908447266,424900.0
2021-10-27,99.73999786376953,99.73999786376953,96.33000183105469,96.4000015258789,468300.0
2021-10-28,96.68000030517578,98.4000015258789,96.62000274658203,98.33999633789062,313900.0
2021-10-29,98.05000305175781,98.70999908447266,96.4000015258789,96.6500015258789,344500.0
2021-11-01,96.91000366210938,99.66999816894531,96.51000213623047,99.36000061035156,384800.0
2021-11-02,99.37000274658203,100.47000122070312,99.01000213623047,99.91000366210938,359300.0
2021-11-03,99.54000091552734,101.2300033569336,99.02999877929688,101.16999816894531,256000.0
2021-11-04,101.94999694824219,102.7300033569336,101.7699966430664,102.3499984741211,575900.0
2021-11-05,102.87000274658203,103.83999633789062,102.12999725341797,103.11000061035156,288700.0
2021-11-08,103.45999908447266,103.7699966430664,102.38999938964844,103.0,251900.0
2021-11-09,102.62999725341797,103.29000091552734,102.05000305175781,102.23999786376953,417800.0
2021-11-10,102.27999877929688,103.41999816894531,101.63999938964844,102.47000122070312,285600.0
2021-11-11,102.37000274658203,103.55000305175781,101.56999969482422,102.38999938964844,292700.0
2021-11-12,102.66999816894531,103.72000122070312,102.18000030517578,103.43000030517578,480700.0
2021-11-15,103.70999908447266,103.70999908447266,102.16999816894531,102.3499984741211,350900.0
2021-11-16,102.18000030517578,103.86000061035156,101.58999633789062,102.19999694824219,254300.0
2021-11-17,101.66000366210938,101.66000366210938,98.2300033569336,98.52999877929688,430200.0
2021-11-18,98.87999725341797,99.2300033569336,96.87999725341797,99.0999984741211,375000.0
2021-11-19,98.7300033569336,100.05000305175781,98.19000244140625,99.2699966430664,369600.0
2021-11-22,99.95999908447266,101.29000091552734,99.30000305175781,100.0199966430664,225500.0
2021-11-23,99.69999694824219,99.7300033569336,98.19999694824219,98.77999877929688,249000.0
2021-11-24,98.66999816894531,99.61000061035156,98.02999877929688,98.5,286400.0
2021-11-26,95.81999969482422,96.13999938964844,92.73999786376953,93.5199966430664,235900.0
2021-11-29,94.7699966430664,94.80000305175781,91.51000213623047,93.23999786376953,536600.0
2021-11-30,91.25,91.80000305175781,89.4000015258789,89.62999725341797,465400.0
2021-12-01,92.0999984741211,92.94999694824219,88.93000030517578,89.0,522500.0
2021-12-02,89.5199966430664,93.88999938964844,88.91999816894531,93.62999725341797,663700.0
2021-12-03,94.30000305175781,94.91999816894531,91.72000122070312,92.62000274658203,475100.0
2021-12-06,94.30999755859375,96.19000244140625,93.5,94.5,572500.0
2021-12-07,95.18000030517578,95.88999938964844,94.12000274658203,94.66999816894531,456600.0
2021-12-08,95.33000183105469,96.0,94.41999816894531,94.75,325200.0
2021-12-09,94.08000183105469,95.56999969482422,93.55999755859375,93.66000366210938,434300.0
2021-12-10,94.29000091552734,95.5999984741211,94.02999877929688,94.52999877929688,406900.0
2021-12-13,94.33999633789062,95.04000091552734,92.76000213623047,93.37000274658203,555500.0
2021-12-14,93.08000183105469,95.01000213623047,92.69999694824219,93.0999984741211,512800.0
2021-12-15,93.06999969482422,95.51000213623047,93.06999969482422,94.76000213623047,559200.0
2021-12-16,95.4000015258789,96.33000183105469,93.97000122070312,94.58000183105469,413700.0
2021-12-17,94.55999755859375,94.55999755859375,92.3499984741211,93.61000061035156,729600.0
2021-12-20,92.0,92.0,89.75,91.54000091552734,263600.0
2021-12-21,92.55999755859375,94.37999725341797,92.55999755859375,93.6500015258789,284500.0
2021-12-22,93.6500015258789,94.73999786376953,93.33999633789062,94.48999786376953,340200.0
2021-12-23,95.31999969482422,96.05999755859375,95.08000183105469,95.4800033569336,251600.0
2021-12-27,95.48999786376953,96.97000122070312,94.91000366210938,96.5999984741211,359900.0
2021-12-28,96.5999984741211,98.37000274658203,96.54000091552734,97.80000305175781,170900.0
2021-12-29,97.86000061035156,98.91000366210938,97.5999984741211,98.44000244140625,160100.0
2021-12-30,98.88999938964844,98.98999786376953,97.27999877929688,97.5199966430664,144200.0
2021-12-31,97.30000305175781,98.05999755859375,97.16999816894531,97.33000183105469,216100.0
2022-01-03,97.54000091552734,99.27999877929688,97.54000091552734,99.16000366210938,257600.0
2022-01-04,100.0,101.91999816894531,99.5,101.08000183105469,294800.0
2022-01-05,101.01000213623047,102.5,100.37999725341797,100.55000305175781,486000.0
2022-01-06,101.30000305175781,103.0,101.12999725341797,101.47000122070312,335700.0
2022-01-07,101.52999877929688,102.13999938964844,100.16999816894531,100.2699966430664,405800.0
2022-01-10,100.4800033569336,102.30999755859375,99.16999816894531,102.08000183105469,471300.0
2022-01-11,103.12999725341797,104.62000274658203,101.22000122070312,103.72000122070312,401200.0
2022-01-12,104.0,104.94999694824219,103.38999938964844,103.88999938964844,360600.0
2022-01-13,104.73999786376953,107.13999938964844,104.30999755859375,106.97000122070312,370700.0
2022-01-14,106.2699966430664,109.31999969482422,105.87000274658203,109.18000030517578,491100.0
2022-01-18,108.12000274658203,108.4800033569336,105.61000061035156,106.83999633789062,422500.0
2022-01-19,107.31999969482422,107.48999786376953,106.0199966430664,106.7300033569336,344700.0
2022-01-20,106.62999725341797,106.62999725341797,103.12999725341797,103.43000030517578,301100.0
2022-01-21,103.29000091552734,104.68000030517578,101.66999816894531,102.0199966430664,369000.0
2022-01-24,100.22000122070312,104.73999786376953,100.08999633789062,104.36000061035156,532700.0
2022-01-25,103.73999786376953,103.73999786376953,100.73999786376953,102.27999877929688,366800.0
2022-01-26,103.51000213623047,105.26000213623047,101.97000122070312,102.77999877929688,464400.0
2022-01-27,103.66999816894531,105.62000274658203,100.80999755859375,101.87999725341797,301300.0
2022-01-28,101.5199966430664,103.75,100.33999633789062,103.70999908447266,328800.0
2022-01-31,103.05000305175781,105.25,101.97000122070312,104.87000274658203,759100.0
2022-02-01,107.19999694824219,109.75,106.5,109.0999984741211,505300.0
2022-02-02,109.69000244140625,109.69000244140625,106.41000366210938,107.16000366210938,384800.0
2022-02-03,107.19000244140625,107.2300033569336,105.29000091552734,106.0,269300.0
2022-02-04,104.95999908447266,108.47000122070312,103.91000366210938,107.30000305175781,332200.0
2022-02-07,107.33000183105469,107.3499984741211,105.11000061035156,106.5,259300.0
2022-02-08,106.91000366210938,110.69999694824219,106.9000015258789,110.5,320800.0
2022-02-09,111.80000305175781,113.18000030517578,111.04000091552734,111.2699966430664,354800.0
2022-02-10,110.02999877929688,112.77999877929688,109.70999908447266,110.19999694824219,283400.0
2022-02-11,110.36000061035156,111.2300033569336,109.26000213623047,109.63999938964844,387400.0
2022-02-14,109.69000244140625,110.97000122070312,109.27999877929688,109.76000213623047,361100.0
2022-02-15,110.02999877929688,115.02999877929688,110.02999877929688,114.75,501400.0
2022-02-16,114.11000061035156,115.54000091552734,113.83000183105469,115.52999877929688,346500.0
2022-02-17,114.05999755859375,114.75,111.11000061035156,111.20999908447266,350100.0
2022-02-18,110.76000213623047,111.69999694824219,109.23999786376953,110.31999969482422,575500.0
2022-02-22,110.80000305175781,110.80000305175781,106.62999725341797,107.83999633789062,649400.0
2022-02-23,108.51000213623047,109.19999694824219,106.58000183105469,106.95999908447266,491600.0
2022-02-24,104.16999816894531,106.08000183105469,102.7300033569336,105.68000030517578,427000.0
2022-02-25,106.33999633789062,109.2300033569336,106.18000030517578,109.08999633789062,592400.0
2022-02-28,106.81999969482422,108.4800033569336,104.48999786376953,106.27999877929688,445400.0
2022-03-01,105.80999755859375,106.56999969482422,97.72000122070312,98.33000183105469,596900.0
2022-03-02,99.27999877929688,102.62000274658203,99.04000091552734,101.41000366210938,616200.0
2022-03-03,102.08000183105469,102.55999755859375,100.2699966430664,101.31999969482422,320700.0
2022-03-04,99.68000030517578,99.70999908447266,94.79000091552734,95.26000213623047,539100.0
2022-03-07,93.61000061035156,95.02999877929688,87.0199966430664,87.0199966430664,526100.0
2022-03-08,88.18000030517578,90.4800033569336,84.31999969482422,88.27999877929688,634800.0
2022-03-09,92.31999969482422,93.44999694824219,89.9800033569336,90.44000244140625,484100.0
2022-03-10,88.25,89.18000030517578,86.5999984741211,89.1500015258789,713300.0
2022-03-11,89.05000305175781,89.55999755859375,86.79000091552734,87.70999908447266,701900.0
2022-03-14,89.0199966430664,92.26000213623047,88.45999908447266,92.19999694824219,543100.0
2022-03-15,92.44000244140625,94.7300033569336,92.22000122070312,94.66000366210938,568400.0
2022-03-16,96.06999969482422,97.76000213623047,94.3499984741211,96.81999969482422,423000.0
2022-03-17,95.98999786376953,97.62000274658203,95.63999938964844,97.52999877929688,288500.0
2022-03-18,97.9000015258789,98.2300033569336,96.12000274658203,97.30000305175781,847000.0
2022-03-21,97.44000244140625,97.87000274658203,94.1500015258789,94.81999969482422,377500.0
2022-03-22,96.27999877929688,96.27999877929688,94.37000274658203,94.52999877929688,342900.0
2022-03-23,93.69999694824219,93.95999908447266,92.41000366210938,92.63999938964844,380800.0
2022-03-24,93.12000274658203,94.2300033569336,91.88999938964844,94.22000122070312,353700.0
2022-03-25,94.63999938964844,95.25,93.58000183105469,94.29000091552734,332700.0
2022-03-28,93.4800033569336,94.12999725341797,92.58000183105469,94.06999969482422,214800.0
2022-03-29,96.38999938964844,101.52999877929688,96.38999938964844,99.9800033569336,620400.0
2022-03-30,99.12999725341797,100.5,96.47000122070312,97.0999984741211,339500.0
2022-03-31,96.4800033569336,96.9000015258789,93.79000091552734,93.91999816894531,357400.0
2022-04-01,94.6500015258789,95.63999938964844,93.41000366210938,94.0199966430664,383000.0
2022-04-04,94.26000213623047,95.94000244140625,93.66999816894531,94.37999725341797,322200.0
2022-04-05,93.72000122070312,94.38999938964844,91.5999984741211,91.9000015258789,604000.0
2022-04-06,91.31999969482422,91.9800033569336,89.98999786376953,90.2699966430664,632000.0
2022-04-07,89.93000030517578,90.37999725341797,88.30000305175781,88.61000061035156,514300.0
2022-04-08,89.12999725341797,90.87999725341797,87.33999633789062,87.87000274658203,861700.0
2022-04-11,87.81999969482422,90.44000244140625,87.19999694824219,87.93000030517578,547900.0
2022-04-12,89.0199966430664,89.33999633789062,86.70999908447266,87.19999694824219,452900.0
2022-04-13,86.79000091552734,88.86000061035156,86.51000213623047,88.5999984741211,596300.0
2022-04-14,88.72000122070312,89.11000061035156,86.6500015258789,87.47000122070312,551700.0
2022-04-18,87.1500015258789,89.05000305175781,86.55000305175781,88.76000213623047,436700.0
2022-04-19,91.02999877929688,95.2699966430664,90.36000061035156,95.08000183105469,848400.0
2022-04-20,96.16999816894531,98.62000274658203,95.69000244140625,95.95999908447266,534300.0
2022-04-21,96.70999908447266,97.72000122070312,94.13999938964844,94.5199966430664,493600.0
2022-04-22,93.76000213623047,94.31999969482422,92.27999877929688,92.38999938964844,331800.0
2022-04-25,91.63999938964844,93.02999877929688,89.51000213623047,92.7300033569336,328300.0
2022-04-26,91.63999938964844,92.41000366210938,90.08000183105469,90.44999694824219,353100.0
2022-04-27,91.0199966430664,91.31999969482422,88.56999969482422,89.83000183105469,419100.0
2022-04-28,91.27999877929688,93.45999908447266,90.05000305175781,93.06999969482422,410600.0
2022-04-29,92.12999725341797,93.8499984741211,89.87000274658203,90.19999694824219,330100.0
2022-05-02,90.45999908447266,91.81999969482422,89.19999694824219,91.22000122070312,377900.0
2022-05-03,91.08999633789062,92.9800033569336,90.91000366210938,92.66000366210938,406700.0
2022-05-04,92.43000030517578,95.76000213623047,92.0199966430664,95.58999633789062,410800.0
2022-05-05,93.87000274658203,94.5199966430664,90.37999725341797,91.19000244140625,309200.0
2022-05-06,90.9800033569336,91.58999633789062,89.31999969482422,90.41999816894531,271400.0
2022-05-09,89.36000061035156,94.25,89.36000061035156,93.19000244140625,557000.0
2022-05-10,93.7699966430664,94.45999908447266,88.8499984741211,90.69000244140625,462300.0
2022-05-11,90.91999816894531,92.80000305175781,89.37999725341797,89.5999984741211,358500.0
2022-05-12,89.37000274658203,91.47000122070312,87.30000305175781,88.70999908447266,415600.0
2022-05-13,89.76000213623047,91.0999984741211,89.41000366210938,89.79000091552734,258100.0
2022-05-16,88.81999969482422,89.87999725341797,86.83000183105469,89.11000061035156,271900.0
2022-05-17,90.87000274658203,93.9800033569336,90.75,93.93000030517578,437300.0
2022-05-18,92.83000183105469,93.47000122070312,88.87999725341797,89.30999755859375,386800.0
2022-05-19,88.18000030517578,90.26000213623047,87.47000122070312,89.47000122070312,339000.0
2022-05-20,90.1500015258789,91.1500015258789,88.52999877929688,91.11000061035156,716700.0
2022-05-23,92.7699966430664,92.7699966430664,89.36000061035156,89.58999633789062,314600.0
2022-05-24,89.38999938964844,89.38999938964844,86.62000274658203,88.54000091552734,280400.0
2022-05-25,87.66000366210938,90.69999694824219,87.66000366210938,89.80999755859375,253200.0
2022-05-26,87.36000061035156,89.02999877929688,87.31999969482422,87.91999816894531,487300.0
2022-05-27,88.41000366210938,89.94000244140625,87.9000015258789,88.0,440900.0
2022-05-31,87.5,89.9000015258789,85.29000091552734,89.61000061035156,600500.0
2022-06-01,89.91999816894531,91.30999755859375,85.2300033569336,85.44999694824219,494400.0
2022-06-02,85.52999877929688,88.95999908447266,85.52999877929688,88.88999938964844,439100.0
2022-06-03,87.51000213623047,88.18000030517578,85.80999755859375,86.01000213623047,346200.0
2022-06-06,86.87000274658203,89.62999725341797,86.0199966430664,88.94000244140625,1124200.0
2022-06-07,88.43000030517578,90.80000305175781,87.41000366210938,90.7699966430664,364500.0
2022-06-08,90.04000091552734,91.3499984741211,88.80000305175781,88.93000030517578,323300.0
2022-06-09,88.80999755859375,89.04000091552734,86.5199966430664,86.86000061035156,332700.0
2022-06-10,85.13999938964844,85.83000183105469,82.6500015258789,82.8499984741211,322900.0
2022-06-13,80.77999877929688,80.77999877929688,77.86000061035156,78.37000274658203,265900.0
2022-06-14,78.37000274658203,79.0999984741211,77.12999725341797,78.05999755859375,426300.0
2022-06-15,78.7300033569336,80.9000015258789,78.70999908447266,79.51000213623047,466100.0
2022-06-16,76.95999908447266,77.52999877929688,74.12999725341797,74.79000091552734,565200.0
2022-06-17,75.51000213623047,76.87000274658203,74.37999725341797,75.94999694824219,886400.0
2022-06-21,77.51000213623047,78.27999877929688,76.12999725341797,77.83000183105469,371600.0
2022-06-22,76.76000213623047,78.8499984741211,76.76000213623047,78.58999633789062,344000.0
2022-06-23,77.93000030517578,78.0,74.81999969482422,75.62000274658203,385900.0
2022-06-24,76.4000015258789,79.13999938964844,75.94999694824219,78.70999908447266,469700.0
2022-06-27,78.7300033569336,79.22000122070312,77.36000061035156,78.29000091552734,273300.0
2022-06-28,79.29000091552734,79.91000366210938,77.19999694824219,77.31999969482422,322200.0
2022-06-29,76.97000122070312,77.12999725341797,74.91000366210938,76.61000061035156,476600.0
2022-06-30,75.37999725341797,77.0199966430664,73.9000015258789,76.41000366210938,364500.0
2022-07-01,76.41000366210938,78.26000213623047,75.94000244140625,77.94000244140625,399400.0
2022-07-05,75.9800033569336,77.79000091552734,74.7300033569336,77.7699966430664,525000.0
2022-07-06,77.62999725341797,78.47000122070312,76.6500015258789,78.41999816894531,641700.0
2022-07-07,78.95999908447266,80.80999755859375,78.95999908447266,80.66999816894531,425400.0
2022-07-08,80.5,80.61000061035156,78.19000244140625,78.61000061035156,351500.0
2022-07-11,76.11000061035156,76.94000244140625,74.4000015258789,75.7699966430664,415200.0
2022-07-12,75.47000122070312,79.38999938964844,75.47000122070312,77.7699966430664,404200.0
2022-07-13,76.37000274658203,77.37999725341797,75.75,76.66999816894531,338600.0
2022-07-14,75.0999984741211,75.47000122070312,73.76000213623047,75.38999938964844,488100.0
2022-07-15,74.95999908447266,76.51000213623047,74.33999633789062,76.4800033569336,343300.0
2022-07-18,78.08999633789062,80.8499984741211,77.83000183105469,79.55000305175781,702700.0
2022-07-19,79.5199966430664,80.45999908447266,76.81999969482422,79.18000030517578,731900.0
2022-07-20,78.37000274658203,79.1500015258789,76.30999755859375,78.37000274658203,834700.0
2022-07-21,78.44999694824219,79.54000091552734,77.19000244140625,79.19000244140625,715200.0
2022-07-22,78.3499984741211,78.83999633789062,75.1500015258789,75.69999694824219,718200.0
2022-07-25,76.08999633789062,76.86000061035156,75.22000122070312,76.22000122070312,355100.0
2022-07-26,75.19000244140625,75.51000213623047,73.66000366210938,74.20999908447266,506900.0
2022-07-27,74.58999633789062,77.18000030517578,74.47000122070312,76.77999877929688,346100.0
2022-07-28,76.72000122070312,78.29000091552734,76.13999938964844,78.19999694824219,323000.0
2022-07-29,78.36000061035156,79.13999938964844,77.73999786376953,78.41000366210938,307300.0
2022-08-01,77.79000091552734,78.70999908447266,77.30999755859375,78.58999633789062,275900.0
2022-08-02,77.88999938964844,78.26000213623047,75.66000366210938,76.87999725341797,286400.0
2022-08-03,77.58000183105469,78.23999786376953,77.23999786376953,77.87000274658203,234900.0
2022-08-04,77.5,77.87000274658203,77.11000061035156,77.63999938964844,269700.0
2022-08-05,77.05000305175781,78.51000213623047,76.80000305175781,77.66000366210938,441400.0
2022-08-08,77.83000183105469,78.58999633789062,77.0999984741211,77.58000183105469,588800.0
2022-08-09,77.41000366210938,77.51000213623047,76.27999877929688,77.41999816894531,337500.0
2022-08-10,78.80999755859375,80.94000244140625,78.80999755859375,80.01000213623047,280500.0
2022-08-11,80.63999938964844,82.02999877929688,80.63999938964844,81.12000274658203,373900.0
2022-08-12,81.66999816894531,81.69000244140625,80.4800033569336,81.30000305175781,266600.0
2022-08-15,80.4800033569336,81.97000122070312,80.2300033569336,81.4800033569336,370800.0
2022-08-16,80.88999938964844,82.66000366210938,80.54000091552734,82.51000213623047,364000.0
2022-08-17,81.52999877929688,81.52999877929688,79.88999938964844,80.81999969482422,316500.0
2022-08-18,81.22000122070312,81.22000122070312,80.11000061035156,80.38999938964844,256900.0
2022-08-19,80.06999969482422,80.06999969482422,78.51000213623047,79.01000213623047,307000.0
2022-08-22,77.88999938964844,77.88999938964844,76.0199966430664,76.33999633789062,291400.0
2022-08-23,76.08999633789062,78.08999633789062,76.08999633789062,76.70999908447266,208900.0
2022-08-24,76.37000274658203,76.97000122070312,76.02999877929688,76.23999786376953,265900.0
2022-08-25,76.5,78.26000213623047,76.5,78.16000366210938,216100.0
2022-08-26,78.01000213623047,78.16999816894531,73.86000061035156,73.91000366210938,431500.0
2022-08-29,73.62999725341797,75.18000030517578,72.83000183105469,74.6500015258789,376200.0
2022-08-30,75.05000305175781,75.05000305175781,73.37000274658203,73.56999969482422,307300.0
2022-08-31,74.29000091552734,74.33000183105469,73.27999877929688,73.31999969482422,399300.0
2022-09-01,73.13999938964844,73.72000122070312,71.48999786376953,73.33999633789062,425000.0
2022-09-02,74.2699966430664,75.25,72.3499984741211,72.4000015258789,418200.0
2022-09-06,73.26000213623047,73.26000213623047,71.30999755859375,72.26000213623047,475100.0
2022-09-07,72.06999969482422,72.87999725341797,71.5,72.25,410400.0
2022-09-08,71.66999816894531,72.38999938964844,70.19999694824219,72.38999938964844,346700.0
2022-09-09,72.9800033569336,74.48999786376953,72.9800033569336,74.45999908447266,425900.0
2022-09-12,75.41000366210938,76.69000244140625,75.31999969482422,75.97000122070312,374000.0
2022-09-13,74.05000305175781,74.75,72.7300033569336,72.91999816894531,263000.0
2022-09-14,72.7300033569336,73.04000091552734,71.23999786376953,71.9800033569336,395300.0
2022-09-15,71.95999908447266,73.7300033569336,71.75,72.47000122070312,429700.0
2022-09-16,71.44000244140625,71.44000244140625,69.30999755859375,69.98999786376953,1214100.0
2022-09-19,69.5199966430664,71.97000122070312,69.5199966430664,71.55999755859375,400000.0
2022-09-20,70.66000366210938,70.94000244140625,68.83000183105469,69.4000015258789,284000.0
2022-09-21,69.56999969482422,70.9800033569336,68.81999969482422,68.83000183105469,304600.0
2022-09-22,68.5,68.5,67.45999908447266,67.45999908447266,322200.0
2022-09-23,66.19000244140625,66.66000366210938,64.63999938964844,65.33999633789062,574600.0
2022-09-26,65.33000183105469,66.63999938964844,65.0199966430664,65.72000122070312,346500.0
2022-09-27,66.5999984741211,67.02999877929688,64.19000244140625,65.0999984741211,369800.0
2022-09-28,65.19000244140625,66.58999633789062,65.0199966430664,65.97000122070312,722700.0
2022-09-29,65.29000091552734,65.4000015258789,64.0,64.58999633789062,745800.0
2022-09-30,64.70999908447266,66.19999694824219,64.41999816894531,64.69000244140625,783500.0
2022-10-03,65.87000274658203,68.3499984741211,65.13999938964844,67.5999984741211,889400.0
2022-10-04,68.83999633789062,70.68000030517578,68.83999633789062,70.08999633789062,703600.0
2022-10-05,68.87000274658203,69.83999633789062,68.27999877929688,69.54000091552734,475000.0
2022-10-06,68.87000274658203,69.54000091552734,68.01000213623047,68.88999938964844,294600.0
2022-10-07,68.0199966430664,68.0199966430664,66.56999969482422,67.0,336500.0
2022-10-10,67.13999938964844,67.73999786376953,66.37000274658203,67.47000122070312,313100.0
2022-10-11,67.3499984741211,68.30999755859375,66.83000183105469,67.4000015258789,315900.0
2022-10-12,67.3499984741211,68.91000366210938,67.0199966430664,67.81999969482422,389200.0
2022-10-13,66.68000030517578,72.11000061035156,65.38999938964844,71.45999908447266,545800.0
2022-10-14,71.94000244140625,72.18000030517578,70.52999877929688,71.08999633789062,468500.0
2022-10-17,72.66999816894531,73.51000213623047,71.41999816894531,72.87000274658203,518500.0
2022-10-18,74.41000366210938,75.43000030517578,73.43000030517578,74.30000305175781,431900.0
2022-10-19,73.30999755859375,73.94000244140625,71.5199966430664,72.2699966430664,428500.0
2022-10-20,75.75,76.91000366210938,74.16000366210938,75.94000244140625,534800.0
2022-10-21,74.20999908447266,76.44999694824219,72.61000061035156,76.04000091552734,884500.0
2022-10-24,75.86000061035156,77.0,74.4800033569336,74.91000366210938,530600.0
2022-10-25,74.45999908447266,76.63999938964844,74.3499984741211,76.54000091552734,272100.0
2022-10-26,76.56999969482422,77.22000122070312,75.27999877929688,75.87000274658203,374500.0
2022-10-27,76.54000091552734,77.61000061035156,75.80000305175781,76.01000213623047,260200.0
2022-10-28,76.58000183105469,79.12999725341797,76.44999694824219,78.5999984741211,350800.0
2022-10-31,77.69999694824219,79.41999816894531,77.2300033569336,78.33999633789062,475100.0
2022-11-01,79.02999877929688,80.87000274658203,78.58000183105469,80.31999969482422,741400.0
2022-11-02,79.69000244140625,80.66999816894531,77.9800033569336,78.30000305175781,347000.0
2022-11-03,77.3499984741211,78.83999633789062,76.38999938964844,77.47000122070312,282800.0
2022-11-04,78.5199966430664,79.54000091552734,77.55000305175781,78.6500015258789,175100.0
2022-11-07,78.81999969482422,79.31999969482422,78.05000305175781,78.9800033569336,200300.0
2022-11-08,79.44000244140625,80.6500015258789,78.2300033569336,79.23999786376953,224000.0
2022-11-09,78.2300033569336,78.97000122070312,77.9000015258789,78.38999938964844,186400.0
2022-11-10,80.87000274658203,83.31999969482422,80.4800033569336,83.31999969482422,318300.0
2022-11-11,83.94000244140625,85.22000122070312,83.08000183105469,84.9800033569336,309800.0
2022-11-14,84.05000305175781,85.05999755859375,83.56999969482422,83.69999694824219,221700.0
2022-11-15,84.87000274658203,85.91000366210938,83.66999816894531,84.33999633789062,171200.0
2022-11-16,83.69000244140625,84.70999908447266,83.69000244140625,84.33000183105469,422900.0
2022-11-17,82.94999694824219,83.66999816894531,81.77999877929688,83.61000061035156,387400.0
2022-11-18,84.95999908447266,85.62999725341797,84.02999877929688,85.62000274658203,301100.0
2022-11-21,85.4000015258789,87.16000366210938,85.19999694824219,86.97000122070312,430800.0
2022-11-22,87.36000061035156,88.87999725341797,87.16999816894531,88.80000305175781,405400.0
2022-11-23,88.08999633789062,89.20999908447266,87.62999725341797,88.22000122070312,313500.0
2022-11-25,88.41000366210938,88.94000244140625,88.0199966430664,88.2699966430664,107300.0
2022-11-28,87.72000122070312,88.19000244140625,86.51000213623047,86.68000030517578,248900.0
2022-11-29,86.56999969482422,87.69999694824219,86.56999969482422,87.41000366210938,558600.0
2022-11-30,85.93000030517578,87.55000305175781,84.19999694824219,87.5199966430664,379700.0
2022-12-01,88.30000305175781,89.5,87.62000274658203,88.0,332400.0
2022-12-02,87.26000213623047,88.19000244140625,86.44000244140625,87.94999694824219,568800.0
2022-12-05,87.20999908447266,87.86000061035156,86.33000183105469,87.5199966430664,384800.0
2022-12-06,87.44999694824219,87.7699966430664,85.86000061035156,86.86000061035156,331300.0
2022-12-07,86.5999984741211,87.5,86.26000213623047,86.61000061035156,383400.0
2022-12-08,87.0,87.44999694824219,86.12999725341797,86.48999786376953,236500.0
2022-12-09,85.87000274658203,86.47000122070312,85.37000274658203,85.38999938964844,109100.0
2022-12-12,85.37000274658203,86.29000091552734,84.61000061035156,86.1500015258789,223300.0
2022-12-13,88.61000061035156,88.72000122070312,86.26000213623047,86.97000122070312,303000.0
2022-12-14,86.83000183105469,88.29000091552734,85.61000061035156,86.69000244140625,380300.0
2022-12-15,85.61000061035156,85.81999969482422,83.38999938964844,83.75,403800.0
2022-12-16,82.88999938964844,83.54000091552734,82.5,83.19999694824219,790900.0
2022-12-19,83.76000213623047,84.31999969482422,80.5999984741211,81.33999633789062,458200.0
2022-12-20,81.31999969482422,82.01000213623047,80.41000366210938,81.88999938964844,459100.0
2022-12-21,82.87000274658203,83.51000213623047,82.76000213623047,82.93000030517578,285100.0
2022-12-22,82.0199966430664,82.4800033569336,81.23999786376953,82.2300033569336,263300.0
2022-12-23,82.04000091552734,83.97000122070312,81.83000183105469,83.77999877929688,146400.0
2022-12-27,83.72000122070312,84.48999786376953,83.30000305175781,83.6500015258789,133300.0
2022-12-28,83.69000244140625,84.04000091552734,81.73999786376953,81.73999786376953,183700.0
2022-12-29,82.30999755859375,83.97000122070312,82.30999755859375,83.47000122070312,114200.0
2022-12-30,82.55999755859375,83.33000183105469,82.12999725341797,83.20999908447266,258500.0
2023-01-03,84.30000305175781,84.6500015258789,83.27999877929688,84.23999786376953,335800.0
2023-01-04,85.19000244140625,85.76000213623047,84.6500015258789,85.4800033569336,187100.0
2023-01-05,84.86000061035156,86.68000030517578,83.7699966430664,86.55000305175781,332300.0
2023-01-06,87.69000244140625,90.11000061035156,86.97000122070312,89.25,285700.0
2023-01-09,89.41999816894531,89.9000015258789,87.22000122070312,87.26000213623047,420600.0
2023-01-10,86.63999938964844,87.4800033569336,85.37000274658203,86.31999969482422,410100.0
2023-01-11,86.83000183105469,87.69000244140625,86.3499984741211,86.3499984741211,176000.0
2023-01-12,86.47000122070312,87.44000244140625,85.93000030517578,86.91000366210938,224700.0
2023-01-13,86.29000091552734,87.88999938964844,85.77999877929688,87.4800033569336,209300.0
2023-01-17,87.0,87.81999969482422,86.05999755859375,86.0999984741211,264700.0
2023-01-18,86.45999908447266,87.58000183105469,86.01000213623047,86.37999725341797,379400.0
2023-01-19,85.93000030517578,87.18000030517578,85.4800033569336,86.69999694824219,257600.0
2023-01-20,87.20999908447266,88.81999969482422,86.58999633789062,88.72000122070312,313600.0
2023-01-23,88.66999816894531,89.83999633789062,88.16999816894531,88.44000244140625,262700.0
2023-01-24,87.98999786376953,88.83000183105469,87.75,88.52999877929688,211800.0
2023-01-25,87.75,88.83999633789062,87.29000091552734,88.61000061035156,210700.0
2023-01-26,87.29000091552734,88.30000305175781,87.0,88.26000213623047,199100.0
2023-01-27,86.80000305175781,88.4000015258789,86.2300033569336,87.19999694824219,369600.0
2023-01-30,86.5199966430664,87.5,86.5199966430664,86.9000015258789,371900.0
2023-01-31,88.33999633789062,89.25,84.9800033569336,87.16000366210938,486200.0
2023-02-01,87.56999969482422,89.6500015258789,86.02999877929688,88.9800033569336,402100.0
2023-02-02,89.3499984741211,91.18000030517578,89.33999633789062,90.97000122070312,347600.0
2023-02-03,90.5999984741211,91.93000030517578,90.13999938964844,90.81999969482422,350400.0
2023-02-06,89.94999694824219,90.36000061035156,88.33999633789062,89.80000305175781,344700.0
2023-02-07,89.02999877929688,91.55000305175781,89.02999877929688,91.5,398700.0
2023-02-08,90.98999786376953,92.43000030517578,89.44000244140625,89.62999725341797,291400.0
2023-02-09,90.22000122070312,90.98999786376953,88.58999633789062,88.80000305175781,492000.0
2023-02-10,88.83999633789062,89.27999877929688,88.30999755859375,88.66000366210938,288400.0
2023-02-13,88.61000061035156,89.44000244140625,88.33000183105469,89.1500015258789,246700.0
2023-02-14,88.75,89.0999984741211,87.76000213623047,88.12999725341797,239800.0
2023-02-15,87.5,88.48999786376953,87.25,88.44999694824219,218500.0
2023-02-16,86.4800033569336,87.86000061035156,85.76000213623047,87.5,370100.0
2023-02-17,87.43000030517578,88.47000122070312,87.12000274658203,88.19999694824219,160000.0
2023-02-21,87.3499984741211,87.54000091552734,85.87000274658203,85.98999786376953,149600.0
2023-02-22,85.8499984741211,86.52999877929688,85.47000122070312,85.77999877929688,211700.0
2023-02-23,86.4800033569336,87.04000091552734,84.62999725341797,85.30999755859375,287800.0
2023-02-24,84.36000061035156,84.36000061035156,83.0,84.16000366210938,217500.0
2023-02-27,85.37999725341797,85.55000305175781,84.48999786376953,84.6500015258789,248000.0
2023-02-28,84.30000305175781,85.61000061035156,84.1500015258789,84.87999725341797,381500.0
2023-03-01,84.7699966430664,86.27999877929688,84.6500015258789,85.3499984741211,260000.0
2023-03-02,84.87999725341797,85.0999984741211,84.08999633789062,84.55000305175781,205900.0
2023-03-03,85.0,85.97000122070312,84.37999725341797,85.62999725341797,247100.0
2023-03-06,85.9000015258789,86.44999694824219,84.30000305175781,84.5999984741211,379100.0
2023-03-07,84.5999984741211,85.29000091552734,83.9800033569336,84.30000305175781,306100.0
2023-03-08,84.43000030517578,85.1500015258789,83.63999938964844,83.97000122070312,193500.0
2023-03-09,84.2300033569336,84.69000244140625,82.48999786376953,82.5199966430664,327700.0
2023-03-10,82.38999938964844,82.58000183105469,80.2699966430664,80.88999938964844,359100.0
2023-03-13,79.75,80.16000366210938,78.4000015258789,79.0,375100.0
2023-03-14,81.0199966430664,82.56999969482422,80.4000015258789,81.04000091552734,591800.0
2023-03-15,79.27999877929688,79.7300033569336,77.86000061035156,78.75,376700.0
2023-03-16,77.9000015258789,80.91999816894531,77.5999984741211,80.06999969482422,359300.0
2023-03-17,79.95999908447266,79.95999908447266,78.13999938964844,78.75,735900.0
2023-03-20,79.55000305175781,80.81999969482422,78.86000061035156,79.80999755859375,400200.0
2023-03-21,81.18000030517578,81.5199966430664,80.30000305175781,81.05000305175781,265700.0
2023-03-22,81.2300033569336,81.2300033569336,77.3499984741211,77.41000366210938,347700.0
2023-03-23,77.5199966430664,79.7300033569336,77.38999938964844,77.91999816894531,399300.0
2023-03-24,77.08000183105469,78.41999816894531,76.62000274658203,78.04000091552734,287700.0
2023-03-27,79.12000274658203,79.43000030517578,78.3499984741211,78.9000015258789,190000.0
2023-03-28,78.55999755859375,79.72000122070312,78.16000366210938,79.36000061035156,160800.0
2023-03-29,80.19999694824219,81.43000030517578,80.19999694824219,81.20999908447266,313700.0
2023-03-30,82.13999938964844,82.43000030517578,81.0,81.20999908447266,193200.0
2023-03-31,81.83000183105469,82.54000091552734,81.52999877929688,82.52999877929688,242500.0
2023-04-03,82.44000244140625,82.62999725341797,81.3499984741211,81.6500015258789,298000.0
2023-04-04,81.91999816894531,81.91999816894531,79.79000091552734,80.20999908447266,289900.0
2023-04-05,79.75,79.91000366210938,78.44000244140625,78.95999908447266,440400.0
2023-04-06,79.06999969482422,79.06999969482422,77.94999694824219,78.05000305175781,383100.0
2023-04-10,77.55000305175781,78.69000244140625,77.55000305175781,78.62000274658203,302400.0
2023-04-11,78.80999755859375,79.5,78.63999938964844,78.88999938964844,197000.0
2023-04-12,79.38999938964844,79.56999969482422,78.0999984741211,78.23999786376953,236500.0
2023-04-13,78.45999908447266,80.45999908447266,77.66000366210938,80.33999633789062,287100.0
2023-04-14,80.33999633789062,80.98999786376953,79.19999694824219,80.01000213623047,226100.0
2023-04-17,80.30000305175781,80.62000274658203,79.47000122070312,80.56999969482422,210100.0
2023-04-18,80.94999694824219,81.41000366210938,79.36000061035156,79.54000091552734,270700.0
2023-04-19,78.94999694824219,79.98999786376953,78.93000030517578,79.5,316100.0
2023-04-20,73.01000213623047,76.13999938964844,72.36000061035156,73.80999755859375,895400.0
2023-04-21,73.8499984741211,74.63999938964844,72.93000030517578,74.58999633789062,373600.0
2023-04-24,74.56999969482422,74.80000305175781,74.04000091552734,74.48999786376953,258100.0
2023-04-25,73.62000274658203,75.19999694824219,73.43000030517578,74.9000015258789,585400.0
2023-04-26,74.48999786376953,75.37999725341797,73.80000305175781,74.79000091552734,471800.0
2023-04-27,74.72000122070312,75.61000061035156,74.18000030517578,74.33000183105469,456100.0
2023-04-28,74.37000274658203,76.01000213623047,74.37000274658203,75.70999908447266,403300.0
2023-05-01,75.5,76.44000244140625,75.37000274658203,75.77999877929688,231100.0
2023-05-02,75.33999633789062,75.68000030517578,74.05000305175781,74.75,296800.0
2023-05-03,74.93000030517578,76.13999938964844,72.7699966430664,73.05000305175781,646500.0
2023-05-04,72.44999694824219,72.47000122070312,69.58999633789062,69.5999984741211,1160500.0
2023-05-05,70.58999633789062,70.91000366210938,70.06999969482422,70.37999725341797,787200.0
2023-05-08,71.01000213623047,71.62000274658203,70.0199966430664,70.63999938964844,687800.0
2023-05-09,70.23999786376953,70.58999633789062,69.47000122070312,70.37000274658203,649200.0
2023-05-10,71.41999816894531,72.0199966430664,70.55000305175781,71.5999984741211,527100.0
2023-05-11,70.62999725341797,71.52999877929688,70.20999908447266,70.93000030517578,277500.0
2023-05-12,71.19000244140625,71.5,70.73999786376953,71.0,227700.0
2023-05-15,71.25,71.87000274658203,70.87999725341797,71.38999938964844,289300.0
2023-05-16,71.30999755859375,71.36000061035156,70.37999725341797,70.61000061035156,236200.0
2023-05-17,71.0199966430664,73.0,70.55000305175781,72.7300033569336,332700.0
2023-05-18,72.29000091552734,74.01000213623047,72.16000366210938,73.81999969482422,361000.0
2023-05-19,74.51000213623047,74.51000213623047,72.68000030517578,72.93000030517578,263300.0
2023-05-22,73.0199966430664,74.38999938964844,72.51000213623047,74.05999755859375,224700.0
2023-05-23,73.9000015258789,75.05999755859375,73.5,74.69000244140625,316600.0
2023-05-24,74.54000091552734,74.54000091552734,73.0999984741211,73.77999877929688,247900.0
2023-05-25,73.26000213623047,73.47000122070312,71.77999877929688,71.97000122070312,300800.0
2023-05-26,72.2300033569336,73.55999755859375,72.18000030517578,72.3499984741211,391300.0
2023-05-30,72.55000305175781,72.62000274658203,71.3499984741211,72.0199966430664,462400.0
2023-05-31,69.62999725341797,70.75,68.86000061035156,70.16999816894531,369600.0
2023-06-01,70.0,72.36000061035156,70.0,72.06999969482422,349600.0
2023-06-02,72.97000122070312,75.20999908447266,72.9000015258789,74.9000015258789,312400.0
2023-06-05,74.16999816894531,74.33000183105469,72.63999938964844,73.25,170600.0
2023-06-06,73.29000091552734,75.79000091552734,73.29000091552734,75.43000030517578,241300.0
2023-06-07,75.68000030517578,77.26000213623047,75.45999908447266,77.18000030517578,339800.0
2023-06-08,76.8499984741211,77.31999969482422,75.87000274658203,76.62000274658203,198800.0
2023-06-09,76.56999969482422,76.8499984741211,75.66000366210938,76.47000122070312,269400.0
2023-06-12,76.44000244140625,77.19000244140625,76.25,76.58999633789062,259900.0
2023-06-13,76.98999786376953,77.54000091552734,76.5999984741211,77.1500015258789,240300.0
2023-06-14,76.3499984741211,77.7699966430664,74.5999984741211,75.26000213623047,532700.0
2023-06-15,75.01000213623047,76.41000366210938,74.88999938964844,76.33999633789062,326700.0
2023-06-16,76.80999755859375,76.88999938964844,75.81999969482422,76.55999755859375,496000.0
2023-06-20,77.37999725341797,77.37999725341797,75.58000183105469,76.91999816894531,365400.0
2023-06-21,76.69999694824219,78.43000030517578,76.4000015258789,77.70999908447266,489300.0
2023-06-22,77.5199966430664,78.63999938964844,77.05000305175781,78.2699966430664,400000.0
2023-06-23,77.61000061035156,78.4800033569336,76.3499984741211,76.58999633789062,732900.0
2023-06-26,76.44999694824219,78.31999969482422,76.44999694824219,78.2699966430664,259300.0
2023-06-27,78.3499984741211,79.83999633789062,77.83000183105469,79.41999816894531,501100.0
2023-06-28,79.05000305175781,79.54000091552734,78.38999938964844,79.20999908447266,325000.0
2023-06-29,79.27999877929688,80.73999786376953,78.81999969482422,79.83000183105469,199800.0
2023-06-30,80.31999969482422,80.63999938964844,79.37999725341797,79.4000015258789,433600.0
2023-07-03,79.08000183105469,80.58999633789062,79.08000183105469,79.7300033569336,219200.0
2023-07-05,79.70999908447266,80.19000244140625,78.38999938964844,79.41999816894531,449500.0
2023-07-06,78.44999694824219,78.87000274658203,77.62999725341797,78.27999877929688,374000.0
2023-07-07,78.62000274658203,80.33000183105469,78.62000274658203,79.36000061035156,452800.0
2023-07-10,79.05000305175781,80.61000061035156,79.05000305175781,79.62999725341797,304600.0
2023-07-11,80.12999725341797,81.51000213623047,79.58999633789062,81.44999694824219,365600.0
2023-07-12,82.68000030517578,83.33999633789062,82.41999816894531,82.88999938964844,365400.0
2023-07-13,83.2300033569336,83.91000366210938,81.88999938964844,83.68000030517578,331200.0
2023-07-14,83.33999633789062,84.2300033569336,82.6500015258789,84.05000305175781,334900.0
2023-07-17,83.7300033569336,85.62000274658203,83.7300033569336,85.27999877929688,288500.0
2023-07-18,85.3499984741211,87.47000122070312,85.30000305175781,87.2699966430664,320200.0
2023-07-19,87.37000274658203,88.91000366210938,87.19000244140625,88.8499984741211,553800.0
2023-07-20,85.69999694824219,86.02999877929688,81.29000091552734,82.3499984741211,1472400.0
2023-07-21,82.41999816894531,82.5199966430664,77.62999725341797,77.88999938964844,962000.0
2023-07-24,77.29000091552734,80.2699966430664,77.29000091552734,80.22000122070312,535300.0
2023-07-25,79.83999633789062,82.0,79.44999694824219,81.0199966430664,428700.0
2023-07-26,79.94000244140625,82.37999725341797,79.43000030517578,81.19000244140625,514200.0
2023-07-27,81.79000091552734,81.79000091552734,79.20999908447266,79.48999786376953,378600.0
2023-07-28,80.37000274658203,81.08999633789062,79.44999694824219,79.68000030517578,201900.0
2023-07-31,79.68000030517578,80.1500015258789,78.4800033569336,78.87999725341797,245000.0
2023-08-01,78.62000274658203,79.0999984741211,76.87999725341797,78.44000244140625,361900.0
2023-08-02,77.61000061035156,77.91000366210938,76.9000015258789,77.5199966430664,260900.0
2023-08-03,77.4000015258789,78.86000061035156,76.8499984741211,78.75,572900.0
2023-08-04,78.73999786376953,79.08999633789062,76.94000244140625,77.08999633789062,275900.0
2023-08-07,78.87999725341797,80.31999969482422,78.18000030517578,79.05999755859375,334800.0
2023-08-08,78.0,78.0,76.87999725341797,77.9000015258789,330900.0
2023-08-09,77.7300033569336,78.08000183105469,76.95999908447266,77.2699966430664,198300.0
2023-08-10,77.51000213623047,78.2699966430664,76.41999816894531,76.91000366210938,254600.0
2023-08-11,76.5999984741211,76.80000305175781,75.95999908447266,76.52999877929688,291100.0
2023-08-14,76.20999908447266,76.66999816894531,76.0,76.55000305175781,211300.0
2023-08-15,75.86000061035156,76.68000030517578,75.62000274658203,76.41999816894531,261100.0
2023-08-16,76.30000305175781,78.26000213623047,76.30000305175781,77.06999969482422,254600.0
2023-08-17,77.22000122070312,77.9800033569336,77.13999938964844,77.31999969482422,275800.0
2023-08-18,77.11000061035156,78.06999969482422,76.69999694824219,77.12999725341797,366500.0
2023-08-21,77.0,77.48999786376953,76.75,76.9000015258789,291900.0
2023-08-22,77.4000015258789,78.38999938964844,76.69000244140625,76.69000244140625,303600.0
2023-08-23,76.9800033569336,77.22000122070312,76.30000305175781,77.11000061035156,543100.0
2023-08-24,77.06999969482422,78.01000213623047,77.06999969482422,77.52999877929688,287100.0
2023-08-25,77.83999633789062,78.62000274658203,77.23999786376953,77.93000030517578,269900.0
2023-08-28,78.0,78.73999786376953,77.51000213623047,78.05000305175781,244700.0
2023-08-29,78.38999938964844,78.91000366210938,78.12000274658203,78.61000061035156,179200.0
2023-08-30,78.3499984741211,80.56999969482422,78.3499984741211,79.91999816894531,302200.0
2023-08-31,79.77999877929688,79.93000030517578,78.72000122070312,78.87000274658203,205600.0
2023-09-01,79.66000366210938,80.13999938964844,79.20999908447266,79.37999725341797,210800.0
2023-09-05,78.62000274658203,79.05000305175781,77.1500015258789,77.4000015258789,365400.0
2023-09-06,77.4000015258789,77.4000015258789,75.12000274658203,75.44999694824219,331100.0
2023-09-07,74.95999908447266,75.51000213623047,73.6500015258789,74.0999984741211,620400.0
2023-09-08,74.30000305175781,74.66000366210938,73.73999786376953,73.87000274658203,315100.0
2023-09-11,74.0,74.0,72.83000183105469,73.70999908447266,326800.0
2023-09-12,73.66000366210938,74.47000122070312,73.06999969482422,74.26000213623047,387600.0
2023-09-13,74.5199966430664,74.5199966430664,73.44999694824219,73.83999633789062,329200.0
2023-09-14,74.3499984741211,75.02999877929688,73.93000030517578,74.19999694824219,531500.0
2023-09-15,74.0999984741211,75.12999725341797,73.27999877929688,75.0199966430664,1548500.0
2023-09-18,75.0,75.13999938964844,74.26000213623047,74.4000015258789,370100.0
2023-09-19,74.43000030517578,74.83000183105469,74.2300033569336,74.5,371900.0
2023-09-20,74.6500015258789,75.91999816894531,74.19999694824219,74.30999755859375,401700.0
2023-09-21,74.0199966430664,74.37000274658203,73.54000091552734,74.19000244140625,244500.0
2023-09-22,74.2699966430664,74.76000213623047,73.33000183105469,73.36000061035156,255600.0
2023-09-25,73.1500015258789,73.83000183105469,73.1500015258789,73.58999633789062,292300.0
2023-09-26,73.25,73.6500015258789,71.63999938964844,71.81999969482422,255800.0
2023-09-27,72.33000183105469,72.88999938964844,72.0,72.87000274658203,352600.0
2023-09-28,73.02999877929688,73.58999633789062,72.80999755859375,73.08999633789062,264900.0
2023-09-29,73.61000061035156,73.95999908447266,72.9000015258789,73.31999969482422,279400.0
2023-10-02,73.13999938964844,73.2699966430664,71.7300033569336,72.36000061035156,247300.0
2023-10-03,72.5,72.73999786376953,71.97000122070312,72.63999938964844,333600.0
2023-10-04,72.56999969482422,73.05999755859375,71.87999725341797,72.93000030517578,253500.0
2023-10-05,72.58999633789062,73.23999786376953,72.47000122070312,73.0199966430664,216700.0
2023-10-06,72.54000091552734,73.69999694824219,72.0199966430664,73.06999969482422,211500.0
2023-10-09,72.66000366210938,73.95999908447266,72.36000061035156,73.63999938964844,177500.0
2023-10-10,73.47000122070312,74.30000305175781,73.22000122070312,73.63999938964844,254000.0
2023-10-11,73.91999816894531,74.69000244140625,73.45999908447266,73.51000213623047,366600.0
2023-10-12,73.37000274658203,73.37000274658203,71.83999633789062,72.33999633789062,223900.0
2023-10-13,72.41999816894531,72.9000015258789,71.18000030517578,71.5199966430664,301800.0
2023-10-16,72.0999984741211,72.66999816894531,71.69999694824219,72.41000366210938,249700.0
2023-10-17,72.08999633789062,73.70999908447266,72.08999633789062,73.29000091552734,361300.0
2023-10-18,72.48999786376953,72.48999786376953,71.06999969482422,71.20999908447266,348600.0
2023-10-19,69.0,69.80999755859375,67.3499984741211,69.5,870700.0
2023-10-20,69.44000244140625,70.80000305175781,69.22000122070312,70.04000091552734,656900.0
2023-10-23,69.61000061035156,71.19999694824219,69.08999633789062,69.48999786376953,626800.0
2023-10-24,69.66999816894531,70.02999877929688,68.38999938964844,69.0999984741211,386700.0
2023-10-25,68.05000305175781,68.98999786376953,68.05000305175781,68.43000030517578,375900.0
2023-10-26,68.69999694824219,70.12000274658203,68.69999694824219,69.54000091552734,560300.0
2023-10-27,69.63999938964844,70.18000030517578,69.04000091552734,69.27999877929688,323100.0
2023-10-30,69.94999694824219,70.43000030517578,69.22000122070312,69.52999877929688,208000.0
2023-10-31,69.75,70.4000015258789,69.31999969482422,69.97000122070312,228700.0
2023-11-01,69.75,70.12000274658203,68.87000274658203,69.5999984741211,209300.0
2023-11-02,70.23999786376953,72.44000244140625,70.23999786376953,72.41999816894531,242900.0
2023-11-03,73.43000030517578,74.0,73.0199966430664,73.23999786376953,181500.0
2023-11-06,73.25,73.56999969482422,72.69999694824219,73.55999755859375,173600.0
2023-11-07,73.04000091552734,73.43000030517578,72.55000305175781,72.56999969482422,286100.0
2023-11-08,72.52999877929688,73.19000244140625,72.18000030517578,72.44999694824219,317100.0
2023-11-09,72.97000122070312,73.5199966430664,72.48999786376953,73.0,209900.0
2023-11-10,73.05000305175781,73.83999633789062,72.5199966430664,73.83999633789062,196400.0
2023-11-13,73.86000061035156,74.16999816894531,71.72000122070312,71.73999786376953,283900.0
2023-11-14,73.29000091552734,74.91999816894531,73.29000091552734,74.13999938964844,277500.0
2023-11-15,74.30000305175781,75.80000305175781,74.04000091552734,75.25,210000.0
2023-11-16,75.19999694824219,75.48999786376953,73.94000244140625,74.79000091552734,183700.0
2023-11-17,75.56999969482422,75.62999725341797,74.62000274658203,75.31999969482422,224700.0
2023-11-20,75.13999938964844,76.3499984741211,74.77999877929688,76.30999755859375,166100.0
2023-11-21,75.9000015258789,76.06999969482422,75.02999877929688,75.31999969482422,204300.0
2023-11-22,75.91999816894531,76.51000213623047,74.83000183105469,76.08999633789062,173800.0
2023-11-24,76.20999908447266,76.4000015258789,75.79000091552734,76.2699966430664,120700.0
2023-11-27,75.79000091552734,76.0,75.55999755859375,75.81999969482422,172400.0
2023-11-28,75.86000061035156,75.86000061035156,74.41000366210938,74.79000091552734,225400.0
2023-11-29,75.48999786376953,76.05000305175781,74.87000274658203,75.0999984741211,333600.0
2023-11-30,74.0,74.63999938964844,73.47000122070312,74.20999908447266,445300.0
2023-12-01,73.98999786376953,75.91000366210938,73.98999786376953,75.87000274658203,273400.0
2023-12-04,75.5,77.41999816894531,75.33000183105469,77.26000213623047,277000.0
2023-12-05,76.8499984741211,77.12999725341797,75.4000015258789,75.77999877929688,184500.0
2023-12-06,76.29000091552734,76.61000061035156,75.30999755859375,75.5199966430664,188700.0
2023-12-07,75.55000305175781,76.48999786376953,75.26000213623047,76.05000305175781,266200.0
2023-12-08,76.2300033569336,76.61000061035156,75.79000091552734,76.19999694824219,175500.0
2023-12-11,76.05000305175781,77.08000183105469,76.05000305175781,76.4800033569336,231600.0
2023-12-12,76.5,76.5,75.58999633789062,75.66999816894531,203200.0
2023-12-13,75.36000061035156,76.27999877929688,73.88999938964844,76.08999633789062,495000.0
2023-12-14,77.16000366210938,80.01000213623047,77.02999877929688,79.62000274658203,430100.0
2023-12-15,79.75,79.98999786376953,78.83000183105469,79.2300033569336,589600.0
2023-12-18,79.83000183105469,79.91000366210938,78.66000366210938,78.9800033569336,172000.0
2023-12-19,79.44999694824219,79.63999938964844,78.70999908447266,79.58000183105469,238900.0
2023-12-20,79.37999725341797,80.12000274658203,77.94000244140625,78.04000091552734,209100.0
2023-12-21,78.44000244140625,78.8499984741211,77.95999908447266,78.77999877929688,193400.0
2023-12-22,79.2300033569336,79.91000366210938,79.2300033569336,79.2699966430664,167100.0
2023-12-26,79.5,79.58000183105469,78.79000091552734,79.38999938964844,146000.0
2023-12-27,79.6500015258789,80.19000244140625,79.37999725341797,79.69999694824219,213200.0
2023-12-28,79.5,80.25,79.5,79.73999786376953,166900.0
2023-12-29,79.69999694824219,80.0999984741211,79.22000122070312,79.47000122070312,305600.0
2024-01-02,79.23999786376953,80.02999877929688,78.70999908447266,79.12000274658203,193600.0
2024-01-03,78.55000305175781,78.55000305175781,77.18000030517578,77.27999877929688,198700.0
2024-01-04,76.88999938964844,77.87999725341797,76.7699966430664,77.68000030517578,279800.0
2024-01-05,76.19000244140625,77.22000122070312,75.44999694824219,76.66999816894531,567600.0
2024-01-08,76.36000061035156,77.97000122070312,76.36000061035156,77.8499984741211,239900.0
2024-01-09,76.73999786376953,76.81999969482422,75.77999877929688,76.23999786376953,400800.0
2024-01-10,75.69000244140625,76.69000244140625,75.37000274658203,76.4000015258789,291100.0
2024-01-11,76.33000183105469,76.7699966430664,75.44999694824219,76.33999633789062,259500.0
2024-01-12,77.19999694824219,77.4000015258789,76.38999938964844,76.91000366210938,210000.0
2024-01-16,76.31999969482422,76.5999984741211,75.80999755859375,76.54000091552734,194000.0
2024-01-17,75.91999816894531,76.54000091552734,75.30000305175781,75.87999725341797,278700.0
2024-01-18,76.2699966430664,76.55000305175781,75.76000213623047,76.08999633789062,333600.0
2024-01-19,76.27999877929688,76.56999969482422,75.45999908447266,76.05000305175781,292700.0
2024-01-22,76.1500015258789,76.62999725341797,75.48999786376953,76.1500015258789,771800.0
2024-01-23,76.83000183105469,77.23999786376953,75.91999816894531,76.0,543600.0
2024-01-24,76.62999725341797,76.62999725341797,75.52999877929688,75.9000015258789,550700.0
2024-01-25,76.05999755859375,76.68000030517578,75.31999969482422,75.48999786376953,644500.0
2024-01-26,76.04000091552734,76.91000366210938,75.75,76.9000015258789,358900.0
2024-01-29,76.66999816894531,76.7300033569336,75.80000305175781,76.5,440800.0
2024-01-30,70.83000183105469,77.94999694824219,70.83000183105469,77.05999755859375,532900.0
2024-01-31,76.52999877929688,76.94000244140625,72.5199966430664,74.13999938964844,856700.0
2024-02-01,74.47000122070312,74.47000122070312,72.22000122070312,74.13999938964844,511100.0
2024-02-02,73.55999755859375,74.38999938964844,73.36000061035156,74.0199966430664,320900.0
2024-02-05,73.45999908447266,73.45999908447266,72.38999938964844,73.05999755859375,280800.0
2024-02-06,73.11000061035156,73.86000061035156,73.0,73.7300033569336,238400.0
2024-02-07,73.79000091552734,73.9800033569336,72.33000183105469,72.38999938964844,329200.0
2024-02-08,72.38999938964844,72.98999786376953,71.75,72.93000030517578,242000.0
2024-02-09,72.95999908447266,73.0199966430664,71.88999938964844,72.93000030517578,215500.0
2024-02-12,73.13999938964844,74.30999755859375,72.95999908447266,73.98999786376953,217000.0
2024-02-13,72.5999984741211,72.5999984741211,70.19000244140625,70.55000305175781,282000.0
2024-02-14,71.01000213623047,71.12000274658203,69.94999694824219,70.51000213623047,656600.0
2024-02-15,70.70999908447266,72.38999938964844,70.70999908447266,72.11000061035156,249800.0
2024-02-16,71.87999725341797,72.0,70.33000183105469,70.3499984741211,350300.0
2024-02-20,69.79000091552734,71.69000244140625,69.79000091552734,71.4000015258789,354800.0
2024-02-21,71.08999633789062,71.72000122070312,70.77999877929688,71.70999908447266,349300.0
2024-02-22,71.83000183105469,72.08000183105469,71.05999755859375,71.73999786376953,357700.0
2024-02-23,71.73999786376953,72.66000366210938,71.29000091552734,72.3499984741211,408600.0
2024-02-26,72.11000061035156,72.55999755859375,71.97000122070312,72.3499984741211,365900.0
2024-02-27,72.5,73.0199966430664,72.05999755859375,72.75,515600.0
2024-02-28,72.33999633789062,73.6500015258789,72.33999633789062,72.83999633789062,489700.0
2024-02-29,73.37000274658203,73.63999938964844,71.68000030517578,72.16000366210938,811400.0
2024-03-01,72.47000122070312,73.55000305175781,72.18000030517578,73.30999755859375,468600.0
2024-03-04,73.4000015258789,74.29000091552734,73.22000122070312,73.7699966430664,378600.0
2024-03-05,73.45999908447266,74.23999786376953,72.36000061035156,72.48999786376953,298000.0
2024-03-06,73.02999877929688,73.62000274658203,72.38999938964844,73.58999633789062,359800.0
2024-03-07,73.9000015258789,75.05999755859375,73.77999877929688,75.04000091552734,271700.0
2024-03-08,75.5999984741211,75.94000244140625,75.0199966430664,75.02999877929688,216500.0
2024-03-11,75.01000213623047,75.3499984741211,73.83000183105469,74.0,351000.0
2024-03-12,73.76000213623047,75.02999877929688,73.61000061035156,74.27999877929688,286000.0
2024-03-13,74.27999877929688,75.20999908447266,74.22000122070312,74.41999816894531,293700.0
2024-03-14,74.0,74.45999908447266,72.05000305175781,72.31999969482422,392700.0
2024-03-15,71.95999908447266,73.51000213623047,71.95999908447266,72.80999755859375,971500.0
2024-03-18,72.83999633789062,73.66000366210938,72.58000183105469,73.62999725341797,515100.0
2024-03-19,73.36000061035156,74.18000030517578,72.80999755859375,72.83999633789062,429700.0
2024-03-20,72.62000274658203,74.70999908447266,72.54000091552734,74.68000030517578,398500.0
2024-03-21,75.0,75.44000244140625,74.9000015258789,75.12999725341797,238400.0
2024-03-22,75.4000015258789,75.4000015258789,73.95999908447266,74.02999877929688,200600.0
2024-03-25,74.02999877929688,74.55999755859375,73.75,74.26000213623047,167400.0
2024-03-26,74.44999694824219,75.02999877929688,73.93000030517578,74.83000183105469,378100.0
2024-03-27,75.33000183105469,76.4000015258789,75.0199966430664,76.37000274658203,275000.0
2024-03-28,76.56999969482422,77.87999725341797,76.3499984741211,77.63999938964844,497800.0
2024-04-01,77.66999816894531,77.66999816894531,75.48999786376953,75.51000213623047,330200.0
2024-04-02,74.87000274658203,75.38999938964844,74.11000061035156,74.18000030517578,376900.0
2024-04-03,72.80999755859375,74.0199966430664,72.26000213623047,73.94000244140625,533600.0
2024-04-04,74.58000183105469,75.45999908447266,73.54000091552734,73.62000274658203,255200.0
2024-04-05,73.41999816894531,74.43000030517578,73.19999694824219,74.2300033569336,307500.0
2024-04-08,74.66999816894531,75.68000030517578,74.66999816894531,75.38999938964844,302300.0
2024-04-09,75.87999725341797,76.83000183105469,75.87999725341797,76.11000061035156,443200.0
2024-04-10,74.73999786376953,74.73999786376953,72.51000213623047,72.86000061035156,302700.0
2024-04-11,73.16999816894531,73.45999908447266,72.22000122070312,72.38999938964844,290800.0
2024-04-12,71.63999938964844,72.11000061035156,71.06999969482422,71.12999725341797,349800.0
2024-04-15,71.5,71.94999694824219,70.38999938964844,70.55999755859375,326300.0
2024-04-16,69.97000122070312,70.25,69.26000213623047,69.97000122070312,421400.0
2024-04-17,70.48999786376953,71.43000030517578,69.94999694824219,70.06999969482422,659400.0
2024-04-18,75.91999816894531,75.91999816894531,72.97000122070312,74.02999877929688,1350800.0
2024-04-19,74.12000274658203,74.95999908447266,73.58999633789062,74.83999633789062,534300.0
2024-04-22,75.48999786376953,76.4000015258789,74.70999908447266,75.6500015258789,414700.0
2024-04-23,75.55999755859375,76.7699966430664,75.41000366210938,76.44000244140625,331200.0
2024-04-24,76.27999877929688,77.13999938964844,73.16999816894531,77.0999984741211,422900.0
2024-04-25,76.52999877929688,76.52999877929688,75.55000305175781,76.19000244140625,244100.0
2024-04-26,76.0199966430664,76.55000305175781,75.61000061035156,75.8499984741211,298100.0
2024-04-29,75.8499984741211,76.97000122070312,75.8499984741211,76.16000366210938,335200.0
2024-04-30,75.7300033569336,76.2300033569336,75.33000183105469,75.44999694824219,300000.0
2024-05-01,75.62999725341797,76.12999725341797,74.4800033569336,75.16999816894531,393500.0
2024-05-02,75.45999908447266,76.2699966430664,75.05000305175781,76.16999816894531,217600.0
2024-05-03,76.91000366210938,76.9800033569336,74.97000122070312,75.55999755859375,319400.0
2024-05-06,76.5,77.47000122070312,76.18000030517578,76.94999694824219,264400.0
2024-05-07,77.41000366210938,77.98999786376953,77.01000213623047,77.04000091552734,254700.0
2024-05-08,76.4800033569336,76.93000030517578,76.30000305175781,76.91999816894531,193400.0
2024-05-09,76.83999633789062,76.83999633789062,75.54000091552734,76.25,329800.0
2024-05-10,76.29000091552734,77.04000091552734,75.61000061035156,76.69999694824219,328200.0
2024-05-13,77.23999786376953,77.88999938964844,76.95999908447266,77.88999938964844,282200.0
2024-05-14,78.2699966430664,78.87000274658203,78.16999816894531,78.4000015258789,380900.0
2024-05-15,78.77999877929688,78.80000305175781,77.41999816894531,77.76000213623047,335400.0
2024-05-16,77.38999938964844,77.63999938964844,76.52999877929688,77.19000244140625,343400.0
2024-05-17,77.16000366210938,77.16000366210938,76.26000213623047,76.86000061035156,369400.0
2024-05-20,76.86000061035156,76.86000061035156,75.87000274658203,75.94999694824219,363200.0
2024-05-21,75.66999816894531,75.87999725341797,73.62000274658203,74.25,382900.0
2024-05-22,74.12000274658203,74.73999786376953,73.76000213623047,74.0999984741211,412300.0
2024-05-23,74.91000366210938,75.26000213623047,74.51000213623047,74.6500015258789,446300.0
2024-05-24,75.19000244140625,75.19000244140625,74.26000213623047,74.66000366210938,307900.0
2024-05-28,74.86000061035156,75.16999816894531,74.16000366210938,74.3499984741211,434500.0
2024-05-29,73.58999633789062,73.83000183105469,72.22000122070312,72.30000305175781,318300.0
2024-05-30,72.51000213623047,73.23999786376953,72.18000030517578,73.22000122070312,287300.0
2024-05-31,73.54000091552734,74.77999877929688,73.5199966430664,74.62000274658203,507800.0
2024-06-03,74.62000274658203,74.62000274658203,73.08000183105469,73.70999908447266,452900.0
2024-06-04,73.12000274658203,73.75,72.62000274658203,72.8499984741211,418900.0
2024-06-05,72.8499984741211,72.8499984741211,71.7699966430664,72.37999725341797,255200.0
2024-06-06,72.16000366210938,72.36000061035156,71.81999969482422,72.0,450500.0
2024-06-07,71.43000030517578,71.86000061035156,71.0,71.56999969482422,242800.0
2024-06-10,70.7699966430664,71.37999725341797,70.27999877929688,70.37000274658203,424700.0
2024-06-11,71.43000030517578,71.63999938964844,70.37000274658203,70.86000061035156,603800.0
2024-06-12,71.81999969482422,73.7300033569336,71.81999969482422,73.4800033569336,435700.0
2024-06-13,73.69000244140625,73.80000305175781,73.0,73.5,352900.0
2024-06-14,72.70999908447266,72.72000122070312,71.27999877929688,71.94000244140625,385100.0
2024-06-17,71.75,72.38999938964844,71.0,71.70999908447266,445600.0
2024-06-18,71.83999633789062,72.16999816894531,71.2699966430664,71.80000305175781,331600.0
2024-06-20,71.44000244140625,72.5999984741211,71.3499984741211,71.98999786376953,321800.0
2024-06-21,72.23999786376953,72.4000015258789,71.66000366210938,72.4000015258789,847800.0
2024-06-24,72.41999816894531,74.30000305175781,72.3499984741211,72.88999938964844,417100.0
2024-06-25,72.56999969482422,72.68000030517578,71.30000305175781,71.72000122070312,381400.0
2024-06-26,71.0,71.0,69.30999755859375,69.62999725341797,562900.0
2024-06-27,69.87000274658203,70.25,69.06999969482422,69.56999969482422,503300.0
2024-06-28,70.0,70.12000274658203,69.05000305175781,69.80000305175781,636200.0
2024-07-01,69.81999969482422,70.06999969482422,68.6500015258789,69.44000244140625,407600.0
2024-07-02,69.25,69.72000122070312,69.0,69.20999908447266,359900.0
2024-07-03,69.30999755859375,69.93000030517578,69.11000061035156,69.70999908447266,325400.0
2024-07-05,69.36000061035156,69.63999938964844,68.18000030517578,68.66999816894531,648400.0
2024-07-08,69.27999877929688,70.83000183105469,69.27999877929688,70.54000091552734,426100.0
2024-07-09,70.2300033569336,70.2300033569336,66.02999877929688,66.26000213623047,740800.0
2024-07-10,66.5,67.4000015258789,66.38999938964844,66.88999938964844,433100.0
2024-07-11,67.9800033569336,69.19000244140625,67.86000061035156,68.88999938964844,408700.0
2024-07-12,69.66000366210938,70.23999786376953,69.06999969482422,69.5999984741211,393900.0
2024-07-15,69.5999984741211,71.0999984741211,69.5999984741211,70.2300033569336,536700.0
2024-07-16,70.51000213623047,72.87000274658203,70.51000213623047,72.70999908447266,576100.0
2024-07-17,72.61000061035156,74.27999877929688,71.77999877929688,74.19000244140625,842100.0
2024-07-18,72.16000366210938,78.22000122070312,72.16000366210938,73.33999633789062,821300.0
2024-07-19,73.31999969482422,73.5,70.79000091552734,71.44000244140625,644300.0
2024-07-22,71.69999694824219,72.81999969482422,70.80999755859375,72.5199966430664,451300.0
2024-07-23,72.12000274658203,72.91000366210938,71.63999938964844,71.9000015258789,496600.0
2024-07-24,71.87999725341797,73.31999969482422,71.51000213623047,72.66999816894531,546000.0
2024-07-25,72.66000366210938,74.72000122070312,72.23999786376953,74.08999633789062,551200.0
2024-07-26,74.8499984741211,75.43000030517578,74.0,74.80999755859375,324700.0
2024-07-29,74.81999969482422,75.80999755859375,74.5999984741211,75.36000061035156,331200.0
2024-07-30,75.80999755859375,77.55999755859375,75.12999725341797,77.12999725341797,453100.0
2024-07-31,77.33000183105469,77.8499984741211,76.55999755859375,76.58000183105469,343200.0
2024-08-01,76.69000244140625,76.87999725341797,73.06999969482422,74.33999633789062,491800.0
2024-08-02,72.91000366210938,73.11000061035156,71.9800033569336,72.83000183105469,365200.0
2024-08-05,71.23999786376953,71.44999694824219,69.31999969482422,69.97000122070312,358200.0
2024-08-06,69.87000274658203,71.91999816894531,69.76000213623047,71.1500015258789,425900.0
2024-08-07,71.9000015258789,72.38999938964844,69.2300033569336,69.27999877929688,305400.0
2024-08-08,69.69999694824219,71.44999694824219,69.69999694824219,71.13999938964844,293700.0
2024-08-09,71.04000091552734,71.08000183105469,69.73999786376953,70.11000061035156,248100.0
2024-08-12,70.18000030517578,70.4800033569336,68.75,69.29000091552734,318700.0
2024-08-13,69.7699966430664,71.51000213623047,69.62999725341797,71.0199966430664,205800.0
2024-08-14,71.5,72.43000030517578,70.0,70.29000091552734,352300.0
2024-08-15,71.08999633789062,71.95999908447266,70.23999786376953,70.4800033569336,452800.0
2024-08-16,70.22000122070312,71.44000244140625,70.22000122070312,70.86000061035156,337300.0
2024-08-19,70.9800033569336,71.75,70.44999694824219,71.56999969482422,294500.0
2024-08-20,71.5,71.5,70.22000122070312,70.41000366210938,207400.0
2024-08-21,71.12999725341797,71.58000183105469,70.37000274658203,71.5199966430664,241900.0
2024-08-22,71.94000244140625,71.94000244140625,71.18000030517578,71.4000015258789,184600.0
2024-08-23,71.63999938964844,73.69000244140625,71.52999877929688,73.30999755859375,210100.0
2024-08-26,73.9800033569336,74.45999908447266,73.55000305175781,73.61000061035156,209400.0
2024-08-27,73.2300033569336,73.5999984741211,72.56999969482422,73.25,174500.0
2024-08-28,73.04000091552734,74.0,72.56999969482422,73.05000305175781,229600.0
2024-08-29,73.69999694824219,74.16999816894531,72.9800033569336,73.01000213623047,171800.0
2024-08-30,73.1500015258789,73.9800033569336,72.81999969482422,73.91999816894531,258400.0
2024-09-03,73.29000091552734,74.2300033569336,71.61000061035156,71.94000244140625,318400.0
2024-09-04,71.6500015258789,72.54000091552734,71.6500015258789,72.51000213623047,249100.0
2024-09-05,72.45999908447266,72.45999908447266,71.25,71.5999984741211,242600.0
2024-09-06,71.58000183105469,71.83000183105469,69.37999725341797,69.56999969482422,228100.0
2024-09-09,69.56999969482422,71.0199966430664,68.97000122070312,70.0,400400.0
2024-09-10,69.79000091552734,70.47000122070312,69.4000015258789,70.3499984741211,239900.0
2024-09-11,69.73999786376953,69.81999969482422,68.44999694824219,69.48999786376953,298500.0
2024-09-12,69.9000015258789,70.47000122070312,68.93000030517578,69.7300033569336,354300.0
2024-09-13,70.87999725341797,71.75,70.83999633789062,71.45999908447266,177800.0
2024-09-16,71.97000122070312,72.43000030517578,71.44000244140625,71.91000366210938,258300.0
2024-09-17,72.36000061035156,73.61000061035156,72.36000061035156,73.0999984741211,257600.0
2024-09-18,73.0999984741211,75.41000366210938,72.73999786376953,73.5,388800.0
2024-09-19,75.0199966430664,75.56999969482422,74.43000030517578,75.18000030517578,354100.0
2024-09-20,75.38999938964844,75.38999938964844,73.70999908447266,73.70999908447266,2068800.0
2024-09-23,74.37999725341797,75.02999877929688,73.66999816894531,73.81999969482422,671000.0
2024-09-24,74.18000030517578,74.5,73.79000091552734,73.87000274658203,569400.0
2024-09-25,73.91999816894531,73.91999816894531,71.91999816894531,72.06999969482422,344200.0
2024-09-26,72.72000122070312,73.7699966430664,72.72000122070312,73.13999938964844,432200.0
2024-09-27,73.87000274658203,74.56999969482422,73.19000244140625,73.27999877929688,319000.0
2024-09-30,73.0,73.95999908447266,73.0,73.5199966430664,374700.0
2024-10-01,73.33999633789062,73.33999633789062,71.83999633789062,72.62000274658203,359200.0
2024-10-02,72.27999877929688,72.58999633789062,71.08999633789062,71.4000015258789,527100.0
2024-10-03,70.88999938964844,71.16999816894531,70.11000061035156,70.41999816894531,440500.0
2024-10-04,71.3499984741211,71.66999816894531,70.44999694824219,71.41000366210938,415200.0
2024-10-07,71.02999877929688,71.08999633789062,70.55999755859375,70.80000305175781,363900.0
2024-10-08,70.95999908447266,71.52999877929688,70.63999938964844,71.31999969482422,496400.0
2024-10-09,70.93000030517578,71.54000091552734,70.54000091552734,70.72000122070312,432200.0
2024-10-10,70.22000122070312,70.9000015258789,69.70999908447266,70.12999725341797,508400.0
2024-10-11,70.33999633789062,71.75,70.33999633789062,71.55000305175781,421900.0
2024-10-14,71.4800033569336,72.31999969482422,71.12000274658203,72.2699966430664,395100.0
2024-10-15,72.4800033569336,73.5199966430664,71.9800033569336,72.0,383200.0
2024-10-16,72.54000091552734,75.16999816894531,72.54000091552734,74.30000305175781,941300.0
2024-10-17,70.58000183105469,70.58000183105469,65.80999755859375,67.05000305175781,2026400.0
2024-10-18,66.70999908447266,67.22000122070312,64.3499984741211,65.25,1252700.0
2024-10-21,64.94999694824219,64.94999694824219,62.119998931884766,62.59000015258789,1058900.0
2024-10-22,62.5,63.06999969482422,61.529998779296875,62.84000015258789,893900.0
2024-10-23,61.880001068115234,62.75,61.72999954223633,62.279998779296875,667200.0
2024-10-24,63.54999923706055,64.23999786376953,62.5099983215332,63.619998931884766,1110600.0
2024-10-25,63.560001373291016,64.12000274658203,62.790000915527344,62.90999984741211,782600.0
2024-10-28,63.540000915527344,64.23999786376953,63.279998779296875,63.869998931884766,833700.0
2024-10-29,63.52000045776367,63.849998474121094,62.970001220703125,63.20000076293945,656800.0
2024-10-30,62.93000030517578,64.26000213623047,62.93000030517578,63.65999984741211,719800.0
2024-10-31,63.52000045776367,63.90999984741211,62.84000015258789,62.849998474121094,668300.0
2024-11-01,63.130001068115234,63.7400016784668,62.790000915527344,63.29999923706055,633400.0
2024-11-04,63.369998931884766,63.91999816894531,63.11000061035156,63.56999969482422,584600.0
2024-11-05,63.29999923706055,63.66999816894531,62.90999984741211,63.40999984741211,482100.0
2024-11-06,66.08000183105469,66.08000183105469,63.91999816894531,65.80000305175781,710300.0
2024-11-07,65.66000366210938,66.5,64.95999908447266,65.2699966430664,496800.0
2024-11-08,65.11000061035156,65.19999694824219,63.93000030517578,64.37000274658203,570600.0
2024-11-11,64.7699966430664,65.44999694824219,64.16000366210938,64.48999786376953,494000.0
2024-11-12,64.0199966430664,64.43000030517578,63.33000183105469,63.40999984741211,536600.0
2024-11-13,63.66999816894531,64.0999984741211,63.459999084472656,63.790000915527344,394200.0
2024-11-14,63.720001220703125,63.77000045776367,62.81999969482422,63.150001525878906,334300.0
2024-11-15,63.5,63.5,61.349998474121094,61.70000076293945,654500.0
2024-11-18,61.709999084472656,62.40999984741211,61.52000045776367,62.22999954223633,453700.0
2024-11-19,61.41999816894531,61.56999969482422,60.150001525878906,60.38999938964844,530900.0
2024-11-20,60.119998931884766,60.400001525878906,59.349998474121094,60.38999938964844,524100.0
2024-11-21,60.47999954223633,60.880001068115234,60.2400016784668,60.79999923706055,378900.0
2024-11-22,61.099998474121094,62.790000915527344,61.099998474121094,62.47999954223633,536400.0
2024-11-25,63.470001220703125,65.16999816894531,63.29999923706055,64.7699966430664,651000.0
2024-11-26,64.44000244140625,64.61000061035156,63.689998626708984,64.13999938964844,545200.0
2024-11-27,64.72000122070312,65.0999984741211,64.13999938964844,64.55999755859375,403400.0
2024-11-29,64.4000015258789,64.81999969482422,63.869998931884766,64.37000274658203,299300.0
2024-12-02,62.959999084472656,63.880001068115234,62.560001373291016,63.20000076293945,774900.0
2024-12-03,63.20000076293945,63.20000076293945,62.279998779296875,62.349998474121094,489100.0
2024-12-04,62.220001220703125,63.2599983215332,62.02000045776367,62.75,678800.0
2024-12-05,62.61000061035156,62.77000045776367,61.7599983215332,62.220001220703125,558300.0
2024-12-06,62.84000015258789,62.970001220703125,60.970001220703125,61.36000061035156,588600.0
2024-12-09,61.83000183105469,62.84000015258789,60.959999084472656,62.31999969482422,893100.0
2024-12-10,62.189998626708984,62.540000915527344,61.2400016784668,61.900001525878906,599300.0
2024-12-11,61.95000076293945,62.20000076293945,60.779998779296875,61.0,868400.0
2024-12-12,60.939998626708984,61.15999984741211,59.959999084472656,60.84000015258789,796800.0
2024-12-13,60.650001525878906,61.209999084472656,59.869998931884766,61.18000030517578,594900.0
2024-12-16,60.459999084472656,61.18000030517578,59.31999969482422,59.36000061035156,611900.0
2024-12-17,58.84000015258789,59.66999816894531,58.7400016784668,59.0,602500.0
2024-12-18,59.04999923706055,59.59000015258789,57.040000915527344,57.20000076293945,656100.0
2024-12-19,57.279998779296875,57.66999816894531,56.279998779296875,56.900001525878906,806000.0
2024-12-20,56.25,57.7400016784668,55.869998931884766,56.939998626708984,3400300.0
2024-12-23,56.83000183105469,57.900001525878906,56.459999084472656,56.81999969482422,709500.0
2024-12-24,56.86000061035156,57.290000915527344,56.66999816894531,56.97999954223633,243600.0
2024-12-26,56.599998474121094,57.95000076293945,56.599998474121094,57.650001525878906,660300.0
2024-12-27,57.5099983215332,58.16999816894531,56.939998626708984,57.189998626708984,397200.0
2024-12-30,56.90999984741211,57.2599983215332,56.11000061035156,56.83000183105469,786000.0
2024-12-31,57.029998779296875,57.86000061035156,56.47999954223633,57.720001220703125,703800.0
2025-01-02,57.93000030517578,58.52000045776367,56.79999923706055,57.040000915527344,579800.0
2025-01-03,56.63999938964844,57.849998474121094,56.310001373291016,57.709999084472656,473500.0
2025-01-06,57.72999954223633,58.099998474121094,56.400001525878906,56.63999938964844,528100.0
2025-01-07,56.91999816894531,57.470001220703125,56.31999969482422,56.58000183105469,761100.0
2025-01-08,55.93000030517578,55.93000030517578,54.880001068115234,55.349998474121094,633200.0
2025-01-10,54.47999954223633,54.900001525878906,53.70000076293945,54.52000045776367,582500.0
2025-01-13,54.2400016784668,56.310001373291016,53.72999954223633,56.279998779296875,1002500.0
2025-01-14,56.869998931884766,57.58000183105469,56.150001525878906,57.40999984741211,472400.0
2025-01-15,58.79999923706055,59.4900016784668,58.150001525878906,59.02000045776367,709400.0
2025-01-16,58.5099983215332,59.40999984741211,58.380001068115234,59.34000015258789,647400.0
2025-01-17,59.95000076293945,60.15999984741211,59.31999969482422,59.540000915527344,473400.0
2025-01-21,60.40999984741211,61.27000045776367,60.38999938964844,60.7400016784668,648700.0
2025-01-22,60.470001220703125,60.970001220703125,59.9900016784668,60.2400016784668,520400.0
2025-01-23,60.310001373291016,60.9900016784668,60.0099983215332,60.849998474121094,560200.0
2025-01-24,60.66999816894531,60.86000061035156,60.02000045776367,60.38999938964844,596700.0
2025-01-27,60.70000076293945,61.40999984741211,60.040000915527344,60.810001373291016,923200.0
2025-01-28,60.709999084472656,61.470001220703125,59.630001068115234,60.22999954223633,659300.0
2025-01-29,60.209999084472656,60.7400016784668,59.970001220703125,60.380001068115234,1012900.0
2025-01-30,60.599998474121094,61.790000915527344,58.689998626708984,60.709999084472656,1530100.0
2025-01-31,60.25,60.95000076293945,59.529998779296875,60.220001220703125,2041800.0
2025-02-03,59.040000915527344,59.70000076293945,57.45000076293945,58.439998626708984,968500.0
2025-02-04,58.400001525878906,59.380001068115234,58.290000915527344,58.9900016784668,807200.0
2025-02-05,59.130001068115234,59.20000076293945,57.88999938964844,58.189998626708984,566100.0
2025-02-06,58.5,58.70000076293945,57.040000915527344,57.060001373291016,583400.0
2025-02-07,57.119998931884766,57.20000076293945,56.47999954223633,57.04999923706055,523600.0
2025-02-10,57.66999816894531,57.72999954223633,55.439998626708984,55.689998626708984,942600.0
2025-02-11,55.5,56.459999084472656,55.45000076293945,56.38999938964844,716500.0
2025-02-12,55.77000045776367,55.900001525878906,55.099998474121094,55.29999923706055,646500.0
2025-02-13,55.7599983215332,55.9900016784668,55.099998474121094,55.189998626708984,413600.0
2025-02-14,55.630001068115234,56.04999923706055,55.040000915527344,55.2400016784668,547300.0
2025-02-18,55.2400016784668,55.290000915527344,54.08000183105469,54.63999938964844,547800.0
2025-02-19,54.13999938964844,55.20000076293945,53.709999084472656,54.959999084472656,524900.0
2025-02-20,54.90999984741211,55.400001525878906,54.849998474121094,54.95000076293945,409500.0
2025-02-21,55.150001525878906,55.16999816894531,53.66999816894531,53.77000045776367,722100.0
2025-02-24,53.84000015258789,54.4900016784668,53.310001373291016,54.310001373291016,612700.0
2025-02-25,54.619998931884766,55.0099983215332,54.43000030517578,54.61000061035156,385300.0
2025-02-26,54.880001068115234,58.15999984741211,54.84000015258789,57.029998779296875,1254200.0
2025-02-27,56.68000030517578,56.68000030517578,55.650001525878906,55.83000183105469,978400.0
2025-02-28,55.619998931884766,57.86000061035156,55.54999923706055,57.630001068115234,1394300.0
2025-03-03,57.7599983215332,58.4900016784668,57.130001068115234,57.54999923706055,1131700.0
2025-03-04,57.08000183105469,58.31999969482422,56.720001220703125,57.349998474121094,1167500.0
2025-03-05,57.65999984741211,59.41999816894531,57.54999923706055,58.61000061035156,1233700.0
2025-03-06,58.34000015258789,62.439998626708984,58.189998626708984,62.02000045776367,1740300.0
2025-03-07,61.630001068115234,63.34000015258789,61.59000015258789,62.65999984741211,1601200.0
2025-03-10,62.529998779296875,63.349998474121094,61.11000061035156,61.18000030517578,1114100.0
2025-03-11,61.4900016784668,61.58000183105469,59.75,59.88999938964844,952900.0
2025-03-12,59.560001373291016,60.470001220703125,58.15999984741211,58.619998931884766,704100.0
2025-03-13,58.58000183105469,59.970001220703125,58.0,58.47999954223633,632000.0
2025-03-14,58.86000061035156,60.540000915527344,58.72999954223633,60.220001220703125,905000.0
2025-03-17,60.470001220703125,61.310001373291016,59.849998474121094,60.029998779296875,687400.0
2025-03-18,60.040000915527344,60.9900016784668,59.90999984741211,60.709999084472656,646300.0
2025-03-19,60.7400016784668,61.09000015258789,59.58000183105469,60.349998474121094,582100.0
2025-03-20,59.90999984741211,60.45000076293945,58.709999084472656,59.06999969482422,790700.0
2025-03-21,58.709999084472656,58.7599983215332,57.099998474121094,57.68000030517578,1525800.0
2025-03-24,58.209999084472656,59.11000061035156,57.970001220703125,58.5099983215332,550600.0
2025-03-25,58.56999969482422,58.880001068115234,57.63999938964844,57.81999969482422,554700.0
2025-03-26,57.9900016784668,59.0,57.59000015258789,58.58000183105469,473000.0
2025-03-27,58.709999084472656,59.540000915527344,58.349998474121094,59.34000015258789,526600.0
2025-03-28,58.9900016784668,59.22999954223633,58.209999084472656,58.65999984741211,450100.0
2025-03-31,58.150001525878906,58.22999954223633,57.45000076293945,57.880001068115234,510400.0
2025-04-01,58.029998779296875,58.65999984741211,57.619998931884766,58.650001525878906,530400.0
2025-04-02,58.189998626708984,59.0099983215332,57.79999923706055,58.77000045776367,603200.0
2025-04-03,57.349998474121094,57.4900016784668,54.58000183105469,54.619998931884766,1378800.0
2025-04-04,52.709999084472656,52.790000915527344,51.119998931884766,52.189998626708984,832800.0
2025-04-07,50.36000061035156,52.2599983215332,48.150001525878906,49.380001068115234,1042100.0
2025-04-08,50.7599983215332,51.16999816894531,48.31999969482422,48.720001220703125,881900.0
2025-04-09,47.7400016784668,53.29999923706055,47.290000915527344,52.869998931884766,970700.0
2025-04-10,50.77000045776367,51.88999938964844,48.720001220703125,50.75,865700.0
2025-04-11,50.95000076293945,51.119998931884766,49.11000061035156,51.099998474121094,698100.0
2025-04-14,52.029998779296875,52.380001068115234,50.900001525878906,51.720001220703125,678200.0
2025-04-15,51.279998779296875,51.77000045776367,49.86000061035156,50.34000015258789,752100.0
2025-04-16,50.45000076293945,50.93000030517578,49.119998931884766,49.5099983215332,1120700.0
2025-04-17,43.81999969482422,45.400001525878906,39.869998931884766,40.06999969482422,2955400.0
2025-04-21,39.90999984741211,40.66999816894531,39.220001220703125,39.970001220703125,2250600.0
2025-04-22,40.25,42.88999938964844,40.2400016784668,42.86000061035156,1553400.0
2025-04-23,44.0,44.25,41.869998931884766,42.27000045776367,1483400.0
2025-04-24,42.0099983215332,42.33000183105469,41.20000076293945,41.880001068115234,1335600.0
2025-04-25,41.5,42.540000915527344,40.91999816894531,42.43000030517578,853800.0
2025-04-28,42.560001373291016,42.939998626708984,41.45000076293945,42.29999923706055,864200.0
2025-04-29,41.959999084472656,42.599998474121094,41.349998474121094,42.560001373291016,1253400.0
2025-04-30,42.369998931884766,43.16999816894531,41.790000915527344,43.06999969482422,1789800.0
2025-05-01,42.869998931884766,43.81999969482422,42.59000015258789,42.720001220703125,1246000.0
2025-05-02,43.38999938964844,44.5099983215332,43.150001525878906,44.25,1057200.0
2025-05-05,40.95000076293945,42.83000183105469,40.720001220703125,40.77000045776367,1324400.0
2025-05-06,40.349998474121094,40.58000183105469,38.65999984741211,38.849998474121094,1371200.0
2025-05-07,39.400001525878906,39.41999816894531,38.099998474121094,38.369998931884766,1114600.0
2025-05-08,39.0,41.630001068115234,38.95000076293945,41.40999984741211,1006200.0
2025-05-09,41.720001220703125,41.97999954223633,41.13999938964844,41.38999938964844,669400.0
2025-05-12,43.40999984741211,44.29999923706055,43.040000915527344,44.18000030517578,774300.0
2025-05-13,44.15999984741211,44.22999954223633,43.22999954223633,43.810001373291016,608400.0
2025-05-14,43.59000015258789,43.59000015258789,42.88999938964844,42.97999954223633,942000.0
2025-05-15,42.79999923706055,43.349998474121094,42.459999084472656,43.34000015258789,593400.0
2025-05-16,43.380001068115234,44.279998779296875,43.25,43.970001220703125,1784800.0
2025-05-19,43.40999984741211,44.04999923706055,43.27000045776367,43.970001220703125,486200.0
2025-05-20,44.0099983215332,44.349998474121094,43.63999938964844,43.880001068115234,604300.0
2025-05-21,43.130001068115234,43.540000915527344,42.58000183105469,42.720001220703125,856300.0
2025-05-22,42.65999984741211,43.33000183105469,42.290000915527344,43.029998779296875,668600.0
2025-05-23,42.06999969482422,42.7400016784668,41.86000061035156,42.06999969482422,578500.0
2025-05-27,42.689998626708984,42.900001525878906,42.060001373291016,42.810001373291016,496700.0
2025-05-28,42.54999923706055,42.7400016784668,41.779998779296875,41.900001525878906,635600.0
2025-05-29,42.2400016784668,42.5,41.720001220703125,42.47999954223633,714500.0
2025-05-30,42.099998474121094,42.290000915527344,41.5,41.95000076293945,1879300.0
2025-06-02,41.11000061035156,41.220001220703125,40.150001525878906,40.22999954223633,739800.0
2025-06-03,40.06999969482422,41.150001525878906,39.70000076293945,40.880001068115234,644300.0
2025-06-04,40.95000076293945,41.09000015258789,40.65999984741211,40.65999984741211,560700.0
2025-06-05,40.650001525878906,40.650001525878906,39.470001220703125,40.150001525878906,712500.0
2025-06-06,40.630001068115234,41.36000061035156,40.15999984741211,40.61000061035156,707400.0
2025-06-09,41.06999969482422,41.06999969482422,40.0,40.7599983215332,663300.0
2025-06-10,41.34000015258789,43.25,40.9900016784668,42.70000076293945,1159900.0
2025-06-11,43.0,43.150001525878906,42.040000915527344,42.38999938964844,848100.0
2025-06-12,41.81999969482422,43.25,41.40999984741211,42.869998931884766,1149700.0
2025-06-13,42.150001525878906,42.31999969482422,40.099998474121094,40.31999969482422,787000.0
2025-06-16,40.88999938964844,41.290000915527344,40.41999816894531,41.08000183105469,721800.0
2025-06-17,40.79999923706055,40.88999938964844,39.83000183105469,39.91999816894531,532500.0
2025-06-18,40.09000015258789,40.560001373291016,39.70000076293945,39.790000915527344,792400.0
2025-06-20,39.84000015258789,39.849998474121094,37.9900016784668,38.5,1380400.0
2025-06-23,38.220001220703125,38.84000015258789,38.0099983215332,38.779998779296875,595900.0
2025-06-24,39.20000076293945,40.09000015258789,38.93000030517578,39.900001525878906,979200.0
2025-06-25,39.810001373291016,39.95000076293945,39.099998474121094,39.400001525878906,653100.0
2025-06-26,39.720001220703125,40.900001525878906,39.47999954223633,40.689998626708984,892100.0
2025-06-27,41.04999923706055,41.04999923706055,40.06999969482422,40.470001220703125,782100.0
2025-06-30,40.5,40.81999969482422,40.15999984741211,40.400001525878906,689100.0
2025-07-01,40.2599983215332,43.720001220703125,40.09000015258789,42.36000061035156,954500.0
2025-07-02,42.61000061035156,44.20000076293945,42.0,44.02000045776367,1477600.0
2025-07-03,44.189998626708984,44.58000183105469,44.0,44.2599983215332,824200.0
2025-07-07,43.88999938964844,44.779998779296875,42.939998626708984,42.959999084472656,1305800.0
2025-07-08,42.97999954223633,45.33000183105469,42.97999954223633,44.220001220703125,1385600.0
2025-07-09,44.52000045776367,45.119998931884766,44.33000183105469,44.689998626708984,1190300.0
2025-07-10,45.0,45.869998931884766,44.5,44.91999816894531,871800.0
2025-07-11,44.34000015258789,44.4900016784668,43.709999084472656,44.09000015258789,754200.0
2025-07-14,43.959999084472656,44.38999938964844,42.869998931884766,43.5,1188300.0
2025-07-15,43.75,44.040000915527344,42.2599983215332,42.33000183105469,1282000.0
2025-07-16,42.81999969482422,43.400001525878906,41.970001220703125,43.099998474121094,1501500.0
2025-07-17,47.189998626708984,47.34000015258789,42.810001373291016,44.36000061035156,3000400.0
2025-07-18,44.52000045776367,44.84000015258789,43.029998779296875,43.25,1183700.0
2025-07-21,43.4900016784668,43.650001525878906,42.11000061035156,42.119998931884766,1041000.0
2025-07-22,42.40999984741211,44.4900016784668,42.220001220703125,44.459999084472656,1010300.0
2025-07-23,45.06999969482422,45.41999816894531,44.18000030517578,45.06999969482422,757900.0
2025-07-24,44.97999954223633,45.22999954223633,44.220001220703125,44.7599983215332,764600.0
2025-07-25,44.900001525878906,45.7400016784668,44.59000015258789,45.70000076293945,833700.0
2025-07-28,45.54999923706055,45.90999984741211,44.90999984741211,45.18000030517578,875100.0
2025-07-29,44.9900016784668,45.38999938964844,43.65999984741211,44.029998779296875,1048000.0
2025-07-30,44.380001068115234,44.47999954223633,42.040000915527344,42.470001220703125,736800.0
2025-07-31,41.72999954223633,42.5,41.119998931884766,41.25,1550100.0
2025-08-01,40.88999938964844,41.150001525878906,39.0099983215332,39.25,1013000.0
2025-08-04,39.279998779296875,39.72999954223633,38.52000045776367,38.65999984741211,909300.0
2025-08-05,38.91999816894531,39.709999084472656,38.5099983215332,39.25,782800.0
2025-08-06,39.47999954223633,39.619998931884766,37.970001220703125,38.400001525878906,1026700.0
2025-08-07,38.86000061035156,39.58000183105469,38.810001373291016,39.43000030517578,796600.0
2025-08-08,39.70000076293945,40.849998474121094,39.40999984741211,40.47999954223633,718600.0
2025-08-11,40.459999084472656,40.84000015258789,39.119998931884766,39.7599983215332,774400.0
2025-08-12,39.93000030517578,40.47999954223633,39.380001068115234,39.75,861300.0
2025-08-13,39.93000030517578,41.779998779296875,39.810001373291016,41.77000045776367,787500.0
2025-08-14,40.91999816894531,41.400001525878906,40.56999969482422,41.189998626708984,434700.0
2025-08-15,41.43000030517578,41.66999816894531,40.790000915527344,41.27000045776367,706100.0
2025-08-18,41.29999923706055,41.52000045776367,40.9900016784668,41.2400016784668,940700.0
2025-08-19,41.619998931884766,42.61000061035156,41.369998931884766,42.209999084472656,774900.0
2025-08-20,42.29999923706055,42.81999969482422,41.79999923706055,42.150001525878906,674400.0
2025-08-21,41.650001525878906,42.13999938964844,41.29999923706055,41.689998626708984,610600.0
2025-08-22,42.0099983215332,44.41999816894531,41.9900016784668,44.41999816894531,599600.0
2025-08-25,44.369998931884766,44.619998931884766,43.959999084472656,44.15999984741211,625900.0
2025-08-26,43.900001525878906,44.400001525878906,40.90999984741211,41.040000915527344,1381600.0
2025-08-27,40.84000015258789,41.93000030517578,40.70000076293945,41.83000183105469,856300.0
2025-08-28,42.16999816894531,42.16999816894531,40.84000015258789,41.310001373291016,486100.0
2025-08-29,41.41999816894531,42.52000045776367,41.290000915527344,42.400001525878906,651200.0
2025-09-02,41.79999923706055,42.209999084472656,40.540000915527344,41.220001220703125,838000.0
2025-09-03,41.06999969482422,41.650001525878906,40.560001373291016,40.84000015258789,475300.0
2025-09-04,40.84000015258789,41.31999969482422,40.40999984741211,41.310001373291016,606300.0
2025-09-05,41.52000045776367,42.369998931884766,41.11000061035156,41.2599983215332,786500.0
2025-09-08,41.099998474121094,41.220001220703125,38.119998931884766,38.4900016784668,1583400.0
2025-09-09,38.400001525878906,39.2599983215332,38.310001373291016,38.439998626708984,1014000.0
2025-09-10,38.040000915527344,38.59000015258789,37.56999969482422,37.900001525878906,1118000.0
2025-09-11,38.119998931884766,39.599998474121094,37.81999969482422,39.58000183105469,1011700.0
2025-09-12,39.689998626708984,39.689998626708984,38.38999938964844,38.38999938964844,885600.0
2025-09-15,38.79999923706055,38.93000030517578,38.04999923706055,38.13999938964844,780800.0
2025-09-16,38.18000030517578,38.470001220703125,37.56999969482422,38.279998779296875,883600.0
2025-09-17,38.279998779296875,39.439998626708984,37.52000045776367,37.790000915527344,737500.0
2025-09-18,38.27000045776367,38.29999923706055,37.650001525878906,38.06999969482422,876300.0
2025-09-19,38.09000015258789,38.11000061035156,36.959999084472656,37.34000015258789,9102700.0
2025-09-22,37.130001068115234,37.97999954223633,37.04999923706055,37.83000183105469,1124800.0
2025-09-23,37.90999984741211,38.349998474121094,37.150001525878906,37.33000183105469,989900.0
2025-09-24,37.119998931884766,39.18000030517578,37.119998931884766,39.119998931884766,1196300.0
2025-09-25,39.09000015258789,39.189998626708984,37.58000183105469,37.779998779296875,766900.0
2025-09-26,37.83000183105469,38.810001373291016,37.689998626708984,38.59000015258789,875400.0
2025-09-29,39.20000076293945,39.20000076293945,37.849998474121094,38.08000183105469,887100.0
2025-09-30,37.880001068115234,38.290000915527344,37.400001525878906,37.900001525878906,507900.0
2025-10-01,38.29999923706055,38.68000030517578,37.70000076293945,38.209999084472656,612400.0
2025-10-02,37.91999816894531,38.77000045776367,37.52000045776367,38.630001068115234,816600.0
2025-10-03,38.849998474121094,39.77000045776367,38.72999954223633,39.209999084472656,1186500.0
2025-10-06,39.310001373291016,39.83000183105469,38.77000045776367,39.29999923706055,922000.0
2025-10-07,39.45000076293945,39.45000076293945,38.130001068115234,38.36000061035156,767100.0
2025-10-08,38.02000045776367,38.959999084472656,38.0099983215332,38.84000015258789,759500.0
2025-10-09,38.709999084472656,39.5099983215332,38.709999084472656,39.130001068115234,1296300.0
2025-10-10,39.400001525878906,39.439998626708984,37.75,38.02000045776367,1050400.0
2025-10-13,38.11000061035156,39.08000183105469,37.97999954223633,37.9900016784668,886000.0
2025-10-14,36.95000076293945,38.150001525878906,36.189998626708984,37.970001220703125,1295500.0
2025-10-15,38.13999938964844,38.4900016784668,37.58000183105469,38.02000045776367,1105100.0
2025-10-16,40.720001220703125,40.720001220703125,35.08000183105469,35.540000915527344,1875100.0
2025-10-17,34.86000061035156,35.52000045776367,33.2599983215332,33.709999084472656,1802200.0
2025-10-20,34.040000915527344,34.33000183105469,33.560001373291016,33.93000030517578,1153000.0
2025-10-21,33.93000030517578,34.869998931884766,33.5099983215332,34.380001068115234,930300.0
2025-10-22,34.15999984741211,34.380001068115234,33.25,33.38999938964844,1112700.0
2025-10-23,33.47999954223633,33.7599983215332,32.86000061035156,33.630001068115234,908300.0
2025-10-24,34.220001220703125,34.34000015258789,33.06999969482422,33.11000061035156,738800.0
2025-10-27,33.040000915527344,33.54999923706055,32.68000030517578,32.849998474121094,1483300.0
2025-10-28,32.720001220703125,33.0,32.02000045776367,32.439998626708984,1289800.0
2025-10-29,32.150001525878906,32.40999984741211,30.59000015258789,30.6200008392334,1234100.0
2025-10-30,30.31999969482422,30.889999389648438,30.0,30.139999389648438,1489400.0
2025-10-31,29.90999984741211,30.780000686645508,29.389999389648438,30.65999984741211,1693000.0
2025-11-03,30.559999465942383,30.559999465942383,29.770000457763672,30.09000015258789,1266200.0
2025-11-04,30.0,30.719999313354492,29.81999969482422,29.899999618530273,891900.0
2025-11-05,30.040000915527344,30.350000381469727,29.360000610351562,29.780000686645508,1137400.0
2025-11-06,29.6200008392334,29.889999389648438,28.559999465942383,28.600000381469727,871800.0
2025-11-07,28.489999771118164,28.969999313354492,28.309999465942383,28.709999084472656,897200.0
2025-11-10,28.969999313354492,28.969999313354492,27.59000015258789,27.639999389648438,1212900.0
2025-11-11,27.670000076293945,29.489999771118164,27.670000076293945,29.450000762939453,1460500.0
2025-11-12,29.469999313354492,29.610000610351562,28.639999389648438,28.899999618530273,1323600.0
2025-11-13,28.84000015258789,29.639999389648438,28.579999923706055,28.860000610351562,1130600.0
2025-11-14,28.799999237060547,28.799999237060547,27.889999389648438,28.639999389648438,1228300.0
2025-11-17,28.56999969482422,28.56999969482422,27.889999389648438,28.010000228881836,1058700.0
2025-11-18,27.829999923706055,28.170000076293945,27.299999237060547,27.809999465942383,1094700.0
2025-11-19,27.700000762939453,27.780000686645508,26.850000381469727,27.190000534057617,977600.0
2025-11-20,27.239999771118164,27.479999542236328,26.139999389648438,26.6299991607666,1359100.0
2025-11-21,26.799999237060547,28.459999084472656,26.610000610351562,28.100000381469727,1071900.0
2025-11-24,28.09000015258789,28.219999313354492,27.190000534057617,27.459999084472656,1371500.0
2025-11-25,27.729999542236328,28.719999313354492,27.469999313354492,28.31999969482422,1083600.0
2025-11-26,28.0,28.809999465942383,27.959999084472656,28.469999313354492,1086700.0
2025-11-28,28.459999084472656,28.8700008392334,28.420000076293945,28.760000228881836,425500.0
2025-12-01,27.780000686645508,28.700000762939453,27.719999313354492,28.5,856500.0
2025-12-02,28.6299991607666,28.940000534057617,27.899999618530273,28.600000381469727,736400.0
2025-12-03,28.700000762939453,29.260000228881836,28.610000610351562,28.770000457763672,819900.0
2025-12-04,29.010000228881836,29.010000228881836,27.8799991607666,28.110000610351562,797400.0
2025-12-05,27.93000030517578,28.459999084472656,27.809999465942383,27.889999389648438,664100.0
2025-12-08,27.84000015258789,28.09000015258789,27.5,27.770000457763672,972900.0
2025-12-09,27.549999237060547,27.93000030517578,27.399999618530273,27.510000228881836,707200.0
2025-12-10,27.540000915527344,28.469999313354492,27.43000030517578,28.40999984741211,1534900.0
2025-12-11,28.719999313354492,29.190000534057617,28.389999389648438,28.540000915527344,804800.0
2025-12-12,28.959999084472656,29.770000457763672,28.81999969482422,29.360000610351562,976800.0
2025-12-15,29.709999084472656,29.920000076293945,28.860000610351562,29.540000915527344,1276900.0
2025-12-16,29.59000015258789,30.110000610351562,29.170000076293945,29.309999465942383,1036300.0
2025-12-17,29.06999969482422,30.06999969482422,29.06999969482422,29.510000228881836,665800.0
2025-12-18,30.670000076293945,31.309999465942383,30.010000228881836,30.479999542236328,1322500.0
2025-12-19,30.239999771118164,30.43000030517578,29.780000686645508,29.860000610351562,1653000.0
2025-12-22,29.670000076293945,30.219999313354492,29.299999237060547,29.610000610351562,789700.0
2025-12-23,29.530000686645508,29.6299991607666,28.84000015258789,29.030000686645508,809500.0
2025-12-24,29.170000076293945,29.420000076293945,28.829999923706055,29.350000381469727,303200.0
2025-12-26,29.5,29.889999389648438,29.360000610351562,29.829999923706055,598700.0
2025-12-29,29.860000610351562,30.170000076293945,29.510000228881836,30.149999618530273,985200.0
2025-12-30,30.100000381469727,30.600000381469727,30.100000381469727,30.270000457763672,693000.0
2025-12-31,30.100000381469727,30.31999969482422,29.690000534057617,29.729999542236328,534600.0
2026-01-02,29.90999984741211,30.290000915527344,29.229999542236328,30.059999465942383,681000.0
2026-01-05,30.020000457763672,31.059999465942383,29.649999618530273,29.989999771118164,1199000.0
2026-01-06,29.479999542236328,30.829999923706055,29.3799991607666,30.559999465942383,920400.0
2026-01-07,30.610000610351562,30.780000686645508,29.709999084472656,29.790000915527344,627200.0
2026-01-08,29.520000457763672,31.110000610351562,29.40999984741211,30.969999313354492,1123200.0
2026-01-09,31.139999389648438,31.75,30.299999237060547,31.40999984741211,743200.0
2026-01-12,31.15999984741211,31.610000610351562,30.59000015258789,30.979999542236328,888100.0
2026-01-13,31.059999465942383,31.1200008392334,29.399999618530273,29.610000610351562,1298500.0
2026-01-14,29.68000030517578,30.850000381469727,29.6200008392334,30.540000915527344,932000.0
2026-01-15,30.549999237060547,31.100000381469727,30.149999618530273,30.969999313354492,809300.0
2026-01-16,30.389999389648438,30.670000076293945,29.770000457763672,30.06999969482422,742300.0
2026-01-20,29.43000030517578,29.700000762939453,28.829999923706055,29.280000686645508,1102500.0
2026-01-21,29.459999084472656,30.549999237060547,29.450000762939453,30.350000381469727,855800.0
2026-01-22,30.600000381469727,31.540000915527344,30.600000381469727,31.350000381469727,918900.0
2026-01-23,31.31999969482422,31.520000457763672,30.510000228881836,30.600000381469727,857000.0
2026-01-26,31.030000686645508,31.030000686645508,30.0,30.399999618530273,680200.0
2026-01-27,30.1299991607666,30.280000686645508,29.600000381469727,30.100000381469727,860300.0
2026-01-28,30.34000015258789,30.530000686645508,28.860000610351562,28.959999084472656,1494600.0
2026-01-29,30.1299991607666,34.130001068115234,28.6299991607666,33.290000915527344,3093800.0
2026-01-30,34.41999816894531,36.349998474121094,33.75,36.33000183105469,2886700.0
2026-02-02,36.150001525878906,37.02000045776367,35.20000076293945,36.68000030517578,1643600.0
2026-02-03,36.97999954223633,37.5,34.09000015258789,34.810001373291016,1913000.0
2026-02-04,35.43000030517578,37.06999969482422,35.150001525878906,36.810001373291016,1053200.0
2026-02-05,36.970001220703125,37.59000015258789,35.880001068115234,36.63999938964844,1441000.0
2026-02-06,36.61000061035156,37.369998931884766,36.5,36.63999938964844,1337000.0
2026-02-09,36.400001525878906,36.400001525878906,33.95000076293945,34.0,1114700.0
2026-02-10,34.09000015258789,34.900001525878906,33.83000183105469,34.36000061035156,1097200.0
2026-02-11,34.2400016784668,34.47999954223633,30.31999969482422,31.010000228881836,2336800.0
2026-02-12,31.049999237060547,31.739999771118164,28.309999465942383,29.209999084472656,3107500.0
2026-02-13,29.43000030517578,29.549999237060547,28.299999237060547,28.65999984741211,2295600.0
2026-02-17,28.649999618530273,28.829999923706055,27.639999389648438,28.360000610351562,1689700.0
2026-02-18,28.610000610351562,30.3799991607666,28.610000610351562,29.479999542236328,1398900.0
2026-02-19,29.290000915527344,30.1200008392334,28.670000076293945,29.030000686645508,1369800.0
2026-02-20,28.889999389648438,29.700000762939453,28.030000686645508,28.65999984741211,1286000.0
2026-02-23,28.260000228881836,28.3700008392334,26.1299991607666,26.1299991607666,1972800.0
2026-02-24,26.260000228881836,26.899999618530273,25.649999618530273,25.75,1805800.0
2026-02-25,25.8700008392334,26.290000915527344,25.149999618530273,25.829999923706055,2556500.0
2026-02-26,26.200000762939453,28.440000534057617,26.110000610351562,27.899999618530273,2058000.0
2026-02-27,27.34000015258789,28.030000686645508,26.56999969482422,27.969999313354492,1999500.0
2026-03-02,26.709999084472656,27.780000686645508,25.8700008392334,27.020000457763672,1836200.0
2026-03-03,26.450000762939453,28.329999923706055,26.219999313354492,28.049999237060547,1350700.0
2026-03-04,28.079999923706055,28.190000534057617,27.309999465942383,27.959999084472656,971700.0
2026-03-05,27.639999389648438,28.8700008392334,27.5,28.700000762939453,1099900.0
2026-03-06,28.40999984741211,29.459999084472656,27.65999984741211,29.100000381469727,1597500.0
2026-03-09,28.719999313354492,28.75,27.489999771118164,28.40999984741211,1668900.0
2026-03-10,28.350000381469727,28.389999389648438,27.1299991607666,27.739999771118164,1450600.0
2026-03-11,27.920000076293945,28.09000015258789,26.809999465942383,27.309999465942383,967300.0
2026-03-12,27.149999618530273,27.899999618530273,26.34000015258789,26.40999984741211,1163300.0
2026-03-13,26.65999984741211,26.979999542236328,25.68000030517578,25.81999969482422,968000.0
2026-03-16,25.84000015258789,26.639999389648438,25.719999313354492,26.190000534057617,965300.0
2026-03-17,26.700000762939453,27.6200008392334,26.270000457763672,26.420000076293945,1037800.0
2026-03-18,26.459999084472656,26.989999771118164,25.770000457763672,26.049999237060547,1130900.0
2026-03-19,26.040000915527344,27.260000228881836,26.010000228881836,26.290000915527344,1094800.0
2026-03-20,26.360000610351562,27.170000076293945,26.0,26.6200008392334,1513200.0
2026-03-23,27.15999984741211,28.190000534057617,26.3799991607666,27.850000381469727,1157000.0
2026-03-24,27.639999389648438,28.65999984741211,27.010000228881836,27.8700008392334,1622300.0
2026-03-25,28.15999984741211,28.709999084472656,27.260000228881836,28.229999542236328,1165000.0
2026-03-26,28.06999969482422,29.329999923706055,28.06999969482422,28.809999465942383,790000.0
2026-03-27,28.540000915527344,28.739999771118164,28.020000457763672,28.420000076293945,841800.0
2026-03-30,28.670000076293945,29.84000015258789,28.459999084472656,29.729999542236328,972700.0
2026-03-31,29.889999389648438,30.209999084472656,29.190000534057617,29.459999084472656,862400.0
2026-04-01,28.75,29.329999923706055,27.440000534057617,28.739999771118164,826500.0
2026-04-02,28.799999237060547,29.600000381469727,27.739999771118164,29.350000381469727,783700.0
2026-04-06,29.229999542236328,29.350000381469727,28.549999237060547,28.600000381469727,1242800.0
2026-04-07,28.5,28.780000686645508,28.170000076293945,28.299999237060547,559400.0
2026-04-08,28.6200008392334,29.389999389648438,27.729999542236328,27.860000610351562,1452300.0
2026-04-09,27.530000686645508,28.719999313354492,26.739999771118164,28.719999313354492,1253700.0
2026-04-10,28.3700008392334,28.790000915527344,26.25,26.93000030517578,1474900.0
2026-04-13,26.56999969482422,29.43000030517578,26.350000381469727,29.190000534057617,1404900.0
2026-04-14,28.899999618530273,30.059999465942383,28.899999618530273,29.229999542236328,1008700.0
2026-04-15,29.399999618530273,30.799999237060547,29.280000686645508,30.729999542236328,1766100.0
2026-04-16,30.030000686645508,32.529998779296875,28.729999542236328,31.0,2049900.0
2026-04-17,30.770000457763672,31.889999389648438,30.5,31.1299991607666,1288200.0
2026-04-20,30.959999084472656,32.560001373291016,30.639999389648438,31.8700008392334,1352900.0
2026-04-21,32.189998626708984,33.060001373291016,31.780000686645508,31.829999923706055,1313800.0
2026-04-22,32.61000061035156,32.61000061035156,31.079999923706055,31.540000915527344,1102900.0
2026-04-23,31.149999618530273,31.149999618530273,28.479999542236328,29.260000228881836,1584500.0
2026-04-24,29.110000610351562,29.75,28.59000015258789,29.469999313354492,1687800.0
2026-04-27,29.600000381469727,30.450000762939453,29.34000015258789,29.959999084472656,643400.0
2026-04-28,30.889999389648438,31.950000762939453,30.889999389648438,31.219999313354492,787900.0
2026-04-29,31.200000762939453,31.6299991607666,30.579999923706055,30.68000030517578,845500.0
2026-04-30,30.34000015258789,30.799999237060547,30.010000228881836,30.270000457763672,837300.0
2026-05-01,30.700000762939453,31.489999771118164,30.270000457763672,30.520000457763672,659400.0
2026-05-04,30.010000228881836,30.899999618530273,29.6299991607666,29.739999771118164,779900.0
2026-05-05,29.850000381469727,30.139999389648438,29.139999389648438,29.639999389648438,865700.0
2026-05-06,29.81999969482422,29.979999542236328,29.100000381469727,29.270000457763672,709200.0
2026-05-07,29.350000381469727,30.8799991607666,29.31999969482422,30.450000762939453,811100.0
2026-05-08,30.3799991607666,30.3799991607666,29.100000381469727,29.84000015258789,504600.0
2026-05-11,29.989999771118164,30.229999542236328,28.899999618530273,28.950000762939453,845400.0
2026-05-12,29.309999465942383,29.34000015258789,27.860000610351562,28.040000915527344,739600.0
2026-05-13,27.329999923706055,27.329999923706055,25.190000534057617,26.079999923706055,1777000.0
2026-05-14,26.15999984741211,26.90999984741211,25.68000030517578,25.940000534057617,948100.0
2026-05-15,26.329999923706055,26.950000762939453,25.56999969482422,25.969999313354492,1015100.0
2026-05-18,26.040000915527344,28.15999984741211,25.979999542236328,27.68000030517578,1029900.0
2026-05-19,28.18000030517578,28.5,26.920000076293945,27.239999771118164,736400.0
2026-05-20,26.90999984741211,27.780000686645508,26.280000686645508,27.739999771118164,593700.0
2026-05-21,27.440000534057617,28.90999984741211,26.899999618530273,28.790000915527344,643600.0
2026-05-22,28.389999389648438,29.670000076293945,28.389999389648438,29.3700008392334,707300.0
2026-05-26,29.459999084472656,29.65999984741211,28.510000228881836,28.700000762939453,885200.0
2026-05-27,28.989999771118164,29.889999389648438,28.68000030517578,29.299999237060547,976400.0
2026-05-28,29.350000381469727,30.350000381469727,29.280000686645508,30.329999923706055,810000.0
2026-05-29,30.34000015258789,32.310001373291016,29.90999984741211,31.6299991607666,1667200.0
2026-06-01,30.8799991607666,33.38999938964844,30.8799991607666,32.93000030517578,1034100.0
2026-06-02,32.43000030517578,32.56999969482422,31.549999237060547,31.6200008392334,683900.0
2026-06-03,30.969999313354492,31.559999465942383,30.049999237060547,30.3700008392334,786100.0
2026-06-04,31.270000457763672,32.470001220703125,31.049999237060547,32.0099983215332,634000.0
2026-06-05,32.54999923706055,32.779998779296875,31.809999465942383,32.29999923706055,665000.0
2026-06-08,32.040000915527344,33.15999984741211,31.690000534057617,32.43000030517578,809300.0
2026-06-09,32.279998779296875,33.31999969482422,31.969999313354492,32.650001525878906,729000.0
2026-06-10,32.7400016784668,33.90999984741211,32.400001525878906,33.06999969482422,855600.0
2026-06-11,33.0,34.13999938964844,32.66999816894531,34.0,1013400.0
2026-06-12,34.0,34.790000915527344,33.209999084472656,34.0,896500.0
2026-06-15,33.400001525878906,34.2400016784668,33.20000076293945,33.349998474121094,932600.0
2026-06-16,33.560001373291016,34.25,33.45000076293945,34.209999084472656,797000.0
2026-06-17,34.630001068115234,36.150001525878906,33.849998474121094,34.290000915527344,1009400.0
2026-06-18,34.099998474121094,34.349998474121094,33.290000915527344,33.54999923706055,1098200.0
2026-06-22,32.9900016784668,33.18000030517578,31.079999923706055,31.329999923706055,889800.0
2026-06-23,31.899999618530273,32.41999816894531,31.3799991607666,32.2599983215332,833100.0
2026-06-24,32.36000061035156,32.939998626708984,32.06999969482422,32.59000015258789,790800.0
2026-06-25,32.810001373291016,34.13999938964844,32.560001373291016,33.810001373291016,1277700.0
2026-06-26,33.599998474121094,37.349998474121094,33.599998474121094,36.20000076293945,7546100.0
2026-06-29,35.9900016784668,36.33000183105469,35.38999938964844,35.91999816894531,1160000.0
2026-06-30,36.02000045776367,36.02000045776367,33.15999984741211,33.77000045776367,1268800.0
2026-07-01,34.16999816894531,37.75,34.16999816894531,37.130001068115234,1617700.0
2026-07-02,37.68000030517578,38.90999984741211,36.970001220703125,38.790000915527344,902400.0
2026-07-06,38.7599983215332,39.470001220703125,37.66999816894531,38.439998626708984,1131200.0
2026-07-07,38.119998931884766,40.18000030517578,38.119998931884766,39.34000015258789,886900.0
2026-07-08,39.36000061035156,39.4900016784668,37.529998779296875,37.86000061035156,1154400.0
2026-07-09,37.27000045776367,37.849998474121094,36.59000015258789,37.470001220703125,1358300.0
2026-07-10,38.54999923706055,38.77000045776367,37.810001373291016,38.709999084472656,927800.0
2026-07-13,39.63999938964844,41.0,38.31999969482422,40.619998931884766,1247100.0
2026-07-14,39.119998931884766,39.720001220703125,38.099998474121094,39.18000030517578,1078300.0
2026-07-15,39.33000183105469,40.83000183105469,38.630001068115234,39.02000045776367,1414600.0
2026-07-16,46.779998779296875,53.0,46.779998779296875,51.650001525878906,5357100.0
2026-07-17,52.95000076293945,55.70000076293945,51.29999923706055,52.34000015258789,3346200.0
2026-07-20,51.93000030517578,54.09000015258789,51.06999969482422,53.11000061035156,1751500.0
2026-07-21,53.5,53.61000061035156,51.220001220703125,51.68000030517578,1573400.0
2026-07-22,52.29999923706055,53.0,51.13999938964844,51.65999984741211,1297700.0
2026-07-23,52.09000015258789,52.34000015258789,49.45000076293945,49.95000076293945,1544200.0
2026-07-24,49.5,52.25,48.880001068115234,51.33000183105469,1188200.0
2026-07-27,51.58000183105469,53.709999084472656,51.58000183105469,53.66999816894531,1615100.0
2026-07-28,54.900001525878906,56.459999084472656,54.290000915527344,55.400001525878906,1811900.0
2026-07-29,55.970001220703125,57.08000183105469,55.54999923706055,55.86000061035156,1729600.0
2026-07-30,53.959999084472656,55.09000015258789,51.599998474121094,51.880001068115234,1078200.0
2026-07-31,50.81999969482422,52.599998474121094,50.43000030517578,52.41999816894531,1470700.0
2026-08-03,53.40999984741211,55.029998779296875,53.290000915527344,54.099998474121094,1104200.0
2026-08-04,52.790000915527344,54.900001525878906,52.349998474121094,54.79999923706055,799100.0
2026-08-05,54.970001220703125,55.029998779296875,53.45000076293945,54.38999938964844,588800.0
2026-08-06,54.279998779296875,55.47999954223633,53.720001220703125,55.34000015258789,1416500.0
2026-08-07,55.0,57.939998626708984,55.0,56.599998474121094,904500.0
2026-08-10,55.630001068115234,56.83000183105469,55.0,56.52000045776367,877200.0
2026-08-11,56.0,56.720001220703125,55.16999816894531,56.2400016784668,543500.0
2026-08-12,54.959999084472656,56.47999954223633,54.5,56.220001220703125,624000.0
2026-08-13,56.66999816894531,59.099998474121094,56.61000061035156,59.09000015258789,971200.0
2026-08-14,59.43000030517578,59.86000061035156,58.209999084472656,58.29999923706055,699800.0
2026-08-17,57.77000045776367,57.810001373291016,56.470001220703125,56.77000045776367,764500.0
2026-08-18,57.619998931884766,59.5,56.70000076293945,59.47999954223633,1562900.0
2026-08-19,59.38999938964844,60.970001220703125,58.58000183105469,59.41999816894531,1526300.0
2026-08-20,59.029998779296875,61.0,59.0,60.7400016784668,908300.0
2026-08-21,60.439998626708984,62.45000076293945,60.15999984741211,61.45000076293945,922500.0
2026-08-24,61.7599983215332,62.959999084472656,60.869998931884766,61.38999938964844,674300.0
2026-08-25,60.7599983215332,62.279998779296875,59.810001373291016,62.09000015258789,779100.0
2026-08-26,61.65999984741211,62.439998626708984,61.189998626708984,61.959999084472656,652800.0
2026-08-27,61.75,62.95000076293945,61.189998626708984,62.209999084472656,425200.0
2026-08-28,62.709999084472656,63.880001068115234,61.970001220703125,62.38999938964844,596300.0
2026-08-31,62.27000045776367,63.220001220703125,61.279998779296875,62.95000076293945,945200.0
2026-09-01,62.95000076293945,63.45000076293945,60.70000076293945,61.189998626708984,962500.0
2026-09-02,60.630001068115234,61.68000030517578,59.540000915527344,60.27000045776367,512000.0
2026-09-03,59.810001373291016,62.0,59.45000076293945,61.5099983215332,623400.0
2026-09-04,60.779998779296875,62.040000915527344,59.25,61.97999954223633,548400.0
2026-09-08,60.540000915527344,60.650001525878906,56.72999954223633,57.209999084472656,978900.0
2026-09-09,57.0099983215332,57.84000015258789,54.97999954223633,56.720001220703125,1242100.0
2026-09-10,57.7400016784668,58.02000045776367,56.45000076293945,57.02000045776367,723900.0
2026-09-11,57.130001068115234,57.7400016784668,55.5,56.459999084472656,667400.0
2026-09-14,57.470001220703125,58.88999938964844,57.060001373291016,58.02000045776367,650300.0
2026-09-15,57.970001220703125,58.63999938964844,56.790000915527344,58.45000076293945,828400.0
2026-09-16,57.77000045776367,58.22999954223633,56.88999938964844,57.93000030517578,702200.0
2026-09-17,58.040000915527344,58.209999084472656,57.0,57.66999816894531,604100.0
2026-09-18,57.04999923706055,57.65999984741211,56.130001068115234,57.63999938964844,1327100.0
2026-09-21,58.0,58.689998626708984,56.459999084472656,56.54999923706055,560700.0
2026-09-23,57.40999984741211,58.40999984741211,56.70000076293945,57.369998931884766,758800.0
2026-09-24,57.79999923706055,59.09000015258789,55.08000183105469,57.02000045776367,957200.0
