date,open,high,low,close,volume
2016-09-26,14.90999984741211,15.039999961853027,14.819999694824219,14.989999771118164,1405800.0
2016-09-27,14.569999694824219,14.979999542236328,14.539999961853027,14.800000190734863,45831200.0
2016-09-28,14.729999542236328,15.119999885559082,14.729999542236328,15.109999656677246,9657800.0
2016-09-29,15.109999656677246,15.1899995803833,14.819999694824219,15.130000114440918,9636700.0
2016-09-30,15.170000076293945,15.34000015258789,14.760000228881836,14.770000457763672,5949500.0
2016-10-03,14.829999923706055,14.859999656677246,14.520000457763672,14.569999694824219,3430300.0
2016-10-04,14.600000381469727,14.600000381469727,14.270000457763672,14.470000267028809,5873700.0
2016-10-05,14.539999961853027,14.649999618530273,13.989999771118164,14.010000228881836,4910700.0
2016-10-06,13.930000305175781,14.260000228881836,13.770000457763672,14.170000076293945,3632200.0
2016-10-07,14.260000228881836,14.550000190734863,14.029999732971191,14.210000038146973,5507400.0
2016-10-10,14.300000190734863,14.619999885559082,14.270000457763672,14.420000076293945,3664300.0
2016-10-11,14.380000114440918,14.460000038146973,14.130000114440918,14.25,3163300.0
2016-10-12,14.279999732971191,14.4399995803833,14.140000343322754,14.369999885559082,2139600.0
2016-10-13,14.319999694824219,14.609999656677246,14.25,14.539999961853027,3453300.0
2016-10-14,14.569999694824219,14.729999542236328,14.390000343322754,14.550000190734863,6524000.0
2016-10-17,14.550000190734863,14.600000381469727,14.460000038146973,14.510000228881836,2364000.0
2016-10-18,14.640000343322754,14.84000015258789,14.539999961853027,14.6899995803833,2076700.0
2016-10-19,14.6899995803833,14.789999961853027,14.59000015258789,14.670000076293945,1855300.0
2016-10-20,14.600000381469727,14.829999923706055,14.59000015258789,14.779999732971191,2197200.0
2016-10-21,14.65999984741211,14.819999694824219,14.619999885559082,14.760000228881836,1958900.0
2016-10-24,14.960000038146973,15.039999961853027,14.779999732971191,14.859999656677246,2569000.0
2016-10-25,14.84000015258789,14.90999984741211,14.739999771118164,14.789999961853027,2025400.0
2016-10-26,14.729999542236328,14.770000457763672,14.380000114440918,14.479999542236328,3305000.0
2016-10-27,14.479999542236328,14.479999542236328,13.859999656677246,14.029999732971191,4263800.0
2016-10-28,13.989999771118164,14.180000305175781,13.680000305175781,13.6899995803833,6483200.0
2016-10-31,13.710000038146973,14.050000190734863,13.609999656677246,13.9399995803833,11340800.0
2016-11-01,13.90999984741211,13.920000076293945,13.069999694824219,13.079999923706055,8352600.0
2016-11-02,12.65999984741211,12.680000305175781,12.1899995803833,12.199999809265137,15093900.0
2016-11-03,12.350000381469727,12.390000343322754,11.65999984741211,11.84000015258789,10921400.0
2016-11-04,11.800000190734863,12.210000038146973,11.800000190734863,12.100000381469727,6444300.0
2016-11-07,12.279999732971191,12.529999732971191,12.180000305175781,12.510000228881836,6466000.0
2016-11-08,12.5,12.529999732971191,12.279999732971191,12.359999656677246,4443300.0
2016-11-09,11.899999618530273,12.140000343322754,11.539999961853027,12.09000015258789,10419600.0
2016-11-10,12.09000015258789,12.149999618530273,11.739999771118164,11.890000343322754,7993900.0
2016-11-11,11.859999656677246,12.109999656677246,11.859999656677246,12.0,6547400.0
2016-11-14,12.020000457763672,12.329999923706055,11.930000305175781,12.3100004196167,7061300.0
2016-11-15,12.369999885559082,12.4399995803833,12.199999809265137,12.34000015258789,2901400.0
2016-11-16,12.34000015258789,12.460000038146973,12.270000457763672,12.369999885559082,3063700.0
2016-11-17,12.369999885559082,12.470000267028809,12.239999771118164,12.260000228881836,3749700.0
2016-11-18,12.289999961853027,12.329999923706055,12.170000076293945,12.279999732971191,2713800.0
2016-11-21,12.380000114440918,12.470000267028809,12.229999542236328,12.260000228881836,2566200.0
2016-11-22,12.3100004196167,12.420000076293945,12.220000267028809,12.399999618530273,3629500.0
2016-11-23,12.369999885559082,12.420000076293945,12.239999771118164,12.300000190734863,3405500.0
2016-11-25,12.300000190734863,12.4399995803833,12.300000190734863,12.369999885559082,1085600.0
2016-11-28,12.369999885559082,12.460000038146973,12.149999618530273,12.15999984741211,3547400.0
2016-11-29,12.170000076293945,12.289999961853027,12.0600004196167,12.180000305175781,4808900.0
2016-11-30,12.15999984741211,12.220000267028809,11.850000381469727,11.920000076293945,8210200.0
2016-12-01,11.899999618530273,12.039999961853027,11.569999694824219,11.75,6160800.0
2016-12-02,11.779999732971191,12.0600004196167,11.779999732971191,11.869999885559082,3647200.0
2016-12-05,11.9399995803833,12.180000305175781,11.880000114440918,12.119999885559082,4831500.0
2016-12-06,11.90999984741211,12.140000343322754,11.84000015258789,12.0600004196167,4206500.0
2016-12-07,12.09000015258789,12.350000381469727,12.09000015258789,12.25,6022100.0
2016-12-08,12.229999542236328,12.59000015258789,12.180000305175781,12.420000076293945,4114200.0
2016-12-09,12.449999809265137,12.520000457763672,12.329999923706055,12.430000305175781,2332600.0
2016-12-12,12.399999618530273,12.5600004196167,12.399999618530273,12.489999771118164,2883200.0
2016-12-13,12.34000015258789,12.430000305175781,12.229999542236328,12.300000190734863,3427200.0
2016-12-14,12.289999961853027,12.329999923706055,11.880000114440918,11.899999618530273,3290300.0
2016-12-15,11.899999618530273,12.270000457763672,11.890000343322754,11.930000305175781,3909400.0
2016-12-16,11.989999771118164,12.260000228881836,11.979999542236328,12.180000305175781,9309000.0
2016-12-19,12.260000228881836,12.34000015258789,12.180000305175781,12.289999961853027,2420900.0
2016-12-20,12.289999961853027,12.430000305175781,12.220000267028809,12.3100004196167,2272900.0
2016-12-21,12.279999732971191,12.430000305175781,12.069999694824219,12.069999694824219,2838900.0
2016-12-22,12.050000190734863,12.130000114440918,11.90999984741211,11.979999542236328,3574600.0
2016-12-23,12.0,12.119999885559082,11.960000038146973,12.069999694824219,2474100.0
2016-12-27,12.079999923706055,12.15999984741211,12.029999732971191,12.09000015258789,1451900.0
2016-12-28,12.100000381469727,12.119999885559082,12.010000228881836,12.079999923706055,1994100.0
2016-12-29,12.100000381469727,12.40999984741211,12.100000381469727,12.359999656677246,2748100.0
2016-12-30,12.350000381469727,12.430000305175781,12.229999542236328,12.300000190734863,3952700.0
2017-01-03,12.34000015258789,12.460000038146973,12.260000228881836,12.430000305175781,2348700.0
2017-01-04,12.470000267028809,12.670000076293945,12.460000038146973,12.479999542236328,4385200.0
2017-01-05,12.449999809265137,12.670000076293945,12.350000381469727,12.539999961853027,2423500.0
2017-01-06,12.539999961853027,12.619999885559082,12.399999618530273,12.529999732971191,2080100.0
2017-01-09,12.59000015258789,12.609999656677246,12.40999984741211,12.539999961853027,2697000.0
2017-01-10,12.539999961853027,12.579999923706055,12.350000381469727,12.390000343322754,2376600.0
2017-01-11,12.399999618530273,12.539999961853027,12.359999656677246,12.420000076293945,2095600.0
2017-01-12,12.470000267028809,12.59000015258789,12.289999961853027,12.5600004196167,4213600.0
2017-01-13,12.5600004196167,12.720000267028809,12.5600004196167,12.630000114440918,2464400.0
2017-01-17,12.680000305175781,12.75,12.640000343322754,12.710000038146973,1805400.0
2017-01-18,12.729999542236328,12.84000015258789,12.630000114440918,12.739999771118164,1719500.0
2017-01-19,12.720000267028809,12.75,12.489999771118164,12.5600004196167,1931000.0
2017-01-20,12.550000190734863,12.680000305175781,12.510000228881836,12.630000114440918,2643100.0
2017-01-23,12.600000381469727,12.84000015258789,12.579999923706055,12.829999923706055,2466900.0
2017-01-24,12.84000015258789,13.050000190734863,12.8100004196167,13.010000228881836,4094900.0
2017-01-25,13.029999732971191,13.229999542236328,12.970000267028809,13.199999809265137,4325200.0
2017-01-26,13.149999618530273,13.25,12.90999984741211,13.010000228881836,2847900.0
2017-01-27,13.050000190734863,13.079999923706055,12.640000343322754,12.829999923706055,2393300.0
2017-01-30,12.84000015258789,12.850000381469727,12.699999809265137,12.8100004196167,2960700.0
2017-01-31,12.819999694824219,12.920000076293945,12.729999542236328,12.75,2363100.0
2017-02-01,12.770000457763672,12.850000381469727,12.460000038146973,12.539999961853027,2826800.0
2017-02-02,12.520000457763672,12.75,12.510000228881836,12.739999771118164,2678700.0
2017-02-03,12.859999656677246,12.979999542236328,12.829999923706055,12.90999984741211,2164400.0
2017-02-06,12.899999618530273,13.020000457763672,12.84000015258789,12.869999885559082,1934400.0
2017-02-07,12.899999618530273,12.970000267028809,12.720000267028809,12.739999771118164,2142700.0
2017-02-08,12.770000457763672,13.029999732971191,12.670000076293945,13.020000457763672,4562200.0
2017-02-09,13.0600004196167,13.130000114440918,12.619999885559082,13.09000015258789,4909700.0
2017-02-10,13.109999656677246,13.319999694824219,13.020000457763672,13.25,2674600.0
2017-02-13,13.850000381469727,13.859999656677246,13.25,13.289999961853027,3173800.0
2017-02-14,13.25,13.300000190734863,13.0600004196167,13.25,3265300.0
2017-02-15,13.170000076293945,13.369999885559082,13.039999961853027,13.34000015258789,2341500.0
2017-02-16,13.300000190734863,13.470000267028809,13.300000190734863,13.350000381469727,2625700.0
2017-02-17,13.449999809265137,13.479999542236328,13.1899995803833,13.279999732971191,3184600.0
2017-02-21,13.3100004196167,13.420000076293945,13.289999961853027,13.34000015258789,3273600.0
2017-02-22,13.369999885559082,13.40999984741211,13.069999694824219,13.109999656677246,7091000.0
2017-02-23,13.199999809265137,13.279999732971191,13.0600004196167,13.239999771118164,4822100.0
2017-02-24,13.25,13.460000038146973,13.149999618530273,13.359999656677246,3103000.0
2017-02-27,13.40999984741211,13.579999923706055,13.359999656677246,13.529999732971191,2715000.0
2017-02-28,13.5,13.609999656677246,13.369999885559082,13.420000076293945,3493700.0
2017-03-01,13.430000305175781,13.539999961853027,13.34000015258789,13.380000114440918,3388600.0
2017-03-02,13.380000114440918,13.380000114440918,12.609999656677246,12.829999923706055,9704000.0
2017-03-03,12.84000015258789,12.920000076293945,12.770000457763672,12.890000343322754,4086300.0
2017-03-06,12.859999656677246,12.899999618530273,12.65999984741211,12.739999771118164,2981900.0
2017-03-07,12.710000038146973,12.760000228881836,12.579999923706055,12.649999618530273,3693700.0
2017-03-08,12.619999885559082,12.640000343322754,12.25,12.279999732971191,3830700.0
2017-03-09,12.270000457763672,12.369999885559082,11.970000267028809,12.149999618530273,4454700.0
2017-03-10,12.3100004196167,12.430000305175781,12.100000381469727,12.199999809265137,3459800.0
2017-03-13,12.479999542236328,12.539999961853027,12.260000228881836,12.34000015258789,5692900.0
2017-03-14,11.989999771118164,12.220000267028809,11.899999618530273,12.1899995803833,4318600.0
2017-03-15,12.210000038146973,12.489999771118164,12.140000343322754,12.399999618530273,4021400.0
2017-03-16,12.380000114440918,12.470000267028809,12.319999694824219,12.420000076293945,2968100.0
2017-03-17,12.390000343322754,12.479999542236328,12.279999732971191,12.40999984741211,5854400.0
2017-03-20,12.40999984741211,12.430000305175781,12.25,12.3100004196167,3519900.0
2017-03-21,12.350000381469727,12.40999984741211,12.149999618530273,12.329999923706055,4794200.0
2017-03-22,12.329999923706055,12.539999961853027,12.279999732971191,12.520000457763672,4706400.0
2017-03-23,12.5,12.819999694824219,12.5,12.720000267028809,5184200.0
2017-03-24,12.739999771118164,12.859999656677246,12.699999809265137,12.75,3174800.0
2017-03-27,12.720000267028809,12.869999885559082,12.680000305175781,12.760000228881836,2453400.0
2017-03-28,12.770000457763672,12.819999694824219,12.649999618530273,12.729999542236328,3259500.0
2017-03-29,12.729999542236328,12.899999618530273,12.729999542236328,12.8100004196167,2318700.0
2017-03-30,12.8100004196167,12.850000381469727,12.729999542236328,12.819999694824219,1593700.0
2017-03-31,12.789999961853027,12.930000305175781,12.75,12.890000343322754,2893200.0
2017-04-03,12.890000343322754,13.039999961853027,12.869999885559082,12.970000267028809,2617300.0
2017-04-04,12.979999542236328,13.279999732971191,12.930000305175781,13.140000343322754,5274500.0
2017-04-05,13.180000305175781,13.4399995803833,13.180000305175781,13.350000381469727,5519700.0
2017-04-06,13.359999656677246,13.449999809265137,13.270000457763672,13.40999984741211,5680900.0
2017-04-07,13.460000038146973,13.779999732971191,13.420000076293945,13.630000114440918,5696500.0
2017-04-10,13.699999809265137,13.770000457763672,13.5600004196167,13.729999542236328,3436900.0
2017-04-11,13.739999771118164,13.880000114440918,13.65999984741211,13.869999885559082,3537500.0
2017-04-12,13.869999885559082,14.039999961853027,13.84000015258789,13.960000038146973,3073800.0
2017-04-13,13.970000267028809,14.029999732971191,13.850000381469727,13.899999618530273,3497300.0
2017-04-17,13.960000038146973,14.130000114440918,13.949999809265137,14.130000114440918,3464200.0
2017-04-18,14.119999885559082,14.220000267028809,14.100000381469727,14.140000343322754,3016400.0
2017-04-19,14.119999885559082,14.210000038146973,14.0600004196167,14.100000381469727,3134600.0
2017-04-20,14.100000381469727,14.1899995803833,14.0,14.119999885559082,2623600.0
2017-04-21,14.079999923706055,14.180000305175781,14.020000457763672,14.029999732971191,2707800.0
2017-04-24,14.130000114440918,14.149999618530273,13.670000076293945,13.8100004196167,4365600.0
2017-04-25,13.8100004196167,13.949999809265137,13.800000190734863,13.84000015258789,2784800.0
2017-04-26,13.84000015258789,13.84000015258789,13.350000381469727,13.550000190734863,46316700.0
2017-04-27,13.600000381469727,13.640000343322754,13.4399995803833,13.470000267028809,6747100.0
2017-04-28,13.5,13.520000457763672,13.0600004196167,13.069999694824219,9745700.0
2017-05-01,13.130000114440918,13.180000305175781,13.010000228881836,13.079999923706055,4900300.0
2017-05-02,13.079999923706055,13.100000381469727,12.899999618530273,12.970000267028809,5485800.0
2017-05-03,12.989999771118164,13.0,12.680000305175781,12.699999809265137,6315000.0
2017-05-04,12.710000038146973,12.739999771118164,12.25,12.619999885559082,7199500.0
2017-05-05,12.649999618530273,12.979999542236328,12.600000381469727,12.970000267028809,5649400.0
2017-05-08,13.020000457763672,13.109999656677246,12.920000076293945,13.029999732971191,3863200.0
2017-05-09,13.029999732971191,13.050000190734863,12.869999885559082,13.020000457763672,4060700.0
2017-05-10,13.029999732971191,13.260000228881836,12.979999542236328,13.1899995803833,2705900.0
2017-05-11,13.149999618530273,13.350000381469727,13.09000015258789,13.279999732971191,3333200.0
2017-05-12,13.300000190734863,13.449999809265137,13.25,13.329999923706055,3629900.0
2017-05-15,13.369999885559082,13.5,13.3100004196167,13.34000015258789,2283200.0
2017-05-16,13.319999694824219,13.319999694824219,13.09000015258789,13.229999542236328,2817400.0
2017-05-17,13.229999542236328,13.5,13.229999542236328,13.279999732971191,4708900.0
2017-05-18,13.279999732971191,13.380000114440918,13.15999984741211,13.34000015258789,2506200.0
2017-05-19,13.350000381469727,13.420000076293945,13.180000305175781,13.199999809265137,4676100.0
2017-05-22,13.300000190734863,13.3100004196167,13.020000457763672,13.1899995803833,4342600.0
2017-05-23,13.25,13.289999961853027,13.100000381469727,13.130000114440918,3413700.0
2017-05-24,13.149999618530273,13.199999809265137,13.09000015258789,13.109999656677246,3053000.0
2017-05-25,13.15999984741211,13.15999984741211,12.850000381469727,12.869999885559082,3706500.0
2017-05-26,12.869999885559082,12.920000076293945,12.720000267028809,12.800000190734863,2079200.0
2017-05-30,12.800000190734863,12.949999809265137,12.770000457763672,12.899999618530273,2305400.0
2017-05-31,12.90999984741211,12.960000038146973,12.859999656677246,12.949999809265137,2963700.0
2017-06-01,12.960000038146973,13.210000038146973,12.880000114440918,13.15999984741211,4438100.0
2017-06-02,13.260000228881836,13.34000015258789,13.210000038146973,13.239999771118164,3066400.0
2017-06-05,13.180000305175781,13.289999961853027,13.149999618530273,13.239999771118164,2205600.0
2017-06-06,13.260000228881836,13.289999961853027,13.140000343322754,13.149999618530273,1948500.0
2017-06-07,13.15999984741211,13.329999923706055,13.109999656677246,13.239999771118164,2215000.0
2017-06-08,13.239999771118164,13.260000228881836,13.0,13.25,2306300.0
2017-06-09,13.260000228881836,13.430000305175781,13.15999984741211,13.350000381469727,3108900.0
2017-06-12,13.350000381469727,13.649999618530273,13.3100004196167,13.600000381469727,3605600.0
2017-06-13,13.329999923706055,13.390000343322754,13.119999885559082,13.210000038146973,2956700.0
2017-06-14,13.329999923706055,13.449999809265137,13.260000228881836,13.300000190734863,3147700.0
2017-06-15,13.239999771118164,13.300000190734863,13.15999984741211,13.239999771118164,1754900.0
2017-06-16,13.180000305175781,13.220000267028809,13.069999694824219,13.199999809265137,4473000.0
2017-06-19,13.210000038146973,13.289999961853027,13.130000114440918,13.260000228881836,2051800.0
2017-06-20,13.279999732971191,13.300000190734863,13.170000076293945,13.220000267028809,2741100.0
2017-06-21,13.199999809265137,13.3100004196167,13.119999885559082,13.15999984741211,2441300.0
2017-06-22,13.170000076293945,13.329999923706055,13.100000381469727,13.270000457763672,3072200.0
2017-06-23,13.3100004196167,13.5,13.229999542236328,13.239999771118164,28052900.0
2017-06-26,13.350000381469727,13.569999694824219,13.319999694824219,13.529999732971191,2982900.0
2017-06-27,13.510000228881836,13.600000381469727,13.220000267028809,13.220000267028809,3923100.0
2017-06-28,13.289999961853027,13.369999885559082,13.149999618530273,13.199999809265137,4548800.0
2017-06-29,13.109999656677246,13.140000343322754,12.819999694824219,12.899999618530273,4880800.0
2017-06-30,12.949999809265137,13.020000457763672,12.819999694824219,12.869999885559082,4212000.0
2017-07-03,12.930000305175781,13.050000190734863,12.84000015258789,13.020000457763672,1462100.0
2017-07-05,13.050000190734863,13.109999656677246,12.779999732971191,12.829999923706055,3288400.0
2017-07-06,12.770000457763672,12.770000457763672,12.319999694824219,12.34000015258789,5768900.0
2017-07-07,12.359999656677246,12.520000457763672,12.300000190734863,12.430000305175781,3578000.0
2017-07-10,12.430000305175781,12.550000190734863,12.300000190734863,12.300000190734863,2619400.0
2017-07-11,12.34000015258789,12.399999618530273,12.270000457763672,12.329999923706055,3139600.0
2017-07-12,12.470000267028809,12.609999656677246,12.430000305175781,12.5600004196167,2291500.0
2017-07-13,12.579999923706055,12.630000114440918,12.529999732971191,12.5600004196167,2818000.0
2017-07-14,12.6899995803833,12.760000228881836,12.640000343322754,12.680000305175781,2084200.0
2017-07-17,12.869999885559082,13.029999732971191,12.760000228881836,12.989999771118164,3783700.0
2017-07-18,13.010000228881836,13.180000305175781,12.960000038146973,13.039999961853027,2945200.0
2017-07-19,13.079999923706055,13.140000343322754,12.979999542236328,13.029999732971191,1836500.0
2017-07-20,13.079999923706055,13.180000305175781,13.020000457763672,13.039999961853027,2953500.0
2017-07-21,13.09000015258789,13.119999885559082,12.970000267028809,13.100000381469727,1734300.0
2017-07-24,13.100000381469727,13.119999885559082,12.84000015258789,12.880000114440918,2354500.0
2017-07-25,12.859999656677246,13.0,12.770000457763672,12.979999542236328,3356800.0
2017-07-26,12.970000267028809,13.039999961853027,12.920000076293945,13.0,1515600.0
2017-07-27,12.9399995803833,12.989999771118164,12.819999694824219,12.90999984741211,1611100.0
2017-07-28,12.9399995803833,12.970000267028809,12.859999656677246,12.930000305175781,1676800.0
2017-07-31,12.960000038146973,13.0,12.800000190734863,12.979999542236328,2217900.0
2017-08-01,13.0,13.09000015258789,12.84000015258789,12.920000076293945,2276900.0
2017-08-02,12.90999984741211,12.930000305175781,12.699999809265137,12.75,1963800.0
2017-08-03,12.75,12.800000190734863,12.649999618530273,12.779999732971191,1194400.0
2017-08-04,12.779999732971191,12.859999656677246,12.739999771118164,12.800000190734863,1569000.0
2017-08-07,12.800000190734863,12.84000015258789,12.640000343322754,12.729999542236328,1662300.0
2017-08-08,12.710000038146973,12.760000228881836,12.600000381469727,12.65999984741211,1836300.0
2017-08-09,12.670000076293945,12.699999809265137,12.380000114440918,12.609999656677246,2993800.0
2017-08-10,12.600000381469727,12.640000343322754,12.380000114440918,12.4399995803833,1992700.0
2017-08-11,12.380000114440918,12.600000381469727,12.369999885559082,12.520000457763672,2431000.0
2017-08-14,12.520000457763672,12.699999809265137,12.520000457763672,12.670000076293945,2415600.0
2017-08-15,12.649999618530273,12.649999618530273,12.539999961853027,12.630000114440918,1683700.0
2017-08-16,12.630000114440918,12.859999656677246,12.630000114440918,12.770000457763672,2268700.0
2017-08-17,12.739999771118164,12.789999961853027,12.579999923706055,12.609999656677246,2127200.0
2017-08-18,12.550000190734863,12.579999923706055,12.460000038146973,12.510000228881836,2378000.0
2017-08-21,12.539999961853027,12.829999923706055,12.489999771118164,12.819999694824219,1728800.0
2017-08-22,12.800000190734863,12.819999694824219,12.600000381469727,12.65999984741211,1425100.0
2017-08-23,12.649999618530273,12.770000457763672,12.579999923706055,12.710000038146973,1499600.0
2017-08-24,12.729999542236328,12.84000015258789,12.710000038146973,12.720000267028809,1828400.0
2017-08-25,12.770000457763672,12.90999984741211,12.729999542236328,12.8100004196167,1250000.0
2017-08-28,12.8100004196167,12.869999885559082,12.75,12.8100004196167,1889300.0
2017-08-29,12.8100004196167,12.920000076293945,12.779999732971191,12.869999885559082,1407700.0
2017-08-30,12.850000381469727,12.9399995803833,12.800000190734863,12.930000305175781,1148500.0
2017-08-31,12.960000038146973,13.1899995803833,12.960000038146973,13.15999984741211,1999900.0
2017-09-01,13.170000076293945,13.279999732971191,13.149999618530273,13.170000076293945,1742600.0
2017-09-05,13.199999809265137,13.3100004196167,13.170000076293945,13.229999542236328,1555000.0
2017-09-06,13.270000457763672,13.460000038146973,13.260000228881836,13.300000190734863,2405600.0
2017-09-07,13.350000381469727,13.5,13.319999694824219,13.390000343322754,2548800.0
2017-09-08,13.359999656677246,13.420000076293945,13.289999961853027,13.319999694824219,2358800.0
2017-09-11,13.350000381469727,13.5,13.350000381469727,13.4399995803833,2274400.0
2017-09-12,13.5,13.539999961853027,13.300000190734863,13.350000381469727,2785100.0
2017-09-13,13.149999618530273,13.199999809265137,13.069999694824219,13.069999694824219,2100700.0
2017-09-14,13.050000190734863,13.119999885559082,12.960000038146973,13.0600004196167,1564800.0
2017-09-15,13.050000190734863,13.1899995803833,12.979999542236328,13.180000305175781,2670200.0
2017-09-18,13.180000305175781,13.199999809265137,13.050000190734863,13.140000343322754,1650600.0
2017-09-19,13.180000305175781,13.180000305175781,13.010000228881836,13.0600004196167,1652100.0
2017-09-20,13.09000015258789,13.109999656677246,12.920000076293945,13.010000228881836,1530700.0
2017-09-21,13.020000457763672,13.0600004196167,12.970000267028809,12.970000267028809,1476600.0
2017-09-22,13.0,13.029999732971191,12.899999618530273,12.9399995803833,1160100.0
2017-09-25,12.979999542236328,13.15999984741211,12.960000038146973,13.100000381469727,1689600.0
2017-09-26,13.069999694824219,13.109999656677246,12.960000038146973,13.010000228881836,1388500.0
2017-09-27,12.970000267028809,13.020000457763672,12.779999732971191,12.800000190734863,1820300.0
2017-09-28,12.800000190734863,13.0,12.789999961853027,12.989999771118164,1478700.0
2017-09-29,13.0,13.140000343322754,12.989999771118164,13.130000114440918,2074200.0
2017-10-02,13.130000114440918,13.149999618530273,13.069999694824219,13.100000381469727,1311100.0
2017-10-03,13.130000114440918,13.199999809265137,13.0600004196167,13.180000305175781,1582700.0
2017-10-04,13.220000267028809,13.25,13.140000343322754,13.220000267028809,1242800.0
2017-10-05,13.260000228881836,13.329999923706055,13.15999984741211,13.180000305175781,1475000.0
2017-10-06,13.149999618530273,13.199999809265137,12.970000267028809,13.050000190734863,1247800.0
2017-10-09,13.09000015258789,13.180000305175781,13.069999694824219,13.100000381469727,1348000.0
2017-10-10,13.15999984741211,13.229999542236328,13.029999732971191,13.0600004196167,1534600.0
2017-10-11,13.079999923706055,13.170000076293945,13.069999694824219,13.119999885559082,1463500.0
2017-10-12,13.229999542236328,13.229999542236328,13.039999961853027,13.119999885559082,1367500.0
2017-10-13,13.15999984741211,13.199999809265137,12.890000343322754,13.039999961853027,2974400.0
2017-10-16,13.0600004196167,13.1899995803833,13.050000190734863,13.140000343322754,1608000.0
2017-10-17,13.100000381469727,13.319999694824219,13.079999923706055,13.3100004196167,1961900.0
2017-10-18,13.300000190734863,13.359999656677246,13.229999542236328,13.350000381469727,1260900.0
2017-10-19,13.34000015258789,13.369999885559082,13.239999771118164,13.329999923706055,1146100.0
2017-10-20,13.34000015258789,13.350000381469727,13.170000076293945,13.329999923706055,1058000.0
2017-10-23,13.350000381469727,13.40999984741211,13.25,13.3100004196167,2401900.0
2017-10-24,13.329999923706055,13.329999923706055,13.1899995803833,13.220000267028809,1799700.0
2017-10-25,13.170000076293945,13.239999771118164,13.039999961853027,13.229999542236328,2568700.0
2017-10-26,13.279999732971191,13.289999961853027,13.109999656677246,13.130000114440918,2016300.0
2017-10-27,13.149999618530273,13.3100004196167,13.069999694824219,13.279999732971191,1895300.0
2017-10-30,13.25,13.300000190734863,13.170000076293945,13.270000457763672,1547900.0
2017-10-31,13.270000457763672,13.270000457763672,13.100000381469727,13.229999542236328,2113200.0
2017-11-01,13.239999771118164,13.279999732971191,13.15999984741211,13.170000076293945,1903100.0
2017-11-02,13.239999771118164,13.5,13.119999885559082,13.449999809265137,2720600.0
2017-11-03,13.390000343322754,13.600000381469727,13.359999656677246,13.59000015258789,3008000.0
2017-11-06,13.619999885559082,13.779999732971191,13.600000381469727,13.619999885559082,2839800.0
2017-11-07,13.609999656677246,13.699999809265137,13.460000038146973,13.6899995803833,2305600.0
2017-11-08,13.630000114440918,13.720000267028809,13.550000190734863,13.579999923706055,1628200.0
2017-11-09,13.529999732971191,13.800000190734863,13.5,13.609999656677246,2291000.0
2017-11-10,13.569999694824219,13.6899995803833,13.539999961853027,13.5600004196167,1815300.0
2017-11-13,13.600000381469727,13.6899995803833,13.600000381469727,13.649999618530273,1507200.0
2017-11-14,13.619999885559082,13.720000267028809,13.600000381469727,13.609999656677246,1905600.0
2017-11-15,13.649999618530273,13.649999618530273,13.510000228881836,13.520000457763672,1929400.0
2017-11-16,13.520000457763672,13.670000076293945,13.460000038146973,13.600000381469727,2286300.0
2017-11-17,13.600000381469727,13.829999923706055,13.569999694824219,13.779999732971191,2895900.0
2017-11-20,13.779999732971191,13.890000343322754,13.760000228881836,13.789999961853027,2612300.0
2017-11-21,13.829999923706055,13.880000114440918,13.770000457763672,13.880000114440918,2082500.0
2017-11-22,13.890000343322754,13.949999809265137,13.829999923706055,13.829999923706055,1601500.0
2017-11-24,13.859999656677246,13.9399995803833,13.789999961853027,13.800000190734863,634200.0
2017-11-27,13.800000190734863,13.84000015258789,13.6899995803833,13.6899995803833,1466900.0
2017-11-28,13.710000038146973,13.8100004196167,13.680000305175781,13.8100004196167,1771700.0
2017-11-29,13.779999732971191,13.819999694824219,13.710000038146973,13.789999961853027,1515200.0
2017-11-30,13.739999771118164,13.789999961853027,13.649999618530273,13.6899995803833,2102100.0
2017-12-01,13.729999542236328,13.8100004196167,13.649999618530273,13.800000190734863,1866000.0
2017-12-04,13.859999656677246,13.920000076293945,13.8100004196167,13.84000015258789,2429500.0
2017-12-05,13.84000015258789,13.949999809265137,13.770000457763672,13.819999694824219,3184200.0
2017-12-06,13.569999694824219,13.600000381469727,13.420000076293945,13.5600004196167,2338200.0
2017-12-07,13.520000457763672,13.5600004196167,13.470000267028809,13.520000457763672,2973600.0
2017-12-08,13.539999961853027,13.619999885559082,13.520000457763672,13.579999923706055,2156300.0
2017-12-11,13.579999923706055,13.649999618530273,13.5600004196167,13.600000381469727,1698400.0
2017-12-12,13.619999885559082,13.680000305175781,13.579999923706055,13.649999618530273,1886800.0
2017-12-13,13.699999809265137,13.84000015258789,13.65999984741211,13.800000190734863,1878000.0
2017-12-14,13.800000190734863,13.84000015258789,13.710000038146973,13.760000228881836,1470500.0
2017-12-15,13.829999923706055,14.100000381469727,13.8100004196167,13.989999771118164,7214700.0
2017-12-18,14.039999961853027,14.170000076293945,14.039999961853027,14.15999984741211,1817600.0
2017-12-19,14.15999984741211,14.1899995803833,13.819999694824219,13.859999656677246,2037900.0
2017-12-20,13.859999656677246,13.960000038146973,13.550000190734863,13.550000190734863,2603200.0
2017-12-21,13.619999885559082,13.619999885559082,13.510000228881836,13.550000190734863,1702300.0
2017-12-22,13.5600004196167,13.640000343322754,13.539999961853027,13.59000015258789,1527100.0
2017-12-26,13.59000015258789,13.710000038146973,13.569999694824219,13.649999618530273,1054900.0
2017-12-27,13.720000267028809,13.739999771118164,13.649999618530273,13.65999984741211,1880000.0
2017-12-28,13.680000305175781,13.779999732971191,13.619999885559082,13.770000457763672,1595800.0
2017-12-29,13.770000457763672,13.880000114440918,13.720000267028809,13.779999732971191,2187700.0
2018-01-02,13.779999732971191,13.890000343322754,13.720000267028809,13.829999923706055,1582100.0
2018-01-03,13.850000381469727,13.880000114440918,13.65999984741211,13.789999961853027,1816800.0
2018-01-04,13.819999694824219,13.829999923706055,13.529999732971191,13.550000190734863,1361200.0
2018-01-05,13.489999771118164,13.5,13.199999809265137,13.279999732971191,3515700.0
2018-01-08,13.279999732971191,13.34000015258789,13.140000343322754,13.3100004196167,3326100.0
2018-01-09,13.289999961853027,13.3100004196167,13.069999694824219,13.09000015258789,3029200.0
2018-01-10,13.010000228881836,13.039999961853027,12.829999923706055,12.920000076293945,2840400.0
2018-01-11,12.920000076293945,13.0,12.8100004196167,12.819999694824219,2253800.0
2018-01-12,12.789999961853027,12.850000381469727,12.680000305175781,12.760000228881836,2015200.0
2018-01-16,12.819999694824219,13.0,12.800000190734863,12.819999694824219,1778700.0
2018-01-17,12.890000343322754,13.09000015258789,12.84000015258789,13.029999732971191,1961000.0
2018-01-18,12.949999809265137,13.0,12.779999732971191,12.829999923706055,1592100.0
2018-01-19,12.779999732971191,12.899999618530273,12.770000457763672,12.899999618530273,1704600.0
2018-01-22,12.899999618530273,13.079999923706055,12.859999656677246,13.079999923706055,1738500.0
2018-01-23,13.100000381469727,13.220000267028809,13.0600004196167,13.220000267028809,1393900.0
2018-01-24,13.239999771118164,13.289999961853027,13.100000381469727,13.15999984741211,1486100.0
2018-01-25,13.180000305175781,13.3100004196167,13.149999618530273,13.300000190734863,1566800.0
2018-01-26,13.300000190734863,13.329999923706055,13.100000381469727,13.140000343322754,1545500.0
2018-01-29,13.079999923706055,13.100000381469727,12.930000305175781,13.010000228881836,1569500.0
2018-01-30,12.930000305175781,12.989999771118164,12.850000381469727,12.850000381469727,1792500.0
2018-01-31,12.920000076293945,13.09000015258789,12.859999656677246,13.079999923706055,2228300.0
2018-02-01,13.079999923706055,13.149999618530273,12.550000190734863,12.600000381469727,3458100.0
2018-02-02,12.550000190734863,12.670000076293945,12.289999961853027,12.609999656677246,2271800.0
2018-02-05,12.5600004196167,12.65999984741211,12.220000267028809,12.229999542236328,3548600.0
2018-02-06,12.199999809265137,12.449999809265137,11.819999694824219,12.380000114440918,4981800.0
2018-02-07,12.319999694824219,12.5,12.170000076293945,12.25,2711800.0
2018-02-08,12.40999984741211,12.489999771118164,11.880000114440918,11.880000114440918,3878400.0
2018-02-09,11.970000267028809,12.550000190734863,11.899999618530273,12.4399995803833,3694700.0
2018-02-12,12.489999771118164,12.539999961853027,11.970000267028809,12.289999961853027,3267300.0
2018-02-13,12.260000228881836,12.489999771118164,12.119999885559082,12.430000305175781,2389300.0
2018-02-14,12.300000190734863,12.4399995803833,12.199999809265137,12.34000015258789,2956600.0
2018-02-15,12.359999656677246,12.520000457763672,12.319999694824219,12.460000038146973,2218600.0
2018-02-16,12.539999961853027,12.930000305175781,12.520000457763672,12.800000190734863,3833700.0
2018-02-20,12.720000267028809,12.859999656677246,12.479999542236328,12.5,2110900.0
2018-02-21,12.5,12.649999618530273,12.329999923706055,12.34000015258789,1812100.0
2018-02-22,12.4399995803833,12.699999809265137,12.399999618530273,12.529999732971191,1938300.0
2018-02-23,12.609999656677246,12.6899995803833,12.520000457763672,12.65999984741211,1876300.0
2018-02-26,12.6899995803833,12.699999809265137,12.5,12.569999694824219,2007600.0
2018-02-27,12.569999694824219,12.649999618530273,12.300000190734863,12.300000190734863,2203200.0
2018-02-28,12.390000343322754,12.430000305175781,12.25,12.260000228881836,1901400.0
2018-03-01,12.239999771118164,12.680000305175781,12.239999771118164,12.529999732971191,2781100.0
2018-03-02,12.510000228881836,12.59000015258789,12.390000343322754,12.5600004196167,2808800.0
2018-03-05,12.550000190734863,12.779999732971191,12.550000190734863,12.680000305175781,2300000.0
2018-03-06,12.670000076293945,12.930000305175781,12.579999923706055,12.859999656677246,2722500.0
2018-03-07,12.800000190734863,12.979999542236328,12.800000190734863,12.949999809265137,2827900.0
2018-03-08,12.989999771118164,13.079999923706055,12.890000343322754,12.979999542236328,1618900.0
2018-03-09,13.010000228881836,13.09000015258789,12.930000305175781,13.0600004196167,1749000.0
2018-03-12,13.0600004196167,13.270000457763672,13.050000190734863,13.25,1959200.0
2018-03-13,13.270000457763672,13.399999618530273,13.170000076293945,13.199999809265137,2372200.0
2018-03-14,12.9399995803833,13.010000228881836,12.8100004196167,12.90999984741211,1959200.0
2018-03-15,12.90999984741211,12.960000038146973,12.800000190734863,12.880000114440918,1563300.0
2018-03-16,12.890000343322754,13.020000457763672,12.789999961853027,12.890000343322754,3709700.0
2018-03-19,12.890000343322754,12.890000343322754,12.699999809265137,12.869999885559082,3072100.0
2018-03-20,12.880000114440918,12.970000267028809,12.699999809265137,12.770000457763672,2436000.0
2018-03-21,12.739999771118164,12.789999961853027,12.579999923706055,12.680000305175781,1982100.0
2018-03-22,12.680000305175781,12.890000343322754,12.619999885559082,12.619999885559082,2310700.0
2018-03-23,12.649999618530273,12.739999771118164,12.380000114440918,12.479999542236328,3208800.0
2018-03-26,12.5600004196167,12.619999885559082,12.430000305175781,12.5,2078800.0
2018-03-27,12.510000228881836,12.770000457763672,12.380000114440918,12.609999656677246,2674300.0
2018-03-28,12.670000076293945,13.029999732971191,12.670000076293945,12.9399995803833,5437800.0
2018-03-29,12.949999809265137,13.069999694824219,12.869999885559082,13.0,2954900.0
2018-04-02,13.0,13.020000457763672,12.470000267028809,12.520000457763672,3943100.0
2018-04-03,12.539999961853027,12.859999656677246,12.470000267028809,12.770000457763672,2482000.0
2018-04-04,12.699999809265137,12.930000305175781,12.649999618530273,12.869999885559082,2356400.0
2018-04-05,12.859999656677246,12.930000305175781,12.6899995803833,12.84000015258789,1260000.0
2018-04-06,12.819999694824219,12.960000038146973,12.670000076293945,12.6899995803833,3117700.0
2018-04-09,12.699999809265137,12.789999961853027,12.59000015258789,12.680000305175781,1980900.0
2018-04-10,12.739999771118164,12.869999885559082,12.710000038146973,12.770000457763672,3093100.0
2018-04-11,12.739999771118164,12.880000114440918,12.710000038146973,12.729999542236328,2069000.0
2018-04-12,12.779999732971191,12.789999961853027,12.470000267028809,12.470000267028809,1817000.0
2018-04-13,12.5,12.579999923706055,12.40999984741211,12.550000190734863,1245200.0
2018-04-16,12.579999923706055,12.699999809265137,12.520000457763672,12.619999885559082,2112800.0
2018-04-17,12.619999885559082,12.779999732971191,12.600000381469727,12.729999542236328,2740100.0
2018-04-18,12.729999542236328,12.789999961853027,12.670000076293945,12.6899995803833,1125100.0
2018-04-19,12.640000343322754,12.65999984741211,12.430000305175781,12.529999732971191,1856800.0
2018-04-20,12.550000190734863,12.600000381469727,12.399999618530273,12.4399995803833,2078400.0
2018-04-23,12.430000305175781,12.460000038146973,12.25,12.350000381469727,2226300.0
2018-04-24,12.40999984741211,12.520000457763672,12.359999656677246,12.460000038146973,1504500.0
2018-04-25,12.390000343322754,12.4399995803833,12.270000457763672,12.350000381469727,2554600.0
2018-04-26,12.430000305175781,12.5600004196167,12.350000381469727,12.5,1847800.0
2018-04-27,12.579999923706055,12.84000015258789,12.5600004196167,12.8100004196167,1926000.0
2018-04-30,12.84000015258789,12.850000381469727,12.699999809265137,12.779999732971191,1908200.0
2018-05-01,12.789999961853027,12.970000267028809,12.579999923706055,12.890000343322754,2545500.0
2018-05-02,12.850000381469727,12.930000305175781,12.65999984741211,12.899999618530273,1984700.0
2018-05-03,12.850000381469727,13.050000190734863,12.739999771118164,12.90999984741211,1814900.0
2018-05-04,12.90999984741211,13.180000305175781,12.899999618530273,13.130000114440918,1407800.0
2018-05-07,13.109999656677246,13.350000381469727,13.100000381469727,13.289999961853027,1820600.0
2018-05-08,13.270000457763672,13.270000457763672,13.100000381469727,13.15999984741211,2050300.0
2018-05-09,13.149999618530273,13.279999732971191,13.119999885559082,13.220000267028809,1627400.0
2018-05-10,13.3100004196167,13.460000038146973,13.289999961853027,13.4399995803833,1487100.0
2018-05-11,13.489999771118164,13.5,13.390000343322754,13.390000343322754,1077400.0
2018-05-14,13.399999618530273,13.449999809265137,13.279999732971191,13.300000190734863,1394700.0
2018-05-15,13.170000076293945,13.229999542236328,13.140000343322754,13.15999984741211,1791000.0
2018-05-16,13.210000038146973,13.3100004196167,13.149999618530273,13.220000267028809,1827900.0
2018-05-17,13.199999809265137,13.25,13.029999732971191,13.079999923706055,1567100.0
2018-05-18,13.09000015258789,13.180000305175781,13.0,13.029999732971191,1426800.0
2018-05-21,13.079999923706055,13.180000305175781,12.949999809265137,13.119999885559082,2095600.0
2018-05-22,13.119999885559082,13.199999809265137,13.09000015258789,13.130000114440918,1874000.0
2018-05-23,13.180000305175781,13.420000076293945,13.140000343322754,13.3100004196167,2578000.0
2018-05-24,13.390000343322754,13.390000343322754,13.140000343322754,13.270000457763672,1710700.0
2018-05-25,13.279999732971191,13.359999656677246,13.25,13.3100004196167,1831700.0
2018-05-29,13.279999732971191,13.449999809265137,13.260000228881836,13.4399995803833,2235300.0
2018-05-30,13.430000305175781,13.609999656677246,13.359999656677246,13.550000190734863,2256600.0
2018-05-31,13.5600004196167,13.630000114440918,13.539999961853027,13.569999694824219,2417500.0
2018-06-01,13.579999923706055,13.65999984741211,13.550000190734863,13.619999885559082,1603500.0
2018-06-04,13.680000305175781,13.680000305175781,13.550000190734863,13.65999984741211,1660200.0
2018-06-05,13.699999809265137,13.729999542236328,13.579999923706055,13.600000381469727,1940000.0
2018-06-06,13.579999923706055,13.65999984741211,13.539999961853027,13.65999984741211,1453100.0
2018-06-07,13.680000305175781,13.90999984741211,13.670000076293945,13.84000015258789,2646400.0
2018-06-08,13.850000381469727,13.979999542236328,13.84000015258789,13.960000038146973,1953900.0
2018-06-11,13.949999809265137,13.979999542236328,13.869999885559082,13.930000305175781,1380500.0
2018-06-12,13.930000305175781,14.119999885559082,13.899999618530273,14.079999923706055,1981600.0
2018-06-13,13.90999984741211,13.90999984741211,13.569999694824219,13.619999885559082,2000200.0
2018-06-14,13.699999809265137,13.90999984741211,13.699999809265137,13.819999694824219,1611600.0
2018-06-15,13.829999923706055,13.960000038146973,13.829999923706055,13.90999984741211,2969500.0
2018-06-18,13.890000343322754,14.020000457763672,13.800000190734863,13.920000076293945,1212300.0
2018-06-19,13.890000343322754,14.0,13.850000381469727,13.899999618530273,1760400.0
2018-06-20,13.899999618530273,14.09000015258789,13.869999885559082,14.0600004196167,1905400.0
2018-06-21,14.079999923706055,14.149999618530273,14.039999961853027,14.079999923706055,1001500.0
2018-06-22,14.079999923706055,14.180000305175781,14.010000228881836,14.109999656677246,1880400.0
2018-06-25,14.119999885559082,14.130000114440918,13.960000038146973,14.0600004196167,1929000.0
2018-06-26,14.09000015258789,14.130000114440918,14.020000457763672,14.020000457763672,1279300.0
2018-06-27,14.050000190734863,14.09000015258789,13.899999618530273,13.899999618530273,1201100.0
2018-06-28,13.90999984741211,14.069999694824219,13.890000343322754,14.039999961853027,1213600.0
2018-06-29,14.020000457763672,14.119999885559082,13.90999984741211,14.039999961853027,1920800.0
2018-07-02,14.010000228881836,14.069999694824219,13.789999961853027,13.9399995803833,1453400.0
2018-07-03,13.9399995803833,14.220000267028809,13.890000343322754,14.119999885559082,1028900.0
2018-07-05,14.15999984741211,14.270000457763672,14.0600004196167,14.260000228881836,1241700.0
2018-07-06,14.289999961853027,14.520000457763672,14.270000457763672,14.449999809265137,1419500.0
2018-07-09,14.460000038146973,14.520000457763672,14.25,14.350000381469727,1748300.0
2018-07-10,14.350000381469727,14.479999542236328,14.350000381469727,14.380000114440918,1595400.0
2018-07-11,14.369999885559082,14.510000228881836,14.350000381469727,14.390000343322754,1886100.0
2018-07-12,14.380000114440918,14.4399995803833,14.3100004196167,14.369999885559082,1749900.0
2018-07-13,14.380000114440918,14.4399995803833,14.279999732971191,14.34000015258789,1341500.0
2018-07-16,14.34000015258789,14.350000381469727,14.229999542236328,14.34000015258789,1000800.0
2018-07-17,14.220000267028809,14.279999732971191,14.079999923706055,14.170000076293945,2411300.0
2018-07-18,14.130000114440918,14.229999542236328,13.899999618530273,14.069999694824219,1577300.0
2018-07-19,14.069999694824219,14.430000305175781,14.020000457763672,14.329999923706055,1874600.0
2018-07-20,14.289999961853027,14.350000381469727,14.100000381469727,14.180000305175781,1600100.0
2018-07-23,14.180000305175781,14.199999809265137,14.0600004196167,14.1899995803833,1083200.0
2018-07-24,14.229999542236328,14.229999542236328,14.050000190734863,14.109999656677246,1600500.0
2018-07-25,14.149999618530273,14.25,14.130000114440918,14.180000305175781,1231800.0
2018-07-26,14.180000305175781,14.3100004196167,14.140000343322754,14.199999809265137,2499900.0
2018-07-27,14.229999542236328,14.260000228881836,13.930000305175781,14.050000190734863,1564600.0
2018-07-30,14.069999694824219,14.149999618530273,13.960000038146973,14.119999885559082,1082500.0
2018-07-31,14.149999618530273,14.449999809265137,14.149999618530273,14.40999984741211,2249600.0
2018-08-01,14.289999961853027,14.449999809265137,14.119999885559082,14.4399995803833,1298900.0
2018-08-02,14.329999923706055,14.4399995803833,14.25,14.289999961853027,1636900.0
2018-08-03,14.34000015258789,14.619999885559082,14.3100004196167,14.579999923706055,2040100.0
2018-08-06,14.600000381469727,14.800000190734863,14.59000015258789,14.789999961853027,2660700.0
2018-08-07,14.760000228881836,14.899999618530273,14.710000038146973,14.880000114440918,1760900.0
2018-08-08,14.90999984741211,14.90999984741211,14.720000267028809,14.729999542236328,1108700.0
2018-08-09,14.760000228881836,14.920000076293945,14.760000228881836,14.779999732971191,1406600.0
2018-08-10,14.59000015258789,14.680000305175781,14.369999885559082,14.380000114440918,2876500.0
2018-08-13,14.390000343322754,14.460000038146973,14.319999694824219,14.430000305175781,2078100.0
2018-08-14,14.470000267028809,14.609999656677246,14.4399995803833,14.600000381469727,2246500.0
2018-08-15,14.600000381469727,14.800000190734863,14.59000015258789,14.6899995803833,2795900.0
2018-08-16,14.6899995803833,14.770000457763672,14.59000015258789,14.6899995803833,3620200.0
2018-08-17,14.710000038146973,14.9399995803833,14.680000305175781,14.930000305175781,2734300.0
2018-08-20,14.949999809265137,15.0600004196167,14.90999984741211,14.949999809265137,2061600.0
2018-08-21,14.989999771118164,15.069999694824219,14.90999984741211,15.0,1566800.0
2018-08-22,14.899999618530273,15.0,14.800000190734863,14.890000343322754,1086600.0
2018-08-23,14.920000076293945,14.930000305175781,14.84000015258789,14.850000381469727,773500.0
2018-08-24,14.84000015258789,14.920000076293945,14.789999961853027,14.90999984741211,1060700.0
2018-08-27,14.970000267028809,15.0,14.720000267028809,14.779999732971191,2046600.0
2018-08-28,14.779999732971191,14.979999542236328,14.75,14.970000267028809,1254600.0
2018-08-29,14.989999771118164,15.039999961853027,14.890000343322754,14.960000038146973,1343100.0
2018-08-30,15.010000228881836,15.010000228881836,14.90999984741211,14.930000305175781,1029700.0
2018-08-31,14.949999809265137,15.069999694824219,14.899999618530273,15.050000190734863,1532900.0
2018-09-04,15.020000457763672,15.079999923706055,14.829999923706055,14.930000305175781,2188700.0
2018-09-05,14.949999809265137,15.09000015258789,14.850000381469727,14.989999771118164,2363700.0
2018-09-06,15.020000457763672,15.0600004196167,14.9399995803833,14.970000267028809,2040300.0
2018-09-07,14.949999809265137,14.979999542236328,14.850000381469727,14.890000343322754,1675900.0
2018-09-10,14.979999542236328,15.170000076293945,14.90999984741211,15.119999885559082,2226800.0
2018-09-11,15.050000190734863,15.239999771118164,15.0,15.109999656677246,2658400.0
2018-09-12,14.899999618530273,14.920000076293945,14.760000228881836,14.770000457763672,2088100.0
2018-09-13,14.84000015258789,14.920000076293945,14.770000457763672,14.829999923706055,1859400.0
2018-09-14,14.800000190734863,14.84000015258789,14.539999961853027,14.65999984741211,2335400.0
2018-09-17,14.65999984741211,14.720000267028809,14.579999923706055,14.710000038146973,2232100.0
2018-09-18,14.720000267028809,14.779999732971191,14.65999984741211,14.770000457763672,2406100.0
2018-09-19,14.789999961853027,14.800000190734863,14.479999542236328,14.529999732971191,1630100.0
2018-09-20,14.529999732971191,14.720000267028809,14.479999542236328,14.710000038146973,1658700.0
2018-09-21,14.710000038146973,14.800000190734863,14.640000343322754,14.6899995803833,2442300.0
2018-09-24,14.680000305175781,14.710000038146973,14.289999961853027,14.430000305175781,2377300.0
2018-09-25,14.40999984741211,14.569999694824219,14.380000114440918,14.479999542236328,2272100.0
2018-09-26,14.479999542236328,14.529999732971191,14.34000015258789,14.380000114440918,1638700.0
2018-09-27,14.390000343322754,14.539999961853027,14.369999885559082,14.460000038146973,1529600.0
2018-09-28,14.5,14.930000305175781,14.489999771118164,14.90999984741211,2868200.0
2018-10-01,14.890000343322754,14.949999809265137,14.699999809265137,14.710000038146973,3488300.0
2018-10-02,14.710000038146973,14.739999771118164,14.550000190734863,14.5600004196167,1410400.0
2018-10-03,14.579999923706055,14.619999885559082,14.140000343322754,14.260000228881836,3649400.0
2018-10-04,14.140000343322754,14.270000457763672,14.029999732971191,14.130000114440918,2597300.0
2018-10-05,14.170000076293945,14.420000076293945,14.15999984741211,14.289999961853027,1409700.0
2018-10-08,14.359999656677246,14.609999656677246,14.359999656677246,14.539999961853027,1709200.0
2018-10-09,14.569999694824219,14.630000114440918,14.479999542236328,14.600000381469727,1342400.0
2018-10-10,14.539999961853027,14.779999732971191,14.5,14.539999961853027,2012200.0
2018-10-11,14.550000190734863,14.600000381469727,14.109999656677246,14.109999656677246,3002700.0
2018-10-12,14.239999771118164,14.300000190734863,13.979999542236328,14.0600004196167,2577700.0
2018-10-15,14.0600004196167,14.319999694824219,14.0600004196167,14.239999771118164,1427500.0
2018-10-16,14.25,14.59000015258789,14.1899995803833,14.550000190734863,1588400.0
2018-10-17,14.550000190734863,14.710000038146973,14.489999771118164,14.59000015258789,2613600.0
2018-10-18,14.600000381469727,14.729999542236328,14.550000190734863,14.630000114440918,1579800.0
2018-10-19,14.649999618530273,14.760000228881836,14.619999885559082,14.720000267028809,1608600.0
2018-10-22,14.75,14.819999694824219,14.479999542236328,14.529999732971191,1662500.0
2018-10-23,14.510000228881836,14.84000015258789,14.460000038146973,14.710000038146973,2328800.0
2018-10-24,14.739999771118164,15.0600004196167,14.670000076293945,14.949999809265137,3289400.0
2018-10-25,14.90999984741211,15.180000305175781,14.789999961853027,15.079999923706055,2463200.0
2018-10-26,15.050000190734863,15.100000381469727,14.619999885559082,14.760000228881836,2037700.0
2018-10-29,14.84000015258789,15.079999923706055,14.760000228881836,14.84000015258789,3126300.0
2018-10-30,14.890000343322754,15.149999618530273,14.819999694824219,15.039999961853027,3277000.0
2018-10-31,15.050000190734863,15.09000015258789,14.800000190734863,14.859999656677246,2591000.0
2018-11-01,14.890000343322754,15.5600004196167,14.829999923706055,15.5,3713600.0
2018-11-02,15.550000190734863,15.569999694824219,15.069999694824219,15.34000015258789,4169700.0
2018-11-05,15.420000076293945,16.149999618530273,15.420000076293945,16.06999969482422,6143300.0
2018-11-06,16.1200008392334,16.3799991607666,15.949999809265137,16.329999923706055,5088200.0
2018-11-07,16.459999084472656,16.739999771118164,16.360000610351562,16.739999771118164,4654700.0
2018-11-08,16.670000076293945,16.729999542236328,16.399999618530273,16.59000015258789,2586200.0
2018-11-09,16.600000381469727,16.850000381469727,16.579999923706055,16.719999313354492,3628100.0
2018-11-12,16.719999313354492,16.899999618530273,16.530000686645508,16.600000381469727,3194000.0
2018-11-13,16.709999084472656,16.780000686645508,16.459999084472656,16.540000915527344,3878300.0
2018-11-14,16.559999465942383,16.559999465942383,16.280000686645508,16.360000610351562,2567700.0
2018-11-15,16.309999465942383,16.350000381469727,16.020000457763672,16.350000381469727,3369300.0
2018-11-16,16.329999923706055,16.610000610351562,16.270000457763672,16.610000610351562,2498600.0
2018-11-19,16.610000610351562,16.719999313354492,16.489999771118164,16.6200008392334,2175800.0
2018-11-20,16.559999465942383,16.729999542236328,16.530000686645508,16.610000610351562,2625900.0
2018-11-21,16.59000015258789,16.610000610351562,16.469999313354492,16.5,2021000.0
2018-11-23,16.459999084472656,16.56999969482422,16.350000381469727,16.469999313354492,1240200.0
2018-11-26,16.540000915527344,16.559999465942383,16.3700008392334,16.459999084472656,2068800.0
2018-11-27,16.479999542236328,16.770000457763672,16.43000030517578,16.719999313354492,3058100.0
2018-11-28,16.700000762939453,16.979999542236328,16.579999923706055,16.940000534057617,2625100.0
2018-11-29,16.950000762939453,17.18000030517578,16.829999923706055,17.149999618530273,4541200.0
2018-11-30,17.139999389648438,17.34000015258789,17.059999465942383,17.270000457763672,5153300.0
2018-12-03,17.399999618530273,17.440000534057617,17.170000076293945,17.360000610351562,3742500.0
2018-12-04,17.360000610351562,17.520000457763672,17.170000076293945,17.270000457763672,3914100.0
2018-12-06,17.219999313354492,17.520000457763672,16.770000457763672,17.489999771118164,3471500.0
2018-12-07,17.43000030517578,17.43000030517578,16.850000381469727,16.969999313354492,12131400.0
2018-12-10,17.0,17.079999923706055,16.760000228881836,16.979999542236328,3058900.0
2018-12-11,17.200000762939453,17.299999237060547,17.020000457763672,17.020000457763672,5065100.0
2018-12-12,17.0,17.100000381469727,16.649999618530273,16.700000762939453,4222500.0
2018-12-13,16.770000457763672,17.040000915527344,16.770000457763672,16.940000534057617,3166200.0
2018-12-14,16.8700008392334,16.889999389648438,16.75,16.850000381469727,2207300.0
2018-12-17,16.899999618530273,16.90999984741211,16.049999237060547,16.110000610351562,3526000.0
2018-12-18,16.18000030517578,16.530000686645508,16.139999389648438,16.309999465942383,3463000.0
2018-12-19,16.600000381469727,16.75,16.270000457763672,16.40999984741211,3707800.0
2018-12-20,16.450000762939453,16.670000076293945,16.299999237060547,16.510000228881836,5922100.0
2018-12-21,16.510000228881836,16.770000457763672,16.18000030517578,16.25,8047600.0
2018-12-24,16.100000381469727,16.18000030517578,15.25,15.300000190734863,2761800.0
2018-12-26,15.329999923706055,16.139999389648438,15.279999732971191,16.139999389648438,3801400.0
2018-12-27,15.979999542236328,16.110000610351562,15.539999961853027,16.100000381469727,3161300.0
2018-12-28,16.149999618530273,16.270000457763672,15.819999694824219,16.010000228881836,3512300.0
2018-12-31,16.100000381469727,16.1200008392334,15.800000190734863,16.079999923706055,2794600.0
2019-01-02,15.84000015258789,15.880000114440918,15.5,15.630000114440918,3194500.0
2019-01-03,15.600000381469727,16.280000686645508,15.550000190734863,16.110000610351562,5065100.0
2019-01-04,16.200000762939453,16.399999618530273,16.040000915527344,16.049999237060547,3424400.0
2019-01-07,16.149999618530273,16.479999542236328,15.960000038146973,16.31999969482422,6352100.0
2019-01-08,16.459999084472656,16.700000762939453,16.34000015258789,16.610000610351562,3674700.0
2019-01-09,16.729999542236328,16.780000686645508,16.43000030517578,16.5,4513200.0
2019-01-10,16.5,16.6299991607666,16.299999237060547,16.520000457763672,4880600.0
2019-01-11,16.549999237060547,16.6200008392334,16.459999084472656,16.600000381469727,2814500.0
2019-01-14,16.510000228881836,16.6200008392334,16.40999984741211,16.40999984741211,5298800.0
2019-01-15,16.459999084472656,16.670000076293945,16.450000762939453,16.530000686645508,3894100.0
2019-01-16,16.56999969482422,17.010000228881836,16.56999969482422,16.93000030517578,2950400.0
2019-01-17,16.8700008392334,17.1299991607666,16.8700008392334,17.040000915527344,2569900.0
2019-01-18,17.079999923706055,17.139999389648438,16.940000534057617,17.09000015258789,2134000.0
2019-01-22,17.06999969482422,17.149999618530273,16.81999969482422,16.989999771118164,2197000.0
2019-01-23,17.0,17.149999618530273,16.90999984741211,17.139999389648438,1779000.0
2019-01-24,17.110000610351562,17.280000686645508,16.989999771118164,17.15999984741211,1775400.0
2019-01-25,17.190000534057617,17.549999237060547,17.190000534057617,17.540000915527344,3344100.0
2019-01-28,17.530000686645508,17.670000076293945,17.43000030517578,17.6299991607666,2585500.0
2019-01-29,17.639999389648438,17.809999465942383,17.59000015258789,17.770000457763672,2273800.0
2019-01-30,17.850000381469727,18.06999969482422,17.760000228881836,18.0,2789900.0
2019-01-31,18.049999237060547,18.200000762939453,17.84000015258789,18.200000762939453,4405200.0
2019-02-01,18.299999237060547,18.350000381469727,17.459999084472656,17.670000076293945,4586300.0
2019-02-04,17.610000610351562,17.969999313354492,17.420000076293945,17.969999313354492,4140600.0
2019-02-05,18.010000228881836,18.079999923706055,17.809999465942383,18.06999969482422,4365600.0
2019-02-06,18.100000381469727,18.18000030517578,17.850000381469727,17.850000381469727,3486800.0
2019-02-07,18.040000915527344,18.3700008392334,17.770000457763672,18.3700008392334,3896500.0
2019-02-08,18.290000915527344,18.469999313354492,18.18000030517578,18.459999084472656,2405100.0
2019-02-11,18.440000534057617,18.559999465942383,18.270000457763672,18.489999771118164,4413700.0
2019-02-12,18.43000030517578,18.479999542236328,18.100000381469727,18.149999618530273,5575200.0
2019-02-13,18.389999389648438,18.5,18.149999618530273,18.360000610351562,4477200.0
2019-02-14,18.360000610351562,18.450000762939453,18.270000457763672,18.329999923706055,3219800.0
2019-02-15,18.389999389648438,18.459999084472656,18.270000457763672,18.360000610351562,5575200.0
2019-02-19,18.40999984741211,18.559999465942383,18.399999618530273,18.479999542236328,3113800.0
2019-02-20,18.469999313354492,18.479999542236328,18.020000457763672,18.239999771118164,4138200.0
2019-02-21,18.200000762939453,18.350000381469727,18.079999923706055,18.31999969482422,2596600.0
2019-02-22,18.420000076293945,18.600000381469727,18.290000915527344,18.5,2561200.0
2019-02-25,18.510000228881836,18.540000915527344,18.3799991607666,18.43000030517578,2723800.0
2019-02-26,18.469999313354492,18.5,18.260000228881836,18.280000686645508,2155300.0
2019-02-27,18.25,18.31999969482422,18.040000915527344,18.260000228881836,2791200.0
2019-02-28,18.219999313354492,18.479999542236328,18.170000076293945,18.229999542236328,3347900.0
2019-03-01,18.280000686645508,18.3700008392334,17.920000076293945,18.079999923706055,3703400.0
2019-03-04,18.139999389648438,18.31999969482422,18.0,18.31999969482422,3291000.0
2019-03-05,18.290000915527344,18.3799991607666,18.18000030517578,18.200000762939453,3635000.0
2019-03-06,18.200000762939453,18.229999542236328,18.020000457763672,18.079999923706055,2834800.0
2019-03-07,18.139999389648438,18.350000381469727,18.100000381469727,18.149999618530273,5725100.0
2019-03-08,18.100000381469727,18.270000457763672,17.969999313354492,18.040000915527344,3552100.0
2019-03-11,18.1200008392334,18.520000457763672,18.1200008392334,18.489999771118164,3706100.0
2019-03-12,18.5,18.549999237060547,18.229999542236328,18.25,4737100.0
2019-03-13,18.059999465942383,18.3799991607666,18.049999237060547,18.25,3829400.0
2019-03-14,18.329999923706055,18.5,18.299999237060547,18.469999313354492,4664200.0
2019-03-15,18.469999313354492,18.510000228881836,18.270000457763672,18.299999237060547,7376300.0
2019-03-18,18.309999465942383,18.3799991607666,18.06999969482422,18.229999542236328,2966000.0
2019-03-19,18.219999313354492,18.260000228881836,18.06999969482422,18.200000762939453,4773400.0
2019-03-20,18.200000762939453,18.43000030517578,17.969999313354492,18.34000015258789,3065500.0
2019-03-21,18.280000686645508,18.8700008392334,18.25,18.84000015258789,2732800.0
2019-03-22,18.799999237060547,18.889999389648438,18.520000457763672,18.540000915527344,2640000.0
2019-03-25,18.530000686645508,18.68000030517578,18.3799991607666,18.639999389648438,2227400.0
2019-03-26,18.739999771118164,18.850000381469727,18.610000610351562,18.65999984741211,3987600.0
2019-03-27,18.700000762939453,18.75,18.479999542236328,18.540000915527344,3019900.0
2019-03-28,18.65999984741211,18.729999542236328,18.530000686645508,18.690000534057617,3530800.0
2019-03-29,18.700000762939453,18.75,18.469999313354492,18.510000228881836,5302700.0
2019-04-01,18.530000686645508,18.739999771118164,18.350000381469727,18.739999771118164,3781400.0
2019-04-02,18.75,18.860000610351562,18.549999237060547,18.829999923706055,3108700.0
2019-04-03,18.829999923706055,18.920000076293945,18.690000534057617,18.84000015258789,2987600.0
2019-04-04,18.84000015258789,18.860000610351562,18.559999465942383,18.68000030517578,3779700.0
2019-04-05,18.649999618530273,18.760000228881836,18.59000015258789,18.75,1613800.0
2019-04-08,18.75,18.75,18.520000457763672,18.6200008392334,2526800.0
2019-04-09,18.59000015258789,18.649999618530273,18.489999771118164,18.5,1885600.0
2019-04-10,18.649999618530273,18.860000610351562,18.6200008392334,18.81999969482422,2558800.0
2019-04-11,18.84000015258789,18.899999618530273,18.729999542236328,18.850000381469727,2201700.0
2019-04-12,18.780000686645508,18.799999237060547,18.56999969482422,18.760000228881836,2116900.0
2019-04-15,18.68000030517578,18.75,18.3700008392334,18.40999984741211,4403000.0
2019-04-16,18.420000076293945,18.540000915527344,17.829999923706055,17.950000762939453,4132300.0
2019-04-17,18.020000457763672,18.020000457763672,17.219999313354492,17.260000228881836,5187600.0
2019-04-18,17.280000686645508,17.309999465942383,17.18000030517578,17.239999771118164,5166600.0
2019-04-22,17.200000762939453,17.209999084472656,16.829999923706055,16.979999542236328,4520000.0
2019-04-23,17.06999969482422,17.260000228881836,17.030000686645508,17.219999313354492,4438800.0
2019-04-24,17.25,17.56999969482422,17.200000762939453,17.530000686645508,2902000.0
2019-04-25,17.530000686645508,17.610000610351562,17.350000381469727,17.459999084472656,2006300.0
2019-04-26,17.600000381469727,17.6299991607666,17.459999084472656,17.479999542236328,2657100.0
2019-04-29,17.489999771118164,17.520000457763672,17.25,17.25,2123100.0
2019-04-30,17.280000686645508,17.59000015258789,17.219999313354492,17.459999084472656,2952300.0
2019-05-01,17.549999237060547,17.670000076293945,17.40999984741211,17.43000030517578,2966100.0
2019-05-02,17.260000228881836,17.940000534057617,17.18000030517578,17.649999618530273,3601800.0
2019-05-03,17.81999969482422,18.139999389648438,17.739999771118164,18.100000381469727,3346600.0
2019-05-06,17.829999923706055,18.09000015258789,17.700000762939453,17.920000076293945,2948300.0
2019-05-07,17.8700008392334,17.90999984741211,17.530000686645508,17.639999389648438,3221200.0
2019-05-08,17.760000228881836,17.84000015258789,17.6299991607666,17.6299991607666,2614800.0
2019-05-09,17.639999389648438,17.690000534057617,17.420000076293945,17.600000381469727,1708200.0
2019-05-10,17.579999923706055,17.93000030517578,17.559999465942383,17.8799991607666,2030600.0
2019-05-13,17.719999313354492,17.989999771118164,17.709999084472656,17.940000534057617,2187400.0
2019-05-14,17.940000534057617,18.010000228881836,17.850000381469727,17.979999542236328,2201800.0
2019-05-15,18.049999237060547,18.15999984741211,17.969999313354492,18.09000015258789,2452100.0
2019-05-16,18.0,18.31999969482422,17.950000762939453,18.239999771118164,2147500.0
2019-05-17,18.18000030517578,18.280000686645508,18.06999969482422,18.239999771118164,2016400.0
2019-05-20,18.239999771118164,18.239999771118164,17.950000762939453,17.979999542236328,2454000.0
2019-05-21,18.1200008392334,18.260000228881836,18.079999923706055,18.209999084472656,1956900.0
2019-05-22,18.149999618530273,18.360000610351562,18.1299991607666,18.290000915527344,2283300.0
2019-05-23,18.190000534057617,18.43000030517578,18.1200008392334,18.420000076293945,3654600.0
2019-05-24,18.469999313354492,18.809999465942383,18.440000534057617,18.760000228881836,3003900.0
2019-05-28,18.81999969482422,18.84000015258789,18.040000915527344,18.040000915527344,6738800.0
2019-05-29,18.06999969482422,18.06999969482422,17.649999618530273,17.700000762939453,3024200.0
2019-05-30,17.770000457763672,17.8799991607666,17.6299991607666,17.75,2063800.0
2019-05-31,17.670000076293945,17.860000610351562,17.6299991607666,17.780000686645508,2880100.0
2019-06-03,17.899999618530273,17.950000762939453,17.670000076293945,17.920000076293945,3590400.0
2019-06-04,17.829999923706055,17.84000015258789,17.520000457763672,17.790000915527344,4525600.0
2019-06-05,17.889999389648438,18.1299991607666,17.889999389648438,18.110000610351562,2991800.0
2019-06-06,18.09000015258789,18.34000015258789,17.899999618530273,18.31999969482422,4764400.0
2019-06-07,18.389999389648438,18.520000457763672,18.25,18.329999923706055,4247200.0
2019-06-10,18.329999923706055,18.399999618530273,18.010000228881836,18.010000228881836,1837600.0
2019-06-11,18.030000686645508,18.09000015258789,17.809999465942383,18.020000457763672,2846600.0
2019-06-12,17.809999465942383,17.969999313354492,17.770000457763672,17.8700008392334,2256800.0
2019-06-13,17.899999618530273,18.09000015258789,17.8700008392334,18.030000686645508,2097700.0
2019-06-14,17.979999542236328,18.209999084472656,17.950000762939453,18.040000915527344,1572300.0
2019-06-17,18.079999923706055,18.260000228881836,18.079999923706055,18.1299991607666,2634400.0
2019-06-18,18.209999084472656,18.350000381469727,18.06999969482422,18.190000534057617,2336300.0
2019-06-19,18.149999618530273,18.350000381469727,18.020000457763672,18.280000686645508,2893300.0
2019-06-20,18.399999618530273,18.579999923706055,18.360000610351562,18.43000030517578,2864600.0
2019-06-21,18.389999389648438,18.389999389648438,18.079999923706055,18.209999084472656,7836300.0
2019-06-24,18.25,18.270000457763672,18.010000228881836,18.040000915527344,2097400.0
2019-06-25,18.100000381469727,18.209999084472656,17.790000915527344,17.790000915527344,3834000.0
2019-06-26,17.790000915527344,17.84000015258789,17.079999923706055,17.110000610351562,4381600.0
2019-06-27,17.229999542236328,17.399999618530273,17.190000534057617,17.3700008392334,2710700.0
2019-06-28,17.3799991607666,17.56999969482422,17.34000015258789,17.440000534057617,5442300.0
2019-07-01,17.559999465942383,17.559999465942383,17.100000381469727,17.459999084472656,2493400.0
2019-07-02,17.729999542236328,18.170000076293945,17.559999465942383,18.059999465942383,5375000.0
2019-07-03,18.149999618530273,18.440000534057617,18.149999618530273,18.329999923706055,1739700.0
2019-07-05,18.1299991607666,18.360000610351562,17.799999237060547,18.290000915527344,1899900.0
2019-07-08,18.260000228881836,18.469999313354492,18.229999542236328,18.3799991607666,2010500.0
2019-07-09,18.34000015258789,18.540000915527344,18.34000015258789,18.440000534057617,1808300.0
2019-07-10,18.549999237060547,18.75,18.459999084472656,18.65999984741211,2114300.0
2019-07-11,18.700000762939453,18.739999771118164,18.360000610351562,18.450000762939453,2619800.0
2019-07-12,18.469999313354492,18.559999465942383,18.350000381469727,18.510000228881836,1817100.0
2019-07-15,18.489999771118164,18.56999969482422,18.200000762939453,18.290000915527344,2523800.0
2019-07-16,17.5,17.93000030517578,17.5,17.860000610351562,41779700.0
2019-07-17,17.8799991607666,18.200000762939453,17.729999542236328,17.920000076293945,10815400.0
2019-07-18,17.950000762939453,18.219999313354492,17.84000015258789,18.200000762939453,15837400.0
2019-07-19,18.190000534057617,18.25,17.469999313354492,17.489999771118164,6362300.0
2019-07-22,17.579999923706055,17.700000762939453,17.469999313354492,17.540000915527344,4098200.0
2019-07-23,17.610000610351562,17.709999084472656,17.549999237060547,17.649999618530273,3249800.0
2019-07-24,17.959999084472656,17.979999542236328,17.610000610351562,17.670000076293945,12421300.0
2019-07-25,17.6200008392334,17.700000762939453,17.450000762939453,17.610000610351562,5887600.0
2019-07-26,17.700000762939453,17.829999923706055,17.59000015258789,17.81999969482422,5751500.0
2019-07-29,17.989999771118164,18.010000228881836,17.68000030517578,17.709999084472656,3666300.0
2019-07-30,17.700000762939453,17.90999984741211,17.6299991607666,17.739999771118164,3395200.0
2019-07-31,17.719999313354492,17.850000381469727,17.5,17.5,4242400.0
2019-08-01,17.799999237060547,18.020000457763672,17.540000915527344,17.850000381469727,3540000.0
2019-08-02,17.700000762939453,17.950000762939453,17.559999465942383,17.8700008392334,3282600.0
2019-08-05,17.739999771118164,17.799999237060547,17.059999465942383,17.329999923706055,3378300.0
2019-08-06,17.3799991607666,17.68000030517578,17.31999969482422,17.479999542236328,3864800.0
2019-08-07,17.639999389648438,17.959999084472656,17.360000610351562,17.84000015258789,4055600.0
2019-08-08,17.84000015258789,18.200000762939453,17.670000076293945,18.200000762939453,5243900.0
2019-08-09,18.149999618530273,18.209999084472656,17.950000762939453,18.110000610351562,3135700.0
2019-08-12,18.18000030517578,18.190000534057617,17.829999923706055,17.84000015258789,4640000.0
2019-08-13,17.8700008392334,17.90999984741211,17.649999618530273,17.850000381469727,3432800.0
2019-08-14,17.75,17.790000915527344,17.59000015258789,17.6200008392334,3976100.0
2019-08-15,17.65999984741211,17.84000015258789,17.549999237060547,17.81999969482422,2945100.0
2019-08-16,17.8700008392334,18.200000762939453,17.84000015258789,18.149999618530273,3157700.0
2019-08-19,18.270000457763672,18.399999618530273,18.1299991607666,18.299999237060547,1690500.0
2019-08-20,18.389999389648438,18.399999618530273,18.209999084472656,18.25,2391700.0
2019-08-21,18.270000457763672,18.43000030517578,18.139999389648438,18.3700008392334,2647400.0
2019-08-22,18.360000610351562,18.520000457763672,18.299999237060547,18.489999771118164,1623300.0
2019-08-23,18.440000534057617,18.700000762939453,18.280000686645508,18.309999465942383,2580900.0
2019-08-26,18.459999084472656,18.520000457763672,18.329999923706055,18.520000457763672,1542200.0
2019-08-27,18.690000534057617,18.84000015258789,18.399999618530273,18.40999984741211,3239600.0
2019-08-28,18.43000030517578,18.600000381469727,18.360000610351562,18.459999084472656,2202500.0
2019-08-29,18.56999969482422,18.75,18.520000457763672,18.75,1122500.0
2019-08-30,18.739999771118164,18.75,18.549999237060547,18.59000015258789,2887700.0
2019-09-03,18.6299991607666,18.989999771118164,18.540000915527344,18.940000534057617,4097700.0
2019-09-04,19.049999237060547,19.190000534057617,18.969999313354492,19.09000015258789,4350700.0
2019-09-05,19.100000381469727,19.18000030517578,18.8799991607666,18.989999771118164,4368100.0
2019-09-06,19.0,19.260000228881836,19.0,19.219999313354492,4056300.0
2019-09-09,19.209999084472656,19.219999313354492,19.049999237060547,19.1200008392334,2746200.0
2019-09-10,19.0,19.059999465942383,18.549999237060547,18.8799991607666,15030100.0
2019-09-11,18.559999465942383,18.780000686645508,18.510000228881836,18.729999542236328,3784500.0
2019-09-12,18.899999618530273,19.020000457763672,18.799999237060547,18.940000534057617,2462500.0
2019-09-13,18.959999084472656,19.079999923706055,18.3799991607666,18.459999084472656,4515400.0
2019-09-16,18.5,18.860000610351562,18.440000534057617,18.809999465942383,2415100.0
2019-09-17,18.889999389648438,19.06999969482422,18.8700008392334,19.049999237060547,2248000.0
2019-09-18,19.100000381469727,19.190000534057617,18.68000030517578,18.889999389648438,3947100.0
2019-09-19,19.030000686645508,19.030000686645508,18.899999618530273,18.950000762939453,2134300.0
2019-09-20,19.010000228881836,19.110000610351562,18.860000610351562,19.040000915527344,7667100.0
2019-09-23,19.100000381469727,19.100000381469727,18.889999389648438,19.06999969482422,5090700.0
2019-09-24,19.100000381469727,19.40999984741211,19.06999969482422,19.350000381469727,4926500.0
2019-09-25,19.350000381469727,19.540000915527344,19.329999923706055,19.520000457763672,3481200.0
2019-09-26,19.639999389648438,19.639999389648438,19.459999084472656,19.579999923706055,3367500.0
2019-09-27,19.600000381469727,19.670000076293945,19.3700008392334,19.469999313354492,2844100.0
2019-09-30,19.5,19.600000381469727,19.440000534057617,19.559999465942383,2662000.0
2019-10-01,19.559999465942383,19.610000610351562,19.290000915527344,19.309999465942383,2809200.0
2019-10-02,19.34000015258789,19.399999618530273,19.06999969482422,19.15999984741211,2647400.0
2019-10-03,19.139999389648438,19.440000534057617,19.079999923706055,19.309999465942383,2853100.0
2019-10-04,19.299999237060547,19.469999313354492,19.25,19.469999313354492,3219900.0
2019-10-07,19.360000610351562,19.770000457763672,19.360000610351562,19.65999984741211,3409800.0
2019-10-08,19.75,19.889999389648438,19.549999237060547,19.780000686645508,3983600.0
2019-10-09,19.860000610351562,19.90999984741211,19.670000076293945,19.770000457763672,2458400.0
2019-10-10,19.809999465942383,19.889999389648438,19.579999923706055,19.829999923706055,1889300.0
2019-10-11,19.8799991607666,20.020000457763672,19.75,19.770000457763672,3035500.0
2019-10-14,19.790000915527344,19.940000534057617,19.510000228881836,19.6200008392334,2484600.0
2019-10-15,19.690000534057617,19.75,19.540000915527344,19.65999984741211,2192200.0
2019-10-16,19.579999923706055,19.670000076293945,19.5,19.600000381469727,3084000.0
2019-10-17,19.6299991607666,19.969999313354492,19.600000381469727,19.93000030517578,2286700.0
2019-10-18,19.90999984741211,20.15999984741211,19.889999389648438,20.100000381469727,2319300.0
2019-10-21,20.100000381469727,20.31999969482422,20.040000915527344,20.290000915527344,5711700.0
2019-10-22,20.40999984741211,20.440000534057617,20.149999618530273,20.239999771118164,4614200.0
2019-10-23,20.229999542236328,20.549999237060547,20.110000610351562,20.5,4331600.0
2019-10-24,20.549999237060547,20.59000015258789,20.31999969482422,20.540000915527344,3484800.0
2019-10-25,20.459999084472656,20.5,20.200000762939453,20.450000762939453,2877300.0
2019-10-28,20.360000610351562,20.5,20.219999313354492,20.40999984741211,3379800.0
2019-10-29,20.399999618530273,20.649999618530273,20.399999618530273,20.510000228881836,2973300.0
2019-10-30,20.549999237060547,20.6200008392334,20.43000030517578,20.56999969482422,2500700.0
2019-10-31,20.59000015258789,20.899999618530273,20.450000762939453,20.729999542236328,3277500.0
2019-11-01,20.75,20.920000076293945,20.6200008392334,20.81999969482422,3566600.0
2019-11-04,20.75,20.809999465942383,20.43000030517578,20.440000534057617,4020800.0
2019-11-05,19.81999969482422,19.8799991607666,19.149999618530273,19.18000030517578,13380400.0
2019-11-06,19.209999084472656,19.610000610351562,18.940000534057617,19.440000534057617,43681000.0
2019-11-07,19.450000762939453,19.59000015258789,19.079999923706055,19.420000076293945,8440500.0
2019-11-08,19.440000534057617,19.989999771118164,19.40999984741211,19.950000762939453,17648900.0
2019-11-11,20.0,20.09000015258789,19.75,19.920000076293945,5119000.0
2019-11-12,19.989999771118164,20.049999237060547,19.700000762939453,19.760000228881836,6794600.0
2019-11-13,19.770000457763672,19.969999313354492,19.690000534057617,19.719999313354492,4875100.0
2019-11-14,19.780000686645508,19.950000762939453,19.739999771118164,19.920000076293945,4573500.0
2019-11-15,19.959999084472656,20.25,19.850000381469727,20.25,8362800.0
2019-11-18,20.280000686645508,20.649999618530273,20.260000228881836,20.549999237060547,4448100.0
2019-11-19,20.59000015258789,20.700000762939453,20.399999618530273,20.450000762939453,4971500.0
2019-11-20,20.43000030517578,20.56999969482422,20.229999542236328,20.489999771118164,5846300.0
2019-11-21,20.450000762939453,20.5,19.719999313354492,19.889999389648438,4870000.0
2019-11-22,19.93000030517578,20.040000915527344,19.639999389648438,19.700000762939453,5444100.0
2019-11-25,19.93000030517578,20.15999984741211,19.760000228881836,19.979999542236328,6108300.0
2019-11-26,20.110000610351562,20.770000457763672,20.079999923706055,20.75,28638700.0
2019-11-27,20.690000534057617,20.81999969482422,20.579999923706055,20.81999969482422,6008500.0
2019-11-29,20.760000228881836,21.049999237060547,20.719999313354492,20.760000228881836,2660600.0
2019-12-02,20.68000030517578,20.729999542236328,20.420000076293945,20.559999465942383,3516400.0
2019-12-03,20.530000686645508,21.09000015258789,20.530000686645508,21.020000457763672,4365800.0
2019-12-04,20.90999984741211,21.110000610351562,20.8700008392334,21.059999465942383,4993700.0
2019-12-05,21.0,21.299999237060547,21.0,21.290000915527344,3093000.0
2019-12-06,21.350000381469727,21.530000686645508,21.209999084472656,21.270000457763672,3675700.0
2019-12-09,21.280000686645508,21.56999969482422,21.280000686645508,21.389999389648438,4739800.0
2019-12-10,21.389999389648438,21.6299991607666,21.3799991607666,21.489999771118164,6420800.0
2019-12-11,21.229999542236328,21.280000686645508,20.690000534057617,20.739999771118164,5359200.0
2019-12-12,20.670000076293945,20.760000228881836,20.1200008392334,20.260000228881836,5151100.0
2019-12-13,20.200000762939453,20.440000534057617,19.799999237060547,19.8700008392334,7201700.0
2019-12-16,19.959999084472656,20.190000534057617,19.780000686645508,20.1299991607666,6243100.0
2019-12-17,20.209999084472656,20.31999969482422,19.850000381469727,19.889999389648438,3976400.0
2019-12-18,19.90999984741211,20.139999389648438,19.90999984741211,20.079999923706055,4313700.0
2019-12-19,20.1299991607666,20.389999389648438,20.09000015258789,20.34000015258789,3645300.0
2019-12-20,20.6299991607666,20.8799991607666,20.530000686645508,20.700000762939453,16244700.0
2019-12-23,20.719999313354492,20.850000381469727,20.3700008392334,20.399999618530273,2329900.0
2019-12-24,20.450000762939453,20.649999618530273,20.399999618530273,20.420000076293945,1310900.0
2019-12-26,20.59000015258789,20.700000762939453,20.510000228881836,20.700000762939453,2237900.0
2019-12-27,20.700000762939453,20.709999084472656,20.549999237060547,20.709999084472656,1983500.0
2019-12-30,20.610000610351562,20.81999969482422,20.59000015258789,20.790000915527344,1798200.0
2019-12-31,20.81999969482422,21.170000076293945,20.809999465942383,21.110000610351562,3760100.0
2020-01-02,21.170000076293945,21.200000762939453,20.549999237060547,20.790000915527344,3193600.0
2020-01-03,20.6299991607666,20.979999542236328,20.600000381469727,20.93000030517578,2602800.0
2020-01-06,20.8700008392334,21.170000076293945,20.790000915527344,21.030000686645508,4790200.0
2020-01-07,20.950000762939453,21.0,20.670000076293945,20.850000381469727,2281400.0
2020-01-08,20.850000381469727,20.969999313354492,20.780000686645508,20.920000076293945,2336900.0
2020-01-09,21.049999237060547,21.280000686645508,20.850000381469727,21.079999923706055,3327400.0
2020-01-10,21.049999237060547,21.309999465942383,21.010000228881836,21.280000686645508,2456100.0
2020-01-13,21.280000686645508,21.709999084472656,21.25,21.690000534057617,3997500.0
2020-01-14,21.700000762939453,21.700000762939453,21.329999923706055,21.5,5200400.0
2020-01-15,21.59000015258789,22.0,21.530000686645508,21.8700008392334,4499600.0
2020-01-16,21.93000030517578,22.290000915527344,21.8799991607666,22.229999542236328,2951900.0
2020-01-17,22.260000228881836,22.3799991607666,22.15999984741211,22.290000915527344,2222900.0
2020-01-21,22.280000686645508,22.479999542236328,22.200000762939453,22.389999389648438,3506700.0
2020-01-22,22.5,22.649999618530273,22.31999969482422,22.3700008392334,2192700.0
2020-01-23,22.34000015258789,22.450000762939453,22.209999084472656,22.399999618530273,2872600.0
2020-01-24,22.40999984741211,22.559999465942383,22.299999237060547,22.399999618530273,2800200.0
2020-01-27,22.200000762939453,22.59000015258789,22.149999618530273,22.440000534057617,3945000.0
2020-01-28,22.459999084472656,22.670000076293945,22.399999618530273,22.5,3357400.0
2020-01-29,22.559999465942383,22.81999969482422,22.43000030517578,22.719999313354492,3873400.0
2020-01-30,22.5,22.6299991607666,22.290000915527344,22.479999542236328,5018600.0
2020-01-31,22.479999542236328,22.530000686645508,22.1200008392334,22.149999618530273,3780300.0
2020-02-03,22.25,22.639999389648438,22.209999084472656,22.40999984741211,3815900.0
2020-02-04,22.510000228881836,22.75,22.43000030517578,22.6299991607666,2304200.0
2020-02-05,22.700000762939453,22.780000686645508,22.489999771118164,22.760000228881836,3415600.0
2020-02-06,22.790000915527344,23.139999389648438,22.729999542236328,22.90999984741211,2492100.0
2020-02-07,23.200000762939453,23.510000228881836,23.149999618530273,23.280000686645508,3427800.0
2020-02-10,23.31999969482422,23.600000381469727,23.31999969482422,23.549999237060547,2441800.0
2020-02-11,23.68000030517578,23.760000228881836,23.549999237060547,23.59000015258789,2449600.0
2020-02-12,23.600000381469727,23.6200008392334,23.1200008392334,23.360000610351562,6771100.0
2020-02-13,23.329999923706055,23.760000228881836,23.290000915527344,23.610000610351562,3527500.0
2020-02-14,23.68000030517578,24.09000015258789,23.6200008392334,24.079999923706055,2705400.0
2020-02-18,24.1200008392334,24.290000915527344,23.809999465942383,24.1299991607666,4234500.0
2020-02-19,24.149999618530273,24.18000030517578,23.770000457763672,23.799999237060547,4344300.0
2020-02-20,23.809999465942383,24.149999618530273,23.729999542236328,24.139999389648438,4408400.0
2020-02-21,24.06999969482422,24.239999771118164,24.020000457763672,24.149999618530273,3345400.0
2020-02-24,23.799999237060547,24.1299991607666,23.739999771118164,23.940000534057617,3401300.0
2020-02-25,23.979999542236328,24.030000686645508,23.219999313354492,23.239999771118164,3699600.0
2020-02-26,23.149999618530273,23.59000015258789,23.040000915527344,23.209999084472656,3436300.0
2020-02-27,22.8799991607666,22.940000534057617,21.489999771118164,21.489999771118164,6566100.0
2020-02-28,20.989999771118164,21.280000686645508,20.09000015258789,21.1299991607666,11163800.0
2020-03-02,21.360000610351562,22.280000686645508,21.059999465942383,22.280000686645508,6574400.0
2020-03-03,22.3799991607666,23.139999389648438,22.010000228881836,22.25,9058700.0
2020-03-04,22.889999389648438,23.399999618530273,22.700000762939453,23.3799991607666,4441200.0
2020-03-05,22.899999618530273,23.459999084472656,22.739999771118164,23.440000534057617,4606100.0
2020-03-06,22.780000686645508,23.280000686645508,22.229999542236328,23.020000457763672,5039600.0
2020-03-09,21.790000915527344,21.8799991607666,21.1299991607666,21.239999771118164,8437400.0
2020-03-10,21.75,21.850000381469727,20.170000076293945,21.760000228881836,7144300.0
2020-03-11,20.950000762939453,21.049999237060547,19.219999313354492,19.600000381469727,8026000.0
2020-03-12,17.829999923706055,18.479999542236328,16.549999237060547,16.729999542236328,7758300.0
2020-03-13,17.829999923706055,18.06999969482422,16.59000015258789,17.920000076293945,6349100.0
2020-03-16,14.5,15.829999923706055,13.5600004196167,13.720000267028809,8435400.0
2020-03-17,14.010000228881836,15.119999885559082,12.350000381469727,14.970000267028809,9849000.0
2020-03-18,13.930000305175781,15.020000457763672,13.40999984741211,13.979999542236328,8939100.0
2020-03-19,13.760000228881836,15.479999542236328,12.869999885559082,14.970000267028809,5961100.0
2020-03-20,15.34000015258789,15.65999984741211,13.800000190734863,14.069999694824219,7304900.0
2020-03-23,13.510000228881836,13.949999809265137,12.649999618530273,13.010000228881836,6942900.0
2020-03-24,14.25,14.819999694824219,12.930000305175781,14.229999542236328,10932500.0
2020-03-25,14.569999694824219,16.790000915527344,14.390000343322754,15.930000305175781,6558700.0
2020-03-26,16.020000457763672,17.739999771118164,15.9399995803833,17.559999465942383,6491600.0
2020-03-27,16.75,18.700000762939453,16.56999969482422,17.68000030517578,7701700.0
2020-03-30,17.40999984741211,17.68000030517578,16.389999389648438,17.59000015258789,5479600.0
2020-03-31,17.43000030517578,17.56999969482422,16.520000457763672,17.290000915527344,6481600.0
2020-04-01,16.219999313354492,16.280000686645508,15.0,15.210000038146973,5595700.0
2020-04-02,14.960000038146973,15.789999961853027,14.65999984741211,15.029999732971191,4057300.0
2020-04-03,14.859999656677246,15.210000038146973,14.199999809265137,14.399999618530273,5200800.0
2020-04-06,15.420000076293945,16.360000610351562,15.25,16.0,4646500.0
2020-04-07,17.530000686645508,18.290000915527344,16.959999084472656,17.3700008392334,5753200.0
2020-04-08,17.729999542236328,18.25,17.40999984741211,18.1200008392334,6412900.0
2020-04-09,18.760000228881836,19.15999984741211,18.1200008392334,18.290000915527344,10857000.0
2020-04-13,18.290000915527344,18.3799991607666,16.93000030517578,17.469999313354492,5289700.0
2020-04-14,17.969999313354492,18.3700008392334,17.700000762939453,17.719999313354492,4070400.0
2020-04-15,17.0,17.40999984741211,16.829999923706055,16.950000762939453,5291300.0
2020-04-16,17.110000610351562,17.18000030517578,16.43000030517578,16.739999771118164,4819700.0
2020-04-17,17.40999984741211,17.6299991607666,16.760000228881836,17.170000076293945,4213500.0
2020-04-20,16.84000015258789,17.010000228881836,16.530000686645508,16.549999237060547,3773600.0
2020-04-21,16.0,16.280000686645508,15.300000190734863,15.470000267028809,5231100.0
2020-04-22,15.869999885559082,15.920000076293945,15.319999694824219,15.550000190734863,2988200.0
2020-04-23,15.630000114440918,16.010000228881836,15.399999618530273,15.65999984741211,4113800.0
2020-04-24,15.789999961853027,16.030000686645508,15.489999771118164,15.869999885559082,3897300.0
2020-04-27,16.0,16.43000030517578,15.869999885559082,16.309999465942383,3122500.0
2020-04-28,16.81999969482422,17.200000762939453,16.40999984741211,16.459999084472656,6785500.0
2020-04-29,16.959999084472656,17.469999313354492,16.6299991607666,17.299999237060547,3955900.0
2020-04-30,17.0,17.530000686645508,16.889999389648438,17.139999389648438,6296900.0
2020-05-01,16.579999923706055,16.920000076293945,16.260000228881836,16.670000076293945,4692500.0
2020-05-04,16.190000534057617,16.610000610351562,16.059999465942383,16.540000915527344,3006400.0
2020-05-05,16.760000228881836,17.100000381469727,16.700000762939453,16.760000228881836,2671000.0
2020-05-06,16.809999465942383,17.0,16.56999969482422,16.6299991607666,3618100.0
2020-05-07,16.899999618530273,17.219999313354492,16.790000915527344,16.969999313354492,3821100.0
2020-05-08,17.309999465942383,17.959999084472656,17.200000762939453,17.899999618530273,3720800.0
2020-05-11,17.649999618530273,18.170000076293945,17.559999465942383,17.719999313354492,4363200.0
2020-05-12,17.850000381469727,17.969999313354492,16.809999465942383,16.809999465942383,4012100.0
2020-05-13,16.700000762939453,16.850000381469727,16.280000686645508,16.389999389648438,4533000.0
2020-05-14,16.0,16.360000610351562,15.550000190734863,16.229999542236328,3848200.0
2020-05-15,16.010000228881836,16.280000686645508,15.75,16.030000686645508,5416700.0
2020-05-18,16.8700008392334,17.780000686645508,16.84000015258789,17.559999465942383,5301400.0
2020-05-19,17.459999084472656,17.84000015258789,17.260000228881836,17.469999313354492,3773100.0
2020-05-20,17.6200008392334,17.649999618530273,17.219999313354492,17.360000610351562,3722600.0
2020-05-21,17.219999313354492,17.56999969482422,17.190000534057617,17.3799991607666,3674600.0
2020-05-22,17.389999389648438,17.579999923706055,17.239999771118164,17.469999313354492,2874700.0
2020-05-26,18.219999313354492,18.65999984741211,17.969999313354492,18.360000610351562,4590500.0
2020-05-27,18.860000610351562,19.0,18.139999389648438,18.489999771118164,4022300.0
2020-05-28,18.729999542236328,18.809999465942383,18.059999465942383,18.149999618530273,4771700.0
2020-05-29,18.0,18.31999969482422,17.81999969482422,18.079999923706055,5590400.0
2020-06-01,18.0,18.760000228881836,17.950000762939453,18.690000534057617,2975300.0
2020-06-02,18.8700008392334,18.969999313354492,18.489999771118164,18.56999969482422,2799800.0
2020-06-03,18.829999923706055,19.649999618530273,18.760000228881836,19.610000610351562,5301200.0
2020-06-04,19.489999771118164,19.540000915527344,18.899999618530273,19.420000076293945,4239600.0
2020-06-05,20.209999084472656,20.43000030517578,19.829999923706055,20.040000915527344,3552000.0
2020-06-08,20.209999084472656,20.899999618530273,20.079999923706055,20.84000015258789,3770800.0
2020-06-09,20.25,20.719999313354492,20.0,20.479999542236328,2864500.0
2020-06-10,20.3799991607666,20.469999313354492,19.719999313354492,20.079999923706055,3314900.0
2020-06-11,19.149999618530273,19.299999237060547,18.459999084472656,18.600000381469727,4287400.0
2020-06-12,19.520000457763672,19.520000457763672,18.799999237060547,19.3799991607666,4472100.0
2020-06-15,18.68000030517578,20.0,18.549999237060547,19.829999923706055,4855300.0
2020-06-16,20.5,20.799999237060547,19.950000762939453,20.25,4938800.0
2020-06-17,20.06999969482422,20.09000015258789,19.709999084472656,19.709999084472656,2680600.0
2020-06-18,19.440000534057617,19.979999542236328,19.360000610351562,19.6299991607666,3022700.0
2020-06-19,19.8799991607666,19.979999542236328,19.100000381469727,19.25,9993700.0
2020-06-22,19.170000076293945,19.3700008392334,18.799999237060547,19.059999465942383,2513800.0
2020-06-23,19.329999923706055,19.389999389648438,18.690000534057617,18.760000228881836,3001500.0
2020-06-24,18.5,18.6299991607666,17.559999465942383,17.850000381469727,3661100.0
2020-06-25,17.670000076293945,18.389999389648438,17.600000381469727,18.3700008392334,4049600.0
2020-06-26,18.260000228881836,18.510000228881836,18.110000610351562,18.260000228881836,5267200.0
2020-06-29,18.40999984741211,18.459999084472656,17.979999542236328,18.440000534057617,2901100.0
2020-06-30,18.489999771118164,18.920000076293945,18.489999771118164,18.799999237060547,3248900.0
2020-07-01,18.850000381469727,19.389999389648438,18.760000228881836,19.329999923706055,2846900.0
2020-07-02,19.709999084472656,19.780000686645508,18.969999313354492,19.030000686645508,3040800.0
2020-07-06,19.450000762939453,19.549999237060547,18.93000030517578,19.020000457763672,3133300.0
2020-07-07,18.68000030517578,18.850000381469727,18.40999984741211,18.420000076293945,3573000.0
2020-07-08,18.450000762939453,18.65999984741211,18.260000228881836,18.3799991607666,2109400.0
2020-07-09,18.31999969482422,18.3700008392334,17.540000915527344,18.010000228881836,2873500.0
2020-07-10,17.5,17.860000610351562,17.5,17.729999542236328,3997400.0
2020-07-13,17.809999465942383,18.469999313354492,17.729999542236328,17.959999084472656,4665100.0
2020-07-14,18.010000228881836,18.260000228881836,17.959999084472656,18.25,3382300.0
2020-07-15,18.719999313354492,18.760000228881836,18.200000762939453,18.290000915527344,2637900.0
2020-07-16,18.229999542236328,18.31999969482422,18.010000228881836,18.1200008392334,2420200.0
2020-07-17,18.309999465942383,18.850000381469727,18.15999984741211,18.770000457763672,1595700.0
2020-07-20,18.75,18.809999465942383,18.25,18.3700008392334,2388500.0
2020-07-21,18.549999237060547,18.770000457763672,18.270000457763672,18.309999465942383,2474500.0
2020-07-22,18.350000381469727,19.309999465942383,18.280000686645508,19.260000228881836,3580600.0
2020-07-23,19.059999465942383,19.399999618530273,18.81999969482422,19.010000228881836,2178700.0
2020-07-24,19.0,19.139999389648438,18.760000228881836,18.920000076293945,2708700.0
2020-07-27,18.920000076293945,19.34000015258789,18.729999542236328,19.31999969482422,2182700.0
2020-07-28,19.309999465942383,19.809999465942383,19.1200008392334,19.68000030517578,3525200.0
2020-07-29,20.0,20.31999969482422,19.84000015258789,20.299999237060547,4151800.0
2020-07-30,20.079999923706055,20.719999313354492,20.0,20.579999923706055,3702000.0
2020-07-31,20.5,20.56999969482422,19.530000686645508,20.1299991607666,3783900.0
2020-08-03,20.1200008392334,20.1200008392334,19.649999618530273,19.899999618530273,2154100.0
2020-08-04,19.90999984741211,20.18000030517578,19.790000915527344,19.979999542236328,2158300.0
2020-08-05,20.06999969482422,20.170000076293945,19.700000762939453,19.799999237060547,1493700.0
2020-08-06,19.75,20.100000381469727,19.68000030517578,19.709999084472656,3107500.0
2020-08-07,19.700000762939453,20.139999389648438,19.6299991607666,19.8700008392334,2703700.0
2020-08-10,19.8700008392334,20.18000030517578,19.809999465942383,19.90999984741211,2349400.0
2020-08-11,20.100000381469727,20.18000030517578,19.440000534057617,19.549999237060547,2919500.0
2020-08-12,19.700000762939453,19.729999542236328,19.34000015258789,19.510000228881836,2347100.0
2020-08-13,19.399999618530273,19.690000534057617,19.030000686645508,19.06999969482422,1920100.0
2020-08-14,19.049999237060547,19.329999923706055,19.010000228881836,19.18000030517578,2705800.0
2020-08-17,19.25,19.479999542236328,19.149999618530273,19.329999923706055,2234100.0
2020-08-18,19.25,19.360000610351562,19.059999465942383,19.280000686645508,3719400.0
2020-08-19,19.309999465942383,19.309999465942383,18.56999969482422,18.639999389648438,3615500.0
2020-08-20,18.520000457763672,18.8700008392334,18.350000381469727,18.700000762939453,8169900.0
2020-08-21,18.780000686645508,18.8799991607666,18.25,18.3799991607666,4348600.0
2020-08-24,18.700000762939453,18.809999465942383,18.34000015258789,18.799999237060547,4024800.0
2020-08-25,18.860000610351562,18.889999389648438,18.559999465942383,18.84000015258789,3035800.0
2020-08-26,18.850000381469727,18.8700008392334,18.290000915527344,18.3799991607666,4878500.0
2020-08-27,18.479999542236328,18.84000015258789,18.450000762939453,18.68000030517578,4840700.0
2020-08-28,18.780000686645508,18.780000686645508,18.510000228881836,18.56999969482422,4029000.0
2020-08-31,18.549999237060547,18.670000076293945,18.450000762939453,18.579999923706055,4783600.0
2020-09-01,18.479999542236328,18.729999542236328,18.270000457763672,18.549999237060547,3461800.0
2020-09-02,18.549999237060547,18.719999313354492,18.440000534057617,18.649999618530273,6486400.0
2020-09-03,18.709999084472656,18.8700008392334,18.389999389648438,18.459999084472656,4956800.0
2020-09-04,18.489999771118164,18.670000076293945,18.049999237060547,18.399999618530273,4495000.0
2020-09-08,18.399999618530273,18.530000686645508,18.18000030517578,18.219999313354492,4130800.0
2020-09-09,18.15999984741211,18.440000534057617,17.989999771118164,18.31999969482422,5071200.0
2020-09-10,18.309999465942383,18.639999389648438,18.270000457763672,18.3700008392334,3893000.0
2020-09-11,18.469999313354492,18.530000686645508,18.040000915527344,18.209999084472656,1712900.0
2020-09-14,18.309999465942383,18.56999969482422,18.200000762939453,18.360000610351562,5090600.0
2020-09-15,18.510000228881836,18.649999618530273,18.25,18.31999969482422,3517600.0
2020-09-16,18.399999618530273,18.5,18.059999465942383,18.100000381469727,4097700.0
2020-09-17,17.889999389648438,18.030000686645508,17.520000457763672,17.549999237060547,4921500.0
2020-09-18,17.5,17.56999969482422,16.959999084472656,17.010000228881836,8039800.0
2020-09-21,16.8799991607666,16.959999084472656,16.31999969482422,16.790000915527344,5023500.0
2020-09-22,16.780000686645508,17.040000915527344,16.65999984741211,16.690000534057617,4309500.0
2020-09-23,16.719999313354492,16.719999313354492,16.100000381469727,16.25,11093300.0
2020-09-24,16.290000915527344,17.079999923706055,16.239999771118164,16.899999618530273,7095500.0
2020-09-25,16.719999313354492,17.170000076293945,16.65999984741211,17.139999389648438,4016300.0
2020-09-28,17.40999984741211,17.639999389648438,17.219999313354492,17.600000381469727,3651000.0
2020-09-29,17.600000381469727,17.610000610351562,17.270000457763672,17.59000015258789,3877300.0
2020-09-30,17.690000534057617,17.899999618530273,17.43000030517578,17.6299991607666,5330500.0
2020-10-01,17.729999542236328,18.190000534057617,17.579999923706055,18.18000030517578,3798700.0
2020-10-02,17.899999618530273,18.6200008392334,17.709999084472656,18.559999465942383,4135700.0
2020-10-05,18.68000030517578,18.75,18.219999313354492,18.700000762939453,3423800.0
2020-10-06,18.75,18.979999542236328,18.469999313354492,18.6299991607666,4283800.0
2020-10-07,18.760000228881836,18.760000228881836,18.260000228881836,18.3799991607666,2703500.0
2020-10-08,18.399999618530273,18.709999084472656,18.350000381469727,18.700000762939453,2396200.0
2020-10-09,18.90999984741211,18.940000534057617,18.5,18.59000015258789,3160900.0
2020-10-12,18.65999984741211,18.790000915527344,18.540000915527344,18.739999771118164,2958600.0
2020-10-13,18.549999237060547,18.700000762939453,18.3700008392334,18.6200008392334,2982000.0
2020-10-14,18.540000915527344,18.56999969482422,18.200000762939453,18.239999771118164,2150800.0
2020-10-15,18.170000076293945,18.56999969482422,18.010000228881836,18.31999969482422,2309000.0
2020-10-16,18.1299991607666,18.290000915527344,17.899999618530273,18.049999237060547,2160700.0
2020-10-19,18.18000030517578,18.18000030517578,17.649999618530273,17.68000030517578,3940900.0
2020-10-20,17.850000381469727,18.149999618530273,17.81999969482422,17.899999618530273,1863600.0
2020-10-21,17.809999465942383,17.940000534057617,17.6299991607666,17.84000015258789,2350800.0
2020-10-22,17.829999923706055,17.959999084472656,17.700000762939453,17.950000762939453,2257400.0
2020-10-23,18.09000015258789,18.309999465942383,17.940000534057617,18.299999237060547,2451300.0
2020-10-26,18.09000015258789,18.219999313354492,17.93000030517578,18.170000076293945,2766900.0
2020-10-27,18.1200008392334,18.329999923706055,17.899999618530273,17.899999618530273,2702400.0
2020-10-28,17.549999237060547,17.799999237060547,17.18000030517578,17.190000534057617,2772100.0
2020-10-29,17.239999771118164,18.219999313354492,17.1299991607666,18.139999389648438,2911500.0
2020-10-30,17.969999313354492,18.06999969482422,17.510000228881836,17.81999969482422,3032600.0
2020-11-02,17.989999771118164,18.6200008392334,17.889999389648438,18.6200008392334,3261200.0
2020-11-03,18.809999465942383,19.149999618530273,18.649999618530273,19.06999969482422,3304600.0
2020-11-04,18.90999984741211,19.200000762939453,18.829999923706055,18.899999618530273,2314500.0
2020-11-05,19.139999389648438,19.200000762939453,18.739999771118164,18.780000686645508,1955500.0
2020-11-06,18.780000686645508,19.270000457763672,18.729999542236328,18.790000915527344,2919500.0
2020-11-09,20.0,21.350000381469727,19.079999923706055,19.190000534057617,8824300.0
2020-11-10,19.360000610351562,19.56999969482422,19.09000015258789,19.459999084472656,4196900.0
2020-11-11,19.520000457763672,19.610000610351562,19.25,19.440000534057617,3256800.0
2020-11-12,19.31999969482422,19.350000381469727,18.729999542236328,18.850000381469727,2796800.0
2020-11-13,19.100000381469727,19.420000076293945,19.06999969482422,19.399999618530273,3092100.0
2020-11-16,19.799999237060547,19.950000762939453,19.329999923706055,19.469999313354492,3061600.0
2020-11-17,19.420000076293945,19.59000015258789,19.200000762939453,19.3700008392334,3225800.0
2020-11-18,19.3700008392334,19.489999771118164,18.899999618530273,18.93000030517578,4350100.0
2020-11-19,18.829999923706055,19.270000457763672,18.610000610351562,19.229999542236328,2708200.0
2020-11-20,19.170000076293945,19.43000030517578,19.030000686645508,19.43000030517578,4034800.0
2020-11-23,19.559999465942383,19.639999389648438,19.329999923706055,19.420000076293945,3590300.0
2020-11-24,19.719999313354492,19.940000534057617,19.549999237060547,19.790000915527344,3271700.0
2020-11-25,19.799999237060547,19.81999969482422,19.479999542236328,19.770000457763672,2613200.0
2020-11-27,19.799999237060547,19.799999237060547,19.43000030517578,19.56999969482422,1622700.0
2020-11-30,19.5,19.649999618530273,19.31999969482422,19.399999618530273,6638700.0
2020-12-01,19.610000610351562,19.809999465942383,19.450000762939453,19.709999084472656,3429000.0
2020-12-02,19.649999618530273,19.829999923706055,19.520000457763672,19.600000381469727,2262300.0
2020-12-03,19.6299991607666,20.079999923706055,19.549999237060547,20.010000228881836,4080200.0
2020-12-04,20.1200008392334,20.559999465942383,20.049999237060547,20.559999465942383,3985800.0
2020-12-07,20.559999465942383,20.920000076293945,20.489999771118164,20.75,4020900.0
2020-12-08,20.700000762939453,20.8799991607666,20.690000534057617,20.84000015258789,3909700.0
2020-12-09,20.639999389648438,20.670000076293945,20.420000076293945,20.600000381469727,4199000.0
2020-12-10,20.420000076293945,20.6299991607666,20.200000762939453,20.489999771118164,4206900.0
2020-12-11,20.350000381469727,20.739999771118164,20.34000015258789,20.68000030517578,4444300.0
2020-12-14,20.84000015258789,21.0,20.65999984741211,20.799999237060547,4797100.0
2020-12-15,21.010000228881836,21.350000381469727,20.790000915527344,21.350000381469727,5165800.0
2020-12-16,21.459999084472656,21.549999237060547,21.190000534057617,21.280000686645508,5610400.0
2020-12-17,21.350000381469727,21.420000076293945,21.0,21.139999389648438,5568000.0
2020-12-18,21.270000457763672,21.5,21.0,21.079999923706055,11275900.0
2020-12-21,20.899999618530273,21.09000015258789,20.700000762939453,20.950000762939453,3507000.0
2020-12-22,21.100000381469727,21.600000381469727,20.950000762939453,21.56999969482422,2744000.0
2020-12-23,21.700000762939453,21.959999084472656,21.6299991607666,21.68000030517578,3383000.0
2020-12-24,21.690000534057617,21.760000228881836,21.450000762939453,21.729999542236328,1086300.0
2020-12-28,21.8799991607666,21.8799991607666,21.510000228881836,21.649999618530273,2944900.0
2020-12-29,21.649999618530273,21.860000610351562,21.489999771118164,21.700000762939453,3123500.0
2020-12-30,21.700000762939453,21.860000610351562,21.600000381469727,21.610000610351562,2560800.0
2020-12-31,21.610000610351562,21.8700008392334,21.459999084472656,21.790000915527344,1993700.0
2021-01-04,21.809999465942383,21.950000762939453,20.799999237060547,20.799999237060547,3812800.0
2021-01-05,20.850000381469727,21.1200008392334,20.850000381469727,20.8799991607666,3451400.0
2021-01-06,20.8799991607666,21.15999984741211,20.790000915527344,21.0,3508800.0
2021-01-07,20.09000015258789,20.670000076293945,19.90999984741211,20.489999771118164,25144200.0
2021-01-08,20.579999923706055,21.110000610351562,20.549999237060547,21.06999969482422,18054900.0
2021-01-11,21.0,21.309999465942383,20.739999771118164,20.850000381469727,12746400.0
2021-01-12,20.850000381469727,20.93000030517578,20.389999389648438,20.68000030517578,6110100.0
2021-01-13,20.75,21.239999771118164,20.719999313354492,21.209999084472656,5563100.0
2021-01-14,21.360000610351562,21.450000762939453,20.93000030517578,21.0,2764900.0
2021-01-15,21.0,21.299999237060547,20.850000381469727,21.190000534057617,2610400.0
2021-01-19,21.56999969482422,21.600000381469727,21.100000381469727,21.350000381469727,3604800.0
2021-01-20,21.309999465942383,22.1200008392334,21.270000457763672,22.020000457763672,4283900.0
2021-01-21,21.920000076293945,22.06999969482422,21.559999465942383,21.709999084472656,2921700.0
2021-01-22,21.43000030517578,21.479999542236328,21.260000228881836,21.469999313354492,3255100.0
2021-01-25,21.479999542236328,21.739999771118164,21.329999923706055,21.399999618530273,2562400.0
2021-01-26,21.40999984741211,21.510000228881836,21.139999389648438,21.200000762939453,2510400.0
2021-01-27,21.040000915527344,21.110000610351562,20.6200008392334,20.649999618530273,3587400.0
2021-01-28,20.739999771118164,21.489999771118164,20.639999389648438,21.209999084472656,3550000.0
2021-01-29,21.040000915527344,21.309999465942383,20.65999984741211,21.110000610351562,4039000.0
2021-02-01,21.18000030517578,21.639999389648438,20.93000030517578,21.6299991607666,4389100.0
2021-02-02,21.780000686645508,21.959999084472656,21.530000686645508,21.899999618530273,2649400.0
2021-02-03,21.739999771118164,21.93000030517578,21.530000686645508,21.8700008392334,2721000.0
2021-02-04,22.0,22.25,21.739999771118164,21.829999923706055,3273300.0
2021-02-05,21.93000030517578,22.059999465942383,21.639999389648438,21.8799991607666,2507400.0
2021-02-08,21.889999389648438,22.239999771118164,21.760000228881836,22.229999542236328,2416900.0
2021-02-09,22.329999923706055,22.40999984741211,22.149999618530273,22.209999084472656,2509200.0
2021-02-10,22.31999969482422,22.690000534057617,22.280000686645508,22.420000076293945,2424600.0
2021-02-11,22.3799991607666,22.75,22.3700008392334,22.68000030517578,2717100.0
2021-02-12,22.549999237060547,22.65999984741211,22.239999771118164,22.5,2026000.0
2021-02-16,22.600000381469727,22.610000610351562,22.09000015258789,22.200000762939453,2581400.0
2021-02-17,22.149999618530273,22.170000076293945,21.889999389648438,21.899999618530273,2661400.0
2021-02-18,21.8700008392334,21.979999542236328,21.540000915527344,21.540000915527344,3337000.0
2021-02-19,21.690000534057617,21.979999542236328,21.6200008392334,21.860000610351562,2710500.0
2021-02-22,21.760000228881836,22.139999389648438,21.709999084472656,22.049999237060547,2312700.0
2021-02-23,22.010000228881836,22.389999389648438,21.90999984741211,22.280000686645508,2443200.0
2021-02-24,22.309999465942383,22.6200008392334,22.170000076293945,22.479999542236328,2228900.0
2021-02-25,22.3799991607666,22.68000030517578,21.65999984741211,21.799999237060547,2534200.0
2021-02-26,21.809999465942383,22.09000015258789,21.579999923706055,21.59000015258789,3077200.0
2021-03-01,21.979999542236328,22.170000076293945,21.56999969482422,21.579999923706055,4324800.0
2021-03-02,21.510000228881836,21.600000381469727,21.149999618530273,21.3799991607666,3248800.0
2021-03-03,21.3799991607666,21.489999771118164,21.1299991607666,21.139999389648438,3820700.0
2021-03-04,21.200000762939453,21.389999389648438,20.690000534057617,20.829999923706055,4821600.0
2021-03-05,21.040000915527344,21.299999237060547,20.690000534057617,21.239999771118164,3860700.0
2021-03-08,21.389999389648438,21.770000457763672,21.149999618530273,21.43000030517578,3027500.0
2021-03-09,21.520000457763672,21.81999969482422,21.350000381469727,21.360000610351562,2775000.0
2021-03-10,21.3799991607666,21.6200008392334,21.299999237060547,21.489999771118164,3231000.0
2021-03-11,21.579999923706055,21.739999771118164,21.209999084472656,21.219999313354492,4297400.0
2021-03-12,21.260000228881836,21.940000534057617,21.239999771118164,21.940000534057617,4069500.0
2021-03-15,22.110000610351562,22.229999542236328,21.959999084472656,22.09000015258789,4987200.0
2021-03-16,22.030000686645508,22.270000457763672,21.530000686645508,21.549999237060547,4362400.0
2021-03-17,21.290000915527344,21.8799991607666,21.110000610351562,21.8799991607666,3541400.0
2021-03-18,21.709999084472656,21.81999969482422,21.239999771118164,21.309999465942383,3414300.0
2021-03-19,21.360000610351562,21.459999084472656,20.90999984741211,20.93000030517578,7560300.0
2021-03-22,20.860000610351562,21.479999542236328,20.809999465942383,21.399999618530273,3933700.0
2021-03-23,21.350000381469727,21.610000610351562,21.15999984741211,21.34000015258789,2962800.0
2021-03-24,21.329999923706055,21.6200008392334,21.260000228881836,21.270000457763672,2320100.0
2021-03-25,21.190000534057617,21.299999237060547,20.649999618530273,21.25,2536100.0
2021-03-26,21.299999237060547,21.440000534057617,21.100000381469727,21.350000381469727,2734000.0
2021-03-29,21.350000381469727,21.489999771118164,21.020000457763672,21.1299991607666,2823000.0
2021-03-30,21.100000381469727,21.329999923706055,21.020000457763672,21.229999542236328,2904600.0
2021-03-31,21.209999084472656,21.649999618530273,21.079999923706055,21.280000686645508,4189200.0
2021-04-01,21.40999984741211,21.65999984741211,21.239999771118164,21.65999984741211,4517800.0
2021-04-05,21.8700008392334,21.8799991607666,21.579999923706055,21.850000381469727,2820600.0
2021-04-06,21.760000228881836,21.8700008392334,21.6299991607666,21.850000381469727,3747400.0
2021-04-07,21.93000030517578,22.030000686645508,21.690000534057617,21.799999237060547,2576800.0
2021-04-08,21.940000534057617,22.010000228881836,21.65999984741211,21.850000381469727,3168900.0
2021-04-09,21.850000381469727,21.93000030517578,21.600000381469727,21.6299991607666,2215300.0
2021-04-12,21.649999618530273,21.709999084472656,21.469999313354492,21.700000762939453,2436100.0
2021-04-13,21.6299991607666,21.790000915527344,21.59000015258789,21.670000076293945,4033000.0
2021-04-14,21.68000030517578,21.989999771118164,21.610000610351562,21.84000015258789,6163100.0
2021-04-15,21.940000534057617,22.030000686645508,21.760000228881836,21.899999618530273,3434200.0
2021-04-16,22.020000457763672,22.239999771118164,21.920000076293945,22.139999389648438,2688800.0
2021-04-19,22.219999313354492,22.239999771118164,22.059999465942383,22.239999771118164,2883000.0
2021-04-20,22.170000076293945,22.399999618530273,22.100000381469727,22.18000030517578,3409100.0
2021-04-21,22.170000076293945,22.690000534057617,22.1299991607666,22.59000015258789,3257900.0
2021-04-22,22.56999969482422,22.770000457763672,22.489999771118164,22.510000228881836,2362900.0
2021-04-23,22.549999237060547,22.690000534057617,22.5,22.639999389648438,1948900.0
2021-04-26,22.75,22.81999969482422,22.6299991607666,22.700000762939453,1633400.0
2021-04-27,22.709999084472656,22.739999771118164,22.440000534057617,22.459999084472656,2173500.0
2021-04-28,22.530000686645508,22.739999771118164,22.440000534057617,22.5,2269200.0
2021-04-29,22.790000915527344,22.790000915527344,21.950000762939453,22.010000228881836,3298600.0
2021-04-30,21.989999771118164,22.139999389648438,21.8700008392334,22.049999237060547,4421100.0
2021-05-03,22.0,22.139999389648438,21.65999984741211,21.809999465942383,4104700.0
2021-05-04,21.81999969482422,21.920000076293945,21.40999984741211,21.56999969482422,3911500.0
2021-05-05,21.489999771118164,21.56999969482422,20.90999984741211,21.09000015258789,5665600.0
2021-05-06,21.110000610351562,21.459999084472656,21.020000457763672,21.200000762939453,3173600.0
2021-05-07,21.209999084472656,21.479999542236328,21.149999618530273,21.479999542236328,3215900.0
2021-05-10,21.579999923706055,21.799999237060547,21.489999771118164,21.5,2818100.0
2021-05-11,21.290000915527344,21.389999389648438,21.040000915527344,21.329999923706055,3252000.0
2021-05-12,21.260000228881836,21.350000381469727,20.559999465942383,20.59000015258789,4045800.0
2021-05-13,20.639999389648438,20.969999313354492,20.59000015258789,20.690000534057617,3614700.0
2021-05-14,20.770000457763672,20.950000762939453,20.760000228881836,20.81999969482422,2598300.0
2021-05-17,20.81999969482422,21.110000610351562,20.760000228881836,21.010000228881836,2867700.0
2021-05-18,21.09000015258789,21.229999542236328,20.75,20.809999465942383,3975300.0
2021-05-19,20.690000534057617,20.84000015258789,20.40999984741211,20.81999969482422,4629400.0
2021-05-20,20.760000228881836,21.079999923706055,20.719999313354492,21.020000457763672,2713200.0
2021-05-21,21.020000457763672,21.200000762939453,20.93000030517578,21.0,4763700.0
2021-05-24,21.149999618530273,21.3799991607666,21.09000015258789,21.309999465942383,2521600.0
2021-05-25,21.34000015258789,21.40999984741211,21.1299991607666,21.309999465942383,2833900.0
2021-05-26,21.350000381469727,21.530000686645508,21.170000076293945,21.329999923706055,3369000.0
2021-05-27,21.469999313354492,21.479999542236328,21.020000457763672,21.059999465942383,4642400.0
2021-05-28,21.149999618530273,21.209999084472656,20.920000076293945,21.170000076293945,4134500.0
2021-06-01,21.329999923706055,21.389999389648438,21.059999465942383,21.360000610351562,4757500.0
2021-06-02,21.3799991607666,21.579999923706055,21.31999969482422,21.510000228881836,4030700.0
2021-06-03,21.5,21.520000457763672,20.979999542236328,21.229999542236328,7360000.0
2021-06-04,21.350000381469727,21.350000381469727,21.030000686645508,21.100000381469727,7076700.0
2021-06-07,21.25,21.6299991607666,21.219999313354492,21.299999237060547,7774900.0
2021-06-08,21.360000610351562,21.600000381469727,21.239999771118164,21.549999237060547,7315200.0
2021-06-09,21.709999084472656,21.860000610351562,21.6200008392334,21.639999389648438,3000100.0
2021-06-10,21.65999984741211,21.8700008392334,21.56999969482422,21.860000610351562,2742800.0
2021-06-11,21.799999237060547,21.809999465942383,21.549999237060547,21.760000228881836,4063700.0
2021-06-14,21.780000686645508,21.989999771118164,21.780000686645508,21.969999313354492,4430600.0
2021-06-15,21.93000030517578,21.989999771118164,21.229999542236328,21.270000457763672,7855500.0
2021-06-16,21.200000762939453,21.3799991607666,20.950000762939453,20.959999084472656,6426800.0
2021-06-17,20.950000762939453,21.020000457763672,20.65999984741211,20.84000015258789,7299000.0
2021-06-18,20.8700008392334,20.8700008392334,19.81999969482422,19.81999969482422,13622400.0
2021-06-21,19.84000015258789,20.389999389648438,19.799999237060547,20.270000457763672,6247000.0
2021-06-22,20.329999923706055,20.600000381469727,20.110000610351562,20.360000610351562,6616200.0
2021-06-23,20.31999969482422,20.459999084472656,20.229999542236328,20.260000228881836,5212000.0
2021-06-24,20.270000457763672,20.549999237060547,20.219999313354492,20.5,4907000.0
2021-06-25,20.510000228881836,20.6299991607666,20.440000534057617,20.5,4854300.0
2021-06-28,20.5,20.510000228881836,20.290000915527344,20.43000030517578,4163100.0
2021-06-29,20.450000762939453,20.530000686645508,20.200000762939453,20.219999313354492,3530300.0
2021-06-30,20.209999084472656,20.3799991607666,20.100000381469727,20.100000381469727,4219900.0
2021-07-01,20.110000610351562,20.479999542236328,19.950000762939453,20.239999771118164,5108400.0
2021-07-02,20.420000076293945,20.68000030517578,20.399999618530273,20.600000381469727,7053000.0
2021-07-06,20.459999084472656,20.5,20.030000686645508,20.3799991607666,7250900.0
2021-07-07,20.299999237060547,20.420000076293945,20.229999542236328,20.309999465942383,4704900.0
2021-07-08,20.200000762939453,20.290000915527344,19.959999084472656,20.020000457763672,4630900.0
2021-07-09,20.190000534057617,20.510000228881836,20.18000030517578,20.5,4827300.0
2021-07-12,20.469999313354492,20.5,20.229999542236328,20.31999969482422,4686800.0
2021-07-13,20.25,20.329999923706055,20.020000457763672,20.06999969482422,3268700.0
2021-07-14,20.079999923706055,20.360000610351562,20.040000915527344,20.270000457763672,3512500.0
2021-07-15,20.200000762939453,20.440000534057617,20.190000534057617,20.350000381469727,6562900.0
2021-07-16,20.420000076293945,20.65999984741211,20.34000015258789,20.6200008392334,3919300.0
2021-07-19,20.40999984741211,20.43000030517578,20.030000686645508,20.25,4357900.0
2021-07-20,20.3700008392334,21.030000686645508,20.299999237060547,20.920000076293945,3877600.0
2021-07-21,20.940000534057617,21.239999771118164,20.899999618530273,21.049999237060547,4962500.0
2021-07-22,20.979999542236328,21.059999465942383,20.780000686645508,20.920000076293945,2243300.0
2021-07-23,21.010000228881836,21.079999923706055,20.889999389648438,21.0,2338700.0
2021-07-26,20.969999313354492,21.09000015258789,20.860000610351562,20.889999389648438,2832500.0
2021-07-27,20.799999237060547,20.950000762939453,20.670000076293945,20.860000610351562,2348200.0
2021-07-28,20.780000686645508,20.940000534057617,20.719999313354492,20.760000228881836,2818300.0
2021-07-29,20.899999618530273,21.100000381469727,20.799999237060547,20.829999923706055,2647300.0
2021-07-30,20.829999923706055,21.3799991607666,20.81999969482422,21.030000686645508,4189200.0
2021-08-02,21.200000762939453,21.34000015258789,20.479999542236328,20.510000228881836,4320000.0
2021-08-03,20.56999969482422,20.690000534057617,20.399999618530273,20.440000534057617,3360200.0
2021-08-04,20.3700008392334,20.399999618530273,20.030000686645508,20.110000610351562,4423500.0
2021-08-05,20.239999771118164,20.549999237060547,20.149999618530273,20.530000686645508,4382100.0
2021-08-06,20.68000030517578,20.709999084472656,20.209999084472656,20.309999465942383,3660800.0
2021-08-09,20.200000762939453,20.299999237060547,20.020000457763672,20.1299991607666,2203800.0
2021-08-10,20.100000381469727,20.1299991607666,19.68000030517578,19.719999313354492,3619400.0
2021-08-11,19.979999542236328,20.15999984741211,19.889999389648438,20.079999923706055,3242000.0
2021-08-12,20.110000610351562,20.200000762939453,19.8799991607666,19.940000534057617,2060700.0
2021-08-13,20.020000457763672,20.15999984741211,19.950000762939453,20.1299991607666,1689000.0
2021-08-16,20.100000381469727,20.25,19.969999313354492,19.969999313354492,2500900.0
2021-08-17,19.8799991607666,19.979999542236328,19.729999542236328,19.950000762939453,2452000.0
2021-08-18,19.850000381469727,19.979999542236328,19.670000076293945,19.850000381469727,3317300.0
2021-08-19,19.799999237060547,19.90999984741211,19.510000228881836,19.65999984741211,3331600.0
2021-08-20,19.59000015258789,19.989999771118164,19.389999389648438,19.90999984741211,3371900.0
2021-08-23,19.950000762939453,20.030000686645508,19.84000015258789,19.979999542236328,2803500.0
2021-08-24,20.0,20.229999542236328,19.920000076293945,20.149999618530273,3086800.0
2021-08-25,20.149999618530273,20.34000015258789,20.0,20.0,2715000.0
2021-08-26,20.0,20.100000381469727,19.84000015258789,19.84000015258789,2827300.0
2021-08-27,19.84000015258789,20.280000686645508,19.84000015258789,20.079999923706055,3625700.0
2021-08-30,20.110000610351562,20.329999923706055,20.010000228881836,20.309999465942383,2196800.0
2021-08-31,20.329999923706055,20.520000457763672,20.260000228881836,20.479999542236328,4212300.0
2021-09-01,20.8700008392334,21.15999984741211,20.799999237060547,20.989999771118164,11026000.0
2021-09-02,20.920000076293945,21.600000381469727,20.920000076293945,21.56999969482422,10936700.0
2021-09-03,21.549999237060547,21.68000030517578,21.399999618530273,21.649999618530273,9169600.0
2021-09-07,21.649999618530273,21.649999618530273,21.3799991607666,21.549999237060547,7303000.0
2021-09-08,21.610000610351562,21.940000534057617,21.479999542236328,21.920000076293945,5812700.0
2021-09-09,21.799999237060547,21.989999771118164,21.549999237060547,21.559999465942383,10744400.0
2021-09-10,21.600000381469727,21.700000762939453,21.040000915527344,21.059999465942383,5259300.0
2021-09-13,21.149999618530273,21.149999618530273,20.829999923706055,20.84000015258789,6896900.0
2021-09-14,20.899999618530273,21.010000228881836,20.59000015258789,20.59000015258789,4656200.0
2021-09-15,20.31999969482422,20.3700008392334,20.149999618530273,20.209999084472656,5896400.0
2021-09-16,20.229999542236328,20.6200008392334,20.18000030517578,20.459999084472656,4203000.0
2021-09-17,20.489999771118164,20.520000457763672,20.049999237060547,20.06999969482422,7928500.0
2021-09-20,19.920000076293945,20.229999542236328,19.850000381469727,20.200000762939453,5034300.0
2021-09-21,20.360000610351562,20.90999984741211,20.329999923706055,20.65999984741211,5453900.0
2021-09-22,20.850000381469727,20.940000534057617,20.600000381469727,20.6200008392334,5874100.0
2021-09-23,20.6299991607666,21.09000015258789,20.6200008392334,20.979999542236328,3854100.0
2021-09-24,21.0,21.09000015258789,20.690000534057617,20.719999313354492,3251300.0
2021-09-27,20.780000686645508,20.969999313354492,20.40999984741211,20.450000762939453,3568000.0
2021-09-28,20.43000030517578,20.489999771118164,20.229999542236328,20.360000610351562,3960700.0
2021-09-29,20.5,20.739999771118164,20.389999389648438,20.68000030517578,2455500.0
2021-09-30,20.709999084472656,20.739999771118164,20.06999969482422,20.06999969482422,6923600.0
2021-10-01,20.190000534057617,20.489999771118164,20.0,20.239999771118164,4559300.0
2021-10-04,20.229999542236328,20.309999465942383,20.0,20.049999237060547,5551300.0
2021-10-05,20.0,20.059999465942383,19.790000915527344,19.860000610351562,4539300.0
2021-10-06,19.739999771118164,19.950000762939453,19.450000762939453,19.950000762939453,5398900.0
2021-10-07,20.0,20.290000915527344,19.799999237060547,19.81999969482422,5047300.0
2021-10-08,19.81999969482422,20.010000228881836,19.709999084472656,19.719999313354492,2288400.0
2021-10-11,19.799999237060547,19.950000762939453,19.709999084472656,19.940000534057617,2373900.0
2021-10-12,20.0,20.209999084472656,19.889999389648438,20.049999237060547,3436200.0
2021-10-13,20.040000915527344,20.420000076293945,20.0,20.350000381469727,2500300.0
2021-10-14,20.530000686645508,20.649999618530273,20.389999389648438,20.59000015258789,3035800.0
2021-10-15,20.690000534057617,20.940000534057617,20.600000381469727,20.84000015258789,3099500.0
2021-10-18,20.68000030517578,20.760000228881836,20.559999465942383,20.6299991607666,2329300.0
2021-10-19,20.719999313354492,20.760000228881836,20.530000686645508,20.549999237060547,3015900.0
2021-10-20,20.56999969482422,20.90999984741211,20.540000915527344,20.899999618530273,2499400.0
2021-10-21,20.889999389648438,20.889999389648438,20.56999969482422,20.790000915527344,2817800.0
2021-10-22,20.84000015258789,20.979999542236328,20.610000610351562,20.6200008392334,2227700.0
2021-10-25,20.639999389648438,20.65999984741211,20.200000762939453,20.25,3791600.0
2021-10-26,20.399999618530273,20.81999969482422,20.3799991607666,20.760000228881836,3751200.0
2021-10-27,21.15999984741211,21.3700008392334,20.950000762939453,21.299999237060547,5950200.0
2021-10-28,21.450000762939453,21.860000610351562,21.40999984741211,21.729999542236328,4473400.0
2021-10-29,21.610000610351562,21.75,21.280000686645508,21.329999923706055,5361400.0
2021-11-01,21.329999923706055,21.59000015258789,21.290000915527344,21.479999542236328,2719300.0
2021-11-02,21.6200008392334,21.6200008392334,21.020000457763672,21.040000915527344,3820200.0
2021-11-03,21.020000457763672,21.270000457763672,20.979999542236328,21.15999984741211,3557600.0
2021-11-04,21.229999542236328,21.31999969482422,20.809999465942383,20.8799991607666,4035700.0
2021-11-05,21.010000228881836,21.329999923706055,20.989999771118164,21.09000015258789,2705700.0
2021-11-08,21.1200008392334,21.149999618530273,21.0,21.1200008392334,2227500.0
2021-11-09,21.15999984741211,21.31999969482422,21.049999237060547,21.299999237060547,1853100.0
2021-11-10,21.239999771118164,21.510000228881836,21.18000030517578,21.229999542236328,2298600.0
2021-11-11,21.229999542236328,21.440000534057617,21.049999237060547,21.43000030517578,1569700.0
2021-11-12,21.34000015258789,21.399999618530273,21.170000076293945,21.389999389648438,2318500.0
2021-11-15,21.479999542236328,21.760000228881836,21.399999618530273,21.760000228881836,2737100.0
2021-11-16,21.799999237060547,21.799999237060547,21.479999542236328,21.59000015258789,2330000.0
2021-11-17,21.530000686645508,21.770000457763672,21.219999313354492,21.760000228881836,2267600.0
2021-11-18,21.709999084472656,21.770000457763672,21.530000686645508,21.700000762939453,2135400.0
2021-11-19,21.600000381469727,21.700000762939453,21.510000228881836,21.670000076293945,2136500.0
2021-11-22,21.6299991607666,21.6299991607666,21.34000015258789,21.3700008392334,1969800.0
2021-11-23,21.450000762939453,21.729999542236328,21.440000534057617,21.59000015258789,2658000.0
2021-11-24,21.639999389648438,22.100000381469727,21.610000610351562,22.100000381469727,3224300.0
2021-11-26,21.760000228881836,21.81999969482422,21.469999313354492,21.610000610351562,2495300.0
2021-11-29,21.75,21.780000686645508,21.389999389648438,21.489999771118164,3120300.0
2021-11-30,21.309999465942383,21.59000015258789,21.149999618530273,21.290000915527344,5680600.0
2021-12-01,21.479999542236328,21.81999969482422,20.719999313354492,20.739999771118164,4475700.0
2021-12-02,20.809999465942383,21.43000030517578,20.809999465942383,21.299999237060547,4316400.0
2021-12-03,21.350000381469727,21.579999923706055,21.149999618530273,21.360000610351562,3624800.0
2021-12-06,21.56999969482422,22.170000076293945,21.469999313354492,21.889999389648438,5802500.0
2021-12-07,22.170000076293945,22.469999313354492,22.010000228881836,22.360000610351562,4389200.0
2021-12-08,22.139999389648438,22.31999969482422,22.049999237060547,22.229999542236328,3486000.0
2021-12-09,22.09000015258789,22.25,21.93000030517578,21.940000534057617,3333200.0
2021-12-10,22.09000015258789,22.1299991607666,21.75,21.84000015258789,3415400.0
2021-12-13,21.739999771118164,22.239999771118164,21.6299991607666,22.1200008392334,3700200.0
2021-12-14,22.079999923706055,22.170000076293945,21.479999542236328,21.700000762939453,5128500.0
2021-12-15,21.719999313354492,22.059999465942383,21.719999313354492,22.020000457763672,4312400.0
2021-12-16,22.040000915527344,22.31999969482422,21.90999984741211,22.110000610351562,3688400.0
2021-12-17,22.040000915527344,22.520000457763672,21.979999542236328,22.270000457763672,18556200.0
2021-12-20,21.989999771118164,22.239999771118164,21.56999969482422,22.219999313354492,5890700.0
2021-12-21,22.43000030517578,22.81999969482422,22.3700008392334,22.559999465942383,4260500.0
2021-12-22,22.6200008392334,22.790000915527344,22.489999771118164,22.780000686645508,2806900.0
2021-12-23,22.780000686645508,22.829999923706055,22.639999389648438,22.65999984741211,2349900.0
2021-12-27,22.6299991607666,22.90999984741211,22.549999237060547,22.90999984741211,2352000.0
2021-12-28,22.790000915527344,23.06999969482422,22.780000686645508,23.049999237060547,2196200.0
2021-12-29,23.100000381469727,23.350000381469727,22.959999084472656,23.350000381469727,2003700.0
2021-12-30,23.350000381469727,23.59000015258789,23.299999237060547,23.459999084472656,2734600.0
2021-12-31,23.489999771118164,23.739999771118164,23.469999313354492,23.6299991607666,3246800.0
2022-01-03,23.329999923706055,23.549999237060547,23.010000228881836,23.450000762939453,5138000.0
2022-01-04,23.540000915527344,23.700000762939453,23.450000762939453,23.579999923706055,3397900.0
2022-01-05,23.59000015258789,23.799999237060547,23.15999984741211,23.209999084472656,4577000.0
2022-01-06,23.270000457763672,23.639999389648438,23.100000381469727,23.420000076293945,2916200.0
2022-01-07,23.34000015258789,23.530000686645508,23.239999771118164,23.25,3783000.0
2022-01-10,23.149999618530273,23.600000381469727,23.020000457763672,23.510000228881836,4383300.0
2022-01-11,23.549999237060547,23.59000015258789,23.229999542236328,23.510000228881836,2485800.0
2022-01-12,23.440000534057617,23.65999984741211,23.440000534057617,23.559999465942383,3046400.0
2022-01-13,23.729999542236328,23.75,23.510000228881836,23.739999771118164,3021100.0
2022-01-14,23.65999984741211,24.1299991607666,23.65999984741211,24.1299991607666,6511800.0
2022-01-18,24.030000686645508,24.040000915527344,23.670000076293945,23.770000457763672,3052500.0
2022-01-19,23.899999618530273,24.0,23.329999923706055,23.329999923706055,4184900.0
2022-01-20,23.43000030517578,23.600000381469727,22.75,22.75,3328600.0
2022-01-21,22.68000030517578,22.979999542236328,22.65999984741211,22.899999618530273,4338400.0
2022-01-24,22.59000015258789,23.010000228881836,22.200000762939453,22.989999771118164,5438000.0
2022-01-25,22.860000610351562,22.959999084472656,22.270000457763672,22.610000610351562,4610100.0
2022-01-26,22.84000015258789,23.1299991607666,22.229999542236328,22.299999237060547,5202500.0
2022-01-27,22.5,22.760000228881836,21.829999923706055,21.969999313354492,6198800.0
2022-01-28,21.969999313354492,22.25,21.360000610351562,22.25,6493000.0
2022-01-31,22.18000030517578,22.760000228881836,22.06999969482422,22.760000228881836,4421600.0
2022-02-01,22.799999237060547,22.93000030517578,22.600000381469727,22.790000915527344,3971900.0
2022-02-02,22.780000686645508,23.09000015258789,22.700000762939453,22.809999465942383,4747400.0
2022-02-03,22.559999465942383,23.18000030517578,22.010000228881836,22.170000076293945,5366500.0
2022-02-04,22.079999923706055,22.260000228881836,21.790000915527344,21.899999618530273,5325300.0
2022-02-07,21.940000534057617,22.06999969482422,21.440000534057617,21.459999084472656,4361900.0
2022-02-08,21.489999771118164,21.799999237060547,21.479999542236328,21.6299991607666,3665000.0
2022-02-09,21.899999618530273,22.110000610351562,21.739999771118164,21.8700008392334,3735700.0
2022-02-10,21.690000534057617,22.09000015258789,21.389999389648438,21.459999084472656,4569000.0
2022-02-11,21.559999465942383,21.989999771118164,21.440000534057617,21.670000076293945,4254600.0
2022-02-14,21.530000686645508,21.709999084472656,20.690000534057617,20.780000686645508,8061300.0
2022-02-15,20.81999969482422,20.989999771118164,20.31999969482422,20.399999618530273,12065000.0
2022-02-16,20.5,20.68000030517578,20.309999465942383,20.649999618530273,6389200.0
2022-02-17,20.6200008392334,20.639999389648438,20.389999389648438,20.479999542236328,3139200.0
2022-02-18,20.579999923706055,20.940000534057617,20.440000534057617,20.5,5076500.0
2022-02-22,20.440000534057617,20.639999389648438,20.229999542236328,20.420000076293945,4869300.0
2022-02-23,20.709999084472656,20.84000015258789,19.899999618530273,19.969999313354492,4570700.0
2022-02-24,19.649999618530273,20.139999389648438,19.610000610351562,20.020000457763672,8336600.0
2022-02-25,20.110000610351562,20.780000686645508,19.93000030517578,20.780000686645508,5371000.0
2022-02-28,20.469999313354492,20.56999969482422,20.110000610351562,20.34000015258789,4971700.0
2022-03-01,20.450000762939453,20.729999542236328,20.040000915527344,20.270000457763672,7545300.0
2022-03-02,20.25,20.540000915527344,20.239999771118164,20.43000030517578,6574100.0
2022-03-03,20.5,20.719999313354492,20.209999084472656,20.6299991607666,4049300.0
2022-03-04,20.469999313354492,20.549999237060547,20.260000228881836,20.489999771118164,6600900.0
2022-03-07,20.479999542236328,20.56999969482422,20.1200008392334,20.1299991607666,5283100.0
2022-03-08,20.190000534057617,20.540000915527344,19.959999084472656,20.290000915527344,5454200.0
2022-03-09,20.649999618530273,20.739999771118164,20.290000915527344,20.329999923706055,4526400.0
2022-03-10,20.260000228881836,20.690000534057617,20.200000762939453,20.610000610351562,3567600.0
2022-03-11,20.5,20.719999313354492,20.139999389648438,20.149999618530273,5211000.0
2022-03-14,20.200000762939453,20.3799991607666,19.8799991607666,19.989999771118164,4792900.0
2022-03-15,20.110000610351562,20.219999313354492,19.860000610351562,20.06999969482422,4478200.0
2022-03-16,19.940000534057617,20.1200008392334,19.510000228881836,19.940000534057617,5607400.0
2022-03-17,19.90999984741211,20.350000381469727,19.889999389648438,20.219999313354492,5918900.0
2022-03-18,20.020000457763672,20.540000915527344,20.010000228881836,20.5,9478300.0
2022-03-21,20.549999237060547,20.649999618530273,20.110000610351562,20.209999084472656,5354500.0
2022-03-22,20.25,20.530000686645508,20.219999313354492,20.360000610351562,5477100.0
2022-03-23,20.299999237060547,20.3799991607666,20.049999237060547,20.209999084472656,3793400.0
2022-03-24,20.260000228881836,20.420000076293945,20.200000762939453,20.399999618530273,3834600.0
2022-03-25,20.440000534057617,20.690000534057617,20.329999923706055,20.670000076293945,2850500.0
2022-03-28,20.649999618530273,20.959999084472656,20.489999771118164,20.940000534057617,4309600.0
2022-03-29,21.049999237060547,21.6299991607666,20.959999084472656,21.489999771118164,4613200.0
2022-03-30,21.40999984741211,21.469999313354492,21.18000030517578,21.3700008392334,4338400.0
2022-03-31,21.489999771118164,21.59000015258789,21.139999389648438,21.139999389648438,4946100.0
2022-04-01,21.149999618530273,21.549999237060547,21.100000381469727,21.540000915527344,3387400.0
2022-04-04,21.420000076293945,21.540000915527344,21.020000457763672,21.260000228881836,3811500.0
2022-04-05,21.260000228881836,21.3799991607666,20.719999313354492,20.770000457763672,4533300.0
2022-04-06,20.700000762939453,21.309999465942383,20.579999923706055,21.260000228881836,4324700.0
2022-04-07,21.25,21.25,20.90999984741211,21.1299991607666,3850400.0
2022-04-08,21.31999969482422,21.350000381469727,21.040000915527344,21.100000381469727,2675500.0
2022-04-11,21.149999618530273,21.25,20.479999542236328,20.530000686645508,4941200.0
2022-04-12,20.5,20.610000610351562,20.190000534057617,20.329999923706055,4130600.0
2022-04-13,20.1200008392334,20.34000015258789,19.889999389648438,20.309999465942383,5769000.0
2022-04-14,20.489999771118164,20.709999084472656,20.200000762939453,20.229999542236328,6115000.0
2022-04-18,20.110000610351562,20.190000534057617,19.420000076293945,19.520000457763672,7717800.0
2022-04-19,19.729999542236328,19.920000076293945,19.540000915527344,19.809999465942383,5862100.0
2022-04-20,19.829999923706055,20.299999237060547,19.68000030517578,20.190000534057617,5029900.0
2022-04-21,20.299999237060547,20.459999084472656,20.1299991607666,20.329999923706055,5437100.0
2022-04-22,19.93000030517578,19.969999313354492,18.739999771118164,18.760000228881836,10676900.0
2022-04-25,18.760000228881836,18.8799991607666,18.450000762939453,18.540000915527344,7741100.0
2022-04-26,18.440000534057617,18.510000228881836,18.06999969482422,18.1200008392334,7339000.0
2022-04-27,18.110000610351562,18.299999237060547,17.579999923706055,17.65999984741211,7322800.0
2022-04-28,18.049999237060547,18.850000381469727,17.989999771118164,18.729999542236328,6715600.0
2022-04-29,18.670000076293945,19.1200008392334,18.350000381469727,18.389999389648438,7782800.0
2022-05-02,18.399999618530273,18.6299991607666,17.600000381469727,18.030000686645508,7964200.0
2022-05-03,18.1299991607666,18.90999984741211,18.100000381469727,18.780000686645508,6328300.0
2022-05-04,18.600000381469727,18.959999084472656,18.290000915527344,18.959999084472656,6110100.0
2022-05-05,18.850000381469727,18.8700008392334,18.31999969482422,18.6200008392334,5201700.0
2022-05-06,18.459999084472656,18.540000915527344,18.1200008392334,18.420000076293945,5469600.0
2022-05-09,18.290000915527344,18.34000015258789,17.770000457763672,17.899999618530273,5182700.0
2022-05-10,18.049999237060547,18.139999389648438,17.420000076293945,17.559999465942383,6018500.0
2022-05-11,17.68000030517578,18.06999969482422,17.469999313354492,17.479999542236328,6257300.0
2022-05-12,17.489999771118164,17.899999618530273,17.3799991607666,17.8799991607666,4580300.0
2022-05-13,18.010000228881836,18.229999542236328,17.8799991607666,18.209999084472656,4826700.0
2022-05-16,18.170000076293945,18.299999237060547,18.059999465942383,18.1200008392334,4145100.0
2022-05-17,18.350000381469727,18.479999542236328,17.989999771118164,18.469999313354492,5258100.0
2022-05-18,18.489999771118164,18.549999237060547,18.020000457763672,18.1200008392334,3918100.0
2022-05-19,18.040000915527344,18.469999313354492,18.040000915527344,18.1299991607666,4264900.0
2022-05-20,18.239999771118164,18.350000381469727,17.690000534057617,18.06999969482422,5456200.0
2022-05-23,18.1299991607666,18.360000610351562,18.040000915527344,18.149999618530273,4076200.0
2022-05-24,18.149999618530273,18.579999923706055,17.81999969482422,18.469999313354492,4293600.0
2022-05-25,18.450000762939453,18.84000015258789,18.350000381469727,18.75,6874700.0
2022-05-26,18.850000381469727,18.8700008392334,18.549999237060547,18.579999923706055,4773400.0
2022-05-27,18.600000381469727,18.920000076293945,18.530000686645508,18.579999923706055,5959100.0
2022-05-31,18.459999084472656,18.690000534057617,18.360000610351562,18.579999923706055,7278900.0
2022-06-01,18.739999771118164,18.780000686645508,18.100000381469727,18.290000915527344,5005500.0
2022-06-02,18.219999313354492,18.360000610351562,17.719999313354492,18.020000457763672,10205800.0
2022-06-03,17.920000076293945,17.959999084472656,17.329999923706055,17.329999923706055,9654800.0
2022-06-06,17.440000534057617,17.520000457763672,16.940000534057617,16.989999771118164,10966900.0
2022-06-07,16.920000076293945,17.450000762939453,16.899999618530273,17.43000030517578,8076200.0
2022-06-08,17.350000381469727,17.350000381469727,16.829999923706055,16.8799991607666,6137400.0
2022-06-09,16.850000381469727,16.899999618530273,16.100000381469727,16.1299991607666,10863200.0
2022-06-10,16.0,16.229999542236328,15.779999732971191,15.989999771118164,10677900.0
2022-06-13,15.670000076293945,15.880000114440918,15.020000457763672,15.069999694824219,12633700.0
2022-06-14,15.180000305175781,15.25,14.760000228881836,14.9399995803833,12595100.0
2022-06-15,14.8100004196167,15.149999618530273,14.640000343322754,14.989999771118164,10868800.0
2022-06-16,14.680000305175781,14.739999771118164,14.279999732971191,14.34000015258789,12112000.0
2022-06-17,14.329999923706055,14.569999694824219,14.100000381469727,14.359999656677246,14740900.0
2022-06-21,14.510000228881836,14.8100004196167,14.479999542236328,14.65999984741211,7645000.0
2022-06-22,14.399999618530273,14.819999694824219,14.229999542236328,14.649999618530273,7510600.0
2022-06-23,14.6899995803833,15.079999923706055,14.680000305175781,15.050000190734863,5833600.0
2022-06-24,15.180000305175781,15.550000190734863,15.109999656677246,15.479999542236328,8098300.0
2022-06-27,15.479999542236328,15.920000076293945,15.34000015258789,15.720000267028809,8966700.0
2022-06-28,15.829999923706055,16.040000915527344,15.470000267028809,15.569999694824219,7445200.0
2022-06-29,15.520000457763672,15.970000267028809,15.510000228881836,15.9399995803833,6462000.0
2022-06-30,15.710000038146973,15.739999771118164,15.180000305175781,15.270000457763672,11457100.0
2022-07-01,15.210000038146973,15.710000038146973,15.15999984741211,15.640000343322754,6136100.0
2022-07-05,15.510000228881836,15.720000267028809,15.15999984741211,15.6899995803833,5624500.0
2022-07-06,15.770000457763672,15.850000381469727,15.59000015258789,15.600000381469727,5172700.0
2022-07-07,15.699999809265137,15.819999694824219,15.600000381469727,15.65999984741211,3752700.0
2022-07-08,15.6899995803833,15.829999923706055,15.510000228881836,15.59000015258789,3397900.0
2022-07-11,15.630000114440918,15.739999771118164,15.40999984741211,15.460000038146973,5392600.0
2022-07-12,15.380000114440918,15.949999809265137,15.380000114440918,15.8100004196167,5377600.0
2022-07-13,15.65999984741211,15.829999923706055,15.5,15.680000305175781,3614100.0
2022-07-14,15.369999885559082,15.600000381469727,15.229999542236328,15.550000190734863,4396700.0
2022-07-15,15.920000076293945,16.079999923706055,15.59000015258789,15.770000457763672,7826400.0
2022-07-18,15.850000381469727,16.020000457763672,15.710000038146973,15.8100004196167,6890000.0
2022-07-19,15.960000038146973,16.219999313354492,15.84000015258789,16.15999984741211,5239000.0
2022-07-20,16.229999542236328,16.34000015258789,16.030000686645508,16.1200008392334,3920400.0
2022-07-21,16.059999465942383,16.260000228881836,15.84000015258789,16.239999771118164,4914100.0
2022-07-22,16.350000381469727,16.6299991607666,16.350000381469727,16.549999237060547,6780100.0
2022-07-25,16.559999465942383,16.860000610351562,16.440000534057617,16.799999237060547,4232100.0
2022-07-26,16.799999237060547,16.8799991607666,16.6200008392334,16.690000534057617,3699600.0
2022-07-27,16.670000076293945,16.84000015258789,16.6200008392334,16.809999465942383,3343500.0
2022-07-28,16.75,17.25,16.40999984741211,16.920000076293945,6859600.0
2022-07-29,16.899999618530273,17.309999465942383,16.889999389648438,17.239999771118164,4656600.0
2022-08-01,17.229999542236328,17.280000686645508,17.049999237060547,17.200000762939453,5314900.0
2022-08-02,17.149999618530273,17.360000610351562,16.790000915527344,16.899999618530273,7621800.0
2022-08-03,16.489999771118164,17.079999923706055,15.819999694824219,16.06999969482422,16575300.0
2022-08-04,16.15999984741211,16.270000457763672,15.930000305175781,16.010000228881836,10894700.0
2022-08-05,16.079999923706055,16.299999237060547,15.670000076293945,15.880000114440918,6746200.0
2022-08-08,15.989999771118164,16.270000457763672,15.989999771118164,16.18000030517578,5986600.0
2022-08-09,16.100000381469727,16.229999542236328,15.979999542236328,16.219999313354492,5482800.0
2022-08-10,16.31999969482422,16.399999618530273,16.149999618530273,16.219999313354492,5701400.0
2022-08-11,16.25,16.59000015258789,16.25,16.31999969482422,7227900.0
2022-08-12,16.489999771118164,16.719999313354492,16.450000762939453,16.719999313354492,4250600.0
2022-08-15,16.709999084472656,16.809999465942383,16.639999389648438,16.68000030517578,4843000.0
2022-08-16,16.610000610351562,16.729999542236328,16.459999084472656,16.6200008392334,3869900.0
2022-08-17,16.479999542236328,16.600000381469727,16.360000610351562,16.5,3824700.0
2022-08-18,16.479999542236328,16.649999618530273,15.979999542236328,16.030000686645508,8270200.0
2022-08-19,15.970000267028809,16.049999237060547,15.84000015258789,15.949999809265137,7051100.0
2022-08-22,15.850000381469727,15.949999809265137,15.569999694824219,15.59000015258789,6102100.0
2022-08-23,15.609999656677246,15.670000076293945,15.020000457763672,15.039999961853027,14044800.0
2022-08-24,15.069999694824219,15.319999694824219,14.930000305175781,15.210000038146973,9534200.0
2022-08-25,15.300000190734863,15.449999809265137,15.210000038146973,15.430000305175781,5252600.0
2022-08-26,15.399999618530273,15.479999542236328,14.970000267028809,14.970000267028809,8277800.0
2022-08-29,14.960000038146973,15.109999656677246,14.770000457763672,14.850000381469727,9325700.0
2022-08-30,14.9399995803833,14.9399995803833,14.359999656677246,14.420000076293945,11351200.0
2022-08-31,14.5600004196167,14.65999984741211,14.380000114440918,14.609999656677246,10917100.0
2022-09-01,14.5,14.609999656677246,14.300000190734863,14.529999732971191,6363100.0
2022-09-02,14.670000076293945,14.710000038146973,14.300000190734863,14.319999694824219,7259600.0
2022-09-06,14.399999618530273,14.420000076293945,14.140000343322754,14.170000076293945,6362800.0
2022-09-07,14.15999984741211,14.520000457763672,14.069999694824219,14.5,7215600.0
2022-09-08,14.489999771118164,14.819999694824219,14.369999885559082,14.6899995803833,7160000.0
2022-09-09,14.760000228881836,14.899999618530273,14.680000305175781,14.850000381469727,5458700.0
2022-09-12,14.979999542236328,15.15999984741211,14.979999542236328,15.029999732971191,6127300.0
2022-09-13,14.789999961853027,14.789999961853027,14.229999542236328,14.289999961853027,16670400.0
2022-09-14,14.0,14.029999732971191,13.640000343322754,13.789999961853027,22707700.0
2022-09-15,13.850000381469727,14.039999961853027,13.5600004196167,13.6899995803833,13699800.0
2022-09-16,13.539999961853027,13.819999694824219,13.300000190734863,13.800000190734863,14976800.0
2022-09-19,13.640000343322754,13.649999618530273,13.380000114440918,13.520000457763672,13439900.0
2022-09-20,13.369999885559082,13.380000114440918,13.069999694824219,13.140000343322754,12609600.0
2022-09-21,13.229999542236328,13.539999961853027,12.979999542236328,12.979999542236328,11178500.0
2022-09-22,12.920000076293945,13.050000190734863,12.670000076293945,12.90999984741211,17189600.0
2022-09-23,12.739999771118164,12.770000457763672,12.1899995803833,12.479999542236328,17529000.0
2022-09-26,12.359999656677246,12.399999618530273,11.90999984741211,12.020000457763672,17678100.0
2022-09-27,12.130000114440918,12.239999771118164,11.760000228881836,11.930000305175781,14949100.0
2022-09-28,12.0600004196167,12.15999984741211,11.779999732971191,12.029999732971191,15537000.0
2022-09-29,11.890000343322754,11.989999771118164,11.350000381469727,11.4399995803833,20505500.0
2022-09-30,11.649999618530273,12.140000343322754,11.529999732971191,11.859999656677246,24995300.0
2022-10-03,11.859999656677246,11.970000267028809,11.300000190734863,11.550000190734863,22939000.0
2022-10-04,11.6899995803833,12.229999542236328,11.640000343322754,11.989999771118164,13877300.0
2022-10-05,11.630000114440918,11.760000228881836,11.170000076293945,11.399999618530273,17465800.0
2022-10-06,11.4399995803833,11.630000114440918,10.680000305175781,10.6899995803833,28675500.0
2022-10-07,10.520000457763672,10.579999923706055,10.0,10.140000343322754,32829900.0
2022-10-10,10.4399995803833,10.649999618530273,10.210000038146973,10.390000343322754,19960200.0
2022-10-11,10.5,11.039999961853027,10.3100004196167,10.979999542236328,24025400.0
2022-10-12,10.979999542236328,11.069999694824219,10.739999771118164,10.9399995803833,22970400.0
2022-10-13,10.84000015258789,11.1899995803833,10.470000267028809,11.050000190734863,16873300.0
2022-10-14,11.210000038146973,11.350000381469727,10.84000015258789,10.859999656677246,16788800.0
2022-10-17,11.119999885559082,11.319999694824219,11.010000228881836,11.170000076293945,15550500.0
2022-10-18,11.300000190734863,11.40999984741211,11.010000228881836,11.0600004196167,12142300.0
2022-10-19,10.949999809265137,11.069999694824219,10.819999694824219,11.0,9362600.0
2022-10-20,11.0,11.149999618530273,10.920000076293945,10.989999771118164,8217300.0
2022-10-21,10.850000381469727,10.859999656677246,9.899999618530273,10.220000267028809,36001600.0
2022-10-24,10.359999656677246,10.640000343322754,10.229999542236328,10.390000343322754,16608800.0
2022-10-25,10.420000076293945,10.899999618530273,10.399999618530273,10.829999923706055,21239600.0
2022-10-26,10.90999984741211,11.0600004196167,10.640000343322754,10.850000381469727,20299100.0
2022-10-27,11.039999961853027,11.710000038146973,10.819999694824219,11.680000305175781,28777500.0
2022-10-28,11.65999984741211,11.800000190734863,11.279999732971191,11.59000015258789,20158000.0
2022-10-31,11.520000457763672,11.670000076293945,11.4399995803833,11.449999809265137,12278100.0
2022-11-01,11.65999984741211,11.65999984741211,11.399999618530273,11.550000190734863,10646700.0
2022-11-02,11.489999771118164,11.520000457763672,10.970000267028809,11.010000228881836,18180000.0
2022-11-03,10.869999885559082,11.239999771118164,10.800000190734863,11.100000381469727,14350400.0
2022-11-04,11.239999771118164,11.390000343322754,10.960000038146973,11.260000228881836,14255900.0
2022-11-07,11.390000343322754,11.479999542236328,10.979999542236328,11.329999923706055,12428800.0
2022-11-08,11.380000114440918,11.6899995803833,11.229999542236328,11.579999923706055,12931800.0
2022-11-09,11.460000038146973,11.649999618530273,11.180000305175781,11.239999771118164,9284800.0
2022-11-10,11.649999618530273,12.130000114440918,11.640000343322754,12.079999923706055,10904000.0
2022-11-11,12.180000305175781,12.720000267028809,12.100000381469727,12.550000190734863,17460500.0
2022-11-14,12.75,12.850000381469727,12.449999809265137,12.470000267028809,14046900.0
2022-11-15,12.829999923706055,12.880000114440918,12.420000076293945,12.609999656677246,11464600.0
2022-11-16,12.5600004196167,12.5600004196167,12.149999618530273,12.300000190734863,11719200.0
2022-11-17,12.109999656677246,12.300000190734863,12.029999732971191,12.289999961853027,9402900.0
2022-11-18,12.489999771118164,12.529999732971191,12.130000114440918,12.369999885559082,10081900.0
2022-11-21,12.350000381469727,12.569999694824219,12.229999542236328,12.529999732971191,11170800.0
2022-11-22,12.609999656677246,12.75,12.520000457763672,12.729999542236328,8550600.0
2022-11-23,12.739999771118164,12.899999618530273,12.609999656677246,12.770000457763672,6298900.0
2022-11-25,12.829999923706055,13.09000015258789,12.829999923706055,13.09000015258789,4253900.0
2022-11-28,13.050000190734863,13.220000267028809,12.630000114440918,12.640000343322754,11033900.0
2022-11-29,12.6899995803833,13.029999732971191,12.670000076293945,12.979999542236328,11953800.0
2022-11-30,12.84000015258789,13.130000114440918,12.550000190734863,13.119999885559082,15360400.0
2022-12-01,13.210000038146973,13.329999923706055,12.789999961853027,12.949999809265137,13718700.0
2022-12-02,12.920000076293945,13.149999618530273,12.75,13.010000228881836,8236400.0
2022-12-05,13.0,13.0,12.720000267028809,12.720000267028809,9489800.0
2022-12-06,12.760000228881836,12.789999961853027,12.359999656677246,12.529999732971191,10824700.0
2022-12-07,12.149999618530273,12.15999984741211,11.760000228881836,11.880000114440918,12932600.0
2022-12-08,11.920000076293945,12.34000015258789,11.920000076293945,12.010000228881836,11087100.0
2022-12-09,11.949999809265137,12.130000114440918,11.770000457763672,11.800000190734863,10369600.0
2022-12-12,11.8100004196167,11.859999656677246,11.520000457763672,11.850000381469727,12263800.0
2022-12-13,12.260000228881836,12.5600004196167,11.680000305175781,11.829999923706055,18107300.0
2022-12-14,12.0600004196167,12.130000114440918,11.770000457763672,11.859999656677246,12858300.0
2022-12-15,11.800000190734863,11.869999885559082,11.279999732971191,11.619999885559082,20333700.0
2022-12-16,11.460000038146973,11.619999885559082,11.300000190734863,11.390000343322754,23731700.0
2022-12-19,11.430000305175781,11.449999809265137,10.850000381469727,10.930000305175781,17945900.0
2022-12-20,10.789999961853027,11.15999984741211,10.729999542236328,10.880000114440918,16196200.0
2022-12-21,10.850000381469727,11.039999961853027,10.75,10.75,13233900.0
2022-12-22,10.6899995803833,12.020000457763672,10.210000038146973,11.710000038146973,46067900.0
2022-12-23,11.630000114440918,11.760000228881836,10.930000305175781,11.149999618530273,21158100.0
2022-12-27,11.140000343322754,11.319999694824219,10.949999809265137,11.319999694824219,10348400.0
2022-12-28,11.34000015258789,11.390000343322754,10.90999984741211,11.039999961853027,13719600.0
2022-12-29,11.130000114440918,11.3100004196167,11.010000228881836,11.229999542236328,9336700.0
2022-12-30,11.149999618530273,11.270000457763672,11.010000228881836,11.140000343322754,7982900.0
2023-01-03,11.449999809265137,11.619999885559082,11.1899995803833,11.529999732971191,12650800.0
2023-01-04,11.600000381469727,12.220000267028809,11.569999694824219,12.09000015258789,15613900.0
2023-01-05,11.949999809265137,12.050000190734863,11.710000038146973,11.989999771118164,9970700.0
2023-01-06,12.020000457763672,12.430000305175781,11.979999542236328,12.359999656677246,8763700.0
2023-01-09,12.460000038146973,12.59000015258789,12.199999809265137,12.380000114440918,9786100.0
2023-01-10,12.390000343322754,12.5,12.170000076293945,12.489999771118164,8581900.0
2023-01-11,12.569999694824219,13.0,12.569999694824219,12.920000076293945,10140100.0
2023-01-12,13.069999694824219,13.119999885559082,12.699999809265137,13.0,10365500.0
2023-01-13,12.8100004196167,13.029999732971191,12.760000228881836,12.829999923706055,6636700.0
2023-01-17,13.050000190734863,13.710000038146973,13.010000228881836,13.59000015258789,15791600.0
2023-01-18,13.619999885559082,13.770000457763672,13.430000305175781,13.489999771118164,10501000.0
2023-01-19,13.350000381469727,13.449999809265137,13.170000076293945,13.34000015258789,7436100.0
2023-01-20,13.390000343322754,13.739999771118164,13.199999809265137,13.720000267028809,9872600.0
2023-01-23,13.640000343322754,13.899999618530273,13.609999656677246,13.779999732971191,9458500.0
2023-01-24,13.640000343322754,14.0,13.1899995803833,13.220000267028809,14935700.0
2023-01-25,13.039999961853027,13.050000190734863,12.329999923706055,12.390000343322754,25451600.0
2023-01-26,12.390000343322754,12.760000228881836,12.0,12.579999923706055,27897100.0
2023-01-27,12.539999961853027,13.100000381469727,12.350000381469727,13.0600004196167,15199700.0
2023-01-30,12.930000305175781,13.100000381469727,12.6899995803833,12.760000228881836,10185700.0
2023-01-31,12.800000190734863,12.949999809265137,12.670000076293945,12.949999809265137,8329500.0
2023-02-01,12.989999771118164,13.0600004196167,12.510000228881836,12.930000305175781,14308600.0
2023-02-02,13.130000114440918,13.699999809265137,12.880000114440918,12.899999618530273,21256200.0
2023-02-03,12.760000228881836,12.890000343322754,12.569999694824219,12.789999961853027,12024900.0
2023-02-06,12.640000343322754,12.720000267028809,12.289999961853027,12.489999771118164,12766400.0
2023-02-07,12.40999984741211,12.640000343322754,12.170000076293945,12.34000015258789,11058100.0
2023-02-08,12.350000381469727,12.579999923706055,12.289999961853027,12.329999923706055,10757100.0
2023-02-09,12.40999984741211,12.460000038146973,11.819999694824219,11.850000381469727,15136100.0
2023-02-10,11.850000381469727,12.130000114440918,11.819999694824219,12.09000015258789,11599400.0
2023-02-13,12.09000015258789,12.300000190734863,11.989999771118164,12.300000190734863,7966000.0
2023-02-14,12.25,12.25,11.979999542236328,12.100000381469727,12282000.0
2023-02-15,12.010000228881836,13.140000343322754,11.930000305175781,13.119999885559082,39476000.0
2023-02-16,13.130000114440918,13.140000343322754,12.729999542236328,12.819999694824219,19524500.0
2023-02-17,12.84000015258789,13.029999732971191,12.710000038146973,12.960000038146973,13160500.0
2023-02-21,12.960000038146973,13.010000228881836,12.5,12.539999961853027,10887500.0
2023-02-22,12.449999809265137,12.579999923706055,12.140000343322754,12.199999809265137,12388700.0
2023-02-23,12.130000114440918,12.1899995803833,11.020000457763672,11.140000343322754,29409100.0
2023-02-24,10.989999771118164,11.0,10.550000190734863,10.550000190734863,24651900.0
2023-02-27,10.649999618530273,10.819999694824219,10.3100004196167,10.350000381469727,22192400.0
2023-02-28,10.390000343322754,10.479999542236328,10.270000457763672,10.300000190734863,15982100.0
2023-03-01,10.289999961853027,10.34000015258789,9.869999885559082,10.069999694824219,24253900.0
2023-03-02,10.069999694824219,10.739999771118164,9.989999771118164,10.489999771118164,21951600.0
2023-03-03,10.5600004196167,10.680000305175781,10.420000076293945,10.529999732971191,13814800.0
2023-03-06,10.630000114440918,10.699999809265137,10.4399995803833,10.510000228881836,11404800.0
2023-03-07,10.520000457763672,10.529999732971191,10.0600004196167,10.0600004196167,12813300.0
2023-03-08,10.0600004196167,10.229999542236328,10.010000228881836,10.079999923706055,11016600.0
2023-03-09,10.010000228881836,10.0600004196167,9.510000228881836,9.579999923706055,22996300.0
2023-03-10,9.5,9.579999923706055,8.65999984741211,8.789999961853027,34373300.0
2023-03-13,8.710000038146973,8.8100004196167,8.369999885559082,8.6899995803833,33101000.0
2023-03-14,8.949999809265137,9.069999694824219,8.449999809265137,8.520000457763672,27416500.0
2023-03-15,8.109999656677246,8.199999809265137,7.860000133514404,8.149999618530273,30570400.0
2023-03-16,7.909999847412109,8.039999961853027,7.599999904632568,8.010000228881836,36548900.0
2023-03-17,8.020000457763672,8.100000381469727,7.679999828338623,7.730000019073486,23134700.0
2023-03-20,7.800000190734863,8.069999694824219,7.769999980926514,7.889999866485596,16457700.0
2023-03-21,8.0,8.09000015258789,7.809999942779541,7.889999866485596,15539700.0
2023-03-22,7.860000133514404,7.880000114440918,7.380000114440918,7.400000095367432,19085200.0
2023-03-23,7.420000076293945,7.590000152587891,7.199999809265137,7.269999980926514,20806900.0
2023-03-24,7.190000057220459,7.539999961853027,7.099999904632568,7.53000020980835,16307900.0
2023-03-27,7.610000133514404,7.670000076293945,7.460000038146973,7.460000038146973,13629600.0
2023-03-28,7.400000095367432,7.5,7.309999942779541,7.409999847412109,9296200.0
2023-03-29,7.760000228881836,7.989999771118164,7.630000114440918,7.690000057220459,21613400.0
2023-03-30,7.820000171661377,8.470000267028809,7.730000019073486,8.039999961853027,26629600.0
2023-03-31,8.079999923706055,8.239999771118164,7.909999847412109,8.220000267028809,16682300.0
2023-04-03,8.34000015258789,8.520000457763672,8.149999618530273,8.15999984741211,17320000.0
2023-04-04,8.25,8.300000190734863,7.980000019073486,8.119999885559082,11419900.0
2023-04-05,8.0600004196167,8.15999984741211,8.0,8.109999656677246,8497600.0
2023-04-06,8.140000343322754,8.199999809265137,8.020000457763672,8.100000381469727,7052600.0
2023-04-10,8.100000381469727,8.380000114440918,8.029999732971191,8.369999885559082,10963700.0
2023-04-11,8.470000267028809,8.920000076293945,8.430000305175781,8.739999771118164,19782500.0
2023-04-12,8.890000343322754,9.020000457763672,8.579999923706055,8.600000381469727,13402700.0
2023-04-13,8.680000305175781,8.729999542236328,8.399999618530273,8.520000457763672,11014100.0
2023-04-14,8.569999694824219,8.65999984741211,8.180000305175781,8.279999732971191,12471700.0
2023-04-17,8.3100004196167,8.5600004196167,8.279999732971191,8.529999732971191,8172500.0
2023-04-18,8.5,8.5,8.279999732971191,8.369999885559082,8733200.0
2023-04-19,8.260000228881836,8.520000457763672,8.210000038146973,8.479999542236328,7692000.0
2023-04-20,8.300000190734863,8.399999618530273,8.15999984741211,8.229999542236328,9672600.0
2023-04-21,8.199999809265137,8.34000015258789,8.140000343322754,8.3100004196167,7252100.0
2023-04-24,8.3100004196167,8.319999694824219,8.039999961853027,8.15999984741211,14320000.0
2023-04-25,8.09000015258789,8.09000015258789,7.920000076293945,8.039999961853027,14895400.0
2023-04-26,8.069999694824219,8.140000343322754,7.900000095367432,7.929999828338623,10422200.0
2023-04-27,8.050000190734863,8.710000038146973,7.949999809265137,8.529999732971191,17400900.0
2023-04-28,8.59000015258789,8.960000038146973,8.4399995803833,8.770000457763672,15357200.0
2023-05-01,8.760000228881836,8.8100004196167,8.510000228881836,8.59000015258789,9464700.0
2023-05-02,8.529999732971191,8.569999694824219,8.130000114440918,8.319999694824219,10341200.0
2023-05-03,8.34000015258789,8.510000228881836,8.199999809265137,8.289999961853027,14300700.0
2023-05-04,8.15999984741211,8.479999542236328,8.029999732971191,8.40999984741211,15287100.0
2023-05-05,8.579999923706055,8.699999809265137,8.369999885559082,8.609999656677246,9970300.0
2023-05-08,8.600000381469727,8.640000343322754,8.489999771118164,8.569999694824219,7885100.0
2023-05-09,8.5,8.5,8.270000457763672,8.390000343322754,11151200.0
2023-05-10,8.520000457763672,8.550000190734863,8.319999694824219,8.430000305175781,6895100.0
2023-05-11,8.3100004196167,8.479999542236328,8.279999732971191,8.40999984741211,9272300.0
2023-05-12,8.399999618530273,8.399999618530273,7.480000019073486,7.639999866485596,41453500.0
2023-05-15,7.679999828338623,7.690000057220459,7.329999923706055,7.389999866485596,18430100.0
2023-05-16,7.320000171661377,7.400000095367432,7.199999809265137,7.260000228881836,15446900.0
2023-05-17,7.25,7.630000114440918,7.239999771118164,7.619999885559082,10100500.0
2023-05-18,7.590000152587891,7.789999961853027,7.519999980926514,7.78000020980835,12783600.0
2023-05-19,7.869999885559082,7.889999866485596,7.510000228881836,7.679999828338623,13590900.0
2023-05-22,7.739999771118164,7.860000133514404,7.639999866485596,7.820000171661377,7375500.0
2023-05-23,7.880000114440918,8.15999984741211,7.869999885559082,7.900000095367432,14397200.0
2023-05-24,8.119999885559082,8.3100004196167,7.769999980926514,7.880000114440918,13276300.0
2023-05-25,7.829999923706055,7.940000057220459,7.559999942779541,7.690000057220459,12596700.0
2023-05-26,7.699999809265137,7.940000057220459,7.610000133514404,7.920000076293945,11106300.0
2023-05-30,7.989999771118164,8.180000305175781,7.849999904632568,8.149999618530273,10133000.0
2023-05-31,8.020000457763672,8.319999694824219,8.0,8.25,49225900.0
2023-06-01,8.239999771118164,8.3100004196167,7.940000057220459,8.170000076293945,10529800.0
2023-06-02,8.34000015258789,8.529999732971191,8.229999542236328,8.25,12413200.0
2023-06-05,8.25,8.569999694824219,8.229999542236328,8.510000228881836,10507800.0
2023-06-06,8.520000457763672,9.029999732971191,8.460000038146973,8.979999542236328,15990700.0
2023-06-07,9.140000343322754,9.329999923706055,9.0,9.300000190734863,21421100.0
2023-06-08,9.300000190734863,9.369999885559082,9.039999961853027,9.350000381469727,10976000.0
2023-06-09,9.350000381469727,9.399999618530273,9.149999618530273,9.1899995803833,10795300.0
2023-06-12,9.229999542236328,9.34000015258789,9.09000015258789,9.210000038146973,14773300.0
2023-06-13,9.239999771118164,9.40999984741211,9.1899995803833,9.300000190734863,22292600.0
2023-06-14,9.079999923706055,9.279999732971191,8.819999694824219,9.079999923706055,17399700.0
2023-06-15,9.0,9.130000114440918,8.819999694824219,9.119999885559082,10173500.0
2023-06-16,9.0600004196167,9.229999542236328,9.029999732971191,9.180000305175781,13230700.0
2023-06-20,9.149999618530273,9.149999618530273,8.989999771118164,9.109999656677246,7878900.0
2023-06-21,9.010000228881836,9.039999961853027,8.899999618530273,8.930000305175781,7859700.0
2023-06-22,8.930000305175781,8.949999809265137,8.630000114440918,8.800000190734863,9504500.0
2023-06-23,8.75,8.800000190734863,8.65999984741211,8.680000305175781,9906800.0
2023-06-26,8.699999809265137,9.0,8.649999618530273,8.970000267028809,6812700.0
2023-06-27,8.960000038146973,9.319999694824219,8.890000343322754,9.229999542236328,8752100.0
2023-06-28,9.199999809265137,9.199999809265137,9.0600004196167,9.1899995803833,7182500.0
2023-06-29,9.140000343322754,9.300000190734863,9.109999656677246,9.25,5741200.0
2023-06-30,9.3100004196167,9.40999984741211,9.170000076293945,9.260000228881836,8527200.0
2023-07-03,9.210000038146973,9.550000190734863,9.199999809265137,9.539999961853027,6596300.0
2023-07-05,9.470000267028809,9.739999771118164,9.319999694824219,9.510000228881836,7216700.0
2023-07-06,9.34000015258789,9.40999984741211,8.989999771118164,9.15999984741211,11781200.0
2023-07-07,9.149999618530273,9.390000343322754,9.09000015258789,9.260000228881836,10701200.0
2023-07-10,9.199999809265137,9.40999984741211,9.100000381469727,9.369999885559082,7072600.0
2023-07-11,9.5,9.729999542236328,9.399999618530273,9.6899995803833,7838000.0
2023-07-12,9.859999656677246,9.930000305175781,9.770000457763672,9.800000190734863,7721500.0
2023-07-13,9.890000343322754,9.979999542236328,9.8100004196167,9.899999618530273,8054600.0
2023-07-14,9.880000114440918,9.90999984741211,9.6899995803833,9.84000015258789,7966600.0
2023-07-17,9.829999923706055,9.9399995803833,9.739999771118164,9.850000381469727,6183800.0
2023-07-18,9.90999984741211,10.020000457763672,9.84000015258789,9.949999809265137,8394300.0
2023-07-19,10.050000190734863,10.430000305175781,10.050000190734863,10.430000305175781,9444200.0
2023-07-20,10.350000381469727,10.430000305175781,10.260000228881836,10.270000457763672,10941700.0
2023-07-21,10.300000190734863,10.40999984741211,10.140000343322754,10.34000015258789,7295100.0
2023-07-24,10.350000381469727,10.550000190734863,10.289999961853027,10.460000038146973,9074900.0
2023-07-25,10.449999809265137,10.510000228881836,10.279999732971191,10.399999618530273,9160200.0
2023-07-26,10.40999984741211,10.630000114440918,10.399999618530273,10.619999885559082,6900100.0
2023-07-27,10.699999809265137,10.739999771118164,10.210000038146973,10.239999771118164,7861900.0
2023-07-28,10.390000343322754,10.449999809265137,10.010000228881836,10.050000190734863,8617500.0
2023-07-31,10.079999923706055,10.210000038146973,9.899999618530273,10.09000015258789,7301300.0
2023-08-01,10.0,10.069999694824219,9.75,9.920000076293945,7586300.0
2023-08-02,9.789999961853027,9.9399995803833,9.699999809265137,9.859999656677246,7465200.0
2023-08-03,9.800000190734863,9.869999885559082,9.510000228881836,9.869999885559082,6767900.0
2023-08-04,9.859999656677246,10.09000015258789,9.8100004196167,9.949999809265137,6554600.0
2023-08-07,9.930000305175781,10.119999885559082,9.899999618530273,10.100000381469727,8511800.0
2023-08-08,9.539999961853027,9.539999961853027,8.520000457763672,8.680000305175781,36857100.0
2023-08-09,8.6899995803833,8.9399995803833,8.489999771118164,8.5,17465300.0
2023-08-10,8.529999732971191,8.609999656677246,8.0600004196167,8.130000114440918,19193100.0
2023-08-11,7.71999979019165,8.100000381469727,7.449999809265137,8.079999923706055,30974200.0
2023-08-14,7.849999904632568,7.929999828338623,7.739999771118164,7.809999942779541,12773200.0
2023-08-15,7.679999828338623,7.730000019073486,7.559999942779541,7.590000152587891,12855500.0
2023-08-16,7.539999961853027,7.630000114440918,7.360000133514404,7.389999866485596,11441400.0
2023-08-17,7.360000133514404,7.610000133514404,7.289999961853027,7.5,11975100.0
2023-08-18,7.579999923706055,7.730000019073486,6.380000114440918,6.929999828338623,63014200.0
2023-08-21,6.960000038146973,7.070000171661377,6.71999979019165,7.010000228881836,27871800.0
2023-08-22,7.050000190734863,7.050000190734863,6.610000133514404,6.769999980926514,22198700.0
2023-08-23,6.769999980926514,7.070000171661377,6.699999809265137,7.039999961853027,12557400.0
2023-08-24,7.03000020980835,7.25,6.960000038146973,7.090000152587891,8158700.0
2023-08-25,7.090000152587891,7.159999847412109,6.929999828338623,7.010000228881836,6984700.0
2023-08-28,7.039999961853027,7.210000038146973,7.039999961853027,7.059999942779541,7445900.0
2023-08-29,7.119999885559082,7.289999961853027,7.0,7.28000020980835,8323900.0
2023-08-30,7.28000020980835,7.380000114440918,7.170000076293945,7.340000152587891,6383000.0
2023-08-31,7.179999828338623,7.329999923706055,7.150000095367432,7.21999979019165,8187300.0
2023-09-01,7.289999961853027,7.400000095367432,7.239999771118164,7.289999961853027,7276800.0
2023-09-05,7.25,7.289999961853027,7.119999885559082,7.130000114440918,7213100.0
2023-09-06,7.110000133514404,7.179999828338623,6.929999828338623,7.010000228881836,9303700.0
2023-09-07,6.940000057220459,6.96999979019165,6.730000019073486,6.730000019073486,16279600.0
2023-09-08,6.739999771118164,6.75,6.570000171661377,6.639999866485596,10682000.0
2023-09-11,6.670000076293945,6.690000057220459,6.46999979019165,6.489999771118164,8693400.0
2023-09-12,6.449999809265137,6.619999885559082,6.380000114440918,6.570000171661377,9884300.0
2023-09-13,6.400000095367432,6.480000019073486,6.309999942779541,6.420000076293945,10086800.0
2023-09-14,6.5,6.639999866485596,6.46999979019165,6.579999923706055,10198500.0
2023-09-15,6.489999771118164,6.510000228881836,6.239999771118164,6.360000133514404,21070100.0
2023-09-18,6.309999942779541,6.309999942779541,6.090000152587891,6.090000152587891,13695600.0
2023-09-19,6.090000152587891,6.159999847412109,6.0,6.019999980926514,10983000.0
2023-09-20,6.090000152587891,6.099999904632568,5.789999961853027,5.789999961853027,15933900.0
2023-09-21,5.690000057220459,5.699999809265137,5.300000190734863,5.309999942779541,25709700.0
2023-09-22,5.360000133514404,5.440000057220459,5.199999809265137,5.340000152587891,17401300.0
2023-09-25,5.260000228881836,5.360000133514404,5.130000114440918,5.28000020980835,14438400.0
2023-09-26,5.199999809265137,5.239999771118164,4.989999771118164,5.039999961853027,16890800.0
2023-09-27,5.059999942779541,5.150000095367432,4.96999979019165,5.03000020980835,15567100.0
2023-09-28,5.050000190734863,5.28000020980835,5.039999961853027,5.230000019073486,13190800.0
2023-09-29,5.210000038146973,5.53000020980835,5.199999809265137,5.449999809265137,14516000.0
2023-10-02,5.409999847412109,5.460000038146973,5.159999847412109,5.230000019073486,11364600.0
2023-10-03,5.150000095367432,5.199999809265137,4.920000076293945,4.949999809265137,14279100.0
2023-10-04,4.960000038146973,5.289999961853027,4.929999828338623,5.260000228881836,11800000.0
2023-10-05,5.260000228881836,5.340000152587891,5.199999809265137,5.300000190734863,6401200.0
2023-10-06,5.199999809265137,5.230000019073486,5.03000020980835,5.099999904632568,10189400.0
2023-10-09,5.019999980926514,5.170000076293945,5.019999980926514,5.130000114440918,10113600.0
2023-10-10,5.170000076293945,5.409999847412109,5.110000133514404,5.349999904632568,8758700.0
2023-10-11,5.360000133514404,5.539999961853027,5.360000133514404,5.5,10562500.0
2023-10-12,5.480000019073486,5.53000020980835,5.190000057220459,5.28000020980835,11507700.0
2023-10-13,5.289999961853027,5.320000171661377,4.949999809265137,4.960000038146973,14105800.0
2023-10-16,4.900000095367432,5.010000228881836,4.659999847412109,4.989999771118164,20387800.0
2023-10-17,4.900000095367432,5.159999847412109,4.880000114440918,5.059999942779541,11224600.0
2023-10-18,5.019999980926514,5.019999980926514,4.730000019073486,4.75,11893000.0
2023-10-19,4.71999979019165,4.829999923706055,4.610000133514404,4.639999866485596,9089900.0
2023-10-20,4.610000133514404,4.760000228881836,4.570000171661377,4.699999809265137,13491100.0
2023-10-23,4.599999904632568,4.75,4.46999979019165,4.599999904632568,11249400.0
2023-10-24,4.71999979019165,4.769999980926514,4.659999847412109,4.699999809265137,9373100.0
2023-10-25,4.670000076293945,4.800000190734863,4.440000057220459,4.460000038146973,12078300.0
2023-10-26,4.690000057220459,5.230000019073486,4.690000057220459,5.159999847412109,30684000.0
2023-10-27,5.239999771118164,5.25,4.800000190734863,4.900000095367432,15425200.0
2023-10-30,4.989999771118164,5.059999942779541,4.769999980926514,4.820000171661377,11308100.0
2023-10-31,4.900000095367432,4.96999979019165,4.730000019073486,4.78000020980835,11365800.0
2023-11-01,4.760000228881836,4.840000152587891,4.519999980926514,4.659999847412109,15212100.0
2023-11-02,4.800000190734863,5.230000019073486,4.800000190734863,5.210000038146973,20310800.0
2023-11-03,5.369999885559082,5.539999961853027,5.369999885559082,5.449999809265137,18045500.0
2023-11-06,5.380000114440918,5.409999847412109,5.039999961853027,5.050000190734863,12146800.0
2023-11-07,5.059999942779541,5.139999866485596,4.909999847412109,4.960000038146973,10032100.0
2023-11-08,4.96999979019165,5.0,4.789999961853027,4.809999942779541,12020300.0
2023-11-09,4.869999885559082,4.869999885559082,4.599999904632568,4.639999866485596,11513500.0
2023-11-10,4.510000228881836,4.53000020980835,4.099999904632568,4.239999771118164,34946400.0
2023-11-13,4.210000038146973,4.230000019073486,4.039999961853027,4.079999923706055,16884700.0
2023-11-14,4.429999828338623,4.739999771118164,4.349999904632568,4.679999828338623,27909900.0
2023-11-15,4.679999828338623,4.889999866485596,4.659999847412109,4.75,16222400.0
2023-11-16,4.730000019073486,4.769999980926514,4.5,4.590000152587891,8312000.0
2023-11-17,4.659999847412109,4.699999809265137,4.53000020980835,4.610000133514404,8769800.0
2023-11-20,4.599999904632568,4.849999904632568,4.519999980926514,4.849999904632568,12805000.0
2023-11-21,4.769999980926514,4.769999980926514,4.53000020980835,4.539999961853027,13007800.0
2023-11-22,4.599999904632568,4.630000114440918,4.489999771118164,4.550000190734863,6782400.0
2023-11-24,4.550000190734863,4.690000057220459,4.5,4.670000076293945,3843800.0
2023-11-27,4.659999847412109,4.820000171661377,4.579999923706055,4.820000171661377,10634700.0
2023-11-28,4.769999980926514,4.820000171661377,4.679999828338623,4.760000228881836,8241100.0
2023-11-29,4.840000152587891,5.090000152587891,4.840000152587891,4.900000095367432,11608700.0
2023-11-30,4.929999828338623,4.949999809265137,4.78000020980835,4.849999904632568,12241500.0
2023-12-01,4.869999885559082,5.210000038146973,4.820000171661377,5.210000038146973,23388800.0
2023-12-04,5.159999847412109,5.420000076293945,5.150000095367432,5.349999904632568,16037700.0
2023-12-05,5.340000152587891,5.349999904632568,5.010000228881836,5.119999885559082,16871500.0
2023-12-06,5.010000228881836,5.190000057220459,4.579999923706055,4.619999885559082,28371400.0
2023-12-07,4.630000114440918,4.860000133514404,4.610000133514404,4.78000020980835,12957200.0
2023-12-08,4.710000038146973,4.800000190734863,4.639999866485596,4.690000057220459,10741600.0
2023-12-11,4.619999885559082,4.800000190734863,4.579999923706055,4.789999961853027,9725600.0
2023-12-12,4.789999961853027,4.789999961853027,4.610000133514404,4.630000114440918,11343800.0
2023-12-13,4.630000114440918,5.070000171661377,4.480000019073486,4.980000019073486,26654300.0
2023-12-14,5.239999771118164,5.769999980926514,5.230000019073486,5.46999979019165,40286500.0
2023-12-15,5.480000019073486,5.539999961853027,5.010000228881836,5.050000190734863,25032600.0
2023-12-18,5.079999923706055,5.139999866485596,4.920000076293945,4.940000057220459,14631800.0
2023-12-19,5.0,5.079999923706055,4.929999828338623,5.059999942779541,12283200.0
2023-12-20,5.059999942779541,5.119999885559082,4.840000152587891,4.849999904632568,15484800.0
2023-12-21,4.949999809265137,5.019999980926514,4.800000190734863,4.940000057220459,16288700.0
2023-12-22,4.96999979019165,5.050000190734863,4.860000133514404,4.920000076293945,15136300.0
2023-12-26,4.900000095367432,4.96999979019165,4.829999923706055,4.909999847412109,13440600.0
2023-12-27,4.900000095367432,5.0,4.860000133514404,4.900000095367432,13477900.0
2023-12-28,4.900000095367432,5.079999923706055,4.860000133514404,5.079999923706055,15961200.0
2023-12-29,5.03000020980835,5.059999942779541,4.900000095367432,4.909999847412109,15928400.0
2024-01-02,4.929999828338623,5.159999847412109,4.880000114440918,5.059999942779541,18154200.0
2024-01-03,4.989999771118164,5.039999961853027,4.829999923706055,4.900000095367432,18171100.0
2024-01-04,4.889999866485596,5.119999885559082,4.849999904632568,5.0,20889100.0
2024-01-05,3.890000104904175,4.0,3.4100000858306885,3.549999952316284,155362500.0
2024-01-08,3.4800000190734863,3.6500000953674316,3.380000114440918,3.390000104904175,52094300.0
2024-01-09,3.440000057220459,3.6700000762939453,3.309999942779541,3.6600000858306885,43409200.0
2024-01-10,3.640000104904175,3.6500000953674316,3.4600000381469727,3.640000104904175,25319500.0
2024-01-11,3.6700000762939453,3.690000057220459,3.4800000190734863,3.5299999713897705,19815700.0
2024-01-12,3.5799999237060547,3.6500000953674316,3.4200000762939453,3.430000066757202,22639200.0
2024-01-16,3.380000114440918,3.4100000858306885,3.2100000381469727,3.240000009536743,29940700.0
2024-01-17,3.2100000381469727,3.2699999809265137,2.9200000762939453,3.069999933242798,46736600.0
2024-01-18,3.0899999141693115,3.140000104904175,2.990000009536743,3.069999933242798,20615600.0
2024-01-19,3.069999933242798,3.0999999046325684,2.9200000762939453,3.069999933242798,24195600.0
2024-01-22,3.0799999237060547,3.2799999713897705,3.0399999618530273,3.240000009536743,23804800.0
2024-01-23,3.319999933242798,3.380000114440918,3.2100000381469727,3.309999942779541,12736300.0
2024-01-24,3.4000000953674316,3.440000057220459,3.2300000190734863,3.2799999713897705,12951600.0
2024-01-25,3.3299999237060547,3.4200000762939453,3.2300000190734863,3.4100000858306885,15507500.0
2024-01-26,3.369999885559082,3.4200000762939453,3.25,3.2699999809265137,19150300.0
2024-01-29,3.259999990463257,3.2799999713897705,3.119999885559082,3.2300000190734863,26876700.0
2024-01-30,3.0799999237060547,3.2200000286102295,3.0799999237060547,3.1600000858306885,26377800.0
2024-01-31,3.1700000762939453,3.240000009536743,3.0799999237060547,3.0999999046325684,21402700.0
2024-02-01,3.130000114440918,3.2799999713897705,3.0899999141693115,3.259999990463257,16111500.0
2024-02-02,3.200000047683716,3.3399999141693115,3.0899999141693115,3.2799999713897705,28481100.0
2024-02-05,3.2300000190734863,3.2699999809265137,3.130000114440918,3.1700000762939453,13445500.0
2024-02-06,3.1500000953674316,3.2799999713897705,3.130000114440918,3.2300000190734863,15479800.0
2024-02-07,3.25,3.299999952316284,3.1600000858306885,3.259999990463257,12464900.0
2024-02-08,3.25,3.380000114440918,3.2200000286102295,3.2799999713897705,13735100.0
2024-02-09,3.2899999618530273,3.4200000762939453,3.2300000190734863,3.4000000953674316,15705600.0
2024-02-12,3.4000000953674316,3.700000047683716,3.4000000953674316,3.630000114440918,21531200.0
2024-02-13,3.430000066757202,3.549999952316284,3.3499999046325684,3.509999990463257,24907700.0
2024-02-14,3.569999933242798,3.75,3.5399999618530273,3.7100000381469727,15908800.0
2024-02-15,3.75,3.9600000381469727,3.7300000190734863,3.859999895095825,14841400.0
2024-02-16,3.7799999713897705,3.9000000953674316,3.559999942779541,3.559999942779541,29465700.0
2024-02-20,3.569999933242798,3.690000057220459,3.509999990463257,3.5999999046325684,20823200.0
2024-02-21,3.5,3.940000057220459,3.450000047683716,3.799999952316284,29369500.0
2024-02-22,3.799999952316284,3.809999942779541,3.6700000762939453,3.690000057220459,15701200.0
2024-02-23,3.690000057220459,3.869999885559082,3.5999999046325684,3.8399999141693115,14333300.0
2024-02-26,3.809999942779541,3.9800000190734863,3.759999990463257,3.8399999141693115,15280300.0
2024-02-27,3.9100000858306885,4.25,3.9100000858306885,4.170000076293945,29633600.0
2024-02-28,4.119999885559082,4.239999771118164,4.070000171661377,4.170000076293945,15931200.0
2024-02-29,4.25,4.360000133514404,4.159999847412109,4.210000038146973,20422800.0
2024-03-01,4.300000190734863,4.559999942779541,4.230000019073486,4.380000114440918,32303400.0
2024-03-04,4.369999885559082,4.489999771118164,4.239999771118164,4.389999866485596,21322500.0
2024-03-05,4.340000152587891,4.5,4.260000228881836,4.429999828338623,15349500.0
2024-03-06,4.53000020980835,4.690000057220459,4.46999979019165,4.510000228881836,17724600.0
2024-03-07,4.570000171661377,4.690000057220459,4.389999866485596,4.440000057220459,15610500.0
2024-03-08,4.519999980926514,4.570000171661377,4.170000076293945,4.179999828338623,17192000.0
2024-03-11,4.199999809265137,4.320000171661377,4.150000095367432,4.190000057220459,18940000.0
2024-03-12,4.190000057220459,4.320000171661377,4.170000076293945,4.260000228881836,12683400.0
2024-03-13,4.25,4.510000228881836,4.21999979019165,4.420000076293945,12755000.0
2024-03-14,4.420000076293945,4.440000057220459,4.159999847412109,4.199999809265137,14457100.0
2024-03-15,4.199999809265137,4.440000057220459,4.130000114440918,4.400000095367432,121134200.0
2024-03-18,4.28000020980835,4.380000114440918,4.269999980926514,4.300000190734863,14114200.0
2024-03-19,4.260000228881836,4.460000038146973,4.230000019073486,4.400000095367432,9518500.0
2024-03-20,4.360000133514404,4.429999828338623,4.199999809265137,4.25,14882300.0
2024-03-21,4.289999961853027,4.389999866485596,4.170000076293945,4.260000228881836,11784100.0
2024-03-22,4.25,4.329999923706055,4.070000171661377,4.099999904632568,12484600.0
2024-03-25,4.099999904632568,4.210000038146973,3.9600000381469727,3.9600000381469727,10663200.0
2024-03-26,3.9800000190734863,4.079999923706055,3.930000066757202,3.9800000190734863,9835800.0
2024-03-27,4.099999904632568,4.789999961853027,4.010000228881836,4.71999979019165,41915100.0
2024-03-28,4.659999847412109,4.829999923706055,4.619999885559082,4.699999809265137,24128700.0
2024-04-01,4.699999809265137,4.71999979019165,4.449999809265137,4.510000228881836,14850100.0
2024-04-02,4.429999828338623,4.46999979019165,4.28000020980835,4.309999942779541,14431500.0
2024-04-03,4.269999980926514,4.300000190734863,4.159999847412109,4.25,9800900.0
2024-04-04,4.300000190734863,4.440000057220459,4.230000019073486,4.230000019073486,10722600.0
2024-04-05,4.150000095367432,4.179999828338623,4.039999961853027,4.050000190734863,18211400.0
2024-04-08,4.099999904632568,4.139999866485596,4.039999961853027,4.090000152587891,8334800.0
2024-04-09,4.099999904632568,4.289999961853027,4.090000152587891,4.28000020980835,10040000.0
2024-04-10,4.059999942779541,4.139999866485596,3.940000057220459,4.110000133514404,19009500.0
2024-04-11,4.119999885559082,4.150000095367432,3.9700000286102295,4.090000152587891,10263200.0
2024-04-12,4.070000171661377,4.139999866485596,3.940000057220459,3.990000009536743,14737100.0
2024-04-15,4.829999923706055,5.309999942779541,4.570000171661377,4.739999771118164,56522000.0
2024-04-16,4.639999866485596,4.800000190734863,4.590000152587891,4.619999885559082,13260800.0
2024-04-17,4.699999809265137,4.860000133514404,4.650000095367432,4.769999980926514,12103300.0
2024-04-18,4.78000020980835,5.010000228881836,4.690000057220459,4.989999771118164,15895800.0
2024-04-19,4.789999961853027,4.840000152587891,4.420000076293945,4.420000076293945,21557300.0
2024-04-22,4.429999828338623,4.550000190734863,4.380000114440918,4.519999980926514,10348800.0
2024-04-23,4.53000020980835,4.769999980926514,4.489999771118164,4.639999866485596,11410000.0
2024-04-24,4.619999885559082,4.690000057220459,4.550000190734863,4.570000171661377,14278200.0
2024-04-25,4.539999961853027,4.590000152587891,4.380000114440918,4.559999942779541,8265400.0
2024-04-26,4.599999904632568,4.71999979019165,4.510000228881836,4.510000228881836,9016400.0
2024-04-29,4.599999904632568,4.789999961853027,4.599999904632568,4.78000020980835,11438700.0
2024-04-30,4.679999828338623,4.829999923706055,4.599999904632568,4.599999904632568,10557800.0
2024-05-01,4.670000076293945,4.849999904632568,4.590000152587891,4.630000114440918,14392300.0
2024-05-02,4.739999771118164,4.900000095367432,4.699999809265137,4.840000152587891,11840700.0
2024-05-03,4.960000038146973,5.170000076293945,4.869999885559082,4.869999885559082,20997700.0
2024-05-06,4.409999847412109,4.78000020980835,4.309999942779541,4.5,31762000.0
2024-05-07,4.420000076293945,4.5,4.199999809265137,4.28000020980835,17248400.0
2024-05-08,4.210000038146973,4.46999979019165,4.170000076293945,4.460000038146973,20883600.0
2024-05-09,4.329999923706055,4.75,4.289999961853027,4.690000057220459,20895800.0
2024-05-10,4.739999771118164,4.849999904632568,4.659999847412109,4.78000020980835,12127200.0
2024-05-13,4.809999942779541,6.300000190734863,4.809999942779541,5.579999923706055,66224700.0
2024-05-14,6.199999809265137,6.539999961853027,5.769999980926514,5.849999904632568,59708600.0
2024-05-15,5.929999828338623,5.949999809265137,5.269999980926514,5.420000076293945,23952500.0
2024-05-16,5.349999904632568,5.360000133514404,4.949999809265137,5.119999885559082,22833900.0
2024-05-17,5.059999942779541,5.210000038146973,4.980000019073486,5.010000228881836,19036600.0
2024-05-20,5.010000228881836,5.28000020980835,4.980000019073486,5.230000019073486,20448000.0
2024-05-21,5.179999828338623,5.28000020980835,5.0,5.0,21226200.0
2024-05-22,5.0,5.03000020980835,4.900000095367432,4.949999809265137,11254700.0
2024-05-23,5.010000228881836,5.460000038146973,4.820000171661377,5.039999961853027,25504000.0
2024-05-24,5.119999885559082,5.179999828338623,5.0,5.039999961853027,13321600.0
2024-05-28,5.099999904632568,5.199999809265137,5.039999961853027,5.110000133514404,10196000.0
2024-05-29,5.059999942779541,5.059999942779541,4.909999847412109,4.980000019073486,13123200.0
2024-05-30,5.010000228881836,5.079999923706055,4.960000038146973,5.0,10497500.0
2024-05-31,5.159999847412109,5.369999885559082,5.070000171661377,5.360000133514404,17456200.0
2024-06-03,5.449999809265137,5.610000133514404,5.409999847412109,5.53000020980835,17531100.0
2024-06-04,5.510000228881836,5.559999942779541,5.449999809265137,5.519999980926514,7985100.0
2024-06-05,5.539999961853027,5.650000095367432,5.380000114440918,5.630000114440918,11863400.0
2024-06-06,5.619999885559082,5.630000114440918,5.5,5.570000171661377,8373500.0
2024-06-07,5.400000095367432,5.46999979019165,5.269999980926514,5.369999885559082,12741000.0
2024-06-10,5.170000076293945,5.230000019073486,5.03000020980835,5.03000020980835,14030400.0
2024-06-11,5.010000228881836,5.010000228881836,4.840000152587891,4.929999828338623,12512300.0
2024-06-12,5.099999904632568,5.260000228881836,4.840000152587891,4.840000152587891,16510400.0
2024-06-13,4.989999771118164,5.0,4.78000020980835,4.829999923706055,10752400.0
2024-06-14,4.849999904632568,4.900000095367432,4.769999980926514,4.849999904632568,6635300.0
2024-06-17,4.800000190734863,4.849999904632568,4.71999979019165,4.809999942779541,9964900.0
2024-06-18,4.789999961853027,4.920000076293945,4.78000020980835,4.809999942779541,6772000.0
2024-06-20,4.789999961853027,4.829999923706055,4.679999828338623,4.809999942779541,10656300.0
2024-06-21,4.789999961853027,4.849999904632568,4.760000228881836,4.800000190734863,13415400.0
2024-06-24,4.800000190734863,4.889999866485596,4.769999980926514,4.849999904632568,6015600.0
2024-06-25,4.800000190734863,4.809999942779541,4.659999847412109,4.710000038146973,10366500.0
2024-06-26,4.659999847412109,4.690000057220459,4.610000133514404,4.650000095367432,7221000.0
2024-06-27,4.650000095367432,4.690000057220459,4.550000190734863,4.659999847412109,6966000.0
2024-06-28,4.650000095367432,4.659999847412109,4.25,4.309999942779541,32877000.0
2024-07-01,4.289999961853027,4.329999923706055,4.050000190734863,4.090000152587891,17189400.0
2024-07-02,4.039999961853027,4.070000171661377,3.9200000762939453,4.03000020980835,20978600.0
2024-07-03,4.039999961853027,4.090000152587891,3.990000009536743,4.059999942779541,6056100.0
2024-07-05,4.079999923706055,4.190000057220459,4.019999980926514,4.190000057220459,8474600.0
2024-07-08,4.25,4.349999904632568,4.110000133514404,4.130000114440918,11042700.0
2024-07-09,4.239999771118164,4.289999961853027,4.090000152587891,4.260000228881836,12660800.0
2024-07-10,4.28000020980835,4.429999828338623,4.269999980926514,4.389999866485596,7478800.0
2024-07-11,4.559999942779541,4.619999885559082,4.210000038146973,4.519999980926514,23486700.0
2024-07-12,4.559999942779541,4.610000133514404,4.46999979019165,4.519999980926514,9767100.0
2024-07-15,4.5,4.760000228881836,4.420000076293945,4.75,10129700.0
2024-07-16,4.739999771118164,4.840000152587891,4.679999828338623,4.800000190734863,10288700.0
2024-07-17,4.75,4.949999809265137,4.75,4.829999923706055,10633300.0
2024-07-18,4.800000190734863,4.909999847412109,4.690000057220459,4.710000038146973,11624300.0
2024-07-19,4.670000076293945,4.860000133514404,4.639999866485596,4.800000190734863,8747000.0
2024-07-22,4.78000020980835,4.900000095367432,4.670000076293945,4.889999866485596,11729400.0
2024-07-23,4.860000133514404,4.96999979019165,4.829999923706055,4.96999979019165,5972100.0
2024-07-24,4.909999847412109,5.349999904632568,4.889999866485596,5.119999885559082,21988000.0
2024-07-25,5.070000171661377,5.380000114440918,5.050000190734863,5.199999809265137,14018600.0
2024-07-26,5.269999980926514,5.360000133514404,5.199999809265137,5.309999942779541,10196200.0
2024-07-29,5.170000076293945,5.210000038146973,4.949999809265137,5.019999980926514,15389800.0
2024-07-30,5.03000020980835,5.099999904632568,4.849999904632568,5.0,11271500.0
2024-07-31,5.010000228881836,5.010000228881836,4.78000020980835,4.809999942779541,18658900.0
2024-08-01,4.840000152587891,4.840000152587891,4.579999923706055,4.630000114440918,15289000.0
2024-08-02,4.510000228881836,4.71999979019165,4.480000019073486,4.710000038146973,12622400.0
2024-08-05,4.400000095367432,4.690000057220459,4.400000095367432,4.570000171661377,12912800.0
2024-08-06,4.579999923706055,4.860000133514404,4.539999961853027,4.789999961853027,15568200.0
2024-08-07,4.880000114440918,4.889999866485596,4.570000171661377,4.590000152587891,18697900.0
2024-08-08,4.28000020980835,4.820000171661377,4.110000133514404,4.789999961853027,27847800.0
2024-08-09,4.659999847412109,4.809999942779541,4.53000020980835,4.659999847412109,10732900.0
2024-08-12,4.599999904632568,4.610000133514404,4.340000152587891,4.489999771118164,16194600.0
2024-08-13,4.559999942779541,4.71999979019165,4.53000020980835,4.699999809265137,10638300.0
2024-08-14,4.730000019073486,4.78000020980835,4.650000095367432,4.679999828338623,7388300.0
2024-08-15,4.730000019073486,5.010000228881836,4.690000057220459,4.929999828338623,13119600.0
2024-08-16,4.909999847412109,4.989999771118164,4.860000133514404,4.920000076293945,8857300.0
2024-08-19,4.880000114440918,4.900000095367432,4.610000133514404,4.639999866485596,18161500.0
2024-08-20,4.590000152587891,4.78000020980835,4.559999942779541,4.739999771118164,9638000.0
2024-08-21,4.769999980926514,4.809999942779541,4.659999847412109,4.670000076293945,7688300.0
2024-08-22,4.679999828338623,4.699999809265137,4.5,4.539999961853027,7678700.0
2024-08-23,4.5,4.639999866485596,4.5,4.510000228881836,8374700.0
2024-08-26,4.510000228881836,4.53000020980835,4.329999923706055,4.380000114440918,11845100.0
2024-08-27,4.360000133514404,4.510000228881836,4.349999904632568,4.429999828338623,7110400.0
2024-08-28,4.400000095367432,4.420000076293945,4.360000133514404,4.409999847412109,7116200.0
2024-08-29,4.409999847412109,4.449999809265137,4.349999904632568,4.429999828338623,7086800.0
2024-08-30,4.449999809265137,4.539999961853027,4.429999828338623,4.5,11585900.0
2024-09-03,4.449999809265137,4.630000114440918,4.429999828338623,4.559999942779541,13418500.0
2024-09-04,4.559999942779541,4.809999942779541,4.559999942779541,4.800000190734863,10207400.0
2024-09-05,4.849999904632568,5.059999942779541,4.829999923706055,4.889999866485596,12413600.0
2024-09-06,4.920000076293945,5.03000020980835,4.820000171661377,4.929999828338623,10633800.0
2024-09-09,4.900000095367432,5.090000152587891,4.690000057220459,4.989999771118164,11887100.0
2024-09-10,4.949999809265137,4.960000038146973,4.670000076293945,4.800000190734863,11023300.0
2024-09-11,4.75,4.860000133514404,4.699999809265137,4.820000171661377,9531200.0
2024-09-12,5.5,5.75,5.070000171661377,5.599999904632568,44619300.0
2024-09-13,5.829999923706055,6.429999828338623,5.769999980926514,6.369999885559082,36868800.0
2024-09-16,6.400000095367432,6.46999979019165,6.130000114440918,6.349999904632568,23387200.0
2024-09-17,6.349999904632568,6.550000190734863,6.199999809265137,6.239999771118164,14167000.0
2024-09-18,5.929999828338623,6.130000114440918,5.769999980926514,5.940000057220459,17499200.0
2024-09-19,5.989999771118164,6.019999980926514,5.75,5.769999980926514,12726300.0
2024-09-20,5.800000190734863,6.010000228881836,5.730000019073486,5.760000228881836,20223800.0
2024-09-23,5.75,5.889999866485596,5.679999828338623,5.880000114440918,9014200.0
2024-09-24,5.909999847412109,6.179999828338623,5.900000095367432,6.099999904632568,11524400.0
2024-09-25,6.059999942779541,6.110000133514404,5.929999828338623,5.929999828338623,8998000.0
2024-09-26,6.0,6.010000228881836,5.880000114440918,5.900000095367432,6984300.0
2024-09-27,5.949999809265137,6.019999980926514,5.880000114440918,5.949999809265137,6178500.0
2024-09-30,5.940000057220459,6.0,5.800000190734863,5.849999904632568,7280600.0
2024-10-01,5.860000133514404,5.909999847412109,5.71999979019165,5.769999980926514,6527000.0
2024-10-02,5.71999979019165,5.730000019073486,5.550000190734863,5.559999942779541,8580400.0
2024-10-03,5.539999961853027,5.690000057220459,5.460000038146973,5.679999828338623,7147200.0
2024-10-04,5.670000076293945,5.760000228881836,5.610000133514404,5.71999979019165,7409000.0
2024-10-07,5.71999979019165,5.75,5.550000190734863,5.570000171661377,4720500.0
2024-10-08,5.559999942779541,5.599999904632568,5.429999828338623,5.480000019073486,6750400.0
2024-10-09,5.460000038146973,5.5,5.130000114440918,5.159999847412109,14191700.0
2024-10-10,5.119999885559082,5.159999847412109,4.809999942779541,4.949999809265137,18391100.0
2024-10-11,4.900000095367432,4.96999979019165,4.739999771118164,4.75,12661700.0
2024-10-14,4.690000057220459,4.71999979019165,4.429999828338623,4.53000020980835,23981200.0
2024-10-15,4.570000171661377,4.760000228881836,4.46999979019165,4.690000057220459,16453800.0
2024-10-16,4.71999979019165,4.809999942779541,4.650000095367432,4.730000019073486,10283400.0
2024-10-17,4.679999828338623,4.739999771118164,4.639999866485596,4.710000038146973,7673800.0
2024-10-18,4.730000019073486,5.03000020980835,4.679999828338623,4.989999771118164,12180400.0
2024-10-21,4.960000038146973,4.96999979019165,4.71999979019165,4.730000019073486,8278000.0
2024-10-22,4.739999771118164,4.769999980926514,4.679999828338623,4.710000038146973,4647700.0
2024-10-23,4.699999809265137,4.739999771118164,4.619999885559082,4.71999979019165,6257400.0
2024-10-24,4.78000020980835,4.96999979019165,4.739999771118164,4.929999828338623,12346200.0
2024-10-25,4.929999828338623,5.03000020980835,4.599999904632568,4.619999885559082,9984100.0
2024-10-28,4.659999847412109,4.690000057220459,4.570000171661377,4.659999847412109,7479700.0
2024-10-29,4.650000095367432,4.690000057220459,4.519999980926514,4.659999847412109,10844300.0
2024-10-30,4.619999885559082,4.78000020980835,4.599999904632568,4.710000038146973,6536100.0
2024-10-31,4.710000038146973,4.760000228881836,4.599999904632568,4.630000114440918,7413900.0
2024-11-01,4.659999847412109,4.679999828338623,4.5,4.510000228881836,9569800.0
2024-11-04,4.510000228881836,4.650000095367432,4.480000019073486,4.630000114440918,7157000.0
2024-11-05,4.599999904632568,4.619999885559082,4.460000038146973,4.559999942779541,7833700.0
2024-11-06,4.579999923706055,4.679999828338623,4.440000057220459,4.590000152587891,12197000.0
2024-11-07,4.380000114440918,4.650000095367432,4.170000076293945,4.539999961853027,28738100.0
2024-11-08,4.650000095367432,4.989999771118164,4.610000133514404,4.909999847412109,20593500.0
2024-11-11,4.949999809265137,4.949999809265137,4.510000228881836,4.53000020980835,14799400.0
2024-11-12,4.5,4.5,4.309999942779541,4.349999904632568,12531600.0
2024-11-13,4.349999904632568,4.46999979019165,4.320000171661377,4.400000095367432,10952800.0
2024-11-14,4.420000076293945,4.420000076293945,4.28000020980835,4.28000020980835,10570600.0
2024-11-15,4.289999961853027,4.380000114440918,4.269999980926514,4.309999942779541,6835800.0
2024-11-18,4.269999980926514,4.289999961853027,4.190000057220459,4.210000038146973,9414800.0
2024-11-19,4.210000038146973,4.369999885559082,4.179999828338623,4.329999923706055,10739000.0
2024-11-20,4.28000020980835,4.309999942779541,4.119999885559082,4.260000228881836,11414200.0
2024-11-21,4.25,4.360000133514404,4.190000057220459,4.239999771118164,10895300.0
2024-11-22,4.25,4.380000114440918,4.230000019073486,4.309999942779541,9841300.0
2024-11-25,4.349999904632568,4.610000133514404,4.349999904632568,4.480000019073486,16225600.0
2024-11-26,4.480000019073486,4.480000019073486,4.210000038146973,4.260000228881836,15391800.0
2024-11-27,4.309999942779541,4.360000133514404,4.21999979019165,4.329999923706055,9099900.0
2024-11-29,4.300000190734863,4.409999847412109,4.28000020980835,4.389999866485596,7338000.0
2024-12-02,4.349999904632568,4.349999904632568,4.199999809265137,4.28000020980835,13772800.0
2024-12-03,4.25,4.300000190734863,4.21999979019165,4.239999771118164,8938000.0
2024-12-04,4.260000228881836,4.289999961853027,4.199999809265137,4.199999809265137,8018000.0
2024-12-05,4.210000038146973,4.230000019073486,4.130000114440918,4.139999866485596,8962400.0
2024-12-06,4.190000057220459,4.239999771118164,4.03000020980835,4.139999866485596,11359300.0
2024-12-09,4.170000076293945,4.239999771118164,4.130000114440918,4.179999828338623,11828200.0
2024-12-10,4.170000076293945,4.210000038146973,4.090000152587891,4.099999904632568,9976500.0
2024-12-11,4.119999885559082,4.199999809265137,4.079999923706055,4.110000133514404,14499400.0
2024-12-12,4.050000190734863,4.090000152587891,3.9600000381469727,4.039999961853027,11937200.0
2024-12-13,3.9700000286102295,4.010000228881836,3.8299999237060547,3.9800000190734863,11984700.0
2024-12-16,3.950000047683716,3.9600000381469727,3.869999885559082,3.9000000953674316,15336500.0
2024-12-17,3.869999885559082,3.990000009536743,3.809999942779541,3.9700000286102295,14055900.0
2024-12-18,3.940000057220459,4.150000095367432,3.9100000858306885,3.9200000762939453,20321900.0
2024-12-19,3.950000047683716,3.9800000190734863,3.759999990463257,3.759999990463257,18522600.0
2024-12-20,3.7300000190734863,3.890000104904175,3.7200000286102295,3.859999895095825,22936000.0
2024-12-23,3.8399999141693115,3.9000000953674316,3.7200000286102295,3.8299999237060547,13386200.0
2024-12-24,3.799999952316284,3.799999952316284,3.7100000381469727,3.7699999809265137,6111800.0
2024-12-26,3.7300000190734863,3.759999990463257,3.6600000858306885,3.759999990463257,11074800.0
2024-12-27,3.7100000381469727,3.7799999713897705,3.690000057220459,3.7300000190734863,9789000.0
2024-12-30,3.6600000858306885,3.740000009536743,3.630000114440918,3.7200000286102295,14558000.0
2024-12-31,3.7300000190734863,4.0,3.7200000286102295,3.950000047683716,18792500.0
2025-01-02,3.9700000286102295,4.070000171661377,3.930000066757202,4.019999980926514,13579200.0
2025-01-03,4.050000190734863,4.190000057220459,3.990000009536743,4.150000095367432,9150000.0
2025-01-06,4.170000076293945,4.269999980926514,3.9700000286102295,3.990000009536743,11927700.0
2025-01-07,4.019999980926514,4.110000133514404,3.869999885559082,3.9200000762939453,8296200.0
2025-01-08,3.890000104904175,4.039999961853027,3.680000066757202,3.9100000858306885,16127600.0
2025-01-10,3.859999895095825,3.859999895095825,3.700000047683716,3.8299999237060547,27853800.0
2025-01-13,3.7100000381469727,3.940000057220459,3.509999990463257,3.9100000858306885,21130400.0
2025-01-14,3.940000057220459,4.130000114440918,3.9200000762939453,4.03000020980835,16057400.0
2025-01-15,4.099999904632568,4.230000019073486,4.099999904632568,4.130000114440918,9510000.0
2025-01-16,4.119999885559082,4.130000114440918,3.9600000381469727,4.0,8283400.0
2025-01-17,4.0,4.119999885559082,3.930000066757202,4.090000152587891,13585100.0
2025-01-21,4.150000095367432,4.409999847412109,4.130000114440918,4.329999923706055,17244400.0
2025-01-22,4.320000171661377,4.380000114440918,4.269999980926514,4.340000152587891,8794600.0
2025-01-23,4.340000152587891,4.590000152587891,4.25,4.570000171661377,13805400.0
2025-01-24,4.570000171661377,4.760000228881836,4.550000190734863,4.690000057220459,17651200.0
2025-01-27,4.619999885559082,4.889999866485596,4.599999904632568,4.650000095367432,12638700.0
2025-01-28,4.610000133514404,4.630000114440918,4.440000057220459,4.449999809265137,9551300.0
2025-01-29,4.650000095367432,4.829999923706055,4.25,4.400000095367432,24039300.0
2025-01-30,4.449999809265137,4.929999828338623,4.420000076293945,4.699999809265137,25911100.0
2025-01-31,4.78000020980835,4.840000152587891,4.590000152587891,4.690000057220459,16618400.0
2025-02-03,4.610000133514404,4.829999923706055,4.570000171661377,4.800000190734863,16623200.0
2025-02-04,4.78000020980835,4.900000095367432,4.769999980926514,4.769999980926514,11156400.0
2025-02-05,4.800000190734863,4.849999904632568,4.71999979019165,4.789999961853027,9586600.0
2025-02-06,4.800000190734863,4.920000076293945,4.760000228881836,4.889999866485596,15660200.0
2025-02-07,4.820000171661377,4.869999885559082,4.760000228881836,4.769999980926514,6701200.0
2025-02-10,4.849999904632568,4.849999904632568,4.730000019073486,4.789999961853027,6546400.0
2025-02-11,4.789999961853027,4.800000190734863,4.710000038146973,4.75,5608100.0
2025-02-12,4.690000057220459,4.78000020980835,4.659999847412109,4.699999809265137,4693800.0
2025-02-13,4.739999771118164,4.960000038146973,4.71999979019165,4.840000152587891,7284300.0
2025-02-14,4.860000133514404,4.949999809265137,4.840000152587891,4.949999809265137,6390700.0
2025-02-18,4.949999809265137,5.099999904632568,4.940000057220459,5.019999980926514,9468300.0
2025-02-19,4.940000057220459,5.050000190734863,4.929999828338623,5.019999980926514,6384600.0
2025-02-20,5.019999980926514,5.050000190734863,4.980000019073486,4.989999771118164,6052500.0
2025-02-21,5.019999980926514,5.050000190734863,4.829999923706055,4.869999885559082,7783500.0
2025-02-24,4.869999885559082,4.909999847412109,4.78000020980835,4.849999904632568,7967000.0
2025-02-25,4.840000152587891,4.860000133514404,4.75,4.809999942779541,6762500.0
2025-02-26,4.840000152587891,4.860000133514404,4.75,4.769999980926514,7056100.0
2025-02-27,4.96999979019165,5.590000152587891,4.949999809265137,5.579999923706055,30891600.0
2025-02-28,5.550000190734863,5.940000057220459,5.550000190734863,5.900000095367432,37748900.0
2025-03-03,5.96999979019165,6.0,5.699999809265137,5.78000020980835,24331500.0
2025-03-04,5.75,5.78000020980835,5.46999979019165,5.639999866485596,15844000.0
2025-03-05,5.659999847412109,5.760000228881836,5.559999942779541,5.730000019073486,8489400.0
2025-03-06,5.670000076293945,5.71999979019165,5.539999961853027,5.650000095367432,12508900.0
2025-03-07,5.659999847412109,6.110000133514404,5.659999847412109,6.019999980926514,17498100.0
2025-03-10,5.920000076293945,6.110000133514404,5.769999980926514,5.869999885559082,14958200.0
2025-03-11,5.860000133514404,5.940000057220459,5.610000133514404,5.699999809265137,11054000.0
2025-03-12,5.900000095367432,6.039999961853027,5.829999923706055,5.96999979019165,11062400.0
2025-03-13,6.0,6.110000133514404,5.800000190734863,5.820000171661377,8389000.0
2025-03-14,5.869999885559082,5.920000076293945,5.809999942779541,5.869999885559082,8049400.0
2025-03-17,5.880000114440918,6.079999923706055,5.860000133514404,6.03000020980835,9311000.0
2025-03-18,6.019999980926514,6.090000152587891,5.960000038146973,6.039999961853027,8914300.0
2025-03-19,6.010000228881836,6.059999942779541,5.880000114440918,5.980000019073486,8533300.0
2025-03-20,5.940000057220459,5.980000019073486,5.849999904632568,5.940000057220459,7826900.0
2025-03-21,5.900000095367432,6.010000228881836,5.869999885559082,5.980000019073486,14651100.0
2025-03-24,5.980000019073486,6.159999847412109,5.929999828338623,6.110000133514404,9766400.0
2025-03-25,6.110000133514404,6.340000152587891,6.110000133514404,6.170000076293945,13852800.0
2025-03-26,6.150000095367432,6.199999809265137,6.059999942779541,6.130000114440918,7534200.0
2025-03-27,6.150000095367432,6.28000020980835,6.110000133514404,6.210000038146973,8523900.0
2025-03-28,6.199999809265137,6.210000038146973,6.0,6.039999961853027,7562200.0
2025-03-31,5.989999771118164,6.050000190734863,5.909999847412109,6.03000020980835,7792500.0
2025-04-01,6.079999923706055,6.090000152587891,5.820000171661377,5.909999847412109,10614300.0
2025-04-02,5.880000114440918,5.96999979019165,5.820000171661377,5.909999847412109,5030400.0
2025-04-03,5.78000020980835,5.900000095367432,5.71999979019165,5.78000020980835,13019900.0
2025-04-04,5.550000190734863,5.579999923706055,5.050000190734863,5.239999771118164,21492000.0
2025-04-07,5.03000020980835,5.289999961853027,4.690000057220459,5.179999828338623,17541400.0
2025-04-08,5.340000152587891,5.420000076293945,4.909999847412109,5.010000228881836,11252700.0
2025-04-09,4.860000133514404,5.440000057220459,4.710000038146973,5.360000133514404,22250100.0
2025-04-10,5.360000133514404,5.389999866485596,5.090000152587891,5.170000076293945,12484600.0
2025-04-11,5.150000095367432,5.329999923706055,5.050000190734863,5.28000020980835,9025400.0
2025-04-14,5.380000114440918,5.449999809265137,5.320000171661377,5.360000133514404,9130700.0
2025-04-15,5.360000133514404,5.510000228881836,5.360000133514404,5.440000057220459,9337000.0
2025-04-16,5.429999828338623,5.489999771118164,5.340000152587891,5.389999866485596,6590000.0
2025-04-17,5.409999847412109,5.539999961853027,5.389999866485596,5.449999809265137,8778700.0
2025-04-21,5.420000076293945,5.440000057220459,5.179999828338623,5.210000038146973,7477900.0
2025-04-22,5.21999979019165,5.28000020980835,5.170000076293945,5.199999809265137,8646800.0
2025-04-23,5.269999980926514,5.449999809265137,5.260000228881836,5.329999923706055,8003400.0
2025-04-24,5.380000114440918,5.559999942779541,5.340000152587891,5.460000038146973,7209900.0
2025-04-25,5.489999771118164,5.489999771118164,5.400000095367432,5.420000076293945,5260500.0
2025-04-28,5.440000057220459,5.550000190734863,5.429999828338623,5.5,7090800.0
2025-04-29,5.480000019073486,5.53000020980835,5.449999809265137,5.489999771118164,8519400.0
2025-04-30,5.409999847412109,5.53000020980835,5.329999923706055,5.519999980926514,14199100.0
2025-05-01,5.570000171661377,5.849999904632568,5.139999866485596,5.139999866485596,18304200.0
2025-05-02,5.179999828338623,5.360000133514404,5.099999904632568,5.239999771118164,9578700.0
2025-05-05,5.21999979019165,5.269999980926514,5.139999866485596,5.150000095367432,7241300.0
2025-05-06,5.099999904632568,5.199999809265137,5.050000190734863,5.079999923706055,7357400.0
2025-05-07,5.079999923706055,5.130000114440918,5.0,5.050000190734863,10009600.0
2025-05-08,5.130000114440918,5.269999980926514,5.050000190734863,5.190000057220459,9294800.0
2025-05-09,5.199999809265137,5.28000020980835,5.150000095367432,5.239999771118164,7358700.0
2025-05-12,5.329999923706055,5.360000133514404,5.139999866485596,5.199999809265137,7605700.0
2025-05-13,5.260000228881836,5.260000228881836,5.010000228881836,5.039999961853027,9807000.0
2025-05-14,5.010000228881836,5.050000190734863,4.880000114440918,4.929999828338623,8848500.0
2025-05-15,4.96999979019165,5.03000020980835,4.900000095367432,5.010000228881836,6732100.0
2025-05-16,5.039999961853027,5.090000152587891,5.0,5.070000171661377,7312300.0
2025-05-19,5.019999980926514,5.019999980926514,4.929999828338623,4.940000057220459,10245300.0
2025-05-20,4.929999828338623,5.0,4.920000076293945,4.920000076293945,6891800.0
2025-05-21,4.900000095367432,4.909999847412109,4.610000133514404,4.619999885559082,11585600.0
2025-05-22,4.599999904632568,4.610000133514404,4.440000057220459,4.559999942779541,14838900.0
2025-05-23,4.510000228881836,4.670000076293945,4.5,4.579999923706055,8778100.0
2025-05-27,4.599999904632568,4.699999809265137,4.550000190734863,4.679999828338623,7447500.0
2025-05-28,4.630000114440918,4.670000076293945,4.559999942779541,4.610000133514404,6366100.0
2025-05-29,4.659999847412109,4.699999809265137,4.539999961853027,4.610000133514404,6465300.0
2025-05-30,4.610000133514404,4.670000076293945,4.539999961853027,4.570000171661377,13266000.0
2025-06-02,4.519999980926514,4.559999942779541,4.440000057220459,4.480000019073486,10105000.0
2025-06-03,4.46999979019165,4.579999923706055,4.380000114440918,4.53000020980835,10717100.0
2025-06-04,4.550000190734863,4.570000171661377,4.460000038146973,4.46999979019165,5752100.0
2025-06-05,4.46999979019165,4.5,4.409999847412109,4.420000076293945,5607900.0
2025-06-06,4.460000038146973,4.659999847412109,4.420000076293945,4.539999961853027,11713900.0
2025-06-09,4.579999923706055,4.599999904632568,4.460000038146973,4.510000228881836,6177200.0
2025-06-10,4.539999961853027,4.619999885559082,4.510000228881836,4.599999904632568,5422800.0
2025-06-11,4.659999847412109,4.679999828338623,4.510000228881836,4.539999961853027,5906500.0
2025-06-12,4.53000020980835,4.550000190734863,4.449999809265137,4.489999771118164,6643600.0
2025-06-13,4.429999828338623,4.460000038146973,4.369999885559082,4.409999847412109,6088200.0
2025-06-16,4.429999828338623,4.53000020980835,4.409999847412109,4.429999828338623,6135400.0
2025-06-17,4.420000076293945,4.550000190734863,4.369999885559082,4.440000057220459,7422100.0
2025-06-18,4.380000114440918,4.460000038146973,4.349999904632568,4.420000076293945,8759500.0
2025-06-20,4.440000057220459,4.5,4.369999885559082,4.440000057220459,14319300.0
2025-06-23,4.409999847412109,4.480000019073486,4.329999923706055,4.440000057220459,7463100.0
2025-06-24,4.449999809265137,4.519999980926514,4.449999809265137,4.5,9186800.0
2025-06-25,4.46999979019165,4.480000019073486,4.400000095367432,4.449999809265137,8157600.0
2025-06-26,4.46999979019165,4.550000190734863,4.429999828338623,4.5,5094100.0
2025-06-27,4.510000228881836,4.539999961853027,4.409999847412109,4.460000038146973,11732900.0
2025-06-30,4.449999809265137,4.449999809265137,4.25,4.309999942779541,12999600.0
2025-07-01,4.269999980926514,4.380000114440918,4.239999771118164,4.360000133514404,12636900.0
2025-07-02,4.369999885559082,4.46999979019165,4.340000152587891,4.460000038146973,10135600.0
2025-07-03,4.460000038146973,4.489999771118164,4.369999885559082,4.380000114440918,5085000.0
2025-07-07,4.349999904632568,4.369999885559082,4.199999809265137,4.210000038146973,10391200.0
2025-07-08,4.190000057220459,4.260000228881836,4.150000095367432,4.230000019073486,7789700.0
2025-07-09,4.230000019073486,4.25,4.130000114440918,4.150000095367432,8030100.0
2025-07-10,4.159999847412109,4.230000019073486,4.110000133514404,4.170000076293945,7619500.0
2025-07-11,4.159999847412109,4.170000076293945,4.090000152587891,4.130000114440918,8567900.0
2025-07-14,4.110000133514404,4.190000057220459,4.110000133514404,4.159999847412109,6707800.0
2025-07-15,4.170000076293945,4.199999809265137,4.070000171661377,4.070000171661377,8122500.0
2025-07-16,4.110000133514404,4.139999866485596,4.039999961853027,4.099999904632568,6821800.0
2025-07-17,4.099999904632568,4.170000076293945,4.079999923706055,4.130000114440918,7647100.0
2025-07-18,4.150000095367432,4.21999979019165,4.070000171661377,4.079999923706055,9691800.0
2025-07-21,4.110000133514404,4.119999885559082,3.990000009536743,4.03000020980835,9176900.0
2025-07-22,4.019999980926514,4.639999866485596,4.019999980926514,4.389999866485596,29775300.0
2025-07-23,4.449999809265137,4.460000038146973,4.289999961853027,4.329999923706055,10851900.0
2025-07-24,4.269999980926514,4.400000095367432,4.239999771118164,4.300000190734863,7262800.0
2025-07-25,4.289999961853027,4.329999923706055,4.260000228881836,4.320000171661377,6398000.0
2025-07-28,4.300000190734863,4.389999866485596,4.25,4.260000228881836,5920600.0
2025-07-29,4.239999771118164,4.260000228881836,4.199999809265137,4.21999979019165,6154600.0
2025-07-30,4.21999979019165,4.28000020980835,4.119999885559082,4.130000114440918,7999600.0
2025-07-31,4.21999979019165,4.440000057220459,4.079999923706055,4.119999885559082,17437500.0
2025-08-01,4.130000114440918,4.150000095367432,4.010000228881836,4.059999942779541,9254300.0
2025-08-04,4.090000152587891,4.099999904632568,4.019999980926514,4.039999961853027,7689900.0
2025-08-05,4.059999942779541,4.199999809265137,4.039999961853027,4.179999828338623,9999100.0
2025-08-06,4.199999809265137,4.25,4.090000152587891,4.159999847412109,8472700.0
2025-08-07,4.199999809265137,4.25,4.139999866485596,4.159999847412109,6525000.0
2025-08-08,4.170000076293945,4.199999809265137,4.050000190734863,4.079999923706055,6054000.0
2025-08-11,4.099999904632568,4.130000114440918,4.0,4.03000020980835,8369900.0
2025-08-12,4.050000190734863,4.090000152587891,3.950000047683716,3.9800000190734863,11200400.0
2025-08-13,3.990000009536743,4.130000114440918,3.9800000190734863,4.130000114440918,8995500.0
2025-08-14,4.079999923706055,4.199999809265137,4.039999961853027,4.150000095367432,8112900.0
2025-08-15,4.159999847412109,4.170000076293945,4.010000228881836,4.050000190734863,11035000.0
2025-08-18,4.050000190734863,4.170000076293945,4.019999980926514,4.139999866485596,7436700.0
2025-08-19,4.170000076293945,4.25,4.150000095367432,4.239999771118164,8097900.0
2025-08-20,4.239999771118164,4.429999828338623,4.230000019073486,4.329999923706055,11608200.0
2025-08-21,4.28000020980835,4.349999904632568,4.260000228881836,4.329999923706055,6537600.0
2025-08-22,4.349999904632568,4.480000019073486,4.300000190734863,4.309999942779541,9084600.0
2025-08-25,4.309999942779541,4.409999847412109,4.28000020980835,4.380000114440918,5802600.0
2025-08-26,4.380000114440918,4.389999866485596,4.309999942779541,4.320000171661377,6875100.0
2025-08-27,4.300000190734863,4.440000057220459,4.300000190734863,4.420000076293945,6997900.0
2025-08-28,4.429999828338623,4.429999828338623,4.320000171661377,4.400000095367432,5072600.0
2025-08-29,4.389999866485596,4.510000228881836,4.369999885559082,4.5,6462400.0
2025-09-02,4.449999809265137,4.480000019073486,4.340000152587891,4.409999847412109,8872100.0
2025-09-03,4.380000114440918,4.460000038146973,4.369999885559082,4.420000076293945,5864400.0
2025-09-04,4.420000076293945,4.449999809265137,4.369999885559082,4.449999809265137,6626800.0
2025-09-05,4.489999771118164,4.619999885559082,4.46999979019165,4.610000133514404,9834700.0
2025-09-08,4.550000190734863,4.610000133514404,4.519999980926514,4.579999923706055,9067100.0
2025-09-09,4.590000152587891,4.599999904632568,4.510000228881836,4.599999904632568,6838600.0
2025-09-10,4.579999923706055,4.659999847412109,4.559999942779541,4.610000133514404,6896500.0
2025-09-11,4.570000171661377,4.630000114440918,4.550000190734863,4.610000133514404,7655700.0
2025-09-12,4.599999904632568,5.170000076293945,4.599999904632568,5.130000114440918,21818300.0
2025-09-15,5.119999885559082,5.150000095367432,4.800000190734863,4.849999904632568,13760900.0
2025-09-16,4.869999885559082,4.940000057220459,4.800000190734863,4.849999904632568,8571000.0
2025-09-17,4.869999885559082,5.139999866485596,4.869999885559082,4.960000038146973,12260900.0
2025-09-18,4.949999809265137,5.050000190734863,4.889999866485596,5.039999961853027,6589900.0
2025-09-19,5.039999961853027,5.170000076293945,4.929999828338623,5.010000228881836,40228700.0
2025-09-22,5.0,5.059999942779541,4.940000057220459,5.010000228881836,7065600.0
2025-09-23,5.03000020980835,5.079999923706055,4.920000076293945,4.960000038146973,7285900.0
2025-09-24,4.960000038146973,4.960000038146973,4.860000133514404,4.869999885559082,5138700.0
2025-09-25,4.849999904632568,4.920000076293945,4.829999923706055,4.889999866485596,5687900.0
2025-09-26,4.909999847412109,4.96999979019165,4.880000114440918,4.920000076293945,4018400.0
2025-09-29,4.949999809265137,4.960000038146973,4.820000171661377,4.949999809265137,5992400.0
2025-09-30,4.96999979019165,5.079999923706055,4.940000057220459,5.070000171661377,6051100.0
2025-10-01,5.070000171661377,5.429999828338623,5.050000190734863,5.380000114440918,14413800.0
2025-10-02,5.389999866485596,5.519999980926514,5.360000133514404,5.510000228881836,9178500.0
2025-10-03,5.510000228881836,5.75,5.5,5.539999961853027,9995500.0
2025-10-06,5.550000190734863,5.590000152587891,5.389999866485596,5.400000095367432,8530500.0
2025-10-07,5.409999847412109,5.5,5.340000152587891,5.420000076293945,6469500.0
2025-10-08,5.409999847412109,5.460000038146973,5.349999904632568,5.389999866485596,5802300.0
2025-10-09,5.369999885559082,5.440000057220459,5.21999979019165,5.25,7531900.0
2025-10-10,5.289999961853027,5.320000171661377,5.079999923706055,5.150000095367432,7746600.0
2025-10-13,5.170000076293945,5.25,5.079999923706055,5.139999866485596,5811200.0
2025-10-14,5.110000133514404,5.25,5.110000133514404,5.21999979019165,7181200.0
2025-10-15,5.25,5.360000133514404,5.230000019073486,5.260000228881836,6520700.0
2025-10-16,5.320000171661377,5.369999885559082,5.239999771118164,5.260000228881836,6831800.0
2025-10-17,5.25,5.25,5.110000133514404,5.139999866485596,5100800.0
2025-10-20,5.139999866485596,5.239999771118164,5.139999866485596,5.21999979019165,4221700.0
2025-10-21,5.21999979019165,5.25,5.139999866485596,5.150000095367432,3862700.0
2025-10-22,5.119999885559082,5.159999847412109,4.980000019073486,5.059999942779541,6740400.0
2025-10-23,5.079999923706055,5.099999904632568,5.039999961853027,5.059999942779541,5281500.0
2025-10-24,5.099999904632568,5.230000019073486,5.099999904632568,5.130000114440918,5579000.0
2025-10-27,5.119999885559082,5.199999809265137,5.099999904632568,5.130000114440918,5379900.0
2025-10-28,5.119999885559082,5.119999885559082,4.920000076293945,4.960000038146973,7890800.0
2025-10-29,4.960000038146973,4.989999771118164,4.800000190734863,4.860000133514404,8922900.0
2025-10-30,5.010000228881836,5.179999828338623,4.989999771118164,5.170000076293945,13394500.0
2025-10-31,5.170000076293945,5.199999809265137,5.019999980926514,5.170000076293945,7410300.0
2025-11-03,5.170000076293945,5.25,5.059999942779541,5.090000152587891,10931500.0
2025-11-04,5.039999961853027,5.039999961853027,4.809999942779541,4.929999828338623,11186300.0
2025-11-05,4.900000095367432,4.980000019073486,4.860000133514404,4.869999885559082,8254500.0
2025-11-06,4.889999866485596,5.079999923706055,4.800000190734863,5.039999961853027,8597500.0
2025-11-07,5.019999980926514,5.099999904632568,4.96999979019165,5.070000171661377,8852100.0
2025-11-10,5.079999923706055,5.150000095367432,4.960000038146973,4.960000038146973,10958000.0
2025-11-11,4.960000038146973,5.099999904632568,4.960000038146973,5.079999923706055,6532500.0
2025-11-12,5.03000020980835,5.090000152587891,4.980000019073486,4.980000019073486,9724900.0
2025-11-13,4.980000019073486,5.03000020980835,4.949999809265137,4.980000019073486,9700200.0
2025-11-14,4.920000076293945,5.019999980926514,4.880000114440918,4.949999809265137,7142400.0
2025-11-17,5.0,5.239999771118164,4.960000038146973,5.139999866485596,10883700.0
2025-11-18,5.119999885559082,5.150000095367432,5.050000190734863,5.099999904632568,7302300.0
2025-11-19,5.139999866485596,5.139999866485596,4.980000019073486,5.039999961853027,6562900.0
2025-11-20,5.050000190734863,5.119999885559082,5.010000228881836,5.03000020980835,6905700.0
2025-11-21,5.050000190734863,5.309999942779541,5.03000020980835,5.300000190734863,9513900.0
2025-11-24,5.309999942779541,5.360000133514404,5.260000228881836,5.320000171661377,8666600.0
2025-11-25,5.340000152587891,5.690000057220459,5.340000152587891,5.650000095367432,10357600.0
2025-11-26,5.639999866485596,5.820000171661377,5.630000114440918,5.769999980926514,9439000.0
2025-11-28,5.789999961853027,5.800000190734863,5.739999771118164,5.760000228881836,3667000.0
2025-12-01,5.679999828338623,5.730000019073486,5.599999904632568,5.619999885559082,6591900.0
2025-12-02,5.590000152587891,5.619999885559082,5.519999980926514,5.610000133514404,4968800.0
2025-12-03,5.610000133514404,5.650000095367432,5.579999923706055,5.619999885559082,5925300.0
2025-12-04,5.619999885559082,5.690000057220459,5.599999904632568,5.610000133514404,4379200.0
2025-12-05,5.610000133514404,5.639999866485596,5.46999979019165,5.480000019073486,5001300.0
2025-12-08,5.46999979019165,5.550000190734863,5.46999979019165,5.480000019073486,5006400.0
2025-12-09,5.480000019073486,5.539999961853027,5.449999809265137,5.449999809265137,3940900.0
2025-12-10,5.460000038146973,5.579999923706055,5.449999809265137,5.510000228881836,9546600.0
2025-12-11,5.429999828338623,5.429999828338623,5.03000020980835,5.130000114440918,10887100.0
2025-12-12,5.150000095367432,5.210000038146973,5.070000171661377,5.099999904632568,8208100.0
2025-12-15,5.099999904632568,5.130000114440918,4.989999771118164,5.039999961853027,7488800.0
2025-12-16,5.039999961853027,5.070000171661377,4.880000114440918,4.900000095367432,6718600.0
2025-12-17,4.889999866485596,5.050000190734863,4.889999866485596,5.0,6926900.0
2025-12-18,5.050000190734863,5.130000114440918,5.0,5.079999923706055,7387800.0
2025-12-19,5.070000171661377,5.190000057220459,5.019999980926514,5.139999866485596,10402800.0
2025-12-22,5.099999904632568,5.170000076293945,5.050000190734863,5.070000171661377,6486000.0
2025-12-23,5.03000020980835,5.050000190734863,4.980000019073486,5.019999980926514,4759100.0
2025-12-24,5.010000228881836,5.050000190734863,5.010000228881836,5.050000190734863,1710000.0
2025-12-26,5.059999942779541,5.099999904632568,5.019999980926514,5.079999923706055,3335300.0
2025-12-29,5.090000152587891,5.099999904632568,5.039999961853027,5.090000152587891,5792900.0
2025-12-30,5.090000152587891,5.159999847412109,5.039999961853027,5.059999942779541,4652800.0
2025-12-31,5.050000190734863,5.079999923706055,4.989999771118164,5.0,5330900.0
2026-01-02,5.03000020980835,5.119999885559082,4.980000019073486,5.079999923706055,6185900.0
2026-01-05,5.079999923706055,5.110000133514404,5.019999980926514,5.090000152587891,5853300.0
2026-01-06,5.050000190734863,5.320000171661377,5.050000190734863,5.300000190734863,7101200.0
2026-01-07,5.360000133514404,5.579999923706055,5.340000152587891,5.380000114440918,7405300.0
2026-01-08,5.369999885559082,5.449999809265137,5.320000171661377,5.440000057220459,6223100.0
2026-01-09,5.449999809265137,5.489999771118164,5.400000095367432,5.420000076293945,4020100.0
2026-01-12,5.409999847412109,5.5,5.349999904632568,5.360000133514404,5294100.0
2026-01-13,5.369999885559082,5.489999771118164,5.300000190734863,5.329999923706055,12482700.0
2026-01-14,5.300000190734863,5.309999942779541,5.050000190734863,5.139999866485596,10534400.0
2026-01-15,5.190000057220459,5.28000020980835,5.150000095367432,5.159999847412109,6473100.0
2026-01-16,5.090000152587891,5.239999771118164,5.050000190734863,5.199999809265137,5448600.0
2026-01-20,5.099999904632568,5.210000038146973,5.019999980926514,5.139999866485596,8411400.0
2026-01-21,5.150000095367432,5.28000020980835,5.119999885559082,5.199999809265137,5394900.0
2026-01-22,5.210000038146973,5.239999771118164,5.090000152587891,5.090000152587891,5373000.0
2026-01-23,5.110000133514404,5.139999866485596,5.079999923706055,5.110000133514404,5470000.0
2026-01-26,5.119999885559082,5.130000114440918,5.059999942779541,5.059999942779541,6466300.0
2026-01-27,5.050000190734863,5.159999847412109,5.010000228881836,5.110000133514404,4377300.0
2026-01-28,5.090000152587891,5.150000095367432,5.0,5.0,6541100.0
2026-01-29,5.070000171661377,5.079999923706055,4.929999828338623,5.050000190734863,7066100.0
2026-01-30,5.0,5.079999923706055,4.949999809265137,5.019999980926514,8025300.0
2026-02-02,4.989999771118164,5.159999847412109,4.909999847412109,5.139999866485596,5200100.0
2026-02-03,5.210000038146973,5.239999771118164,5.039999961853027,5.199999809265137,6737700.0
2026-02-04,5.199999809265137,5.349999904632568,5.159999847412109,5.239999771118164,6722100.0
2026-02-05,5.300000190734863,5.329999923706055,5.170000076293945,5.28000020980835,5597700.0
2026-02-06,5.300000190734863,5.389999866485596,5.260000228881836,5.360000133514404,4736100.0
2026-02-09,5.360000133514404,5.460000038146973,5.300000190734863,5.460000038146973,4109600.0
2026-02-10,5.460000038146973,5.630000114440918,5.440000057220459,5.619999885559082,6471600.0
2026-02-11,5.610000133514404,5.739999771118164,5.579999923706055,5.699999809265137,8106400.0
2026-02-12,5.699999809265137,5.78000020980835,5.550000190734863,5.559999942779541,4965800.0
2026-02-13,5.570000171661377,5.639999866485596,5.420000076293945,5.440000057220459,4674400.0
2026-02-17,5.480000019073486,5.489999771118164,5.369999885559082,5.429999828338623,4526800.0
2026-02-18,5.429999828338623,5.460000038146973,5.340000152587891,5.369999885559082,5930200.0
2026-02-19,5.800000190734863,6.46999979019165,5.699999809265137,6.019999980926514,24042500.0
2026-02-20,6.0,6.039999961853027,5.619999885559082,5.659999847412109,9276000.0
2026-02-23,5.610000133514404,5.789999961853027,5.599999904632568,5.78000020980835,6526400.0
2026-02-24,5.800000190734863,5.880000114440918,5.670000076293945,5.699999809265137,6222000.0
2026-02-25,5.699999809265137,5.769999980926514,5.650000095367432,5.760000228881836,5161500.0
2026-02-26,5.78000020980835,5.809999942779541,5.710000038146973,5.809999942779541,4303800.0
2026-02-27,5.769999980926514,5.920000076293945,5.739999771118164,5.760000228881836,8654800.0
2026-03-02,5.699999809265137,5.71999979019165,5.619999885559082,5.650000095367432,5953800.0
2026-03-03,5.53000020980835,5.659999847412109,5.449999809265137,5.550000190734863,6485000.0
2026-03-04,5.539999961853027,5.599999904632568,5.5,5.5,3720800.0
2026-03-05,5.480000019073486,5.559999942779541,5.429999828338623,5.5,4127200.0
2026-03-06,5.480000019073486,5.510000228881836,5.420000076293945,5.46999979019165,4633800.0
2026-03-09,5.400000095367432,5.539999961853027,5.329999923706055,5.510000228881836,4551700.0
2026-03-10,5.510000228881836,5.539999961853027,5.340000152587891,5.360000133514404,6805900.0
2026-03-11,5.320000171661377,5.320000171661377,4.820000171661377,4.929999828338623,15694500.0
2026-03-12,4.809999942779541,5.199999809265137,4.769999980926514,5.010000228881836,15388100.0
2026-03-13,5.050000190734863,5.139999866485596,4.78000020980835,4.789999961853027,10031700.0
2026-03-16,4.809999942779541,4.920000076293945,4.75,4.78000020980835,5652200.0
2026-03-17,4.869999885559082,4.929999828338623,4.800000190734863,4.829999923706055,4737500.0
2026-03-18,4.829999923706055,4.900000095367432,4.769999980926514,4.800000190734863,4202200.0
2026-03-19,4.789999961853027,4.789999961853027,4.610000133514404,4.710000038146973,8436900.0
2026-03-20,4.699999809265137,4.730000019073486,4.53000020980835,4.559999942779541,11451900.0
2026-03-23,4.570000171661377,4.679999828338623,4.550000190734863,4.559999942779541,6037200.0
2026-03-24,4.559999942779541,4.639999866485596,4.510000228881836,4.590000152587891,6716600.0
2026-03-25,4.619999885559082,4.679999828338623,4.570000171661377,4.650000095367432,5698900.0
2026-03-26,4.619999885559082,4.760000228881836,4.610000133514404,4.670000076293945,3491800.0
2026-03-27,4.670000076293945,4.699999809265137,4.53000020980835,4.53000020980835,4727400.0
2026-03-30,4.579999923706055,4.650000095367432,4.53000020980835,4.559999942779541,5126200.0
2026-03-31,4.639999866485596,4.730000019073486,4.610000133514404,4.630000114440918,6230800.0
2026-04-01,4.650000095367432,4.690000057220459,4.599999904632568,4.639999866485596,5161500.0
2026-04-02,4.610000133514404,4.670000076293945,4.570000171661377,4.630000114440918,3939100.0
2026-04-06,4.610000133514404,4.650000095367432,4.539999961853027,4.599999904632568,4783500.0
2026-04-07,4.559999942779541,4.679999828338623,4.559999942779541,4.670000076293945,5723300.0
2026-04-08,4.78000020980835,4.840000152587891,4.75,4.75,6224200.0
2026-04-09,4.75,4.920000076293945,4.71999979019165,4.829999923706055,6022900.0
2026-04-10,4.849999904632568,4.96999979019165,4.849999904632568,4.940000057220459,3742000.0
2026-04-13,4.869999885559082,4.960000038146973,4.869999885559082,4.940000057220459,4666600.0
2026-04-14,4.920000076293945,5.019999980926514,4.920000076293945,5.010000228881836,3465800.0
2026-04-15,5.0,5.010000228881836,4.929999828338623,5.0,4038400.0
2026-04-16,5.019999980926514,5.210000038146973,5.010000228881836,5.199999809265137,6273800.0
2026-04-17,5.210000038146973,5.269999980926514,5.179999828338623,5.230000019073486,5324200.0
2026-04-20,5.199999809265137,5.260000228881836,5.199999809265137,5.260000228881836,3565500.0
2026-04-21,5.25,5.260000228881836,5.150000095367432,5.199999809265137,4580800.0
2026-04-22,5.230000019073486,5.300000190734863,5.139999866485596,5.170000076293945,4361300.0
2026-04-23,5.210000038146973,5.300000190734863,5.150000095367432,5.210000038146973,4379100.0
2026-04-24,5.179999828338623,5.21999979019165,5.119999885559082,5.139999866485596,4309600.0
2026-04-27,5.130000114440918,5.179999828338623,5.119999885559082,5.130000114440918,3770800.0
2026-04-28,5.150000095367432,5.210000038146973,5.130000114440918,5.170000076293945,3713500.0
2026-04-29,5.139999866485596,5.239999771118164,5.110000133514404,5.130000114440918,5031700.0
2026-04-30,5.159999847412109,5.320000171661377,4.860000133514404,4.940000057220459,11098700.0
2026-05-01,4.940000057220459,5.099999904632568,4.900000095367432,5.050000190734863,8453600.0
2026-05-04,5.050000190734863,5.110000133514404,4.940000057220459,4.96999979019165,5638800.0
2026-05-05,4.949999809265137,5.079999923706055,4.949999809265137,5.03000020980835,4671400.0
2026-05-06,5.079999923706055,5.239999771118164,5.079999923706055,5.230000019073486,6097100.0
2026-05-07,5.239999771118164,5.349999904632568,5.179999828338623,5.329999923706055,9556000.0
2026-05-08,5.349999904632568,5.369999885559082,5.119999885559082,5.170000076293945,5885600.0
2026-05-11,5.210000038146973,5.25,5.03000020980835,5.039999961853027,5099900.0
2026-05-12,5.03000020980835,5.130000114440918,5.010000228881836,5.110000133514404,7941300.0
2026-05-13,5.090000152587891,5.170000076293945,5.059999942779541,5.090000152587891,3974200.0
2026-05-14,5.170000076293945,5.260000228881836,5.139999866485596,5.179999828338623,4322000.0
2026-05-15,5.179999828338623,5.199999809265137,4.96999979019165,5.050000190734863,6078100.0
2026-05-18,5.010000228881836,5.119999885559082,5.010000228881836,5.079999923706055,3706600.0
2026-05-19,5.099999904632568,5.099999904632568,4.980000019073486,5.0,3904300.0
2026-05-20,5.039999961853027,5.110000133514404,4.980000019073486,5.110000133514404,6399000.0
2026-05-21,5.110000133514404,5.199999809265137,5.050000190734863,5.159999847412109,3447200.0
2026-05-22,5.179999828338623,5.179999828338623,5.059999942779541,5.079999923706055,3584500.0
2026-05-26,5.099999904632568,5.110000133514404,5.039999961853027,5.050000190734863,4403500.0
2026-05-27,5.050000190734863,5.28000020980835,5.039999961853027,5.150000095367432,6073800.0
2026-05-28,5.099999904632568,5.210000038146973,5.090000152587891,5.130000114440918,3237700.0
2026-05-29,5.139999866485596,5.139999866485596,5.039999961853027,5.110000133514404,7462500.0
2026-06-01,5.079999923706055,5.110000133514404,4.989999771118164,4.989999771118164,7151200.0
2026-06-02,5.0,5.050000190734863,4.96999979019165,4.96999979019165,3919700.0
2026-06-03,4.980000019073486,5.010000228881836,4.949999809265137,4.949999809265137,4589500.0
2026-06-04,5.0,5.059999942779541,4.929999828338623,5.010000228881836,4573800.0
2026-06-05,4.940000057220459,5.019999980926514,4.940000057220459,4.980000019073486,4985000.0
2026-06-08,4.940000057220459,4.960000038146973,4.860000133514404,4.920000076293945,5733400.0
2026-06-09,4.920000076293945,5.050000190734863,4.909999847412109,5.039999961853027,6598400.0
2026-06-10,5.039999961853027,5.090000152587891,4.96999979019165,4.980000019073486,5793400.0
2026-06-11,5.0,5.03000020980835,4.940000057220459,4.96999979019165,3919100.0
2026-06-12,4.989999771118164,5.010000228881836,4.920000076293945,4.960000038146973,4777900.0
2026-06-15,4.960000038146973,4.989999771118164,4.849999904632568,4.880000114440918,7827500.0
2026-06-16,4.860000133514404,4.909999847412109,4.829999923706055,4.849999904632568,6642800.0
2026-06-17,4.849999904632568,4.909999847412109,4.71999979019165,4.739999771118164,9402200.0
2026-06-18,4.650000095367432,4.71999979019165,4.519999980926514,4.53000020980835,11076600.0
2026-06-22,4.519999980926514,4.539999961853027,4.460000038146973,4.480000019073486,8762200.0
2026-06-23,4.46999979019165,4.590000152587891,4.449999809265137,4.510000228881836,7495700.0
2026-06-24,4.53000020980835,4.570000171661377,4.409999847412109,4.449999809265137,5828200.0
2026-06-25,4.449999809265137,4.480000019073486,4.329999923706055,4.349999904632568,8991200.0
2026-06-26,4.369999885559082,4.539999961853027,4.289999961853027,4.53000020980835,8971300.0
2026-06-29,4.53000020980835,4.630000114440918,4.429999828338623,4.619999885559082,8229300.0
2026-06-30,4.579999923706055,4.690000057220459,4.519999980926514,4.619999885559082,6168900.0
2026-07-01,4.659999847412109,4.679999828338623,4.550000190734863,4.590000152587891,6619600.0
2026-07-02,4.659999847412109,4.690000057220459,4.579999923706055,4.590000152587891,4063300.0
2026-07-06,4.590000152587891,4.650000095367432,4.570000171661377,4.610000133514404,4450700.0
2026-07-07,4.630000114440918,4.670000076293945,4.550000190734863,4.559999942779541,5117900.0
2026-07-08,4.559999942779541,4.579999923706055,4.449999809265137,4.480000019073486,6340800.0
2026-07-09,4.5,4.650000095367432,4.489999771118164,4.599999904632568,5807900.0
2026-07-10,4.599999904632568,4.630000114440918,4.449999809265137,4.510000228881836,5017400.0
2026-07-13,4.550000190734863,4.559999942779541,4.440000057220459,4.489999771118164,7556300.0
2026-07-14,4.480000019073486,4.619999885559082,4.429999828338623,4.610000133514404,8304000.0
2026-07-15,4.619999885559082,4.78000020980835,4.619999885559082,4.690000057220459,7107300.0
2026-07-16,4.75,4.909999847412109,4.730000019073486,4.820000171661377,5573100.0
2026-07-17,4.789999961853027,4.849999904632568,4.710000038146973,4.75,3907900.0
2026-07-20,4.75,4.800000190734863,4.710000038146973,4.75,4016300.0
2026-07-21,4.760000228881836,4.880000114440918,4.760000228881836,4.869999885559082,5459400.0
2026-07-22,4.880000114440918,4.929999828338623,4.800000190734863,4.809999942779541,4208300.0
2026-07-23,4.809999942779541,4.880000114440918,4.769999980926514,4.800000190734863,3477800.0
2026-07-24,4.809999942779541,4.880000114440918,4.809999942779541,4.840000152587891,4405800.0
2026-07-27,4.809999942779541,4.929999828338623,4.789999961853027,4.789999961853027,5552800.0
2026-07-28,4.829999923706055,4.860000133514404,4.769999980926514,4.829999923706055,3943700.0
2026-07-29,4.820000171661377,4.840000152587891,4.71999979019165,4.75,3970600.0
2026-07-30,4.75,4.78000020980835,4.670000076293945,4.690000057220459,6294300.0
2026-07-31,4.670000076293945,4.699999809265137,4.570000171661377,4.630000114440918,5348400.0
2026-08-03,4.630000114440918,4.639999866485596,4.559999942779541,4.590000152587891,5472000.0
2026-08-04,4.570000171661377,4.670000076293945,4.539999961853027,4.650000095367432,5468200.0
2026-08-05,4.650000095367432,4.670000076293945,4.590000152587891,4.659999847412109,2818000.0
2026-08-06,4.690000057220459,4.710000038146973,4.590000152587891,4.599999904632568,3842500.0
2026-08-07,4.610000133514404,4.730000019073486,4.579999923706055,4.699999809265137,5178200.0
2026-08-10,4.5,4.53000020980835,4.010000228881836,4.150000095367432,28154900.0
2026-08-11,4.159999847412109,4.199999809265137,4.010000228881836,4.019999980926514,16092700.0
2026-08-12,4.039999961853027,4.079999923706055,3.990000009536743,4.050000190734863,8793900.0
2026-08-13,4.03000020980835,4.230000019073486,4.03000020980835,4.199999809265137,10050600.0
2026-08-14,4.199999809265137,4.239999771118164,4.130000114440918,4.179999828338623,7049800.0
2026-08-17,4.139999866485596,4.170000076293945,4.039999961853027,4.050000190734863,6671500.0
2026-08-18,4.039999961853027,4.070000171661377,3.9600000381469727,4.019999980926514,8272700.0
2026-08-19,4.03000020980835,4.199999809265137,4.03000020980835,4.159999847412109,8168300.0
2026-08-20,4.150000095367432,4.179999828338623,4.070000171661377,4.079999923706055,6128400.0
2026-08-21,4.079999923706055,4.170000076293945,4.050000190734863,4.119999885559082,6233400.0
2026-08-24,4.099999904632568,4.159999847412109,4.059999942779541,4.119999885559082,6720100.0
2026-08-25,4.130000114440918,4.170000076293945,4.059999942779541,4.110000133514404,8845300.0
2026-08-26,4.079999923706055,4.150000095367432,4.079999923706055,4.079999923706055,3831400.0
2026-08-27,4.079999923706055,4.090000152587891,4.019999980926514,4.03000020980835,6470500.0
2026-08-28,4.050000190734863,4.130000114440918,4.039999961853027,4.090000152587891,5451400.0
2026-08-31,4.090000152587891,4.099999904632568,3.940000057220459,3.9700000286102295,12206300.0
2026-09-01,3.930000066757202,4.090000152587891,3.890000104904175,4.03000020980835,10751900.0
2026-09-02,4.079999923706055,4.139999866485596,4.019999980926514,4.059999942779541,5947600.0
2026-09-03,4.099999904632568,4.099999904632568,3.990000009536743,4.039999961853027,8871200.0
2026-09-04,4.039999961853027,4.079999923706055,3.9600000381469727,4.010000228881836,7244900.0
2026-09-08,4.0,4.010000228881836,3.950000047683716,3.990000009536743,10380500.0
2026-09-09,3.990000009536743,3.990000009536743,3.859999895095825,3.9000000953674316,10324100.0
2026-09-10,3.7799999713897705,3.809999942779541,3.6600000858306885,3.6700000762939453,10702400.0
2026-09-11,3.690000057220459,3.75,3.640000104904175,3.640000104904175,12016700.0
2026-09-14,3.5899999141693115,3.640000104904175,3.559999942779541,3.5799999237060547,11407700.0
2026-09-15,3.5999999046325684,3.609999895095825,3.509999990463257,3.5399999618530273,8361900.0
2026-09-16,3.549999952316284,3.5799999237060547,3.390000104904175,3.390000104904175,15055100.0
2026-09-17,3.5799999237060547,3.700000047683716,3.549999952316284,3.5999999046325684,21764300.0
2026-09-18,3.619999885559082,3.619999885559082,3.359999895095825,3.4000000953674316,20803600.0
2026-09-21,3.450000047683716,3.680000066757202,3.440000057220459,3.6500000953674316,14170400.0
2026-09-23,3.619999885559082,3.630000114440918,3.5399999618530273,3.5899999141693115,8676300.0
2026-09-24,3.5999999046325684,3.640000104904175,3.559999942779541,3.5999999046325684,8955300.0
