date,open,high,low,close,volume
2016-09-26,27.100000381469727,28.299999237060547,26.399999618530273,27.5,190240.0
2016-09-27,26.899999618530273,27.0,25.799999237060547,26.0,83470.0
2016-09-28,26.100000381469727,27.700000762939453,25.200000762939453,27.5,172240.0
2016-09-29,27.5,29.5,27.399999618530273,29.200000762939453,302830.0
2016-09-30,29.799999237060547,29.799999237060547,26.700000762939453,26.799999237060547,202750.0
2016-10-03,27.0,27.399999618530273,25.299999237060547,25.5,149180.0
2016-10-04,25.600000381469727,26.0,24.799999237060547,25.100000381469727,108510.0
2016-10-05,25.600000381469727,26.399999618530273,24.600000381469727,24.600000381469727,115070.0
2016-10-06,25.0,25.0,23.899999618530273,24.5,68310.0
2016-10-07,24.5,24.5,22.200000762939453,22.299999237060547,112380.0
2016-10-10,22.700000762939453,23.600000381469727,22.100000381469727,22.299999237060547,77830.0
2016-10-11,22.200000762939453,23.200000762939453,21.299999237060547,22.5,204160.0
2016-10-12,22.5,26.0,22.5,24.0,153880.0
2016-10-13,24.5,25.200000762939453,23.100000381469727,23.200000762939453,76900.0
2016-10-14,23.5,24.399999618530273,23.5,23.5,63530.0
2016-10-17,24.0,24.5,23.0,23.5,23320.0
2016-10-18,24.5,24.5,23.0,24.0,45340.0
2016-10-19,24.0,25.5,23.5,25.0,89250.0
2016-10-20,25.0,25.0,24.5,25.0,36030.0
2016-10-21,25.5,26.5,24.5,24.5,121640.0
2016-10-24,25.0,25.5,24.5,25.5,50840.0
2016-10-25,25.5,25.5,22.5,22.5,114110.0
2016-10-26,22.5,24.0,21.5,23.0,124130.0
2016-10-27,23.0,23.5,21.5,21.5,133710.0
2016-10-28,21.5,22.0,21.0,21.5,53680.0
2016-10-31,21.5,21.5,20.5,21.0,37140.0
2016-11-01,21.5,21.5,20.0,20.0,93130.0
2016-11-02,20.0,20.0,19.5,19.5,31240.0
2016-11-03,19.5,20.799999237060547,16.5,16.5,106180.0
2016-11-04,16.5,18.0,16.0,17.5,41780.0
2016-11-07,19.0,20.5,17.5,17.5,51300.0
2016-11-08,18.0,18.5,16.5,17.0,63660.0
2016-11-09,17.0,19.0,17.0,19.0,56920.0
2016-11-10,19.0,19.5,16.5,17.0,97740.0
2016-11-11,17.0,18.0,15.5,18.0,76540.0
2016-11-14,18.0,18.5,17.299999237060547,18.5,53080.0
2016-11-15,19.5,19.5,17.5,18.5,66320.0
2016-11-16,18.5,18.899999618530273,17.5,18.5,22350.0
2016-11-17,18.5,18.5,17.5,17.5,42080.0
2016-11-18,18.0,18.5,17.0,18.5,132460.0
2016-11-21,19.0,20.5,18.5,20.5,159710.0
2016-11-22,20.0,22.5,20.0,21.5,111620.0
2016-11-23,21.5,22.0,20.0,22.0,71340.0
2016-11-25,22.0,22.0,21.5,21.5,25370.0
2016-11-28,22.0,22.299999237060547,20.5,21.5,66130.0
2016-11-29,20.5,21.5,19.0,19.0,98080.0
2016-11-30,22.0,24.0,21.0,22.5,223100.0
2016-12-01,24.5,25.0,22.5,22.5,133640.0
2016-12-02,22.5,23.5,20.5,22.5,89430.0
2016-12-05,23.0,25.0,23.0,24.5,105120.0
2016-12-06,24.5,27.0,23.5,26.5,108010.0
2016-12-07,26.5,28.0,26.0,27.5,104610.0
2016-12-08,27.5,33.0,27.0,32.5,188420.0
2016-12-09,34.0,35.0,30.0,31.5,182760.0
2016-12-12,35.0,35.0,33.5,34.0,183040.0
2016-12-13,34.5,35.0,28.0,29.0,187470.0
2016-12-14,29.0,31.5,26.5,31.0,174630.0
2016-12-15,30.0,31.0,28.0,30.5,93450.0
2016-12-16,30.5,31.5,29.5,31.5,118430.0
2016-12-19,31.0,31.5,29.5,30.5,72040.0
2016-12-20,30.5,31.0,29.299999237060547,29.5,64370.0
2016-12-21,30.0,31.0,29.5,30.0,106000.0
2016-12-22,30.0,30.5,29.0,30.0,55780.0
2016-12-23,29.5,29.5,27.0,27.5,91170.0
2016-12-27,27.5,30.0,27.5,29.5,75300.0
2016-12-28,29.0,30.0,28.5,29.0,50040.0
2016-12-29,29.0,29.0,26.5,26.5,65490.0
2016-12-30,28.5,29.0,27.0,27.5,82320.0
2017-01-03,28.5,29.0,27.5,29.0,109810.0
2017-01-04,29.0,30.0,28.5,29.5,118310.0
2017-01-05,29.5,31.0,29.5,30.5,64900.0
2017-01-06,30.0,31.0,29.5,30.0,54790.0
2017-01-09,29.5,31.0,28.0,29.0,68380.0
2017-01-10,29.0,31.5,28.5,31.0,103310.0
2017-01-11,31.0,31.5,29.0,31.5,101120.0
2017-01-12,31.5,33.0,30.0,32.0,113070.0
2017-01-13,32.5,33.0,31.5,32.5,79640.0
2017-01-17,33.0,35.5,32.0,35.0,111920.0
2017-01-18,35.0,36.0,33.5,34.5,122880.0
2017-01-19,34.5,35.0,34.0,34.5,40720.0
2017-01-20,35.0,36.0,34.0,35.0,46270.0
2017-01-23,36.0,40.0,34.5,39.0,172320.0
2017-01-24,39.0,40.0,35.5,37.5,103130.0
2017-01-25,37.5,38.0,35.5,36.5,50270.0
2017-01-26,37.5,39.5,37.0,38.0,73000.0
2017-01-27,38.0,38.5,36.5,36.5,93960.0
2017-01-30,37.0,37.0,33.5,35.0,93000.0
2017-01-31,35.5,36.0,34.0,36.0,80540.0
2017-02-01,36.0,36.5,33.5,35.0,72550.0
2017-02-02,35.0,35.0,34.0,34.0,49900.0
2017-02-03,34.0,35.5,33.5,35.0,42380.0
2017-02-06,35.0,35.5,33.5,34.0,50170.0
2017-02-07,34.0,34.5,30.5,30.5,69120.0
2017-02-08,30.0,33.5,29.299999237060547,32.0,106090.0
2017-02-09,33.0,33.0,30.0,31.0,114830.0
2017-02-10,31.0,33.79999923706055,30.5,33.0,118690.0
2017-02-13,33.0,34.0,32.0,33.5,30870.0
2017-02-14,33.5,34.0,32.5,33.0,38450.0
2017-02-15,33.5,34.5,32.5,33.5,44120.0
2017-02-16,34.0,34.5,32.5,33.0,53180.0
2017-02-17,33.0,33.0,30.0,31.5,128510.0
2017-02-21,32.0,33.0,31.5,32.0,50980.0
2017-02-22,31.5,32.5,31.5,32.0,38550.0
2017-02-23,32.5,32.5,30.0,30.5,53420.0
2017-02-24,30.5,31.0,29.5,30.5,53690.0
2017-02-27,31.0,31.0,30.0,30.5,38050.0
2017-02-28,30.5,30.700000762939453,29.0,30.0,83940.0
2017-03-01,30.5,32.0,30.0,32.0,80190.0
2017-03-02,31.0,31.600000381469727,28.5,30.5,65350.0
2017-03-03,30.0,30.5,29.5,30.0,28500.0
2017-03-06,29.5,30.0,28.0,28.5,61620.0
2017-03-07,28.0,29.0,27.5,28.0,61760.0
2017-03-08,28.0,30.5,26.5,27.0,146220.0
2017-03-09,27.0,27.5,25.0,26.0,61120.0
2017-03-10,26.5,27.200000762939453,26.0,26.0,41350.0
2017-03-13,26.5,27.5,26.0,27.0,118020.0
2017-03-14,26.5,26.799999237060547,25.5,26.0,67100.0
2017-03-15,26.5,27.0,25.5,26.0,52670.0
2017-03-16,26.0,26.5,25.5,26.0,30210.0
2017-03-17,26.5,26.5,23.0,24.0,166480.0
2017-03-20,24.0,27.5,24.0,27.5,67970.0
2017-03-21,27.5,28.5,25.0,26.0,50890.0
2017-03-22,25.5,27.0,25.0,25.5,41720.0
2017-03-23,25.5,25.5,25.0,25.5,25670.0
2017-03-24,25.5,26.5,25.0,25.5,40460.0
2017-03-27,25.0,25.5,24.5,24.5,61770.0
2017-03-28,25.0,26.5,25.0,26.0,39920.0
2017-03-29,25.5,27.0,25.0,26.0,69370.0
2017-03-30,26.0,26.299999237060547,24.5,25.0,50610.0
2017-03-31,25.0,26.5,24.5,26.0,56860.0
2017-04-03,26.5,26.5,25.5,26.0,51600.0
2017-04-04,26.5,26.5,25.5,26.0,35850.0
2017-04-05,26.0,26.799999237060547,25.5,26.5,71090.0
2017-04-06,26.5,26.5,24.5,25.5,118950.0
2017-04-07,26.0,26.0,24.5,25.0,56570.0
2017-04-10,25.0,25.5,24.5,24.5,42290.0
2017-04-11,25.0,25.0,24.5,24.5,66970.0
2017-04-12,24.5,25.0,23.5,24.0,86980.0
2017-04-13,24.0,24.5,23.0,23.0,68650.0
2017-04-17,23.0,24.0,23.0,24.0,81450.0
2017-04-18,23.5,24.0,23.0,23.5,52220.0
2017-04-19,23.5,24.0,23.5,23.5,43730.0
2017-04-20,23.5,23.799999237060547,23.0,23.5,28750.0
2017-04-21,23.0,23.5,22.5,22.5,64810.0
2017-04-24,23.0,23.0,22.5,23.0,38940.0
2017-04-25,23.0,23.5,22.0,22.0,75450.0
2017-04-26,22.0,23.0,22.0,23.0,38600.0
2017-04-27,23.0,23.0,22.0,23.0,48820.0
2017-04-28,23.0,23.5,22.0,22.5,50400.0
2017-05-01,22.5,22.5,21.799999237060547,22.5,16840.0
2017-05-02,22.5,22.5,21.5,22.0,22800.0
2017-05-03,22.0,22.5,19.0,19.0,50670.0
2017-05-04,20.0,20.5,19.5,20.0,114190.0
2017-05-05,19.5,20.0,19.0,19.5,96030.0
2017-05-08,20.5,22.0,20.0,22.0,149040.0
2017-05-09,22.5,22.5,19.5,20.5,88070.0
2017-05-10,20.5,20.5,20.0,20.5,73720.0
2017-05-11,20.0,20.5,19.5,20.0,56210.0
2017-05-12,19.5,20.0,19.0,19.5,29460.0
2017-05-15,20.0,20.0,19.5,19.5,33010.0
2017-05-16,20.0,20.0,19.0,19.5,66970.0
2017-05-17,19.5,19.5,18.0,18.0,68160.0
2017-05-18,18.0,18.0,16.0,17.0,188040.0
2017-05-19,18.0,18.0,17.0,17.0,137290.0
2017-05-22,17.0,19.0,16.600000381469727,19.0,126460.0
2017-05-23,19.0,19.5,18.0,18.5,86430.0
2017-05-24,18.5,19.0,18.0,18.0,36600.0
2017-05-25,18.0,22.5,17.0,17.5,185420.0
2017-05-26,17.0,17.5,16.5,16.5,159170.0
2017-05-30,17.0,17.0,16.5,16.5,102750.0
2017-05-31,16.5,17.0,16.0,16.5,86220.0
2017-06-01,17.0,17.5,16.0,16.0,115850.0
2017-06-02,16.5,16.5,16.0,16.0,33070.0
2017-06-05,16.0,17.0,16.0,16.5,41840.0
2017-06-06,16.5,18.0,16.0,17.5,82480.0
2017-06-07,17.0,18.0,16.0,17.0,88960.0
2017-06-08,16.5,17.0,16.5,16.5,37400.0
2017-06-09,17.0,17.0,16.0,16.5,34800.0
2017-06-12,16.5,17.0,16.0,16.5,31740.0
2017-06-13,16.5,17.5,16.5,17.0,29080.0
2017-06-14,16.5,17.0,16.0,16.0,18020.0
2017-06-15,16.0,16.5,16.0,16.0,55850.0
2017-06-16,16.0,16.5,16.0,16.5,55520.0
2017-06-19,16.5,16.5,16.0,16.5,39840.0
2017-06-20,16.0,16.299999237060547,15.5,16.0,80920.0
2017-06-21,16.0,16.0,13.5,14.0,131490.0
2017-06-22,14.5,15.0,14.0,14.5,90000.0
2017-06-23,14.0,14.5,12.5,13.0,763310.0
2017-06-26,13.5,14.5,13.0,14.0,164930.0
2017-06-27,14.5,15.0,14.0,14.0,124780.0
2017-06-28,14.0,15.0,14.0,14.5,128580.0
2017-06-29,14.5,15.0,14.5,14.5,30560.0
2017-06-30,14.5,14.5,13.5,14.0,164330.0
2017-07-03,14.0,14.5,13.5,13.5,51310.0
2017-07-05,14.0,14.0,13.5,14.0,70030.0
2017-07-06,14.0,14.0,13.0,13.0,82590.0
2017-07-07,13.0,13.5,12.0,12.5,80880.0
2017-07-10,12.5,13.0,12.0,12.0,61580.0
2017-07-11,12.0,12.5,11.5,12.0,60350.0
2017-07-12,12.0,12.5,11.5,11.5,62440.0
2017-07-13,12.0,12.0,10.5,12.0,75470.0
2017-07-14,12.0,12.5,11.5,12.0,27950.0
2017-07-17,12.0,12.5,11.5,12.0,38970.0
2017-07-18,11.5,11.5,11.0,11.0,75960.0
2017-07-19,11.5,12.0,11.0,11.5,86990.0
2017-07-20,11.5,12.0,11.5,11.5,61430.0
2017-07-21,12.0,12.0,11.0,11.5,59970.0
2017-07-24,11.5,12.5,11.5,12.0,92300.0
2017-07-25,12.5,13.0,11.5,11.5,96680.0
2017-07-26,12.0,14.5,11.5,13.0,165150.0
2017-07-27,12.5,13.5,12.5,13.5,50500.0
2017-07-28,13.0,13.5,12.5,13.0,23170.0
2017-07-31,13.0,13.0,12.5,12.5,29400.0
2017-08-01,12.0,12.5,11.0,11.5,119210.0
2017-08-02,11.5,12.0,11.0,12.0,51200.0
2017-08-03,11.5,12.0,11.0,11.5,87820.0
2017-08-04,11.5,12.0,11.5,12.0,85450.0
2017-08-07,11.5,11.5,10.0,10.0,650620.0
2017-08-08,10.5,10.800000190734863,9.399999618530273,10.0,314510.0
2017-08-09,10.5,11.0,9.5,9.5,103340.0
2017-08-10,9.5,9.800000190734863,8.5,9.800000190734863,110690.0
2017-08-11,10.0,10.399999618530273,9.800000190734863,10.100000381469727,57020.0
2017-08-14,10.5,10.5,9.699999809265137,10.100000381469727,50780.0
2017-08-15,10.0,10.199999809265137,9.800000190734863,9.899999618530273,23510.0
2017-08-16,10.0,10.199999809265137,9.5,9.899999618530273,49300.0
2017-08-17,10.100000381469727,10.100000381469727,9.5,9.800000190734863,77380.0
2017-08-18,9.699999809265137,10.100000381469727,9.5,10.100000381469727,34160.0
2017-08-21,10.0,10.100000381469727,9.600000381469727,10.0,87290.0
2017-08-22,9.899999618530273,10.199999809265137,9.800000190734863,10.0,47070.0
2017-08-23,9.800000190734863,10.399999618530273,9.699999809265137,9.899999618530273,84370.0
2017-08-24,9.800000190734863,10.100000381469727,9.800000190734863,9.899999618530273,140520.0
2017-08-25,9.800000190734863,10.100000381469727,9.100000381469727,9.300000190734863,122640.0
2017-08-28,9.5,9.699999809265137,8.5,8.699999809265137,127760.0
2017-08-29,8.5,8.899999618530273,7.699999809265137,8.300000190734863,106860.0
2017-08-30,8.100000381469727,8.300000190734863,8.0,8.199999809265137,59300.0
2017-08-31,8.199999809265137,9.0,8.199999809265137,8.5,99860.0
2017-09-01,8.5,9.0,8.100000381469727,8.600000381469727,47110.0
2017-09-05,8.600000381469727,9.0,7.599999904632568,8.100000381469727,76560.0
2017-09-06,8.399999618530273,8.600000381469727,8.0,8.100000381469727,44920.0
2017-09-07,8.199999809265137,8.399999618530273,7.699999809265137,7.900000095367432,47010.0
2017-09-08,8.0,8.199999809265137,7.300000190734863,7.400000095367432,68920.0
2017-09-11,7.400000095367432,7.699999809265137,6.599999904632568,7.199999809265137,58160.0
2017-09-12,7.400000095367432,7.599999904632568,7.0,7.400000095367432,30800.0
2017-09-13,7.5,7.699999809265137,7.199999809265137,7.599999904632568,49920.0
2017-09-14,7.5,8.0,7.400000095367432,7.699999809265137,66840.0
2017-09-15,8.0,8.5,7.699999809265137,8.5,114990.0
2017-09-18,8.199999809265137,8.399999618530273,7.800000190734863,8.399999618530273,46200.0
2017-09-19,8.5,8.600000381469727,8.0,8.399999618530273,22650.0
2017-09-20,8.5,8.699999809265137,8.100000381469727,8.399999618530273,57410.0
2017-09-21,8.5,8.600000381469727,7.800000190734863,8.199999809265137,36550.0
2017-09-22,8.0,8.5,8.0,8.5,44960.0
2017-09-25,8.5,9.699999809265137,8.5,9.399999618530273,86170.0
2017-09-26,9.5,10.899999618530273,9.100000381469727,10.5,124360.0
2017-09-27,11.0,11.0,9.0,9.699999809265137,94310.0
2017-09-28,9.699999809265137,10.100000381469727,9.699999809265137,9.899999618530273,38860.0
2017-09-29,9.899999618530273,9.899999618530273,9.0,9.0,36720.0
2017-10-02,9.100000381469727,9.5,8.899999618530273,9.5,32730.0
2017-10-03,9.399999618530273,10.100000381469727,9.300000190734863,9.800000190734863,42160.0
2017-10-04,10.0,10.0,9.199999809265137,9.300000190734863,19900.0
2017-10-05,9.100000381469727,9.5,9.0,9.300000190734863,27910.0
2017-10-06,9.399999618530273,9.399999618530273,8.600000381469727,8.699999809265137,42000.0
2017-10-09,8.699999809265137,9.100000381469727,8.5,8.600000381469727,26010.0
2017-10-10,8.899999618530273,9.199999809265137,8.5,8.600000381469727,47870.0
2017-10-11,8.600000381469727,8.899999618530273,8.100000381469727,8.5,42640.0
2017-10-12,8.5,8.600000381469727,8.0,8.100000381469727,55760.0
2017-10-13,8.199999809265137,8.5,7.599999904632568,7.699999809265137,64320.0
2017-10-16,7.699999809265137,8.0,7.400000095367432,7.699999809265137,93470.0
2017-10-17,7.599999904632568,7.699999809265137,7.199999809265137,7.400000095367432,65340.0
2017-10-18,7.5,7.699999809265137,6.800000190734863,7.099999904632568,114420.0
2017-10-19,7.199999809265137,7.199999809265137,6.599999904632568,7.099999904632568,86720.0
2017-10-20,7.099999904632568,7.199999809265137,6.800000190734863,7.099999904632568,38890.0
2017-10-23,6.900000095367432,7.0,6.5,6.699999809265137,50180.0
2017-10-24,6.800000190734863,6.900000095367432,6.5,6.800000190734863,35190.0
2017-10-25,6.800000190734863,6.900000095367432,6.400000095367432,6.5,46900.0
2017-10-26,6.5,6.699999809265137,6.300000190734863,6.599999904632568,48610.0
2017-10-27,6.800000190734863,7.0,6.400000095367432,6.599999904632568,43570.0
2017-10-30,6.800000190734863,7.5,6.599999904632568,7.099999904632568,56890.0
2017-10-31,7.400000095367432,8.5,7.199999809265137,8.0,167850.0
2017-11-01,8.399999618530273,8.899999618530273,8.0,8.199999809265137,103680.0
2017-11-02,9.0,10.800000190734863,8.699999809265137,9.600000381469727,527900.0
2017-11-03,9.5,10.5,9.399999618530273,10.100000381469727,104060.0
2017-11-06,10.300000190734863,13.600000381469727,10.100000381469727,13.399999618530273,474040.0
2017-11-07,14.100000381469727,14.399999618530273,12.0,13.0,264920.0
2017-11-08,12.899999618530273,13.199999809265137,11.5,12.0,159090.0
2017-11-09,12.699999809265137,12.800000190734863,11.100000381469727,12.0,121170.0
2017-11-10,12.0,12.600000381469727,11.5,11.699999809265137,117420.0
2017-11-13,11.5,12.199999809265137,11.300000190734863,11.800000190734863,80730.0
2017-11-14,12.100000381469727,12.100000381469727,10.600000381469727,11.199999809265137,88000.0
2017-11-15,10.5,11.100000381469727,10.100000381469727,10.600000381469727,72800.0
2017-11-16,10.399999618530273,11.199999809265137,10.399999618530273,10.899999618530273,46590.0
2017-11-17,11.0,11.600000381469727,10.899999618530273,11.399999618530273,54290.0
2017-11-20,11.399999618530273,12.0,10.800000190734863,11.199999809265137,58060.0
2017-11-21,11.199999809265137,11.699999809265137,10.100000381469727,11.100000381469727,70140.0
2017-11-22,11.5,12.100000381469727,11.100000381469727,11.800000190734863,128210.0
2017-11-24,12.5,12.600000381469727,12.0,12.399999618530273,84380.0
2017-11-27,13.199999809265137,16.399999618530273,13.0,15.0,447370.0
2017-11-28,15.800000190734863,15.800000190734863,13.0,14.100000381469727,286130.0
2017-11-29,13.899999618530273,14.699999809265137,13.100000381469727,14.0,116330.0
2017-11-30,14.199999809265137,19.299999237060547,14.199999809265137,17.0,440870.0
2017-12-01,18.700000762939453,19.799999237060547,15.5,17.200000762939453,373330.0
2017-12-04,17.5,17.799999237060547,16.399999618530273,16.700000762939453,128530.0
2017-12-05,16.799999237060547,18.100000381469727,16.600000381469727,17.700000762939453,131290.0
2017-12-06,17.700000762939453,17.700000762939453,14.600000381469727,14.800000190734863,246640.0
2017-12-07,14.600000381469727,17.100000381469727,14.5,14.699999809265137,170890.0
2017-12-08,15.0,16.600000381469727,15.0,16.200000762939453,112890.0
2017-12-11,17.0,17.5,16.399999618530273,16.799999237060547,83660.0
2017-12-12,16.899999618530273,17.0,16.0,16.799999237060547,94320.0
2017-12-13,17.0,17.100000381469727,16.100000381469727,16.600000381469727,79990.0
2017-12-14,16.0,16.600000381469727,15.199999809265137,15.699999809265137,80320.0
2017-12-15,16.0,16.0,14.699999809265137,15.399999618530273,118520.0
2017-12-18,15.0,16.5,15.0,16.5,111090.0
2017-12-19,16.5,16.799999237060547,15.800000190734863,16.100000381469727,91560.0
2017-12-20,16.299999237060547,16.600000381469727,15.300000190734863,15.800000190734863,80040.0
2017-12-21,15.899999618530273,17.399999618530273,15.5,17.0,314300.0
2017-12-22,17.399999618530273,17.5,16.5,16.799999237060547,111600.0
2017-12-26,16.899999618530273,18.600000381469727,16.399999618530273,18.5,223130.0
2017-12-27,18.899999618530273,18.899999618530273,17.700000762939453,18.100000381469727,150320.0
2017-12-28,18.299999237060547,19.5,18.200000762939453,18.600000381469727,200730.0
2017-12-29,19.100000381469727,21.0,18.600000381469727,20.5,458260.0
2018-01-02,21.5,25.700000762939453,20.899999618530273,25.399999618530273,423710.0
2018-01-03,27.5,27.899999618530273,23.0,24.299999237060547,414550.0
2018-01-04,25.0,25.700000762939453,23.5,25.299999237060547,205610.0
2018-01-05,25.399999618530273,25.399999618530273,22.5,24.200000762939453,262390.0
2018-01-08,24.399999618530273,27.299999237060547,23.899999618530273,25.700000762939453,263490.0
2018-01-09,25.5,26.399999618530273,24.700000762939453,25.0,191970.0
2018-01-10,25.5,26.200000762939453,24.700000762939453,25.299999237060547,103080.0
2018-01-11,25.700000762939453,29.299999237060547,25.700000762939453,28.899999618530273,416230.0
2018-01-12,29.200000762939453,29.700000762939453,27.5,29.100000381469727,206540.0
2018-01-16,29.600000381469727,29.600000381469727,26.100000381469727,27.200000762939453,245020.0
2018-01-17,27.399999618530273,27.600000381469727,25.700000762939453,26.899999618530273,163340.0
2018-01-18,26.899999618530273,27.0,25.700000762939453,25.799999237060547,108700.0
2018-01-19,25.5,26.0,24.5,25.700000762939453,118790.0
2018-01-22,25.899999618530273,26.700000762939453,24.700000762939453,26.100000381469727,82180.0
2018-01-23,26.5,26.5,25.200000762939453,25.600000381469727,141820.0
2018-01-24,25.200000762939453,26.200000762939453,25.0,25.700000762939453,98940.0
2018-01-25,26.200000762939453,26.200000762939453,24.299999237060547,25.100000381469727,151140.0
2018-01-26,25.0,25.399999618530273,20.5,20.799999237060547,402590.0
2018-01-29,22.600000381469727,24.0,21.299999237060547,22.899999618530273,214120.0
2018-01-30,22.799999237060547,22.799999237060547,20.0,20.200000762939453,196370.0
2018-01-31,20.600000381469727,21.299999237060547,19.0,19.899999618530273,165980.0
2018-02-01,21.0,23.799999237060547,20.5,22.899999618530273,384360.0
2018-02-02,22.5,22.5,21.299999237060547,22.100000381469727,249050.0
2018-02-05,21.100000381469727,22.100000381469727,20.399999618530273,21.0,149420.0
2018-02-06,19.100000381469727,21.0,18.700000762939453,20.0,235420.0
2018-02-07,19.799999237060547,20.100000381469727,17.0,18.0,242450.0
2018-02-08,18.0,18.0,16.0,16.200000762939453,165760.0
2018-02-09,16.0,17.399999618530273,15.0,16.399999618530273,186270.0
2018-02-12,16.799999237060547,19.100000381469727,16.799999237060547,18.200000762939453,174850.0
2018-02-13,18.0,18.200000762939453,17.100000381469727,17.200000762939453,102220.0
2018-02-14,16.899999618530273,19.0,16.799999237060547,18.200000762939453,89790.0
2018-02-15,19.200000762939453,19.200000762939453,17.0,18.0,77890.0
2018-02-16,17.5,19.200000762939453,17.5,19.0,111390.0
2018-02-20,19.100000381469727,20.299999237060547,18.200000762939453,18.5,114920.0
2018-02-21,19.0,20.100000381469727,18.700000762939453,19.100000381469727,97860.0
2018-02-22,19.899999618530273,21.0,19.200000762939453,21.0,201220.0
2018-02-23,19.299999237060547,21.700000762939453,19.0,20.5,216340.0
2018-02-26,20.700000762939453,21.100000381469727,19.5,21.0,103900.0
2018-02-27,20.799999237060547,22.399999618530273,20.5,21.0,130690.0
2018-02-28,21.5,21.5,20.299999237060547,20.700000762939453,99690.0
2018-03-01,20.399999618530273,22.700000762939453,20.399999618530273,22.0,167920.0
2018-03-02,21.5,21.799999237060547,20.5,20.899999618530273,101040.0
2018-03-05,21.799999237060547,22.0,20.799999237060547,21.5,103470.0
2018-03-06,22.0,22.399999618530273,19.600000381469727,20.700000762939453,213940.0
2018-03-07,20.399999618530273,21.600000381469727,20.100000381469727,21.5,106520.0
2018-03-08,21.700000762939453,21.799999237060547,20.600000381469727,20.799999237060547,88210.0
2018-03-09,21.200000762939453,21.200000762939453,20.399999618530273,21.100000381469727,60140.0
2018-03-12,21.200000762939453,21.5,20.200000762939453,20.600000381469727,82690.0
2018-03-13,20.799999237060547,21.100000381469727,20.200000762939453,21.100000381469727,57280.0
2018-03-14,21.0,21.100000381469727,20.399999618530273,21.0,49010.0
2018-03-15,21.0,21.100000381469727,20.5,20.600000381469727,39190.0
2018-03-16,20.5,21.5,20.200000762939453,20.899999618530273,87190.0
2018-03-19,21.899999618530273,23.200000762939453,21.200000762939453,23.0,315270.0
2018-03-20,20.0,20.200000762939453,17.200000762939453,17.5,511870.0
2018-03-21,18.299999237060547,19.5,17.5,18.600000381469727,423230.0
2018-03-22,18.5,18.5,16.899999618530273,17.200000762939453,403700.0
2018-03-23,18.5,18.700000762939453,17.399999618530273,17.700000762939453,343790.0
2018-03-26,18.5,18.5,17.200000762939453,18.100000381469727,160930.0
2018-03-27,18.799999237060547,19.5,17.5,17.799999237060547,252180.0
2018-03-28,18.5,19.200000762939453,17.899999618530273,18.700000762939453,203910.0
2018-03-29,19.200000762939453,20.100000381469727,18.700000762939453,19.799999237060547,147190.0
2018-04-02,20.0,20.899999618530273,18.700000762939453,18.700000762939453,162310.0
2018-04-03,19.0,20.299999237060547,18.799999237060547,19.200000762939453,189330.0
2018-04-04,18.899999618530273,20.0,18.799999237060547,19.0,127810.0
2018-04-05,17.0,18.600000381469727,16.899999618530273,17.299999237060547,227120.0
2018-04-06,15.5,15.5,14.699999809265137,14.800000190734863,1484400.0
2018-04-09,15.800000190734863,15.800000190734863,15.0,15.0,307070.0
2018-04-10,15.399999618530273,15.899999618530273,15.0,15.600000381469727,351610.0
2018-04-11,15.899999618530273,16.200000762939453,15.600000381469727,16.200000762939453,400520.0
2018-04-12,16.299999237060547,17.299999237060547,16.0,16.899999618530273,327880.0
2018-04-13,17.5,17.5,16.200000762939453,16.399999618530273,274050.0
2018-04-16,16.600000381469727,16.899999618530273,16.0,16.5,148350.0
2018-04-17,16.600000381469727,16.899999618530273,16.399999618530273,16.700000762939453,136960.0
2018-04-18,17.0,18.100000381469727,16.799999237060547,17.799999237060547,368210.0
2018-04-19,18.399999618530273,18.899999618530273,17.399999618530273,17.700000762939453,301180.0
2018-04-20,17.299999237060547,17.899999618530273,17.0,17.100000381469727,307210.0
2018-04-23,17.5,17.5,16.700000762939453,17.200000762939453,111620.0
2018-04-24,17.200000762939453,17.299999237060547,15.800000190734863,16.299999237060547,233970.0
2018-04-25,16.5,16.5,15.300000190734863,16.299999237060547,176750.0
2018-04-26,16.600000381469727,16.899999618530273,16.0,16.600000381469727,157850.0
2018-04-27,16.700000762939453,16.700000762939453,16.100000381469727,16.600000381469727,115570.0
2018-04-30,16.799999237060547,17.0,16.200000762939453,16.700000762939453,99640.0
2018-05-01,17.0,17.0,16.100000381469727,16.899999618530273,150650.0
2018-05-02,16.5,17.0,16.5,16.5,92880.0
2018-05-03,16.600000381469727,16.899999618530273,16.5,16.799999237060547,101060.0
2018-05-04,17.0,17.5,16.5,17.5,188540.0
2018-05-07,19.399999618530273,20.0,18.100000381469727,18.799999237060547,644780.0
2018-05-08,19.100000381469727,20.299999237060547,18.600000381469727,20.100000381469727,429950.0
2018-05-09,21.5,22.600000381469727,20.799999237060547,21.899999618530273,592750.0
2018-05-10,22.5,22.700000762939453,21.100000381469727,22.299999237060547,317680.0
2018-05-11,22.5,22.899999618530273,22.0,22.5,262150.0
2018-05-14,22.799999237060547,22.799999237060547,21.100000381469727,22.100000381469727,316730.0
2018-05-15,22.399999618530273,22.5,21.299999237060547,22.100000381469727,332910.0
2018-05-16,21.600000381469727,22.899999618530273,21.600000381469727,22.899999618530273,335850.0
2018-05-17,23.899999618530273,24.5,23.299999237060547,24.0,545920.0
2018-05-18,24.600000381469727,25.0,23.600000381469727,24.100000381469727,380670.0
2018-05-21,25.0,27.399999618530273,24.399999618530273,26.200000762939453,825330.0
2018-05-22,27.299999237060547,27.399999618530273,25.5,26.299999237060547,509420.0
2018-05-23,26.399999618530273,27.100000381469727,25.100000381469727,26.899999618530273,394300.0
2018-05-24,27.799999237060547,28.899999618530273,27.200000762939453,28.100000381469727,548340.0
2018-05-25,27.5,27.600000381469727,25.0,27.299999237060547,486650.0
2018-05-29,26.5,27.5,26.0,26.799999237060547,294020.0
2018-05-30,27.399999618530273,28.5,27.200000762939453,28.200000762939453,418090.0
2018-05-31,28.200000762939453,28.200000762939453,26.799999237060547,27.100000381469727,280040.0
2018-06-01,27.399999618530273,27.899999618530273,26.700000762939453,27.0,349230.0
2018-06-04,28.200000762939453,28.200000762939453,25.399999618530273,25.399999618530273,602010.0
2018-06-05,25.100000381469727,26.0,23.799999237060547,24.899999618530273,507350.0
2018-06-06,25.0,25.5,24.0,25.0,240660.0
2018-06-07,25.5,27.0,25.200000762939453,26.799999237060547,323660.0
2018-06-08,26.899999618530273,27.200000762939453,26.100000381469727,26.600000381469727,239600.0
2018-06-11,26.5,28.899999618530273,26.5,28.5,560230.0
2018-06-12,28.5,30.0,27.899999618530273,28.100000381469727,549900.0
2018-06-13,28.200000762939453,29.799999237060547,28.100000381469727,29.0,640660.0
2018-06-14,29.100000381469727,29.399999618530273,27.700000762939453,28.399999618530273,394410.0
2018-06-15,28.0,28.399999618530273,27.0,27.799999237060547,623480.0
2018-06-18,27.5,28.700000762939453,27.399999618530273,28.200000762939453,353560.0
2018-06-19,27.299999237060547,28.600000381469727,27.299999237060547,28.600000381469727,292350.0
2018-06-20,29.100000381469727,29.200000762939453,26.799999237060547,27.5,408060.0
2018-06-21,27.0,27.399999618530273,25.899999618530273,26.5,386200.0
2018-06-22,28.0,28.0,26.899999618530273,27.700000762939453,1449860.0
2018-06-25,28.5,28.5,27.0,27.100000381469727,297820.0
2018-06-26,27.100000381469727,28.5,26.5,28.100000381469727,407800.0
2018-06-27,29.100000381469727,30.0,28.100000381469727,28.899999618530273,836470.0
2018-06-28,29.5,29.700000762939453,28.5,29.5,442520.0
2018-06-29,30.0,31.700000762939453,29.799999237060547,31.5,889160.0
2018-07-02,32.29999923706055,32.70000076293945,29.5,31.100000381469727,838960.0
2018-07-03,31.600000381469727,32.70000076293945,31.100000381469727,32.099998474121094,371340.0
2018-07-05,32.70000076293945,33.099998474121094,30.899999618530273,32.099998474121094,465980.0
2018-07-06,31.299999237060547,33.0,31.0,32.79999923706055,358690.0
2018-07-09,32.5,35.099998474121094,32.29999923706055,35.099998474121094,476230.0
2018-07-10,36.5,37.29999923706055,35.099998474121094,36.599998474121094,769590.0
2018-07-11,35.900001525878906,36.599998474121094,33.0,34.099998474121094,692580.0
2018-07-12,35.20000076293945,36.099998474121094,33.5,34.20000076293945,322800.0
2018-07-13,34.400001525878906,35.0,33.79999923706055,34.099998474121094,311100.0
2018-07-16,33.0,33.20000076293945,31.100000381469727,32.70000076293945,510350.0
2018-07-17,32.5,32.70000076293945,31.200000762939453,32.400001525878906,233960.0
2018-07-18,33.599998474121094,34.400001525878906,31.700000762939453,34.20000076293945,421690.0
2018-07-19,34.5,34.900001525878906,33.70000076293945,34.5,524310.0
2018-07-20,34.79999923706055,35.20000076293945,33.5,34.20000076293945,285780.0
2018-07-23,35.0,35.0,33.79999923706055,34.599998474121094,417800.0
2018-07-24,35.20000076293945,35.5,33.79999923706055,33.79999923706055,531930.0
2018-07-25,33.79999923706055,34.5,33.29999923706055,34.0,253100.0
2018-07-26,34.0,34.29999923706055,33.20000076293945,33.400001525878906,252890.0
2018-07-27,33.20000076293945,33.599998474121094,31.899999618530273,32.5,369100.0
2018-07-30,32.70000076293945,34.29999923706055,32.400001525878906,34.20000076293945,352180.0
2018-07-31,35.900001525878906,38.0,35.20000076293945,37.20000076293945,1150840.0
2018-08-01,37.099998474121094,37.20000076293945,35.20000076293945,36.900001525878906,453610.0
2018-08-02,36.5,37.20000076293945,35.5,36.099998474121094,300270.0
2018-08-03,35.79999923706055,37.0,35.099998474121094,36.900001525878906,393280.0
2018-08-06,37.400001525878906,37.400001525878906,33.70000076293945,33.79999923706055,606860.0
2018-08-07,34.099998474121094,34.5,32.70000076293945,33.70000076293945,457250.0
2018-08-08,33.29999923706055,33.5,31.799999237060547,33.099998474121094,409410.0
2018-08-09,33.400001525878906,33.5,29.399999618530273,33.29999923706055,727520.0
2018-08-10,33.29999923706055,33.29999923706055,32.099998474121094,32.29999923706055,202240.0
2018-08-13,31.5,32.0,29.799999237060547,30.5,448650.0
2018-08-14,30.600000381469727,30.799999237060547,26.600000381469727,27.299999237060547,894810.0
2018-08-15,27.0,27.0,25.600000381469727,26.700000762939453,493690.0
2018-08-16,26.5,28.5,26.299999237060547,27.799999237060547,484320.0
2018-08-17,28.0,29.799999237060547,28.0,28.700000762939453,452310.0
2018-08-20,28.100000381469727,30.299999237060547,28.100000381469727,30.100000381469727,444670.0
2018-08-21,30.5,32.70000076293945,30.5,31.399999618530273,541740.0
2018-08-22,32.099998474121094,33.20000076293945,31.600000381469727,33.099998474121094,461710.0
2018-08-23,32.5,33.599998474121094,31.5,33.099998474121094,398200.0
2018-08-24,34.0,34.29999923706055,32.900001525878906,33.0,322270.0
2018-08-27,32.900001525878906,34.400001525878906,32.79999923706055,34.400001525878906,615940.0
2018-08-28,34.0,34.20000076293945,32.599998474121094,33.29999923706055,388300.0
2018-08-29,33.5,34.29999923706055,33.0,33.79999923706055,402900.0
2018-08-30,34.20000076293945,34.29999923706055,33.099998474121094,33.900001525878906,587440.0
2018-08-31,33.20000076293945,34.5,33.099998474121094,34.5,336120.0
2018-09-04,34.79999923706055,35.0,33.70000076293945,34.0,270640.0
2018-09-05,33.0,33.79999923706055,32.400001525878906,33.099998474121094,314570.0
2018-09-06,33.20000076293945,33.400001525878906,30.899999618530273,31.700000762939453,528380.0
2018-09-07,31.5,31.5,29.899999618530273,30.600000381469727,348970.0
2018-09-10,30.700000762939453,31.899999618530273,30.700000762939453,31.299999237060547,273970.0
2018-09-11,31.0,32.599998474121094,30.200000762939453,31.700000762939453,303200.0
2018-09-12,33.0,34.29999923706055,32.599998474121094,34.099998474121094,565700.0
2018-09-13,34.0,34.20000076293945,32.79999923706055,33.599998474121094,407100.0
2018-09-14,33.79999923706055,35.0,33.20000076293945,34.79999923706055,446690.0
2018-09-17,35.0,35.29999923706055,34.099998474121094,34.400001525878906,438250.0
2018-09-18,34.5,35.099998474121094,34.20000076293945,35.099998474121094,394960.0
2018-09-19,35.099998474121094,35.5,34.5,35.400001525878906,559330.0
2018-09-20,35.0,36.20000076293945,34.900001525878906,35.900001525878906,426350.0
2018-09-21,36.0,37.79999923706055,35.79999923706055,36.900001525878906,2231710.0
2018-09-24,37.29999923706055,38.70000076293945,35.79999923706055,38.20000076293945,685540.0
2018-09-25,38.5,40.900001525878906,38.20000076293945,39.400001525878906,960760.0
2018-09-26,39.5,40.400001525878906,39.099998474121094,39.400001525878906,652060.0
2018-09-27,39.099998474121094,41.0,39.099998474121094,39.70000076293945,546870.0
2018-09-28,39.29999923706055,40.70000076293945,39.20000076293945,40.0,456550.0
2018-10-01,40.29999923706055,43.20000076293945,39.70000076293945,42.900001525878906,784940.0
2018-10-02,44.70000076293945,44.900001525878906,41.599998474121094,41.900001525878906,652190.0
2018-10-03,42.29999923706055,43.70000076293945,41.29999923706055,43.29999923706055,633420.0
2018-10-04,43.099998474121094,44.0,41.70000076293945,41.70000076293945,476190.0
2018-10-05,42.099998474121094,42.900001525878906,38.599998474121094,40.599998474121094,915560.0
2018-10-08,39.79999923706055,41.599998474121094,38.70000076293945,40.099998474121094,466160.0
2018-10-09,40.400001525878906,41.900001525878906,39.5,40.70000076293945,502340.0
2018-10-10,40.20000076293945,40.599998474121094,37.599998474121094,37.900001525878906,686080.0
2018-10-11,37.599998474121094,38.0,34.70000076293945,34.70000076293945,579930.0
2018-10-12,36.79999923706055,37.70000076293945,35.70000076293945,37.29999923706055,602990.0
2018-10-15,37.599998474121094,38.400001525878906,37.0,37.5,267410.0
2018-10-16,37.400001525878906,38.900001525878906,36.79999923706055,38.70000076293945,310150.0
2018-10-17,38.29999923706055,38.599998474121094,35.79999923706055,36.599998474121094,388230.0
2018-10-18,34.400001525878906,36.599998474121094,34.20000076293945,35.400001525878906,398390.0
2018-10-19,35.599998474121094,37.400001525878906,35.599998474121094,36.20000076293945,342130.0
2018-10-22,36.0,36.0,34.5,35.099998474121094,272020.0
2018-10-23,33.70000076293945,34.099998474121094,32.5,32.5,384380.0
2018-10-24,33.0,33.79999923706055,30.299999237060547,30.299999237060547,520480.0
2018-10-25,31.5,31.5,30.200000762939453,31.200000762939453,444050.0
2018-10-26,30.600000381469727,31.200000762939453,28.5,30.100000381469727,385420.0
2018-10-29,30.5,30.700000762939453,27.200000762939453,27.5,612180.0
2018-10-30,27.299999237060547,29.299999237060547,25.700000762939453,29.200000762939453,688720.0
2018-10-31,30.100000381469727,31.200000762939453,29.0,29.399999618530273,593750.0
2018-11-01,29.799999237060547,30.5,28.200000762939453,29.299999237060547,460090.0
2018-11-02,28.700000762939453,30.0,27.5,28.700000762939453,501370.0
2018-11-05,29.299999237060547,29.899999618530273,28.200000762939453,29.399999618530273,377910.0
2018-11-06,29.899999618530273,30.600000381469727,28.600000381469727,29.799999237060547,560330.0
2018-11-07,30.600000381469727,31.799999237060547,29.600000381469727,31.5,729320.0
2018-11-08,31.299999237060547,32.0,28.600000381469727,29.799999237060547,628570.0
2018-11-09,29.399999618530273,31.399999618530273,27.600000381469727,30.399999618530273,642850.0
2018-11-12,30.700000762939453,31.5,27.600000381469727,28.0,688810.0
2018-11-13,27.899999618530273,28.799999237060547,25.799999237060547,26.299999237060547,463270.0
2018-11-14,26.899999618530273,27.799999237060547,25.600000381469727,26.5,473430.0
2018-11-15,27.200000762939453,28.0,26.5,28.0,320280.0
2018-11-16,28.399999618530273,29.399999618530273,27.200000762939453,28.5,393500.0
2018-11-19,28.0,29.299999237060547,27.100000381469727,27.600000381469727,530850.0
2018-11-20,26.899999618530273,27.0,25.200000762939453,25.600000381469727,454510.0
2018-11-21,26.700000762939453,27.200000762939453,25.600000381469727,26.899999618530273,389560.0
2018-11-23,25.0,26.200000762939453,24.600000381469727,24.899999618530273,342630.0
2018-11-26,25.100000381469727,26.200000762939453,25.100000381469727,26.0,302530.0
2018-11-27,26.299999237060547,27.600000381469727,25.299999237060547,25.600000381469727,462200.0
2018-11-28,25.299999237060547,26.799999237060547,24.700000762939453,26.5,510510.0
2018-11-29,26.5,27.399999618530273,25.700000762939453,26.5,295340.0
2018-11-30,25.899999618530273,26.299999237060547,24.5,25.399999618530273,514770.0
2018-12-03,27.0,27.799999237060547,26.0,27.5,477960.0
2018-12-04,28.0,28.299999237060547,25.5,25.799999237060547,522060.0
2018-12-06,24.399999618530273,25.200000762939453,23.399999618530273,24.5,536350.0
2018-12-07,25.600000381469727,26.5,23.799999237060547,24.100000381469727,616500.0
2018-12-10,23.600000381469727,24.200000762939453,22.100000381469727,22.5,422190.0
2018-12-11,23.200000762939453,23.600000381469727,22.299999237060547,23.100000381469727,335760.0
2018-12-12,23.600000381469727,25.399999618530273,23.600000381469727,24.899999618530273,840080.0
2018-12-13,24.799999237060547,25.5,24.200000762939453,25.0,419010.0
2018-12-14,24.799999237060547,26.100000381469727,23.5,23.899999618530273,666300.0
2018-12-17,23.5,24.5,22.600000381469727,22.799999237060547,672770.0
2018-12-18,22.799999237060547,23.100000381469727,21.600000381469727,21.600000381469727,517840.0
2018-12-19,21.600000381469727,23.600000381469727,21.600000381469727,22.200000762939453,742540.0
2018-12-20,21.799999237060547,22.5,20.899999618530273,21.5,625370.0
2018-12-21,21.200000762939453,21.899999618530273,20.200000762939453,20.299999237060547,717860.0
2018-12-24,19.399999618530273,20.600000381469727,18.700000762939453,19.5,369260.0
2018-12-26,20.0,23.100000381469727,19.0,23.100000381469727,530880.0
2018-12-27,22.600000381469727,23.100000381469727,21.600000381469727,22.799999237060547,473340.0
2018-12-28,23.299999237060547,24.100000381469727,22.899999618530273,23.0,413850.0
2018-12-31,23.700000762939453,23.700000762939453,22.100000381469727,22.600000381469727,355910.0
2019-01-02,22.100000381469727,24.5,21.600000381469727,24.5,354350.0
2019-01-03,24.5,24.899999618530273,23.299999237060547,24.399999618530273,280350.0
2019-01-04,25.0,27.399999618530273,24.799999237060547,27.100000381469727,485340.0
2019-01-07,27.799999237060547,28.299999237060547,26.600000381469727,27.5,427330.0
2019-01-08,28.100000381469727,28.399999618530273,26.399999618530273,27.200000762939453,663670.0
2019-01-09,28.5,28.5,26.700000762939453,27.5,409200.0
2019-01-10,27.200000762939453,27.600000381469727,26.0,27.0,303140.0
2019-01-11,26.700000762939453,26.700000762939453,24.600000381469727,25.0,501070.0
2019-01-14,24.600000381469727,25.0,23.799999237060547,24.200000762939453,392960.0
2019-01-15,24.299999237060547,25.799999237060547,24.299999237060547,25.0,464940.0
2019-01-16,25.200000762939453,26.200000762939453,24.899999618530273,26.100000381469727,501020.0
2019-01-17,25.200000762939453,26.0,25.0,25.700000762939453,361570.0
2019-01-18,26.0,28.5,26.0,28.0,837230.0
2019-01-22,28.5,28.5,26.200000762939453,26.399999618530273,546560.0
2019-01-23,27.100000381469727,27.799999237060547,26.100000381469727,26.299999237060547,419930.0
2019-01-24,26.100000381469727,26.600000381469727,24.5,25.700000762939453,646030.0
2019-01-25,26.100000381469727,26.799999237060547,24.899999618530273,26.299999237060547,695480.0
2019-01-28,25.200000762939453,26.100000381469727,24.799999237060547,25.0,337010.0
2019-01-29,25.5,25.700000762939453,24.700000762939453,25.0,318860.0
2019-01-30,25.200000762939453,26.200000762939453,24.799999237060547,26.100000381469727,373890.0
2019-01-31,25.899999618530273,26.600000381469727,24.700000762939453,25.299999237060547,345160.0
2019-02-01,25.399999618530273,25.899999618530273,24.899999618530273,25.399999618530273,418060.0
2019-02-04,25.0,25.600000381469727,24.700000762939453,25.200000762939453,220760.0
2019-02-05,25.0,25.100000381469727,23.899999618530273,24.399999618530273,474110.0
2019-02-06,24.100000381469727,24.100000381469727,22.600000381469727,22.799999237060547,521080.0
2019-02-07,22.700000762939453,22.700000762939453,21.5,22.100000381469727,531950.0
2019-02-08,21.799999237060547,22.0,21.0,21.799999237060547,539250.0
2019-02-11,22.0,22.600000381469727,21.5,22.5,281510.0
2019-02-12,23.200000762939453,23.899999618530273,22.799999237060547,23.299999237060547,393000.0
2019-02-13,23.200000762939453,24.5,23.0,24.200000762939453,405790.0
2019-02-14,23.799999237060547,25.399999618530273,23.799999237060547,25.200000762939453,509110.0
2019-02-15,25.5,26.100000381469727,25.200000762939453,25.600000381469727,317030.0
2019-02-19,25.200000762939453,25.899999618530273,25.0,25.399999618530273,280320.0
2019-02-20,25.299999237060547,26.0,24.899999618530273,25.600000381469727,389030.0
2019-02-21,25.5,25.700000762939453,24.0,24.200000762939453,359930.0
2019-02-22,24.5,25.100000381469727,24.299999237060547,24.799999237060547,259780.0
2019-02-25,24.899999618530273,24.899999618530273,23.399999618530273,23.399999618530273,396500.0
2019-02-26,23.299999237060547,23.799999237060547,22.200000762939453,23.0,470610.0
2019-02-27,23.299999237060547,24.5,23.299999237060547,24.200000762939453,356750.0
2019-02-28,24.100000381469727,24.100000381469727,23.299999237060547,23.700000762939453,307920.0
2019-03-01,24.200000762939453,24.700000762939453,23.700000762939453,24.0,337370.0
2019-03-04,24.5,24.700000762939453,23.399999618530273,24.100000381469727,320230.0
2019-03-05,24.0,24.0,23.0,23.100000381469727,288770.0
2019-03-06,23.0,23.200000762939453,22.100000381469727,22.100000381469727,332720.0
2019-03-07,22.5,22.5,21.399999618530273,21.799999237060547,345110.0
2019-03-08,21.299999237060547,21.5,20.5,21.0,429240.0
2019-03-11,21.5,22.799999237060547,21.0,22.200000762939453,643710.0
2019-03-12,25.0,25.700000762939453,22.5,23.700000762939453,1051420.0
2019-03-13,23.700000762939453,25.299999237060547,23.600000381469727,24.700000762939453,743890.0
2019-03-14,24.799999237060547,26.0,24.100000381469727,25.299999237060547,735510.0
2019-03-15,24.899999618530273,25.5,24.0,24.0,994370.0
2019-03-18,24.0,24.899999618530273,23.5,24.399999618530273,381860.0
2019-03-19,24.899999618530273,25.0,23.899999618530273,24.5,522350.0
2019-03-20,24.799999237060547,27.200000762939453,24.399999618530273,26.299999237060547,721560.0
2019-03-21,27.100000381469727,28.799999237060547,26.600000381469727,28.700000762939453,752930.0
2019-03-22,28.399999618530273,28.5,26.0,26.600000381469727,744300.0
2019-03-25,25.799999237060547,27.299999237060547,25.0,26.899999618530273,523310.0
2019-03-26,27.799999237060547,27.799999237060547,26.5,27.200000762939453,461750.0
2019-03-27,27.0,27.100000381469727,26.0,26.700000762939453,459320.0
2019-03-28,26.0,27.600000381469727,25.899999618530273,27.299999237060547,457880.0
2019-03-29,27.899999618530273,28.399999618530273,26.600000381469727,27.399999618530273,566800.0
2019-04-01,27.5,28.0,27.200000762939453,27.799999237060547,506640.0
2019-04-02,27.799999237060547,27.899999618530273,26.799999237060547,27.200000762939453,577100.0
2019-04-03,27.299999237060547,27.600000381469727,26.299999237060547,26.5,587180.0
2019-04-04,26.100000381469727,26.5,25.700000762939453,26.299999237060547,402790.0
2019-04-05,26.200000762939453,26.799999237060547,26.100000381469727,26.799999237060547,587030.0
2019-04-08,27.0,27.799999237060547,26.5,27.399999618530273,645600.0
2019-04-09,27.299999237060547,27.5,26.100000381469727,26.100000381469727,460680.0
2019-04-10,26.399999618530273,26.899999618530273,26.0,26.700000762939453,304030.0
2019-04-11,26.600000381469727,26.799999237060547,26.0,26.100000381469727,268920.0
2019-04-12,26.899999618530273,27.0,26.0,26.899999618530273,376030.0
2019-04-15,26.700000762939453,27.0,25.700000762939453,25.799999237060547,403150.0
2019-04-16,26.299999237060547,26.5,25.5,26.5,380380.0
2019-04-17,26.5,27.299999237060547,26.200000762939453,27.299999237060547,640400.0
2019-04-18,27.299999237060547,27.299999237060547,25.899999618530273,26.100000381469727,424590.0
2019-04-22,26.399999618530273,27.5,26.0,27.299999237060547,479220.0
2019-04-23,27.899999618530273,29.299999237060547,27.200000762939453,29.0,802780.0
2019-04-24,29.0,29.399999618530273,28.100000381469727,28.5,442230.0
2019-04-25,28.600000381469727,29.0,27.899999618530273,28.0,353610.0
2019-04-26,27.5,28.0,26.5,26.5,362510.0
2019-04-29,26.600000381469727,26.799999237060547,26.100000381469727,26.600000381469727,320150.0
2019-04-30,26.799999237060547,27.0,26.200000762939453,26.5,425470.0
2019-05-01,26.5,26.700000762939453,24.700000762939453,24.799999237060547,497690.0
2019-05-02,24.0,24.700000762939453,23.100000381469727,23.299999237060547,767710.0
2019-05-03,24.0,24.100000381469727,23.0,23.899999618530273,549570.0
2019-05-06,23.399999618530273,24.100000381469727,23.0,23.600000381469727,497060.0
2019-05-07,23.100000381469727,23.299999237060547,22.0,22.399999618530273,596910.0
2019-05-08,22.5,23.399999618530273,22.399999618530273,22.899999618530273,612360.0
2019-05-09,22.5,23.299999237060547,21.899999618530273,23.100000381469727,627510.0
2019-05-10,22.200000762939453,22.799999237060547,22.0,22.600000381469727,472740.0
2019-05-13,22.0,22.700000762939453,21.100000381469727,21.100000381469727,511910.0
2019-05-14,21.5,22.100000381469727,21.299999237060547,21.799999237060547,425110.0
2019-05-15,21.600000381469727,22.799999237060547,21.299999237060547,22.700000762939453,429600.0
2019-05-16,22.700000762939453,23.899999618530273,22.299999237060547,23.899999618530273,738150.0
2019-05-17,24.5,24.5,21.899999618530273,21.899999618530273,585200.0
2019-05-20,21.899999618530273,22.399999618530273,21.600000381469727,21.899999618530273,261920.0
2019-05-21,22.399999618530273,22.899999618530273,21.899999618530273,22.700000762939453,338660.0
2019-05-22,22.200000762939453,22.5,21.200000762939453,21.200000762939453,581680.0
2019-05-23,20.5,21.0,19.899999618530273,20.700000762939453,712430.0
2019-05-24,21.0,21.200000762939453,19.799999237060547,20.5,486330.0
2019-05-28,20.5,21.899999618530273,20.399999618530273,21.799999237060547,581820.0
2019-05-29,21.399999618530273,21.600000381469727,20.0,21.299999237060547,613930.0
2019-05-30,21.600000381469727,21.600000381469727,20.200000762939453,20.299999237060547,396250.0
2019-05-31,19.600000381469727,20.600000381469727,19.100000381469727,19.899999618530273,479470.0
2019-06-03,19.899999618530273,20.5,19.5,19.899999618530273,494260.0
2019-06-04,20.600000381469727,21.0,19.700000762939453,20.899999618530273,532010.0
2019-06-05,20.799999237060547,21.0,19.200000762939453,19.399999618530273,815570.0
2019-06-06,19.299999237060547,19.799999237060547,18.5,19.700000762939453,687510.0
2019-06-07,20.0,20.299999237060547,19.100000381469727,20.100000381469727,972900.0
2019-06-10,20.299999237060547,20.799999237060547,19.899999618530273,19.899999618530273,702640.0
2019-06-11,20.399999618530273,21.200000762939453,20.0,20.600000381469727,583090.0
2019-06-12,20.200000762939453,20.399999618530273,19.299999237060547,19.399999618530273,531100.0
2019-06-13,20.200000762939453,20.5,19.399999618530273,20.399999618530273,485370.0
2019-06-14,20.0,20.5,19.600000381469727,20.0,552070.0
2019-06-17,20.0,21.100000381469727,19.700000762939453,20.5,719280.0
2019-06-18,20.600000381469727,21.700000762939453,20.5,21.299999237060547,657070.0
2019-06-19,21.399999618530273,21.5,20.399999618530273,20.600000381469727,684710.0
2019-06-20,21.299999237060547,22.700000762939453,21.0,21.5,1100340.0
2019-06-21,21.399999618530273,21.799999237060547,20.5,20.899999618530273,820310.0
2019-06-24,20.899999618530273,21.0,19.100000381469727,19.299999237060547,748520.0
2019-06-25,19.100000381469727,19.700000762939453,18.799999237060547,18.899999618530273,436250.0
2019-06-26,19.5,20.399999618530273,19.299999237060547,20.0,657650.0
2019-06-27,20.100000381469727,20.5,19.299999237060547,19.899999618530273,517950.0
2019-06-28,19.899999618530273,20.100000381469727,18.899999618530273,19.299999237060547,1861320.0
2019-07-01,20.0,21.0,19.5,20.899999618530273,889850.0
2019-07-02,20.700000762939453,20.700000762939453,19.700000762939453,19.799999237060547,899240.0
2019-07-03,20.0,20.100000381469727,19.299999237060547,19.399999618530273,340450.0
2019-07-05,19.399999618530273,20.0,19.200000762939453,19.799999237060547,429130.0
2019-07-08,19.600000381469727,20.0,19.0,19.100000381469727,543570.0
2019-07-09,19.200000762939453,19.399999618530273,18.299999237060547,18.600000381469727,663450.0
2019-07-10,19.0,19.700000762939453,18.799999237060547,19.5,581850.0
2019-07-11,19.5,19.600000381469727,19.0,19.100000381469727,385560.0
2019-07-12,19.299999237060547,19.700000762939453,19.0,19.5,450760.0
2019-07-15,19.700000762939453,19.700000762939453,18.399999618530273,18.399999618530273,412160.0
2019-07-16,18.700000762939453,18.899999618530273,17.700000762939453,17.700000762939453,435430.0
2019-07-17,17.700000762939453,17.899999618530273,16.200000762939453,16.200000762939453,649360.0
2019-07-18,16.0,16.399999618530273,15.399999618530273,15.800000190734863,631410.0
2019-07-19,15.899999618530273,16.200000762939453,15.600000381469727,15.899999618530273,509200.0
2019-07-22,16.200000762939453,16.600000381469727,15.600000381469727,16.0,475820.0
2019-07-23,16.200000762939453,16.700000762939453,15.699999809265137,16.5,516600.0
2019-07-24,16.5,16.700000762939453,16.100000381469727,16.399999618530273,801930.0
2019-07-25,16.5,16.700000762939453,16.0,16.200000762939453,777940.0
2019-07-26,16.200000762939453,16.299999237060547,15.699999809265137,15.699999809265137,394110.0
2019-07-29,15.699999809265137,15.899999618530273,15.0,15.0,400700.0
2019-07-30,15.100000381469727,16.700000762939453,14.300000190734863,16.600000381469727,795710.0
2019-07-31,17.0,17.399999618530273,16.0,16.200000762939453,678570.0
2019-08-01,16.0,16.0,14.300000190734863,15.0,710880.0
2019-08-02,15.899999618530273,15.899999618530273,14.600000381469727,15.0,505270.0
2019-08-05,14.699999809265137,15.100000381469727,14.100000381469727,14.699999809265137,1416380.0
2019-08-06,14.600000381469727,16.399999618530273,14.600000381469727,16.200000762939453,914140.0
2019-08-07,15.699999809265137,17.399999618530273,15.5,16.700000762939453,1156100.0
2019-08-08,17.100000381469727,17.600000381469727,16.600000381469727,17.5,657320.0
2019-08-09,17.600000381469727,17.899999618530273,16.700000762939453,17.0,542120.0
2019-08-12,16.799999237060547,17.299999237060547,16.600000381469727,16.899999618530273,397520.0
2019-08-13,16.899999618530273,18.200000762939453,16.600000381469727,17.200000762939453,630780.0
2019-08-14,16.700000762939453,17.0,16.0,16.100000381469727,641460.0
2019-08-15,15.899999618530273,16.399999618530273,15.800000190734863,16.200000762939453,311950.0
2019-08-16,16.200000762939453,17.399999618530273,16.0,17.100000381469727,380790.0
2019-08-19,17.5,18.399999618530273,17.399999618530273,18.299999237060547,620510.0
2019-08-20,18.299999237060547,18.799999237060547,17.700000762939453,18.5,505290.0
2019-08-21,18.700000762939453,18.899999618530273,17.799999237060547,18.399999618530273,617190.0
2019-08-22,18.5,18.700000762939453,17.899999618530273,17.899999618530273,555260.0
2019-08-23,17.700000762939453,17.700000762939453,16.200000762939453,16.799999237060547,864110.0
2019-08-26,17.200000762939453,17.799999237060547,16.899999618530273,17.399999618530273,531510.0
2019-08-27,17.399999618530273,18.799999237060547,16.899999618530273,18.600000381469727,1017660.0
2019-08-28,18.700000762939453,19.799999237060547,18.299999237060547,18.799999237060547,833210.0
2019-08-29,19.299999237060547,19.799999237060547,18.799999237060547,19.399999618530273,586410.0
2019-08-30,19.5,19.600000381469727,17.200000762939453,18.399999618530273,595810.0
2019-09-03,18.100000381469727,19.600000381469727,17.600000381469727,19.5,751710.0
2019-09-04,19.700000762939453,19.799999237060547,18.799999237060547,19.399999618530273,506310.0
2019-09-05,19.399999618530273,20.700000762939453,19.0,20.399999618530273,916940.0
2019-09-06,20.200000762939453,20.299999237060547,19.5,19.700000762939453,697150.0
2019-09-09,20.100000381469727,21.0,19.899999618530273,20.799999237060547,907830.0
2019-09-10,21.0,22.899999618530273,20.700000762939453,21.799999237060547,1208860.0
2019-09-11,22.399999618530273,23.200000762939453,20.299999237060547,20.899999618530273,1019150.0
2019-09-12,20.5,21.299999237060547,19.600000381469727,20.399999618530273,664460.0
2019-09-13,20.899999618530273,21.100000381469727,20.0,20.299999237060547,494170.0
2019-09-16,22.5,23.0,21.200000762939453,21.899999618530273,1369080.0
2019-09-17,21.799999237060547,21.799999237060547,19.899999618530273,20.100000381469727,876860.0
2019-09-18,19.899999618530273,20.799999237060547,19.5,20.600000381469727,489890.0
2019-09-19,20.899999618530273,21.100000381469727,19.100000381469727,20.299999237060547,666940.0
2019-09-20,20.200000762939453,21.200000762939453,19.700000762939453,20.200000762939453,1044000.0
2019-09-23,20.200000762939453,21.700000762939453,19.5,21.600000381469727,944670.0
2019-09-24,21.399999618530273,21.399999618530273,20.200000762939453,21.0,639250.0
2019-09-25,20.5,21.5,20.399999618530273,21.0,435610.0
2019-09-26,20.799999237060547,20.799999237060547,19.600000381469727,19.799999237060547,428440.0
2019-09-27,19.700000762939453,20.399999618530273,19.399999618530273,19.799999237060547,584010.0
2019-09-30,19.799999237060547,20.399999618530273,19.200000762939453,19.600000381469727,549480.0
2019-10-01,19.600000381469727,20.0,18.5,18.600000381469727,417300.0
2019-10-02,18.5,18.700000762939453,17.799999237060547,18.100000381469727,490010.0
2019-10-03,18.0,19.100000381469727,17.799999237060547,18.700000762939453,484440.0
2019-10-04,18.899999618530273,19.200000762939453,18.299999237060547,18.899999618530273,724640.0
2019-10-07,19.0,19.399999618530273,18.600000381469727,19.0,472700.0
2019-10-08,18.700000762939453,19.600000381469727,18.5,19.0,449950.0
2019-10-09,19.399999618530273,19.700000762939453,18.899999618530273,19.5,370520.0
2019-10-10,19.5,19.799999237060547,17.700000762939453,18.899999618530273,774210.0
2019-10-11,19.0,19.799999237060547,18.700000762939453,19.5,416220.0
2019-10-14,19.299999237060547,19.5,18.799999237060547,19.0,394530.0
2019-10-15,19.0,19.299999237060547,18.5,19.0,412800.0
2019-10-16,18.899999618530273,19.299999237060547,18.5,18.799999237060547,559020.0
2019-10-17,18.700000762939453,18.899999618530273,18.100000381469727,18.5,561580.0
2019-10-18,18.299999237060547,18.5,17.899999618530273,18.100000381469727,467700.0
2019-10-21,18.200000762939453,18.399999618530273,17.899999618530273,18.100000381469727,315690.0
2019-10-22,17.899999618530273,19.899999618530273,17.899999618530273,19.600000381469727,898400.0
2019-10-23,19.299999237060547,20.399999618530273,19.200000762939453,20.0,584160.0
2019-10-24,20.100000381469727,20.299999237060547,19.700000762939453,20.0,445590.0
2019-10-25,20.399999618530273,20.399999618530273,19.5,19.899999618530273,382180.0
2019-10-28,19.899999618530273,20.100000381469727,19.700000762939453,19.799999237060547,426710.0
2019-10-29,19.700000762939453,20.5,19.5,20.200000762939453,433100.0
2019-10-30,20.299999237060547,20.700000762939453,19.399999618530273,19.5,646860.0
2019-10-31,19.100000381469727,19.600000381469727,18.600000381469727,19.600000381469727,641530.0
2019-11-01,19.600000381469727,20.799999237060547,19.600000381469727,20.600000381469727,699060.0
2019-11-04,21.0,21.799999237060547,20.799999237060547,21.100000381469727,631550.0
2019-11-05,21.5,22.100000381469727,21.399999618530273,22.0,483770.0
2019-11-06,21.799999237060547,22.0,20.5,20.600000381469727,492150.0
2019-11-07,21.100000381469727,21.600000381469727,20.799999237060547,21.5,625870.0
2019-11-08,21.100000381469727,21.700000762939453,20.899999618530273,21.200000762939453,514120.0
2019-11-11,21.0,21.299999237060547,20.600000381469727,20.700000762939453,589290.0
2019-11-12,20.200000762939453,22.299999237060547,19.899999618530273,21.100000381469727,1024600.0
2019-11-13,20.200000762939453,21.299999237060547,19.899999618530273,20.299999237060547,718660.0
2019-11-14,20.100000381469727,20.799999237060547,19.600000381469727,19.799999237060547,399490.0
2019-11-15,20.299999237060547,20.399999618530273,19.899999618530273,20.0,358860.0
2019-11-18,20.100000381469727,20.100000381469727,18.899999618530273,19.200000762939453,398000.0
2019-11-19,18.899999618530273,19.0,18.100000381469727,18.299999237060547,660540.0
2019-11-20,18.100000381469727,19.700000762939453,18.100000381469727,19.399999618530273,708950.0
2019-11-21,19.700000762939453,19.799999237060547,18.799999237060547,19.600000381469727,382920.0
2019-11-22,19.399999618530273,19.899999618530273,19.0,19.0,580860.0
2019-11-25,19.100000381469727,19.299999237060547,18.299999237060547,18.5,433860.0
2019-11-26,18.399999618530273,18.799999237060547,18.0,18.200000762939453,475360.0
2019-11-27,18.299999237060547,18.5,17.700000762939453,18.399999618530273,411960.0
2019-11-29,18.100000381469727,18.399999618530273,17.700000762939453,17.799999237060547,166920.0
2019-12-02,18.200000762939453,18.5,17.700000762939453,18.200000762939453,490490.0
2019-12-03,18.100000381469727,18.700000762939453,17.700000762939453,18.5,445830.0
2019-12-04,18.700000762939453,19.399999618530273,18.5,19.399999618530273,413870.0
2019-12-05,19.200000762939453,19.399999618530273,17.600000381469727,18.0,1119090.0
2019-12-06,18.0,18.700000762939453,17.799999237060547,18.299999237060547,802120.0
2019-12-09,18.100000381469727,19.100000381469727,18.100000381469727,18.700000762939453,566940.0
2019-12-10,18.600000381469727,19.0,18.200000762939453,18.399999618530273,527670.0
2019-12-11,18.200000762939453,18.5,17.799999237060547,18.100000381469727,624600.0
2019-12-12,18.100000381469727,19.100000381469727,18.100000381469727,19.0,573410.0
2019-12-13,19.100000381469727,19.399999618530273,18.700000762939453,18.799999237060547,550050.0
2019-12-16,19.100000381469727,19.600000381469727,18.899999618530273,19.100000381469727,482010.0
2019-12-17,19.5,21.100000381469727,19.5,20.600000381469727,1213430.0
2019-12-18,20.100000381469727,21.100000381469727,20.0,20.600000381469727,850800.0
2019-12-19,20.799999237060547,22.5,20.600000381469727,21.700000762939453,1032390.0
2019-12-20,22.100000381469727,22.399999618530273,21.399999618530273,22.100000381469727,2305890.0
2019-12-23,22.0,22.899999618530273,21.600000381469727,22.799999237060547,1145480.0
2019-12-24,22.899999618530273,23.200000762939453,22.799999237060547,23.0,342450.0
2019-12-26,23.0,23.899999618530273,23.0,23.899999618530273,377820.0
2019-12-27,24.100000381469727,24.299999237060547,23.299999237060547,23.5,618160.0
2019-12-30,23.600000381469727,23.899999618530273,22.799999237060547,23.0,629200.0
2019-12-31,22.299999237060547,23.5,22.0,23.399999618530273,531720.0
2020-01-02,23.200000762939453,23.399999618530273,22.100000381469727,22.299999237060547,498900.0
2020-01-03,23.5,23.600000381469727,22.799999237060547,23.100000381469727,847510.0
2020-01-06,23.299999237060547,23.399999618530273,22.700000762939453,22.899999618530273,562330.0
2020-01-07,23.0,23.0,22.100000381469727,22.399999618530273,394370.0
2020-01-08,22.700000762939453,22.799999237060547,20.700000762939453,20.899999618530273,598910.0
2020-01-09,20.700000762939453,21.5,20.100000381469727,21.399999618530273,564170.0
2020-01-10,21.100000381469727,21.399999618530273,20.299999237060547,20.5,453210.0
2020-01-13,20.5,20.600000381469727,19.600000381469727,20.0,469320.0
2020-01-14,20.200000762939453,20.5,19.899999618530273,20.100000381469727,1001040.0
2020-01-15,20.100000381469727,20.299999237060547,19.5,20.0,558180.0
2020-01-16,20.200000762939453,20.299999237060547,19.600000381469727,19.600000381469727,518690.0
2020-01-17,20.5,20.600000381469727,18.799999237060547,18.899999618530273,687860.0
2020-01-21,19.0,19.100000381469727,18.299999237060547,18.399999618530273,556900.0
2020-01-22,18.700000762939453,18.700000762939453,17.299999237060547,17.5,651900.0
2020-01-23,17.399999618530273,17.399999618530273,16.600000381469727,17.200000762939453,815780.0
2020-01-24,17.5,17.5,16.200000762939453,16.799999237060547,752540.0
2020-01-27,16.100000381469727,16.700000762939453,15.5,15.800000190734863,697710.0
2020-01-28,16.100000381469727,17.200000762939453,16.100000381469727,17.100000381469727,1223830.0
2020-01-29,17.100000381469727,17.399999618530273,16.799999237060547,16.899999618530273,708340.0
2020-01-30,16.5,17.299999237060547,16.5,17.200000762939453,614170.0
2020-01-31,17.5,17.600000381469727,16.600000381469727,16.600000381469727,745420.0
2020-02-03,16.5,16.799999237060547,16.0,16.5,535650.0
2020-02-04,16.899999618530273,17.100000381469727,16.399999618530273,16.399999618530273,486960.0
2020-02-05,17.0,17.5,16.899999618530273,17.200000762939453,573970.0
2020-02-06,17.299999237060547,17.299999237060547,16.700000762939453,16.799999237060547,288340.0
2020-02-07,16.700000762939453,17.0,16.200000762939453,16.600000381469727,420640.0
2020-02-10,16.5,16.700000762939453,15.800000190734863,16.0,534030.0
2020-02-11,16.299999237060547,16.399999618530273,15.399999618530273,15.800000190734863,447690.0
2020-02-12,16.299999237060547,17.200000762939453,16.0,16.100000381469727,636480.0
2020-02-13,16.200000762939453,16.5,15.600000381469727,16.0,588440.0
2020-02-14,16.200000762939453,16.299999237060547,15.699999809265137,15.899999618530273,484830.0
2020-02-18,15.699999809265137,15.899999618530273,15.600000381469727,15.699999809265137,264360.0
2020-02-19,16.0,16.700000762939453,15.800000190734863,16.5,558230.0
2020-02-20,16.700000762939453,16.700000762939453,16.0,16.100000381469727,288680.0
2020-02-21,16.200000762939453,16.200000762939453,15.600000381469727,15.699999809265137,491620.0
2020-02-24,15.100000381469727,15.300000190734863,14.199999809265137,15.0,576880.0
2020-02-25,15.100000381469727,15.399999618530273,14.5,14.899999618530273,943220.0
2020-02-26,14.800000190734863,15.300000190734863,14.199999809265137,14.300000190734863,969830.0
2020-02-27,13.300000190734863,14.600000381469727,12.600000381469727,13.5,1180800.0
2020-02-28,13.300000190734863,14.699999809265137,12.899999618530273,14.5,529220.0
2020-03-02,15.100000381469727,15.5,13.5,14.100000381469727,642340.0
2020-03-03,14.600000381469727,14.699999809265137,13.800000190734863,14.199999809265137,776980.0
2020-03-04,14.699999809265137,15.0,14.0,14.199999809265137,506360.0
2020-03-05,14.0,14.199999809265137,13.300000190734863,13.399999618530273,457730.0
2020-03-06,12.899999618530273,13.100000381469727,12.0,13.0,1090750.0
2020-03-09,9.5,10.199999809265137,5.300000190734863,8.100000381469727,1942130.0
2020-03-10,10.199999809265137,10.199999809265137,7.900000095367432,9.899999618530273,1107580.0
2020-03-11,9.199999809265137,9.600000381469727,8.199999809265137,9.600000381469727,1017970.0
2020-03-12,8.100000381469727,9.5,7.5,9.399999618530273,1211640.0
2020-03-13,9.699999809265137,10.399999618530273,8.199999809265137,9.5,1425230.0
2020-03-16,8.100000381469727,9.5,7.800000190734863,7.900000095367432,749600.0
2020-03-17,8.399999618530273,8.5,7.300000190734863,7.800000190734863,962220.0
2020-03-18,7.5,7.5,5.0,5.699999809265137,936980.0
2020-03-19,6.300000190734863,7.199999809265137,5.199999809265137,7.199999809265137,725360.0
2020-03-20,7.400000095367432,7.800000190734863,7.0,7.400000095367432,574920.0
2020-03-23,7.300000190734863,7.400000095367432,6.699999809265137,6.900000095367432,368390.0
2020-03-24,7.199999809265137,8.199999809265137,7.0,8.100000381469727,504160.0
2020-03-25,8.0,8.800000190734863,7.599999904632568,7.800000190734863,511750.0
2020-03-26,8.100000381469727,8.199999809265137,6.800000190734863,7.0,413960.0
2020-03-27,7.099999904632568,7.400000095367432,6.5,6.5,318560.0
2020-03-30,6.5,6.599999904632568,5.5,6.099999904632568,502280.0
2020-03-31,6.0,7.0,5.900000095367432,6.599999904632568,384820.0
2020-04-01,6.699999809265137,6.699999809265137,5.599999904632568,6.0,348370.0
2020-04-02,6.099999904632568,8.699999809265137,6.099999904632568,7.300000190734863,574170.0
2020-04-03,7.599999904632568,8.0,7.099999904632568,7.800000190734863,418780.0
2020-04-06,7.599999904632568,8.300000190734863,7.300000190734863,8.300000190734863,379540.0
2020-04-07,8.5,8.899999618530273,7.699999809265137,7.900000095367432,358200.0
2020-04-08,8.100000381469727,8.5,7.599999904632568,8.399999618530273,548310.0
2020-04-09,8.5,9.199999809265137,8.0,8.399999618530273,466970.0
2020-04-13,8.800000190734863,8.800000190734863,8.0,8.300000190734863,320310.0
2020-04-14,8.300000190734863,8.600000381469727,8.0,8.0,351780.0
2020-04-15,7.699999809265137,7.900000095367432,7.400000095367432,7.400000095367432,284010.0
2020-04-16,7.5,7.5,6.5,6.5,392370.0
2020-04-17,6.800000190734863,7.400000095367432,6.5,7.300000190734863,484160.0
2020-04-20,6.699999809265137,7.199999809265137,6.400000095367432,6.699999809265137,513450.0
2020-04-21,6.800000190734863,7.0,6.300000190734863,6.5,503200.0
2020-04-22,6.800000190734863,7.199999809265137,6.599999904632568,6.699999809265137,546620.0
2020-04-23,7.0,8.0,6.800000190734863,7.400000095367432,828790.0
2020-04-24,7.800000190734863,8.199999809265137,7.300000190734863,7.599999904632568,344640.0
2020-04-27,7.699999809265137,7.699999809265137,6.900000095367432,7.199999809265137,401560.0
2020-04-28,7.5,7.5,6.900000095367432,7.300000190734863,332340.0
2020-04-29,7.599999904632568,8.600000381469727,7.5,8.399999618530273,708630.0
2020-04-30,9.199999809265137,9.300000190734863,8.100000381469727,8.399999618530273,464730.0
2020-05-01,8.300000190734863,8.399999618530273,7.5,7.800000190734863,295760.0
2020-05-04,7.800000190734863,7.900000095367432,7.5,7.900000095367432,253850.0
2020-05-05,8.300000190734863,8.5,7.599999904632568,7.699999809265137,353290.0
2020-05-06,7.900000095367432,7.900000095367432,7.0,7.099999904632568,472890.0
2020-05-07,7.400000095367432,7.400000095367432,7.0,7.400000095367432,373440.0
2020-05-08,7.599999904632568,7.599999904632568,7.199999809265137,7.599999904632568,301040.0
2020-05-11,7.900000095367432,8.300000190734863,7.699999809265137,7.900000095367432,457170.0
2020-05-12,8.300000190734863,9.5,8.100000381469727,8.600000381469727,786830.0
2020-05-13,9.0,9.100000381469727,8.100000381469727,8.699999809265137,492470.0
2020-05-14,8.5,9.0,7.900000095367432,8.5,501320.0
2020-05-15,8.600000381469727,8.899999618530273,8.300000190734863,8.699999809265137,430800.0
2020-05-18,9.5,9.699999809265137,9.0,9.399999618530273,414160.0
2020-05-19,9.5,9.5,8.5,8.5,397550.0
2020-05-20,8.800000190734863,9.0,8.5,8.800000190734863,434510.0
2020-05-21,8.5,8.800000190734863,8.300000190734863,8.399999618530273,282280.0
2020-05-22,8.399999618530273,8.5,8.100000381469727,8.399999618530273,208360.0
2020-05-26,8.800000190734863,8.800000190734863,8.399999618530273,8.600000381469727,322130.0
2020-05-27,8.800000190734863,8.899999618530273,8.199999809265137,8.300000190734863,343080.0
2020-05-28,8.399999618530273,8.600000381469727,8.0,8.0,328120.0
2020-05-29,8.300000190734863,8.300000190734863,7.699999809265137,7.800000190734863,574710.0
2020-06-01,8.0,8.0,7.5,7.5,575290.0
2020-06-02,7.800000190734863,7.900000095367432,7.400000095367432,7.599999904632568,678940.0
2020-06-03,7.599999904632568,8.0,7.5,8.0,644120.0
2020-06-04,8.0,8.5,7.900000095367432,8.300000190734863,597520.0
2020-06-05,8.899999618530273,9.800000190734863,8.800000190734863,9.399999618530273,1429380.0
2020-06-08,12.0,12.699999809265137,10.300000190734863,12.600000381469727,2192680.0
2020-06-09,12.800000190734863,13.800000190734863,12.199999809265137,12.300000190734863,1828990.0
2020-06-10,11.199999809265137,12.199999809265137,10.5,11.300000190734863,1011310.0
2020-06-11,10.399999618530273,11.300000190734863,10.100000381469727,10.600000381469727,1045500.0
2020-06-12,11.399999618530273,11.5,10.800000190734863,11.199999809265137,510440.0
2020-06-15,10.399999618530273,11.899999618530273,10.0,11.699999809265137,626670.0
2020-06-16,12.899999618530273,13.0,11.199999809265137,12.199999809265137,855450.0
2020-06-17,12.199999809265137,12.300000190734863,11.399999618530273,11.399999618530273,629400.0
2020-06-18,11.399999618530273,11.600000381469727,11.0,11.0,671720.0
2020-06-19,11.300000190734863,11.399999618530273,10.0,10.0,2900250.0
2020-06-22,10.600000381469727,10.600000381469727,9.699999809265137,9.699999809265137,782170.0
2020-06-23,10.199999809265137,10.199999809265137,9.399999618530273,9.5,1003930.0
2020-06-24,8.699999809265137,8.899999618530273,8.300000190734863,8.600000381469727,1353110.0
2020-06-25,8.399999618530273,8.699999809265137,8.300000190734863,8.699999809265137,890650.0
2020-06-26,8.600000381469727,8.699999809265137,7.900000095367432,8.399999618530273,3535990.0
2020-06-29,8.199999809265137,8.699999809265137,8.199999809265137,8.399999618530273,597760.0
2020-06-30,8.5,8.5,8.0,8.399999618530273,433190.0
2020-07-01,9.0,9.300000190734863,8.699999809265137,9.0,782930.0
2020-07-02,9.399999618530273,9.5,8.5,9.100000381469727,532170.0
2020-07-06,9.399999618530273,9.399999618530273,8.300000190734863,8.5,1030290.0
2020-07-07,8.199999809265137,8.300000190734863,8.0,8.0,471300.0
2020-07-08,8.100000381469727,8.199999809265137,7.5,7.699999809265137,697940.0
2020-07-09,7.800000190734863,8.0,7.300000190734863,7.400000095367432,414660.0
2020-07-10,7.400000095367432,8.0,7.199999809265137,7.5,769410.0
2020-07-13,7.800000190734863,7.800000190734863,7.300000190734863,7.400000095367432,492750.0
2020-07-14,7.400000095367432,7.599999904632568,7.099999904632568,7.5,503470.0
2020-07-15,7.800000190734863,8.100000381469727,7.5,7.599999904632568,457880.0
2020-07-16,7.699999809265137,7.800000190734863,7.5,7.599999904632568,218170.0
2020-07-17,7.699999809265137,7.699999809265137,7.400000095367432,7.5,270610.0
2020-07-20,7.5,7.699999809265137,7.400000095367432,7.5,321090.0
2020-07-21,7.699999809265137,8.300000190734863,7.599999904632568,8.199999809265137,646370.0
2020-07-22,8.199999809265137,8.199999809265137,7.699999809265137,7.900000095367432,244850.0
2020-07-23,8.100000381469727,8.100000381469727,7.599999904632568,7.699999809265137,233130.0
2020-07-24,7.800000190734863,8.0,7.699999809265137,8.0,241460.0
2020-07-27,8.100000381469727,8.600000381469727,8.0,8.100000381469727,353560.0
2020-07-28,8.300000190734863,8.399999618530273,7.800000190734863,7.800000190734863,230170.0
2020-07-29,7.900000095367432,8.199999809265137,7.800000190734863,8.100000381469727,227920.0
2020-07-30,8.100000381469727,8.100000381469727,7.800000190734863,7.900000095367432,176700.0
2020-07-31,8.800000190734863,8.800000190734863,7.900000095367432,8.0,1219850.0
2020-08-03,8.0,8.100000381469727,7.599999904632568,7.900000095367432,420720.0
2020-08-04,7.800000190734863,8.100000381469727,7.699999809265137,7.800000190734863,314200.0
2020-08-05,8.100000381469727,8.399999618530273,7.800000190734863,8.399999618530273,665000.0
2020-08-06,8.300000190734863,8.699999809265137,8.0,8.600000381469727,600990.0
2020-08-07,8.0,8.399999618530273,7.900000095367432,8.399999618530273,587960.0
2020-08-10,8.300000190734863,8.399999618530273,8.100000381469727,8.199999809265137,510260.0
2020-08-11,8.399999618530273,8.699999809265137,8.199999809265137,8.199999809265137,414950.0
2020-08-12,8.300000190734863,8.399999618530273,8.0,8.100000381469727,253420.0
2020-08-13,8.0,8.300000190734863,8.0,8.100000381469727,337540.0
2020-08-14,8.100000381469727,8.199999809265137,8.0,8.199999809265137,272540.0
2020-08-17,8.199999809265137,8.199999809265137,7.900000095367432,8.0,364080.0
2020-08-18,8.0,8.0,7.5,7.800000190734863,559640.0
2020-08-19,7.599999904632568,7.699999809265137,7.400000095367432,7.599999904632568,543630.0
2020-08-20,7.5,7.5,7.0,7.199999809265137,644130.0
2020-08-21,7.0,7.199999809265137,6.800000190734863,6.900000095367432,462920.0
2020-08-24,7.0,7.099999904632568,6.5,6.900000095367432,412540.0
2020-08-25,7.0,7.099999904632568,6.699999809265137,6.800000190734863,310500.0
2020-08-26,6.900000095367432,7.099999904632568,6.800000190734863,7.0,377790.0
2020-08-27,7.300000190734863,7.300000190734863,6.900000095367432,7.099999904632568,295310.0
2020-08-28,7.199999809265137,7.199999809265137,6.900000095367432,7.199999809265137,333620.0
2020-08-31,7.099999904632568,7.199999809265137,6.699999809265137,6.800000190734863,448600.0
2020-09-01,6.800000190734863,6.800000190734863,6.5,6.599999904632568,436550.0
2020-09-02,6.599999904632568,7.0,6.5,6.5,612010.0
2020-09-03,6.5,6.599999904632568,6.099999904632568,6.099999904632568,610420.0
2020-09-04,6.199999809265137,6.300000190734863,5.800000190734863,6.099999904632568,401860.0
2020-09-08,6.199999809265137,6.199999809265137,5.699999809265137,5.699999809265137,391830.0
2020-09-09,6.0,6.0,5.5,5.699999809265137,385120.0
2020-09-10,5.699999809265137,5.900000095367432,5.199999809265137,5.199999809265137,802650.0
2020-09-11,5.699999809265137,5.900000095367432,5.400000095367432,5.800000190734863,1270650.0
2020-09-14,5.699999809265137,5.900000095367432,5.400000095367432,5.599999904632568,707760.0
2020-09-15,5.5,5.599999904632568,5.300000190734863,5.400000095367432,691960.0
2020-09-16,5.5,5.699999809265137,5.5,5.599999904632568,714040.0
2020-09-17,5.599999904632568,5.599999904632568,5.400000095367432,5.599999904632568,376980.0
2020-09-18,5.599999904632568,6.099999904632568,5.400000095367432,5.400000095367432,849820.0
2020-09-21,5.079999923706055,5.900000095367432,4.929999828338623,5.900000095367432,1031900.0
2020-09-22,5.559999942779541,5.829999923706055,5.519999980926514,5.690000057220459,600000.0
2020-09-23,5.800000190734863,5.849999904632568,5.190000057220459,5.300000190734863,609700.0
2020-09-24,5.210000038146973,5.340000152587891,5.019999980926514,5.139999866485596,529700.0
2020-09-25,5.269999980926514,5.329999923706055,5.070000171661377,5.21999979019165,571600.0
2020-09-28,5.340000152587891,5.449999809265137,5.159999847412109,5.420000076293945,441200.0
2020-09-29,5.409999847412109,5.610000133514404,5.269999980926514,5.599999904632568,501000.0
2020-09-30,5.53000020980835,5.739999771118164,5.5,5.739999771118164,573600.0
2020-10-01,5.659999847412109,5.679999828338623,5.300000190734863,5.409999847412109,551900.0
2020-10-02,5.300000190734863,5.489999771118164,5.239999771118164,5.269999980926514,422500.0
2020-10-05,5.449999809265137,5.449999809265137,5.139999866485596,5.210000038146973,617100.0
2020-10-06,5.269999980926514,5.46999979019165,5.179999828338623,5.289999961853027,708200.0
2020-10-07,5.300000190734863,5.440000057220459,5.199999809265137,5.369999885559082,579400.0
2020-10-08,5.5,6.489999771118164,5.489999771118164,6.320000171661377,2169800.0
2020-10-09,6.369999885559082,6.389999866485596,5.75,5.909999847412109,1123900.0
2020-10-12,5.880000114440918,5.909999847412109,5.340000152587891,5.409999847412109,1185000.0
2020-10-13,5.480000019073486,5.480000019073486,5.150000095367432,5.210000038146973,889300.0
2020-10-14,5.28000020980835,5.510000228881836,5.179999828338623,5.21999979019165,696500.0
2020-10-15,5.119999885559082,5.230000019073486,5.03000020980835,5.21999979019165,526900.0
2020-10-16,5.21999979019165,5.309999942779541,5.079999923706055,5.179999828338623,577600.0
2020-10-19,5.21999979019165,5.21999979019165,5.010000228881836,5.050000190734863,579500.0
2020-10-20,5.079999923706055,5.099999904632568,4.860000133514404,5.059999942779541,834800.0
2020-10-21,5.070000171661377,5.070000171661377,4.690000057220459,4.739999771118164,1240800.0
2020-10-22,4.739999771118164,4.809999942779541,4.449999809265137,4.690000057220459,3042400.0
2020-10-23,4.760000228881836,4.760000228881836,4.460000038146973,4.690000057220459,1643000.0
2020-10-26,4.5,4.519999980926514,4.309999942779541,4.309999942779541,1020500.0
2020-10-27,4.269999980926514,4.300000190734863,4.090000152587891,4.130000114440918,933200.0
2020-10-28,3.950000047683716,3.9800000190734863,3.700000047683716,3.7300000190734863,1438200.0
2020-10-29,3.6700000762939453,3.7899999618530273,3.559999942779541,3.7699999809265137,895200.0
2020-10-30,3.819999933242798,3.8299999237060547,3.559999942779541,3.700000047683716,1025100.0
2020-11-02,3.690000057220459,3.8399999141693115,3.549999952316284,3.700000047683716,1016200.0
2020-11-03,3.8299999237060547,3.9800000190734863,3.509999990463257,3.509999990463257,2030100.0
2020-11-04,3.5899999141693115,3.5899999141693115,3.3499999046325684,3.4200000762939453,1115100.0
2020-11-05,3.559999942779541,3.6600000858306885,3.4600000381469727,3.4600000381469727,1104700.0
2020-11-06,3.8399999141693115,3.880000114440918,3.390000104904175,3.4000000953674316,1175700.0
2020-11-09,3.950000047683716,4.300000190734863,3.700000047683716,4.139999866485596,2096700.0
2020-11-10,4.210000038146973,4.400000095367432,4.139999866485596,4.400000095367432,958100.0
2020-11-11,4.800000190734863,4.800000190734863,4.340000152587891,4.420000076293945,1138300.0
2020-11-12,4.199999809265137,4.409999847412109,4.090000152587891,4.28000020980835,679100.0
2020-11-13,4.260000228881836,4.71999979019165,4.230000019073486,4.710000038146973,1015800.0
2020-11-16,4.940000057220459,5.21999979019165,4.920000076293945,5.159999847412109,1641600.0
2020-11-17,5.019999980926514,5.420000076293945,5.010000228881836,5.340000152587891,1194800.0
2020-11-18,5.429999828338623,5.619999885559082,5.300000190734863,5.309999942779541,893800.0
2020-11-19,5.239999771118164,5.650000095367432,5.21999979019165,5.579999923706055,724300.0
2020-11-20,5.579999923706055,5.889999866485596,5.519999980926514,5.639999866485596,998700.0
2020-11-23,5.75,6.110000133514404,5.75,6.0,2034000.0
2020-11-24,6.260000228881836,6.96999979019165,6.25,6.789999961853027,1896900.0
2020-11-25,6.889999866485596,6.940000057220459,6.599999904632568,6.889999866485596,1136600.0
2020-11-27,6.889999866485596,6.989999771118164,6.75,6.920000076293945,719100.0
2020-11-30,6.889999866485596,7.019999980926514,6.21999979019165,6.25,1498000.0
2020-12-01,6.420000076293945,6.570000171661377,6.099999904632568,6.119999885559082,807500.0
2020-12-02,6.059999942779541,6.900000095367432,5.78000020980835,6.880000114440918,1538400.0
2020-12-03,6.929999828338623,7.079999923706055,6.670000076293945,6.869999885559082,1130900.0
2020-12-04,6.96999979019165,7.789999961853027,6.96999979019165,7.769999980926514,1570500.0
2020-12-07,7.650000095367432,8.279999732971191,7.400000095367432,7.900000095367432,1512000.0
2020-12-08,8.0600004196167,8.850000381469727,8.0600004196167,8.640000343322754,1307700.0
2020-12-09,8.970000267028809,9.729999542236328,8.449999809265137,9.210000038146973,2742400.0
2020-12-10,9.329999923706055,9.989999771118164,9.0600004196167,9.369999885559082,2093300.0
2020-12-11,9.59000015258789,9.630000114440918,8.899999618530273,9.119999885559082,1288800.0
2020-12-14,9.300000190734863,9.329999923706055,8.220000267028809,8.399999618530273,1640100.0
2020-12-15,8.529999732971191,8.729999542236328,8.050000190734863,8.670000076293945,1336400.0
2020-12-16,8.770000457763672,9.149999618530273,8.489999771118164,9.140000343322754,1081900.0
2020-12-17,9.25,9.930000305175781,9.229999542236328,9.5,3214900.0
2020-12-18,9.649999618530273,9.720000267028809,9.180000305175781,9.430000305175781,1170500.0
2020-12-21,9.0,9.449999809265137,8.800000190734863,9.210000038146973,1652000.0
2020-12-22,9.050000190734863,9.09000015258789,8.40999984741211,8.539999961853027,1486700.0
2020-12-23,8.630000114440918,9.529999732971191,8.630000114440918,9.34000015258789,1453100.0
2020-12-24,9.449999809265137,9.449999809265137,8.84000015258789,8.960000038146973,603400.0
2020-12-28,9.140000343322754,9.369999885559082,8.609999656677246,8.850000381469727,980200.0
2020-12-29,8.890000343322754,9.079999923706055,8.4399995803833,8.710000038146973,749500.0
2020-12-30,8.739999771118164,8.979999542236328,8.609999656677246,8.899999618530273,645000.0
2020-12-31,8.920000076293945,9.180000305175781,8.579999923706055,8.760000228881836,850700.0
2021-01-04,8.920000076293945,9.079999923706055,8.579999923706055,8.880000114440918,746800.0
2021-01-05,8.899999618530273,9.869999885559082,8.869999885559082,9.4399995803833,1853200.0
2021-01-06,9.65999984741211,10.029999732971191,9.3100004196167,9.649999618530273,1381000.0
2021-01-07,9.979999542236328,10.390000343322754,9.729999542236328,10.210000038146973,1441300.0
2021-01-08,10.649999618530273,10.84000015258789,10.270000457763672,10.390000343322754,1308600.0
2021-01-11,10.279999732971191,11.0,10.0600004196167,10.680000305175781,967400.0
2021-01-12,11.25,11.529999732971191,11.0,11.15999984741211,1144400.0
2021-01-13,11.270000457763672,11.460000038146973,10.6899995803833,11.140000343322754,1002000.0
2021-01-14,11.109999656677246,12.25,11.079999923706055,11.630000114440918,1562700.0
2021-01-15,11.729999542236328,11.760000228881836,11.100000381469727,11.210000038146973,842200.0
2021-01-19,11.510000228881836,11.720000267028809,11.100000381469727,11.489999771118164,951500.0
2021-01-20,11.539999961853027,11.729999542236328,11.220000267028809,11.569999694824219,643300.0
2021-01-21,11.489999771118164,11.5600004196167,10.630000114440918,10.850000381469727,1063700.0
2021-01-22,10.399999618530273,10.699999809265137,10.100000381469727,10.350000381469727,1173300.0
2021-01-25,10.260000228881836,10.449999809265137,9.869999885559082,10.449999809265137,757200.0
2021-01-26,10.609999656677246,10.829999923706055,10.0,10.010000228881836,1022800.0
2021-01-27,9.819999694824219,10.680000305175781,9.460000038146973,10.079999923706055,971100.0
2021-01-28,10.25,10.5,9.970000267028809,10.40999984741211,840100.0
2021-01-29,10.1899995803833,10.859999656677246,10.079999923706055,10.199999809265137,797200.0
2021-02-01,10.319999694824219,10.449999809265137,10.020000457763672,10.3100004196167,520800.0
2021-02-02,10.640000343322754,10.979999542236328,10.420000076293945,10.949999809265137,652500.0
2021-02-03,11.069999694824219,11.680000305175781,11.020000457763672,11.25,860500.0
2021-02-04,11.300000190734863,11.369999885559082,10.380000114440918,10.449999809265137,1816800.0
2021-02-05,11.0,11.779999732971191,10.859999656677246,11.0,7313200.0
2021-02-08,11.380000114440918,11.649999618530273,11.0,11.579999923706055,1930100.0
2021-02-09,11.5,12.329999923706055,11.0,12.010000228881836,1932200.0
2021-02-10,13.0,13.550000190734863,12.420000076293945,12.920000076293945,2424000.0
2021-02-11,13.0,13.050000190734863,11.380000114440918,11.760000228881836,1575900.0
2021-02-12,11.75,12.100000381469727,11.609999656677246,11.760000228881836,1049100.0
2021-02-16,12.770000457763672,12.800000190734863,11.720000267028809,12.039999961853027,1698300.0
2021-02-17,12.170000076293945,12.199999809265137,11.680000305175781,11.920000076293945,1005200.0
2021-02-18,11.720000267028809,11.720000267028809,10.949999809265137,11.029999732971191,1507700.0
2021-02-19,11.069999694824219,11.399999618530273,10.899999618530273,11.279999732971191,1362300.0
2021-02-22,11.59000015258789,12.789999961853027,11.5,12.300000190734863,1976900.0
2021-02-23,12.600000381469727,12.819999694824219,11.550000190734863,12.539999961853027,1364000.0
2021-02-24,12.880000114440918,14.600000381469727,12.640000343322754,14.550000190734863,4122400.0
2021-02-25,14.520000457763672,14.600000381469727,13.09000015258789,13.34000015258789,1830200.0
2021-02-26,13.1899995803833,13.670000076293945,12.699999809265137,13.279999732971191,682700.0
2021-03-01,13.6899995803833,13.979999542236328,13.0,13.130000114440918,1316200.0
2021-03-02,13.010000228881836,13.350000381469727,12.670000076293945,12.739999771118164,717300.0
2021-03-03,12.880000114440918,13.569999694824219,12.880000114440918,13.34000015258789,940600.0
2021-03-04,13.550000190734863,14.34000015258789,13.25,13.8100004196167,1499300.0
2021-03-05,14.390000343322754,14.979999542236328,13.760000228881836,14.880000114440918,1644500.0
2021-03-08,15.0,15.260000228881836,13.470000267028809,13.760000228881836,1383000.0
2021-03-09,13.729999542236328,14.0,13.210000038146973,13.619999885559082,842000.0
2021-03-10,13.640000343322754,14.1899995803833,13.569999694824219,13.949999809265137,979800.0
2021-03-11,14.010000228881836,14.5,13.890000343322754,14.3100004196167,845500.0
2021-03-12,13.779999732971191,14.3100004196167,13.300000190734863,14.109999656677246,1101400.0
2021-03-15,14.180000305175781,14.84000015258789,13.720000267028809,13.90999984741211,1210100.0
2021-03-16,14.0,14.289999961853027,13.399999618530273,13.6899995803833,1008800.0
2021-03-17,13.600000381469727,14.130000114440918,13.399999618530273,14.010000228881836,1027900.0
2021-03-18,13.770000457763672,14.079999923706055,12.40999984741211,12.5600004196167,1605000.0
2021-03-19,12.710000038146973,13.819999694824219,12.329999923706055,13.760000228881836,5018200.0
2021-03-22,13.609999656677246,13.710000038146973,12.899999618530273,13.170000076293945,1175200.0
2021-03-23,12.569999694824219,12.920000076293945,12.289999961853027,12.479999542236328,1126200.0
2021-03-24,12.770000457763672,13.039999961853027,12.550000190734863,12.5600004196167,1037300.0
2021-03-25,12.220000267028809,12.430000305175781,11.550000190734863,12.34000015258789,1431700.0
2021-03-26,12.5,12.789999961853027,12.199999809265137,12.789999961853027,890200.0
2021-03-29,12.489999771118164,12.779999732971191,11.949999809265137,12.0,754700.0
2021-03-30,11.800000190734863,12.170000076293945,11.399999618530273,12.15999984741211,554900.0
2021-03-31,12.109999656677246,12.449999809265137,11.989999771118164,12.079999923706055,645300.0
2021-04-01,12.300000190734863,13.170000076293945,12.220000267028809,13.140000343322754,853800.0
2021-04-05,12.899999618530273,13.0,12.220000267028809,12.279999732971191,1083600.0
2021-04-06,12.359999656677246,13.069999694824219,12.149999618530273,12.479999542236328,1060500.0
2021-04-07,12.399999618530273,12.90999984741211,12.279999732971191,12.8100004196167,655000.0
2021-04-08,12.670000076293945,12.979999542236328,12.449999809265137,12.6899995803833,657100.0
2021-04-09,12.65999984741211,12.9399995803833,12.359999656677246,12.529999732971191,591100.0
2021-04-12,12.600000381469727,12.760000228881836,11.850000381469727,11.880000114440918,720100.0
2021-04-13,11.920000076293945,12.279999732971191,11.760000228881836,12.25,526600.0
2021-04-14,12.380000114440918,13.4399995803833,12.279999732971191,12.869999885559082,905100.0
2021-04-15,13.0,13.010000228881836,12.579999923706055,12.84000015258789,505700.0
2021-04-16,12.989999771118164,12.989999771118164,12.640000343322754,12.779999732971191,501600.0
2021-04-19,12.789999961853027,13.199999809265137,12.729999542236328,12.920000076293945,514100.0
2021-04-20,12.850000381469727,12.859999656677246,12.170000076293945,12.270000457763672,571900.0
2021-04-21,12.119999885559082,12.600000381469727,11.899999618530273,12.569999694824219,477400.0
2021-04-22,12.600000381469727,12.609999656677246,12.229999542236328,12.229999542236328,426500.0
2021-04-23,12.300000190734863,12.579999923706055,12.119999885559082,12.220000267028809,343700.0
2021-04-26,12.069999694824219,12.770000457763672,12.069999694824219,12.550000190734863,498500.0
2021-04-27,12.609999656677246,13.09000015258789,12.569999694824219,13.0600004196167,495300.0
2021-04-28,13.140000343322754,14.380000114440918,13.140000343322754,14.210000038146973,1159700.0
2021-04-29,14.729999542236328,15.15999984741211,14.279999732971191,14.8100004196167,1097800.0
2021-04-30,14.4399995803833,15.039999961853027,14.380000114440918,14.479999542236328,752900.0
2021-05-03,14.670000076293945,14.949999809265137,14.399999618530273,14.850000381469727,678400.0
2021-05-04,14.789999961853027,15.119999885559082,14.65999984741211,14.729999542236328,909200.0
2021-05-05,15.119999885559082,16.0,14.930000305175781,15.84000015258789,1372300.0
2021-05-06,15.729999542236328,15.760000228881836,14.800000190734863,15.25,1003400.0
2021-05-07,15.300000190734863,17.18000030517578,15.199999809265137,16.700000762939453,1519800.0
2021-05-10,17.15999984741211,17.75,15.829999923706055,15.869999885559082,1386100.0
2021-05-11,15.300000190734863,16.309999465942383,15.100000381469727,16.09000015258789,715300.0
2021-05-12,16.350000381469727,17.1200008392334,15.899999618530273,15.979999542236328,1071200.0
2021-05-13,15.75,16.350000381469727,14.859999656677246,15.270000457763672,953400.0
2021-05-14,15.649999618530273,16.15999984741211,15.569999694824219,15.920000076293945,623300.0
2021-05-17,15.699999809265137,16.809999465942383,15.699999809265137,16.760000228881836,606600.0
2021-05-18,16.860000610351562,17.850000381469727,16.540000915527344,17.1299991607666,1160200.0
2021-05-19,16.440000534057617,17.06999969482422,15.760000228881836,16.950000762939453,1366300.0
2021-05-20,16.149999618530273,17.0,15.979999542236328,16.81999969482422,827500.0
2021-05-21,17.0,17.06999969482422,16.649999618530273,16.81999969482422,605000.0
2021-05-24,17.0,17.649999618530273,16.65999984741211,17.6200008392334,856000.0
2021-05-25,17.5,17.690000534057617,16.670000076293945,16.690000534057617,786500.0
2021-05-26,16.700000762939453,17.559999465942383,16.68000030517578,17.549999237060547,705100.0
2021-05-27,17.540000915527344,18.18000030517578,17.3700008392334,18.139999389648438,1204000.0
2021-05-28,18.1200008392334,18.600000381469727,17.860000610351562,18.209999084472656,378500.0
2021-06-01,18.920000076293945,19.40999984741211,18.56999969482422,18.93000030517578,1025000.0
2021-06-02,19.260000228881836,19.3799991607666,18.75,18.899999618530273,705900.0
2021-06-03,18.8700008392334,18.969999313354492,18.399999618530273,18.579999923706055,414600.0
2021-06-04,18.5,18.989999771118164,18.149999618530273,18.860000610351562,509400.0
2021-06-07,19.34000015258789,19.850000381469727,19.1299991607666,19.520000457763672,1288000.0
2021-06-08,19.450000762939453,20.260000228881836,19.149999618530273,20.09000015258789,726000.0
2021-06-09,20.280000686645508,20.3799991607666,19.43000030517578,19.440000534057617,772600.0
2021-06-10,19.809999465942383,20.06999969482422,18.81999969482422,19.219999313354492,592600.0
2021-06-11,19.31999969482422,19.479999542236328,19.149999618530273,19.239999771118164,461800.0
2021-06-14,19.420000076293945,19.780000686645508,18.6299991607666,18.739999771118164,667400.0
2021-06-15,18.81999969482422,19.030000686645508,18.459999084472656,19.0,1128500.0
2021-06-16,18.90999984741211,19.459999084472656,18.549999237060547,19.350000381469727,790000.0
2021-06-17,18.65999984741211,19.709999084472656,18.40999984741211,19.31999969482422,4692300.0
2021-06-18,18.770000457763672,19.479999542236328,18.600000381469727,19.059999465942383,1487300.0
2021-06-21,19.309999465942383,19.75,19.09000015258789,19.530000686645508,1375500.0
2021-06-22,19.5,19.84000015258789,19.1200008392334,19.809999465942383,1028700.0
2021-06-23,19.889999389648438,20.290000915527344,19.579999923706055,19.739999771118164,785100.0
2021-06-24,19.799999237060547,20.360000610351562,19.59000015258789,19.889999389648438,1341500.0
2021-06-25,19.979999542236328,20.600000381469727,19.829999923706055,20.540000915527344,7257400.0
2021-06-28,20.639999389648438,20.68000030517578,19.329999923706055,19.43000030517578,1210700.0
2021-06-29,19.700000762939453,20.399999618530273,19.5,19.770000457763672,896500.0
2021-06-30,19.899999618530273,20.84000015258789,19.799999237060547,20.770000457763672,1239100.0
2021-07-01,21.440000534057617,21.639999389648438,20.459999084472656,21.200000762939453,1060100.0
2021-07-02,21.350000381469727,21.600000381469727,20.969999313354492,21.030000686645508,1030900.0
2021-07-06,21.200000762939453,21.309999465942383,19.899999618530273,20.149999618530273,632600.0
2021-07-07,20.350000381469727,20.700000762939453,19.3799991607666,19.540000915527344,670900.0
2021-07-08,19.139999389648438,19.950000762939453,18.760000228881836,19.489999771118164,592200.0
2021-07-09,19.84000015258789,19.889999389648438,19.450000762939453,19.670000076293945,434800.0
2021-07-12,19.329999923706055,19.68000030517578,19.0,19.5,455500.0
2021-07-13,19.469999313354492,19.469999313354492,18.950000762939453,19.059999465942383,608900.0
2021-07-14,19.299999237060547,19.610000610351562,17.489999771118164,17.690000534057617,870600.0
2021-07-15,16.81999969482422,17.790000915527344,16.81999969482422,17.540000915527344,1199600.0
2021-07-16,17.68000030517578,17.690000534057617,15.729999542236328,15.850000381469727,1234200.0
2021-07-19,15.640000343322754,15.720000267028809,14.9399995803833,15.609999656677246,1402800.0
2021-07-20,15.739999771118164,16.25,15.020000457763672,16.190000534057617,1235100.0
2021-07-21,16.5,17.170000076293945,16.459999084472656,16.770000457763672,883900.0
2021-07-22,17.209999084472656,17.219999313354492,16.549999237060547,16.889999389648438,699100.0
2021-07-23,16.93000030517578,17.059999465942383,16.190000534057617,16.350000381469727,355800.0
2021-07-26,16.350000381469727,17.260000228881836,16.350000381469727,17.049999237060547,485100.0
2021-07-27,16.950000762939453,16.950000762939453,16.110000610351562,16.360000610351562,537300.0
2021-07-28,16.450000762939453,17.229999542236328,16.40999984741211,16.969999313354492,965500.0
2021-07-29,17.25,17.34000015258789,16.8799991607666,17.149999618530273,511200.0
2021-07-30,16.979999542236328,17.3700008392334,16.84000015258789,17.270000457763672,894100.0
2021-08-02,17.270000457763672,17.790000915527344,16.139999389648438,16.31999969482422,504600.0
2021-08-03,16.110000610351562,16.709999084472656,15.819999694824219,16.510000228881836,670600.0
2021-08-04,16.239999771118164,16.540000915527344,15.800000190734863,15.880000114440918,720600.0
2021-08-05,15.920000076293945,17.09000015258789,15.899999618530273,16.979999542236328,849400.0
2021-08-06,17.1299991607666,17.399999618530273,16.65999984741211,17.190000534057617,598300.0
2021-08-09,16.829999923706055,16.959999084472656,16.34000015258789,16.59000015258789,544300.0
2021-08-10,16.729999542236328,17.56999969482422,16.530000686645508,17.350000381469727,803400.0
2021-08-11,17.1200008392334,17.68000030517578,16.670000076293945,17.6200008392334,692500.0
2021-08-12,17.31999969482422,17.860000610351562,17.299999237060547,17.639999389648438,537100.0
2021-08-13,17.559999465942383,17.6299991607666,16.440000534057617,16.440000534057617,498500.0
2021-08-16,16.100000381469727,16.489999771118164,15.640000343322754,15.789999961853027,569300.0
2021-08-17,15.520000457763672,16.15999984741211,15.4399995803833,15.899999618530273,480200.0
2021-08-18,16.030000686645508,16.280000686645508,15.239999771118164,15.260000228881836,578300.0
2021-08-19,14.899999618530273,15.369999885559082,14.09000015258789,14.300000190734863,891600.0
2021-08-20,14.25,14.619999885559082,14.029999732971191,14.600000381469727,547300.0
2021-08-23,15.279999732971191,15.4399995803833,14.979999542236328,15.220000267028809,557100.0
2021-08-24,15.479999542236328,15.770000457763672,15.270000457763672,15.579999923706055,392400.0
2021-08-25,15.569999694824219,15.920000076293945,15.319999694824219,15.739999771118164,405800.0
2021-08-26,15.649999618530273,15.899999618530273,15.289999961853027,15.319999694824219,451500.0
2021-08-27,15.489999771118164,16.579999923706055,15.489999771118164,16.149999618530273,594200.0
2021-08-30,16.469999313354492,16.469999313354492,15.729999542236328,15.979999542236328,418600.0
2021-08-31,15.890000343322754,16.6200008392334,15.720000267028809,16.600000381469727,656400.0
2021-09-01,16.770000457763672,16.90999984741211,16.3799991607666,16.81999969482422,763000.0
2021-09-02,16.81999969482422,17.799999237060547,16.81999969482422,17.34000015258789,661800.0
2021-09-03,17.389999389648438,17.610000610351562,17.0,17.459999084472656,577900.0
2021-09-07,17.299999237060547,17.760000228881836,17.15999984741211,17.579999923706055,956000.0
2021-09-08,17.68000030517578,18.100000381469727,17.25,17.899999618530273,762400.0
2021-09-09,17.829999923706055,18.079999923706055,17.18000030517578,17.260000228881836,649800.0
2021-09-10,17.700000762939453,17.709999084472656,17.219999313354492,17.270000457763672,372700.0
2021-09-13,17.440000534057617,17.8700008392334,17.309999465942383,17.860000610351562,696900.0
2021-09-14,18.020000457763672,18.020000457763672,17.219999313354492,17.670000076293945,630100.0
2021-09-15,17.959999084472656,18.540000915527344,17.899999618530273,18.510000228881836,819600.0
2021-09-16,18.459999084472656,18.649999618530273,17.950000762939453,18.399999618530273,494300.0
2021-09-17,18.299999237060547,18.549999237060547,17.229999542236328,17.25,1419400.0
2021-09-20,16.700000762939453,17.229999542236328,16.420000076293945,17.149999618530273,621100.0
2021-09-21,17.299999237060547,17.719999313354492,17.049999237060547,17.530000686645508,612600.0
2021-09-22,17.90999984741211,18.209999084472656,17.760000228881836,17.799999237060547,625100.0
2021-09-23,18.0,18.739999771118164,17.850000381469727,18.690000534057617,1188200.0
2021-09-24,18.3700008392334,19.209999084472656,18.3700008392334,19.209999084472656,508600.0
2021-09-27,19.68000030517578,21.049999237060547,19.600000381469727,20.8799991607666,1119200.0
2021-09-28,21.149999618530273,21.299999237060547,20.469999313354492,20.59000015258789,1319300.0
2021-09-29,20.610000610351562,21.399999618530273,20.209999084472656,21.399999618530273,838800.0
2021-09-30,21.309999465942383,21.579999923706055,20.6200008392334,21.399999618530273,1019400.0
2021-10-01,21.360000610351562,22.809999465942383,21.260000228881836,22.3700008392334,1380800.0
2021-10-04,22.799999237060547,24.729999542236328,22.530000686645508,24.729999542236328,1419200.0
2021-10-05,25.06999969482422,25.229999542236328,22.700000762939453,24.15999984741211,1472200.0
2021-10-06,23.600000381469727,23.799999237060547,22.479999542236328,22.56999969482422,1014300.0
2021-10-07,23.18000030517578,24.959999084472656,22.610000610351562,24.6200008392334,1334300.0
2021-10-08,24.969999313354492,26.020000457763672,24.700000762939453,26.0,1085000.0
2021-10-11,26.8700008392334,26.8799991607666,26.049999237060547,26.469999313354492,1572500.0
2021-10-12,26.540000915527344,27.8700008392334,26.079999923706055,26.770000457763672,1089900.0
2021-10-13,26.34000015258789,26.709999084472656,25.56999969482422,25.709999084472656,1332200.0
2021-10-14,26.020000457763672,26.229999542236328,24.700000762939453,25.350000381469727,1122900.0
2021-10-15,25.940000534057617,26.530000686645508,25.18000030517578,25.190000534057617,641500.0
2021-10-18,25.579999923706055,26.100000381469727,24.299999237060547,24.829999923706055,686900.0
2021-10-19,24.93000030517578,25.06999969482422,24.399999618530273,24.780000686645508,445900.0
2021-10-20,24.3799991607666,25.260000228881836,24.059999465942383,25.06999969482422,429000.0
2021-10-21,24.889999389648438,25.209999084472656,24.170000076293945,24.209999084472656,515800.0
2021-10-22,24.239999771118164,24.989999771118164,23.90999984741211,24.950000762939453,770800.0
2021-10-25,25.280000686645508,26.020000457763672,24.81999969482422,25.389999389648438,845900.0
2021-10-26,24.93000030517578,25.030000686645508,24.270000457763672,24.68000030517578,1553300.0
2021-10-27,24.329999923706055,24.530000686645508,23.020000457763672,23.209999084472656,962100.0
2021-10-28,23.110000610351562,23.899999618530273,22.8799991607666,23.889999389648438,553300.0
2021-10-29,23.93000030517578,23.979999542236328,23.0,23.15999984741211,484100.0
2021-11-01,23.600000381469727,24.299999237060547,23.309999465942383,24.06999969482422,633700.0
2021-11-02,23.950000762939453,24.469999313354492,23.600000381469727,24.280000686645508,576000.0
2021-11-03,23.809999465942383,24.610000610351562,23.610000610351562,23.760000228881836,600000.0
2021-11-04,24.09000015258789,24.600000381469727,23.31999969482422,23.8700008392334,431200.0
2021-11-05,23.649999618530273,25.56999969482422,23.459999084472656,25.40999984741211,1516600.0
2021-11-08,25.719999313354492,25.950000762939453,24.440000534057617,24.68000030517578,808300.0
2021-11-09,24.899999618530273,25.260000228881836,24.049999237060547,24.68000030517578,630900.0
2021-11-10,24.420000076293945,24.59000015258789,23.25,23.690000534057617,865100.0
2021-11-11,23.790000915527344,24.299999237060547,23.559999465942383,23.709999084472656,651800.0
2021-11-12,23.6299991607666,23.90999984741211,23.1200008392334,23.860000610351562,634000.0
2021-11-15,23.6200008392334,24.639999389648438,23.100000381469727,24.149999618530273,479600.0
2021-11-16,24.100000381469727,24.190000534057617,23.299999237060547,23.5,592200.0
2021-11-17,22.809999465942383,23.18000030517578,20.68000030517578,21.489999771118164,2584700.0
2021-11-18,21.260000228881836,21.770000457763672,20.34000015258789,21.190000534057617,5234100.0
2021-11-19,20.75,21.110000610351562,19.989999771118164,20.899999618530273,3478100.0
2021-11-22,21.079999923706055,21.389999389648438,20.549999237060547,20.670000076293945,1251600.0
2021-11-23,20.989999771118164,22.0,20.950000762939453,21.479999542236328,1245600.0
2021-11-24,21.170000076293945,22.260000228881836,21.170000076293945,22.139999389648438,929100.0
2021-11-26,20.860000610351562,20.860000610351562,19.719999313354492,20.549999237060547,1003200.0
2021-11-29,21.350000381469727,21.68000030517578,20.389999389648438,20.969999313354492,984200.0
2021-11-30,20.209999084472656,20.93000030517578,19.510000228881836,20.3799991607666,1882300.0
2021-12-01,21.010000228881836,21.010000228881836,18.399999618530273,18.510000228881836,1988000.0
2021-12-02,18.40999984741211,19.280000686645508,17.979999542236328,19.209999084472656,2324600.0
2021-12-03,19.559999465942383,19.889999389648438,18.43000030517578,18.8700008392334,1112300.0
2021-12-06,19.389999389648438,19.829999923706055,18.610000610351562,19.34000015258789,862400.0
2021-12-07,19.790000915527344,20.6200008392334,19.700000762939453,20.139999389648438,1043900.0
2021-12-08,20.170000076293945,20.75,19.639999389648438,20.739999771118164,1332700.0
2021-12-09,20.3799991607666,20.68000030517578,20.020000457763672,20.450000762939453,768300.0
2021-12-10,20.6200008392334,20.770000457763672,19.6299991607666,20.299999237060547,966500.0
2021-12-13,20.100000381469727,20.170000076293945,18.809999465942383,18.950000762939453,1074900.0
2021-12-14,18.549999237060547,19.0,18.329999923706055,18.450000762939453,1376200.0
2021-12-15,18.450000762939453,18.969999313354492,17.65999984741211,18.690000534057617,1050300.0
2021-12-16,18.889999389648438,19.34000015258789,18.3799991607666,18.520000457763672,959100.0
2021-12-17,18.780000686645508,19.280000686645508,18.299999237060547,19.18000030517578,2085700.0
2021-12-20,18.399999618530273,18.709999084472656,17.520000457763672,18.5,1019200.0
2021-12-21,18.829999923706055,19.829999923706055,18.770000457763672,19.729999542236328,973700.0
2021-12-22,19.719999313354492,20.020000457763672,19.299999237060547,19.920000076293945,683800.0
2021-12-23,19.959999084472656,20.079999923706055,19.59000015258789,19.93000030517578,484800.0
2021-12-27,20.1200008392334,21.389999389648438,19.780000686645508,21.170000076293945,730600.0
2021-12-28,21.440000534057617,21.610000610351562,20.68000030517578,20.75,630000.0
2021-12-29,20.770000457763672,21.1200008392334,20.420000076293945,20.68000030517578,365200.0
2021-12-30,20.75,21.110000610351562,20.0,20.06999969482422,435900.0
2021-12-31,19.959999084472656,20.649999618530273,19.75,20.579999923706055,607600.0
2022-01-03,20.559999465942383,21.780000686645508,20.559999465942383,21.709999084472656,724500.0
2022-01-04,21.8799991607666,22.770000457763672,21.799999237060547,22.540000915527344,1211800.0
2022-01-05,22.829999923706055,23.06999969482422,21.31999969482422,21.34000015258789,1103800.0
2022-01-06,22.1299991607666,23.06999969482422,21.969999313354492,22.739999771118164,972400.0
2022-01-07,22.860000610351562,23.049999237060547,22.31999969482422,22.579999923706055,839000.0
2022-01-10,22.440000534057617,22.75,21.3700008392334,21.8799991607666,654500.0
2022-01-11,22.149999618530273,23.440000534057617,21.559999465942383,23.200000762939453,784300.0
2022-01-12,23.510000228881836,23.709999084472656,23.110000610351562,23.239999771118164,567500.0
2022-01-13,23.280000686645508,23.709999084472656,22.520000457763672,22.739999771118164,398500.0
2022-01-14,22.979999542236328,23.940000534057617,22.799999237060547,23.850000381469727,706300.0
2022-01-18,24.190000534057617,24.3799991607666,22.950000762939453,23.43000030517578,807400.0
2022-01-19,23.579999923706055,23.959999084472656,22.84000015258789,23.3700008392334,891600.0
2022-01-20,23.239999771118164,24.1200008392334,22.59000015258789,22.6200008392334,1038700.0
2022-01-21,22.25,22.760000228881836,21.639999389648438,21.739999771118164,1026800.0
2022-01-24,20.770000457763672,22.520000457763672,20.020000457763672,22.450000762939453,1132000.0
2022-01-25,22.139999389648438,23.290000915527344,21.110000610351562,22.93000030517578,766500.0
2022-01-26,23.780000686645508,23.940000534057617,22.34000015258789,22.889999389648438,1016000.0
2022-01-27,23.360000610351562,24.059999465942383,21.700000762939453,22.479999542236328,1188200.0
2022-01-28,22.690000534057617,23.489999771118164,22.540000915527344,23.200000762939453,1240300.0
2022-01-31,23.25,24.1200008392334,22.68000030517578,23.520000457763672,1130300.0
2022-02-01,23.90999984741211,25.299999237060547,23.25,24.75,2562900.0
2022-02-02,25.059999465942383,25.280000686645508,23.31999969482422,24.579999923706055,1033300.0
2022-02-03,24.059999465942383,24.739999771118164,23.65999984741211,24.479999542236328,768000.0
2022-02-04,24.65999984741211,25.469999313354492,24.09000015258789,24.559999465942383,1138600.0
2022-02-07,24.530000686645508,24.940000534057617,23.920000076293945,24.15999984741211,795400.0
2022-02-08,23.889999389648438,24.040000915527344,21.809999465942383,22.270000457763672,1375400.0
2022-02-09,22.309999465942383,23.200000762939453,22.209999084472656,22.889999389648438,1056100.0
2022-02-10,22.65999984741211,24.100000381469727,22.65999984741211,23.079999923706055,1652400.0
2022-02-11,23.440000534057617,24.670000076293945,23.200000762939453,24.389999389648438,828700.0
2022-02-14,24.510000228881836,25.190000534057617,23.799999237060547,24.670000076293945,1660800.0
2022-02-15,23.260000228881836,24.31999969482422,23.020000457763672,24.110000610351562,1030400.0
2022-02-16,24.459999084472656,25.100000381469727,23.739999771118164,24.0,1061200.0
2022-02-17,24.1200008392334,24.549999237060547,23.540000915527344,24.149999618530273,709300.0
2022-02-18,23.59000015258789,24.350000381469727,23.510000228881836,23.950000762939453,1108600.0
2022-02-22,25.0,25.0,22.700000762939453,22.899999618530273,1113800.0
2022-02-23,23.040000915527344,23.790000915527344,22.68000030517578,22.950000762939453,1003500.0
2022-02-24,23.959999084472656,23.959999084472656,22.219999313354492,23.260000228881836,1223800.0
2022-02-25,23.5,23.65999984741211,22.209999084472656,23.600000381469727,1209200.0
2022-02-28,23.34000015258789,25.1299991607666,23.34000015258789,25.079999923706055,1484300.0
2022-03-01,25.670000076293945,26.399999618530273,25.40999984741211,25.65999984741211,2299900.0
2022-03-02,26.440000534057617,27.040000915527344,25.760000228881836,26.110000610351562,1731200.0
2022-03-03,25.850000381469727,26.1299991607666,24.5,25.690000534057617,1304500.0
2022-03-04,25.8700008392334,28.040000915527344,25.860000610351562,27.389999389648438,2724700.0
2022-03-07,27.540000915527344,29.100000381469727,26.459999084472656,27.079999923706055,1819500.0
2022-03-08,27.280000686645508,27.760000228881836,25.149999618530273,26.360000610351562,2274600.0
2022-03-09,25.059999465942383,25.530000686645508,23.969999313354492,25.209999084472656,1732600.0
2022-03-10,25.350000381469727,25.850000381469727,24.579999923706055,25.190000534057617,1372800.0
2022-03-11,24.649999618530273,25.559999465942383,24.649999618530273,24.979999542236328,1166200.0
2022-03-14,24.06999969482422,24.209999084472656,22.65999984741211,23.84000015258789,1567600.0
2022-03-15,23.329999923706055,25.09000015258789,23.329999923706055,24.639999389648438,1233900.0
2022-03-16,24.56999969482422,24.84000015258789,23.799999237060547,24.739999771118164,1233500.0
2022-03-17,25.34000015258789,26.440000534057617,25.25,25.93000030517578,1271000.0
2022-03-18,26.34000015258789,27.549999237060547,25.969999313354492,27.25,3564200.0
2022-03-21,27.719999313354492,28.299999237060547,27.059999465942383,27.549999237060547,1383600.0
2022-03-22,27.549999237060547,27.850000381469727,26.540000915527344,27.170000076293945,906100.0
2022-03-23,27.510000228881836,28.25,27.440000534057617,27.989999771118164,842700.0
2022-03-24,28.1299991607666,28.729999542236328,27.479999542236328,27.790000915527344,874400.0
2022-03-25,27.790000915527344,29.690000534057617,27.600000381469727,29.360000610351562,1249300.0
2022-03-28,28.40999984741211,28.809999465942383,27.829999923706055,28.030000686645508,874000.0
2022-03-29,27.260000228881836,28.040000915527344,26.84000015258789,27.719999313354492,1297400.0
2022-03-30,28.350000381469727,29.290000915527344,28.25,28.780000686645508,1187400.0
2022-03-31,28.399999618530273,29.479999542236328,28.15999984741211,28.190000534057617,1056400.0
2022-04-01,28.3700008392334,29.860000610351562,28.170000076293945,28.520000457763672,1590700.0
2022-04-04,28.979999542236328,29.8799991607666,28.450000762939453,29.719999313354492,961200.0
2022-04-05,29.90999984741211,30.440000534057617,28.440000534057617,28.520000457763672,1180800.0
2022-04-06,28.600000381469727,28.860000610351562,27.149999618530273,27.450000762939453,1006400.0
2022-04-07,27.770000457763672,29.030000686645508,27.420000076293945,28.850000381469727,1149500.0
2022-04-08,28.850000381469727,29.25,28.280000686645508,28.700000762939453,660800.0
2022-04-11,28.149999618530273,28.149999618530273,27.31999969482422,27.719999313354492,544700.0
2022-04-12,28.540000915527344,29.09000015258789,28.059999465942383,28.209999084472656,722600.0
2022-04-13,28.799999237060547,29.399999618530273,28.200000762939453,29.170000076293945,605500.0
2022-04-14,29.079999923706055,29.43000030517578,28.68000030517578,28.8700008392334,489100.0
2022-04-18,29.1299991607666,29.770000457763672,28.799999237060547,28.959999084472656,538800.0
2022-04-19,28.5,28.940000534057617,27.989999771118164,28.110000610351562,577600.0
2022-04-20,28.469999313354492,29.25,27.889999389648438,29.170000076293945,712000.0
2022-04-21,29.670000076293945,29.770000457763672,27.260000228881836,27.479999542236328,993400.0
2022-04-22,27.079999923706055,27.440000534057617,25.280000686645508,25.450000762939453,979400.0
2022-04-25,24.649999618530273,25.3799991607666,23.170000076293945,25.1299991607666,1441800.0
2022-04-26,25.43000030517578,25.93000030517578,24.75,24.969999313354492,912600.0
2022-04-27,25.040000915527344,25.1200008392334,24.110000610351562,24.739999771118164,668700.0
2022-04-28,25.020000457763672,26.06999969482422,23.84000015258789,25.790000915527344,703100.0
2022-04-29,25.799999237060547,26.15999984741211,24.6299991607666,24.979999542236328,600200.0
2022-05-02,24.309999465942383,24.799999237060547,23.530000686645508,24.610000610351562,845200.0
2022-05-03,24.719999313354492,25.809999465942383,24.530000686645508,25.459999084472656,686200.0
2022-05-04,26.670000076293945,28.049999237060547,25.93000030517578,27.940000534057617,1619300.0
2022-05-05,28.389999389648438,28.5,26.389999389648438,27.290000915527344,819900.0
2022-05-06,27.799999237060547,29.389999389648438,26.93000030517578,29.229999542236328,1614200.0
2022-05-09,28.15999984741211,28.229999542236328,25.450000762939453,25.780000686645508,1903800.0
2022-05-10,26.1200008392334,26.799999237060547,24.899999618530273,26.139999389648438,947100.0
2022-05-11,26.979999542236328,27.760000228881836,25.93000030517578,25.989999771118164,1354000.0
2022-05-12,25.739999771118164,26.850000381469727,25.260000228881836,26.079999923706055,1291400.0
2022-05-13,26.610000610351562,27.389999389648438,26.610000610351562,27.110000610351562,823900.0
2022-05-16,27.1299991607666,28.68000030517578,27.1299991607666,28.030000686645508,873000.0
2022-05-17,28.3700008392334,28.479999542236328,27.700000762939453,28.219999313354492,849000.0
2022-05-18,28.68000030517578,28.68000030517578,26.6200008392334,27.469999313354492,923500.0
2022-05-19,26.530000686645508,27.959999084472656,26.510000228881836,27.229999542236328,829100.0
2022-05-20,27.510000228881836,27.979999542236328,26.860000610351562,27.6299991607666,459400.0
2022-05-23,27.8799991607666,29.010000228881836,27.1299991607666,28.979999542236328,847400.0
2022-05-24,28.65999984741211,29.260000228881836,28.18000030517578,29.1200008392334,1001300.0
2022-05-25,29.360000610351562,30.049999237060547,29.329999923706055,29.670000076293945,1398300.0
2022-05-26,30.209999084472656,31.68000030517578,30.100000381469727,31.40999984741211,1261800.0
2022-05-27,31.43000030517578,33.36000061035156,31.079999923706055,33.33000183105469,1154300.0
2022-05-31,33.849998474121094,34.16999816894531,31.5,32.689998626708984,2091400.0
2022-06-01,33.0,34.040000915527344,32.470001220703125,32.959999084472656,1572800.0
2022-06-02,32.630001068115234,33.529998779296875,32.02000045776367,33.2400016784668,899300.0
2022-06-03,33.0,34.0,32.66999816894531,33.7599983215332,785100.0
2022-06-06,34.02000045776367,34.400001525878906,33.52000045776367,34.209999084472656,683300.0
2022-06-07,33.869998931884766,35.849998474121094,33.72999954223633,35.83000183105469,1165100.0
2022-06-08,36.34000015258789,39.099998474121094,36.25,36.27000045776367,2805500.0
2022-06-09,36.279998779296875,37.939998626708984,35.869998931884766,37.0099983215332,1361500.0
2022-06-10,36.7400016784668,37.459999084472656,36.0099983215332,37.02000045776367,1720700.0
2022-06-13,35.380001068115234,36.20000076293945,33.54999923706055,35.09000015258789,1704100.0
2022-06-14,36.560001373291016,36.83000183105469,33.91999816894531,34.400001525878906,1461700.0
2022-06-15,34.34000015258789,35.06999969482422,33.369998931884766,34.310001373291016,975900.0
2022-06-16,33.11000061035156,33.66999816894531,32.11000061035156,32.150001525878906,2029300.0
2022-06-17,32.09000015258789,32.34000015258789,27.450000762939453,27.520000457763672,4285500.0
2022-06-21,29.5,31.079999923706055,28.81999969482422,30.84000015258789,2156800.0
2022-06-22,28.850000381469727,29.139999389648438,27.229999542236328,27.280000686645508,2054800.0
2022-06-23,27.299999237060547,27.8799991607666,25.010000228881836,25.8799991607666,1995300.0
2022-06-24,26.440000534057617,27.360000610351562,25.600000381469727,26.079999923706055,3266000.0
2022-06-27,26.479999542236328,27.56999969482422,26.010000228881836,27.540000915527344,1502100.0
2022-06-28,28.229999542236328,28.739999771118164,27.6200008392334,28.530000686645508,1480000.0
2022-06-29,29.059999465942383,29.200000762939453,25.989999771118164,26.1299991607666,1189000.0
2022-06-30,25.360000610351562,26.170000076293945,24.540000915527344,25.260000228881836,1760800.0
2022-07-01,25.56999969482422,25.93000030517578,24.40999984741211,25.360000610351562,731300.0
2022-07-05,24.520000457763672,24.530000686645508,22.59000015258789,22.93000030517578,2130500.0
2022-07-06,22.850000381469727,23.600000381469727,21.450000762939453,23.1200008392334,1699900.0
2022-07-07,23.940000534057617,24.6299991607666,23.940000534057617,24.31999969482422,830000.0
2022-07-08,24.81999969482422,24.81999969482422,23.760000228881836,24.260000228881836,653100.0
2022-07-11,23.850000381469727,24.190000534057617,23.18000030517578,23.600000381469727,1001800.0
2022-07-12,22.56999969482422,23.0,21.950000762939453,22.56999969482422,1053400.0
2022-07-13,22.110000610351562,23.579999923706055,21.8700008392334,23.110000610351562,623900.0
2022-07-14,21.920000076293945,22.510000228881836,21.600000381469727,22.440000534057617,796500.0
2022-07-15,23.06999969482422,23.399999618530273,22.360000610351562,23.3700008392334,704300.0
2022-07-18,24.059999465942383,25.0,24.059999465942383,24.739999771118164,789000.0
2022-07-19,24.600000381469727,26.079999923706055,24.59000015258789,25.90999984741211,970900.0
2022-07-20,25.559999465942383,27.18000030517578,25.219999313354492,27.18000030517578,770400.0
2022-07-21,26.25,26.399999618530273,25.079999923706055,26.350000381469727,732900.0
2022-07-22,26.100000381469727,26.75,25.110000610351562,25.270000457763672,585400.0
2022-07-25,25.510000228881836,27.139999389648438,25.40999984741211,27.0,685300.0
2022-07-26,27.610000610351562,27.65999984741211,25.959999084472656,26.25,649600.0
2022-07-27,26.600000381469727,27.8799991607666,26.25,27.700000762939453,725900.0
2022-07-28,28.200000762939453,28.56999969482422,26.979999542236328,28.06999969482422,530600.0
2022-07-29,28.75,29.170000076293945,28.209999084472656,28.829999923706055,818800.0
2022-08-01,27.989999771118164,28.670000076293945,27.030000686645508,28.559999465942383,536700.0
2022-08-02,29.079999923706055,29.579999923706055,28.479999542236328,29.270000457763672,1033200.0
2022-08-03,29.639999389648438,29.8700008392334,27.260000228881836,27.5,1208900.0
2022-08-04,28.030000686645508,28.75,25.6200008392334,25.690000534057617,1433700.0
2022-08-05,25.25,27.5,25.049999237060547,26.760000228881836,894500.0
2022-08-08,26.31999969482422,27.280000686645508,26.100000381469727,27.170000076293945,690000.0
2022-08-09,27.389999389648438,27.899999618530273,27.059999465942383,27.260000228881836,649500.0
2022-08-10,27.260000228881836,28.18000030517578,26.510000228881836,28.149999618530273,736800.0
2022-08-11,29.079999923706055,30.350000381469727,28.600000381469727,29.75,1006300.0
2022-08-12,29.510000228881836,30.0,29.040000915527344,29.850000381469727,470900.0
2022-08-15,28.010000228881836,28.700000762939453,27.469999313354492,28.610000610351562,570500.0
2022-08-16,29.280000686645508,29.450000762939453,28.100000381469727,28.31999969482422,688600.0
2022-08-17,28.270000457763672,29.43000030517578,28.200000762939453,29.270000457763672,839800.0
2022-08-18,29.850000381469727,31.90999984741211,29.850000381469727,31.90999984741211,1228200.0
2022-08-19,31.649999618530273,31.950000762939453,30.920000076293945,31.030000686645508,622000.0
2022-08-22,31.0,31.68000030517578,29.68000030517578,31.3700008392334,682600.0
2022-08-23,32.0,33.04999923706055,31.469999313354492,31.65999984741211,1137500.0
2022-08-24,31.969999313354492,32.650001525878906,31.5,32.40999984741211,1002800.0
2022-08-25,32.72999954223633,32.86000061035156,31.31999969482422,31.670000076293945,1055100.0
2022-08-26,31.510000228881836,32.33000183105469,31.170000076293945,31.610000610351562,682500.0
2022-08-29,31.5,33.5,31.489999771118164,32.63999938964844,1038000.0
2022-08-30,31.719999313354492,31.809999465942383,30.450000762939453,30.989999771118164,972200.0
2022-08-31,30.010000228881836,32.38999938964844,29.799999237060547,31.639999389648438,897800.0
2022-09-01,30.93000030517578,31.260000228881836,30.100000381469727,30.31999969482422,820200.0
2022-09-02,31.649999618530273,31.940000534057617,30.959999084472656,31.530000686645508,581200.0
2022-09-06,31.989999771118164,32.150001525878906,30.84000015258789,31.18000030517578,784600.0
2022-09-07,30.149999618530273,30.440000534057617,29.030000686645508,29.469999313354492,883600.0
2022-09-08,29.610000610351562,30.110000610351562,29.030000686645508,29.90999984741211,649600.0
2022-09-09,30.790000915527344,31.5,30.540000915527344,31.40999984741211,595500.0
2022-09-12,31.90999984741211,32.22999954223633,31.31999969482422,32.11000061035156,665100.0
2022-09-13,31.3799991607666,32.18000030517578,31.049999237060547,31.760000228881836,629700.0
2022-09-14,32.5,34.59000015258789,32.29999923706055,33.619998931884766,1421500.0
2022-09-15,32.939998626708984,33.65999984741211,32.400001525878906,32.540000915527344,637500.0
2022-09-16,32.2599983215332,32.290000915527344,29.899999618530273,31.489999771118164,1404500.0
2022-09-19,29.809999465942383,31.06999969482422,29.809999465942383,30.8799991607666,560500.0
2022-09-20,30.540000915527344,30.799999237060547,29.34000015258789,29.979999542236328,728500.0
2022-09-21,30.829999923706055,31.0,29.31999969482422,29.59000015258789,631500.0
2022-09-22,30.25,30.719999313354492,28.420000076293945,28.43000030517578,793900.0
2022-09-23,26.989999771118164,26.989999771118164,25.610000610351562,25.770000457763672,1198200.0
2022-09-26,25.540000915527344,26.25,24.209999084472656,24.469999313354492,1285100.0
2022-09-27,25.469999313354492,25.540000915527344,24.559999465942383,25.309999465942383,853300.0
2022-09-28,25.309999465942383,27.729999542236328,25.170000076293945,27.6299991607666,1374800.0
2022-09-29,27.290000915527344,27.3700008392334,25.649999618530273,26.989999771118164,819700.0
2022-09-30,26.65999984741211,27.440000534057617,26.31999969482422,27.40999984741211,1234000.0
2022-10-03,29.09000015258789,29.610000610351562,28.510000228881836,29.549999237060547,1313500.0
2022-10-04,30.56999969482422,31.799999237060547,30.229999542236328,31.350000381469727,1146200.0
2022-10-05,31.639999389648438,32.27000045776367,30.469999313354492,31.950000762939453,749300.0
2022-10-06,31.75,33.38999938964844,31.75,32.869998931884766,965000.0
2022-10-07,32.939998626708984,33.880001068115234,32.400001525878906,32.790000915527344,811600.0
2022-10-10,32.869998931884766,33.63999938964844,32.400001525878906,32.810001373291016,815000.0
2022-10-11,29.049999237060547,30.889999389648438,28.729999542236328,29.809999465942383,6492100.0
2022-10-12,29.399999618530273,31.209999084472656,29.309999465942383,31.209999084472656,9736000.0
2022-10-13,30.889999389648438,33.290000915527344,30.40999984741211,33.27000045776367,2107100.0
2022-10-14,32.790000915527344,33.09000015258789,31.290000915527344,31.860000610351562,1832800.0
2022-10-17,32.459999084472656,33.7400016784668,32.099998474121094,33.290000915527344,1428300.0
2022-10-18,33.93000030517578,34.209999084472656,32.65999984741211,33.47999954223633,1383400.0
2022-10-19,33.90999984741211,35.470001220703125,33.34000015258789,35.209999084472656,1667100.0
2022-10-20,35.75,35.900001525878906,33.54999923706055,33.9900016784668,2555800.0
2022-10-21,34.369998931884766,34.72999954223633,33.41999816894531,34.47999954223633,1528200.0
2022-10-24,34.54999923706055,35.04999923706055,33.72999954223633,34.20000076293945,961300.0
2022-10-25,33.84000015258789,34.63999938964844,33.5,34.02000045776367,1092400.0
2022-10-26,34.290000915527344,35.41999816894531,34.279998779296875,34.970001220703125,731900.0
2022-10-27,35.650001525878906,35.7400016784668,34.20000076293945,34.2599983215332,1490700.0
2022-10-28,34.41999816894531,34.599998474121094,32.630001068115234,33.66999816894531,787000.0
2022-10-31,33.47999954223633,34.66999816894531,33.36000061035156,34.13999938964844,1027700.0
2022-11-01,35.029998779296875,35.099998474121094,34.31999969482422,34.560001373291016,1609600.0
2022-11-02,34.45000076293945,34.810001373291016,33.22999954223633,33.36000061035156,1040900.0
2022-11-03,33.599998474121094,34.63999938964844,32.849998474121094,33.849998474121094,1103800.0
2022-11-04,35.16999816894531,35.91999816894531,34.459999084472656,34.9900016784668,1906800.0
2022-11-07,35.369998931884766,36.369998931884766,34.709999084472656,35.52000045776367,1430300.0
2022-11-08,35.33000183105469,35.720001220703125,34.060001373291016,35.65999984741211,1600400.0
2022-11-09,34.7599983215332,36.290000915527344,34.0099983215332,34.400001525878906,1675500.0
2022-11-10,35.63999938964844,37.209999084472656,34.95000076293945,36.970001220703125,1816000.0
2022-11-11,37.79999923706055,38.119998931884766,36.83000183105469,37.380001068115234,1774500.0
2022-11-14,37.790000915527344,39.02000045776367,37.5099983215332,37.91999816894531,2481400.0
2022-11-15,37.630001068115234,38.599998474121094,36.77000045776367,38.0,2626700.0
2022-11-16,37.20000076293945,37.369998931884766,36.33000183105469,37.0,2068800.0
2022-11-17,36.630001068115234,36.83000183105469,35.81999969482422,36.52000045776367,3011900.0
2022-11-18,35.790000915527344,36.54999923706055,34.459999084472656,36.459999084472656,1773300.0
2022-11-21,35.86000061035156,35.86000061035156,34.15999984741211,35.58000183105469,1628400.0
2022-11-22,36.279998779296875,36.83000183105469,35.5,36.790000915527344,1634600.0
2022-11-23,36.31999969482422,36.47999954223633,35.11000061035156,35.88999938964844,1104100.0
2022-11-25,36.150001525878906,36.540000915527344,35.720001220703125,36.04999923706055,451600.0
2022-11-28,34.720001220703125,35.2599983215332,34.41999816894531,34.709999084472656,1198200.0
2022-11-29,35.43000030517578,35.93000030517578,34.83000183105469,35.720001220703125,1544000.0
2022-11-30,36.599998474121094,36.619998931884766,35.45000076293945,36.38999938964844,1264800.0
2022-12-01,37.0099983215332,37.09000015258789,35.20000076293945,35.31999969482422,1741500.0
2022-12-02,34.88999938964844,35.9900016784668,34.79999923706055,35.790000915527344,902800.0
2022-12-05,36.400001525878906,36.560001373291016,33.5099983215332,33.91999816894531,1252300.0
2022-12-06,33.650001525878906,34.150001525878906,32.33000183105469,32.709999084472656,970500.0
2022-12-07,32.709999084472656,33.400001525878906,31.84000015258789,32.349998474121094,1029200.0
2022-12-08,33.40999984741211,33.59000015258789,31.219999313354492,31.440000534057617,1084700.0
2022-12-09,31.420000076293945,32.02000045776367,31.010000228881836,31.1299991607666,790400.0
2022-12-12,31.1200008392334,32.540000915527344,31.1200008392334,32.38999938964844,1612900.0
2022-12-13,33.43000030517578,33.75,32.349998474121094,32.68000030517578,1194300.0
2022-12-14,33.11000061035156,33.65999984741211,32.150001525878906,32.290000915527344,1306600.0
2022-12-15,32.099998474121094,32.959999084472656,31.700000762939453,32.61000061035156,1885000.0
2022-12-16,31.5,31.950000762939453,30.75,31.729999542236328,2739100.0
2022-12-19,31.90999984741211,32.369998931884766,30.270000457763672,30.479999542236328,876800.0
2022-12-20,30.1299991607666,31.219999313354492,30.110000610351562,30.799999237060547,1413200.0
2022-12-21,31.540000915527344,32.060001373291016,30.809999465942383,31.649999618530273,909100.0
2022-12-22,31.40999984741211,31.639999389648438,29.450000762939453,30.270000457763672,1263600.0
2022-12-23,30.8700008392334,31.790000915527344,30.469999313354492,31.780000686645508,751900.0
2022-12-27,31.90999984741211,32.11000061035156,31.540000915527344,32.040000915527344,825800.0
2022-12-28,31.6299991607666,31.6299991607666,29.93000030517578,30.059999465942383,1144300.0
2022-12-29,29.81999969482422,30.969999313354492,29.600000381469727,30.649999618530273,836100.0
2022-12-30,30.18000030517578,30.940000534057617,30.1299991607666,30.81999969482422,2725400.0
2023-01-03,30.200000762939453,30.6200008392334,28.3700008392334,29.010000228881836,1577700.0
2023-01-04,28.459999084472656,29.610000610351562,28.3700008392334,28.84000015258789,1933200.0
2023-01-05,28.559999465942383,29.049999237060547,28.219999313354492,28.520000457763672,1220500.0
2023-01-06,29.290000915527344,30.329999923706055,29.059999465942383,29.549999237060547,1388900.0
2023-01-09,30.350000381469727,30.8700008392334,30.1299991607666,30.739999771118164,1262600.0
2023-01-10,31.0,31.0,30.079999923706055,30.6299991607666,1027300.0
2023-01-11,31.299999237060547,31.3700008392334,30.059999465942383,30.799999237060547,898100.0
2023-01-12,31.15999984741211,31.979999542236328,30.799999237060547,31.389999389648438,1271000.0
2023-01-13,31.43000030517578,32.13999938964844,30.75,32.040000915527344,714500.0
2023-01-17,32.33000183105469,32.70000076293945,31.790000915527344,32.2400016784668,760900.0
2023-01-18,32.56999969482422,32.90999984741211,31.15999984741211,31.170000076293945,1110300.0
2023-01-19,31.079999923706055,31.8700008392334,30.610000610351562,31.790000915527344,1063900.0
2023-01-20,32.099998474121094,32.470001220703125,31.350000381469727,32.459999084472656,923800.0
2023-01-23,32.779998779296875,32.95000076293945,32.380001068115234,32.689998626708984,623800.0
2023-01-24,32.959999084472656,33.099998474121094,31.979999542236328,32.0,928300.0
2023-01-25,31.780000686645508,32.459999084472656,31.309999465942383,32.11000061035156,1135500.0
2023-01-26,32.52000045776367,33.529998779296875,32.11000061035156,33.31999969482422,1950500.0
2023-01-27,35.5,35.880001068115234,34.43000030517578,34.619998931884766,4988800.0
2023-01-30,34.02000045776367,34.400001525878906,33.16999816894531,33.4900016784668,2257300.0
2023-01-31,33.4900016784668,34.08000183105469,33.130001068115234,33.52000045776367,1524900.0
2023-02-01,33.33000183105469,33.61000061035156,31.6200008392334,32.93000030517578,17165800.0
2023-02-02,32.790000915527344,32.88999938964844,30.860000610351562,31.600000381469727,2502600.0
2023-02-03,31.520000457763672,33.0,31.520000457763672,31.959999084472656,2316500.0
2023-02-06,31.850000381469727,32.2400016784668,30.829999923706055,31.209999084472656,2411700.0
2023-02-07,31.649999618530273,33.41999816894531,31.239999771118164,33.41999816894531,2316900.0
2023-02-08,33.45000076293945,33.63999938964844,32.75,33.290000915527344,1282400.0
2023-02-09,33.4900016784668,33.4900016784668,32.0099983215332,32.150001525878906,1319100.0
2023-02-10,32.560001373291016,34.150001525878906,32.41999816894531,34.11000061035156,1744700.0
2023-02-13,33.970001220703125,34.52000045776367,33.5,34.02000045776367,1114000.0
2023-02-14,33.900001525878906,34.529998779296875,33.59000015258789,34.33000183105469,999900.0
2023-02-15,33.63999938964844,34.099998474121094,32.7400016784668,34.040000915527344,1521700.0
2023-02-16,33.83000183105469,34.52000045776367,33.47999954223633,33.4900016784668,1234900.0
2023-02-17,33.0,33.0,31.68000030517578,31.940000534057617,1452600.0
2023-02-21,31.559999465942383,32.15999984741211,31.030000686645508,31.200000762939453,1084200.0
2023-02-22,31.010000228881836,31.309999465942383,30.1200008392334,30.56999969482422,1387600.0
2023-02-23,31.420000076293945,32.11000061035156,30.799999237060547,31.799999237060547,1394400.0
2023-02-24,31.219999313354492,33.06999969482422,30.979999542236328,32.119998931884766,1816700.0
2023-02-27,32.130001068115234,32.380001068115234,31.110000610351562,31.809999465942383,1098500.0
2023-02-28,32.189998626708984,32.470001220703125,31.020000457763672,31.040000915527344,1502700.0
2023-03-01,31.149999618530273,32.41999816894531,30.93000030517578,32.15999984741211,1143900.0
2023-03-02,31.989999771118164,32.88999938964844,31.690000534057617,32.56999969482422,1128000.0
2023-03-03,31.920000076293945,34.02000045776367,31.799999237060547,33.75,1195300.0
2023-03-06,33.5,34.060001373291016,33.18000030517578,33.189998626708984,1500800.0
2023-03-07,32.97999954223633,33.31999969482422,31.979999542236328,32.20000076293945,1472200.0
2023-03-08,31.959999084472656,32.54999923706055,31.270000457763672,31.760000228881836,1341200.0
2023-03-09,31.979999542236328,32.45000076293945,30.850000381469727,30.889999389648438,1250400.0
2023-03-10,31.020000457763672,31.639999389648438,30.329999923706055,30.459999084472656,1093700.0
2023-03-13,29.520000457763672,30.3799991607666,28.8700008392334,29.1200008392334,1838500.0
2023-03-14,29.350000381469727,30.43000030517578,28.75,29.15999984741211,1311400.0
2023-03-15,27.670000076293945,27.920000076293945,25.559999465942383,26.68000030517578,2500500.0
2023-03-16,25.989999771118164,27.229999542236328,25.75,26.940000534057617,1960400.0
2023-03-17,26.65999984741211,26.829999923706055,25.600000381469727,26.3799991607666,4250500.0
2023-03-20,26.40999984741211,27.690000534057617,26.40999984741211,26.770000457763672,1435200.0
2023-03-21,27.729999542236328,28.709999084472656,27.600000381469727,28.469999313354492,1463700.0
2023-03-22,28.520000457763672,29.200000762939453,27.90999984741211,27.969999313354492,1580600.0
2023-03-23,28.229999542236328,28.75,27.309999465942383,27.68000030517578,963100.0
2023-03-24,27.040000915527344,28.469999313354492,26.90999984741211,28.350000381469727,1317200.0
2023-03-27,28.770000457763672,29.510000228881836,28.34000015258789,29.25,1280600.0
2023-03-28,29.31999969482422,29.84000015258789,29.219999313354492,29.56999969482422,923500.0
2023-03-29,29.709999084472656,29.950000762939453,29.329999923706055,29.8799991607666,974200.0
2023-03-30,30.1200008392334,30.1299991607666,29.18000030517578,29.790000915527344,2045600.0
2023-03-31,30.110000610351562,30.600000381469727,29.84000015258789,30.350000381469727,1976400.0
2023-04-03,32.220001220703125,33.15999984741211,31.649999618530273,33.11000061035156,2455500.0
2023-04-04,33.400001525878906,33.400001525878906,31.709999084472656,32.43000030517578,1253200.0
2023-04-05,32.41999816894531,32.709999084472656,31.81999969482422,32.5099983215332,914400.0
2023-04-06,32.41999816894531,33.029998779296875,31.889999389648438,32.56999969482422,1553100.0
2023-04-10,32.790000915527344,33.58000183105469,32.790000915527344,33.34000015258789,1211200.0
2023-04-11,33.84000015258789,34.209999084472656,33.61000061035156,33.959999084472656,1827100.0
2023-04-12,34.31999969482422,34.45000076293945,33.779998779296875,33.81999969482422,1214200.0
2023-04-13,34.16999816894531,34.9900016784668,33.68000030517578,34.5099983215332,1572800.0
2023-04-14,34.68000030517578,35.08000183105469,34.20000076293945,35.060001373291016,885500.0
2023-04-17,35.15999984741211,35.25,34.09000015258789,34.20000076293945,1082300.0
2023-04-18,34.119998931884766,34.189998626708984,33.70000076293945,34.130001068115234,908900.0
2023-04-19,33.380001068115234,33.81999969482422,32.869998931884766,33.79999923706055,1131000.0
2023-04-20,33.15999984741211,33.310001373291016,32.369998931884766,33.060001373291016,1166700.0
2023-04-21,32.90999984741211,33.04999923706055,32.5099983215332,32.77000045776367,723900.0
2023-04-24,32.810001373291016,33.84000015258789,32.349998474121094,33.7400016784668,705600.0
2023-04-25,32.959999084472656,33.349998474121094,32.18000030517578,32.310001373291016,979400.0
2023-04-26,32.18000030517578,32.689998626708984,31.6200008392334,31.84000015258789,849400.0
2023-04-27,32.47999954223633,32.70000076293945,31.780000686645508,32.310001373291016,787200.0
2023-04-28,32.34000015258789,33.47999954223633,32.060001373291016,33.16999816894531,742000.0
2023-05-01,32.66999816894531,33.63999938964844,32.439998626708984,33.33000183105469,1147100.0
2023-05-02,32.9900016784668,33.02000045776367,31.440000534057617,32.119998931884766,1189600.0
2023-05-03,31.389999389648438,31.979999542236328,30.899999618530273,31.0,2064100.0
2023-05-04,30.93000030517578,31.75,30.84000015258789,30.93000030517578,1788000.0
2023-05-05,32.25,32.95000076293945,31.479999542236328,31.829999923706055,2288400.0
2023-05-08,32.47999954223633,33.09000015258789,31.860000610351562,32.0,1427400.0
2023-05-09,31.579999923706055,32.02000045776367,31.18000030517578,31.229999542236328,1746700.0
2023-05-10,31.329999923706055,31.610000610351562,30.530000686645508,31.170000076293945,1391000.0
2023-05-11,30.6299991607666,31.420000076293945,30.479999542236328,31.40999984741211,954800.0
2023-05-12,31.75,31.950000762939453,30.90999984741211,31.510000228881836,626400.0
2023-05-15,31.780000686645508,32.75,31.43000030517578,31.959999084472656,743800.0
2023-05-16,30.989999771118164,31.200000762939453,30.010000228881836,30.219999313354492,7156800.0
2023-05-17,30.610000610351562,30.829999923706055,29.8700008392334,30.299999237060547,4094900.0
2023-05-18,30.100000381469727,30.979999542236328,29.56999969482422,30.959999084472656,2023600.0
2023-05-19,31.450000762939453,31.75,30.8700008392334,31.18000030517578,1488900.0
2023-05-22,31.09000015258789,32.58000183105469,31.09000015258789,31.899999618530273,1977800.0
2023-05-23,32.02000045776367,32.650001525878906,31.40999984741211,31.59000015258789,1973500.0
2023-05-24,31.81999969482422,32.20000076293945,31.200000762939453,31.979999542236328,1442900.0
2023-05-25,31.200000762939453,31.770000457763672,30.700000762939453,31.020000457763672,1645600.0
2023-05-26,31.18000030517578,31.209999084472656,30.559999465942383,30.989999771118164,1431400.0
2023-05-30,30.31999969482422,30.440000534057617,29.649999618530273,30.40999984741211,1304100.0
2023-05-31,29.920000076293945,30.40999984741211,29.729999542236328,29.90999984741211,1811400.0
2023-06-01,30.0,30.399999618530273,29.56999969482422,29.93000030517578,1457800.0
2023-06-02,30.739999771118164,31.6299991607666,30.540000915527344,31.389999389648438,1024300.0
2023-06-05,32.0099983215332,32.150001525878906,30.959999084472656,31.06999969482422,934000.0
2023-06-06,30.549999237060547,32.0099983215332,30.469999313354492,31.969999313354492,2360000.0
2023-06-07,32.290000915527344,33.310001373291016,32.220001220703125,33.08000183105469,2136800.0
2023-06-08,32.93000030517578,33.369998931884766,32.529998779296875,33.08000183105469,1143100.0
2023-06-09,32.95000076293945,33.41999816894531,32.689998626708984,33.0,770500.0
2023-06-12,32.43000030517578,32.86000061035156,32.0,32.41999816894531,1113700.0
2023-06-13,32.83000183105469,33.77000045776367,32.7599983215332,32.91999816894531,1073700.0
2023-06-14,33.33000183105469,33.5,32.11000061035156,32.72999954223633,951000.0
2023-06-15,32.689998626708984,33.7599983215332,32.5099983215332,33.25,1853400.0
2023-06-16,33.47999954223633,33.66999816894531,32.84000015258789,33.29999923706055,2900700.0
2023-06-20,33.279998779296875,33.310001373291016,32.029998779296875,33.220001220703125,1302200.0
2023-06-21,33.220001220703125,34.130001068115234,33.040000915527344,33.40999984741211,1495300.0
2023-06-22,32.79999923706055,32.97999954223633,32.220001220703125,32.349998474121094,1383300.0
2023-06-23,31.770000457763672,32.18000030517578,31.549999237060547,32.06999969482422,3160800.0
2023-06-26,32.33000183105469,33.279998779296875,32.13999938964844,32.689998626708984,1334000.0
2023-06-27,32.4900016784668,33.310001373291016,32.29999923706055,32.9900016784668,1394000.0
2023-06-28,32.540000915527344,33.650001525878906,32.20000076293945,33.5099983215332,1986100.0
2023-06-29,33.70000076293945,34.25,33.54999923706055,34.099998474121094,1063500.0
2023-06-30,34.439998626708984,34.779998779296875,34.22999954223633,34.31999969482422,2125200.0
2023-07-03,34.40999984741211,34.709999084472656,34.27000045776367,34.349998474121094,396000.0
2023-07-05,34.52000045776367,34.779998779296875,34.099998474121094,34.779998779296875,1153900.0
2023-07-06,34.439998626708984,34.630001068115234,33.02000045776367,33.58000183105469,1030000.0
2023-07-07,33.36000061035156,35.029998779296875,33.36000061035156,34.380001068115234,946300.0
2023-07-10,34.4900016784668,35.04999923706055,34.33000183105469,34.9900016784668,1479000.0
2023-07-11,35.09000015258789,35.22999954223633,34.630001068115234,35.150001525878906,1245700.0
2023-07-12,35.380001068115234,35.900001525878906,35.2400016784668,35.81999969482422,1237400.0
2023-07-13,35.959999084472656,36.529998779296875,35.41999816894531,35.66999816894531,1354400.0
2023-07-14,35.41999816894531,35.599998474121094,34.41999816894531,34.47999954223633,1076600.0
2023-07-17,34.29999923706055,34.7400016784668,34.02000045776367,34.59000015258789,1004300.0
2023-07-18,34.52000045776367,36.34000015258789,34.52000045776367,36.29999923706055,1498100.0
2023-07-19,36.310001373291016,36.54999923706055,35.52000045776367,35.88999938964844,854400.0
2023-07-20,36.40999984741211,36.5099983215332,35.9900016784668,36.5,1624700.0
2023-07-21,36.630001068115234,36.720001220703125,36.25,36.5099983215332,1012300.0
2023-07-24,36.5,37.369998931884766,36.5,37.119998931884766,1064200.0
2023-07-25,37.09000015258789,38.34000015258789,36.91999816894531,38.150001525878906,1475700.0
2023-07-26,37.91999816894531,38.59000015258789,37.619998931884766,38.41999816894531,1411000.0
2023-07-27,38.7400016784668,39.22999954223633,38.2599983215332,38.529998779296875,1605700.0
2023-07-28,38.68000030517578,39.599998474121094,38.29999923706055,39.56999969482422,973800.0
2023-07-31,40.0,40.06999969482422,39.130001068115234,39.369998931884766,1264400.0
2023-08-01,38.869998931884766,39.47999954223633,38.59000015258789,39.369998931884766,790400.0
2023-08-02,39.220001220703125,39.72999954223633,38.95000076293945,39.380001068115234,1374400.0
2023-08-03,40.91999816894531,42.16999816894531,39.709999084472656,41.59000015258789,2868300.0
2023-08-04,41.54999923706055,42.40999984741211,41.290000915527344,42.2599983215332,2082600.0
2023-08-07,42.619998931884766,42.709999084472656,41.65999984741211,41.83000183105469,1552100.0
2023-08-08,40.81999969482422,42.119998931884766,40.75,41.84000015258789,1903800.0
2023-08-09,42.15999984741211,42.86000061035156,41.9900016784668,42.40999984741211,1482000.0
2023-08-10,42.189998626708984,42.40999984741211,41.02000045776367,41.43000030517578,1639900.0
2023-08-11,41.43000030517578,42.119998931884766,41.43000030517578,42.02000045776367,836100.0
2023-08-14,41.459999084472656,41.91999816894531,40.93000030517578,40.959999084472656,1831400.0
2023-08-15,40.65999984741211,40.66999816894531,39.72999954223633,40.45000076293945,1448800.0
2023-08-16,40.470001220703125,41.060001373291016,39.93000030517578,40.0099983215332,1513300.0
2023-08-17,40.709999084472656,41.040000915527344,40.400001525878906,40.4900016784668,1306600.0
2023-08-18,40.29999923706055,41.31999969482422,40.130001068115234,41.150001525878906,1568500.0
2023-08-21,41.75,42.0099983215332,40.880001068115234,41.15999984741211,1322800.0
2023-08-22,41.220001220703125,41.400001525878906,40.61000061035156,40.70000076293945,1362100.0
2023-08-23,40.189998626708984,40.630001068115234,39.709999084472656,40.41999816894531,854200.0
2023-08-24,40.279998779296875,40.66999816894531,39.81999969482422,39.84000015258789,1031400.0
2023-08-25,40.33000183105469,40.81999969482422,39.720001220703125,40.599998474121094,1039600.0
2023-08-28,40.97999954223633,41.38999938964844,40.599998474121094,40.939998626708984,589300.0
2023-08-29,41.119998931884766,41.290000915527344,40.52000045776367,41.060001373291016,451200.0
2023-08-30,41.13999938964844,41.720001220703125,41.02000045776367,41.470001220703125,674400.0
2023-08-31,41.560001373291016,41.970001220703125,41.189998626708984,41.83000183105469,887700.0
2023-09-01,42.400001525878906,43.099998474121094,42.290000915527344,42.9900016784668,1424800.0
2023-09-05,43.25,43.63999938964844,42.2400016784668,42.290000915527344,2564600.0
2023-09-06,42.150001525878906,42.880001068115234,42.119998931884766,42.4900016784668,1092000.0
2023-09-07,42.369998931884766,42.91999816894531,42.369998931884766,42.63999938964844,856200.0
2023-09-08,43.0099983215332,43.560001373291016,42.7599983215332,42.869998931884766,1062200.0
2023-09-11,43.2400016784668,43.29999923706055,41.02000045776367,41.189998626708984,1881900.0
2023-09-12,41.400001525878906,42.09000015258789,41.400001525878906,41.939998626708984,1715700.0
2023-09-13,42.02000045776367,42.099998474121094,40.709999084472656,41.029998779296875,1642000.0
2023-09-14,41.689998626708984,41.900001525878906,40.849998474121094,40.9900016784668,1189800.0
2023-09-15,40.59000015258789,40.869998931884766,39.959999084472656,40.13999938964844,2990500.0
2023-09-18,40.5,40.869998931884766,40.099998474121094,40.4900016784668,1644500.0
2023-09-19,41.02000045776367,41.27000045776367,39.849998474121094,39.959999084472656,1272300.0
2023-09-20,39.61000061035156,40.20000076293945,39.119998931884766,39.16999816894531,1411200.0
2023-09-21,39.20000076293945,39.5,38.58000183105469,38.709999084472656,1602300.0
2023-09-22,39.040000915527344,39.61000061035156,38.59000015258789,38.939998626708984,865500.0
2023-09-25,38.91999816894531,39.959999084472656,38.91999816894531,39.72999954223633,645800.0
2023-09-26,39.36000061035156,40.2599983215332,39.349998474121094,39.86000061035156,773000.0
2023-09-27,40.5,41.529998779296875,40.22999954223633,40.939998626708984,1925000.0
2023-09-28,40.529998779296875,41.209999084472656,40.459999084472656,40.79999923706055,1478800.0
2023-09-29,40.90999984741211,40.95000076293945,39.959999084472656,40.22999954223633,753700.0
2023-10-02,40.279998779296875,40.31999969482422,38.13999938964844,38.619998931884766,1480000.0
2023-10-03,38.54999923706055,39.2400016784668,38.25,39.22999954223633,1156900.0
2023-10-04,38.68000030517578,38.68000030517578,37.04999923706055,37.630001068115234,1232000.0
2023-10-05,37.2400016784668,37.90999984741211,37.16999816894531,37.65999984741211,1367500.0
2023-10-06,37.95000076293945,38.900001525878906,37.630001068115234,38.369998931884766,769700.0
2023-10-09,39.790000915527344,40.90999984741211,39.560001373291016,40.4900016784668,1258200.0
2023-10-10,40.5099983215332,41.29999923706055,40.5,40.81999969482422,1094400.0
2023-10-11,38.77000045776367,39.630001068115234,38.599998474121094,39.22999954223633,6941300.0
2023-10-12,39.66999816894531,39.91999816894531,38.83000183105469,39.20000076293945,4651700.0
2023-10-13,39.56999969482422,40.68000030517578,39.36000061035156,40.529998779296875,2409400.0
2023-10-16,40.529998779296875,40.83000183105469,39.77000045776367,40.720001220703125,1628300.0
2023-10-17,40.65999984741211,41.130001068115234,40.29999923706055,40.630001068115234,1616500.0
2023-10-18,41.0,41.11000061035156,40.36000061035156,40.75,1239900.0
2023-10-19,40.20000076293945,40.959999084472656,39.79999923706055,40.619998931884766,1422300.0
2023-10-20,40.41999816894531,40.630001068115234,39.43000030517578,39.529998779296875,1452200.0
2023-10-23,39.25,39.599998474121094,38.79999923706055,38.959999084472656,1729400.0
2023-10-24,39.27000045776367,39.34000015258789,38.40999984741211,38.43000030517578,1310400.0
2023-10-25,38.43000030517578,39.06999969482422,38.20000076293945,38.90999984741211,1158200.0
2023-10-26,38.38999938964844,39.29999923706055,37.75,38.84000015258789,1340600.0
2023-10-27,38.900001525878906,39.08000183105469,37.939998626708984,38.380001068115234,1598300.0
2023-10-30,38.279998779296875,38.630001068115234,37.400001525878906,37.97999954223633,1770800.0
2023-10-31,38.04999923706055,38.66999816894531,37.5099983215332,38.34000015258789,792600.0
2023-11-01,38.4900016784668,38.70000076293945,37.7400016784668,37.81999969482422,1020800.0
2023-11-02,37.060001373291016,38.83000183105469,37.0099983215332,38.689998626708984,1336300.0
2023-11-03,38.7599983215332,39.2599983215332,38.15999984741211,38.7400016784668,1131700.0
2023-11-06,38.65999984741211,38.81999969482422,37.5,37.619998931884766,1086400.0
2023-11-07,37.029998779296875,37.029998779296875,36.130001068115234,36.439998626708984,1540400.0
2023-11-08,36.18000030517578,36.41999816894531,35.63999938964844,35.650001525878906,1236000.0
2023-11-09,35.900001525878906,36.310001373291016,35.439998626708984,35.459999084472656,1160900.0
2023-11-10,35.88999938964844,36.79999923706055,35.650001525878906,36.34000015258789,1040800.0
2023-11-13,36.40999984741211,36.7599983215332,36.150001525878906,36.279998779296875,780700.0
2023-11-14,36.439998626708984,36.97999954223633,35.91999816894531,36.7400016784668,1230200.0
2023-11-15,36.56999969482422,37.59000015258789,36.56999969482422,36.7599983215332,898100.0
2023-11-16,36.2400016784668,36.400001525878906,35.18000030517578,36.040000915527344,1427900.0
2023-11-17,36.45000076293945,37.52000045776367,36.45000076293945,37.279998779296875,1270200.0
2023-11-20,37.61000061035156,37.75,37.33000183105469,37.43000030517578,760400.0
2023-11-21,37.20000076293945,37.54999923706055,36.709999084472656,37.540000915527344,891200.0
2023-11-22,36.15999984741211,37.619998931884766,35.90999984741211,37.45000076293945,1035100.0
2023-11-24,37.279998779296875,38.060001373291016,37.279998779296875,37.58000183105469,519900.0
2023-11-27,37.34000015258789,37.400001525878906,36.91999816894531,37.099998474121094,1334000.0
2023-11-28,37.459999084472656,37.93000030517578,37.13999938964844,37.150001525878906,936400.0
2023-11-29,37.380001068115234,37.68000030517578,36.970001220703125,37.09000015258789,828400.0
2023-11-30,37.56999969482422,38.2400016784668,37.0099983215332,37.41999816894531,1290400.0
2023-12-01,37.25,38.65999984741211,37.25,37.900001525878906,1441500.0
2023-12-04,37.47999954223633,37.77000045776367,37.11000061035156,37.439998626708984,1089300.0
2023-12-05,37.529998779296875,37.630001068115234,36.369998931884766,36.380001068115234,1125900.0
2023-12-06,36.16999816894531,36.470001220703125,34.959999084472656,35.0,2068600.0
2023-12-07,35.31999969482422,35.689998626708984,35.130001068115234,35.459999084472656,1556500.0
2023-12-08,35.790000915527344,36.83000183105469,35.66999816894531,36.790000915527344,1245000.0
2023-12-11,36.439998626708984,36.900001525878906,36.130001068115234,36.18000030517578,2082200.0
2023-12-12,35.59000015258789,35.7400016784668,34.709999084472656,34.88999938964844,1685600.0
2023-12-13,34.900001525878906,35.52000045776367,34.59000015258789,35.41999816894531,2308200.0
2023-12-14,36.209999084472656,37.22999954223633,36.16999816894531,37.0,2306500.0
2023-12-15,37.119998931884766,37.22999954223633,36.400001525878906,36.650001525878906,3977600.0
2023-12-18,37.45000076293945,38.189998626708984,37.41999816894531,37.650001525878906,2565900.0
2023-12-19,37.56999969482422,38.099998474121094,36.86000061035156,38.06999969482422,1586300.0
2023-12-20,38.2599983215332,38.7400016784668,37.290000915527344,37.40999984741211,1451000.0
2023-12-21,37.56999969482422,37.79999923706055,37.20000076293945,37.790000915527344,1206400.0
2023-12-22,38.0099983215332,38.38999938964844,37.790000915527344,37.83000183105469,967200.0
2023-12-26,38.25,38.939998626708984,38.099998474121094,38.79999923706055,1018200.0
2023-12-27,38.54999923706055,38.7400016784668,38.220001220703125,38.4900016784668,943100.0
2023-12-28,38.220001220703125,38.47999954223633,37.58000183105469,37.61000061035156,918000.0
2023-12-29,37.68000030517578,37.720001220703125,36.97999954223633,37.06999969482422,1295600.0
2024-01-02,37.439998626708984,37.810001373291016,36.66999816894531,36.84000015258789,903500.0
2024-01-03,36.91999816894531,37.77000045776367,36.650001525878906,37.529998779296875,1031100.0
2024-01-04,37.7400016784668,37.9900016784668,36.47999954223633,36.540000915527344,1195000.0
2024-01-05,36.45000076293945,36.689998626708984,35.38999938964844,36.029998779296875,1580200.0
2024-01-08,35.470001220703125,36.279998779296875,35.09000015258789,36.279998779296875,1452000.0
2024-01-09,36.33000183105469,36.33000183105469,35.22999954223633,35.63999938964844,1008000.0
2024-01-10,35.81999969482422,35.81999969482422,35.0099983215332,35.40999984741211,1001900.0
2024-01-11,35.70000076293945,35.83000183105469,35.34000015258789,35.630001068115234,1047300.0
2024-01-12,36.4900016784668,36.4900016784668,35.689998626708984,35.959999084472656,861200.0
2024-01-16,35.709999084472656,35.709999084472656,34.68000030517578,34.709999084472656,1383900.0
2024-01-17,34.150001525878906,34.54999923706055,33.869998931884766,34.06999969482422,1169000.0
2024-01-18,34.29999923706055,34.29999923706055,33.54999923706055,34.08000183105469,1271800.0
2024-01-19,34.15999984741211,34.15999984741211,33.45000076293945,33.65999984741211,2015200.0
2024-01-22,33.45000076293945,34.119998931884766,33.209999084472656,33.849998474121094,1353800.0
2024-01-23,33.849998474121094,34.13999938964844,33.40999984741211,33.529998779296875,1267800.0
2024-01-24,33.81999969482422,34.029998779296875,33.40999984741211,33.88999938964844,1333900.0
2024-01-25,34.31999969482422,34.81999969482422,33.939998626708984,34.75,1181500.0
2024-01-26,34.81999969482422,35.0,34.130001068115234,34.86000061035156,746300.0
2024-01-29,34.689998626708984,34.84000015258789,34.150001525878906,34.65999984741211,789600.0
2024-01-30,34.470001220703125,35.189998626708984,34.34000015258789,35.099998474121094,1136200.0
2024-01-31,35.060001373291016,35.099998474121094,33.459999084472656,33.5,1585500.0
2024-02-01,33.79999923706055,34.099998474121094,32.95000076293945,33.16999816894531,1236300.0
2024-02-02,33.04999923706055,33.04999923706055,32.11000061035156,32.150001525878906,1837600.0
2024-02-05,31.850000381469727,31.979999542236328,31.1299991607666,31.729999542236328,1906600.0
2024-02-06,31.860000610351562,32.459999084472656,31.850000381469727,31.93000030517578,1251800.0
2024-02-07,32.060001373291016,32.349998474121094,31.649999618530273,32.130001068115234,822200.0
2024-02-08,32.130001068115234,32.59000015258789,31.940000534057617,32.470001220703125,840300.0
2024-02-09,32.43000030517578,32.63999938964844,32.13999938964844,32.439998626708984,831900.0
2024-02-12,32.56999969482422,33.689998626708984,32.56999969482422,33.2599983215332,1187200.0
2024-02-13,32.900001525878906,33.16999816894531,32.4900016784668,32.79999923706055,1350400.0
2024-02-14,33.08000183105469,33.20000076293945,32.349998474121094,32.849998474121094,924500.0
2024-02-15,33.04999923706055,34.65999984741211,33.04999923706055,34.29999923706055,1346100.0
2024-02-16,34.27000045776367,34.45000076293945,33.869998931884766,34.119998931884766,1184100.0
2024-02-20,33.900001525878906,34.15999984741211,33.369998931884766,33.56999969482422,910200.0
2024-02-21,33.83000183105469,34.90999984741211,33.83000183105469,34.88999938964844,1329200.0
2024-02-22,34.5099983215332,35.0099983215332,34.290000915527344,34.61000061035156,1688500.0
2024-02-23,34.689998626708984,35.189998626708984,33.86000061035156,34.59000015258789,1921400.0
2024-02-26,34.33000183105469,35.15999984741211,34.08000183105469,34.68000030517578,1210200.0
2024-02-27,34.9900016784668,35.279998779296875,34.810001373291016,35.209999084472656,1034300.0
2024-02-28,35.18000030517578,35.58000183105469,34.77000045776367,35.060001373291016,1190200.0
2024-02-29,35.58000183105469,35.810001373291016,35.34000015258789,35.72999954223633,1685800.0
2024-03-01,36.119998931884766,36.650001525878906,35.95000076293945,36.45000076293945,1786900.0
2024-03-04,36.630001068115234,36.72999954223633,35.380001068115234,35.40999984741211,1283400.0
2024-03-05,35.2400016784668,36.02000045776367,35.11000061035156,35.560001373291016,1983200.0
2024-03-06,35.93000030517578,36.130001068115234,35.36000061035156,35.75,1068000.0
2024-03-07,35.849998474121094,36.33000183105469,35.7599983215332,36.04999923706055,1098800.0
2024-03-08,36.189998626708984,36.790000915527344,36.18000030517578,36.34000015258789,919000.0
2024-03-11,36.060001373291016,36.75,35.779998779296875,36.75,1010400.0
2024-03-12,36.79999923706055,37.130001068115234,36.52000045776367,36.959999084472656,1033700.0
2024-03-13,37.31999969482422,37.560001373291016,37.150001525878906,37.310001373291016,879000.0
2024-03-14,37.5099983215332,37.560001373291016,37.0,37.470001220703125,1007100.0
2024-03-15,37.369998931884766,38.040000915527344,37.369998931884766,37.90999984741211,1930100.0
2024-03-18,37.900001525878906,38.5,37.650001525878906,38.41999816894531,1015100.0
2024-03-19,38.2400016784668,39.13999938964844,38.18000030517578,39.099998474121094,1476200.0
2024-03-20,38.84000015258789,39.220001220703125,38.380001068115234,39.13999938964844,1182300.0
2024-03-21,39.310001373291016,39.54999923706055,39.0,39.47999954223633,901400.0
2024-03-22,39.650001525878906,39.689998626708984,38.939998626708984,39.029998779296875,780100.0
2024-03-25,39.369998931884766,40.130001068115234,39.2599983215332,39.5099983215332,852700.0
2024-03-26,39.5,39.66999816894531,38.849998474121094,38.86000061035156,1494400.0
2024-03-27,38.43000030517578,39.060001373291016,38.220001220703125,39.02000045776367,1537500.0
2024-03-28,39.34000015258789,39.81999969482422,39.220001220703125,39.68000030517578,1293800.0
2024-04-01,39.880001068115234,39.88999938964844,39.41999816894531,39.650001525878906,830800.0
2024-04-02,39.91999816894531,40.0099983215332,39.5099983215332,39.9900016784668,1602800.0
2024-04-03,40.150001525878906,40.959999084472656,40.06999969482422,40.939998626708984,1606600.0
2024-04-04,40.97999954223633,41.310001373291016,40.58000183105469,40.75,1339600.0
2024-04-05,40.84000015258789,41.68000030517578,40.65999984741211,41.47999954223633,1481400.0
2024-04-08,41.5099983215332,41.83000183105469,41.27000045776367,41.40999984741211,1269800.0
2024-04-09,41.59000015258789,42.310001373291016,41.560001373291016,42.27000045776367,1568400.0
2024-04-10,42.27000045776367,42.59000015258789,41.83000183105469,42.529998779296875,1504900.0
2024-04-11,42.650001525878906,42.810001373291016,41.9900016784668,42.63999938964844,1385300.0
2024-04-12,42.9900016784668,43.290000915527344,42.2599983215332,42.63999938964844,1455800.0
2024-04-15,42.939998626708984,43.099998474121094,42.29999923706055,42.349998474121094,1382300.0
2024-04-16,42.060001373291016,42.79999923706055,41.650001525878906,42.7599983215332,1385000.0
2024-04-17,42.70000076293945,43.20000076293945,42.16999816894531,42.45000076293945,1483200.0
2024-04-18,42.70000076293945,42.790000915527344,41.86000061035156,42.04999923706055,1357600.0
2024-04-19,41.70000076293945,42.91999816894531,41.560001373291016,42.5,1413600.0
2024-04-22,42.47999954223633,43.04999923706055,41.970001220703125,42.65999984741211,1911200.0
2024-04-23,42.540000915527344,43.36000061035156,42.349998474121094,43.11000061035156,1072800.0
2024-04-24,43.13999938964844,43.2599983215332,42.630001068115234,42.970001220703125,1166100.0
2024-04-25,42.86000061035156,43.279998779296875,42.40999984741211,43.060001373291016,1015900.0
2024-04-26,43.18000030517578,43.29999923706055,42.70000076293945,43.27000045776367,1025300.0
2024-04-29,43.099998474121094,43.630001068115234,43.099998474121094,43.540000915527344,1303100.0
2024-04-30,43.689998626708984,43.75,40.720001220703125,40.790000915527344,2530000.0
2024-05-01,40.9900016784668,41.7599983215332,39.43000030517578,39.66999816894531,2017600.0
2024-05-02,40.130001068115234,40.459999084472656,39.689998626708984,39.970001220703125,1043200.0
2024-05-03,39.939998626708984,40.29999923706055,39.599998474121094,40.25,1098400.0
2024-05-06,40.5,41.02000045776367,40.31999969482422,40.59000015258789,1187300.0
2024-05-07,40.56999969482422,41.279998779296875,40.52000045776367,40.720001220703125,956300.0
2024-05-08,40.33000183105469,40.869998931884766,40.2400016784668,40.400001525878906,698900.0
2024-05-09,40.59000015258789,40.939998626708984,40.20000076293945,40.77000045776367,978500.0
2024-05-10,40.959999084472656,40.9900016784668,39.689998626708984,39.72999954223633,1805800.0
2024-05-13,39.959999084472656,40.08000183105469,39.380001068115234,39.619998931884766,1198100.0
2024-05-14,39.599998474121094,40.20000076293945,39.459999084472656,40.13999938964844,755700.0
2024-05-15,39.97999954223633,40.25,39.220001220703125,40.22999954223633,944900.0
2024-05-16,40.150001525878906,40.150001525878906,39.66999816894531,39.75,658900.0
2024-05-17,40.029998779296875,40.099998474121094,39.77000045776367,40.0099983215332,679400.0
2024-05-20,40.040000915527344,40.7400016784668,40.02000045776367,40.63999938964844,1186800.0
2024-05-21,40.470001220703125,41.4900016784668,40.470001220703125,40.959999084472656,1688200.0
2024-05-22,40.79999923706055,40.79999923706055,39.63999938964844,39.93000030517578,1293100.0
2024-05-23,40.15999984741211,40.540000915527344,39.040000915527344,39.529998779296875,1134600.0
2024-05-24,39.84000015258789,40.13999938964844,39.41999816894531,39.54999923706055,1167100.0
2024-05-28,39.7599983215332,40.470001220703125,39.7599983215332,40.31999969482422,1077000.0
2024-05-29,40.209999084472656,40.279998779296875,39.38999938964844,39.66999816894531,734700.0
2024-05-30,39.779998779296875,40.41999816894531,39.779998779296875,40.060001373291016,1109300.0
2024-05-31,40.27000045776367,40.95000076293945,40.16999816894531,40.93000030517578,951700.0
2024-06-03,40.86000061035156,40.90999984741211,38.84000015258789,38.959999084472656,1513100.0
2024-06-04,38.45000076293945,38.599998474121094,37.650001525878906,37.790000915527344,1488000.0
2024-06-05,37.93000030517578,38.0,37.400001525878906,37.849998474121094,1157400.0
2024-06-06,37.849998474121094,37.97999954223633,37.540000915527344,37.77000045776367,869900.0
2024-06-07,37.54999923706055,37.84000015258789,37.29999923706055,37.54999923706055,910700.0
2024-06-10,37.56999969482422,38.40999984741211,37.439998626708984,38.150001525878906,661800.0
2024-06-11,37.970001220703125,38.380001068115234,37.54999923706055,38.20000076293945,1125300.0
2024-06-12,39.0,39.119998931884766,37.95000076293945,38.060001373291016,994100.0
2024-06-13,38.040000915527344,38.08000183105469,36.900001525878906,37.349998474121094,1203900.0
2024-06-14,37.34000015258789,37.34000015258789,36.599998474121094,37.04999923706055,1535600.0
2024-06-17,37.09000015258789,37.470001220703125,36.540000915527344,37.25,1149800.0
2024-06-18,37.2599983215332,37.540000915527344,37.040000915527344,37.2599983215332,1098300.0
2024-06-20,37.2599983215332,37.72999954223633,37.130001068115234,37.27000045776367,1625200.0
2024-06-21,37.29999923706055,37.4900016784668,36.560001373291016,36.7599983215332,2856100.0
2024-06-24,37.130001068115234,38.630001068115234,37.11000061035156,38.439998626708984,822300.0
2024-06-25,38.400001525878906,38.45000076293945,37.88999938964844,38.41999816894531,907900.0
2024-06-26,38.40999984741211,38.529998779296875,38.0099983215332,38.470001220703125,825100.0
2024-06-27,38.619998931884766,38.91999816894531,37.529998779296875,37.689998626708984,1484500.0
2024-06-28,38.15999984741211,38.310001373291016,37.119998931884766,37.16999816894531,6973800.0
2024-07-01,37.75,38.08000183105469,37.130001068115234,37.68000030517578,1541100.0
2024-07-02,37.9900016784668,38.47999954223633,37.83000183105469,38.06999969482422,1367100.0
2024-07-03,38.2400016784668,38.90999984741211,38.150001525878906,38.86000061035156,516000.0
2024-07-05,38.68000030517578,38.849998474121094,37.81999969482422,38.06999969482422,817700.0
2024-07-08,37.900001525878906,38.81999969482422,37.900001525878906,38.81999969482422,1541800.0
2024-07-09,38.38999938964844,39.20000076293945,38.209999084472656,38.2400016784668,1167600.0
2024-07-10,38.34000015258789,38.650001525878906,38.189998626708984,38.369998931884766,876900.0
2024-07-11,38.650001525878906,39.43000030517578,38.22999954223633,39.34000015258789,878000.0
2024-07-12,39.88999938964844,39.88999938964844,39.220001220703125,39.47999954223633,926400.0
2024-07-15,39.91999816894531,40.9900016784668,39.54999923706055,40.689998626708984,1960300.0
2024-07-16,40.45000076293945,41.650001525878906,40.2400016784668,41.380001068115234,2203900.0
2024-07-17,41.79999923706055,42.650001525878906,41.439998626708984,41.650001525878906,1562400.0
2024-07-18,41.630001068115234,42.15999984741211,41.2599983215332,41.650001525878906,963200.0
2024-07-19,41.40999984741211,41.70000076293945,41.119998931884766,41.31999969482422,925200.0
2024-07-22,41.15999984741211,41.310001373291016,40.36000061035156,40.380001068115234,1066400.0
2024-07-23,40.02000045776367,40.11000061035156,38.68000030517578,38.869998931884766,2621800.0
2024-07-24,39.040000915527344,39.29999923706055,38.150001525878906,38.20000076293945,1457700.0
2024-07-25,38.38999938964844,39.61000061035156,37.9900016784668,39.459999084472656,2322700.0
2024-07-26,39.650001525878906,40.2400016784668,39.0,40.189998626708984,1906700.0
2024-07-29,41.22999954223633,41.59000015258789,39.63999938964844,40.22999954223633,2117800.0
2024-07-30,40.33000183105469,41.08000183105469,40.33000183105469,40.63999938964844,1983400.0
2024-07-31,42.09000015258789,43.79999923706055,41.34000015258789,43.189998626708984,4019800.0
2024-08-01,43.220001220703125,43.5,41.04999923706055,41.41999816894531,2038200.0
2024-08-02,40.810001373291016,40.810001373291016,37.93000030517578,38.58000183105469,2279700.0
2024-08-05,37.0,37.18000030517578,36.09000015258789,36.63999938964844,2500400.0
2024-08-06,36.5099983215332,37.56999969482422,36.150001525878906,36.41999816894531,1681100.0
2024-08-07,37.599998474121094,38.220001220703125,36.90999984741211,37.0099983215332,1414200.0
2024-08-08,37.56999969482422,38.380001068115234,37.36000061035156,38.119998931884766,964500.0
2024-08-09,38.060001373291016,38.220001220703125,37.599998474121094,37.959999084472656,1156800.0
2024-08-12,38.27000045776367,39.11000061035156,38.27000045776367,39.029998779296875,987900.0
2024-08-13,38.790000915527344,38.790000915527344,38.16999816894531,38.66999816894531,1183700.0
2024-08-14,38.900001525878906,38.93000030517578,38.40999984741211,38.4900016784668,837500.0
2024-08-15,38.81999969482422,39.709999084472656,38.66999816894531,39.47999954223633,1059800.0
2024-08-16,39.06999969482422,39.290000915527344,38.58000183105469,38.599998474121094,989900.0
2024-08-19,38.709999084472656,39.470001220703125,38.650001525878906,38.970001220703125,950400.0
2024-08-20,38.79999923706055,39.0,37.2599983215332,37.560001373291016,1073300.0
2024-08-21,38.130001068115234,38.189998626708984,37.52000045776367,37.81999969482422,1068000.0
2024-08-22,37.84000015258789,38.34000015258789,37.84000015258789,38.04999923706055,608400.0
2024-08-23,38.439998626708984,39.70000076293945,38.349998474121094,39.61000061035156,1841100.0
2024-08-26,40.369998931884766,40.66999816894531,39.79999923706055,40.189998626708984,908000.0
2024-08-27,39.97999954223633,40.20000076293945,39.54999923706055,39.869998931884766,955600.0
2024-08-28,39.45000076293945,39.779998779296875,39.36000061035156,39.7599983215332,680000.0
2024-08-29,40.150001525878906,40.560001373291016,39.75,40.310001373291016,828900.0
2024-08-30,39.77000045776367,39.86000061035156,39.36000061035156,39.779998779296875,926800.0
2024-09-03,38.779998779296875,38.900001525878906,37.61000061035156,38.119998931884766,2169800.0
2024-09-04,38.279998779296875,38.369998931884766,36.650001525878906,36.709999084472656,1825000.0
2024-09-05,37.06999969482422,37.20000076293945,36.130001068115234,36.279998779296875,1196500.0
2024-09-06,36.22999954223633,36.52000045776367,34.66999816894531,34.95000076293945,2072800.0
2024-09-09,34.970001220703125,35.29999923706055,34.439998626708984,34.459999084472656,1265500.0
2024-09-10,34.470001220703125,34.75,33.47999954223633,33.959999084472656,1533200.0
2024-09-11,34.16999816894531,34.20000076293945,33.16999816894531,33.97999954223633,1258800.0
2024-09-12,34.02000045776367,34.36000061035156,33.52000045776367,34.09000015258789,1079600.0
2024-09-13,34.470001220703125,35.02000045776367,34.33000183105469,34.439998626708984,879600.0
2024-09-16,34.709999084472656,35.06999969482422,34.40999984741211,34.88999938964844,1272500.0
2024-09-17,34.97999954223633,36.2599983215332,34.97999954223633,36.06999969482422,1288300.0
2024-09-18,36.060001373291016,37.09000015258789,35.90999984741211,36.16999816894531,1226800.0
2024-09-19,37.5099983215332,37.779998779296875,36.65999984741211,37.25,1363800.0
2024-09-20,37.22999954223633,37.439998626708984,36.599998474121094,37.11000061035156,3589500.0
2024-09-23,37.18000030517578,37.849998474121094,36.81999969482422,37.13999938964844,1596200.0
2024-09-24,37.619998931884766,37.779998779296875,37.15999984741211,37.400001525878906,1416800.0
2024-09-25,37.2599983215332,37.34000015258789,36.2400016784668,36.43000030517578,1555100.0
2024-09-26,35.47999954223633,35.779998779296875,34.2400016784668,34.400001525878906,2350900.0
2024-09-27,34.540000915527344,35.189998626708984,34.470001220703125,35.16999816894531,1437000.0
2024-09-30,34.79999923706055,35.70000076293945,34.560001373291016,35.40999984741211,1360300.0
2024-10-01,35.0099983215332,36.65999984741211,34.720001220703125,36.400001525878906,1133500.0
2024-10-02,37.130001068115234,37.34000015258789,36.40999984741211,36.880001068115234,1536900.0
2024-10-03,36.939998626708984,39.150001525878906,36.65999984741211,39.08000183105469,2201300.0
2024-10-04,39.52000045776367,39.849998474121094,39.06999969482422,39.65999984741211,1160300.0
2024-10-07,39.779998779296875,40.45000076293945,39.619998931884766,40.119998931884766,1099300.0
2024-10-08,39.060001373291016,39.470001220703125,38.29999923706055,39.36000061035156,1563600.0
2024-10-09,38.970001220703125,39.52000045776367,38.70000076293945,39.08000183105469,819500.0
2024-10-10,39.310001373291016,39.63999938964844,38.97999954223633,39.2400016784668,878100.0
2024-10-11,39.20000076293945,40.400001525878906,39.119998931884766,39.880001068115234,1380200.0
2024-10-14,39.29999923706055,39.81999969482422,39.18000030517578,39.63999938964844,631600.0
2024-10-15,38.27000045776367,38.630001068115234,37.560001373291016,37.599998474121094,1598800.0
2024-10-16,37.83000183105469,38.400001525878906,37.81999969482422,37.91999816894531,723900.0
2024-10-17,37.88999938964844,38.029998779296875,37.5099983215332,37.84000015258789,851500.0
2024-10-18,37.93000030517578,37.93000030517578,37.099998474121094,37.22999954223633,860900.0
2024-10-21,37.630001068115234,37.79999923706055,37.18000030517578,37.33000183105469,1061400.0
2024-10-22,37.630001068115234,37.880001068115234,37.220001220703125,37.66999816894531,671500.0
2024-10-23,37.459999084472656,37.66999816894531,36.93000030517578,37.209999084472656,630600.0
2024-10-24,37.470001220703125,37.59000015258789,36.95000076293945,37.27000045776367,482700.0
2024-10-25,37.45000076293945,38.0,37.16999816894531,37.31999969482422,919400.0
2024-10-28,36.0,36.630001068115234,35.81999969482422,36.54999923706055,1424700.0
2024-10-29,36.36000061035156,36.650001525878906,35.709999084472656,36.02000045776367,709200.0
2024-10-30,36.279998779296875,36.880001068115234,36.029998779296875,36.470001220703125,568500.0
2024-10-31,36.90999984741211,37.22999954223633,36.130001068115234,36.25,1047300.0
2024-11-01,36.709999084472656,37.029998779296875,35.650001525878906,35.81999969482422,729500.0
2024-11-04,36.130001068115234,36.849998474121094,36.040000915527344,36.209999084472656,813900.0
2024-11-05,36.29999923706055,36.9900016784668,36.0099983215332,36.7599983215332,1821400.0
2024-11-06,40.20000076293945,41.52000045776367,38.95000076293945,41.060001373291016,4982800.0
2024-11-07,41.33000183105469,41.369998931884766,40.31999969482422,40.540000915527344,1790300.0
2024-11-08,40.540000915527344,40.97999954223633,39.88999938964844,40.93000030517578,1255200.0
2024-11-11,40.90999984741211,41.52000045776367,40.5,41.099998474121094,1007900.0
2024-11-12,41.29999923706055,41.66999816894531,40.540000915527344,40.68000030517578,874400.0
2024-11-13,41.029998779296875,41.11000061035156,40.25,40.58000183105469,888500.0
2024-11-14,41.209999084472656,41.279998779296875,40.43000030517578,40.900001525878906,753500.0
2024-11-15,41.029998779296875,41.380001068115234,40.2400016784668,40.5,730300.0
2024-11-18,41.099998474121094,41.66999816894531,40.810001373291016,41.25,1159300.0
2024-11-19,40.689998626708984,41.290000915527344,40.58000183105469,41.08000183105469,553400.0
2024-11-20,40.810001373291016,41.58000183105469,40.810001373291016,41.56999969482422,928900.0
2024-11-21,42.0099983215332,42.58000183105469,41.79999923706055,42.34000015258789,1026700.0
2024-11-22,42.349998474121094,43.41999816894531,42.220001220703125,43.20000076293945,1309700.0
2024-11-25,43.369998931884766,43.58000183105469,42.560001373291016,43.310001373291016,1620400.0
2024-11-26,43.41999816894531,43.439998626708984,42.599998474121094,43.130001068115234,790400.0
2024-11-27,43.56999969482422,44.310001373291016,43.36000061035156,43.459999084472656,1165200.0
2024-11-29,43.599998474121094,43.81999969482422,43.34000015258789,43.4900016784668,599400.0
2024-12-02,43.650001525878906,43.689998626708984,42.5099983215332,43.31999969482422,1034300.0
2024-12-03,43.779998779296875,43.779998779296875,43.11000061035156,43.47999954223633,664500.0
2024-12-04,43.54999923706055,43.54999923706055,41.5099983215332,41.72999954223633,1418800.0
2024-12-05,42.0,42.25,41.439998626708984,41.5099983215332,1308600.0
2024-12-06,41.33000183105469,41.33000183105469,39.540000915527344,40.22999954223633,1478100.0
2024-12-09,40.79999923706055,41.459999084472656,40.45000076293945,40.86000061035156,828400.0
2024-12-10,41.099998474121094,41.099998474121094,40.25,40.400001525878906,1119200.0
2024-12-11,40.79999923706055,41.400001525878906,40.25,41.27000045776367,1273800.0
2024-12-12,41.22999954223633,41.4900016784668,40.45000076293945,41.209999084472656,1143200.0
2024-12-13,41.220001220703125,41.31999969482422,40.369998931884766,40.709999084472656,1047100.0
2024-12-16,40.18000030517578,40.2400016784668,38.88999938964844,39.27000045776367,1459000.0
2024-12-17,38.650001525878906,38.880001068115234,37.869998931884766,38.5099983215332,2131500.0
2024-12-18,38.720001220703125,39.380001068115234,36.75,36.810001373291016,2741200.0
2024-12-19,37.54999923706055,37.68000030517578,35.93000030517578,36.02000045776367,1976100.0
2024-12-20,35.459999084472656,37.06999969482422,35.209999084472656,35.56999969482422,4749900.0
2024-12-23,35.52000045776367,35.880001068115234,35.099998474121094,35.630001068115234,2225500.0
2024-12-24,35.630001068115234,36.16999816894531,35.119998931884766,36.099998474121094,408000.0
2024-12-26,36.099998474121094,36.25,35.59000015258789,36.130001068115234,712800.0
2024-12-27,36.04999923706055,36.61000061035156,35.90999984741211,36.040000915527344,931700.0
2024-12-30,35.880001068115234,36.95000076293945,35.59000015258789,36.58000183105469,1220100.0
2024-12-31,36.709999084472656,37.369998931884766,36.68000030517578,37.15999984741211,919800.0
2025-01-02,37.72999954223633,38.13999938964844,37.400001525878906,37.7599983215332,906900.0
2025-01-03,38.02000045776367,38.529998779296875,37.880001068115234,38.29999923706055,1105500.0
2025-01-06,38.65999984741211,39.209999084472656,38.33000183105469,38.5,1066000.0
2025-01-07,38.619998931884766,39.29999923706055,38.369998931884766,39.290000915527344,1010600.0
2025-01-08,38.95000076293945,39.650001525878906,38.95000076293945,39.400001525878906,1059000.0
2025-01-10,40.33000183105469,40.59000015258789,39.7400016784668,39.959999084472656,1542600.0
2025-01-13,40.38999938964844,41.33000183105469,40.130001068115234,40.790000915527344,1726600.0
2025-01-14,40.75,41.349998474121094,40.56999969482422,41.16999816894531,1311100.0
2025-01-15,41.529998779296875,41.900001525878906,41.16999816894531,41.72999954223633,1762700.0
2025-01-16,41.45000076293945,42.349998474121094,41.45000076293945,42.06999969482422,1191200.0
2025-01-17,41.880001068115234,42.220001220703125,41.439998626708984,42.029998779296875,1878600.0
2025-01-21,41.68000030517578,41.75,40.290000915527344,40.470001220703125,1523600.0
2025-01-22,40.38999938964844,40.720001220703125,39.79999923706055,39.880001068115234,1546400.0
2025-01-23,40.15999984741211,40.52000045776367,39.11000061035156,39.43000030517578,1205500.0
2025-01-24,39.41999816894531,39.52000045776367,37.88999938964844,37.939998626708984,1995700.0
2025-01-27,37.54999923706055,38.31999969482422,36.90999984741211,37.2599983215332,1575100.0
2025-01-28,37.40999984741211,37.900001525878906,36.779998779296875,37.439998626708984,2000200.0
2025-01-29,37.15999984741211,37.81999969482422,36.65999984741211,37.79999923706055,1016500.0
2025-01-30,37.88999938964844,38.08000183105469,36.779998779296875,37.16999816894531,1319800.0
2025-01-31,37.11000061035156,37.16999816894531,35.66999816894531,35.95000076293945,1293800.0
2025-02-03,35.93000030517578,36.33000183105469,35.09000015258789,35.849998474121094,1435200.0
2025-02-04,35.619998931884766,36.97999954223633,35.47999954223633,36.84000015258789,1368000.0
2025-02-05,36.560001373291016,36.970001220703125,36.08000183105469,36.16999816894531,1254600.0
2025-02-06,36.4900016784668,36.4900016784668,35.09000015258789,35.61000061035156,1720800.0
2025-02-07,35.720001220703125,36.029998779296875,35.150001525878906,35.15999984741211,774600.0
2025-02-10,35.68000030517578,36.349998474121094,35.59000015258789,36.099998474121094,1132200.0
2025-02-11,36.279998779296875,36.95000076293945,36.20000076293945,36.22999954223633,759300.0
2025-02-12,35.790000915527344,35.939998626708984,34.84000015258789,35.119998931884766,1043600.0
2025-02-13,34.75,34.900001525878906,33.650001525878906,34.5099983215332,2041300.0
2025-02-14,34.5099983215332,35.189998626708984,34.310001373291016,35.11000061035156,1307200.0
2025-02-18,35.47999954223633,35.9900016784668,34.47999954223633,35.189998626708984,1594400.0
2025-02-19,35.27000045776367,36.15999984741211,35.2599983215332,35.400001525878906,1468600.0
2025-02-20,35.41999816894531,35.72999954223633,34.75,35.380001068115234,2017000.0
2025-02-21,35.0,35.11000061035156,32.810001373291016,33.0,2751100.0
2025-02-24,33.0,33.66999816894531,32.880001068115234,33.290000915527344,2231900.0
2025-02-25,33.08000183105469,33.29999923706055,32.13999938964844,32.189998626708984,1605700.0
2025-02-26,32.150001525878906,32.529998779296875,31.780000686645508,32.08000183105469,2151500.0
2025-02-27,32.20000076293945,32.380001068115234,31.700000762939453,31.90999984741211,1237600.0
2025-02-28,31.610000610351562,31.950000762939453,31.15999984741211,31.5,1914100.0
2025-03-03,31.739999771118164,31.84000015258789,28.329999923706055,28.420000076293945,3643200.0
2025-03-04,28.010000228881836,28.299999237060547,26.81999969482422,27.6200008392334,3186100.0
2025-03-05,27.200000762939453,27.65999984741211,26.600000381469727,27.610000610351562,4785700.0
2025-03-06,27.190000534057617,27.68000030517578,26.719999313354492,26.889999389648438,2194500.0
2025-03-07,27.479999542236328,27.950000762939453,26.75,27.489999771118164,2094100.0
2025-03-10,27.610000610351562,28.989999771118164,27.459999084472656,27.889999389648438,2625300.0
2025-03-11,28.229999542236328,29.0,27.549999237060547,27.950000762939453,1950000.0
2025-03-12,28.68000030517578,29.1200008392334,27.959999084472656,28.799999237060547,1973200.0
2025-03-13,28.760000228881836,29.18000030517578,27.860000610351562,28.329999923706055,1255100.0
2025-03-14,28.65999984741211,29.459999084472656,28.510000228881836,29.389999389648438,1245300.0
2025-03-17,29.389999389648438,29.920000076293945,29.25,29.3799991607666,1259000.0
2025-03-18,29.739999771118164,30.010000228881836,29.3799991607666,29.93000030517578,1247200.0
2025-03-19,30.079999923706055,31.079999923706055,29.950000762939453,30.709999084472656,1769700.0
2025-03-20,30.420000076293945,31.1200008392334,30.239999771118164,30.799999237060547,1248600.0
2025-03-21,30.68000030517578,30.780000686645508,30.0,30.110000610351562,3519100.0
2025-03-24,30.200000762939453,30.959999084472656,30.190000534057617,30.940000534057617,964100.0
2025-03-25,31.1200008392334,31.309999465942383,30.56999969482422,30.639999389648438,775500.0
2025-03-26,31.100000381469727,31.59000015258789,30.8700008392334,30.950000762939453,1220200.0
2025-03-27,30.850000381469727,31.059999465942383,30.350000381469727,30.81999969482422,1322300.0
2025-03-28,30.440000534057617,30.440000534057617,29.75,30.149999618530273,1270700.0
2025-03-31,29.979999542236328,30.770000457763672,29.790000915527344,30.229999542236328,1690500.0
2025-04-01,29.84000015258789,30.260000228881836,29.530000686645508,29.8700008392334,1357400.0
2025-04-02,29.3700008392334,30.979999542236328,29.25,30.600000381469727,1733300.0
2025-04-03,28.559999465942383,28.6200008392334,25.950000762939453,25.959999084472656,2645300.0
2025-04-04,24.420000076293945,24.639999389648438,22.5,23.399999618530273,5351000.0
2025-04-07,22.450000762939453,24.31999969482422,21.6200008392334,22.540000915527344,3971000.0
2025-04-08,23.309999465942383,23.43000030517578,20.3799991607666,20.600000381469727,3636400.0
2025-04-09,20.170000076293945,25.200000762939453,19.8799991607666,24.739999771118164,3190800.0
2025-04-10,23.65999984741211,23.670000076293945,21.149999618530273,21.719999313354492,2984800.0
2025-04-11,21.90999984741211,22.700000762939453,21.100000381469727,22.479999542236328,2650800.0
2025-04-14,23.200000762939453,23.260000228881836,22.059999465942383,22.700000762939453,1497800.0
2025-04-15,22.420000076293945,23.18000030517578,22.350000381469727,22.43000030517578,1644600.0
2025-04-16,22.579999923706055,23.6299991607666,22.549999237060547,22.93000030517578,1429400.0
2025-04-17,23.440000534057617,24.530000686645508,23.260000228881836,24.190000534057617,2134400.0
2025-04-21,23.510000228881836,23.850000381469727,22.920000076293945,23.09000015258789,1481300.0
2025-04-22,23.6200008392334,23.950000762939453,23.030000686645508,23.559999465942383,1438400.0
2025-04-23,24.270000457763672,24.649999618530273,23.219999313354492,23.43000030517578,1410000.0
2025-04-24,23.809999465942383,23.969999313354492,23.5,23.75,1029500.0
2025-04-25,23.309999465942383,24.15999984741211,23.309999465942383,24.15999984741211,1158300.0
2025-04-28,24.100000381469727,24.81999969482422,24.100000381469727,24.799999237060547,2077600.0
2025-04-29,24.440000534057617,25.030000686645508,24.219999313354492,24.760000228881836,3234100.0
2025-04-30,26.079999923706055,26.399999618530273,23.639999389648438,24.299999237060547,3074800.0
2025-05-01,24.469999313354492,25.469999313354492,24.25,25.079999923706055,1960400.0
2025-05-02,25.489999771118164,25.8700008392334,25.0,25.440000534057617,1750000.0
2025-05-05,24.639999389648438,24.790000915527344,24.290000915527344,24.299999237060547,1719400.0
2025-05-06,24.799999237060547,24.989999771118164,24.219999313354492,24.450000762939453,1521500.0
2025-05-07,24.610000610351562,24.610000610351562,23.940000534057617,24.450000762939453,1245200.0
2025-05-08,24.969999313354492,26.559999465942383,24.899999618530273,26.299999237060547,1881900.0
2025-05-09,26.670000076293945,27.040000915527344,26.1200008392334,26.549999237060547,1482400.0
2025-05-12,28.309999465942383,29.06999969482422,27.809999465942383,28.200000762939453,2537800.0
2025-05-13,28.229999542236328,29.940000534057617,28.229999542236328,29.610000610351562,2136500.0
2025-05-14,29.229999542236328,29.809999465942383,28.940000534057617,29.809999465942383,1753000.0
2025-05-15,29.010000228881836,29.299999237060547,28.489999771118164,28.739999771118164,2130700.0
2025-05-16,28.979999542236328,28.979999542236328,28.059999465942383,28.43000030517578,1241800.0
2025-05-19,27.979999542236328,28.260000228881836,27.489999771118164,28.260000228881836,1320700.0
2025-05-20,28.139999389648438,28.270000457763672,27.68000030517578,27.760000228881836,1187600.0
2025-05-21,27.520000457763672,27.719999313354492,26.850000381469727,26.899999618530273,1246000.0
2025-05-22,26.540000915527344,27.020000457763672,25.84000015258789,26.84000015258789,1403800.0
2025-05-23,26.25,27.020000457763672,26.25,26.940000534057617,1163200.0
2025-05-27,27.190000534057617,27.559999465942383,26.65999984741211,27.5,1382300.0
2025-05-28,27.780000686645508,27.90999984741211,27.229999542236328,27.31999969482422,1068900.0
2025-05-29,27.540000915527344,27.739999771118164,26.889999389648438,27.15999984741211,1691400.0
2025-05-30,26.799999237060547,26.899999618530273,26.3700008392334,26.579999923706055,1071000.0
2025-06-02,27.440000534057617,27.59000015258789,26.90999984741211,27.079999923706055,1837700.0
2025-06-03,27.190000534057617,29.059999465942383,26.65999984741211,28.829999923706055,1895600.0
2025-06-04,28.68000030517578,29.59000015258789,28.18000030517578,28.209999084472656,1363300.0
2025-06-05,28.530000686645508,28.530000686645508,27.700000762939453,27.799999237060547,1145500.0
2025-06-06,28.440000534057617,28.940000534057617,28.399999618530273,28.75,1276600.0
2025-06-09,29.149999618530273,30.31999969482422,28.760000228881836,29.809999465942383,1968100.0
2025-06-10,30.459999084472656,31.18000030517578,30.049999237060547,30.639999389648438,1408800.0
2025-06-11,31.200000762939453,31.530000686645508,30.360000610351562,31.09000015258789,2249300.0
2025-06-12,30.600000381469727,31.18000030517578,30.290000915527344,31.149999618530273,899300.0
2025-06-13,32.54999923706055,32.619998931884766,31.219999313354492,32.15999984741211,5194700.0
2025-06-16,31.6200008392334,32.22999954223633,31.06999969482422,31.520000457763672,2023200.0
2025-06-17,31.899999618530273,32.27000045776367,31.299999237060547,31.530000686645508,1496300.0
2025-06-18,31.530000686645508,32.16999816894531,31.190000534057617,31.260000228881836,2741600.0
2025-06-20,31.440000534057617,31.59000015258789,30.8700008392334,31.260000228881836,2694000.0
2025-06-23,31.299999237060547,31.510000228881836,29.360000610351562,29.649999618530273,3644200.0
2025-06-24,29.010000228881836,29.610000610351562,28.780000686645508,29.139999389648438,2922700.0
2025-06-25,29.280000686645508,29.329999923706055,28.600000381469727,28.719999313354492,1390300.0
2025-06-26,28.780000686645508,29.559999465942383,28.770000457763672,29.399999618530273,1882900.0
2025-06-27,28.8700008392334,29.190000534057617,28.579999923706055,28.979999542236328,2390800.0
2025-06-30,28.8700008392334,28.8700008392334,28.209999084472656,28.350000381469727,2167800.0
2025-07-01,28.43000030517578,29.75,28.15999984741211,29.139999389648438,2277700.0
2025-07-02,29.649999618530273,30.049999237060547,29.040000915527344,29.950000762939453,1680200.0
2025-07-03,29.829999923706055,30.209999084472656,29.700000762939453,29.799999237060547,438500.0
2025-07-07,29.31999969482422,29.93000030517578,28.770000457763672,29.209999084472656,1758000.0
2025-07-08,29.34000015258789,31.280000686645508,29.260000228881836,31.06999969482422,1732500.0
2025-07-09,30.959999084472656,31.049999237060547,30.510000228881836,30.719999313354492,1981700.0
2025-07-10,30.639999389648438,31.100000381469727,30.020000457763672,30.770000457763672,1903900.0
2025-07-11,30.75,31.149999618530273,30.530000686645508,30.739999771118164,1283600.0
2025-07-14,30.239999771118164,30.5,29.31999969482422,29.3799991607666,1275600.0
2025-07-15,29.459999084472656,29.559999465942383,27.940000534057617,27.959999084472656,1516300.0
2025-07-16,27.799999237060547,28.020000457763672,26.760000228881836,26.93000030517578,2029100.0
2025-07-17,26.93000030517578,27.700000762939453,26.8700008392334,27.530000686645508,2819300.0
2025-07-18,28.010000228881836,28.06999969482422,27.1200008392334,27.239999771118164,2044500.0
2025-07-21,27.510000228881836,27.510000228881836,26.5,26.579999923706055,2347400.0
2025-07-22,26.719999313354492,27.31999969482422,26.6200008392334,27.15999984741211,1332400.0
2025-07-23,27.15999984741211,28.229999542236328,27.0,28.06999969482422,1933800.0
2025-07-24,28.010000228881836,28.739999771118164,27.639999389648438,28.739999771118164,1315600.0
2025-07-25,28.770000457763672,28.8700008392334,28.219999313354492,28.479999542236328,1624200.0
2025-07-28,28.8700008392334,29.84000015258789,28.739999771118164,29.709999084472656,1562900.0
2025-07-29,29.68000030517578,29.790000915527344,28.969999313354492,29.5,1444200.0
2025-07-30,29.420000076293945,29.450000762939453,28.219999313354492,28.600000381469727,1922500.0
2025-07-31,28.049999237060547,28.809999465942383,27.770000457763672,28.15999984741211,1825900.0
2025-08-01,28.729999542236328,28.729999542236328,24.969999313354492,25.030000686645508,3654700.0
2025-08-04,25.040000915527344,25.389999389648438,24.559999465942383,25.110000610351562,2888300.0
2025-08-05,25.25,25.729999542236328,24.799999237060547,25.68000030517578,1747700.0
2025-08-06,25.93000030517578,26.239999771118164,24.920000076293945,25.040000915527344,1517100.0
2025-08-07,25.579999923706055,25.959999084472656,24.309999465942383,24.65999984741211,3146200.0
2025-08-08,24.850000381469727,25.31999969482422,24.459999084472656,24.479999542236328,1766100.0
2025-08-11,24.729999542236328,24.979999542236328,23.899999618530273,23.950000762939453,1729200.0
2025-08-12,24.260000228881836,25.020000457763672,24.09000015258789,24.59000015258789,1550400.0
2025-08-13,24.459999084472656,25.040000915527344,24.399999618530273,24.860000610351562,1441500.0
2025-08-14,24.559999465942383,24.84000015258789,24.209999084472656,24.81999969482422,1885100.0
2025-08-15,24.829999923706055,24.950000762939453,24.290000915527344,24.34000015258789,1399000.0
2025-08-18,23.950000762939453,24.139999389648438,23.43000030517578,23.81999969482422,2084300.0
2025-08-19,23.760000228881836,24.06999969482422,23.09000015258789,23.1299991607666,1563500.0
2025-08-20,23.1200008392334,23.3700008392334,22.75,23.239999771118164,1810800.0
2025-08-21,23.190000534057617,23.75,23.059999465942383,23.719999313354492,2121200.0
2025-08-22,23.84000015258789,25.200000762939453,23.84000015258789,25.100000381469727,1874000.0
2025-08-25,25.200000762939453,25.65999984741211,24.969999313354492,25.559999465942383,1441400.0
2025-08-26,25.260000228881836,25.5,24.920000076293945,25.309999465942383,2271100.0
2025-08-27,25.15999984741211,26.0,25.15999984741211,25.760000228881836,1035200.0
2025-08-28,25.790000915527344,26.260000228881836,25.440000534057617,26.200000762939453,1066100.0
2025-08-29,26.110000610351562,26.479999542236328,26.06999969482422,26.15999984741211,1069000.0
2025-09-02,26.15999984741211,26.75,25.989999771118164,26.739999771118164,1344200.0
2025-09-03,26.450000762939453,26.709999084472656,25.469999313354492,25.649999618530273,1418600.0
2025-09-04,25.59000015258789,26.31999969482422,25.399999618530273,26.020000457763672,2205500.0
2025-09-05,25.510000228881836,26.149999618530273,24.579999923706055,24.84000015258789,1239400.0
2025-09-08,24.8700008392334,24.979999542236328,24.170000076293945,24.690000534057617,1220000.0
2025-09-09,24.90999984741211,25.360000610351562,24.649999618530273,24.760000228881836,1236400.0
2025-09-10,24.93000030517578,25.81999969482422,24.920000076293945,25.780000686645508,1351900.0
2025-09-11,25.299999237060547,25.809999465942383,25.219999313354492,25.760000228881836,1548500.0
2025-09-12,25.93000030517578,26.18000030517578,25.399999618530273,25.440000534057617,845000.0
2025-09-15,25.3799991607666,25.510000228881836,24.920000076293945,24.959999084472656,1450800.0
2025-09-16,25.290000915527344,25.90999984741211,25.190000534057617,25.790000915527344,1549300.0
2025-09-17,25.639999389648438,26.809999465942383,25.6299991607666,25.8700008392334,1371000.0
2025-09-18,26.170000076293945,26.34000015258789,25.600000381469727,26.260000228881836,1736600.0
2025-09-19,26.15999984741211,26.190000534057617,25.059999465942383,25.059999465942383,4363100.0
2025-09-22,25.200000762939453,25.329999923706055,24.75,25.309999465942383,2261100.0
2025-09-23,25.479999542236328,27.450000762939453,25.420000076293945,26.479999542236328,2832800.0
2025-09-24,26.709999084472656,27.520000457763672,26.709999084472656,26.920000076293945,1623800.0
2025-09-25,26.540000915527344,27.1299991607666,26.479999542236328,26.940000534057617,1486400.0
2025-09-26,27.0,28.09000015258789,26.920000076293945,27.65999984741211,4001900.0
2025-09-29,26.899999618530273,26.920000076293945,25.65999984741211,25.700000762939453,2472000.0
2025-09-30,25.440000534057617,25.579999923706055,24.5,24.799999237060547,2903200.0
2025-10-01,24.479999542236328,25.049999237060547,24.399999618530273,24.65999984741211,2733400.0
2025-10-02,24.479999542236328,24.799999237060547,24.040000915527344,24.100000381469727,2464900.0
2025-10-03,24.43000030517578,25.079999923706055,24.3799991607666,25.040000915527344,2081100.0
2025-10-06,25.459999084472656,25.899999618530273,25.139999389648438,25.5,1383200.0
2025-10-07,25.479999542236328,25.6299991607666,24.600000381469727,24.860000610351562,2181200.0
2025-10-08,24.850000381469727,25.0,24.360000610351562,24.719999313354492,1313600.0
2025-10-09,24.760000228881836,25.059999465942383,23.610000610351562,23.639999389648438,1806200.0
2025-10-10,23.40999984741211,23.6200008392334,22.020000457763672,22.040000915527344,2047400.0
2025-10-13,22.729999542236328,23.260000228881836,22.049999237060547,23.1299991607666,2411900.0
2025-10-14,22.170000076293945,22.899999618530273,22.170000076293945,22.299999237060547,1431500.0
2025-10-15,22.420000076293945,22.729999542236328,21.6200008392334,21.719999313354492,3053800.0
2025-10-16,21.780000686645508,21.850000381469727,21.020000457763672,21.420000076293945,2573000.0
2025-10-17,21.43000030517578,21.760000228881836,20.979999542236328,21.59000015258789,2122300.0
2025-10-20,21.489999771118164,22.030000686645508,21.25,21.299999237060547,1959800.0
2025-10-21,21.200000762939453,21.850000381469727,21.010000228881836,21.399999618530273,2362900.0
2025-10-22,21.93000030517578,21.979999542236328,21.020000457763672,21.399999618530273,1789800.0
2025-10-23,22.280000686645508,22.729999542236328,22.15999984741211,22.190000534057617,2333200.0
2025-10-24,22.350000381469727,22.350000381469727,21.540000915527344,21.549999237060547,1849000.0
2025-10-27,21.84000015258789,22.309999465942383,21.729999542236328,22.06999969482422,2073800.0
2025-10-28,21.709999084472656,21.969999313354492,21.40999984741211,21.670000076293945,1531000.0
2025-10-29,21.829999923706055,22.6200008392334,21.760000228881836,21.969999313354492,2364800.0
2025-10-30,21.700000762939453,22.0,21.229999542236328,21.329999923706055,2073600.0
2025-10-31,21.40999984741211,22.170000076293945,21.25,22.1299991607666,1911100.0
2025-11-03,21.84000015258789,22.290000915527344,21.549999237060547,22.049999237060547,2245800.0
2025-11-04,21.5,21.670000076293945,21.170000076293945,21.200000762939453,2123800.0
2025-11-05,21.049999237060547,21.579999923706055,20.420000076293945,20.489999771118164,2376500.0
2025-11-06,20.719999313354492,21.059999465942383,20.40999984741211,20.479999542236328,3949400.0
2025-11-07,21.229999542236328,21.6299991607666,20.18000030517578,21.610000610351562,3438500.0
2025-11-10,22.0,22.299999237060547,21.43000030517578,22.15999984741211,2031900.0
2025-11-11,22.239999771118164,23.149999618530273,22.239999771118164,22.65999984741211,1962800.0
2025-11-12,22.579999923706055,22.639999389648438,21.959999084472656,22.030000686645508,1315500.0
2025-11-13,22.139999389648438,22.5,21.75,22.100000381469727,1605100.0
2025-11-14,21.979999542236328,22.350000381469727,21.65999984741211,22.31999969482422,1580600.0
2025-11-17,22.399999618530273,22.399999618530273,21.739999771118164,21.860000610351562,1621600.0
2025-11-18,21.760000228881836,22.469999313354492,21.489999771118164,22.309999465942383,1642500.0
2025-11-19,21.56999969482422,22.270000457763672,21.40999984741211,22.1299991607666,1932100.0
2025-11-20,22.170000076293945,22.469999313354492,21.280000686645508,21.309999465942383,3314900.0
2025-11-21,21.049999237060547,21.670000076293945,20.90999984741211,21.459999084472656,2352300.0
2025-11-24,21.25,21.8700008392334,20.8700008392334,21.780000686645508,1997000.0
2025-11-25,21.450000762939453,21.899999618530273,21.31999969482422,21.809999465942383,3350100.0
2025-11-26,21.75,22.309999465942383,21.719999313354492,21.979999542236328,1976400.0
2025-11-28,21.850000381469727,22.479999542236328,21.850000381469727,22.389999389648438,643600.0
2025-12-01,22.280000686645508,23.079999923706055,22.229999542236328,23.079999923706055,2999700.0
2025-12-02,23.0,23.0,22.5,22.709999084472656,1506300.0
2025-12-03,22.940000534057617,23.940000534057617,22.899999618530273,23.899999618530273,1604600.0
2025-12-04,23.8799991607666,24.799999237060547,23.8799991607666,24.639999389648438,2086200.0
2025-12-05,24.610000610351562,25.670000076293945,24.610000610351562,24.850000381469727,3120300.0
2025-12-08,24.75,25.100000381469727,23.969999313354492,24.1299991607666,2162800.0
2025-12-09,24.06999969482422,24.469999313354492,23.90999984741211,24.360000610351562,1901800.0
2025-12-10,24.190000534057617,24.770000457763672,23.799999237060547,24.6200008392334,4489800.0
2025-12-11,24.149999618530273,24.260000228881836,23.1299991607666,23.329999923706055,3079200.0
2025-12-12,23.56999969482422,23.81999969482422,22.559999465942383,22.610000610351562,2595400.0
2025-12-15,22.90999984741211,22.920000076293945,22.239999771118164,22.600000381469727,1994200.0
2025-12-16,22.200000762939453,22.280000686645508,21.40999984741211,21.690000534057617,2731900.0
2025-12-17,21.940000534057617,22.739999771118164,21.899999618530273,22.6200008392334,1935500.0
2025-12-18,22.6200008392334,22.639999389648438,21.790000915527344,21.799999237060547,1628800.0
2025-12-19,21.989999771118164,22.31999969482422,21.420000076293945,21.540000915527344,5152900.0
2025-12-22,22.0,22.469999313354492,21.940000534057617,21.989999771118164,3037200.0
2025-12-23,22.100000381469727,22.149999618530273,21.5,21.649999618530273,2033900.0
2025-12-24,21.6200008392334,21.729999542236328,21.3700008392334,21.450000762939453,1522900.0
2025-12-26,21.43000030517578,21.450000762939453,21.079999923706055,21.399999618530273,2122600.0
2025-12-29,21.610000610351562,21.950000762939453,21.469999313354492,21.899999618530273,1948000.0
2025-12-30,21.700000762939453,21.989999771118164,21.6299991607666,21.6299991607666,1429500.0
2025-12-31,21.56999969482422,21.579999923706055,21.239999771118164,21.469999313354492,1466200.0
2026-01-02,21.5,22.06999969482422,21.299999237060547,22.010000228881836,1765100.0
2026-01-05,22.479999542236328,22.690000534057617,20.420000076293945,21.0,2776000.0
2026-01-06,20.93000030517578,21.09000015258789,20.649999618530273,21.030000686645508,2713400.0
2026-01-07,20.84000015258789,21.0,20.260000228881836,20.389999389648438,1808100.0
2026-01-08,20.43000030517578,22.030000686645508,20.399999618530273,21.68000030517578,2750700.0
2026-01-09,21.899999618530273,22.079999923706055,21.3799991607666,21.8700008392334,1663400.0
2026-01-12,22.0,22.06999969482422,21.520000457763672,21.709999084472656,1746500.0
2026-01-13,22.18000030517578,22.670000076293945,21.8799991607666,22.450000762939453,2538600.0
2026-01-14,22.5,23.6299991607666,22.5,22.93000030517578,2822700.0
2026-01-15,22.5,22.799999237060547,21.950000762939453,22.559999465942383,1851000.0
2026-01-16,22.56999969482422,22.59000015258789,22.139999389648438,22.239999771118164,1540400.0
2026-01-20,22.229999542236328,22.479999542236328,21.93000030517578,22.139999389648438,1782800.0
2026-01-21,22.700000762939453,23.540000915527344,22.6200008392334,23.510000228881836,2459100.0
2026-01-22,23.3799991607666,23.649999618530273,22.979999542236328,23.34000015258789,1761200.0
2026-01-23,23.65999984741211,24.149999618530273,23.229999542236328,23.450000762939453,2094400.0
2026-01-26,23.84000015258789,23.8799991607666,22.899999618530273,23.299999237060547,1782300.0
2026-01-27,23.5,24.09000015258789,23.43000030517578,24.030000686645508,2023700.0
2026-01-28,24.3799991607666,24.649999618530273,23.860000610351562,24.360000610351562,2173000.0
2026-01-29,25.25,25.84000015258789,24.670000076293945,24.81999969482422,2758100.0
2026-01-30,24.649999618530273,25.170000076293945,24.200000762939453,25.0,2024400.0
2026-02-02,24.0,24.43000030517578,23.700000762939453,23.93000030517578,2076100.0
2026-02-03,23.850000381469727,24.889999389648438,23.709999084472656,24.5,1763800.0
2026-02-04,24.850000381469727,25.420000076293945,24.760000228881836,25.309999465942383,1985900.0
2026-02-05,24.75,25.18000030517578,23.969999313354492,24.440000534057617,2394600.0
2026-02-06,24.700000762939453,25.799999237060547,24.6200008392334,25.639999389648438,2063300.0
2026-02-09,25.559999465942383,26.049999237060547,25.3700008392334,25.8799991607666,1518800.0
2026-02-10,25.969999313354492,25.969999313354492,25.389999389648438,25.649999618530273,1899100.0
2026-02-11,26.34000015258789,26.649999618530273,26.040000915527344,26.579999923706055,1467900.0
2026-02-12,26.31999969482422,26.610000610351562,24.459999084472656,25.100000381469727,1684200.0
2026-02-13,25.200000762939453,25.979999542236328,24.979999542236328,25.959999084472656,1280500.0
2026-02-17,26.209999084472656,26.34000015258789,24.979999542236328,25.520000457763672,1626300.0
2026-02-18,25.979999542236328,27.440000534057617,25.809999465942383,27.360000610351562,2768000.0
2026-02-19,27.75,28.350000381469727,27.469999313354492,27.860000610351562,2437200.0
2026-02-20,27.639999389648438,28.200000762939453,27.239999771118164,28.149999618530273,1352300.0
2026-02-23,28.079999923706055,28.329999923706055,27.06999969482422,27.299999237060547,1455500.0
2026-02-24,27.479999542236328,27.479999542236328,26.65999984741211,27.18000030517578,1256900.0
2026-02-25,27.25,27.350000381469727,25.940000534057617,26.479999542236328,1981900.0
2026-02-26,25.850000381469727,27.040000915527344,25.450000762939453,26.25,2696200.0
2026-02-27,26.709999084472656,27.75,26.309999465942383,27.59000015258789,2262800.0
2026-03-02,29.010000228881836,29.239999771118164,27.520000457763672,27.93000030517578,4379800.0
2026-03-03,28.170000076293945,29.31999969482422,27.540000915527344,28.09000015258789,3981200.0
2026-03-04,27.450000762939453,28.59000015258789,27.190000534057617,28.3799991607666,2771600.0
2026-03-05,28.670000076293945,29.020000457763672,28.209999084472656,28.34000015258789,2485100.0
2026-03-06,28.700000762939453,29.239999771118164,28.079999923706055,28.860000610351562,3831600.0
2026-03-09,29.479999542236328,29.510000228881836,28.059999465942383,28.3700008392334,3347900.0
2026-03-10,27.969999313354492,28.8700008392334,27.469999313354492,27.530000686645508,3272400.0
2026-03-11,27.899999618530273,28.8700008392334,27.68000030517578,28.59000015258789,4308400.0
2026-03-12,28.0,28.350000381469727,27.459999084472656,27.610000610351562,7623100.0
2026-03-13,27.0,27.780000686645508,26.850000381469727,27.510000228881836,2576800.0
2026-03-16,27.25,27.760000228881836,26.860000610351562,27.399999618530273,2347700.0
2026-03-17,27.700000762939453,27.860000610351562,27.399999618530273,27.43000030517578,2623500.0
2026-03-18,27.520000457763672,27.90999984741211,27.219999313354492,27.690000534057617,2711600.0
2026-03-19,27.670000076293945,28.84000015258789,27.670000076293945,28.43000030517578,4691500.0
2026-03-20,28.540000915527344,29.489999771118164,28.440000534057617,28.84000015258789,5296000.0
2026-03-23,28.360000610351562,29.139999389648438,27.770000457763672,28.600000381469727,3565900.0
2026-03-24,29.0,29.739999771118164,28.90999984741211,29.1200008392334,1908300.0
2026-03-25,28.709999084472656,29.68000030517578,28.670000076293945,29.610000610351562,1630500.0
2026-03-26,30.010000228881836,30.649999618530273,29.899999618530273,30.40999984741211,2129400.0
2026-03-27,30.760000228881836,31.170000076293945,30.450000762939453,30.81999969482422,4702100.0
2026-03-30,30.6200008392334,30.690000534057617,29.65999984741211,29.90999984741211,2077500.0
2026-03-31,29.950000762939453,30.520000457763672,28.6200008392334,29.229999542236328,3096700.0
2026-04-01,28.469999313354492,28.90999984741211,27.360000610351562,27.600000381469727,3018200.0
2026-04-02,28.5,28.920000076293945,27.770000457763672,28.290000915527344,2600700.0
2026-04-06,28.290000915527344,28.770000457763672,28.149999618530273,28.469999313354492,1109300.0
2026-04-07,28.829999923706055,29.610000610351562,28.81999969482422,29.549999237060547,2087000.0
2026-04-08,27.420000076293945,28.09000015258789,26.81999969482422,28.059999465942383,2902600.0
2026-04-09,28.209999084472656,28.510000228881836,27.06999969482422,27.110000610351562,1757700.0
2026-04-10,26.959999084472656,27.5,26.450000762939453,26.940000534057617,1626800.0
2026-04-13,27.549999237060547,27.739999771118164,27.010000228881836,27.260000228881836,1811000.0
2026-04-14,26.84000015258789,26.84000015258789,25.549999237060547,25.68000030517578,1940600.0
2026-04-15,25.56999969482422,26.149999618530273,25.43000030517578,25.8700008392334,1391100.0
2026-04-16,26.0,26.34000015258789,25.43000030517578,25.799999237060547,4632000.0
2026-04-17,24.3700008392334,24.770000457763672,23.600000381469727,24.549999237060547,2930100.0
2026-04-20,24.670000076293945,25.020000457763672,24.549999237060547,24.719999313354492,2075600.0
2026-04-21,24.889999389648438,25.649999618530273,24.780000686645508,25.56999969482422,3151800.0
2026-04-22,25.809999465942383,26.520000457763672,25.790000915527344,26.43000030517578,1996100.0
2026-04-23,26.690000534057617,27.010000228881836,26.3700008392334,26.899999618530273,1565000.0
2026-04-24,26.549999237060547,26.809999465942383,26.260000228881836,26.709999084472656,1393000.0
2026-04-27,26.969999313354492,27.280000686645508,26.420000076293945,26.8700008392334,3326700.0
2026-04-28,27.520000457763672,27.780000686645508,27.149999618530273,27.559999465942383,2185200.0
2026-04-29,28.200000762939453,28.75,27.100000381469727,27.950000762939453,3658400.0
2026-04-30,27.139999389648438,27.780000686645508,26.770000457763672,27.15999984741211,3089200.0
2026-05-01,26.639999389648438,26.90999984741211,26.100000381469727,26.520000457763672,1958100.0
2026-05-04,26.75,27.229999542236328,26.3700008392334,26.799999237060547,2056800.0
2026-05-05,26.6299991607666,26.920000076293945,26.290000915527344,26.649999618530273,2060400.0
2026-05-06,25.110000610351562,25.68000030517578,24.700000762939453,24.729999542236328,2494200.0
2026-05-07,24.040000915527344,24.18000030517578,23.450000762939453,23.93000030517578,2811900.0
2026-05-08,23.75,23.950000762939453,23.309999465942383,23.399999618530273,1953700.0
2026-05-11,23.84000015258789,23.899999618530273,23.520000457763672,23.6299991607666,1885700.0
2026-05-12,24.0,24.15999984741211,23.610000610351562,23.8700008392334,4032900.0
2026-05-13,23.649999618530273,23.979999542236328,22.969999313354492,23.34000015258789,2196100.0
2026-05-14,23.170000076293945,23.549999237060547,23.149999618530273,23.360000610351562,1527000.0
2026-05-15,23.790000915527344,24.479999542236328,23.559999465942383,24.43000030517578,6945900.0
2026-05-18,24.219999313354492,25.030000686645508,24.010000228881836,24.75,2767100.0
2026-05-19,25.1200008392334,25.15999984741211,24.56999969482422,24.889999389648438,1988700.0
2026-05-20,24.469999313354492,24.950000762939453,23.850000381469727,24.06999969482422,3022100.0
2026-05-21,24.6200008392334,24.6200008392334,23.450000762939453,23.6200008392334,2724700.0
2026-05-22,23.420000076293945,23.84000015258789,23.290000915527344,23.75,1580300.0
2026-05-26,23.450000762939453,23.6299991607666,22.290000915527344,22.34000015258789,2646600.0
2026-05-27,21.770000457763672,22.0,21.309999465942383,21.350000381469727,3741800.0
2026-05-28,21.479999542236328,21.739999771118164,21.229999542236328,21.739999771118164,2558100.0
2026-05-29,21.75,21.860000610351562,21.1200008392334,21.770000457763672,2594800.0
2026-06-01,22.219999313354492,22.790000915527344,22.100000381469727,22.3700008392334,2331900.0
2026-06-02,22.1299991607666,22.459999084472656,21.90999984741211,22.040000915527344,3086100.0
2026-06-03,22.110000610351562,22.469999313354492,21.920000076293945,22.110000610351562,2433400.0
2026-06-04,21.790000915527344,22.049999237060547,21.739999771118164,21.8799991607666,3373200.0
2026-06-05,21.799999237060547,21.84000015258789,20.969999313354492,20.979999542236328,2024700.0
2026-06-08,21.209999084472656,21.530000686645508,21.139999389648438,21.510000228881836,1789800.0
2026-06-09,21.190000534057617,21.260000228881836,20.579999923706055,20.739999771118164,2788100.0
2026-06-10,20.84000015258789,21.75,20.770000457763672,21.350000381469727,2085300.0
2026-06-11,21.389999389648438,21.540000915527344,20.40999984741211,20.420000076293945,2048900.0
2026-06-12,20.079999923706055,21.030000686645508,20.059999465942383,20.790000915527344,2625500.0
2026-06-15,19.770000457763672,20.260000228881836,19.639999389648438,19.959999084472656,5667900.0
2026-06-16,19.690000534057617,20.030000686645508,19.59000015258789,19.719999313354492,3002700.0
2026-06-17,19.700000762939453,20.1200008392334,19.25,19.329999923706055,3811000.0
2026-06-18,19.040000915527344,19.440000534057617,18.75,19.440000534057617,5167200.0
2026-06-22,19.43000030517578,19.670000076293945,19.190000534057617,19.309999465942383,3038300.0
2026-06-23,19.299999237060547,19.559999465942383,19.25,19.420000076293945,2893300.0
2026-06-24,18.829999923706055,19.520000457763672,18.6299991607666,19.489999771118164,3543600.0
2026-06-25,19.239999771118164,20.139999389648438,19.139999389648438,19.739999771118164,3676700.0
2026-06-26,19.639999389648438,20.1200008392334,19.020000457763672,19.170000076293945,7216400.0
2026-06-29,18.559999465942383,18.799999237060547,17.760000228881836,17.770000457763672,5979900.0
2026-06-30,17.81999969482422,18.270000457763672,17.81999969482422,18.149999618530273,4093000.0
2026-07-01,18.190000534057617,18.309999465942383,17.399999618530273,17.559999465942383,4193600.0
2026-07-02,17.75,18.190000534057617,17.639999389648438,17.950000762939453,3543700.0
2026-07-06,17.75,17.780000686645508,17.18000030517578,17.3700008392334,4405500.0
2026-07-07,17.670000076293945,18.610000610351562,17.65999984741211,18.479999542236328,3626900.0
2026-07-08,18.989999771118164,19.389999389648438,18.510000228881836,19.360000610351562,6062600.0
2026-07-09,19.0,19.170000076293945,18.559999465942383,18.790000915527344,3061100.0
2026-07-10,18.979999542236328,19.0,18.40999984741211,18.520000457763672,2138200.0
2026-07-13,19.270000457763672,20.440000534057617,19.09000015258789,20.360000610351562,4389300.0
2026-07-14,20.219999313354492,20.479999542236328,19.860000610351562,20.139999389648438,2937300.0
2026-07-15,20.290000915527344,20.59000015258789,19.969999313354492,20.360000610351562,2613800.0
2026-07-16,20.59000015258789,20.799999237060547,20.34000015258789,20.360000610351562,2966700.0
2026-07-17,20.940000534057617,21.219999313354492,20.530000686645508,21.190000534057617,2835300.0
2026-07-20,20.989999771118164,21.3799991607666,20.790000915527344,21.219999313354492,2791300.0
2026-07-21,21.309999465942383,21.989999771118164,21.299999237060547,21.90999984741211,2588900.0
2026-07-22,22.40999984741211,22.739999771118164,21.940000534057617,22.049999237060547,3199200.0
2026-07-23,22.600000381469727,22.639999389648438,21.760000228881836,21.799999237060547,3296000.0
2026-07-24,21.690000534057617,21.899999618530273,21.06999969482422,21.18000030517578,2372700.0
2026-07-27,20.459999084472656,20.719999313354492,20.25,20.270000457763672,2545700.0
2026-07-28,20.40999984741211,20.510000228881836,19.68000030517578,19.84000015258789,2833100.0
2026-07-29,20.6200008392334,21.139999389648438,20.31999969482422,21.040000915527344,3085300.0
2026-07-30,20.59000015258789,20.940000534057617,19.8799991607666,20.84000015258789,1569200.0
2026-07-31,20.799999237060547,21.15999984741211,20.709999084472656,21.149999618530273,1615700.0
2026-08-03,20.579999923706055,20.84000015258789,20.239999771118164,20.670000076293945,2216700.0
2026-08-04,20.200000762939453,20.56999969482422,19.889999389648438,20.440000534057617,1875900.0
2026-08-05,20.420000076293945,20.420000076293945,19.65999984741211,19.770000457763672,2097100.0
2026-08-06,20.25,20.3700008392334,20.0,20.280000686645508,2300000.0
2026-08-07,20.850000381469727,21.719999313354492,20.6299991607666,21.600000381469727,3317500.0
2026-08-10,21.979999542236328,23.489999771118164,21.979999542236328,23.489999771118164,3773200.0
2026-08-11,23.09000015258789,24.290000915527344,23.09000015258789,24.25,2883400.0
2026-08-12,23.989999771118164,24.239999771118164,23.770000457763672,24.09000015258789,1946000.0
2026-08-13,23.610000610351562,24.469999313354492,23.450000762939453,24.450000762939453,1954500.0
2026-08-14,24.709999084472656,25.020000457763672,24.420000076293945,24.5,2745600.0
2026-08-17,24.649999618530273,25.549999237060547,24.440000534057617,25.530000686645508,2367500.0
2026-08-18,25.850000381469727,25.959999084472656,25.270000457763672,25.389999389648438,1913000.0
2026-08-19,25.56999969482422,26.309999465942383,25.540000915527344,26.059999465942383,1849200.0
2026-08-20,26.670000076293945,27.239999771118164,26.479999542236328,26.90999984741211,2473500.0
2026-08-21,27.0,27.350000381469727,26.8700008392334,27.34000015258789,3564700.0
2026-08-24,27.1200008392334,27.219999313354492,26.280000686645508,26.84000015258789,2360600.0
2026-08-25,26.059999465942383,26.6299991607666,25.81999969482422,26.420000076293945,1922200.0
2026-08-26,26.0,26.420000076293945,25.709999084472656,26.020000457763672,1486900.0
2026-08-27,25.729999542236328,26.190000534057617,25.399999618530273,26.079999923706055,2505400.0
2026-08-28,26.010000228881836,26.290000915527344,25.459999084472656,25.729999542236328,1703900.0
2026-08-31,26.399999618530273,26.469999313354492,25.829999923706055,26.010000228881836,2126300.0
2026-09-01,26.520000457763672,26.649999618530273,25.93000030517578,26.360000610351562,2108000.0
2026-09-02,26.100000381469727,27.100000381469727,26.100000381469727,26.600000381469727,2009100.0
2026-09-03,26.59000015258789,26.68000030517578,25.81999969482422,25.889999389648438,2339400.0
2026-09-04,25.729999542236328,26.010000228881836,25.40999984741211,25.920000076293945,1258900.0
2026-09-08,26.459999084472656,26.469999313354492,25.6200008392334,25.68000030517578,1717600.0
2026-09-09,26.280000686645508,26.280000686645508,25.729999542236328,25.729999542236328,1871900.0
2026-09-10,26.299999237060547,26.760000228881836,25.549999237060547,26.309999465942383,2675600.0
2026-09-11,25.950000762939453,26.600000381469727,25.889999389648438,26.579999923706055,1626300.0
2026-09-14,27.030000686645508,27.229999542236328,26.309999465942383,26.360000610351562,1537500.0
2026-09-15,26.75,27.299999237060547,26.6200008392334,27.1200008392334,1737300.0
2026-09-16,26.65999984741211,26.790000915527344,25.25,25.31999969482422,2087600.0
2026-09-17,25.059999465942383,25.549999237060547,24.809999465942383,25.190000534057617,2161500.0
2026-09-18,25.270000457763672,25.34000015258789,24.8799991607666,25.049999237060547,3831200.0
2026-09-21,24.670000076293945,24.780000686645508,23.700000762939453,23.780000686645508,2027300.0
2026-09-23,23.100000381469727,23.459999084472656,22.75,23.139999389648438,1933200.0
2026-09-24,23.40999984741211,23.84000015258789,23.18000030517578,23.600000381469727,1774600.0
