date,open,high,low,close,volume
2016-09-26,120.2300033569336,120.2300033569336,119.58000183105469,119.73999786376953,185100.0
2016-09-27,119.63999938964844,120.33999633789062,118.8499984741211,120.33999633789062,230800.0
2016-09-28,120.66000366210938,121.56999969482422,119.88999938964844,121.4000015258789,173400.0
2016-09-29,121.01000213623047,121.30000305175781,119.70999908447266,120.18000030517578,159100.0
2016-09-30,120.73999786376953,120.73999786376953,119.36000061035156,120.16000366210938,281900.0
2016-10-03,120.0,120.33000183105469,119.38999938964844,119.81999969482422,179900.0
2016-10-04,119.43000030517578,122.2699966430664,118.27999877929688,121.87000274658203,413100.0
2016-10-05,122.66999816894531,122.95999908447266,119.93000030517578,120.41000366210938,411300.0
2016-10-06,120.12999725341797,120.12999725341797,117.36000061035156,118.05999755859375,460500.0
2016-10-07,118.5999984741211,121.55999755859375,118.02999877929688,120.94000244140625,381300.0
2016-10-10,121.20999908447266,122.08000183105469,120.63999938964844,122.0199966430664,152300.0
2016-10-11,121.7300033569336,122.12000274658203,120.51000213623047,120.83000183105469,208600.0
2016-10-12,121.11000061035156,123.16000366210938,120.9000015258789,123.05000305175781,259900.0
2016-10-13,122.16999816894531,123.83000183105469,122.12000274658203,123.52999877929688,296900.0
2016-10-14,124.0199966430664,124.44000244140625,123.22000122070312,123.77999877929688,185200.0
2016-10-17,123.80000305175781,124.31999969482422,123.08999633789062,123.45999908447266,242000.0
2016-10-18,124.61000061035156,124.61000061035156,123.13999938964844,123.33999633789062,149000.0
2016-10-19,123.25,123.58000183105469,122.62000274658203,123.11000061035156,165100.0
2016-10-20,122.75,122.98999786376953,121.72000122070312,122.04000091552734,154100.0
2016-10-21,121.5,122.05000305175781,120.76000213623047,121.91999816894531,179000.0
2016-10-24,123.23999786376953,123.23999786376953,121.9000015258789,122.1500015258789,246700.0
2016-10-25,122.54000091552734,125.0,121.9800033569336,124.61000061035156,429100.0
2016-10-26,124.38999938964844,124.54000091552734,123.62999725341797,123.77999877929688,233500.0
2016-10-27,124.16000366210938,124.16000366210938,121.88999938964844,122.94000244140625,333900.0
2016-10-28,122.94000244140625,123.9800033569336,122.02999877929688,123.5,174600.0
2016-10-31,123.83999633789062,124.58999633789062,123.23999786376953,124.29000091552734,336900.0
2016-11-01,123.9000015258789,124.73999786376953,123.02999877929688,124.19000244140625,341100.0
2016-11-02,123.94000244140625,124.79000091552734,122.06999969482422,124.05000305175781,283800.0
2016-11-03,124.45999908447266,124.70999908447266,122.80999755859375,123.61000061035156,256100.0
2016-11-04,123.54000091552734,124.69999694824219,123.4800033569336,124.13999938964844,355700.0
2016-11-07,125.0,126.44999694824219,124.69000244140625,125.48999786376953,433700.0
2016-11-08,123.9000015258789,126.43000030517578,123.66000366210938,126.1500015258789,207100.0
2016-11-09,126.19000244140625,126.75,125.05000305175781,126.6500015258789,188700.0
2016-11-10,126.93000030517578,128.08999633789062,126.0999984741211,127.88999938964844,254300.0
2016-11-11,128.5,129.13999938964844,127.83000183105469,129.0800018310547,209800.0
2016-11-14,129.2899932861328,130.67999267578125,129.0500030517578,130.57000732421875,238900.0
2016-11-15,130.32000732421875,131.74000549316406,130.07000732421875,131.72000122070312,350100.0
2016-11-16,131.60000610351562,132.1199951171875,130.47000122070312,131.82000732421875,315700.0
2016-11-17,132.0500030517578,132.42999267578125,131.3300018310547,131.8699951171875,325100.0
2016-11-18,131.75999450683594,132.2899932861328,131.1199951171875,131.77999877929688,228200.0
2016-11-21,130.8699951171875,131.77000427246094,130.3300018310547,131.08999633789062,261100.0
2016-11-22,131.1199951171875,131.77000427246094,130.2899932861328,130.2899932861328,300300.0
2016-11-23,130.02999877929688,131.44000244140625,130.0,130.60000610351562,208000.0
2016-11-25,130.02000427246094,131.6300048828125,130.02000427246094,131.6300048828125,155400.0
2016-11-28,131.39999389648438,132.1300048828125,130.97000122070312,131.32000732421875,192100.0
2016-11-29,131.66000366210938,131.66000366210938,130.9499969482422,131.02000427246094,297800.0
2016-11-30,131.27999877929688,131.49000549316406,130.42999267578125,130.55999755859375,421700.0
2016-12-01,130.55999755859375,131.3300018310547,130.27999877929688,130.63999938964844,298700.0
2016-12-02,130.5,131.0800018310547,130.02999877929688,130.60000610351562,230000.0
2016-12-05,130.69000244140625,131.44000244140625,129.83999633789062,130.22999572753906,282200.0
2016-12-06,131.10000610351562,131.66000366210938,130.24000549316406,131.25999450683594,335600.0
2016-12-07,131.19000244140625,132.05999755859375,131.0800018310547,131.82000732421875,160500.0
2016-12-08,132.0800018310547,132.97999572753906,131.55999755859375,132.58999633789062,174300.0
2016-12-09,132.88999938964844,133.0800018310547,132.1300048828125,132.44000244140625,205900.0
2016-12-12,132.1300048828125,133.38999938964844,131.88999938964844,133.2100067138672,253500.0
2016-12-13,133.75999450683594,133.75999450683594,131.94000244140625,132.35000610351562,249500.0
2016-12-14,132.82000732421875,133.55999755859375,130.9600067138672,131.39999389648438,375700.0
2016-12-15,130.47000122070312,131.86000061035156,130.4600067138672,130.49000549316406,221000.0
2016-12-16,130.38999938964844,131.27000427246094,129.1199951171875,129.47999572753906,479500.0
2016-12-19,130.3000030517578,134.3800048828125,130.3000030517578,134.35000610351562,287100.0
2016-12-20,134.99000549316406,135.1999969482422,133.72000122070312,135.19000244140625,229100.0
2016-12-21,134.6999969482422,135.19000244140625,133.75,134.89999389648438,153400.0
2016-12-22,134.99000549316406,136.0399932861328,134.07000732421875,135.83999633789062,205600.0
2016-12-23,136.14999389648438,136.63999938964844,135.77999877929688,136.4499969482422,111800.0
2016-12-27,136.58999633789062,137.2100067138672,135.66000366210938,136.1199951171875,90100.0
2016-12-28,136.13999938964844,136.38999938964844,135.13999938964844,135.3300018310547,150200.0
2016-12-29,134.9499969482422,136.5,134.9499969482422,135.88999938964844,109200.0
2016-12-30,136.39999389648438,136.7899932861328,135.38999938964844,136.22000122070312,162700.0
2017-01-03,135.9499969482422,136.39999389648438,134.6199951171875,135.86000061035156,199400.0
2017-01-04,136.52000427246094,138.14999389648438,136.52000427246094,137.5399932861328,232200.0
2017-01-05,137.66000366210938,137.66000366210938,136.4499969482422,137.3000030517578,151300.0
2017-01-06,137.1300048828125,137.41000366210938,136.38999938964844,136.47000122070312,325600.0
2017-01-09,136.32000732421875,136.5399932861328,135.32000732421875,135.6699981689453,196700.0
2017-01-10,136.0399932861328,137.67999267578125,135.6699981689453,137.32000732421875,293900.0
2017-01-11,137.1999969482422,138.42999267578125,136.64999389648438,137.72000122070312,216400.0
2017-01-12,137.89999389648438,138.38999938964844,136.25999450683594,138.27999877929688,196700.0
2017-01-13,138.77999877929688,139.22999572753906,137.89999389648438,138.0,149000.0
2017-01-17,136.7899932861328,138.32000732421875,136.60000610351562,137.1699981689453,191400.0
2017-01-18,137.82000732421875,137.94000244140625,136.9499969482422,137.63999938964844,271400.0
2017-01-19,137.72999572753906,138.35000610351562,135.85000610351562,136.52000427246094,187700.0
2017-01-20,136.80999755859375,137.69000244140625,136.16000366210938,136.22999572753906,187300.0
2017-01-23,135.86000061035156,136.99000549316406,135.80999755859375,136.07000732421875,159900.0
2017-01-24,136.7100067138672,136.8800048828125,135.47999572753906,136.8000030517578,300300.0
2017-01-25,137.0,138.52000427246094,137.0,137.72999572753906,281800.0
2017-01-26,138.0500030517578,138.60000610351562,137.50999450683594,138.41000366210938,219300.0
2017-01-27,138.14999389648438,138.14999389648438,137.52999877929688,137.80999755859375,159400.0
2017-01-30,136.7899932861328,137.44000244140625,136.24000549316406,136.66000366210938,427100.0
2017-01-31,136.9600067138672,138.25999450683594,135.74000549316406,136.32000732421875,668400.0
2017-02-01,140.0,142.35000610351562,137.94000244140625,141.5,676200.0
2017-02-02,141.7899932861328,143.1199951171875,141.30999755859375,141.7899932861328,357500.0
2017-02-03,142.8300018310547,142.8300018310547,140.92999267578125,141.14999389648438,307600.0
2017-02-06,141.3800048828125,141.7100067138672,139.61000061035156,140.47000122070312,502700.0
2017-02-07,141.02999877929688,141.97999572753906,140.0500030517578,140.38999938964844,355000.0
2017-02-08,140.2100067138672,141.41000366210938,139.5399932861328,141.41000366210938,229700.0
2017-02-09,140.82000732421875,142.64999389648438,140.82000732421875,142.64999389648438,337500.0
2017-02-10,142.72000122070312,143.55999755859375,141.9600067138672,143.2100067138672,250800.0
2017-02-13,142.66000366210938,144.25999450683594,142.66000366210938,143.8300018310547,176000.0
2017-02-14,143.1199951171875,143.85000610351562,142.5399932861328,143.3000030517578,332900.0
2017-02-15,141.17999267578125,144.58999633789062,141.17999267578125,144.50999450683594,238600.0
2017-02-16,144.36000061035156,146.22000122070312,144.36000061035156,146.1699981689453,183900.0
2017-02-17,146.3800048828125,146.39999389648438,144.9600067138672,146.0399932861328,172500.0
2017-02-21,146.14999389648438,146.82000732421875,145.72000122070312,146.55999755859375,156900.0
2017-02-22,146.7100067138672,147.22000122070312,146.0399932861328,146.92999267578125,87100.0
2017-02-23,146.0500030517578,147.91000366210938,145.94000244140625,146.72000122070312,174500.0
2017-02-24,145.9499969482422,147.52000427246094,145.88999938964844,146.27999877929688,146700.0
2017-02-27,146.24000549316406,146.94000244140625,145.94000244140625,146.47000122070312,144100.0
2017-02-28,146.0500030517578,147.83999633789062,145.75,147.63999938964844,330200.0
2017-03-01,148.9600067138672,150.52000427246094,148.60000610351562,150.35000610351562,294600.0
2017-03-02,150.1199951171875,150.74000549316406,149.33999633789062,149.33999633789062,215100.0
2017-03-03,148.35000610351562,149.3300018310547,148.0800018310547,149.1300048828125,160000.0
2017-03-06,149.11000061035156,149.11000061035156,147.7100067138672,147.77999877929688,210500.0
2017-03-07,147.5,148.6999969482422,146.89999389648438,148.5,190900.0
2017-03-08,148.33999633789062,148.69000244140625,147.60000610351562,148.02999877929688,270000.0
2017-03-09,148.1699981689453,149.32000732421875,148.0,148.1199951171875,141400.0
2017-03-10,148.30999755859375,149.35000610351562,148.22000122070312,149.05999755859375,165200.0
2017-03-13,148.75,149.66000366210938,148.4600067138672,149.52000427246094,147800.0
2017-03-14,149.8000030517578,150.02000427246094,148.94000244140625,149.5,160400.0
2017-03-15,149.30999755859375,150.36000061035156,148.8800048828125,149.3000030517578,191300.0
2017-03-16,149.8000030517578,149.8000030517578,147.82000732421875,147.99000549316406,255700.0
2017-03-17,147.86000061035156,148.19000244140625,146.9199981689453,148.08999633789062,355700.0
2017-03-20,148.1699981689453,148.1699981689453,147.25,147.33999633789062,158400.0
2017-03-21,147.83999633789062,148.1199951171875,146.14999389648438,146.44000244140625,221400.0
2017-03-22,146.13999938964844,147.0500030517578,145.69000244140625,147.02000427246094,175700.0
2017-03-23,147.0500030517578,147.8300018310547,146.38999938964844,146.52999877929688,138400.0
2017-03-24,146.5800018310547,147.69000244140625,145.4499969482422,145.69000244140625,177400.0
2017-03-27,144.41000366210938,145.36000061035156,144.41000366210938,144.72999572753906,186600.0
2017-03-28,144.36000061035156,146.05999755859375,144.36000061035156,145.77000427246094,215200.0
2017-03-29,145.77000427246094,145.8000030517578,144.75,144.83999633789062,146500.0
2017-03-30,144.83999633789062,145.67999267578125,144.58999633789062,145.5399932861328,169200.0
2017-03-31,144.83999633789062,145.75,144.5500030517578,144.64999389648438,212400.0
2017-04-03,144.77999877929688,145.32000732421875,143.52999877929688,143.8300018310547,225100.0
2017-04-04,143.6999969482422,145.0399932861328,143.6999969482422,144.49000549316406,269300.0
2017-04-05,144.6999969482422,145.6199951171875,142.1300048828125,142.6199951171875,316400.0
2017-04-06,142.6699981689453,143.42999267578125,140.8800048828125,141.3000030517578,351500.0
2017-04-07,141.0500030517578,141.69000244140625,140.52000427246094,140.63999938964844,448200.0
2017-04-10,140.55999755859375,141.27999877929688,140.27999877929688,140.8300018310547,192300.0
2017-04-11,141.10000610351562,142.1300048828125,140.92999267578125,141.94000244140625,274100.0
2017-04-12,142.3300018310547,142.3300018310547,140.77000427246094,141.25,270300.0
2017-04-13,140.52000427246094,140.52000427246094,138.85000610351562,139.05999755859375,297600.0
2017-04-17,138.9600067138672,140.8300018310547,138.50999450683594,140.77000427246094,191000.0
2017-04-18,140.17999267578125,140.58999633789062,139.47000122070312,140.0,209800.0
2017-04-19,140.22000122070312,140.67999267578125,139.58999633789062,139.91000366210938,226600.0
2017-04-20,140.33999633789062,140.41000366210938,138.99000549316406,139.83999633789062,250600.0
2017-04-21,139.8800048828125,139.8800048828125,138.99000549316406,138.99000549316406,196800.0
2017-04-24,140.0,140.69000244140625,139.2899932861328,140.36000061035156,277100.0
2017-04-25,141.3300018310547,142.22999572753906,140.77000427246094,141.88999938964844,218600.0
2017-04-26,141.6199951171875,143.99000549316406,141.6199951171875,143.05999755859375,241700.0
2017-04-27,142.72000122070312,142.92999267578125,141.2899932861328,142.41000366210938,278300.0
2017-04-28,142.49000549316406,142.49000549316406,141.4199981689453,142.1699981689453,450300.0
2017-05-01,142.6699981689453,142.6699981689453,141.19000244140625,141.89999389648438,265400.0
2017-05-02,141.52000427246094,142.1300048828125,140.72000122070312,141.30999755859375,246200.0
2017-05-03,136.6999969482422,140.4499969482422,136.02000427246094,139.11000061035156,454900.0
2017-05-04,139.3300018310547,140.55999755859375,138.8699951171875,140.3800048828125,300600.0
2017-05-05,140.19000244140625,140.4199981689453,139.52000427246094,140.32000732421875,224200.0
2017-05-08,140.8699951171875,141.13999938964844,139.5399932861328,139.6999969482422,246700.0
2017-05-09,139.72000122070312,140.3000030517578,138.6999969482422,139.00999450683594,271700.0
2017-05-10,138.9499969482422,139.9199981689453,138.8300018310547,139.25999450683594,250400.0
2017-05-11,138.25,138.85000610351562,137.6199951171875,138.07000732421875,248400.0
2017-05-12,137.66000366210938,138.6699981689453,136.77000427246094,136.91000366210938,223900.0
2017-05-15,137.22000122070312,137.75999450683594,136.6300048828125,136.6699981689453,283400.0
2017-05-16,136.3800048828125,137.19000244140625,135.60000610351562,135.86000061035156,496700.0
2017-05-17,135.86000061035156,136.05999755859375,134.0800018310547,135.50999450683594,226500.0
2017-05-18,135.50999450683594,137.44000244140625,135.27000427246094,136.77000427246094,298600.0
2017-05-19,136.89999389648438,138.10000610351562,136.5,137.55999755859375,263400.0
2017-05-22,137.85000610351562,138.61000061035156,137.25,138.30999755859375,296100.0
2017-05-23,138.47999572753906,139.49000549316406,137.35000610351562,139.27000427246094,205300.0
2017-05-24,139.67999267578125,140.49000549316406,139.30999755859375,140.17999267578125,193600.0
2017-05-25,140.0800018310547,141.5399932861328,139.85000610351562,140.99000549316406,142900.0
2017-05-26,140.8699951171875,141.52999877929688,140.5800018310547,141.17999267578125,117000.0
2017-05-30,140.7899932861328,141.1300048828125,140.5800018310547,140.80999755859375,202100.0
2017-05-31,141.00999450683594,143.02000427246094,140.9199981689453,142.86000061035156,323700.0
2017-06-01,143.36000061035156,144.82000732421875,142.64999389648438,144.6999969482422,284800.0
2017-06-02,144.80999755859375,145.39999389648438,143.22999572753906,144.25,230800.0
2017-06-05,143.85000610351562,144.07000732421875,142.7100067138672,142.77999877929688,112300.0
2017-06-06,142.38999938964844,142.49000549316406,141.22999572753906,141.44000244140625,129000.0
2017-06-07,141.25999450683594,141.8800048828125,140.69000244140625,141.11000061035156,186700.0
2017-06-08,141.07000732421875,141.80999755859375,140.55999755859375,141.22999572753906,128300.0
2017-06-09,141.4199981689453,142.61000061035156,140.97000122070312,142.42999267578125,131600.0
2017-06-12,141.9600067138672,142.83999633789062,140.44000244140625,140.58999633789062,333900.0
2017-06-13,140.50999450683594,140.99000549316406,139.9499969482422,140.3000030517578,226100.0
2017-06-14,140.3699951171875,140.92999267578125,139.86000061035156,140.64999389648438,187700.0
2017-06-15,140.24000549316406,140.82000732421875,139.27000427246094,140.6699981689453,256500.0
2017-06-16,140.92999267578125,142.0,140.02000427246094,141.94000244140625,287700.0
2017-06-19,142.2899932861328,142.33999633789062,141.42999267578125,141.7899932861328,141900.0
2017-06-20,141.5800018310547,141.85000610351562,140.6699981689453,140.9499969482422,103700.0
2017-06-21,141.1300048828125,141.50999450683594,140.35000610351562,140.5800018310547,107600.0
2017-06-22,140.58999633789062,140.85000610351562,139.69000244140625,139.85000610351562,122800.0
2017-06-23,139.9600067138672,140.57000732421875,139.75999450683594,140.1699981689453,295000.0
2017-06-26,140.4600067138672,141.00999450683594,139.9499969482422,140.30999755859375,119400.0
2017-06-27,140.1300048828125,140.69000244140625,139.5500030517578,139.72999572753906,127500.0
2017-06-28,140.36000061035156,141.35000610351562,139.5,140.58999633789062,120000.0
2017-06-29,140.94000244140625,141.08999633789062,139.9600067138672,140.27000427246094,183200.0
2017-06-30,140.36000061035156,140.36000061035156,138.8699951171875,139.0500030517578,198700.0
2017-07-03,139.8800048828125,142.66000366210938,139.27000427246094,141.27000427246094,163500.0
2017-07-05,141.33999633789062,141.33999633789062,139.9499969482422,140.25999450683594,177300.0
2017-07-06,140.1699981689453,140.57000732421875,139.1199951171875,140.16000366210938,286100.0
2017-07-07,140.5399932861328,141.9199981689453,139.86000061035156,141.77999877929688,125400.0
2017-07-10,141.41000366210938,142.08999633789062,140.80999755859375,140.9199981689453,181100.0
2017-07-11,140.97999572753906,141.0500030517578,139.8800048828125,140.5399932861328,154400.0
2017-07-12,141.2100067138672,141.27000427246094,140.7100067138672,140.8800048828125,121700.0
2017-07-13,141.47999572753906,142.0,140.3300018310547,141.64999389648438,157800.0
2017-07-14,141.25,141.97000122070312,140.75,141.25999450683594,137300.0
2017-07-17,141.27999877929688,141.82000732421875,140.0,141.16000366210938,161800.0
2017-07-18,140.75,141.47000122070312,140.47999572753906,141.11000061035156,131600.0
2017-07-19,141.57000732421875,142.0,140.88999938964844,141.7899932861328,201900.0
2017-07-20,142.0399932861328,143.3699951171875,142.0399932861328,143.10000610351562,137900.0
2017-07-21,143.27999877929688,145.00999450683594,142.3800048828125,145.00999450683594,209600.0
2017-07-24,145.0,145.94000244140625,144.13999938964844,145.39999389648438,191300.0
2017-07-25,144.91000366210938,147.33999633789062,144.4199981689453,146.0800018310547,375900.0
2017-07-26,148.0,152.0,145.25,147.4499969482422,449000.0
2017-07-27,147.4199981689453,147.4199981689453,142.50999450683594,143.02999877929688,272500.0
2017-07-28,141.8800048828125,145.4499969482422,140.97000122070312,144.94000244140625,246500.0
2017-07-31,145.02000427246094,147.58999633789062,145.02000427246094,146.91000366210938,251400.0
2017-08-01,147.60000610351562,148.5500030517578,146.75,148.25,254300.0
2017-08-02,147.7899932861328,148.83999633789062,147.35000610351562,148.44000244140625,194000.0
2017-08-03,147.92999267578125,148.63999938964844,147.39999389648438,148.22000122070312,132100.0
2017-08-04,148.6300048828125,148.8000030517578,147.4600067138672,147.8699951171875,80900.0
2017-08-07,147.80999755859375,148.10000610351562,146.8300018310547,147.50999450683594,178300.0
2017-08-08,147.42999267578125,148.7100067138672,147.3000030517578,148.47999572753906,168000.0
2017-08-09,147.77999877929688,148.4600067138672,146.97999572753906,148.22999572753906,147700.0
2017-08-10,147.3699951171875,148.8800048828125,147.17999267578125,148.41000366210938,173400.0
2017-08-11,148.00999450683594,148.47000122070312,147.60000610351562,147.97999572753906,158000.0
2017-08-14,148.85000610351562,148.85000610351562,147.75,148.1999969482422,209400.0
2017-08-15,148.30999755859375,148.61000061035156,147.74000549316406,148.0800018310547,176800.0
2017-08-16,148.6199951171875,148.8800048828125,147.7899932861328,147.94000244140625,161700.0
2017-08-17,147.69000244140625,148.64999389648438,145.6999969482422,146.25999450683594,202800.0
2017-08-18,146.10000610351562,146.33999633789062,145.50999450683594,145.5399932861328,210600.0
2017-08-21,145.5399932861328,146.0800018310547,144.57000732421875,145.42999267578125,149100.0
2017-08-22,145.52000427246094,146.75999450683594,145.2100067138672,146.69000244140625,123900.0
2017-08-23,146.02999877929688,146.83999633789062,145.77000427246094,145.92999267578125,141400.0
2017-08-24,146.1199951171875,146.47000122070312,143.16000366210938,143.52000427246094,209800.0
2017-08-25,144.14999389648438,144.72000122070312,143.1199951171875,144.61000061035156,159900.0
2017-08-28,144.1199951171875,144.75999450683594,141.3699951171875,142.00999450683594,318900.0
2017-08-29,141.2899932861328,141.83999633789062,141.00999450683594,141.3800048828125,174700.0
2017-08-30,141.36000061035156,141.91000366210938,140.7899932861328,141.24000549316406,263000.0
2017-08-31,141.22999572753906,141.32000732421875,138.85000610351562,139.16000366210938,378900.0
2017-09-01,139.22999572753906,139.89999389648438,137.64999389648438,137.75,284000.0
2017-09-05,137.10000610351562,137.10000610351562,127.69999694824219,127.91999816894531,607900.0
2017-09-06,128.49000549316406,129.9600067138672,126.5,127.95999908447266,898500.0
2017-09-07,128.16000366210938,128.16000366210938,120.55000305175781,123.87999725341797,960900.0
2017-09-08,123.83999633789062,131.0399932861328,123.04000091552734,129.0,1192400.0
2017-09-11,133.10000610351562,140.24000549316406,133.10000610351562,134.9600067138672,861300.0
2017-09-12,135.1999969482422,137.16000366210938,134.44000244140625,136.8800048828125,315600.0
2017-09-13,136.72000122070312,137.4600067138672,135.22000122070312,136.92999267578125,364400.0
2017-09-14,136.77999877929688,136.77999877929688,133.30999755859375,134.3300018310547,515200.0
2017-09-15,134.5,136.08999633789062,133.92999267578125,135.8800048828125,583300.0
2017-09-18,136.11000061035156,136.11000061035156,133.57000732421875,133.72999572753906,473900.0
2017-09-19,134.39999389648438,134.7100067138672,130.75,130.99000549316406,589600.0
2017-09-20,131.2100067138672,131.25999450683594,129.0399932861328,130.3800048828125,623700.0
2017-09-21,130.72000122070312,133.27999877929688,130.4600067138672,132.41000366210938,380800.0
2017-09-22,131.91000366210938,132.82000732421875,131.47000122070312,132.0800018310547,240200.0
2017-09-25,131.91000366210938,132.64999389648438,130.7100067138672,131.92999267578125,283000.0
2017-09-26,131.3000030517578,132.3800048828125,128.85000610351562,131.0399932861328,373000.0
2017-09-27,131.92999267578125,133.69000244140625,131.67999267578125,133.1199951171875,429500.0
2017-09-28,132.9499969482422,134.82000732421875,132.33999633789062,133.77999877929688,394400.0
2017-09-29,133.77999877929688,136.74000549316406,133.77999877929688,135.13999938964844,549400.0
2017-10-02,134.7899932861328,137.2899932861328,133.92999267578125,137.1999969482422,445600.0
2017-10-03,136.5500030517578,138.22000122070312,136.02999877929688,138.1999969482422,427200.0
2017-10-04,136.8699951171875,138.1199951171875,135.67999267578125,137.80999755859375,796700.0
2017-10-05,137.0,138.75,136.41000366210938,137.85000610351562,496000.0
2017-10-06,138.05999755859375,138.32000732421875,136.39999389648438,137.72000122070312,645600.0
2017-10-09,137.94000244140625,138.41000366210938,136.72999572753906,136.7899932861328,335900.0
2017-10-10,136.7100067138672,137.49000549316406,136.25,136.47000122070312,362700.0
2017-10-11,136.52000427246094,137.8000030517578,135.5399932861328,137.72999572753906,454400.0
2017-10-12,138.0399932861328,139.10000610351562,137.3300018310547,138.83999633789062,366900.0
2017-10-13,138.63999938964844,141.07000732421875,138.0800018310547,139.5500030517578,387900.0
2017-10-16,139.6699981689453,140.38999938964844,138.11000061035156,138.2100067138672,311800.0
2017-10-17,138.00999450683594,139.0399932861328,137.60000610351562,138.9199981689453,332400.0
2017-10-18,139.57000732421875,139.57000732421875,138.1300048828125,138.50999450683594,232500.0
2017-10-19,138.0399932861328,139.44000244140625,137.58999633789062,139.44000244140625,288300.0
2017-10-20,140.14999389648438,140.92999267578125,138.9499969482422,139.49000549316406,374500.0
2017-10-23,139.58999633789062,140.47000122070312,138.80999755859375,138.9199981689453,219400.0
2017-10-24,139.0800018310547,141.39999389648438,138.1300048828125,138.3699951171875,320900.0
2017-10-25,138.5800018310547,139.17999267578125,137.5,138.2100067138672,336600.0
2017-10-26,138.5800018310547,139.27999877929688,137.11000061035156,138.25,368000.0
2017-10-27,138.2100067138672,139.2899932861328,136.75,138.8699951171875,265100.0
2017-10-30,138.88999938964844,141.42999267578125,138.82000732421875,140.14999389648438,311300.0
2017-10-31,140.88999938964844,141.02000427246094,138.2899932861328,138.36000061035156,433700.0
2017-11-01,135.22999572753906,137.41000366210938,134.0800018310547,136.0800018310547,680000.0
2017-11-02,137.22000122070312,138.9199981689453,133.02999877929688,135.07000732421875,833000.0
2017-11-03,135.3000030517578,139.8300018310547,135.1199951171875,139.3699951171875,634400.0
2017-11-06,138.9600067138672,140.97000122070312,138.0399932861328,140.60000610351562,381200.0
2017-11-07,140.41000366210938,141.77000427246094,139.05999755859375,139.08999633789062,254300.0
2017-11-08,139.24000549316406,139.3800048828125,137.41000366210938,137.52000427246094,345500.0
2017-11-09,136.83999633789062,139.72000122070312,136.3000030517578,138.66000366210938,305000.0
2017-11-10,138.6699981689453,140.11000061035156,137.89999389648438,139.6999969482422,318400.0
2017-11-13,139.97999572753906,139.97999572753906,138.35000610351562,138.8000030517578,291900.0
2017-11-14,138.10000610351562,139.1300048828125,137.69000244140625,138.5,215500.0
2017-11-15,138.0,139.47000122070312,137.3300018310547,138.58999633789062,264100.0
2017-11-16,138.6300048828125,139.0,135.66000366210938,135.75999450683594,473900.0
2017-11-17,135.69000244140625,136.67999267578125,135.0800018310547,136.24000549316406,235600.0
2017-11-20,136.13999938964844,136.60000610351562,135.3000030517578,135.6699981689453,346600.0
2017-11-21,135.60000610351562,136.30999755859375,133.77000427246094,134.5,475500.0
2017-11-22,134.2899932861328,134.72999572753906,133.10000610351562,133.11000061035156,311300.0
2017-11-24,133.5800018310547,134.33999633789062,132.9600067138672,133.74000549316406,131000.0
2017-11-27,133.58999633789062,136.72999572753906,133.32000732421875,135.33999633789062,309000.0
2017-11-28,135.6199951171875,136.41000366210938,134.9199981689453,135.9199981689453,291300.0
2017-11-29,135.9199981689453,137.19000244140625,135.58999633789062,136.44000244140625,383700.0
2017-11-30,136.63999938964844,137.0800018310547,131.82000732421875,132.64999389648438,862700.0
2017-12-01,133.0800018310547,133.25,129.55999755859375,131.35000610351562,504000.0
2017-12-04,132.32000732421875,133.0800018310547,131.55999755859375,131.86000061035156,493100.0
2017-12-05,132.13999938964844,132.63999938964844,128.41000366210938,129.33999633789062,551700.0
2017-12-06,129.27000427246094,130.22999572753906,127.76000213623047,128.14999389648438,399500.0
2017-12-07,127.6500015258789,128.58999633789062,125.66000366210938,125.69000244140625,558400.0
2017-12-08,125.52999877929688,126.94999694824219,124.91000366210938,126.72000122070312,309600.0
2017-12-11,126.33999633789062,126.83000183105469,125.66000366210938,126.70999908447266,362700.0
2017-12-12,126.72000122070312,128.5500030517578,126.01000213623047,128.0,505500.0
2017-12-13,127.9000015258789,128.27999877929688,125.0,125.44000244140625,469400.0
2017-12-14,125.62000274658203,126.01000213623047,123.86000061035156,124.41999816894531,554700.0
2017-12-15,124.52999877929688,127.77999877929688,124.52999877929688,127.5999984741211,582600.0
2017-12-18,127.88999938964844,128.52999877929688,126.3499984741211,127.33999633789062,587700.0
2017-12-19,127.37000274658203,127.69999694824219,126.45999908447266,127.02999877929688,479700.0
2017-12-20,127.12999725341797,127.75,126.4000015258789,127.0,361600.0
2017-12-21,126.98999786376953,127.19999694824219,124.2699966430664,125.55999755859375,447300.0
2017-12-22,124.70999908447266,126.33000183105469,124.44000244140625,125.83000183105469,301600.0
2017-12-26,126.11000061035156,127.27999877929688,126.05000305175781,126.62999725341797,145900.0
2017-12-27,126.66999816894531,127.18000030517578,125.6500015258789,126.26000213623047,242000.0
2017-12-28,126.4000015258789,126.8499984741211,125.7300033569336,126.47000122070312,267400.0
2017-12-29,126.58000183105469,126.58000183105469,125.33000183105469,125.58999633789062,242400.0
2018-01-02,126.62000274658203,126.62000274658203,121.19000244140625,121.6500015258789,403300.0
2018-01-03,121.16000366210938,121.69000244140625,120.2300033569336,121.45999908447266,479200.0
2018-01-04,122.12999725341797,124.87000274658203,122.12999725341797,124.38999938964844,528700.0
2018-01-05,124.94999694824219,125.0,123.25,123.9800033569336,254100.0
2018-01-08,123.48999786376953,123.48999786376953,121.05999755859375,121.16000366210938,497700.0
2018-01-09,120.79000091552734,121.4800033569336,117.97000122070312,118.11000061035156,804900.0
2018-01-10,118.58000183105469,118.76000213623047,116.5,116.61000061035156,364900.0
2018-01-11,116.98999786376953,118.86000061035156,116.9000015258789,118.7699966430664,274000.0
2018-01-12,119.4000015258789,120.91999816894531,118.41000366210938,120.51000213623047,397500.0
2018-01-16,120.95999908447266,122.91000366210938,120.6500015258789,121.93000030517578,571000.0
2018-01-17,122.48999786376953,123.48999786376953,121.69999694824219,122.91999816894531,458200.0
2018-01-18,122.7699966430664,122.7699966430664,120.5999984741211,121.26000213623047,338500.0
2018-01-19,121.69999694824219,122.98999786376953,121.37000274658203,122.8499984741211,273900.0
2018-01-22,125.30000305175781,132.75999450683594,125.30000305175781,128.1999969482422,789000.0
2018-01-23,128.0500030517578,130.2100067138672,127.33999633789062,130.16000366210938,566000.0
2018-01-24,130.63999938964844,130.72000122070312,128.8300018310547,129.80999755859375,523200.0
2018-01-25,130.05999755859375,131.4499969482422,129.52000427246094,131.0800018310547,452500.0
2018-01-26,131.33999633789062,131.33999633789062,128.80999755859375,129.30999755859375,490700.0
2018-01-29,128.9600067138672,129.27000427246094,128.47999572753906,128.92999267578125,359800.0
2018-01-30,128.25,129.0500030517578,127.62000274658203,127.77999877929688,616500.0
2018-01-31,128.16000366210938,128.50999450683594,125.80999755859375,127.13999938964844,762800.0
2018-02-01,130.8300018310547,133.6699981689453,128.6699981689453,130.6999969482422,540700.0
2018-02-02,130.05999755859375,131.14999389648438,129.33999633789062,129.89999389648438,384700.0
2018-02-05,129.50999450683594,130.61000061035156,127.58999633789062,128.47000122070312,451900.0
2018-02-06,127.0999984741211,129.55999755859375,126.1500015258789,129.38999938964844,627900.0
2018-02-07,128.9499969482422,133.22000122070312,127.94000244140625,131.9199981689453,823800.0
2018-02-08,132.41000366210938,133.1300048828125,127.7699966430664,127.8499984741211,500100.0
2018-02-09,128.66000366210938,130.50999450683594,128.47999572753906,129.61000061035156,552700.0
2018-02-12,130.22999572753906,131.10000610351562,127.7699966430664,129.11000061035156,356500.0
2018-02-13,128.6699981689453,128.92999267578125,127.72000122070312,128.33999633789062,327300.0
2018-02-14,128.39999389648438,130.49000549316406,128.39999389648438,129.58999633789062,354700.0
2018-02-15,130.42999267578125,130.74000549316406,129.24000549316406,129.97999572753906,216700.0
2018-02-16,129.8000030517578,131.61000061035156,129.38999938964844,131.2899932861328,428300.0
2018-02-20,130.7899932861328,131.05999755859375,128.5,130.88999938964844,406300.0
2018-02-21,131.1300048828125,132.89999389648438,129.47000122070312,129.5399932861328,263300.0
2018-02-22,129.82000732421875,130.8300018310547,128.0,128.2899932861328,256100.0
2018-02-23,128.9600067138672,129.9600067138672,128.35000610351562,129.85000610351562,163200.0
2018-02-26,129.80999755859375,130.83999633789062,129.5399932861328,130.4199981689453,180100.0
2018-02-27,130.36000061035156,131.35000610351562,128.72000122070312,129.16000366210938,247100.0
2018-02-28,129.47999572753906,130.7899932861328,128.27999877929688,128.27999877929688,204500.0
2018-03-01,128.6300048828125,128.9199981689453,126.23999786376953,127.29000091552734,282600.0
2018-03-02,126.33000183105469,127.51000213623047,126.13999938964844,126.29000091552734,230700.0
2018-03-05,128.94000244140625,136.86000061035156,128.94000244140625,135.75,601200.0
2018-03-06,136.3699951171875,137.77000427246094,135.00999450683594,137.02999877929688,400500.0
2018-03-07,136.3800048828125,136.8000030517578,135.3000030517578,136.13999938964844,250800.0
2018-03-08,136.57000732421875,136.77999877929688,134.5500030517578,135.3000030517578,234500.0
2018-03-09,136.00999450683594,137.27000427246094,134.1300048828125,137.0500030517578,260100.0
2018-03-12,137.35000610351562,137.89999389648438,136.00999450683594,136.5399932861328,169400.0
2018-03-13,136.75999450683594,137.57000732421875,135.8699951171875,137.1300048828125,414200.0
2018-03-14,137.2899932861328,137.2899932861328,135.44000244140625,136.02000427246094,278400.0
2018-03-15,136.0,136.52000427246094,134.97000122070312,135.97000122070312,213300.0
2018-03-16,135.99000549316406,138.16000366210938,135.89999389648438,137.41000366210938,428000.0
2018-03-19,137.63999938964844,138.64999389648438,136.88999938964844,138.1999969482422,209800.0
2018-03-20,138.67999267578125,138.67999267578125,137.60000610351562,138.02999877929688,158700.0
2018-03-21,138.1999969482422,139.74000549316406,137.97000122070312,138.7899932861328,304700.0
2018-03-22,137.8300018310547,138.63999938964844,136.32000732421875,136.44000244140625,277400.0
2018-03-23,136.67999267578125,137.13999938964844,133.9600067138672,134.11000061035156,181000.0
2018-03-26,135.38999938964844,135.60000610351562,133.6300048828125,135.3000030517578,170200.0
2018-03-27,135.58999633789062,135.97999572753906,133.4199981689453,133.97000122070312,212800.0
2018-03-28,134.4600067138672,138.36000061035156,133.5800018310547,138.07000732421875,439300.0
2018-03-29,138.61000061035156,138.77000427246094,137.22999572753906,138.50999450683594,182300.0
2018-04-02,138.91000366210938,139.9499969482422,136.72999572753906,138.05999755859375,345500.0
2018-04-03,138.99000549316406,140.6699981689453,138.02000427246094,139.8000030517578,284100.0
2018-04-04,138.69000244140625,139.50999450683594,137.52999877929688,139.27000427246094,275100.0
2018-04-05,140.07000732421875,140.22000122070312,138.4499969482422,139.30999755859375,122600.0
2018-04-06,138.77000427246094,139.57000732421875,137.32000732421875,138.11000061035156,193700.0
2018-04-09,139.14999389648438,140.1300048828125,137.11000061035156,138.35000610351562,145600.0
2018-04-10,139.74000549316406,139.8000030517578,137.14999389648438,137.52000427246094,140200.0
2018-04-11,137.57000732421875,138.97999572753906,137.41000366210938,138.1999969482422,170400.0
2018-04-12,138.86000061035156,139.2899932861328,135.72999572753906,136.05999755859375,244600.0
2018-04-13,136.77000427246094,137.25999450683594,134.94000244140625,135.52999877929688,201300.0
2018-04-16,136.1199951171875,137.4600067138672,135.1199951171875,137.0399932861328,107100.0
2018-04-17,137.77000427246094,137.97999572753906,136.0800018310547,136.52999877929688,119800.0
2018-04-18,136.75,137.52000427246094,135.57000732421875,135.85000610351562,164800.0
2018-04-19,135.30999755859375,137.1300048828125,134.8699951171875,136.72999572753906,244700.0
2018-04-20,136.9199981689453,138.49000549316406,136.60000610351562,138.0399932861328,256400.0
2018-04-23,138.39999389648438,138.9199981689453,136.58999633789062,136.82000732421875,138400.0
2018-04-24,136.72999572753906,138.22000122070312,136.0800018310547,136.6199951171875,355600.0
2018-04-25,136.75,137.1999969482422,135.9600067138672,136.75999450683594,291600.0
2018-04-26,136.80999755859375,137.5500030517578,135.63999938964844,137.10000610351562,281300.0
2018-04-27,137.07000732421875,139.00999450683594,136.80999755859375,137.67999267578125,160800.0
2018-04-30,137.66000366210938,137.89999389648438,135.94000244140625,136.0399932861328,462400.0
2018-05-01,135.85000610351562,136.61000061035156,134.97999572753906,135.52000427246094,249900.0
2018-05-02,139.25,139.25,128.80999755859375,129.35000610351562,535500.0
2018-05-03,127.95999908447266,128.16000366210938,124.22000122070312,125.48999786376953,597400.0
2018-05-04,125.73999786376953,128.0,124.7300033569336,127.33000183105469,300500.0
2018-05-07,127.4800033569336,128.5399932861328,126.38999938964844,128.27000427246094,435200.0
2018-05-08,128.25999450683594,128.74000549316406,126.7699966430664,127.44999694824219,204500.0
2018-05-09,127.5199966430664,127.8499984741211,126.52999877929688,127.30999755859375,225700.0
2018-05-10,127.66000366210938,128.22000122070312,127.02999877929688,127.88999938964844,288600.0
2018-05-11,127.69999694824219,128.6999969482422,127.69999694824219,128.0,149000.0
2018-05-14,127.91000366210938,128.58999633789062,127.08999633789062,127.31999969482422,303600.0
2018-05-15,127.16000366210938,128.47999572753906,126.87000274658203,128.11000061035156,231300.0
2018-05-16,128.00999450683594,128.94000244140625,127.80000305175781,128.6300048828125,140100.0
2018-05-17,128.66000366210938,128.66000366210938,126.75,127.2300033569336,156100.0
2018-05-18,127.23999786376953,127.36000061035156,125.94000244140625,126.01000213623047,331500.0
2018-05-21,126.51000213623047,127.13999938964844,126.08000183105469,127.0,248600.0
2018-05-22,126.9800033569336,127.58999633789062,126.08999633789062,127.05000305175781,276800.0
2018-05-23,126.83999633789062,127.37000274658203,124.38999938964844,124.56999969482422,365300.0
2018-05-24,123.7300033569336,124.31999969482422,122.7699966430664,123.75,445800.0
2018-05-25,123.11000061035156,125.05999755859375,122.83999633789062,124.87000274658203,279200.0
2018-05-29,124.23999786376953,124.47000122070312,122.72000122070312,123.98999786376953,365900.0
2018-05-30,124.2300033569336,125.23999786376953,123.33000183105469,124.7699966430664,439600.0
2018-05-31,124.54000091552734,124.54000091552734,122.5999984741211,122.7699966430664,598100.0
2018-06-01,123.87999725341797,123.93000030517578,122.33999633789062,123.13999938964844,238500.0
2018-06-04,123.27999877929688,124.16000366210938,122.56999969482422,123.91999816894531,247800.0
2018-06-05,123.94000244140625,124.83000183105469,123.27999877929688,124.1500015258789,302100.0
2018-06-06,124.16999816894531,125.70999908447266,123.77999877929688,125.56999969482422,239700.0
2018-06-07,126.06999969482422,127.61000061035156,125.7300033569336,126.77999877929688,283300.0
2018-06-08,126.83999633789062,130.0,126.11000061035156,127.63999938964844,185100.0
2018-06-11,127.70999908447266,128.42999267578125,126.36000061035156,126.5199966430664,162900.0
2018-06-12,126.44999694824219,127.05000305175781,123.4000015258789,124.01000213623047,383400.0
2018-06-13,123.7699966430664,125.44999694824219,123.55999755859375,123.87999725341797,299500.0
2018-06-14,123.9800033569336,124.27999877929688,123.01000213623047,123.94999694824219,246800.0
2018-06-15,124.12000274658203,124.75,122.79000091552734,123.91000366210938,363000.0
2018-06-18,123.16000366210938,124.22000122070312,122.22000122070312,123.16000366210938,156400.0
2018-06-19,122.45999908447266,124.26000213623047,122.37000274658203,123.7699966430664,222000.0
2018-06-20,123.87999725341797,125.26000213623047,123.26000213623047,124.30999755859375,189400.0
2018-06-21,123.9000015258789,124.69000244140625,121.72000122070312,121.98999786376953,145800.0
2018-06-22,122.47000122070312,123.02999877929688,121.72000122070312,122.62000274658203,200700.0
2018-06-25,122.55999755859375,124.04000091552734,122.26000213623047,123.36000061035156,160900.0
2018-06-26,123.25,123.4000015258789,121.61000061035156,121.79000091552734,186600.0
2018-06-27,121.76000213623047,121.76000213623047,118.5999984741211,118.6500015258789,304100.0
2018-06-28,118.51000213623047,120.20999908447266,117.3499984741211,119.94999694824219,433400.0
2018-06-29,120.33999633789062,121.79000091552734,119.69999694824219,120.31999969482422,223600.0
2018-07-02,120.56999969482422,121.0199966430664,119.63999938964844,120.3499984741211,206300.0
2018-07-03,120.80000305175781,121.08999633789062,119.69000244140625,120.05000305175781,164000.0
2018-07-05,120.5199966430664,121.33000183105469,119.68000030517578,121.19999694824219,301600.0
2018-07-06,121.20999908447266,122.4800033569336,120.87000274658203,121.31999969482422,172900.0
2018-07-09,122.11000061035156,124.54000091552734,121.58000183105469,124.33999633789062,305900.0
2018-07-10,124.7699966430664,124.87999725341797,123.83999633789062,124.75,191600.0
2018-07-11,124.58000183105469,125.04000091552734,123.76000213623047,124.0,180200.0
2018-07-12,123.7699966430664,124.29000091552734,121.86000061035156,122.08000183105469,203900.0
2018-07-13,122.45999908447266,122.51000213623047,121.37000274658203,122.19000244140625,157700.0
2018-07-16,122.62999725341797,123.52999877929688,121.73999786376953,123.22000122070312,265900.0
2018-07-17,123.08000183105469,124.06999969482422,123.08000183105469,123.37000274658203,129000.0
2018-07-18,123.51000213623047,124.83999633789062,123.43000030517578,124.66999816894531,145800.0
2018-07-19,124.4000015258789,124.72000122070312,123.19000244140625,123.4800033569336,168900.0
2018-07-20,122.8499984741211,124.16999816894531,121.20999908447266,124.12999725341797,275300.0
2018-07-23,123.8499984741211,123.94000244140625,122.63999938964844,123.66999816894531,140900.0
2018-07-24,123.75,124.87000274658203,123.47000122070312,124.06999969482422,343800.0
2018-07-25,130.08999633789062,132.75999450683594,123.87999725341797,127.43000030517578,580800.0
2018-07-26,128.14999389648438,130.97999572753906,127.18000030517578,130.91000366210938,459500.0
2018-07-27,131.0,132.67999267578125,130.60000610351562,132.17999267578125,447900.0
2018-07-30,132.02000427246094,134.0,131.97999572753906,132.0500030517578,282400.0
2018-07-31,132.25,132.44000244140625,131.14999389648438,131.85000610351562,580100.0
2018-08-01,131.5,132.63999938964844,131.16000366210938,131.82000732421875,294200.0
2018-08-02,131.39999389648438,132.0,130.6199951171875,131.63999938964844,448500.0
2018-08-03,131.6699981689453,131.6699981689453,130.5500030517578,131.3300018310547,322200.0
2018-08-06,131.13999938964844,132.19000244140625,129.83999633789062,130.10000610351562,202800.0
2018-08-07,130.17999267578125,130.42999267578125,128.83999633789062,128.9199981689453,196800.0
2018-08-08,128.97000122070312,128.97000122070312,127.5999984741211,128.52000427246094,138000.0
2018-08-09,128.41000366210938,129.0,127.79000091552734,127.9000015258789,124300.0
2018-08-10,126.94000244140625,128.0800018310547,125.6500015258789,127.77999877929688,137200.0
2018-08-13,127.94999694824219,128.63999938964844,127.33999633789062,127.51000213623047,97700.0
2018-08-14,127.9000015258789,128.83999633789062,127.31999969482422,128.52000427246094,90300.0
2018-08-15,128.49000549316406,130.89999389648438,128.49000549316406,129.3300018310547,163800.0
2018-08-16,129.60000610351562,131.4600067138672,129.60000610351562,130.3800048828125,141900.0
2018-08-17,130.27000427246094,131.69000244140625,130.25,131.3000030517578,97800.0
2018-08-20,131.6699981689453,132.44000244140625,131.27000427246094,131.41000366210938,121500.0
2018-08-21,131.24000549316406,131.9499969482422,130.6699981689453,131.5800018310547,144500.0
2018-08-22,131.75,131.94000244140625,130.6699981689453,130.92999267578125,150900.0
2018-08-23,131.02000427246094,131.41000366210938,130.02999877929688,130.94000244140625,89300.0
2018-08-24,131.3699951171875,133.0500030517578,131.33999633789062,132.8000030517578,83100.0
2018-08-27,132.9199981689453,134.02999877929688,132.25,132.97999572753906,127700.0
2018-08-28,133.55999755859375,134.5500030517578,133.36000061035156,134.0,150400.0
2018-08-29,134.0500030517578,134.5,133.72000122070312,134.1300048828125,124000.0
2018-08-30,132.0,133.02999877929688,131.5,132.75999450683594,195300.0
2018-08-31,132.5500030517578,133.25999450683594,131.8800048828125,132.9600067138672,215100.0
2018-09-04,132.97000122070312,133.55999755859375,131.4600067138672,132.25999450683594,113700.0
2018-09-05,132.02999877929688,133.82000732421875,132.02999877929688,132.50999450683594,189800.0
2018-09-06,132.89999389648438,133.42999267578125,130.99000549316406,131.05999755859375,213600.0
2018-09-07,131.0500030517578,131.0500030517578,125.58999633789062,125.83999633789062,436800.0
2018-09-10,126.12000274658203,126.26000213623047,124.76000213623047,125.86000061035156,269200.0
2018-09-11,124.94999694824219,127.2699966430664,124.22000122070312,127.08000183105469,302200.0
2018-09-12,127.16000366210938,128.49000549316406,126.29000091552734,127.87000274658203,239900.0
2018-09-13,128.25,132.63999938964844,128.25,130.9499969482422,227300.0
2018-09-14,130.82000732421875,132.9499969482422,130.82000732421875,132.74000549316406,173900.0
2018-09-17,132.38999938964844,133.17999267578125,131.3699951171875,131.9199981689453,136900.0
2018-09-18,132.47000122070312,132.6999969482422,131.7100067138672,132.52000427246094,121300.0
2018-09-19,132.83999633789062,134.72000122070312,132.52000427246094,134.17999267578125,138800.0
2018-09-20,134.67999267578125,135.4499969482422,134.5399932861328,135.38999938964844,138100.0
2018-09-21,135.3800048828125,136.0800018310547,135.0,135.42999267578125,334600.0
2018-09-24,135.3699951171875,135.69000244140625,133.80999755859375,134.9499969482422,204400.0
2018-09-25,134.7100067138672,134.99000549316406,134.0,134.2899932861328,207200.0
2018-09-26,134.3699951171875,134.3699951171875,132.9499969482422,133.1999969482422,252300.0
2018-09-27,133.5,134.4600067138672,132.25999450683594,133.19000244140625,147600.0
2018-09-28,132.60000610351562,134.1199951171875,132.3300018310547,133.5800018310547,209100.0
2018-10-01,133.6999969482422,134.52999877929688,132.1199951171875,132.42999267578125,151900.0
2018-10-02,140.0800018310547,142.55999755859375,138.02000427246094,138.89999389648438,990600.0
2018-10-03,139.38999938964844,140.25,137.0800018310547,139.30999755859375,313300.0
2018-10-04,139.0,139.7899932861328,137.27000427246094,139.22000122070312,189200.0
2018-10-05,139.3300018310547,140.86000061035156,138.4499969482422,139.5500030517578,189000.0
2018-10-08,139.10000610351562,140.44000244140625,138.52000427246094,138.7100067138672,233600.0
2018-10-09,138.0500030517578,139.08999633789062,137.4499969482422,138.64999389648438,199600.0
2018-10-10,138.0,138.27999877929688,135.02999877929688,135.72000122070312,421600.0
2018-10-11,135.36000061035156,136.19000244140625,132.64999389648438,133.11000061035156,393800.0
2018-10-12,134.50999450683594,134.69000244140625,129.24000549316406,131.57000732421875,291500.0
2018-10-15,131.36000061035156,132.8699951171875,131.36000061035156,131.49000549316406,207400.0
2018-10-16,131.92999267578125,132.52999877929688,130.5399932861328,132.3800048828125,158800.0
2018-10-17,132.07000732421875,134.1300048828125,131.1699981689453,133.0399932861328,231900.0
2018-10-18,132.22999572753906,133.32000732421875,129.41000366210938,129.6199951171875,380000.0
2018-10-19,129.27000427246094,132.5800018310547,128.27000427246094,132.33999633789062,263700.0
2018-10-22,132.0399932861328,132.2899932861328,129.0,129.3000030517578,164000.0
2018-10-23,127.16999816894531,128.5399932861328,126.05000305175781,126.37000274658203,234200.0
2018-10-24,125.9000015258789,128.0,125.37000274658203,127.0,246500.0
2018-10-25,127.5,128.5399932861328,126.2300033569336,127.30000305175781,251000.0
2018-10-26,126.58999633789062,127.45999908447266,125.25,126.1500015258789,231200.0
2018-10-29,126.94999694824219,127.83999633789062,124.54000091552734,125.30000305175781,197500.0
2018-10-30,125.5199966430664,128.7100067138672,124.77999877929688,128.3699951171875,211500.0
2018-10-31,125.0,126.63999938964844,119.44999694824219,122.16000366210938,918200.0
2018-11-01,121.87000274658203,125.87000274658203,121.86000061035156,124.37999725341797,560400.0
2018-11-02,124.77999877929688,125.02999877929688,121.5199966430664,124.12999725341797,314900.0
2018-11-05,124.55999755859375,126.16999816894531,123.18000030517578,123.91999816894531,355000.0
2018-11-06,123.37999725341797,126.61000061035156,123.13999938964844,126.55000305175781,231200.0
2018-11-07,127.08999633789062,129.9600067138672,127.08999633789062,129.22000122070312,285900.0
2018-11-08,126.36000061035156,128.1199951171875,124.5999984741211,125.27999877929688,211300.0
2018-11-09,124.75,126.63999938964844,124.1500015258789,124.91999816894531,199000.0
2018-11-12,125.19000244140625,126.69999694824219,121.37999725341797,121.4000015258789,587300.0
2018-11-13,121.95999908447266,123.12999725341797,120.68000030517578,120.81999969482422,171600.0
2018-11-14,121.94000244140625,122.66000366210938,118.27999877929688,119.93000030517578,297100.0
2018-11-15,119.47000122070312,122.62000274658203,118.30999755859375,121.94999694824219,371900.0
2018-11-16,121.13999938964844,124.33999633789062,120.5999984741211,123.8499984741211,419900.0
2018-11-19,123.47000122070312,126.12000274658203,123.47000122070312,125.88999938964844,359700.0
2018-11-20,125.33999633789062,128.6300048828125,124.98999786376953,127.83000183105469,419700.0
2018-11-21,128.63999938964844,130.89999389648438,127.05000305175781,129.24000549316406,303100.0
2018-11-23,128.4199981689453,132.10000610351562,127.72000122070312,131.1199951171875,162400.0
2018-11-26,131.9199981689453,133.1199951171875,130.2100067138672,130.86000061035156,353200.0
2018-11-27,130.57000732421875,131.19000244140625,128.17999267578125,128.97000122070312,272600.0
2018-11-28,129.1300048828125,130.7100067138672,128.2100067138672,130.10000610351562,188000.0
2018-11-29,129.38999938964844,131.44000244140625,129.38999938964844,130.77999877929688,248900.0
2018-11-30,130.8800048828125,133.3000030517578,130.8800048828125,132.61000061035156,439900.0
2018-12-03,134.4199981689453,135.58999633789062,131.8800048828125,135.02999877929688,272100.0
2018-12-04,134.86000061035156,136.0399932861328,133.5500030517578,133.9499969482422,292800.0
2018-12-06,132.61000061035156,134.00999450683594,131.10000610351562,133.85000610351562,268600.0
2018-12-07,133.3800048828125,139.83999633789062,133.3800048828125,139.1999969482422,634700.0
2018-12-10,140.5500030517578,141.77000427246094,138.6699981689453,140.6699981689453,506300.0
2018-12-11,141.27000427246094,142.19000244140625,136.47000122070312,136.82000732421875,381500.0
2018-12-12,137.50999450683594,138.77000427246094,135.97000122070312,136.16000366210938,343600.0
2018-12-13,135.94000244140625,137.61000061035156,133.57000732421875,134.33999633789062,261700.0
2018-12-14,133.08999633789062,134.94000244140625,132.9199981689453,133.64999389648438,261000.0
2018-12-17,133.64999389648438,135.32000732421875,132.33999633789062,132.35000610351562,367400.0
2018-12-18,132.4499969482422,135.74000549316406,131.61000061035156,134.0,369800.0
2018-12-19,134.3699951171875,136.74000549316406,132.91000366210938,133.27000427246094,313700.0
2018-12-20,133.08999633789062,133.08999633789062,128.2899932861328,129.64999389648438,374200.0
2018-12-21,129.85000610351562,133.0,128.94000244140625,129.11000061035156,607700.0
2018-12-24,128.61000061035156,128.94000244140625,125.5199966430664,125.55000305175781,91300.0
2018-12-26,125.52999877929688,129.58999633789062,123.79000091552734,129.4600067138672,156700.0
2018-12-27,127.77999877929688,130.91000366210938,126.7699966430664,130.8000030517578,179200.0
2018-12-28,131.3000030517578,133.33999633789062,131.3000030517578,132.1199951171875,185300.0
2018-12-31,132.3000030517578,134.9600067138672,132.02999877929688,133.6999969482422,230600.0
2019-01-02,132.17999267578125,132.17999267578125,128.58999633789062,130.38999938964844,299900.0
2019-01-03,129.5399932861328,130.35000610351562,127.22000122070312,128.30999755859375,234600.0
2019-01-04,129.0,131.9499969482422,129.0,131.30999755859375,334400.0
2019-01-07,130.82000732421875,131.32000732421875,129.1300048828125,129.27999877929688,210600.0
2019-01-08,130.25,130.77000427246094,127.5999984741211,129.49000549316406,258600.0
2019-01-09,128.13999938964844,130.8000030517578,127.5,129.8300018310547,342400.0
2019-01-10,129.5,132.35000610351562,129.05999755859375,132.24000549316406,262500.0
2019-01-11,132.13999938964844,132.63999938964844,130.5399932861328,131.72000122070312,198400.0
2019-01-14,131.63999938964844,132.88999938964844,131.35000610351562,131.75,142000.0
2019-01-15,131.8800048828125,133.1699981689453,131.25,133.16000366210938,117400.0
2019-01-16,131.02000427246094,133.0,130.92999267578125,131.5,219000.0
2019-01-17,131.1999969482422,132.82000732421875,131.1999969482422,132.75,259000.0
2019-01-18,133.4199981689453,133.4199981689453,132.35000610351562,132.9499969482422,155100.0
2019-01-22,132.9499969482422,133.3000030517578,132.25,132.5800018310547,248300.0
2019-01-23,133.0,133.5800018310547,132.25999450683594,132.72999572753906,263800.0
2019-01-24,132.7100067138672,133.8699951171875,132.4199981689453,133.3699951171875,193700.0
2019-01-25,133.6300048828125,133.97999572753906,132.22000122070312,133.0500030517578,218600.0
2019-01-28,132.5,134.0,132.5,133.41000366210938,157000.0
2019-01-29,133.58999633789062,134.7899932861328,133.33999633789062,133.5,215900.0
2019-01-30,135.5,139.92999267578125,135.1199951171875,138.55999755859375,595100.0
2019-01-31,138.47000122070312,138.75,135.58999633789062,138.02999877929688,617300.0
2019-02-01,138.52000427246094,139.17999267578125,137.67999267578125,138.55999755859375,250100.0
2019-02-04,138.4600067138672,139.52999877929688,137.5,139.47000122070312,287900.0
2019-02-05,139.5,141.72000122070312,139.24000549316406,141.52000427246094,261300.0
2019-02-06,141.5,141.83999633789062,140.47999572753906,141.6199951171875,204500.0
2019-02-07,141.05999755859375,142.75,140.72000122070312,142.64999389648438,331800.0
2019-02-08,142.25,142.80999755859375,140.72999572753906,142.4199981689453,204400.0
2019-02-11,143.5,143.80999755859375,141.8800048828125,143.39999389648438,257700.0
2019-02-12,144.7899932861328,144.8000030517578,142.5399932861328,143.35000610351562,259000.0
2019-02-13,143.85000610351562,144.9600067138672,142.83999633789062,143.7899932861328,301000.0
2019-02-14,143.3000030517578,144.3699951171875,142.4199981689453,142.55999755859375,296300.0
2019-02-15,143.66000366210938,144.00999450683594,141.74000549316406,142.1699981689453,537000.0
2019-02-19,142.17999267578125,144.52999877929688,142.08999633789062,144.13999938964844,265700.0
2019-02-20,144.42999267578125,145.7899932861328,144.08999633789062,145.14999389648438,195000.0
2019-02-21,145.25999450683594,146.3800048828125,144.63999938964844,144.99000549316406,172900.0
2019-02-22,145.47999572753906,146.17999267578125,144.0399932861328,145.0800018310547,185400.0
2019-02-25,145.22999572753906,146.36000061035156,144.22000122070312,145.75999450683594,229900.0
2019-02-26,145.52000427246094,146.47999572753906,145.2899932861328,145.6699981689453,171900.0
2019-02-27,145.0500030517578,146.27999877929688,144.89999389648438,145.94000244140625,202100.0
2019-02-28,146.0399932861328,147.64999389648438,145.47999572753906,147.0500030517578,280200.0
2019-03-01,147.85000610351562,147.85000610351562,145.1699981689453,146.10000610351562,187200.0
2019-03-04,146.1199951171875,147.35000610351562,143.6199951171875,144.92999267578125,211600.0
2019-03-05,144.83999633789062,146.6300048828125,144.44000244140625,145.47999572753906,247300.0
2019-03-06,145.4600067138672,146.1699981689453,144.47999572753906,144.7100067138672,142800.0
2019-03-07,144.25999450683594,144.8800048828125,142.00999450683594,142.11000061035156,166700.0
2019-03-08,141.19000244140625,143.1199951171875,141.19000244140625,142.6699981689453,147900.0
2019-03-11,143.08999633789062,144.9199981689453,142.69000244140625,144.77999877929688,193300.0
2019-03-12,144.75999450683594,145.63999938964844,144.0,144.60000610351562,160300.0
2019-03-13,144.91000366210938,147.0399932861328,144.85000610351562,145.30999755859375,317700.0
2019-03-14,145.13999938964844,146.55999755859375,144.66000366210938,146.2899932861328,220800.0
2019-03-15,146.2899932861328,147.97000122070312,145.91000366210938,146.6199951171875,758500.0
2019-03-18,146.74000549316406,147.27999877929688,145.4499969482422,146.02999877929688,218000.0
2019-03-19,146.63999938964844,146.63999938964844,144.2899932861328,144.74000549316406,158700.0
2019-03-20,144.7100067138672,144.7100067138672,141.8800048828125,142.22999572753906,190300.0
2019-03-21,141.2899932861328,144.4499969482422,141.2899932861328,143.91000366210938,235500.0
2019-03-22,143.3300018310547,144.52999877929688,143.11000061035156,143.30999755859375,137500.0
2019-03-25,143.4600067138672,144.3800048828125,143.1699981689453,144.10000610351562,149500.0
2019-03-26,144.80999755859375,145.0500030517578,143.27000427246094,143.8800048828125,253300.0
2019-03-27,143.75,144.5500030517578,142.55999755859375,142.6300048828125,180200.0
2019-03-28,142.5,142.9600067138672,141.0,142.5,151600.0
2019-03-29,143.4199981689453,143.58999633789062,142.6999969482422,143.5,178000.0
2019-04-01,144.3300018310547,144.8699951171875,143.47999572753906,144.72000122070312,179800.0
2019-04-02,144.86000061035156,144.86000061035156,143.0399932861328,143.25,223700.0
2019-04-03,143.97999572753906,143.97999572753906,142.52000427246094,143.27999877929688,268400.0
2019-04-04,143.57000732421875,144.0800018310547,142.63999938964844,143.3800048828125,186000.0
2019-04-05,143.6999969482422,144.17999267578125,142.9600067138672,143.47000122070312,326500.0
2019-04-08,143.3300018310547,144.7899932861328,143.1699981689453,143.88999938964844,201400.0
2019-04-09,143.77999877929688,144.3300018310547,142.2899932861328,142.99000549316406,134900.0
2019-04-10,143.66000366210938,145.72000122070312,143.2100067138672,145.52000427246094,241300.0
2019-04-11,146.05999755859375,149.77999877929688,145.1199951171875,149.5,387900.0
2019-04-12,150.33999633789062,152.27999877929688,149.75,152.1999969482422,294300.0
2019-04-15,152.5,152.8000030517578,151.0500030517578,152.22999572753906,167400.0
2019-04-16,152.7100067138672,155.05999755859375,152.07000732421875,154.35000610351562,374100.0
2019-04-17,154.08999633789062,154.36000061035156,152.47000122070312,153.02999877929688,223200.0
2019-04-18,153.1999969482422,153.8300018310547,152.49000549316406,152.97999572753906,228900.0
2019-04-22,152.6199951171875,152.72000122070312,151.16000366210938,151.57000732421875,197600.0
2019-04-23,151.5,152.39999389648438,151.05999755859375,151.67999267578125,291100.0
2019-04-24,151.6699981689453,152.80999755859375,150.8800048828125,151.8699951171875,273700.0
2019-04-25,151.64999389648438,152.02999877929688,149.77999877929688,151.4600067138672,155600.0
2019-04-26,152.6699981689453,152.6999969482422,150.22000122070312,152.6999969482422,147300.0
2019-04-29,152.8699951171875,153.92999267578125,152.30999755859375,153.10000610351562,186600.0
2019-04-30,153.2899932861328,155.7100067138672,152.66000366210938,155.36000061035156,221100.0
2019-05-01,155.47000122070312,158.0800018310547,155.47000122070312,156.02000427246094,213200.0
2019-05-02,155.80999755859375,157.02000427246094,154.60000610351562,155.52999877929688,181700.0
2019-05-03,155.8800048828125,156.77000427246094,154.8300018310547,155.16000366210938,140600.0
2019-05-06,153.3300018310547,155.5,152.9600067138672,154.75,175400.0
2019-05-07,154.0800018310547,155.52000427246094,153.11000061035156,155.49000549316406,178000.0
2019-05-08,157.0,163.50999450683594,155.5399932861328,161.35000610351562,466600.0
2019-05-09,161.6300048828125,163.30999755859375,160.64999389648438,161.72000122070312,342900.0
2019-05-10,161.75999450683594,166.0399932861328,161.75999450683594,165.94000244140625,282300.0
2019-05-13,164.1300048828125,165.58999633789062,163.7100067138672,164.2899932861328,284300.0
2019-05-14,165.42999267578125,167.67999267578125,164.52000427246094,167.00999450683594,229500.0
2019-05-15,166.0,167.75,164.32000732421875,166.9499969482422,214200.0
2019-05-16,167.32000732421875,170.5500030517578,166.50999450683594,170.44000244140625,279800.0
2019-05-17,169.5500030517578,170.72999572753906,168.89999389648438,169.52000427246094,245900.0
2019-05-20,169.41000366210938,171.3300018310547,169.17999267578125,170.1999969482422,190400.0
2019-05-21,170.99000549316406,171.74000549316406,169.27000427246094,170.14999389648438,374700.0
2019-05-22,170.25999450683594,171.33999633789062,169.94000244140625,170.97000122070312,364000.0
2019-05-23,169.75,171.16000366210938,168.9600067138672,171.00999450683594,417500.0
2019-05-24,171.5,173.91000366210938,171.25,173.52000427246094,251600.0
2019-05-28,174.0,175.52000427246094,173.0500030517578,173.69000244140625,501100.0
2019-05-29,173.83999633789062,174.11000061035156,171.6199951171875,173.91000366210938,271400.0
2019-05-30,174.1699981689453,175.3699951171875,172.35000610351562,172.6699981689453,232300.0
2019-05-31,171.49000549316406,175.1199951171875,171.49000549316406,174.44000244140625,336400.0
2019-06-03,174.4600067138672,178.86000061035156,173.8800048828125,178.6199951171875,394200.0
2019-06-04,177.72000122070312,178.8000030517578,174.69000244140625,176.10000610351562,317000.0
2019-06-05,175.60000610351562,178.88999938964844,175.08999633789062,178.77999877929688,300700.0
2019-06-06,178.60000610351562,179.91000366210938,176.7100067138672,177.1999969482422,330800.0
2019-06-07,177.2899932861328,178.9199981689453,174.74000549316406,176.35000610351562,357800.0
2019-06-10,176.63999938964844,177.80999755859375,175.4600067138672,175.88999938964844,274200.0
2019-06-11,176.7100067138672,177.2899932861328,173.97000122070312,175.02000427246094,196100.0
2019-06-12,175.16000366210938,177.02999877929688,174.89999389648438,176.44000244140625,200300.0
2019-06-13,176.60000610351562,178.00999450683594,175.24000549316406,177.1199951171875,335200.0
2019-06-14,177.5,178.9600067138672,177.0,178.6699981689453,172200.0
2019-06-17,178.75,179.39999389648438,177.63999938964844,177.75999450683594,257700.0
2019-06-18,178.77999877929688,180.57000732421875,178.3800048828125,180.02000427246094,222500.0
2019-06-19,180.4199981689453,182.22000122070312,180.3300018310547,181.64999389648438,221700.0
2019-06-20,182.27000427246094,184.19000244140625,181.63999938964844,182.92999267578125,284800.0
2019-06-21,182.0,184.19000244140625,181.50999450683594,181.94000244140625,601900.0
2019-06-24,182.55999755859375,185.5,181.38999938964844,182.27000427246094,249500.0
2019-06-25,182.77000427246094,183.44000244140625,179.60000610351562,180.0,434000.0
2019-06-26,180.6999969482422,180.6999969482422,175.8699951171875,176.24000549316406,323100.0
2019-06-27,176.60000610351562,176.9600067138672,174.7100067138672,176.5500030517578,275700.0
2019-06-28,177.33999633789062,179.4600067138672,176.50999450683594,178.00999450683594,630900.0
2019-07-01,179.16000366210938,182.88999938964844,179.00999450683594,182.77999877929688,334100.0
2019-07-02,182.82000732421875,185.07000732421875,181.42999267578125,182.1199951171875,323100.0
2019-07-03,183.25,184.1699981689453,182.35000610351562,183.77999877929688,206100.0
2019-07-05,183.6999969482422,184.60000610351562,181.6199951171875,183.17999267578125,302800.0
2019-07-08,182.88999938964844,184.52999877929688,182.0500030517578,184.4600067138672,219700.0
2019-07-09,184.11000061035156,185.0399932861328,183.61000061035156,184.72999572753906,432400.0
2019-07-10,184.64999389648438,186.8300018310547,183.82000732421875,184.30999755859375,296900.0
2019-07-11,184.47000122070312,185.27999877929688,183.1199951171875,183.8800048828125,422500.0
2019-07-12,183.6300048828125,184.5399932861328,182.02999877929688,183.9499969482422,249800.0
2019-07-15,184.80999755859375,187.5800018310547,184.49000549316406,187.35000610351562,349100.0
2019-07-16,186.57000732421875,187.27000427246094,184.1699981689453,185.35000610351562,384000.0
2019-07-17,184.57000732421875,186.02999877929688,183.1699981689453,183.63999938964844,286800.0
2019-07-18,183.89999389648438,184.3000030517578,180.88999938964844,182.24000549316406,310900.0
2019-07-19,182.52000427246094,182.85000610351562,180.0,180.1199951171875,267400.0
2019-07-22,180.44000244140625,180.44000244140625,177.7899932861328,178.00999450683594,528400.0
2019-07-23,178.6999969482422,178.94000244140625,174.91000366210938,178.2100067138672,418500.0
2019-07-24,189.0,189.0,179.4499969482422,180.0,759900.0
2019-07-25,180.49000549316406,184.8000030517578,179.10000610351562,183.66000366210938,382100.0
2019-07-26,183.92999267578125,186.58999633789062,182.72999572753906,186.19000244140625,237900.0
2019-07-29,186.8000030517578,187.32000732421875,183.22999572753906,184.61000061035156,346200.0
2019-07-30,184.36000061035156,185.75999450683594,181.0500030517578,181.9600067138672,377000.0
2019-07-31,182.1300048828125,183.3800048828125,179.88999938964844,181.14999389648438,649400.0
2019-08-01,181.22000122070312,183.39999389648438,179.8699951171875,181.8300018310547,408900.0
2019-08-02,182.3300018310547,183.85000610351562,181.10000610351562,182.5399932861328,316400.0
2019-08-05,180.8300018310547,182.88999938964844,178.35000610351562,179.44000244140625,291600.0
2019-08-06,179.5800018310547,183.38999938964844,178.75,183.2899932861328,281200.0
2019-08-07,182.9199981689453,186.5500030517578,181.61000061035156,185.69000244140625,338400.0
2019-08-08,186.72999572753906,189.97000122070312,186.44000244140625,189.7100067138672,443400.0
2019-08-09,189.2899932861328,190.7100067138672,187.8000030517578,189.4600067138672,216500.0
2019-08-12,189.4600067138672,190.8000030517578,187.58999633789062,187.74000549316406,184500.0
2019-08-13,187.24000549316406,190.9199981689453,187.10000610351562,190.7899932861328,254900.0
2019-08-14,189.3800048828125,190.60000610351562,185.41000366210938,185.5399932861328,316300.0
2019-08-15,185.77999877929688,188.17999267578125,184.16000366210938,187.83999633789062,242700.0
2019-08-16,188.4499969482422,190.38999938964844,187.97000122070312,189.72999572753906,276600.0
2019-08-19,190.3800048828125,190.97000122070312,188.16000366210938,189.77999877929688,266300.0
2019-08-20,189.6699981689453,189.6699981689453,188.0,188.32000732421875,194600.0
2019-08-21,188.92999267578125,189.22999572753906,188.0500030517578,188.35000610351562,211300.0
2019-08-22,188.85000610351562,190.14999389648438,186.5,188.22999572753906,175900.0
2019-08-23,187.74000549316406,189.4600067138672,184.0399932861328,184.9199981689453,190400.0
2019-08-26,186.13999938964844,187.66000366210938,184.22000122070312,187.5,249900.0
2019-08-27,188.1199951171875,189.1199951171875,185.69000244140625,186.44000244140625,276000.0
2019-08-28,185.64999389648438,186.14999389648438,179.4600067138672,181.82000732421875,258400.0
2019-08-29,182.3699951171875,182.5500030517578,177.82000732421875,181.19000244140625,347000.0
2019-08-30,181.44000244140625,181.60000610351562,176.77999877929688,180.5500030517578,581500.0
2019-09-03,183.17999267578125,188.11000061035156,183.17999267578125,186.27000427246094,361700.0
2019-09-04,186.3000030517578,191.07000732421875,185.4199981689453,190.8000030517578,282500.0
2019-09-05,192.14999389648438,193.33999633789062,187.6199951171875,188.10000610351562,324200.0
2019-09-06,187.7899932861328,190.69000244140625,187.35000610351562,188.4199981689453,274900.0
2019-09-09,189.1699981689453,190.0,187.6300048828125,189.63999938964844,275400.0
2019-09-10,190.1199951171875,190.1199951171875,185.3800048828125,188.5800018310547,363600.0
2019-09-11,188.27999877929688,189.7899932861328,186.8800048828125,189.72000122070312,200100.0
2019-09-12,189.47000122070312,189.80999755859375,186.10000610351562,187.3000030517578,204600.0
2019-09-13,187.72999572753906,187.97999572753906,185.8300018310547,186.4600067138672,190200.0
2019-09-16,185.85000610351562,186.2100067138672,183.60000610351562,185.47999572753906,203700.0
2019-09-17,185.2100067138672,190.55999755859375,185.00999450683594,189.97999572753906,257400.0
2019-09-18,189.5800018310547,190.41000366210938,188.13999938964844,189.91000366210938,173400.0
2019-09-19,189.5800018310547,191.0,189.22000122070312,189.8699951171875,147400.0
2019-09-20,189.99000549316406,191.36000061035156,188.47000122070312,190.47999572753906,549800.0
2019-09-23,189.67999267578125,192.63999938964844,189.6699981689453,192.11000061035156,236100.0
2019-09-24,192.3300018310547,194.25999450683594,191.08999633789062,192.25999450683594,370900.0
2019-09-25,192.07000732421875,192.25,190.02999877929688,191.72999572753906,215300.0
2019-09-26,191.94000244140625,194.25999450683594,191.1999969482422,193.5800018310547,147600.0
2019-09-27,194.82000732421875,195.1199951171875,190.52999877929688,191.44000244140625,213400.0
2019-09-30,191.5,194.33999633789062,190.77000427246094,193.4499969482422,225500.0
2019-10-01,193.88999938964844,195.10000610351562,191.85000610351562,191.9199981689453,240800.0
2019-10-02,191.9199981689453,192.00999450683594,186.27999877929688,187.97000122070312,304500.0
2019-10-03,187.47000122070312,189.47000122070312,186.82000732421875,189.19000244140625,175000.0
2019-10-04,189.30999755859375,194.47000122070312,189.30999755859375,194.17999267578125,230400.0
2019-10-07,194.1999969482422,195.17999267578125,192.16000366210938,193.05999755859375,327500.0
2019-10-08,192.02999877929688,192.8300018310547,187.6999969482422,187.83999633789062,203600.0
2019-10-09,188.86000061035156,191.89999389648438,188.39999389648438,189.69000244140625,132400.0
2019-10-10,189.66000366210938,191.4499969482422,188.64999389648438,189.30999755859375,147000.0
2019-10-11,190.30999755859375,191.85000610351562,189.13999938964844,190.83999633789062,125400.0
2019-10-14,190.47999572753906,191.80999755859375,189.4199981689453,191.60000610351562,124000.0
2019-10-15,191.8000030517578,193.8800048828125,190.80999755859375,191.16000366210938,184900.0
2019-10-16,188.5,190.72000122070312,187.42999267578125,190.27000427246094,190000.0
2019-10-17,190.77000427246094,192.02999877929688,189.9499969482422,189.97000122070312,231600.0
2019-10-18,189.97000122070312,190.5399932861328,189.0,189.30999755859375,191700.0
2019-10-21,191.3300018310547,194.42999267578125,189.2899932861328,189.69000244140625,185800.0
2019-10-22,189.38999938964844,189.83999633789062,186.22000122070312,186.27999877929688,200900.0
2019-10-23,186.2100067138672,187.94000244140625,185.55999755859375,186.5500030517578,161400.0
2019-10-24,186.69000244140625,186.69000244140625,184.19000244140625,185.4600067138672,130400.0
2019-10-25,185.13999938964844,185.97999572753906,182.80999755859375,183.72000122070312,152200.0
2019-10-28,184.1199951171875,185.2899932861328,181.99000549316406,182.77999877929688,243200.0
2019-10-29,182.60000610351562,188.61000061035156,182.60000610351562,186.77000427246094,293700.0
2019-10-30,187.32000732421875,187.67999267578125,180.05999755859375,185.4199981689453,316800.0
2019-10-31,184.5,187.97999572753906,183.4600067138672,187.17999267578125,280200.0
2019-11-01,188.30999755859375,188.8000030517578,184.4600067138672,186.7899932861328,256300.0
2019-11-04,187.0,189.30999755859375,185.6300048828125,186.0500030517578,226900.0
2019-11-05,186.0,187.77999877929688,182.7899932861328,183.94000244140625,200400.0
2019-11-06,183.3000030517578,186.47000122070312,183.3000030517578,186.22000122070312,179400.0
2019-11-07,186.02999877929688,186.6199951171875,183.72000122070312,184.36000061035156,219300.0
2019-11-08,184.2899932861328,185.86000061035156,183.64999389648438,184.58999633789062,133300.0
2019-11-11,183.64999389648438,186.42999267578125,183.32000732421875,185.27000427246094,145900.0
2019-11-12,183.52000427246094,185.4600067138672,183.3000030517578,184.57000732421875,166100.0
2019-11-13,183.5500030517578,186.64999389648438,183.27999877929688,185.2100067138672,142900.0
2019-11-14,185.3800048828125,185.5800018310547,183.57000732421875,184.8800048828125,153100.0
2019-11-15,184.75,185.05999755859375,183.1999969482422,183.55999755859375,253000.0
2019-11-18,183.4600067138672,185.1300048828125,182.74000549316406,184.67999267578125,202400.0
2019-11-19,184.60000610351562,187.1300048828125,183.89999389648438,186.8000030517578,242500.0
2019-11-20,186.22999572753906,189.7100067138672,186.22999572753906,188.5,294400.0
2019-11-21,188.6300048828125,188.6300048828125,184.4199981689453,184.49000549316406,208000.0
2019-11-22,184.42999267578125,185.85000610351562,182.9199981689453,185.47999572753906,191100.0
2019-11-25,183.1699981689453,187.22000122070312,183.1699981689453,184.27999877929688,244500.0
2019-11-26,184.49000549316406,189.0500030517578,184.49000549316406,189.0399932861328,418300.0
2019-11-27,188.82000732421875,191.75,187.9600067138672,191.1999969482422,263900.0
2019-11-29,191.16000366210938,192.3300018310547,188.3300018310547,188.3300018310547,112900.0
2019-12-02,188.6999969482422,188.6999969482422,186.3699951171875,187.42999267578125,207000.0
2019-12-03,186.92999267578125,187.22000122070312,184.25999450683594,185.72000122070312,183300.0
2019-12-04,185.0800018310547,189.36000061035156,184.83999633789062,188.17999267578125,278700.0
2019-12-05,188.25,189.60000610351562,187.25999450683594,187.94000244140625,188400.0
2019-12-06,188.63999938964844,189.9499969482422,187.2899932861328,188.72000122070312,195500.0
2019-12-09,188.72000122070312,192.89999389648438,187.77000427246094,192.58999633789062,186700.0
2019-12-10,192.24000549316406,192.44000244140625,190.83999633789062,191.27000427246094,129200.0
2019-12-11,190.47000122070312,192.9499969482422,190.3000030517578,192.7899932861328,247300.0
2019-12-12,192.3800048828125,196.22999572753906,192.02000427246094,196.11000061035156,268700.0
2019-12-13,195.3300018310547,195.97999572753906,193.86000061035156,194.8000030517578,146200.0
2019-12-16,196.75,199.3300018310547,195.52999877929688,197.69000244140625,307600.0
2019-12-17,198.0500030517578,201.36000061035156,197.75999450683594,200.82000732421875,314400.0
2019-12-18,201.22999572753906,201.22999572753906,197.47999572753906,197.97999572753906,237500.0
2019-12-19,198.22999572753906,198.33999633789062,196.44000244140625,197.7899932861328,208700.0
2019-12-20,199.0,201.02000427246094,198.69000244140625,198.80999755859375,922600.0
2019-12-23,199.14999389648438,199.14999389648438,193.38999938964844,193.5800018310547,172900.0
2019-12-24,193.44000244140625,194.0,192.25999450683594,193.1999969482422,73800.0
2019-12-26,193.52999877929688,194.49000549316406,192.58999633789062,193.63999938964844,98300.0
2019-12-27,193.8300018310547,195.8800048828125,193.32000732421875,195.64999389648438,112600.0
2019-12-30,195.7100067138672,196.86000061035156,194.91000366210938,196.55999755859375,114400.0
2019-12-31,196.75999450683594,197.72999572753906,195.77000427246094,196.02000427246094,233400.0
2020-01-02,196.9600067138672,197.07000732421875,193.75,195.19000244140625,297200.0
2020-01-03,193.72999572753906,196.16000366210938,193.3300018310547,195.25,214500.0
2020-01-06,194.3699951171875,194.72999572753906,191.44000244140625,192.00999450683594,289700.0
2020-01-07,186.8000030517578,189.1300048828125,186.38999938964844,187.91000366210938,1203900.0
2020-01-08,188.3699951171875,190.3300018310547,188.1999969482422,189.8300018310547,683200.0
2020-01-09,190.35000610351562,191.69000244140625,189.22999572753906,191.58999633789062,524600.0
2020-01-10,191.72000122070312,192.11000061035156,187.91000366210938,189.11000061035156,283800.0
2020-01-13,189.25,191.2100067138672,188.7100067138672,190.24000549316406,201900.0
2020-01-14,189.82000732421875,190.4499969482422,187.91000366210938,188.8000030517578,250900.0
2020-01-15,188.88999938964844,191.60000610351562,188.30999755859375,191.1199951171875,273400.0
2020-01-16,192.0,194.5800018310547,190.67999267578125,193.02999877929688,295400.0
2020-01-17,193.02999877929688,194.07000732421875,192.07000732421875,193.22000122070312,194800.0
2020-01-21,192.80999755859375,193.88999938964844,191.22999572753906,192.33999633789062,286500.0
2020-01-22,192.72000122070312,193.50999450683594,191.3000030517578,192.27000427246094,216100.0
2020-01-23,191.3000030517578,193.0800018310547,190.0,192.5,287600.0
2020-01-24,192.75999450683594,193.41000366210938,189.27999877929688,190.08999633789062,236400.0
2020-01-27,187.9499969482422,190.61000061035156,187.41000366210938,188.1999969482422,272000.0
2020-01-28,188.6999969482422,191.30999755859375,188.6999969482422,189.94000244140625,258700.0
2020-01-29,190.02000427246094,190.94000244140625,188.61000061035156,188.72000122070312,158400.0
2020-01-30,187.9199981689453,193.22000122070312,187.47999572753906,193.02999877929688,204700.0
2020-01-31,192.1199951171875,193.49000549316406,189.0800018310547,189.44000244140625,302300.0
2020-02-03,189.80999755859375,193.86000061035156,187.8699951171875,191.5800018310547,377300.0
2020-02-04,193.36000061035156,195.60000610351562,192.8300018310547,193.80999755859375,251800.0
2020-02-05,189.8699951171875,198.9600067138672,189.0800018310547,194.0500030517578,491400.0
2020-02-06,195.08999633789062,198.36000061035156,194.80999755859375,196.33999633789062,386400.0
2020-02-07,196.02000427246094,200.10000610351562,196.02000427246094,197.72000122070312,234700.0
2020-02-10,197.99000549316406,199.92999267578125,196.10000610351562,199.4199981689453,247400.0
2020-02-11,200.0,202.44000244140625,197.89999389648438,202.17999267578125,275500.0
2020-02-12,202.67999267578125,202.67999267578125,198.07000732421875,198.67999267578125,294700.0
2020-02-13,198.41000366210938,201.30999755859375,198.11000061035156,200.85000610351562,159900.0
2020-02-14,200.92999267578125,200.92999267578125,197.92999267578125,198.17999267578125,243600.0
2020-02-18,197.86000061035156,198.77000427246094,196.27999877929688,198.5,179400.0
2020-02-19,199.07000732421875,199.6199951171875,196.69000244140625,198.75999450683594,239900.0
2020-02-20,198.47000122070312,198.47000122070312,194.88999938964844,196.77000427246094,208300.0
2020-02-21,196.33999633789062,198.77999877929688,196.14999389648438,198.2899932861328,251200.0
2020-02-24,194.83999633789062,196.9499969482422,192.0500030517578,192.63999938964844,333900.0
2020-02-25,192.74000549316406,192.88999938964844,188.0,188.1999969482422,239300.0
2020-02-26,189.50999450683594,191.9600067138672,187.25,188.39999389648438,242800.0
2020-02-27,186.41000366210938,187.75,179.2899932861328,179.35000610351562,252600.0
2020-02-28,175.0800018310547,175.85000610351562,168.72999572753906,170.39999389648438,609900.0
2020-03-02,170.83999633789062,182.02000427246094,170.83999633789062,181.6699981689453,499900.0
2020-03-03,181.08999633789062,183.72999572753906,175.66000366210938,176.35000610351562,335800.0
2020-03-04,178.8300018310547,184.0500030517578,177.0500030517578,183.72000122070312,264000.0
2020-03-05,179.17999267578125,179.72000122070312,174.6199951171875,175.75999450683594,426200.0
2020-03-06,169.91000366210938,175.50999450683594,167.4499969482422,175.36000061035156,415100.0
2020-03-09,165.0,166.0800018310547,157.8300018310547,162.1300048828125,432900.0
2020-03-10,167.02000427246094,168.3000030517578,157.52999877929688,164.35000610351562,458800.0
2020-03-11,159.4199981689453,161.60000610351562,154.82000732421875,155.9600067138672,377500.0
2020-03-12,145.5,153.4199981689453,142.22999572753906,144.69000244140625,705600.0
2020-03-13,152.14999389648438,155.39999389648438,143.58999633789062,155.0800018310547,623200.0
2020-03-16,142.3300018310547,144.5800018310547,136.11000061035156,136.6300048828125,423900.0
2020-03-17,139.86000061035156,144.6199951171875,134.6199951171875,143.6699981689453,477500.0
2020-03-18,135.33999633789062,137.10000610351562,113.94999694824219,119.70999908447266,676600.0
2020-03-19,118.44000244140625,130.05999755859375,113.2699966430664,125.11000061035156,674200.0
2020-03-20,124.94999694824219,135.17999267578125,120.73999786376953,129.3000030517578,613700.0
2020-03-23,129.4499969482422,134.3800048828125,120.19000244140625,131.97000122070312,832300.0
2020-03-24,137.74000549316406,142.49000549316406,134.1199951171875,136.89999389648438,542100.0
2020-03-25,137.3699951171875,141.74000549316406,129.3000030517578,135.8800048828125,597300.0
2020-03-26,137.5,148.92999267578125,135.85000610351562,148.92999267578125,605800.0
2020-03-27,143.7100067138672,155.75,140.47000122070312,149.2100067138672,801900.0
2020-03-30,149.64999389648438,152.55999755859375,144.49000549316406,152.11000061035156,464400.0
2020-03-31,150.50999450683594,152.1300048828125,146.3300018310547,149.32000732421875,636700.0
2020-04-01,144.0800018310547,149.17999267578125,142.5500030517578,146.5,603100.0
2020-04-02,145.36000061035156,151.97000122070312,145.36000061035156,146.97999572753906,507800.0
2020-04-03,146.14999389648438,147.1699981689453,139.88999938964844,141.58999633789062,450300.0
2020-04-06,148.47999572753906,153.07000732421875,145.7899932861328,150.80999755859375,374600.0
2020-04-07,155.55999755859375,162.3800048828125,154.0399932861328,154.85000610351562,508700.0
2020-04-08,155.8800048828125,160.44000244140625,151.52000427246094,158.99000549316406,314000.0
2020-04-09,161.3699951171875,167.1999969482422,160.00999450683594,164.74000549316406,288800.0
2020-04-13,163.85000610351562,164.85000610351562,159.7899932861328,161.25999450683594,258800.0
2020-04-14,164.50999450683594,166.9600067138672,160.77999877929688,164.02999877929688,373300.0
2020-04-15,160.1999969482422,161.77000427246094,158.1300048828125,159.10000610351562,379400.0
2020-04-16,158.72999572753906,159.36000061035156,154.4499969482422,156.57000732421875,326300.0
2020-04-17,161.2899932861328,161.2899932861328,155.25999450683594,157.2899932861328,342800.0
2020-04-20,155.17999267578125,155.9600067138672,151.85000610351562,153.4600067138672,253100.0
2020-04-21,150.52000427246094,152.02000427246094,147.61000061035156,148.33999633789062,390900.0
2020-04-22,151.5399932861328,151.77000427246094,146.49000549316406,148.49000549316406,317700.0
2020-04-23,150.17999267578125,150.17999267578125,144.36000061035156,144.38999938964844,388700.0
2020-04-24,146.61000061035156,146.61000061035156,139.75,141.1300048828125,498900.0
2020-04-27,142.1999969482422,149.72000122070312,142.1999969482422,148.64999389648438,309900.0
2020-04-28,152.47999572753906,154.27000427246094,148.6199951171875,149.1300048828125,349600.0
2020-04-29,152.69000244140625,153.8699951171875,150.41000366210938,151.6999969482422,173200.0
2020-04-30,149.97000122070312,149.97000122070312,146.00999450683594,146.00999450683594,308000.0
2020-05-01,142.55999755859375,144.5,140.16000366210938,140.9199981689453,214000.0
2020-05-04,140.02999877929688,142.5399932861328,137.89999389648438,141.97000122070312,266200.0
2020-05-05,142.1999969482422,146.6300048828125,142.00999450683594,144.49000549316406,313100.0
2020-05-06,145.08999633789062,145.99000549316406,140.74000549316406,141.3699951171875,223300.0
2020-05-07,142.0,154.17999267578125,141.9499969482422,149.63999938964844,671800.0
2020-05-08,151.10000610351562,160.5399932861328,151.10000610351562,160.3699951171875,528900.0
2020-05-11,159.2899932861328,162.9499969482422,156.24000549316406,161.1300048828125,685100.0
2020-05-12,161.8699951171875,162.9199981689453,160.08999633789062,160.9499969482422,642800.0
2020-05-13,159.10000610351562,161.49000549316406,155.05999755859375,156.3000030517578,502400.0
2020-05-14,154.02999877929688,157.99000549316406,152.5399932861328,154.4600067138672,398700.0
2020-05-15,153.1999969482422,160.30999755859375,150.63999938964844,159.6199951171875,470300.0
2020-05-18,165.0,166.39999389648438,162.57000732421875,164.89999389648438,313400.0
2020-05-19,164.27000427246094,167.36000061035156,163.2899932861328,163.39999389648438,281400.0
2020-05-20,165.88999938964844,173.00999450683594,164.3000030517578,172.25999450683594,450400.0
2020-05-21,171.94000244140625,173.0500030517578,170.22999572753906,171.14999389648438,408600.0
2020-05-22,170.83999633789062,171.6300048828125,167.55999755859375,170.97000122070312,312100.0
2020-05-26,175.99000549316406,176.80999755859375,168.05999755859375,168.86000061035156,408000.0
2020-05-27,173.00999450683594,173.58999633789062,168.25999450683594,168.88999938964844,435600.0
2020-05-28,171.02999877929688,171.3800048828125,168.32000732421875,169.07000732421875,357500.0
2020-05-29,168.49000549316406,170.33999633789062,164.89999389648438,167.86000061035156,636400.0
2020-06-01,169.4199981689453,169.74000549316406,164.72000122070312,164.91000366210938,370700.0
2020-06-02,164.6300048828125,174.77000427246094,162.17999267578125,173.52999877929688,733800.0
2020-06-03,175.00999450683594,188.10000610351562,174.75,186.63999938964844,3532100.0
2020-06-04,188.27000427246094,195.8300018310547,186.24000549316406,195.47999572753906,2466500.0
2020-06-05,200.74000549316406,201.2899932861328,190.02999877929688,190.30999755859375,1566000.0
2020-06-08,191.57000732421875,191.85000610351562,185.22000122070312,189.11000061035156,742500.0
2020-06-09,186.9600067138672,192.5,186.32000732421875,189.13999938964844,602200.0
2020-06-10,188.9499969482422,190.64999389648438,185.9199981689453,189.3300018310547,860000.0
2020-06-11,183.6999969482422,187.6699981689453,178.36000061035156,179.77999877929688,888500.0
2020-06-12,183.42999267578125,184.10000610351562,177.42999267578125,183.4600067138672,611800.0
2020-06-15,178.44000244140625,185.75999450683594,177.89999389648438,185.24000549316406,523300.0
2020-06-16,191.69000244140625,191.69000244140625,183.66000366210938,184.58999633789062,391000.0
2020-06-17,184.66000366210938,185.55999755859375,181.24000549316406,181.3300018310547,308700.0
2020-06-18,180.3000030517578,181.7100067138672,178.92999267578125,179.0,523100.0
2020-06-19,181.4199981689453,183.3699951171875,178.3699951171875,178.4499969482422,462600.0
2020-06-22,176.55999755859375,178.74000549316406,174.67999267578125,176.8800048828125,346900.0
2020-06-23,178.80999755859375,179.4199981689453,175.44000244140625,176.55999755859375,223600.0
2020-06-24,174.80999755859375,174.80999755859375,170.8000030517578,172.22000122070312,388200.0
2020-06-25,171.57000732421875,175.47000122070312,169.82000732421875,175.3699951171875,273500.0
2020-06-26,173.0500030517578,174.7899932861328,167.22000122070312,167.5,587600.0
2020-06-29,168.75999450683594,171.36000061035156,166.35000610351562,167.72999572753906,545400.0
2020-06-30,167.38999938964844,171.75999450683594,166.32000732421875,171.02999877929688,547600.0
2020-07-01,171.5399932861328,176.6699981689453,170.0,175.1199951171875,508700.0
2020-07-02,178.3000030517578,178.3000030517578,171.36000061035156,171.97999572753906,519400.0
2020-07-06,175.30999755859375,175.36000061035156,172.4600067138672,173.5800018310547,291600.0
2020-07-07,172.7100067138672,172.97000122070312,168.60000610351562,169.10000610351562,329000.0
2020-07-08,168.94000244140625,171.02999877929688,167.42999267578125,169.6300048828125,299800.0
2020-07-09,169.6300048828125,170.19000244140625,164.8300018310547,166.92999267578125,290200.0
2020-07-10,166.3800048828125,174.69000244140625,165.47000122070312,174.2899932861328,427900.0
2020-07-13,174.91000366210938,176.08999633789062,171.58999633789062,173.24000549316406,423100.0
2020-07-14,173.02999877929688,177.6199951171875,172.77000427246094,177.6199951171875,360600.0
2020-07-15,181.8000030517578,183.49000549316406,178.6699981689453,182.17999267578125,588600.0
2020-07-16,181.27000427246094,184.8800048828125,180.75999450683594,183.6999969482422,316300.0
2020-07-17,183.99000549316406,184.0,181.1999969482422,182.44000244140625,218700.0
2020-07-20,181.4199981689453,183.0500030517578,179.1999969482422,180.3300018310547,222500.0
2020-07-21,180.3300018310547,182.47000122070312,179.6199951171875,180.33999633789062,212900.0
2020-07-22,179.5800018310547,182.39999389648438,178.9600067138672,182.25999450683594,227200.0
2020-07-23,181.2899932861328,182.83999633789062,179.22000122070312,180.39999389648438,244400.0
2020-07-24,180.97000122070312,180.97000122070312,178.67999267578125,180.13999938964844,162500.0
2020-07-27,180.1699981689453,180.1699981689453,176.32000732421875,177.19000244140625,295900.0
2020-07-28,176.99000549316406,179.47000122070312,174.9499969482422,177.2100067138672,364700.0
2020-07-29,178.8699951171875,183.74000549316406,178.8699951171875,181.22999572753906,475800.0
2020-07-30,177.80999755859375,180.2899932861328,176.17999267578125,178.8800048828125,292600.0
2020-07-31,179.11000061035156,180.5500030517578,176.82000732421875,180.3800048828125,423300.0
2020-08-03,181.60000610351562,185.3800048828125,180.0500030517578,182.89999389648438,292700.0
2020-08-04,183.08999633789062,183.3000030517578,179.27999877929688,180.67999267578125,299200.0
2020-08-05,183.11000061035156,183.47999572753906,180.33999633789062,182.58999633789062,201800.0
2020-08-06,183.0800018310547,184.75,181.69000244140625,184.52999877929688,344500.0
2020-08-07,184.97999572753906,189.8800048828125,183.86000061035156,189.8000030517578,255500.0
2020-08-10,190.0,191.02999877929688,187.50999450683594,187.83999633789062,355700.0
2020-08-11,190.5399932861328,191.24000549316406,184.13999938964844,184.6199951171875,419400.0
2020-08-12,187.08999633789062,187.85000610351562,182.67999267578125,182.9600067138672,374300.0
2020-08-13,181.6199951171875,183.47000122070312,179.86000061035156,180.42999267578125,269100.0
2020-08-14,179.2100067138672,181.8699951171875,178.1999969482422,179.02000427246094,174800.0
2020-08-17,178.60000610351562,180.9600067138672,175.66000366210938,177.6999969482422,257300.0
2020-08-18,177.74000549316406,179.5800018310547,177.52999877929688,178.49000549316406,214000.0
2020-08-19,178.52000427246094,178.52000427246094,174.72999572753906,174.80999755859375,237400.0
2020-08-20,172.6199951171875,174.58999633789062,172.61000061035156,174.0,145000.0
2020-08-21,173.8000030517578,175.3000030517578,172.27000427246094,172.61000061035156,259700.0
2020-08-24,172.82000732421875,177.72000122070312,172.6699981689453,177.6199951171875,188200.0
2020-08-25,178.82000732421875,180.33999633789062,178.3300018310547,179.47000122070312,250700.0
2020-08-26,179.2100067138672,182.1300048828125,177.1300048828125,180.75,298700.0
2020-08-27,181.3300018310547,186.6999969482422,180.4600067138672,185.64999389648438,272500.0
2020-08-28,186.77000427246094,186.97000122070312,182.3800048828125,183.5800018310547,184300.0
2020-08-31,182.99000549316406,184.1199951171875,181.86000061035156,183.74000549316406,325000.0
2020-09-01,182.25999450683594,185.10000610351562,182.25999450683594,183.97000122070312,254100.0
2020-09-02,183.32000732421875,185.10000610351562,182.5,183.64999389648438,343500.0
2020-09-03,184.3300018310547,187.47999572753906,179.2899932861328,180.92999267578125,204500.0
2020-09-04,183.69000244140625,183.69000244140625,177.75999450683594,179.77999877929688,203600.0
2020-09-08,178.4600067138672,179.08999633789062,174.6300048828125,175.97000122070312,292300.0
2020-09-09,177.72000122070312,180.83999633789062,176.91000366210938,179.0500030517578,178100.0
2020-09-10,179.49000549316406,179.94000244140625,175.24000549316406,175.25,197400.0
2020-09-11,175.3800048828125,175.63999938964844,172.41000366210938,173.72999572753906,204600.0
2020-09-14,174.88999938964844,176.77999877929688,174.0800018310547,174.32000732421875,182200.0
2020-09-15,174.17999267578125,176.1199951171875,170.5399932861328,170.69000244140625,246600.0
2020-09-16,170.80999755859375,174.30999755859375,169.49000549316406,169.6999969482422,268100.0
2020-09-17,167.67999267578125,169.3300018310547,166.07000732421875,167.41000366210938,274200.0
2020-09-18,167.27999877929688,168.50999450683594,164.57000732421875,166.35000610351562,613800.0
2020-09-21,163.0399932861328,165.36000061035156,161.16000366210938,164.92999267578125,322300.0
2020-09-22,165.5,169.57000732421875,165.1199951171875,167.3800048828125,264400.0
2020-09-23,166.75,168.58999633789062,164.6999969482422,164.72999572753906,212800.0
2020-09-24,165.52999877929688,167.64999389648438,163.08999633789062,165.60000610351562,195700.0
2020-09-25,164.08999633789062,166.80999755859375,163.69000244140625,166.27000427246094,205100.0
2020-09-28,167.5800018310547,170.88999938964844,166.8300018310547,170.0399932861328,274200.0
2020-09-29,170.47000122070312,170.97000122070312,167.22999572753906,168.5,167100.0
2020-09-30,169.32000732421875,170.61000061035156,167.4600067138672,169.74000549316406,358700.0
2020-10-01,169.92999267578125,173.60000610351562,168.8300018310547,170.1300048828125,242600.0
2020-10-02,168.47999572753906,171.4600067138672,168.13999938964844,170.36000061035156,132800.0
2020-10-05,171.7899932861328,174.74000549316406,170.67999267578125,174.13999938964844,173700.0
2020-10-06,175.50999450683594,175.50999450683594,169.39999389648438,170.17999267578125,214300.0
2020-10-07,171.38999938964844,171.38999938964844,166.4199981689453,169.74000549316406,298600.0
2020-10-08,170.14999389648438,173.72000122070312,170.10000610351562,173.02999877929688,169100.0
2020-10-09,174.77000427246094,175.3000030517578,172.4499969482422,173.19000244140625,195700.0
2020-10-12,174.2100067138672,178.1999969482422,173.0500030517578,177.44000244140625,191200.0
2020-10-13,176.10000610351562,177.55999755859375,173.89999389648438,175.6699981689453,221900.0
2020-10-14,174.47000122070312,177.91000366210938,174.32000732421875,174.64999389648438,388300.0
2020-10-15,173.0500030517578,174.42999267578125,172.11000061035156,172.85000610351562,159300.0
2020-10-16,173.57000732421875,174.1199951171875,171.61000061035156,172.19000244140625,110400.0
2020-10-19,172.91000366210938,174.1699981689453,169.30999755859375,169.89999389648438,129300.0
2020-10-20,170.97999572753906,173.91000366210938,170.41000366210938,172.5399932861328,186400.0
2020-10-21,172.24000549316406,177.75999450683594,171.97000122070312,176.77000427246094,210900.0
2020-10-22,176.89999389648438,179.55999755859375,175.9499969482422,178.44000244140625,233100.0
2020-10-23,178.88999938964844,180.6199951171875,176.2899932861328,178.22000122070312,173100.0
2020-10-26,176.50999450683594,177.10000610351562,174.0,174.89999389648438,158900.0
2020-10-27,174.6699981689453,174.6699981689453,171.61000061035156,172.1300048828125,203300.0
2020-10-28,170.0800018310547,173.16000366210938,163.8300018310547,164.0500030517578,429600.0
2020-10-29,162.92999267578125,169.2100067138672,160.77000427246094,166.55999755859375,376200.0
2020-10-30,166.41000366210938,168.61000061035156,160.27000427246094,161.72000122070312,313700.0
2020-11-02,163.2899932861328,165.5399932861328,162.08999633789062,163.39999389648438,331400.0
2020-11-03,166.1199951171875,170.69000244140625,165.33999633789062,165.5,293900.0
2020-11-04,164.94000244140625,169.14999389648438,164.1699981689453,164.99000549316406,237800.0
2020-11-05,166.94000244140625,169.3000030517578,164.50999450683594,166.7899932861328,295600.0
2020-11-06,167.74000549316406,169.7899932861328,165.99000549316406,166.66000366210938,152000.0
2020-11-09,177.80999755859375,178.75999450683594,168.97999572753906,170.36000061035156,409500.0
2020-11-10,170.85000610351562,180.75,169.88999938964844,180.25999450683594,364100.0
2020-11-11,180.58999633789062,181.05999755859375,176.6699981689453,177.80999755859375,218900.0
2020-11-12,176.8800048828125,176.8800048828125,171.9199981689453,173.5500030517578,341500.0
2020-11-13,175.10000610351562,179.5,175.10000610351562,178.2100067138672,268200.0
2020-11-16,180.99000549316406,185.0500030517578,179.60000610351562,184.86000061035156,282700.0
2020-11-17,182.35000610351562,184.2100067138672,181.72000122070312,182.88999938964844,258600.0
2020-11-18,182.89999389648438,185.02999877929688,179.75999450683594,180.0500030517578,181300.0
2020-11-19,179.52000427246094,179.72000122070312,175.89999389648438,176.3800048828125,259400.0
2020-11-20,176.22000122070312,176.85000610351562,171.77999877929688,173.1199951171875,269100.0
2020-11-23,173.64999389648438,175.5399932861328,171.8800048828125,172.9499969482422,215100.0
2020-11-24,175.11000061035156,177.42999267578125,173.61000061035156,174.9499969482422,303500.0
2020-11-25,175.11000061035156,175.11000061035156,170.9499969482422,171.44000244140625,415700.0
2020-11-27,170.97999572753906,171.9600067138672,169.05999755859375,171.38999938964844,299400.0
2020-11-30,170.58999633789062,171.33999633789062,164.5,164.63999938964844,520100.0
2020-12-01,166.94000244140625,171.0,166.41000366210938,168.07000732421875,479700.0
2020-12-02,167.00999450683594,169.13999938964844,165.74000549316406,169.0399932861328,279600.0
2020-12-03,169.0,170.30999755859375,165.25999450683594,165.74000549316406,348700.0
2020-12-04,166.91000366210938,167.60000610351562,162.44000244140625,164.16000366210938,541100.0
2020-12-07,164.19000244140625,165.3300018310547,162.60000610351562,163.35000610351562,286100.0
2020-12-08,162.8800048828125,165.35000610351562,162.82000732421875,163.52999877929688,246700.0
2020-12-09,163.5399932861328,164.97000122070312,159.22000122070312,164.07000732421875,572200.0
2020-12-10,163.97000122070312,165.39999389648438,162.92999267578125,164.25,356200.0
2020-12-11,162.77000427246094,167.7100067138672,162.77000427246094,167.1999969482422,383700.0
2020-12-14,168.6199951171875,168.6199951171875,164.7899932861328,165.47999572753906,446900.0
2020-12-15,166.3300018310547,167.35000610351562,163.50999450683594,166.77000427246094,300200.0
2020-12-16,167.97000122070312,168.74000549316406,165.7100067138672,165.80999755859375,265000.0
2020-12-17,165.85000610351562,167.6699981689453,165.0500030517578,167.5399932861328,352100.0
2020-12-18,168.33999633789062,170.0800018310547,164.33999633789062,165.8800048828125,853800.0
2020-12-21,164.88999938964844,165.83999633789062,160.42999267578125,161.75,295200.0
2020-12-22,161.25,161.75999450683594,159.38999938964844,160.44000244140625,255400.0
2020-12-23,161.91000366210938,163.61000061035156,160.58999633789062,160.77999877929688,255200.0
2020-12-24,160.77999877929688,161.50999450683594,160.14999389648438,161.35000610351562,233100.0
2020-12-28,161.72000122070312,163.36000061035156,161.47999572753906,162.5,244800.0
2020-12-29,163.49000549316406,163.58999633789062,161.1699981689453,162.44000244140625,300300.0
2020-12-30,162.8800048828125,164.5399932861328,162.61000061035156,164.27000427246094,263800.0
2020-12-31,164.3300018310547,166.25999450683594,163.7100067138672,165.82000732421875,194500.0
2021-01-04,166.47999572753906,166.72999572753906,160.60000610351562,161.75999450683594,333000.0
2021-01-05,162.2899932861328,162.9600067138672,158.19000244140625,158.33999633789062,273300.0
2021-01-06,160.14999389648438,169.2100067138672,159.7899932861328,167.92999267578125,622300.0
2021-01-07,168.66000366210938,169.10000610351562,165.0,166.10000610351562,378000.0
2021-01-08,169.5500030517578,169.5500030517578,164.25999450683594,166.2100067138672,231300.0
2021-01-11,164.94000244140625,167.5500030517578,164.4499969482422,167.2100067138672,213500.0
2021-01-12,167.16000366210938,169.9499969482422,167.08999633789062,168.10000610351562,193500.0
2021-01-13,167.67999267578125,169.25999450683594,165.00999450683594,167.02000427246094,234200.0
2021-01-14,167.4600067138672,167.4600067138672,163.63999938964844,164.5800018310547,256400.0
2021-01-15,162.92999267578125,163.49000549316406,159.41000366210938,159.74000549316406,393900.0
2021-01-19,160.0500030517578,160.38999938964844,157.39999389648438,159.25,399300.0
2021-01-20,159.42999267578125,162.05999755859375,158.5800018310547,162.02000427246094,285600.0
2021-01-21,162.2100067138672,165.27000427246094,158.6199951171875,158.69000244140625,248600.0
2021-01-22,157.02000427246094,157.8800048828125,154.8300018310547,155.0399932861328,224700.0
2021-01-25,154.1699981689453,156.72000122070312,152.91000366210938,154.77000427246094,251400.0
2021-01-26,156.1999969482422,156.6300048828125,152.8300018310547,154.57000732421875,447300.0
2021-01-27,152.6699981689453,158.22000122070312,146.4600067138672,151.13999938964844,750500.0
2021-01-28,151.94000244140625,152.5,146.25,147.92999267578125,745200.0
2021-01-29,146.64999389648438,150.5500030517578,144.02999877929688,150.44000244140625,889900.0
2021-02-01,150.89999389648438,153.52000427246094,149.57000732421875,152.9499969482422,752900.0
2021-02-02,153.55999755859375,157.4199981689453,152.63999938964844,155.64999389648438,462100.0
2021-02-03,154.77000427246094,157.22000122070312,154.19000244140625,155.2899932861328,395000.0
2021-02-04,155.41000366210938,159.8800048828125,155.41000366210938,158.2100067138672,514000.0
2021-02-05,158.5,160.7899932861328,158.02000427246094,159.35000610351562,421400.0
2021-02-08,159.82000732421875,162.25,159.4600067138672,161.1300048828125,561000.0
2021-02-09,161.1699981689453,162.58999633789062,158.8699951171875,159.44000244140625,398500.0
2021-02-10,160.24000549316406,162.67999267578125,158.36000061035156,158.82000732421875,361600.0
2021-02-11,158.86000061035156,162.80999755859375,158.86000061035156,162.5500030517578,327300.0
2021-02-12,162.1199951171875,163.41000366210938,158.60000610351562,159.22000122070312,339800.0
2021-02-16,159.75999450683594,160.8300018310547,157.1199951171875,157.1199951171875,346800.0
2021-02-17,157.07000732421875,161.75,157.07000732421875,160.58999633789062,338000.0
2021-02-18,160.00999450683594,161.4499969482422,159.16000366210938,159.1699981689453,387500.0
2021-02-19,159.75,160.13999938964844,156.4199981689453,158.5500030517578,685700.0
2021-02-22,157.94000244140625,160.0399932861328,157.25,158.94000244140625,303500.0
2021-02-23,159.30999755859375,162.72999572753906,158.52999877929688,162.3000030517578,420500.0
2021-02-24,162.91000366210938,167.02999877929688,161.8699951171875,164.9499969482422,430000.0
2021-02-25,164.99000549316406,166.0800018310547,164.16000366210938,164.75,331800.0
2021-02-26,164.75,168.0399932861328,163.7899932861328,166.97999572753906,758600.0
2021-03-01,167.2899932861328,168.97999572753906,162.00999450683594,162.61000061035156,331500.0
2021-03-02,162.11000061035156,163.32000732421875,159.8800048828125,162.24000549316406,251100.0
2021-03-03,163.2100067138672,163.97999572753906,161.4199981689453,162.14999389648438,309900.0
2021-03-04,162.4600067138672,163.36000061035156,159.75,160.2100067138672,309400.0
2021-03-05,161.6300048828125,164.52999877929688,159.10000610351562,164.3800048828125,392500.0
2021-03-08,164.6300048828125,168.75,164.25,165.88999938964844,199600.0
2021-03-09,165.5500030517578,165.5500030517578,160.94000244140625,161.42999267578125,309600.0
2021-03-10,161.47000122070312,163.58999633789062,160.14999389648438,163.14999389648438,433500.0
2021-03-11,162.72000122070312,162.72000122070312,160.10000610351562,162.3300018310547,292400.0
2021-03-12,162.89999389648438,165.97000122070312,162.02999877929688,165.86000061035156,430700.0
2021-03-15,165.91000366210938,169.41000366210938,165.91000366210938,169.2899932861328,228700.0
2021-03-16,168.4499969482422,171.5500030517578,167.16000366210938,171.0,374900.0
2021-03-17,171.97999572753906,171.99000549316406,166.82000732421875,169.3300018310547,278400.0
2021-03-18,170.1300048828125,171.85000610351562,167.5800018310547,169.38999938964844,220700.0
2021-03-19,170.08999633789062,170.08999633789062,160.9499969482422,162.5,899500.0
2021-03-22,161.77000427246094,162.57000732421875,159.41000366210938,160.49000549316406,236000.0
2021-03-23,160.64999389648438,164.02000427246094,159.33999633789062,162.17999267578125,286800.0
2021-03-24,163.17999267578125,165.10000610351562,162.3000030517578,162.97999572753906,214300.0
2021-03-25,163.0,163.6199951171875,161.3000030517578,163.0800018310547,265900.0
2021-03-26,163.77000427246094,164.9600067138672,162.5399932861328,164.50999450683594,192700.0
2021-03-29,163.91000366210938,167.0399932861328,163.32000732421875,165.89999389648438,197600.0
2021-03-30,166.13999938964844,166.4199981689453,164.3000030517578,164.64999389648438,220100.0
2021-03-31,164.25,165.24000549316406,160.2100067138672,160.25,297900.0
2021-04-01,160.00999450683594,165.52000427246094,160.00999450683594,165.0,387800.0
2021-04-05,165.58999633789062,167.22999572753906,165.16000366210938,166.0,700100.0
2021-04-06,165.7899932861328,167.75999450683594,165.17999267578125,166.5,876200.0
2021-04-07,166.32000732421875,169.05999755859375,166.32000732421875,168.0,637200.0
2021-04-08,166.8000030517578,169.75,166.72999572753906,168.80999755859375,337200.0
2021-04-09,169.22000122070312,170.39999389648438,167.52999877929688,169.02000427246094,367100.0
2021-04-12,168.47000122070312,171.50999450683594,168.38999938964844,170.47999572753906,385800.0
2021-04-13,170.0,171.50999450683594,169.2899932861328,170.24000549316406,252800.0
2021-04-14,170.72000122070312,172.0500030517578,169.9600067138672,171.3800048828125,223600.0
2021-04-15,171.27999877929688,173.60000610351562,170.6199951171875,173.5500030517578,435900.0
2021-04-16,174.61000061035156,175.1199951171875,169.74000549316406,169.85000610351562,371600.0
2021-04-19,170.19000244140625,171.30999755859375,168.97000122070312,171.08999633789062,463200.0
2021-04-20,170.9199981689453,171.82000732421875,168.30999755859375,169.74000549316406,522400.0
2021-04-21,170.0,172.39999389648438,169.41000366210938,172.33999633789062,326200.0
2021-04-22,171.3800048828125,172.75,170.6300048828125,171.19000244140625,375300.0
2021-04-23,170.61000061035156,172.8000030517578,169.7100067138672,172.1699981689453,224100.0
2021-04-26,173.1999969482422,173.9600067138672,171.0500030517578,171.0800018310547,283300.0
2021-04-27,170.50999450683594,172.97999572753906,170.50999450683594,172.58999633789062,338800.0
2021-04-28,173.22999572753906,173.22999572753906,170.16000366210938,170.25,378400.0
2021-04-29,170.13999938964844,170.16000366210938,164.42999267578125,166.05999755859375,794400.0
2021-04-30,165.27000427246094,169.2100067138672,164.6300048828125,168.80999755859375,676600.0
2021-05-03,169.85000610351562,170.13999938964844,167.0800018310547,167.1199951171875,473100.0
2021-05-04,167.0500030517578,168.91000366210938,166.5399932861328,168.16000366210938,427400.0
2021-05-05,167.74000549316406,167.74000549316406,163.6999969482422,165.97000122070312,711500.0
2021-05-06,166.22000122070312,166.63999938964844,162.7899932861328,163.58999633789062,752300.0
2021-05-07,162.5,166.00999450683594,162.3000030517578,164.8800048828125,969700.0
2021-05-10,165.88999938964844,166.77000427246094,162.41000366210938,162.55999755859375,709900.0
2021-05-11,161.91000366210938,162.47999572753906,157.74000549316406,158.1300048828125,605100.0
2021-05-12,158.1199951171875,159.22999572753906,154.75,154.8800048828125,733300.0
2021-05-13,154.27000427246094,157.3800048828125,154.25999450683594,156.63999938964844,582900.0
2021-05-14,157.0800018310547,160.8800048828125,156.1999969482422,160.6199951171875,814500.0
2021-05-17,160.07000732421875,160.07000732421875,154.8800048828125,155.49000549316406,496900.0
2021-05-18,154.27999877929688,158.1699981689453,152.66000366210938,156.0399932861328,632200.0
2021-05-19,155.30999755859375,159.85000610351562,155.0,159.4499969482422,614500.0
2021-05-20,159.30999755859375,159.74000549316406,157.17999267578125,157.5500030517578,441400.0
2021-05-21,157.47999572753906,157.89999389648438,153.9499969482422,154.6699981689453,579300.0
2021-05-24,155.0,155.0,152.72000122070312,154.1699981689453,466100.0
2021-05-25,153.77000427246094,154.0800018310547,151.69000244140625,152.30999755859375,685100.0
2021-05-26,151.8300018310547,154.66000366210938,151.24000549316406,153.5399932861328,705700.0
2021-05-27,153.82000732421875,156.80999755859375,152.5399932861328,154.14999389648438,2875200.0
2021-05-28,154.97999572753906,155.25999450683594,153.5800018310547,154.1199951171875,544600.0
2021-06-01,154.44000244140625,155.47999572753906,151.19000244140625,152.50999450683594,710300.0
2021-06-02,153.3000030517578,153.7100067138672,151.97000122070312,153.1199951171875,429500.0
2021-06-03,152.66000366210938,153.4499969482422,150.1199951171875,150.77000427246094,559100.0
2021-06-04,150.64999389648438,150.99000549316406,149.8000030517578,150.75,259100.0
2021-06-07,150.52999877929688,151.41000366210938,148.92999267578125,150.00999450683594,400700.0
2021-06-08,150.00999450683594,151.7100067138672,148.82000732421875,151.3800048828125,347600.0
2021-06-09,151.61000061035156,151.61000061035156,149.4600067138672,149.80999755859375,310500.0
2021-06-10,150.05999755859375,151.47999572753906,149.4199981689453,149.49000549316406,295400.0
2021-06-11,149.61000061035156,151.02999877929688,149.52999877929688,150.82000732421875,268300.0
2021-06-14,150.47999572753906,151.02999877929688,149.22000122070312,150.02999877929688,244100.0
2021-06-15,149.97999572753906,152.0800018310547,148.80999755859375,151.30999755859375,284400.0
2021-06-16,151.24000549316406,151.8300018310547,149.22999572753906,149.35000610351562,277500.0
2021-06-17,149.47999572753906,149.92999267578125,145.80999755859375,145.91000366210938,347800.0
2021-06-18,143.24000549316406,144.5,142.61000061035156,142.72999572753906,889800.0
2021-06-21,143.1199951171875,145.30999755859375,142.86000061035156,144.52000427246094,397000.0
2021-06-22,144.66000366210938,146.5399932861328,144.05999755859375,145.27999877929688,302500.0
2021-06-23,145.10000610351562,146.16000366210938,144.9199981689453,145.36000061035156,322100.0
2021-06-24,145.77000427246094,148.69000244140625,145.41000366210938,148.38999938964844,348200.0
2021-06-25,149.0,152.16000366210938,147.3800048828125,151.3800048828125,682400.0
2021-06-28,151.4199981689453,151.4199981689453,148.38999938964844,149.27000427246094,220600.0
2021-06-29,149.85000610351562,150.1699981689453,148.67999267578125,149.1300048828125,196300.0
2021-06-30,149.00999450683594,149.50999450683594,147.60000610351562,148.82000732421875,299900.0
2021-07-01,148.91000366210938,152.50999450683594,148.8699951171875,151.64999389648438,446800.0
2021-07-02,151.49000549316406,151.49000549316406,147.80999755859375,148.83999633789062,410600.0
2021-07-06,148.91000366210938,148.97000122070312,146.82000732421875,148.16000366210938,395300.0
2021-07-07,147.2899932861328,150.1300048828125,146.86000061035156,149.2899932861328,241000.0
2021-07-08,148.39999389648438,149.6999969482422,146.3800048828125,147.0800018310547,380200.0
2021-07-09,148.61000061035156,151.14999389648438,147.8699951171875,151.0399932861328,457500.0
2021-07-12,149.55999755859375,151.0500030517578,149.5,150.5800018310547,438800.0
2021-07-13,150.39999389648438,150.9199981689453,147.7899932861328,147.89999389648438,353300.0
2021-07-14,148.02000427246094,150.82000732421875,148.00999450683594,150.10000610351562,384600.0
2021-07-15,149.5,151.50999450683594,149.5,151.17999267578125,272000.0
2021-07-16,151.97000122070312,152.91000366210938,150.3300018310547,152.2100067138672,260100.0
2021-07-19,150.80999755859375,151.4199981689453,146.1300048828125,147.3800048828125,333100.0
2021-07-20,148.19000244140625,152.58999633789062,148.16000366210938,150.77999877929688,507100.0
2021-07-21,151.25999450683594,153.47000122070312,151.22999572753906,151.83999633789062,293500.0
2021-07-22,150.75999450683594,152.0800018310547,150.10000610351562,151.42999267578125,284900.0
2021-07-23,153.0,154.00999450683594,148.6999969482422,149.32000732421875,439200.0
2021-07-26,148.99000549316406,151.2100067138672,148.91000366210938,149.58999633789062,358100.0
2021-07-27,148.9600067138672,152.50999450683594,148.47000122070312,151.1699981689453,344500.0
2021-07-28,151.1699981689453,152.52000427246094,148.35000610351562,150.10000610351562,254300.0
2021-07-29,152.1999969482422,153.1199951171875,150.5,153.02999877929688,644100.0
2021-07-30,152.30999755859375,154.5800018310547,152.1699981689453,152.69000244140625,474700.0
2021-08-02,152.69000244140625,154.61000061035156,151.52999877929688,152.08999633789062,282800.0
2021-08-03,152.64999389648438,152.8300018310547,150.11000061035156,150.8800048828125,365100.0
2021-08-04,150.17999267578125,152.74000549316406,149.47999572753906,152.52000427246094,288400.0
2021-08-05,153.42999267578125,154.3699951171875,151.80999755859375,153.30999755859375,263800.0
2021-08-06,154.52999877929688,156.3699951171875,153.33999633789062,155.4199981689453,276200.0
2021-08-09,155.17999267578125,156.00999450683594,154.25999450683594,155.92999267578125,223500.0
2021-08-10,155.47000122070312,157.35000610351562,155.47000122070312,156.86000061035156,325100.0
2021-08-11,157.16000366210938,158.32000732421875,156.55999755859375,158.25,155200.0
2021-08-12,159.0,160.08999633789062,158.25999450683594,159.8699951171875,237600.0
2021-08-13,160.47999572753906,161.74000549316406,159.27999877929688,160.66000366210938,218600.0
2021-08-16,160.49000549316406,161.83999633789062,159.61000061035156,161.35000610351562,266200.0
2021-08-17,160.4600067138672,164.13999938964844,160.3800048828125,163.30999755859375,252000.0
2021-08-18,163.0500030517578,164.52999877929688,162.32000732421875,162.94000244140625,276600.0
2021-08-19,162.3699951171875,164.33999633789062,162.00999450683594,163.72000122070312,176900.0
2021-08-20,163.57000732421875,163.57000732421875,161.88999938964844,162.58999633789062,324900.0
2021-08-23,162.6199951171875,164.11000061035156,162.22999572753906,162.75999450683594,232800.0
2021-08-24,162.75999450683594,163.72999572753906,161.39999389648438,161.5399932861328,184100.0
2021-08-25,161.72999572753906,162.7899932861328,160.97000122070312,161.80999755859375,164400.0
2021-08-26,161.7899932861328,161.7899932861328,157.27000427246094,157.39999389648438,357900.0
2021-08-27,157.8000030517578,159.49000549316406,156.89999389648438,158.8699951171875,270400.0
2021-08-30,158.13999938964844,158.13999938964844,155.55999755859375,155.72999572753906,244100.0
2021-08-31,155.2899932861328,158.63999938964844,154.75,156.72999572753906,329900.0
2021-09-01,156.6699981689453,157.08999633789062,155.27000427246094,155.63999938964844,210800.0
2021-09-02,155.4499969482422,155.85000610351562,153.0800018310547,154.5500030517578,202300.0
2021-09-03,153.99000549316406,154.32000732421875,150.61000061035156,152.47000122070312,310200.0
2021-09-07,152.17999267578125,152.17999267578125,149.13999938964844,150.41000366210938,392500.0
2021-09-08,150.02000427246094,154.19000244140625,150.02000427246094,153.75999450683594,312300.0
2021-09-09,153.8300018310547,154.92999267578125,150.2899932861328,150.4499969482422,337000.0
2021-09-10,150.52000427246094,151.47000122070312,147.02000427246094,147.13999938964844,405900.0
2021-09-13,148.05999755859375,148.27000427246094,145.74000549316406,146.5399932861328,354400.0
2021-09-14,146.17999267578125,146.5399932861328,142.58999633789062,144.44000244140625,370300.0
2021-09-15,144.0,144.25999450683594,142.52000427246094,143.07000732421875,441900.0
2021-09-16,143.75,145.49000549316406,142.7899932861328,143.89999389648438,575200.0
2021-09-17,144.0,144.74000549316406,142.63999938964844,144.0,1400900.0
2021-09-20,142.8300018310547,143.33999633789062,140.97999572753906,143.22000122070312,437000.0
2021-09-21,143.89999389648438,144.30999755859375,140.6300048828125,141.52000427246094,352300.0
2021-09-22,142.44000244140625,143.1300048828125,141.0800018310547,141.25999450683594,265500.0
2021-09-23,140.85000610351562,143.22999572753906,140.85000610351562,141.7100067138672,344300.0
2021-09-24,142.30999755859375,142.39999389648438,140.02000427246094,140.38999938964844,273300.0
2021-09-27,141.10000610351562,142.99000549316406,139.69000244140625,139.8000030517578,441300.0
2021-09-28,140.3699951171875,141.61000061035156,137.91000366210938,137.97999572753906,634500.0
2021-09-29,138.24000549316406,140.69000244140625,137.9199981689453,139.5800018310547,803600.0
2021-09-30,140.0399932861328,141.83999633789062,138.50999450683594,139.39999389648438,481800.0
2021-10-01,140.0500030517578,140.61000061035156,137.66000366210938,139.55999755859375,340800.0
2021-10-04,139.39999389648438,141.38999938964844,138.1199951171875,139.14999389648438,331400.0
2021-10-05,139.08999633789062,140.8699951171875,138.38999938964844,139.80999755859375,474600.0
2021-10-06,139.58999633789062,144.1699981689453,138.75,143.9600067138672,500700.0
2021-10-07,145.02000427246094,147.41000366210938,145.02000427246094,145.9600067138672,377900.0
2021-10-08,146.6300048828125,149.30999755859375,146.6300048828125,147.30999755859375,375900.0
2021-10-11,147.6999969482422,149.57000732421875,145.19000244140625,145.2899932861328,406300.0
2021-10-12,145.0500030517578,147.52999877929688,144.8699951171875,146.08999633789062,402300.0
2021-10-13,144.97000122070312,146.57000732421875,142.75,146.0,803100.0
2021-10-14,147.08999633789062,149.50999450683594,146.8699951171875,148.27999877929688,355800.0
2021-10-15,148.8800048828125,150.02999877929688,146.86000061035156,147.9199981689453,359800.0
2021-10-18,147.3300018310547,147.9199981689453,145.80999755859375,146.11000061035156,379800.0
2021-10-19,147.57000732421875,148.52999877929688,146.22000122070312,146.50999450683594,311300.0
2021-10-20,146.33999633789062,148.4199981689453,146.33999633789062,147.35000610351562,373100.0
2021-10-21,147.2100067138672,148.8699951171875,147.2100067138672,148.0,393500.0
2021-10-22,148.86000061035156,149.41000366210938,147.02000427246094,147.61000061035156,375300.0
2021-10-25,147.44000244140625,150.67999267578125,146.38999938964844,149.77999877929688,592200.0
2021-10-26,150.8000030517578,157.0500030517578,148.02000427246094,153.9199981689453,845200.0
2021-10-27,154.8000030517578,156.72999572753906,147.47999572753906,147.47999572753906,668200.0
2021-10-28,147.52999877929688,149.2899932861328,143.9199981689453,145.27000427246094,542300.0
2021-10-29,145.74000549316406,146.2899932861328,141.57000732421875,141.8000030517578,458100.0
2021-11-01,147.8300018310547,149.4600067138672,146.5,147.83999633789062,464700.0
2021-11-02,148.1699981689453,153.4600067138672,147.83999633789062,152.86000061035156,403900.0
2021-11-03,152.55999755859375,153.9199981689453,151.5399932861328,152.72000122070312,343500.0
2021-11-04,152.52999877929688,152.52999877929688,146.83999633789062,147.50999450683594,362100.0
2021-11-05,148.02000427246094,154.32000732421875,148.02000427246094,152.5500030517578,466200.0
2021-11-08,156.8699951171875,158.9499969482422,154.72000122070312,158.5500030517578,495700.0
2021-11-09,157.1300048828125,158.50999450683594,155.60000610351562,155.97999572753906,351700.0
2021-11-10,156.85000610351562,158.0,153.47999572753906,154.85000610351562,412000.0
2021-11-11,154.63999938964844,156.75,153.6999969482422,156.0,444500.0
2021-11-12,157.0800018310547,158.52999877929688,152.61000061035156,156.3800048828125,581200.0
2021-11-15,156.6199951171875,156.99000549316406,154.3699951171875,155.6699981689453,460600.0
2021-11-16,155.83999633789062,161.1199951171875,155.6199951171875,160.25,560600.0
2021-11-17,159.72000122070312,163.1199951171875,158.00999450683594,162.69000244140625,661600.0
2021-11-18,162.55999755859375,163.86000061035156,160.9499969482422,163.22000122070312,590600.0
2021-11-19,163.61000061035156,164.6199951171875,161.99000549316406,163.66000366210938,557200.0
2021-11-22,162.6199951171875,166.75999450683594,160.97000122070312,165.35000610351562,543800.0
2021-11-23,166.1999969482422,167.83999633789062,164.8800048828125,167.3800048828125,601800.0
2021-11-24,167.14999389648438,167.14999389648438,163.27000427246094,163.27000427246094,576000.0
2021-11-26,158.57000732421875,159.7100067138672,155.1300048828125,156.13999938964844,418200.0
2021-11-29,157.42999267578125,157.42999267578125,154.30999755859375,155.10000610351562,503500.0
2021-11-30,153.42999267578125,155.94000244140625,151.16000366210938,154.11000061035156,3315600.0
2021-12-01,156.60000610351562,159.47999572753906,155.35000610351562,155.47999572753906,496200.0
2021-12-02,156.55999755859375,164.3300018310547,155.64999389648438,162.6199951171875,553600.0
2021-12-03,163.32000732421875,165.94000244140625,161.13999938964844,162.02000427246094,527000.0
2021-12-06,163.77000427246094,165.14999389648438,162.00999450683594,164.77999877929688,489400.0
2021-12-07,164.44000244140625,166.35000610351562,163.82000732421875,165.14999389648438,377700.0
2021-12-08,164.41000366210938,165.75999450683594,163.5399932861328,165.39999389648438,333700.0
2021-12-09,164.36000061035156,167.77000427246094,164.36000061035156,167.1300048828125,350700.0
2021-12-10,167.3800048828125,167.63999938964844,164.8800048828125,165.5,371900.0
2021-12-13,164.1999969482422,165.69000244140625,162.9600067138672,164.67999267578125,426100.0
2021-12-14,164.5,168.8699951171875,164.14999389648438,166.63999938964844,446500.0
2021-12-15,166.63999938964844,169.1699981689453,164.77000427246094,167.47999572753906,418100.0
2021-12-16,168.3800048828125,168.82000732421875,166.13999938964844,167.10000610351562,411400.0
2021-12-17,167.52999877929688,170.6699981689453,166.75999450683594,168.25,1121800.0
2021-12-20,166.42999267578125,168.00999450683594,164.8300018310547,165.47999572753906,406400.0
2021-12-21,165.9199981689453,167.8699951171875,165.52000427246094,166.5800018310547,450400.0
2021-12-22,166.30999755859375,167.66000366210938,165.69000244140625,166.44000244140625,357700.0
2021-12-23,166.97000122070312,168.72000122070312,165.8699951171875,167.66000366210938,310700.0
2021-12-27,167.72000122070312,169.25,167.11000061035156,168.74000549316406,280100.0
2021-12-28,168.82000732421875,171.39999389648438,168.82000732421875,171.10000610351562,198800.0
2021-12-29,171.10000610351562,173.25,171.0800018310547,172.82000732421875,171700.0
2021-12-30,173.41000366210938,174.5500030517578,169.61000061035156,169.7899932861328,260100.0
2021-12-31,169.32000732421875,170.67999267578125,169.05999755859375,169.3300018310547,213600.0
2022-01-03,169.88999938964844,171.19000244140625,166.22000122070312,167.50999450683594,422000.0
2022-01-04,168.36000061035156,168.8699951171875,164.52999877929688,165.00999450683594,458700.0
2022-01-05,165.02000427246094,165.3699951171875,162.75999450683594,162.8800048828125,358700.0
2022-01-06,163.61000061035156,166.9600067138672,163.35000610351562,165.25999450683594,233800.0
2022-01-07,164.7899932861328,166.6199951171875,163.99000549316406,166.19000244140625,244400.0
2022-01-10,167.64999389648438,167.64999389648438,164.8699951171875,166.99000549316406,275400.0
2022-01-11,167.6999969482422,168.1999969482422,164.38999938964844,168.0399932861328,262000.0
2022-01-12,169.36000061035156,169.77000427246094,166.3699951171875,169.11000061035156,354900.0
2022-01-13,170.80999755859375,171.9600067138672,169.49000549316406,169.67999267578125,338400.0
2022-01-14,168.9199981689453,171.47000122070312,168.67999267578125,171.32000732421875,210800.0
2022-01-18,171.1699981689453,172.72999572753906,169.6999969482422,170.25999450683594,248000.0
2022-01-19,170.42999267578125,171.66000366210938,168.17999267578125,168.25,423600.0
2022-01-20,168.24000549316406,170.50999450683594,167.10000610351562,167.39999389648438,296200.0
2022-01-21,167.39999389648438,168.0399932861328,165.14999389648438,165.82000732421875,220500.0
2022-01-24,164.7100067138672,165.58999633789062,160.58999633789062,165.4199981689453,468400.0
2022-01-25,164.97000122070312,167.5500030517578,160.41000366210938,165.2899932861328,325800.0
2022-01-26,171.16000366210938,171.7100067138672,157.08999633789062,159.7100067138672,593200.0
2022-01-27,160.02000427246094,161.97000122070312,151.75999450683594,153.25999450683594,595200.0
2022-01-28,153.8300018310547,156.08999633789062,152.25,155.99000549316406,693300.0
2022-01-31,154.8699951171875,157.35000610351562,152.57000732421875,157.1699981689453,927500.0
2022-02-01,157.94000244140625,159.44000244140625,155.4600067138672,157.9600067138672,662500.0
2022-02-02,158.02000427246094,159.27999877929688,155.9499969482422,157.66000366210938,633200.0
2022-02-03,157.4600067138672,158.8300018310547,154.86000061035156,155.3800048828125,929000.0
2022-02-04,154.82000732421875,156.4499969482422,150.8000030517578,154.64999389648438,827400.0
2022-02-07,156.74000549316406,158.02999877929688,155.27999877929688,156.0,872200.0
2022-02-08,156.1300048828125,156.9600067138672,154.08999633789062,154.08999633789062,505300.0
2022-02-09,154.63999938964844,156.22000122070312,153.80999755859375,155.66000366210938,460000.0
2022-02-10,154.3300018310547,158.77000427246094,153.8000030517578,154.36000061035156,391200.0
2022-02-11,154.6999969482422,156.22999572753906,153.14999389648438,153.69000244140625,314100.0
2022-02-14,153.16000366210938,156.22999572753906,153.05999755859375,155.19000244140625,680400.0
2022-02-15,156.3300018310547,157.4600067138672,155.4199981689453,156.3300018310547,293600.0
2022-02-16,156.38999938964844,157.14999389648438,155.41000366210938,155.82000732421875,377500.0
2022-02-17,154.49000549316406,154.52000427246094,151.6199951171875,153.64999389648438,398900.0
2022-02-18,153.86000061035156,155.3000030517578,153.52999877929688,153.6999969482422,247700.0
2022-02-22,153.55999755859375,153.77999877929688,148.9499969482422,150.0,505400.0
2022-02-23,150.75999450683594,151.9600067138672,149.63999938964844,149.69000244140625,430500.0
2022-02-24,146.77999877929688,150.8000030517578,145.30999755859375,150.33999633789062,614500.0
2022-02-25,150.02000427246094,153.72000122070312,150.02000427246094,153.6300048828125,333600.0
2022-02-28,151.0,152.35000610351562,149.5,150.77999877929688,255900.0
2022-03-01,148.74000549316406,149.8300018310547,144.27000427246094,145.49000549316406,367500.0
2022-03-02,146.00999450683594,150.00999450683594,145.22000122070312,149.0399932861328,370500.0
2022-03-03,149.5399932861328,149.5399932861328,146.39999389648438,147.5,270400.0
2022-03-04,145.35000610351562,145.89999389648438,142.0500030517578,144.52999877929688,407200.0
2022-03-07,143.1199951171875,143.50999450683594,139.77000427246094,139.8800048828125,522800.0
2022-03-08,140.35000610351562,141.5800018310547,134.6999969482422,137.77000427246094,379800.0
2022-03-09,139.72000122070312,142.8699951171875,138.6199951171875,142.24000549316406,434700.0
2022-03-10,140.22000122070312,141.85000610351562,137.61000061035156,140.85000610351562,373100.0
2022-03-11,141.3000030517578,142.50999450683594,139.39999389648438,141.02000427246094,350300.0
2022-03-14,142.6999969482422,143.22000122070312,139.52999877929688,140.85000610351562,374300.0
2022-03-15,141.38999938964844,145.80999755859375,140.94000244140625,145.5800018310547,360900.0
2022-03-16,146.88999938964844,149.16000366210938,144.6199951171875,147.80999755859375,545500.0
2022-03-17,148.0,149.16000366210938,145.4600067138672,148.85000610351562,391100.0
2022-03-18,148.24000549316406,150.4600067138672,146.2899932861328,150.3300018310547,1100000.0
2022-03-21,153.24000549316406,154.24000549316406,147.77999877929688,149.25999450683594,353100.0
2022-03-22,149.6300048828125,151.42999267578125,149.3699951171875,150.6999969482422,321400.0
2022-03-23,150.25,150.25,148.5399932861328,149.32000732421875,293200.0
2022-03-24,149.94000244140625,151.4499969482422,149.41000366210938,151.00999450683594,332000.0
2022-03-25,151.52000427246094,153.77000427246094,151.52000427246094,152.97000122070312,317000.0
2022-03-28,152.72999572753906,155.35000610351562,152.0800018310547,154.77999877929688,402600.0
2022-03-29,156.1699981689453,158.08999633789062,154.77999877929688,158.0500030517578,345900.0
2022-03-30,158.52999877929688,158.85000610351562,156.64999389648438,158.30999755859375,292800.0
2022-03-31,158.6300048828125,160.4199981689453,158.44000244140625,158.50999450683594,347900.0
2022-04-01,159.07000732421875,162.0800018310547,158.19000244140625,161.89999389648438,401700.0
2022-04-04,164.75,166.77000427246094,159.25999450683594,159.7100067138672,732900.0
2022-04-05,160.0,162.1699981689453,157.5,157.8000030517578,433700.0
2022-04-06,156.9499969482422,159.91000366210938,156.69000244140625,158.75,451300.0
2022-04-07,158.2100067138672,158.8300018310547,155.38999938964844,157.02999877929688,310300.0
2022-04-08,157.99000549316406,159.14999389648438,156.3300018310547,157.7100067138672,239200.0
2022-04-11,157.33999633789062,160.49000549316406,154.75,155.0,429200.0
2022-04-12,155.36000061035156,156.75999450683594,151.69000244140625,151.94000244140625,340600.0
2022-04-13,151.97999572753906,153.77000427246094,151.00999450683594,153.75999450683594,312100.0
2022-04-14,153.8699951171875,155.6300048828125,152.6699981689453,154.16000366210938,229700.0
2022-04-18,153.4600067138672,154.3300018310547,150.47000122070312,151.5399932861328,215100.0
2022-04-19,152.0,153.05999755859375,151.0800018310547,152.22999572753906,231700.0
2022-04-20,152.77999877929688,155.55999755859375,152.22999572753906,154.32000732421875,233400.0
2022-04-21,155.67999267578125,156.35000610351562,152.5500030517578,152.77000427246094,182500.0
2022-04-22,152.91000366210938,153.3300018310547,148.27000427246094,148.35000610351562,241200.0
2022-04-25,147.52999877929688,149.02999877929688,142.6699981689453,148.57000732421875,283900.0
2022-04-26,147.77000427246094,148.6199951171875,144.8000030517578,144.85000610351562,215000.0
2022-04-27,144.99000549316406,148.17999267578125,144.86000061035156,146.97000122070312,301000.0
2022-04-28,147.69000244140625,148.52999877929688,145.5500030517578,147.9199981689453,237500.0
2022-04-29,147.61000061035156,148.5399932861328,143.2899932861328,143.52000427246094,445300.0
2022-05-02,143.52000427246094,145.0,141.97999572753906,144.4499969482422,410400.0
2022-05-03,144.41000366210938,147.39999389648438,143.89999389648438,146.85000610351562,290500.0
2022-05-04,145.33999633789062,146.75,140.6699981689453,145.6199951171875,494500.0
2022-05-05,143.5399932861328,148.5,142.30999755859375,146.2899932861328,399500.0
2022-05-06,145.3000030517578,146.6999969482422,143.63999938964844,145.25,307800.0
2022-05-09,144.8000030517578,147.1699981689453,142.5800018310547,143.36000061035156,269300.0
2022-05-10,144.1999969482422,147.49000549316406,142.2899932861328,145.1699981689453,438700.0
2022-05-11,144.50999450683594,147.57000732421875,143.5,143.86000061035156,355200.0
2022-05-12,144.00999450683594,145.10000610351562,140.9600067138672,143.4199981689453,271500.0
2022-05-13,144.66000366210938,147.86000061035156,144.52000427246094,147.64999389648438,279300.0
2022-05-16,148.22999572753906,150.1999969482422,147.27000427246094,148.94000244140625,264100.0
2022-05-17,153.5399932861328,155.92999267578125,150.8800048828125,154.3800048828125,411300.0
2022-05-18,153.61000061035156,153.75999450683594,149.52000427246094,150.14999389648438,308400.0
2022-05-19,149.00999450683594,150.75999450683594,147.91000366210938,150.05999755859375,251400.0
2022-05-20,150.3300018310547,151.63999938964844,145.77000427246094,148.75,287400.0
2022-05-23,149.8000030517578,151.75,148.5399932861328,150.52999877929688,282600.0
2022-05-24,148.97000122070312,152.27999877929688,147.2100067138672,151.47000122070312,314700.0
2022-05-25,149.83999633789062,152.5399932861328,149.8000030517578,151.05999755859375,283900.0
2022-05-26,151.3300018310547,153.05999755859375,151.00999450683594,152.47000122070312,202900.0
2022-05-27,152.64999389648438,155.8699951171875,152.64999389648438,155.61000061035156,252100.0
2022-05-31,154.9600067138672,155.35000610351562,153.16000366210938,153.52000427246094,240200.0
2022-06-01,153.2899932861328,153.55999755859375,149.8300018310547,150.0800018310547,219900.0
2022-06-02,150.22000122070312,152.67999267578125,149.02000427246094,152.5,176700.0
2022-06-03,151.47999572753906,153.42999267578125,151.16000366210938,152.27999877929688,196100.0
2022-06-06,153.80999755859375,155.55999755859375,152.47999572753906,154.11000061035156,200700.0
2022-06-07,153.08999633789062,156.77000427246094,153.08999633789062,156.10000610351562,200400.0
2022-06-08,155.5,155.77999877929688,153.24000549316406,153.66000366210938,162200.0
2022-06-09,153.41000366210938,154.24000549316406,152.6699981689453,152.82000732421875,165700.0
2022-06-10,151.0399932861328,153.41000366210938,148.9600067138672,152.30999755859375,225900.0
2022-06-13,150.25999450683594,150.75999450683594,147.0800018310547,148.1999969482422,358900.0
2022-06-14,148.41000366210938,151.00999450683594,147.24000549316406,150.89999389648438,307700.0
2022-06-15,152.67999267578125,155.1300048828125,149.39999389648438,149.92999267578125,505200.0
2022-06-16,147.1999969482422,148.94000244140625,145.91000366210938,148.17999267578125,340100.0
2022-06-17,150.83999633789062,150.97000122070312,148.4199981689453,148.94000244140625,508400.0
2022-06-21,148.86000061035156,150.92999267578125,148.02999877929688,149.75,220500.0
2022-06-22,148.6999969482422,151.89999389648438,148.58999633789062,150.8000030517578,206600.0
2022-06-23,151.58999633789062,152.52999877929688,149.47000122070312,151.6300048828125,166500.0
2022-06-24,152.52000427246094,156.86000061035156,152.52000427246094,156.75,381100.0
2022-06-27,156.6199951171875,158.39999389648438,155.89999389648438,157.72000122070312,311200.0
2022-06-28,158.17999267578125,159.39999389648438,156.0500030517578,156.07000732421875,354400.0
2022-06-29,155.83999633789062,156.3800048828125,154.92999267578125,155.8800048828125,227900.0
2022-06-30,154.6199951171875,157.8800048828125,154.27999877929688,156.3699951171875,316400.0
2022-07-01,156.17999267578125,157.4199981689453,154.08999633789062,157.07000732421875,393200.0
2022-07-05,155.89999389648438,156.47000122070312,149.72000122070312,151.11000061035156,385900.0
2022-07-06,150.6199951171875,154.69000244140625,148.22999572753906,152.74000549316406,426300.0
2022-07-07,152.75999450683594,153.47000122070312,150.60000610351562,151.02999877929688,240400.0
2022-07-08,151.1300048828125,152.47000122070312,149.69000244140625,149.8000030517578,189400.0
2022-07-11,148.50999450683594,151.2899932861328,148.50999450683594,150.66000366210938,218900.0
2022-07-12,147.36000061035156,149.6199951171875,146.0500030517578,146.14999389648438,331500.0
2022-07-13,145.05999755859375,145.4499969482422,143.3800048828125,144.22999572753906,523000.0
2022-07-14,144.4499969482422,144.4499969482422,138.1300048828125,138.19000244140625,511200.0
2022-07-15,139.2100067138672,139.52999877929688,136.33999633789062,137.25,637900.0
2022-07-18,137.82000732421875,139.66000366210938,136.9199981689453,137.72000122070312,473100.0
2022-07-19,139.05999755859375,140.25999450683594,138.5500030517578,139.47999572753906,357900.0
2022-07-20,139.5399932861328,140.16000366210938,138.24000549316406,138.8800048828125,320800.0
2022-07-21,138.25,140.32000732421875,137.16000366210938,139.55999755859375,353200.0
2022-07-22,139.55999755859375,140.8699951171875,138.25999450683594,139.5,414800.0
2022-07-25,139.6699981689453,141.4199981689453,138.57000732421875,139.82000732421875,479400.0
2022-07-26,139.83999633789062,140.5500030517578,133.75,134.85000610351562,813900.0
2022-07-27,134.8800048828125,135.1199951171875,131.55999755859375,133.1699981689453,490800.0
2022-07-28,132.91000366210938,132.97000122070312,128.63999938964844,129.5800018310547,615800.0
2022-07-29,129.14999389648438,130.7899932861328,128.36000061035156,129.30999755859375,472900.0
2022-08-01,129.25,129.25,125.19999694824219,126.05000305175781,525700.0
2022-08-02,125.8499984741211,125.8499984741211,124.18000030517578,124.30000305175781,469200.0
2022-08-03,125.5999984741211,127.12000274658203,124.68000030517578,127.0,693100.0
2022-08-04,126.66999816894531,126.86000061035156,125.33000183105469,125.41000366210938,433500.0
2022-08-05,124.5999984741211,126.20999908447266,124.54000091552734,125.30000305175781,406200.0
2022-08-08,125.88999938964844,127.97000122070312,125.41000366210938,127.69999694824219,380100.0
2022-08-09,128.5,130.58999633789062,128.27999877929688,128.72999572753906,327800.0
2022-08-10,130.3800048828125,131.1999969482422,129.57000732421875,130.9199981689453,260900.0
2022-08-11,131.77999877929688,135.4499969482422,131.0500030517578,135.1999969482422,496400.0
2022-08-12,136.97000122070312,138.6199951171875,136.3699951171875,137.2899932861328,394700.0
2022-08-15,136.13999938964844,137.58999633789062,135.8699951171875,136.32000732421875,251000.0
2022-08-16,136.13999938964844,137.55999755859375,135.64999389648438,137.2899932861328,242600.0
2022-08-17,137.0,138.0800018310547,136.3800048828125,137.8699951171875,276500.0
2022-08-18,137.77000427246094,140.27000427246094,137.77000427246094,140.1999969482422,363700.0
2022-08-19,139.67999267578125,140.5,138.82000732421875,139.9600067138672,379100.0
2022-08-22,139.13999938964844,139.30999755859375,135.7899932861328,136.13999938964844,297500.0
2022-08-23,136.16000366210938,137.1199951171875,135.22000122070312,135.41000366210938,161500.0
2022-08-24,135.17999267578125,136.58999633789062,134.22000122070312,135.50999450683594,173900.0
2022-08-25,135.61000061035156,136.8000030517578,135.1300048828125,135.6300048828125,154300.0
2022-08-26,135.36000061035156,136.77000427246094,132.94000244140625,133.9600067138672,203400.0
2022-08-29,132.3800048828125,134.57000732421875,130.49000549316406,133.52999877929688,289100.0
2022-08-30,133.1999969482422,134.05999755859375,132.32000732421875,133.80999755859375,332200.0
2022-08-31,134.55999755859375,135.67999267578125,133.6999969482422,135.25999450683594,376600.0
2022-09-01,134.72999572753906,136.6199951171875,134.5399932861328,136.52999877929688,446800.0
2022-09-02,137.19000244140625,140.38999938964844,136.55999755859375,137.77000427246094,456700.0
2022-09-06,137.38999938964844,138.13999938964844,135.32000732421875,136.41000366210938,386100.0
2022-09-07,136.49000549316406,140.47999572753906,135.97000122070312,140.41000366210938,270000.0
2022-09-08,140.58999633789062,142.72999572753906,140.00999450683594,142.3000030517578,189000.0
2022-09-09,142.7899932861328,144.08999633789062,141.77000427246094,141.8800048828125,221400.0
2022-09-12,141.9499969482422,144.7100067138672,141.5800018310547,143.9600067138672,371100.0
2022-09-13,142.47999572753906,148.0,142.0399932861328,146.17999267578125,528400.0
2022-09-14,145.99000549316406,149.50999450683594,145.07000732421875,148.86000061035156,740300.0
2022-09-15,148.5399932861328,153.8699951171875,148.02999877929688,151.89999389648438,668000.0
2022-09-16,150.9600067138672,152.49000549316406,149.1699981689453,150.1199951171875,750500.0
2022-09-19,148.75,153.27000427246094,148.75,153.25,406800.0
2022-09-20,151.6999969482422,152.52000427246094,142.74000549316406,142.89999389648438,586100.0
2022-09-21,143.08999633789062,143.7899932861328,139.0399932861328,139.1199951171875,304100.0
2022-09-22,139.0,139.0800018310547,134.91000366210938,138.5399932861328,546800.0
2022-09-23,137.42999267578125,138.69000244140625,136.0,137.7100067138672,428400.0
2022-09-26,136.00999450683594,136.39999389648438,129.72000122070312,132.0399932861328,508500.0
2022-09-27,132.3699951171875,136.86000061035156,129.75999450683594,136.77999877929688,811700.0
2022-09-28,137.36000061035156,141.11000061035156,136.61000061035156,139.00999450683594,719000.0
2022-09-29,138.36000061035156,146.11000061035156,137.02999877929688,145.30999755859375,681000.0
2022-09-30,145.1999969482422,147.32000732421875,139.38999938964844,140.38999938964844,894900.0
2022-10-03,140.9600067138672,141.2100067138672,134.99000549316406,137.2100067138672,707600.0
2022-10-04,137.1999969482422,144.3800048828125,137.1999969482422,144.0500030517578,534300.0
2022-10-05,143.24000549316406,144.0399932861328,138.25999450683594,138.3699951171875,491700.0
2022-10-06,137.25999450683594,137.88999938964844,134.7100067138672,135.83999633789062,577700.0
2022-10-07,134.92999267578125,134.92999267578125,128.74000549316406,128.74000549316406,489000.0
2022-10-10,128.2899932861328,134.47999572753906,128.0,132.3699951171875,581300.0
2022-10-11,132.8800048828125,134.10000610351562,130.92999267578125,131.94000244140625,397000.0
2022-10-12,132.57000732421875,133.49000549316406,130.99000549316406,131.0500030517578,328400.0
2022-10-13,130.9600067138672,139.02999877929688,129.41000366210938,138.16000366210938,477100.0
2022-10-14,138.39999389648438,141.24000549316406,137.44000244140625,138.61000061035156,458900.0
2022-10-17,141.2899932861328,142.24000549316406,138.3699951171875,142.1300048828125,442500.0
2022-10-18,144.55999755859375,146.35000610351562,142.5800018310547,146.33999633789062,531600.0
2022-10-19,145.80999755859375,149.75999450683594,145.80999755859375,148.25,544300.0
2022-10-20,144.69000244140625,144.7899932861328,138.11000061035156,139.22000122070312,763900.0
2022-10-21,139.52000427246094,143.02999877929688,138.08999633789062,138.8000030517578,815900.0
2022-10-24,138.94000244140625,143.2899932861328,138.80999755859375,142.22000122070312,363300.0
2022-10-25,143.3800048828125,143.64999389648438,140.9199981689453,142.94000244140625,503900.0
2022-10-26,144.27999877929688,144.3699951171875,142.50999450683594,142.8800048828125,320000.0
2022-10-27,143.74000549316406,150.1699981689453,143.74000549316406,148.6300048828125,418600.0
2022-10-28,149.61000061035156,155.55999755859375,147.52999877929688,155.41000366210938,335500.0
2022-10-31,154.47000122070312,157.57000732421875,154.36000061035156,154.67999267578125,446500.0
2022-11-01,155.4600067138672,156.02000427246094,152.63999938964844,154.2899932861328,417500.0
2022-11-02,160.0,166.1300048828125,155.0,161.22999572753906,690800.0
2022-11-03,161.42999267578125,177.60000610351562,158.80999755859375,177.49000549316406,1279800.0
2022-11-04,178.86000061035156,183.0,176.02999877929688,182.8699951171875,827300.0
2022-11-07,182.8699951171875,184.35000610351562,180.6300048828125,182.61000061035156,481200.0
2022-11-08,182.25,187.88999938964844,180.33999633789062,181.25999450683594,579400.0
2022-11-09,180.57000732421875,183.66000366210938,178.9600067138672,181.2899932861328,326100.0
2022-11-10,184.0,184.60000610351562,178.60000610351562,179.60000610351562,446300.0
2022-11-11,180.42999267578125,181.39999389648438,174.0800018310547,174.22999572753906,683700.0
2022-11-14,174.7899932861328,175.89999389648438,173.25,174.58999633789062,748000.0
2022-11-15,176.39999389648438,181.74000549316406,175.58999633789062,181.35000610351562,328800.0
2022-11-16,181.69000244140625,183.25999450683594,178.47999572753906,180.88999938964844,301900.0
2022-11-17,179.17999267578125,182.58999633789062,179.17999267578125,180.16000366210938,341200.0
2022-11-18,182.16000366210938,185.3699951171875,180.08999633789062,181.7899932861328,495000.0
2022-11-21,182.61000061035156,184.47999572753906,181.85000610351562,183.44000244140625,263700.0
2022-11-22,183.89999389648438,186.83999633789062,182.99000549316406,185.5399932861328,250400.0
2022-11-23,186.14999389648438,186.4499969482422,184.77000427246094,185.24000549316406,203800.0
2022-11-25,186.35000610351562,186.8000030517578,184.97999572753906,186.55999755859375,266600.0
2022-11-28,185.3300018310547,187.0,183.9199981689453,184.69000244140625,305700.0
2022-11-29,184.75999450683594,188.1699981689453,183.2100067138672,187.16000366210938,233400.0
2022-11-30,186.60000610351562,189.02000427246094,185.52000427246094,188.91000366210938,294900.0
2022-12-01,188.5,189.07000732421875,181.83999633789062,182.8300018310547,388000.0
2022-12-02,182.38999938964844,189.77000427246094,182.38999938964844,187.83999633789062,359900.0
2022-12-05,187.5399932861328,188.13999938964844,183.77999877929688,186.38999938964844,219300.0
2022-12-06,186.94000244140625,189.19000244140625,185.27999877929688,188.85000610351562,290000.0
2022-12-07,187.86000061035156,188.9199981689453,181.92999267578125,182.3000030517578,289300.0
2022-12-08,183.69000244140625,187.6699981689453,181.6300048828125,186.75999450683594,413100.0
2022-12-09,185.63999938964844,189.27999877929688,184.97999572753906,186.02999877929688,297700.0
2022-12-12,185.52999877929688,186.4499969482422,183.0399932861328,184.5,298500.0
2022-12-13,186.11000061035156,186.11000061035156,179.99000549316406,180.6999969482422,368600.0
2022-12-14,179.91000366210938,182.02999877929688,178.1999969482422,181.38999938964844,272600.0
2022-12-15,180.6699981689453,180.6699981689453,177.60000610351562,179.7899932861328,239800.0
2022-12-16,179.27000427246094,183.0,178.3000030517578,182.24000549316406,833100.0
2022-12-19,181.2100067138672,185.0,181.08999633789062,182.02999877929688,311600.0
2022-12-20,183.2899932861328,186.85000610351562,183.2899932861328,184.16000366210938,255800.0
2022-12-21,185.0,187.94000244140625,185.0,187.6199951171875,295000.0
2022-12-22,187.58999633789062,187.6300048828125,185.10000610351562,187.2100067138672,270400.0
2022-12-23,187.6199951171875,188.52999877929688,186.1699981689453,186.8800048828125,147100.0
2022-12-27,187.02000427246094,189.30999755859375,185.47999572753906,186.9499969482422,125200.0
2022-12-28,187.3300018310547,189.1300048828125,185.94000244140625,187.32000732421875,198100.0
2022-12-29,187.72000122070312,188.14999389648438,184.6699981689453,186.27999877929688,208500.0
2022-12-30,185.74000549316406,186.77999877929688,183.72000122070312,184.22999572753906,200000.0
2023-01-03,184.24000549316406,187.33999633789062,182.8699951171875,185.82000732421875,350800.0
2023-01-04,186.8300018310547,188.5,185.27999877929688,186.72000122070312,267300.0
2023-01-05,186.27999877929688,187.61000061035156,184.57000732421875,186.32000732421875,267700.0
2023-01-06,187.0399932861328,193.77000427246094,186.80999755859375,192.8300018310547,267300.0
2023-01-09,192.22999572753906,194.13999938964844,188.77000427246094,189.19000244140625,260000.0
2023-01-10,190.05999755859375,195.80999755859375,189.64999389648438,194.47999572753906,267000.0
2023-01-11,194.0,195.44000244140625,189.19000244140625,192.8300018310547,237900.0
2023-01-12,193.07000732421875,196.24000549316406,192.2100067138672,195.1699981689453,293400.0
2023-01-13,194.64999389648438,199.35000610351562,194.64999389648438,198.25,205900.0
2023-01-17,199.27999877929688,199.85000610351562,193.5800018310547,194.6199951171875,232400.0
2023-01-18,195.1699981689453,196.47999572753906,192.00999450683594,193.3699951171875,294000.0
2023-01-19,192.2899932861328,196.05999755859375,192.2899932861328,195.07000732421875,198800.0
2023-01-20,194.99000549316406,194.99000549316406,189.61000061035156,191.3000030517578,267500.0
2023-01-23,191.7899932861328,193.00999450683594,189.8000030517578,190.2899932861328,355800.0
2023-01-24,191.85000610351562,192.6300048828125,189.58999633789062,192.47999572753906,276500.0
2023-01-25,192.42999267578125,197.5,192.16000366210938,196.27999877929688,330700.0
2023-01-26,196.35000610351562,197.9499969482422,194.39999389648438,196.8000030517578,262700.0
2023-01-27,197.11000061035156,197.88999938964844,194.88999938964844,195.00999450683594,226000.0
2023-01-30,195.14999389648438,196.3300018310547,192.13999938964844,192.60000610351562,376400.0
2023-01-31,193.27999877929688,196.47999572753906,191.4600067138672,195.69000244140625,888300.0
2023-02-01,199.97999572753906,212.5800018310547,195.07000732421875,209.52999877929688,715100.0
2023-02-02,209.16000366210938,209.16000366210938,197.58999633789062,203.42999267578125,677600.0
2023-02-03,204.6199951171875,206.5,200.25999450683594,206.11000061035156,347900.0
2023-02-06,207.0,213.97000122070312,206.1699981689453,212.99000549316406,378700.0
2023-02-07,212.97999572753906,216.3000030517578,211.0800018310547,215.32000732421875,320100.0
2023-02-08,214.07000732421875,219.22999572753906,213.0,216.8800048828125,377200.0
2023-02-09,218.63999938964844,223.8000030517578,218.63999938964844,221.82000732421875,505700.0
2023-02-10,221.57000732421875,222.4600067138672,213.91000366210938,216.72999572753906,768500.0
2023-02-13,218.89999389648438,220.6699981689453,216.2100067138672,217.36000061035156,336500.0
2023-02-14,216.89999389648438,218.9600067138672,213.77000427246094,215.14999389648438,287400.0
2023-02-15,214.02000427246094,218.94000244140625,212.0399932861328,215.0399932861328,358300.0
2023-02-16,213.8699951171875,214.25,209.97999572753906,210.75999450683594,349100.0
2023-02-17,210.35000610351562,213.83999633789062,208.94000244140625,212.88999938964844,285800.0
2023-02-21,211.3300018310547,211.4600067138672,207.8699951171875,209.77000427246094,340900.0
2023-02-22,208.69000244140625,210.61000061035156,206.5800018310547,207.4499969482422,171400.0
2023-02-23,207.5399932861328,211.22000122070312,205.8300018310547,207.2899932861328,237400.0
2023-02-24,207.27999877929688,211.00999450683594,205.77999877929688,210.91000366210938,249200.0
2023-02-27,211.22999572753906,213.0,209.97000122070312,211.49000549316406,246500.0
2023-02-28,211.49000549316406,215.92999267578125,211.2899932861328,214.89999389648438,358600.0
2023-03-01,214.89999389648438,218.72999572753906,212.9600067138672,217.19000244140625,287800.0
2023-03-02,216.0,217.2899932861328,213.1699981689453,214.17999267578125,229500.0
2023-03-03,213.58999633789062,214.97999572753906,211.0800018310547,212.85000610351562,250100.0
2023-03-06,212.27000427246094,213.86000061035156,211.0800018310547,211.82000732421875,326000.0
2023-03-07,212.58999633789062,215.13999938964844,210.99000549316406,212.92999267578125,192300.0
2023-03-08,213.39999389648438,214.64999389648438,208.50999450683594,210.89999389648438,208600.0
2023-03-09,210.2899932861328,210.86000061035156,202.1199951171875,202.3699951171875,319600.0
2023-03-10,201.36000061035156,202.13999938964844,193.00999450683594,194.3000030517578,701600.0
2023-03-13,189.1199951171875,192.1300048828125,186.32000732421875,189.4499969482422,502600.0
2023-03-14,191.94000244140625,199.02999877929688,190.8300018310547,197.7100067138672,499700.0
2023-03-15,192.24000549316406,194.6699981689453,185.3800048828125,186.6699981689453,456600.0
2023-03-16,185.10000610351562,198.69000244140625,185.10000610351562,196.9199981689453,465000.0
2023-03-17,195.94000244140625,196.86000061035156,187.1699981689453,188.99000549316406,671900.0
2023-03-20,189.25,195.6999969482422,187.3699951171875,192.47000122070312,262900.0
2023-03-21,197.2100067138672,199.80999755859375,195.82000732421875,195.97000122070312,255900.0
2023-03-22,196.36000061035156,197.1300048828125,192.47999572753906,192.57000732421875,257600.0
2023-03-23,192.52999877929688,193.89999389648438,188.74000549316406,191.5,209500.0
2023-03-24,189.0,191.4499969482422,186.52000427246094,191.27000427246094,345200.0
2023-03-27,193.4600067138672,197.0,193.2100067138672,195.3300018310547,235600.0
2023-03-28,194.58999633789062,198.69000244140625,194.0,197.61000061035156,227700.0
2023-03-29,198.5,201.0,196.6199951171875,200.64999389648438,198000.0
2023-03-30,201.0,201.92999267578125,196.99000549316406,198.8800048828125,225700.0
2023-03-31,200.4199981689453,201.8300018310547,197.2899932861328,200.33999633789062,272000.0
2023-04-03,200.33999633789062,203.25999450683594,200.25999450683594,202.11000061035156,215700.0
2023-04-04,202.74000549316406,202.83999633789062,197.72000122070312,202.72999572753906,255200.0
2023-04-05,202.41000366210938,206.22000122070312,201.72000122070312,205.41000366210938,246400.0
2023-04-06,205.64999389648438,207.19000244140625,203.25,204.44000244140625,234100.0
2023-04-10,205.1699981689453,207.3800048828125,204.8000030517578,206.5,211400.0
2023-04-11,206.8699951171875,208.2899932861328,204.02999877929688,205.74000549316406,245700.0
2023-04-12,205.63999938964844,207.82000732421875,204.61000061035156,207.05999755859375,238000.0
2023-04-13,206.2100067138672,207.19000244140625,202.47000122070312,202.74000549316406,322700.0
2023-04-14,202.9499969482422,204.10000610351562,199.63999938964844,201.32000732421875,194100.0
2023-04-17,201.00999450683594,202.44000244140625,198.8699951171875,202.4199981689453,196500.0
2023-04-18,202.6199951171875,205.33999633789062,201.72999572753906,205.22000122070312,221300.0
2023-04-19,208.47000122070312,209.41000366210938,205.4499969482422,207.00999450683594,251600.0
2023-04-20,207.0500030517578,210.36000061035156,206.67999267578125,209.33999633789062,186900.0
2023-04-21,209.41000366210938,210.74000549316406,207.14999389648438,209.8000030517578,229700.0
2023-04-24,210.27000427246094,212.5,209.02999877929688,209.67999267578125,232300.0
2023-04-25,208.50999450683594,210.24000549316406,207.47000122070312,208.77000427246094,185700.0
2023-04-26,207.7899932861328,210.0800018310547,206.22999572753906,206.9600067138672,339200.0
2023-04-27,206.75,210.61000061035156,205.6300048828125,210.52000427246094,331800.0
2023-04-28,209.8300018310547,217.55999755859375,208.30999755859375,215.41000366210938,477900.0
2023-05-01,215.30999755859375,220.42999267578125,214.3000030517578,215.4499969482422,329300.0
2023-05-02,213.49000549316406,220.3000030517578,213.3800048828125,220.1199951171875,569700.0
2023-05-03,217.36000061035156,223.0,212.02000427246094,214.60000610351562,505900.0
2023-05-04,215.97000122070312,215.97000122070312,204.94000244140625,205.5500030517578,436600.0
2023-05-05,205.55999755859375,210.25999450683594,204.94000244140625,206.3000030517578,313100.0
2023-05-08,206.55999755859375,209.69000244140625,205.10000610351562,209.6699981689453,255800.0
2023-05-09,209.9499969482422,212.9199981689453,207.72999572753906,210.52000427246094,309100.0
2023-05-10,210.9600067138672,212.1999969482422,207.5800018310547,210.38999938964844,213900.0
2023-05-11,210.05999755859375,212.08999633789062,209.07000732421875,211.19000244140625,225600.0
2023-05-12,212.49000549316406,213.2899932861328,206.6699981689453,208.91000366210938,218300.0
2023-05-15,209.63999938964844,209.63999938964844,203.0500030517578,203.75999450683594,347100.0
2023-05-16,202.3800048828125,202.9600067138672,198.47000122070312,198.77999877929688,354700.0
2023-05-17,198.52999877929688,198.52999877929688,187.0399932861328,189.6199951171875,855400.0
2023-05-18,190.0,195.75999450683594,187.66000366210938,195.0,458400.0
2023-05-19,196.35000610351562,201.0800018310547,194.6999969482422,198.86000061035156,385800.0
2023-05-22,198.4600067138672,198.4600067138672,181.33999633789062,189.02999877929688,808400.0
2023-05-23,189.94000244140625,199.5500030517578,187.97000122070312,196.38999938964844,1270200.0
2023-05-24,194.5,194.97999572753906,189.3000030517578,192.0,3255000.0
2023-05-25,194.0,196.9499969482422,192.69000244140625,194.6699981689453,2538500.0
2023-05-26,195.1699981689453,195.8800048828125,188.9499969482422,189.0800018310547,752300.0
2023-05-30,191.0399932861328,193.92999267578125,188.60000610351562,192.2899932861328,979700.0
2023-05-31,191.41000366210938,193.94000244140625,186.47999572753906,188.3699951171875,901600.0
2023-06-01,187.8300018310547,189.52999877929688,184.86000061035156,188.42999267578125,561000.0
2023-06-02,188.41000366210938,193.50999450683594,188.41000366210938,190.3300018310547,493000.0
2023-06-05,191.11000061035156,194.49000549316406,191.05999755859375,193.80999755859375,412600.0
2023-06-06,194.0,195.05999755859375,191.74000549316406,193.14999389648438,384600.0
2023-06-07,192.2100067138672,194.5,191.49000549316406,193.44000244140625,568300.0
2023-06-08,193.1999969482422,194.97999572753906,191.7899932861328,192.9499969482422,340900.0
2023-06-09,192.8800048828125,193.55999755859375,191.86000061035156,192.49000549316406,320600.0
2023-06-12,192.72999572753906,192.7899932861328,188.6199951171875,189.4600067138672,439000.0
2023-06-13,189.72000122070312,192.2899932861328,188.8800048828125,189.6300048828125,295700.0
2023-06-14,188.39999389648438,191.52999877929688,186.97000122070312,187.97000122070312,307700.0
2023-06-15,188.14999389648438,189.17999267578125,185.22000122070312,188.75,428500.0
2023-06-16,189.9600067138672,193.0800018310547,189.7100067138672,191.8300018310547,684300.0
2023-06-20,190.30999755859375,192.10000610351562,187.33999633789062,190.22999572753906,314900.0
2023-06-21,190.75,192.42999267578125,188.52999877929688,189.94000244140625,385700.0
2023-06-22,190.4600067138672,192.1300048828125,189.41000366210938,190.97000122070312,303500.0
2023-06-23,190.83999633789062,191.1699981689453,186.69000244140625,187.7899932861328,746100.0
2023-06-26,188.00999450683594,189.86000061035156,183.02999877929688,186.32000732421875,472800.0
2023-06-27,186.4499969482422,188.11000061035156,182.77999877929688,183.3000030517578,341200.0
2023-06-28,182.69000244140625,183.0399932861328,179.02000427246094,180.38999938964844,625300.0
2023-06-29,181.33999633789062,185.99000549316406,180.1300048828125,184.94000244140625,449800.0
2023-06-30,185.22999572753906,188.14999389648438,184.7100067138672,186.52000427246094,350900.0
2023-07-03,186.3300018310547,187.77000427246094,183.1199951171875,184.75999450683594,211900.0
2023-07-05,184.07000732421875,185.5399932861328,180.80999755859375,185.49000549316406,308400.0
2023-07-06,185.6999969482422,187.49000549316406,185.22999572753906,186.97999572753906,574900.0
2023-07-07,187.36000061035156,192.8800048828125,187.36000061035156,190.77000427246094,384700.0
2023-07-10,190.3699951171875,192.27000427246094,188.25,189.11000061035156,241600.0
2023-07-11,191.6699981689453,194.10000610351562,190.63999938964844,192.08999633789062,508800.0
2023-07-12,194.0,195.39999389648438,191.5399932861328,193.32000732421875,275400.0
2023-07-13,190.80999755859375,195.25,190.80999755859375,194.2100067138672,323400.0
2023-07-14,194.8300018310547,194.8300018310547,191.97000122070312,192.14999389648438,223000.0
2023-07-17,192.0,198.47000122070312,191.36000061035156,197.22000122070312,307600.0
2023-07-18,196.38999938964844,200.32000732421875,196.0800018310547,200.07000732421875,420900.0
2023-07-19,199.3000030517578,199.9499969482422,197.3800048828125,198.52999877929688,416000.0
2023-07-20,200.25,203.4499969482422,199.25,201.22999572753906,385500.0
2023-07-21,202.1300048828125,203.36000061035156,200.41000366210938,202.77999877929688,356500.0
2023-07-24,201.9499969482422,203.27999877929688,200.14999389648438,201.41000366210938,460000.0
2023-07-25,201.72000122070312,203.2899932861328,201.0,201.5399932861328,468900.0
2023-07-26,204.57000732421875,210.83999633789062,200.14999389648438,200.52999877929688,878300.0
2023-07-27,202.30999755859375,202.41000366210938,188.9600067138672,190.4600067138672,854300.0
2023-07-28,192.49000549316406,192.49000549316406,186.97999572753906,189.6300048828125,514400.0
2023-07-31,189.9499969482422,191.1699981689453,185.52000427246094,186.75999450683594,892400.0
2023-08-01,186.50999450683594,188.7100067138672,185.91000366210938,187.57000732421875,319600.0
2023-08-02,186.69000244140625,192.52999877929688,186.52000427246094,192.14999389648438,475800.0
2023-08-03,190.99000549316406,197.02999877929688,190.91000366210938,196.08999633789062,544600.0
2023-08-04,195.3699951171875,197.3000030517578,192.6999969482422,193.11000061035156,688500.0
2023-08-07,194.3300018310547,196.89999389648438,194.3300018310547,195.97000122070312,404300.0
2023-08-08,194.16000366210938,194.7899932861328,181.52000427246094,183.39999389648438,1346800.0
2023-08-09,183.57000732421875,190.49000549316406,182.66000366210938,189.00999450683594,705000.0
2023-08-10,190.00999450683594,191.80999755859375,189.5399932861328,190.47999572753906,431700.0
2023-08-11,189.67999267578125,190.61000061035156,183.25999450683594,184.47000122070312,369500.0
2023-08-14,185.47999572753906,186.0399932861328,182.92999267578125,183.41000366210938,276400.0
2023-08-15,182.32000732421875,184.4199981689453,181.4499969482422,182.2899932861328,272400.0
2023-08-16,182.19000244140625,184.75999450683594,182.19000244140625,183.5800018310547,294300.0
2023-08-17,184.83999633789062,185.1699981689453,176.9499969482422,177.77000427246094,398400.0
2023-08-18,176.88999938964844,178.77999877929688,175.27000427246094,177.89999389648438,341000.0
2023-08-21,177.83999633789062,178.25999450683594,174.22000122070312,177.5800018310547,274300.0
2023-08-22,176.89999389648438,177.8000030517578,176.0399932861328,176.97999572753906,332400.0
2023-08-23,177.25999450683594,181.97999572753906,177.07000732421875,181.77000427246094,244000.0
2023-08-24,181.27999877929688,185.63999938964844,180.55999755859375,184.41000366210938,276700.0
2023-08-25,184.6199951171875,185.91000366210938,181.3699951171875,181.89999389648438,354600.0
2023-08-28,182.4600067138672,183.3800048828125,178.1199951171875,180.3300018310547,276000.0
2023-08-29,180.99000549316406,184.02999877929688,178.94000244140625,183.85000610351562,245100.0
2023-08-30,184.10000610351562,192.36000061035156,183.82000732421875,188.33999633789062,337800.0
2023-08-31,188.66000366210938,188.82000732421875,187.0399932861328,187.88999938964844,274600.0
2023-09-01,189.6300048828125,191.3000030517578,189.07000732421875,189.63999938964844,155100.0
2023-09-05,188.5399932861328,191.52999877929688,186.4499969482422,188.19000244140625,350500.0
2023-09-06,188.02999877929688,190.30999755859375,188.02999877929688,188.6699981689453,205900.0
2023-09-07,188.9199981689453,194.77999877929688,188.9199981689453,194.27000427246094,431400.0
2023-09-08,195.19000244140625,198.32000732421875,193.6999969482422,196.75,544000.0
2023-09-11,197.6999969482422,202.41000366210938,197.6999969482422,199.94000244140625,476200.0
2023-09-12,200.4600067138672,203.99000549316406,199.6999969482422,201.25,352900.0
2023-09-13,201.6699981689453,201.74000549316406,197.94000244140625,199.0800018310547,249000.0
2023-09-14,200.02999877929688,201.05999755859375,198.99000549316406,200.0399932861328,180700.0
2023-09-15,198.88999938964844,202.80999755859375,198.88999938964844,200.32000732421875,472500.0
2023-09-18,200.44000244140625,203.1999969482422,198.50999450683594,201.60000610351562,239100.0
2023-09-19,201.92999267578125,207.0,201.92999267578125,205.88999938964844,285300.0
2023-09-20,206.3800048828125,207.10000610351562,203.1699981689453,205.25,418300.0
2023-09-21,205.42999267578125,205.4499969482422,202.00999450683594,202.9600067138672,209500.0
2023-09-22,202.6699981689453,205.63999938964844,202.6699981689453,202.8699951171875,217000.0
2023-09-25,202.07000732421875,203.36000061035156,200.91000366210938,202.6300048828125,176300.0
2023-09-26,202.1300048828125,203.55999755859375,200.27999877929688,200.33999633789062,254300.0
2023-09-27,200.50999450683594,200.72999572753906,197.74000549316406,199.52000427246094,362700.0
2023-09-28,200.33999633789062,203.92999267578125,200.2100067138672,203.72999572753906,331600.0
2023-09-29,203.85000610351562,204.08999633789062,197.72999572753906,197.9199981689453,351500.0
2023-10-02,197.77999877929688,198.16000366210938,196.0399932861328,197.55999755859375,216700.0
2023-10-03,197.8300018310547,198.1999969482422,195.02000427246094,196.92999267578125,272000.0
2023-10-04,198.75,204.0500030517578,197.75999450683594,202.4600067138672,444100.0
2023-10-05,202.19000244140625,206.77999877929688,202.19000244140625,205.9600067138672,329400.0
2023-10-06,206.0399932861328,209.61000061035156,204.67999267578125,207.8699951171875,344600.0
2023-10-09,206.89999389648438,209.50999450683594,205.27000427246094,208.10000610351562,362300.0
2023-10-10,207.75,208.4600067138672,205.67999267578125,205.9499969482422,259300.0
2023-10-11,206.0800018310547,213.30999755859375,206.0800018310547,213.1999969482422,409200.0
2023-10-12,214.49000549316406,219.6199951171875,213.5500030517578,215.08999633789062,668000.0
2023-10-13,216.2899932861328,217.7100067138672,213.58999633789062,214.9600067138672,474400.0
2023-10-16,216.17999267578125,219.52999877929688,215.6999969482422,217.77000427246094,277600.0
2023-10-17,217.91000366210938,223.0800018310547,217.91000366210938,221.7899932861328,437300.0
2023-10-18,220.86000061035156,225.8000030517578,220.86000061035156,223.02999877929688,549600.0
2023-10-19,221.0500030517578,223.00999450683594,217.25999450683594,218.5399932861328,380200.0
2023-10-20,217.27999877929688,217.8300018310547,214.49000549316406,216.8800048828125,480000.0
2023-10-23,217.13999938964844,217.67999267578125,212.0,214.72999572753906,355800.0
2023-10-24,216.24000549316406,221.1199951171875,215.0,217.97999572753906,344000.0
2023-10-25,217.7899932861328,224.0,216.4600067138672,218.8800048828125,533400.0
2023-10-26,219.55999755859375,220.4499969482422,211.80999755859375,212.10000610351562,633800.0
2023-10-27,211.0399932861328,212.19000244140625,208.72000122070312,210.2100067138672,476600.0
2023-10-30,211.89999389648438,213.27999877929688,210.1999969482422,211.9199981689453,412200.0
2023-10-31,212.67999267578125,220.33999633789062,211.97999572753906,219.58999633789062,990300.0
2023-11-01,221.10000610351562,227.16000366210938,219.32000732421875,226.97000122070312,928300.0
2023-11-02,219.3699951171875,221.83999633789062,208.61000061035156,208.61000061035156,1927200.0
2023-11-03,208.9499969482422,212.1199951171875,203.05999755859375,206.0800018310547,1053100.0
2023-11-06,207.0500030517578,208.55999755859375,205.11000061035156,207.0399932861328,530700.0
2023-11-07,206.27999877929688,208.0,205.5800018310547,207.36000061035156,365300.0
2023-11-08,208.24000549316406,209.4199981689453,204.6699981689453,205.82000732421875,339100.0
2023-11-09,205.47999572753906,207.82000732421875,202.17999267578125,207.22000122070312,333400.0
2023-11-10,206.89999389648438,210.3000030517578,205.25999450683594,209.9199981689453,373000.0
2023-11-13,212.4499969482422,213.2100067138672,209.3699951171875,210.7899932861328,411300.0
2023-11-14,210.8000030517578,212.42999267578125,203.67999267578125,208.02999877929688,641200.0
2023-11-15,207.77999877929688,208.61000061035156,201.91000366210938,202.13999938964844,578700.0
2023-11-16,204.05999755859375,206.75999450683594,201.9199981689453,204.36000061035156,383000.0
2023-11-17,204.64999389648438,207.52999877929688,203.25999450683594,206.80999755859375,403700.0
2023-11-20,207.3000030517578,210.58999633789062,207.11000061035156,210.30999755859375,405400.0
2023-11-21,210.8000030517578,216.94000244140625,210.8000030517578,214.97999572753906,501600.0
2023-11-22,214.3699951171875,216.6999969482422,214.3699951171875,216.32000732421875,297600.0
2023-11-24,216.97999572753906,219.94000244140625,216.97999572753906,219.25999450683594,123100.0
2023-11-27,218.69000244140625,221.10000610351562,218.27999877929688,220.38999938964844,337200.0
2023-11-28,220.5,220.85000610351562,212.72000122070312,212.8300018310547,372100.0
2023-11-29,213.33999633789062,214.49000549316406,206.77999877929688,211.1300048828125,437700.0
2023-11-30,211.10000610351562,215.1999969482422,210.0,214.36000061035156,372000.0
2023-12-01,212.72000122070312,215.58999633789062,212.64999389648438,213.27000427246094,327000.0
2023-12-04,212.64999389648438,213.36000061035156,208.27999877929688,208.75999450683594,381600.0
2023-12-05,207.85000610351562,209.6999969482422,204.75999450683594,208.6199951171875,410700.0
2023-12-06,209.3800048828125,209.3800048828125,201.0,202.85000610351562,401500.0
2023-12-07,203.32000732421875,203.49000549316406,196.41000366210938,199.6300048828125,423900.0
2023-12-08,199.94000244140625,201.1699981689453,197.39999389648438,200.6699981689453,347000.0
2023-12-11,200.4199981689453,205.9499969482422,200.4199981689453,202.99000549316406,416300.0
2023-12-12,203.13999938964844,209.38999938964844,202.1999969482422,208.1300048828125,413100.0
2023-12-13,207.30999755859375,209.72000122070312,200.22000122070312,201.47000122070312,530300.0
2023-12-14,197.25,197.25,188.24000549316406,195.0,1218200.0
2023-12-15,194.55999755859375,196.25,192.22000122070312,196.11000061035156,1486000.0
2023-12-18,198.13999938964844,199.5800018310547,195.4600067138672,198.49000549316406,446700.0
2023-12-19,198.1199951171875,200.5800018310547,197.5,199.9199981689453,487300.0
2023-12-20,199.22000122070312,199.22000122070312,192.6300048828125,192.7100067138672,1031800.0
2023-12-21,192.17999267578125,196.22000122070312,190.88999938964844,194.5399932861328,474700.0
2023-12-22,194.77000427246094,196.5500030517578,193.77000427246094,194.49000549316406,442500.0
2023-12-26,194.92999267578125,195.55999755859375,191.7100067138672,192.6699981689453,444600.0
2023-12-27,191.8699951171875,193.91000366210938,191.61000061035156,193.30999755859375,263300.0
2023-12-28,193.0,195.0800018310547,192.55999755859375,194.75,308200.0
2023-12-29,194.5,196.61000061035156,193.25,196.0,345600.0
2024-01-02,196.9499969482422,200.30999755859375,196.9499969482422,200.13999938964844,433600.0
2024-01-03,200.7100067138672,202.60000610351562,197.99000549316406,202.44000244140625,374300.0
2024-01-04,203.63999938964844,206.10000610351562,202.08999633789062,202.08999633789062,283600.0
2024-01-05,203.82000732421875,205.0800018310547,200.6199951171875,201.27999877929688,333900.0
2024-01-08,202.36000061035156,203.0399932861328,199.9199981689453,202.72999572753906,261000.0
2024-01-09,202.61000061035156,202.61000061035156,197.49000549316406,201.1699981689453,271600.0
2024-01-10,200.1699981689453,201.49000549316406,198.22999572753906,200.64999389648438,229900.0
2024-01-11,201.30999755859375,204.44000244140625,199.72999572753906,204.16000366210938,221200.0
2024-01-12,204.67999267578125,207.07000732421875,204.64999389648438,204.97999572753906,303000.0
2024-01-16,205.0800018310547,210.14999389648438,204.6999969482422,209.1999969482422,474600.0
2024-01-17,209.0500030517578,212.22000122070312,204.6300048828125,205.61000061035156,384400.0
2024-01-18,204.60000610351562,209.9199981689453,203.35000610351562,209.74000549316406,361700.0
2024-01-19,210.8699951171875,214.0399932861328,208.22000122070312,209.91000366210938,293600.0
2024-01-22,209.50999450683594,210.94000244140625,208.91000366210938,209.0800018310547,327400.0
2024-01-23,208.77000427246094,210.3300018310547,207.19000244140625,208.08999633789062,362100.0
2024-01-24,209.74000549316406,210.82000732421875,208.52999877929688,209.32000732421875,303400.0
2024-01-25,209.6699981689453,210.25,205.6199951171875,209.57000732421875,391400.0
2024-01-26,209.72999572753906,213.36000061035156,209.02000427246094,213.30999755859375,404200.0
2024-01-29,212.5500030517578,215.0500030517578,211.6699981689453,214.5399932861328,538000.0
2024-01-30,214.75999450683594,216.72999572753906,214.22999572753906,215.05999755859375,627500.0
2024-01-31,226.00999450683594,233.85000610351562,220.5,228.8300018310547,1486700.0
2024-02-01,228.24000549316406,228.24000549316406,221.52000427246094,223.17999267578125,805400.0
2024-02-02,225.0,226.5800018310547,222.30999755859375,226.25,464100.0
2024-02-05,227.3699951171875,229.77000427246094,226.2100067138672,227.58999633789062,477000.0
2024-02-06,227.50999450683594,229.08999633789062,225.16000366210938,227.6699981689453,439800.0
2024-02-07,229.25,235.13999938964844,227.5,234.5500030517578,380600.0
2024-02-08,233.8300018310547,234.32000732421875,223.77000427246094,226.50999450683594,633600.0
2024-02-09,224.39999389648438,226.8300018310547,222.69000244140625,225.94000244140625,674900.0
2024-02-12,226.27000427246094,228.5,224.8000030517578,226.24000549316406,449200.0
2024-02-13,227.75,231.3800048828125,225.6300048828125,227.8699951171875,573700.0
2024-02-14,228.1300048828125,229.08999633789062,226.6999969482422,228.17999267578125,336000.0
2024-02-15,228.49000549316406,230.2100067138672,226.3000030517578,228.61000061035156,495800.0
2024-02-16,229.39999389648438,230.0,226.7100067138672,226.75999450683594,356500.0
2024-02-20,224.11000061035156,227.55999755859375,222.58999633789062,222.72000122070312,372800.0
2024-02-21,222.7100067138672,224.0,219.9499969482422,221.5500030517578,344700.0
2024-02-22,223.02000427246094,226.57000732421875,221.9499969482422,224.41000366210938,291300.0
2024-02-23,225.66000366210938,227.36000061035156,224.89999389648438,226.4499969482422,259200.0
2024-02-26,226.14999389648438,228.08999633789062,224.4499969482422,225.25,196800.0
2024-02-27,224.5,226.4499969482422,223.92999267578125,226.19000244140625,187500.0
2024-02-28,226.5500030517578,229.32000732421875,226.22000122070312,229.10000610351562,162900.0
2024-02-29,228.5399932861328,228.5399932861328,221.63999938964844,224.82000732421875,387900.0
2024-03-01,225.47999572753906,225.47999572753906,222.32000732421875,223.35000610351562,233000.0
2024-03-04,223.5399932861328,226.6300048828125,222.2899932861328,223.1300048828125,208300.0
2024-03-05,223.11000061035156,226.32000732421875,222.16000366210938,223.52000427246094,332200.0
2024-03-06,224.69000244140625,229.2100067138672,223.4600067138672,228.16000366210938,310400.0
2024-03-07,228.3300018310547,229.6300048828125,225.22999572753906,228.22999572753906,228100.0
2024-03-08,227.4199981689453,232.14999389648438,227.0500030517578,230.35000610351562,290500.0
2024-03-11,230.0500030517578,235.30999755859375,229.10000610351562,235.10000610351562,252000.0
2024-03-12,235.49000549316406,237.14999389648438,233.7100067138672,236.02000427246094,253400.0
2024-03-13,236.72000122070312,237.5800018310547,235.3300018310547,236.6999969482422,207700.0
2024-03-14,236.0399932861328,238.05999755859375,234.16000366210938,237.83999633789062,239900.0
2024-03-15,237.27999877929688,239.4199981689453,236.99000549316406,237.39999389648438,871700.0
2024-03-18,236.3800048828125,238.35000610351562,235.25999450683594,235.39999389648438,227700.0
2024-03-19,236.4499969482422,237.52000427246094,235.0,235.2899932861328,215900.0
2024-03-20,233.8300018310547,236.72000122070312,233.8300018310547,236.19000244140625,217800.0
2024-03-21,235.72000122070312,236.89999389648438,231.0500030517578,231.6300048828125,269000.0
2024-03-22,231.36000061035156,231.91000366210938,228.1199951171875,228.47000122070312,261200.0
2024-03-25,227.32000732421875,234.19000244140625,227.32000732421875,231.97999572753906,315800.0
2024-03-26,231.1199951171875,234.30999755859375,230.69000244140625,233.3699951171875,344900.0
2024-03-27,234.99000549316406,237.36000061035156,233.2899932861328,236.05999755859375,312100.0
2024-03-28,236.35000610351562,237.99000549316406,235.02999877929688,235.02999877929688,204400.0
2024-04-01,235.0,235.80999755859375,233.19000244140625,234.97000122070312,254400.0
2024-04-02,236.0399932861328,236.99000549316406,230.86000061035156,230.99000549316406,259200.0
2024-04-03,230.6300048828125,230.99000549316406,226.9600067138672,229.6999969482422,353200.0
2024-04-04,230.22999572753906,230.7100067138672,223.47999572753906,224.1199951171875,418900.0
2024-04-05,225.6999969482422,227.32000732421875,221.66000366210938,222.88999938964844,377600.0
2024-04-08,223.75,224.4600067138672,221.3000030517578,223.00999450683594,268200.0
2024-04-09,222.7899932861328,223.1699981689453,219.1199951171875,220.4600067138672,282300.0
2024-04-10,220.49000549316406,224.3800048828125,220.49000549316406,222.3699951171875,411000.0
2024-04-11,221.02000427246094,221.0800018310547,217.50999450683594,217.64999389648438,360700.0
2024-04-12,217.27000427246094,218.8800048828125,214.55999755859375,215.77999877929688,291300.0
2024-04-15,216.67999267578125,218.9199981689453,213.50999450683594,213.5800018310547,244700.0
2024-04-16,214.36000061035156,216.61000061035156,213.39999389648438,215.0399932861328,252300.0
2024-04-17,214.55999755859375,217.30999755859375,214.22000122070312,216.39999389648438,289900.0
2024-04-18,218.52999877929688,223.47999572753906,217.77999877929688,222.83999633789062,494500.0
2024-04-19,223.8800048828125,225.17999267578125,221.27999877929688,224.74000549316406,308700.0
2024-04-22,226.89999389648438,227.9600067138672,225.61000061035156,226.82000732421875,194200.0
2024-04-23,227.44000244140625,227.55999755859375,220.00999450683594,220.1699981689453,344900.0
2024-04-24,219.35000610351562,220.5399932861328,217.22999572753906,219.8000030517578,291800.0
2024-04-25,219.47999572753906,221.22000122070312,216.08999633789062,219.60000610351562,214000.0
2024-04-26,218.4600067138672,219.7899932861328,215.75999450683594,219.0800018310547,176600.0
2024-04-29,218.99000549316406,222.39999389648438,218.39999389648438,221.67999267578125,375200.0
2024-04-30,221.17999267578125,221.17999267578125,215.19000244140625,219.25,675300.0
2024-05-01,234.1699981689453,234.5800018310547,212.17999267578125,218.32000732421875,896100.0
2024-05-02,220.61000061035156,224.1999969482422,217.05999755859375,218.55999755859375,625000.0
2024-05-03,216.1999969482422,219.72000122070312,213.3000030517578,218.32000732421875,374800.0
2024-05-06,218.5,224.27000427246094,218.5,222.97999572753906,268900.0
2024-05-07,224.32000732421875,226.64999389648438,222.8800048828125,225.17999267578125,412600.0
2024-05-08,225.0,229.3800048828125,223.52000427246094,226.61000061035156,235400.0
2024-05-09,226.99000549316406,227.89999389648438,225.0,225.80999755859375,144500.0
2024-05-10,226.0,229.47999572753906,224.9600067138672,225.75,191900.0
2024-05-13,225.63999938964844,228.5,223.64999389648438,223.6699981689453,200700.0
2024-05-14,223.69000244140625,223.7100067138672,221.5,223.14999389648438,256200.0
2024-05-15,221.33999633789062,224.3000030517578,220.7899932861328,222.85000610351562,264000.0
2024-05-16,224.3800048828125,227.5,221.50999450683594,226.85000610351562,239400.0
2024-05-17,228.63999938964844,229.9600067138672,227.1199951171875,229.42999267578125,178800.0
2024-05-20,230.0,230.0,226.75,227.39999389648438,193100.0
2024-05-21,228.27000427246094,231.80999755859375,227.61000061035156,231.77000427246094,269400.0
2024-05-22,231.41000366210938,235.4499969482422,230.4199981689453,231.02000427246094,327900.0
2024-05-23,231.02000427246094,232.39999389648438,225.6999969482422,227.27000427246094,274700.0
2024-05-24,227.27000427246094,228.94000244140625,226.5399932861328,228.6699981689453,150100.0
2024-05-28,227.4199981689453,229.35000610351562,225.10000610351562,228.97000122070312,220200.0
2024-05-29,228.38999938964844,228.38999938964844,222.6199951171875,222.64999389648438,280700.0
2024-05-30,222.86000061035156,227.89999389648438,222.25999450683594,227.55999755859375,398200.0
2024-05-31,227.58999633789062,229.74000549316406,226.00999450683594,227.86000061035156,367000.0
2024-06-03,227.75,230.24000549316406,223.32000732421875,224.77999877929688,303400.0
2024-06-04,224.82000732421875,228.2100067138672,224.3300018310547,224.42999267578125,207800.0
2024-06-05,223.67999267578125,226.42999267578125,221.69000244140625,226.0,241100.0
2024-06-06,226.6199951171875,227.74000549316406,224.77999877929688,226.39999389648438,172100.0
2024-06-07,226.6699981689453,229.92999267578125,225.9499969482422,227.94000244140625,160000.0
2024-06-10,227.08999633789062,229.1199951171875,224.7100067138672,227.9600067138672,150400.0
2024-06-11,225.97999572753906,226.3699951171875,223.27000427246094,223.2899932861328,286300.0
2024-06-12,223.5399932861328,223.8699951171875,217.80999755859375,219.66000366210938,288200.0
2024-06-13,219.82000732421875,222.52999877929688,219.5,221.3300018310547,256000.0
2024-06-14,219.08999633789062,220.10000610351562,217.1699981689453,218.02999877929688,254900.0
2024-06-17,218.35000610351562,223.9499969482422,218.3000030517578,223.14999389648438,189600.0
2024-06-18,223.14999389648438,228.13999938964844,223.14999389648438,225.47000122070312,308700.0
2024-06-20,225.86000061035156,228.4199981689453,225.32000732421875,225.94000244140625,212100.0
2024-06-21,226.44000244140625,226.83999633789062,223.32000732421875,224.27000427246094,523100.0
2024-06-24,225.2100067138672,228.52999877929688,223.5,226.55999755859375,237100.0
2024-06-25,226.75,230.4199981689453,226.22000122070312,229.47999572753906,234800.0
2024-06-26,228.6699981689453,228.6699981689453,225.02999877929688,225.44000244140625,210000.0
2024-06-27,225.0,225.75,222.5,224.57000732421875,278600.0
2024-06-28,225.9499969482422,225.9499969482422,219.86000061035156,223.50999450683594,819900.0
2024-07-01,225.6300048828125,227.7100067138672,221.0,221.1699981689453,252100.0
2024-07-02,217.08999633789062,218.1699981689453,212.5800018310547,212.92999267578125,540600.0
2024-07-03,213.27000427246094,214.0,211.9600067138672,212.30999755859375,309500.0
2024-07-05,210.69000244140625,213.08999633789062,208.97999572753906,211.47000122070312,731500.0
2024-07-08,216.72000122070312,221.22999572753906,215.85000610351562,217.7100067138672,386600.0
2024-07-09,216.0399932861328,220.42999267578125,216.0399932861328,217.27999877929688,241200.0
2024-07-10,217.57000732421875,220.08999633789062,217.4199981689453,219.16000366210938,223500.0
2024-07-11,221.08999633789062,221.08999633789062,217.42999267578125,217.8300018310547,320500.0
2024-07-12,218.30999755859375,221.1199951171875,217.5,220.0,241300.0
2024-07-15,220.72999572753906,225.6699981689453,220.72999572753906,225.17999267578125,326700.0
2024-07-16,225.39999389648438,229.57000732421875,225.17999267578125,229.3699951171875,251300.0
2024-07-17,230.0,233.7100067138672,228.8800048828125,229.42999267578125,307300.0
2024-07-18,230.3000030517578,233.44000244140625,229.66000366210938,229.88999938964844,237300.0
2024-07-19,229.4199981689453,229.4199981689453,223.82000732421875,225.64999389648438,357000.0
2024-07-22,225.64999389648438,228.4499969482422,224.47999572753906,225.58999633789062,263900.0
2024-07-23,225.39999389648438,227.2100067138672,224.0800018310547,225.86000061035156,227100.0
2024-07-24,226.11000061035156,227.57000732421875,223.3800048828125,224.6999969482422,395300.0
2024-07-25,217.27999877929688,224.8000030517578,210.50999450683594,219.58999633789062,894000.0
2024-07-26,222.36000061035156,228.6999969482422,221.3000030517578,224.5,399600.0
2024-07-29,224.1300048828125,228.9600067138672,223.5500030517578,226.94000244140625,219800.0
2024-07-30,228.47999572753906,232.1699981689453,227.27000427246094,229.88999938964844,202200.0
2024-07-31,230.02999877929688,233.64999389648438,229.52000427246094,231.91000366210938,306700.0
2024-08-01,233.9199981689453,234.33999633789062,227.08999633789062,231.86000061035156,623900.0
2024-08-02,231.80999755859375,234.88999938964844,229.11000061035156,234.6699981689453,411700.0
2024-08-05,231.08999633789062,231.08999633789062,224.41000366210938,228.39999389648438,842300.0
2024-08-06,228.44000244140625,231.6999969482422,226.74000549316406,227.36000061035156,243600.0
2024-08-07,228.2899932861328,231.1300048828125,227.5500030517578,229.33999633789062,242900.0
2024-08-08,230.25,233.89999389648438,228.86000061035156,232.75,211900.0
2024-08-09,233.5,236.08999633789062,231.83999633789062,235.92999267578125,293900.0
2024-08-12,236.1999969482422,237.67999267578125,234.32000732421875,234.6699981689453,243700.0
2024-08-13,235.97999572753906,235.97999572753906,231.4199981689453,232.50999450683594,230300.0
2024-08-14,232.77999877929688,236.83999633789062,232.63999938964844,236.42999267578125,164900.0
2024-08-15,237.82000732421875,239.36000061035156,235.69000244140625,239.10000610351562,169400.0
2024-08-16,240.0,241.52999877929688,238.33999633789062,240.5800018310547,234200.0
2024-08-19,240.8699951171875,246.85000610351562,240.8699951171875,245.52999877929688,269700.0
2024-08-20,244.8000030517578,246.1300048828125,243.61000061035156,244.6699981689453,265300.0
2024-08-21,245.0,245.08999633789062,242.16000366210938,244.9600067138672,168300.0
2024-08-22,245.14999389648438,247.25999450683594,244.42999267578125,247.25,181900.0
2024-08-23,248.35000610351562,252.38999938964844,248.0500030517578,251.99000549316406,449700.0
2024-08-26,252.9499969482422,255.32000732421875,250.02000427246094,250.11000061035156,208800.0
2024-08-27,251.00999450683594,251.64999389648438,249.55999755859375,250.50999450683594,181200.0
2024-08-28,251.22999572753906,256.25,250.39999389648438,255.86000061035156,293100.0
2024-08-29,256.07000732421875,259.0299987792969,254.6300048828125,257.45001220703125,264500.0
2024-08-30,257.4200134277344,259.2300109863281,253.89999389648438,254.7899932861328,373800.0
2024-09-03,254.5500030517578,259.1700134277344,254.2100067138672,256.94000244140625,287800.0
2024-09-04,258.6499938964844,260.9700012207031,257.70001220703125,259.0400085449219,225100.0
2024-09-05,259.6499938964844,261.6199951171875,257.80999755859375,259.9100036621094,220000.0
2024-09-06,259.6300048828125,261.07000732421875,258.1099853515625,258.2699890136719,222000.0
2024-09-09,258.7900085449219,261.3999938964844,255.94000244140625,258.8299865722656,264400.0
2024-09-10,259.8800048828125,259.8800048828125,255.36000061035156,256.1199951171875,292600.0
2024-09-11,256.3399963378906,256.3399963378906,251.8699951171875,254.94000244140625,251500.0
2024-09-12,254.66000366210938,254.94000244140625,251.22999572753906,254.1999969482422,357000.0
2024-09-13,255.52000427246094,258.7799987792969,254.25999450683594,258.510009765625,247000.0
2024-09-16,260.1300048828125,268.6099853515625,260.1300048828125,266.0,312900.0
2024-09-17,265.70001220703125,266.1400146484375,263.5,263.5799865722656,236200.0
2024-09-18,265.1199951171875,265.6600036621094,261.6000061035156,262.9599914550781,199700.0
2024-09-19,264.0,265.7099914550781,260.5400085449219,260.9599914550781,435800.0
2024-09-20,261.510009765625,265.2200012207031,259.260009765625,263.6700134277344,667600.0
2024-09-23,265.1499938964844,265.75,263.70001220703125,264.54998779296875,259600.0
2024-09-24,264.4100036621094,266.20001220703125,261.0899963378906,262.6400146484375,265700.0
2024-09-25,263.82000732421875,264.20001220703125,258.29998779296875,264.0400085449219,300800.0
2024-09-26,263.1400146484375,269.6099853515625,262.1700134277344,269.0899963378906,384100.0
2024-09-27,268.57000732421875,271.79998779296875,268.57000732421875,269.3999938964844,314700.0
2024-09-30,270.0,272.7300109863281,264.45001220703125,272.3999938964844,423100.0
2024-10-01,272.3699951171875,276.54998779296875,271.5199890136719,274.29998779296875,248200.0
2024-10-02,273.760009765625,276.3999938964844,273.3900146484375,275.29998779296875,240200.0
2024-10-03,274.9800109863281,274.9800109863281,271.75,273.8699951171875,195900.0
2024-10-04,275.510009765625,279.760009765625,275.510009765625,279.69000244140625,256800.0
2024-10-07,272.0899963378906,275.3699951171875,251.5,253.80999755859375,992700.0
2024-10-08,257.0,267.4599914550781,257.0,261.4700012207031,879000.0
2024-10-09,260.3599853515625,275.79998779296875,258.95001220703125,273.82000732421875,925800.0
2024-10-10,281.6700134277344,283.8599853515625,274.95001220703125,278.79998779296875,699100.0
2024-10-11,279.82000732421875,280.3999938964844,272.6600036621094,275.54998779296875,431600.0
2024-10-14,275.80999755859375,279.20001220703125,273.0299987792969,278.6400146484375,394600.0
2024-10-15,278.6499938964844,282.0199890136719,274.4599914550781,274.67999267578125,348000.0
2024-10-16,274.6499938964844,277.8599853515625,274.04998779296875,275.8599853515625,309700.0
2024-10-17,279.2200012207031,283.7200012207031,277.4700012207031,283.489990234375,423600.0
2024-10-18,282.8299865722656,283.1000061035156,279.54998779296875,282.6000061035156,1355500.0
2024-10-21,282.4700012207031,284.3599853515625,278.5899963378906,278.9700012207031,434800.0
2024-10-22,277.3699951171875,278.45001220703125,271.6400146484375,276.1000061035156,274000.0
2024-10-23,276.1400146484375,276.1400146484375,272.8399963378906,275.0899963378906,238300.0
2024-10-24,276.0,276.5,272.30999755859375,272.57000732421875,289800.0
2024-10-25,272.3500061035156,275.1199951171875,267.5400085449219,268.3599853515625,254900.0
2024-10-28,270.30999755859375,272.6400146484375,269.1300048828125,269.2799987792969,194300.0
2024-10-29,267.5299987792969,270.0199890136719,267.0,268.0799865722656,257900.0
2024-10-30,268.1099853515625,271.44000244140625,266.9599914550781,267.3999938964844,256500.0
2024-10-31,265.1499938964844,266.3999938964844,257.4700012207031,262.3999938964844,491100.0
2024-11-01,263.8599853515625,269.07000732421875,263.30999755859375,264.07000732421875,382600.0
2024-11-04,263.0,267.92999267578125,262.2099914550781,266.489990234375,378300.0
2024-11-05,265.3500061035156,270.6099853515625,265.1300048828125,269.2900085449219,326600.0
2024-11-06,282.3599853515625,282.3599853515625,273.0400085449219,277.8999938964844,440000.0
2024-11-07,300.0,300.0,260.54998779296875,265.80999755859375,1010000.0
2024-11-08,268.4200134277344,271.1400146484375,264.9599914550781,268.1199951171875,746100.0
2024-11-11,269.7799987792969,270.55999755859375,261.82000732421875,264.760009765625,655200.0
2024-11-12,264.30999755859375,265.80999755859375,262.510009765625,263.8299865722656,552300.0
2024-11-13,263.760009765625,264.3900146484375,259.8999938964844,260.2699890136719,654900.0
2024-11-14,260.0,261.67999267578125,254.72000122070312,256.9599914550781,617200.0
2024-11-15,258.510009765625,260.7900085449219,256.239990234375,260.17999267578125,583200.0
2024-11-18,257.5799865722656,261.6000061035156,257.5799865722656,261.5,780700.0
2024-11-19,259.1499938964844,264.8500061035156,258.3699951171875,264.6099853515625,485000.0
2024-11-20,265.07000732421875,266.94000244140625,263.55999755859375,264.29998779296875,328600.0
2024-11-21,264.3900146484375,266.5299987792969,262.70001220703125,264.6400146484375,346200.0
2024-11-22,264.95001220703125,272.82000732421875,264.95001220703125,271.8999938964844,366900.0
2024-11-25,273.2200012207031,280.6700134277344,273.2200012207031,279.6700134277344,513400.0
2024-11-26,278.5199890136719,282.4200134277344,276.8500061035156,282.3800048828125,330700.0
2024-11-27,283.2699890136719,285.7900085449219,282.70001220703125,285.44000244140625,399200.0
2024-11-29,284.760009765625,287.94000244140625,284.760009765625,286.1499938964844,244200.0
2024-12-02,286.8800048828125,288.6099853515625,283.2099914550781,287.4700012207031,446000.0
2024-12-03,287.3900146484375,289.510009765625,285.29998779296875,286.94000244140625,470100.0
2024-12-04,286.70001220703125,287.5899963378906,278.3699951171875,284.5,414200.0
2024-12-05,286.94000244140625,290.7799987792969,285.739990234375,287.05999755859375,349600.0
2024-12-06,286.0,288.6099853515625,278.5299987792969,279.6600036621094,418400.0
2024-12-09,278.3800048828125,280.5299987792969,274.3999938964844,274.69000244140625,391200.0
2024-12-10,274.57000732421875,274.57000732421875,268.4200134277344,269.0799865722656,387400.0
2024-12-11,269.1499938964844,271.5799865722656,268.239990234375,270.7799987792969,311200.0
2024-12-12,272.3399963378906,274.6300048828125,267.9700012207031,268.2300109863281,321200.0
2024-12-13,269.2900085449219,269.3900146484375,266.42999267578125,267.760009765625,348600.0
2024-12-16,266.5,266.5,258.0799865722656,260.239990234375,874400.0
2024-12-17,258.45001220703125,259.8399963378906,255.08999633789062,255.19000244140625,676700.0
2024-12-18,250.50999450683594,253.57000732421875,241.5500030517578,241.97000122070312,813000.0
2024-12-19,242.61000061035156,250.94000244140625,242.5800018310547,248.3699951171875,722100.0
2024-12-20,247.4499969482422,253.80999755859375,247.4499969482422,249.3699951171875,1216200.0
2024-12-23,247.66000366210938,251.11000061035156,247.6199951171875,249.77000427246094,396700.0
2024-12-24,250.63999938964844,251.36000061035156,249.6300048828125,249.9499969482422,148800.0
2024-12-26,250.00999450683594,252.3699951171875,249.94000244140625,250.9499969482422,250200.0
2024-12-27,248.86000061035156,251.3699951171875,247.92999267578125,250.6300048828125,356800.0
2024-12-30,248.35000610351562,250.7899932861328,247.0399932861328,248.8000030517578,338000.0
2024-12-31,248.72000122070312,251.2899932861328,248.50999450683594,248.80999755859375,307000.0
2025-01-02,249.55999755859375,250.72000122070312,246.91000366210938,248.8300018310547,444100.0
2025-01-03,251.0,253.1199951171875,246.94000244140625,252.8300018310547,279100.0
2025-01-06,249.9600067138672,253.5,248.5,248.6199951171875,470700.0
2025-01-07,248.77999877929688,256.3599853515625,248.16000366210938,253.83999633789062,385000.0
2025-01-08,252.27000427246094,253.8300018310547,249.6300048828125,253.3300018310547,429500.0
2025-01-10,249.77999877929688,253.6199951171875,246.6999969482422,250.0500030517578,585200.0
2025-01-13,247.8300018310547,253.63999938964844,247.74000549316406,253.30999755859375,536800.0
2025-01-14,252.7899932861328,255.2899932861328,249.85000610351562,251.13999938964844,684100.0
2025-01-15,254.16000366210938,256.0,249.67999267578125,255.0,590900.0
2025-01-16,255.0,257.3599853515625,254.74000549316406,256.9700012207031,405300.0
2025-01-17,257.6199951171875,260.0899963378906,256.1499938964844,257.4599914550781,1347200.0
2025-01-21,257.4599914550781,260.3900146484375,255.9499969482422,257.2200012207031,319700.0
2025-01-22,258.20001220703125,260.1099853515625,255.5800018310547,256.1600036621094,391100.0
2025-01-23,255.69000244140625,256.5799865722656,251.0800018310547,251.97000122070312,298200.0
2025-01-24,252.83999633789062,256.4599914550781,252.5,256.0199890136719,363700.0
2025-01-27,257.6099853515625,263.45001220703125,256.1000061035156,263.2200012207031,449100.0
2025-01-28,262.1499938964844,262.20001220703125,256.80999755859375,259.05999755859375,485100.0
2025-01-29,246.22000122070312,246.22000122070312,235.22000122070312,236.88999938964844,1660800.0
2025-01-30,236.88999938964844,240.22999572753906,235.0800018310547,238.38999938964844,884500.0
2025-01-31,236.25,237.27000427246094,232.32000732421875,232.5800018310547,923500.0
2025-02-03,229.55999755859375,235.50999450683594,229.52999877929688,232.22999572753906,630000.0
2025-02-04,231.50999450683594,234.6300048828125,228.85000610351562,232.41000366210938,572800.0
2025-02-05,233.30999755859375,236.00999450683594,233.1699981689453,234.0,623300.0
2025-02-06,236.97999572753906,240.97000122070312,235.1300048828125,240.9199981689453,628200.0
2025-02-07,240.17999267578125,240.99000549316406,236.07000732421875,239.5399932861328,435100.0
2025-02-10,238.10000610351562,239.9600067138672,233.10000610351562,234.02000427246094,360600.0
2025-02-11,233.52999877929688,235.66000366210938,231.17999267578125,235.02000427246094,338900.0
2025-02-12,235.02000427246094,235.50999450683594,230.77000427246094,231.02000427246094,391900.0
2025-02-13,231.57000732421875,233.99000549316406,228.66000366210938,233.39999389648438,457000.0
2025-02-14,232.64999389648438,233.77999877929688,229.72999572753906,230.92999267578125,298000.0
2025-02-18,230.9600067138672,232.89999389648438,229.0,232.75999450683594,440300.0
2025-02-19,232.05999755859375,233.75999450683594,228.8800048828125,230.1699981689453,377000.0
2025-02-20,229.86000061035156,229.89999389648438,226.58999633789062,228.9199981689453,488600.0
2025-02-21,229.13999938964844,229.72000122070312,225.3300018310547,226.5500030517578,578200.0
2025-02-24,228.1699981689453,230.1699981689453,224.8800048828125,228.5,513800.0
2025-02-25,230.0399932861328,234.1199951171875,229.72000122070312,232.8000030517578,525400.0
2025-02-26,231.8300018310547,232.5800018310547,229.83999633789062,231.16000366210938,313300.0
2025-02-27,233.1699981689453,234.7100067138672,231.8699951171875,233.58999633789062,418800.0
2025-02-28,235.3000030517578,237.6999969482422,233.94000244140625,237.6199951171875,445100.0
2025-03-03,238.5800018310547,241.5,235.74000549316406,241.27000427246094,447300.0
2025-03-04,240.16000366210938,248.8699951171875,238.75,244.67999267578125,769700.0
2025-03-05,244.4600067138672,246.99000549316406,241.63999938964844,244.0,627700.0
2025-03-06,243.3000030517578,243.82000732421875,238.61000061035156,243.1999969482422,705000.0
2025-03-07,241.97999572753906,244.63999938964844,239.25999450683594,243.82000732421875,600200.0
2025-03-10,241.75,247.19000244140625,240.1999969482422,241.4499969482422,592500.0
2025-03-11,241.10000610351562,241.10000610351562,237.42999267578125,239.41000366210938,474900.0
2025-03-12,239.25999450683594,239.92999267578125,234.58999633789062,234.92999267578125,461200.0
2025-03-13,234.41000366210938,237.85000610351562,234.25,236.22999572753906,412800.0
2025-03-14,237.0,239.77999877929688,235.52000427246094,239.64999389648438,559300.0
2025-03-17,239.75,246.0399932861328,239.75,245.2899932861328,532800.0
2025-03-18,244.49000549316406,246.66000366210938,240.49000549316406,240.61000061035156,345000.0
2025-03-19,239.83999633789062,241.5,237.5500030517578,240.41000366210938,590800.0
2025-03-20,241.4499969482422,241.4499969482422,235.19000244140625,235.6999969482422,622900.0
2025-03-21,234.0,237.5,233.1699981689453,236.33999633789062,1416200.0
2025-03-24,236.47999572753906,240.07000732421875,236.4199981689453,239.69000244140625,431400.0
2025-03-25,240.97999572753906,242.08999633789062,235.94000244140625,239.1199951171875,458000.0
2025-03-26,240.60000610351562,247.24000549316406,239.50999450683594,244.27000427246094,411000.0
2025-03-27,245.75999450683594,246.85000610351562,242.49000549316406,246.72999572753906,322900.0
2025-03-28,247.27000427246094,248.50999450683594,241.85000610351562,242.3800048828125,269500.0
2025-03-31,241.6999969482422,243.0399932861328,239.60000610351562,240.0,714700.0
2025-04-01,241.0800018310547,245.2100067138672,239.6300048828125,245.0,657400.0
2025-04-02,242.97999572753906,251.44000244140625,242.97999572753906,249.14999389648438,539300.0
2025-04-03,244.61000061035156,248.60000610351562,243.55999755859375,245.35000610351562,299300.0
2025-04-04,245.9600067138672,246.1300048828125,232.50999450683594,232.6699981689453,869600.0
2025-04-07,226.47000122070312,232.61000061035156,219.0,220.3699951171875,515200.0
2025-04-08,229.5,237.1199951171875,223.22999572753906,226.2100067138672,611100.0
2025-04-09,222.99000549316406,241.1999969482422,222.9600067138672,238.8800048828125,514300.0
2025-04-10,236.4600067138672,238.3300018310547,229.02000427246094,232.0500030517578,531400.0
2025-04-11,232.75,238.3000030517578,228.47999572753906,238.00999450683594,524300.0
2025-04-14,240.75999450683594,246.6199951171875,239.24000549316406,239.7899932861328,254100.0
2025-04-15,238.5800018310547,243.30999755859375,237.60000610351562,238.39999389648438,253200.0
2025-04-16,240.02000427246094,242.6199951171875,236.07000732421875,237.85000610351562,278200.0
2025-04-17,237.32000732421875,242.72999572753906,237.25,240.64999389648438,429100.0
2025-04-21,240.41000366210938,241.0,232.74000549316406,234.82000732421875,705800.0
2025-04-22,238.3000030517578,244.52000427246094,236.22000122070312,243.5,426900.0
2025-04-23,243.83999633789062,244.50999450683594,238.3800048828125,239.9600067138672,520000.0
2025-04-24,230.0,235.02999877929688,222.75,227.94000244140625,1013300.0
2025-04-25,229.19000244140625,237.0500030517578,229.19000244140625,235.35000610351562,1074200.0
2025-04-28,234.0,238.57000732421875,232.52999877929688,237.88999938964844,421300.0
2025-04-29,236.7899932861328,243.0800018310547,236.10000610351562,242.00999450683594,517700.0
2025-04-30,240.8699951171875,242.3699951171875,236.67999267578125,241.92999267578125,440200.0
2025-05-01,238.80999755859375,241.08999633789062,236.92999267578125,237.1999969482422,376700.0
2025-05-02,238.9199981689453,243.89999389648438,238.6999969482422,243.24000549316406,429100.0
2025-05-05,242.3800048828125,247.6999969482422,240.47000122070312,246.8300018310547,312700.0
2025-05-06,245.83999633789062,248.3300018310547,244.0,247.57000732421875,308700.0
2025-05-07,247.57000732421875,250.75999450683594,247.57000732421875,248.13999938964844,423700.0
2025-05-08,249.25,252.10000610351562,249.25,249.92999267578125,389700.0
2025-05-09,250.7100067138672,251.88999938964844,249.60000610351562,251.88999938964844,277700.0
2025-05-12,251.67999267578125,251.67999267578125,244.9499969482422,248.22000122070312,310000.0
2025-05-13,248.52999877929688,249.6199951171875,243.3800048828125,243.44000244140625,385600.0
2025-05-14,244.44000244140625,244.44000244140625,239.3300018310547,239.5500030517578,308600.0
2025-05-15,240.41000366210938,243.3300018310547,239.77000427246094,243.07000732421875,519100.0
2025-05-16,243.33999633789062,247.3000030517578,243.1999969482422,246.10000610351562,421000.0
2025-05-19,246.41000366210938,248.8300018310547,243.9199981689453,248.10000610351562,248200.0
2025-05-20,247.67999267578125,248.11000061035156,246.24000549316406,246.39999389648438,269400.0
2025-05-21,246.39999389648438,247.47999572753906,243.2899932861328,244.32000732421875,326400.0
2025-05-22,243.91000366210938,244.5,238.44000244140625,238.77000427246094,347400.0
2025-05-23,238.75,240.4199981689453,236.22000122070312,238.99000549316406,711300.0
2025-05-27,240.00999450683594,245.27999877929688,238.67999267578125,244.7100067138672,344500.0
2025-05-28,244.5399932861328,245.13999938964844,239.27000427246094,239.69000244140625,281700.0
2025-05-29,240.17999267578125,245.42999267578125,238.00999450683594,245.13999938964844,329700.0
2025-05-30,244.82000732421875,250.61000061035156,243.02999877929688,249.4199981689453,584500.0
2025-06-02,248.10000610351562,254.08999633789062,247.6199951171875,253.9499969482422,440300.0
2025-06-03,253.8800048828125,253.97000122070312,247.5800018310547,250.9199981689453,343200.0
2025-06-04,251.4499969482422,252.7100067138672,246.58999633789062,246.8699951171875,313200.0
2025-06-05,246.72000122070312,247.69000244140625,242.55999755859375,242.89999389648438,478800.0
2025-06-06,246.7100067138672,247.30999755859375,243.6999969482422,246.8300018310547,358800.0
2025-06-09,245.83999633789062,246.55999755859375,236.85000610351562,243.8800048828125,412200.0
2025-06-10,242.91000366210938,246.83999633789062,241.32000732421875,243.3000030517578,251400.0
2025-06-11,243.16000366210938,244.38999938964844,240.6999969482422,241.63999938964844,285700.0
2025-06-12,239.69000244140625,247.1699981689453,239.69000244140625,246.9499969482422,279300.0
2025-06-13,245.1300048828125,247.33999633789062,243.1199951171875,244.38999938964844,239900.0
2025-06-16,244.9499969482422,249.42999267578125,244.9499969482422,247.64999389648438,366300.0
2025-06-17,246.94000244140625,246.94000244140625,242.2100067138672,243.64999389648438,359600.0
2025-06-18,243.0500030517578,248.27999877929688,243.0500030517578,245.2100067138672,498100.0
2025-06-20,247.02999877929688,247.44000244140625,242.47000122070312,244.58999633789062,996100.0
2025-06-23,243.75,246.47000122070312,240.77000427246094,244.89999389648438,496600.0
2025-06-24,246.4199981689453,246.4199981689453,242.9600067138672,244.19000244140625,659100.0
2025-06-25,243.50999450683594,244.0399932861328,240.16000366210938,240.83999633789062,302400.0
2025-06-26,241.36000061035156,243.16000366210938,241.02999877929688,241.61000061035156,228000.0
2025-06-27,241.66000366210938,243.77999877929688,239.3000030517578,241.4600067138672,572400.0
2025-06-30,242.4499969482422,244.11000061035156,240.32000732421875,242.89999389648438,622600.0
2025-07-01,243.25,245.80999755859375,241.9499969482422,244.08999633789062,475200.0
2025-07-02,242.92999267578125,242.92999267578125,234.14999389648438,235.8300018310547,534400.0
2025-07-03,239.61000061035156,242.24000549316406,238.7899932861328,240.89999389648438,332900.0
2025-07-07,241.5399932861328,242.5,237.97999572753906,239.27000427246094,327700.0
2025-07-08,237.7100067138672,241.74000549316406,237.7100067138672,240.6300048828125,504000.0
2025-07-09,239.0,240.4600067138672,238.50999450683594,240.25,357800.0
2025-07-10,237.8800048828125,239.0800018310547,236.57000732421875,238.44000244140625,398900.0
2025-07-11,237.49000549316406,239.17999267578125,236.74000549316406,237.4600067138672,279800.0
2025-07-14,237.61000061035156,242.61000061035156,237.61000061035156,239.8000030517578,655900.0
2025-07-15,238.50999450683594,241.1300048828125,235.94000244140625,236.0,532700.0
2025-07-16,237.3800048828125,239.52999877929688,236.5500030517578,239.2100067138672,396700.0
2025-07-17,237.63999938964844,239.9199981689453,236.0,239.0,376600.0
2025-07-18,239.07000732421875,239.88999938964844,235.8699951171875,235.9600067138672,347400.0
2025-07-21,235.77999877929688,237.58999633789062,231.39999389648438,231.9499969482422,703000.0
2025-07-22,233.99000549316406,237.6699981689453,233.22999572753906,237.1300048828125,797300.0
2025-07-23,237.0399932861328,239.5399932861328,235.83999633789062,237.25,642900.0
2025-07-24,237.10000610351562,240.52000427246094,233.2899932861328,239.0,849300.0
2025-07-25,238.35000610351562,247.44000244140625,237.9600067138672,247.25999450683594,947100.0
2025-07-28,246.08999633789062,247.6999969482422,241.67999267578125,245.32000732421875,617800.0
2025-07-29,247.9499969482422,249.0500030517578,241.5800018310547,244.33999633789062,462600.0
2025-07-30,244.82000732421875,246.0,242.61000061035156,244.47000122070312,497600.0
2025-07-31,245.08999633789062,250.0,243.52999877929688,243.74000549316406,611300.0
2025-08-01,244.39999389648438,245.0500030517578,239.32000732421875,241.8300018310547,325100.0
2025-08-04,243.5500030517578,245.0800018310547,239.32000732421875,239.97999572753906,338700.0
2025-08-05,241.0,243.2100067138672,240.0,240.3000030517578,357200.0
2025-08-06,241.1699981689453,243.3300018310547,240.1300048828125,241.75999450683594,306500.0
2025-08-07,242.3300018310547,242.64999389648438,237.91000366210938,239.50999450683594,303400.0
2025-08-08,236.47000122070312,242.33999633789062,236.47000122070312,240.3699951171875,266200.0
2025-08-11,240.39999389648438,242.44000244140625,240.05999755859375,240.42999267578125,266100.0
2025-08-12,240.14999389648438,243.05999755859375,238.9600067138672,239.57000732421875,297300.0
2025-08-13,240.17999267578125,244.07000732421875,239.25,244.05999755859375,225700.0
2025-08-14,241.1999969482422,244.2100067138672,241.1999969482422,242.27999877929688,244600.0
2025-08-15,242.8000030517578,243.17999267578125,237.6199951171875,238.91000366210938,376300.0
2025-08-18,238.38999938964844,239.72999572753906,237.22999572753906,239.61000061035156,408500.0
2025-08-19,239.5500030517578,243.77000427246094,238.5399932861328,243.63999938964844,253500.0
2025-08-20,244.5,248.25,243.75999450683594,248.0500030517578,288700.0
2025-08-21,248.25,249.52999877929688,247.38999938964844,249.14999389648438,274700.0
2025-08-22,250.36000061035156,251.02000427246094,246.38999938964844,247.9199981689453,307600.0
2025-08-25,246.9199981689453,247.61000061035156,244.67999267578125,245.42999267578125,266900.0
2025-08-26,244.30999755859375,246.25999450683594,243.8800048828125,244.58999633789062,324300.0
2025-08-27,245.0,246.49000549316406,243.7899932861328,244.33999633789062,454900.0
2025-08-28,244.14999389648438,244.14999389648438,239.92999267578125,241.41000366210938,427800.0
2025-08-29,241.88999938964844,243.89999389648438,241.75999450683594,242.99000549316406,304900.0
2025-09-02,243.11000061035156,245.10000610351562,241.89999389648438,244.44000244140625,485100.0
2025-09-03,243.3000030517578,246.47000122070312,243.3000030517578,246.39999389648438,352200.0
2025-09-04,247.69000244140625,249.02999877929688,244.02000427246094,244.6300048828125,328700.0
2025-09-05,244.6300048828125,245.8300018310547,240.4600067138672,240.64999389648438,344900.0
2025-09-08,239.13999938964844,240.2899932861328,235.3699951171875,239.9600067138672,611400.0
2025-09-09,239.10000610351562,241.2100067138672,238.02999877929688,238.3300018310547,362200.0
2025-09-10,237.25,239.17999267578125,235.8800048828125,238.50999450683594,355000.0
2025-09-11,238.00999450683594,244.6300048828125,237.91000366210938,244.5399932861328,323500.0
2025-09-12,244.9499969482422,248.08999633789062,243.10000610351562,247.35000610351562,460100.0
2025-09-15,247.5500030517578,249.80999755859375,242.6999969482422,243.5,401500.0
2025-09-16,241.49000549316406,242.75999450683594,235.0,237.00999450683594,627200.0
2025-09-17,237.86000061035156,241.97000122070312,237.17999267578125,240.9600067138672,329900.0
2025-09-18,239.89999389648438,244.4499969482422,238.0800018310547,242.5,471600.0
2025-09-19,243.36000061035156,243.77999877929688,241.44000244140625,243.02000427246094,1543400.0
2025-09-22,241.72999572753906,243.39999389648438,240.83999633789062,242.49000549316406,321700.0
2025-09-23,242.75,244.91000366210938,242.57000732421875,244.7899932861328,332000.0
2025-09-24,244.8800048828125,250.4499969482422,244.8800048828125,250.4199981689453,382200.0
2025-09-25,250.4199981689453,252.0,245.0,247.4499969482422,296300.0
2025-09-26,248.58999633789062,253.77999877929688,248.24000549316406,250.61000061035156,315700.0
2025-09-29,250.38999938964844,250.38999938964844,246.30999755859375,250.22000122070312,335600.0
2025-09-30,249.22999572753906,254.41000366210938,249.22999572753906,253.92999267578125,491700.0
2025-10-01,255.35000610351562,259.1700134277344,253.22999572753906,256.4599914550781,364900.0
2025-10-02,255.1300048828125,258.07000732421875,255.02999877929688,255.75,402600.0
2025-10-03,255.0,260.989990234375,255.0,259.510009765625,377800.0
2025-10-06,262.1199951171875,267.19000244140625,260.95001220703125,266.3999938964844,439700.0
2025-10-07,267.54998779296875,272.4200134277344,265.8500061035156,267.0299987792969,474800.0
2025-10-08,266.4599914550781,267.7799987792969,260.4200134277344,262.1499938964844,486700.0
2025-10-09,258.3800048828125,262.3900146484375,257.6499938964844,259.4200134277344,390600.0
2025-10-10,262.0,262.8599853515625,258.5199890136719,260.4100036621094,322700.0
2025-10-13,258.7200012207031,262.7200012207031,258.3299865722656,262.0299987792969,286800.0
2025-10-14,262.0,265.7799987792969,262.0,264.5899963378906,388000.0
2025-10-15,263.29998779296875,264.6300048828125,259.2099914550781,260.0,594400.0
2025-10-16,254.24000549316406,256.0,250.77999877929688,251.8699951171875,774700.0
2025-10-17,251.82000732421875,255.13999938964844,250.50999450683594,250.9499969482422,513100.0
2025-10-20,251.1300048828125,253.14999389648438,247.57000732421875,248.6300048828125,331000.0
2025-10-21,248.97999572753906,249.1699981689453,245.11000061035156,245.3000030517578,506600.0
2025-10-22,245.16000366210938,248.63999938964844,240.57000732421875,242.55999755859375,402800.0
2025-10-23,243.07000732421875,244.38999938964844,241.30999755859375,243.24000549316406,462500.0
2025-10-24,244.13999938964844,244.13999938964844,240.38999938964844,243.44000244140625,363900.0
2025-10-27,244.2899932861328,246.07000732421875,241.91000366210938,242.27000427246094,345900.0
2025-10-28,241.0800018310547,241.0800018310547,231.1699981689453,231.58999633789062,538200.0
2025-10-29,240.0,251.94000244140625,239.60000610351562,247.55999755859375,737400.0
2025-10-30,250.0,255.9199981689453,248.63999938964844,254.36000061035156,769600.0
2025-10-31,252.1999969482422,256.5400085449219,251.5800018310547,254.08999633789062,826500.0
2025-11-03,253.3300018310547,258.1199951171875,251.36000061035156,255.99000549316406,602700.0
2025-11-04,256.1300048828125,262.7300109863281,254.47999572753906,262.5899963378906,616300.0
2025-11-05,262.5899963378906,267.5199890136719,262.5899963378906,267.3699951171875,458800.0
2025-11-06,268.7900085449219,274.79998779296875,265.760009765625,266.2699890136719,661500.0
2025-11-07,266.04998779296875,269.4800109863281,265.6099853515625,269.45001220703125,480000.0
2025-11-10,268.1400146484375,268.989990234375,263.3399963378906,267.6000061035156,331500.0
2025-11-11,267.8699951171875,269.82000732421875,265.57000732421875,266.7699890136719,337300.0
2025-11-12,266.4100036621094,268.0299987792969,264.94000244140625,265.8699951171875,348000.0
2025-11-13,266.5299987792969,268.9599914550781,266.5299987792969,267.5,281300.0
2025-11-14,267.20001220703125,269.80999755859375,262.760009765625,263.57000732421875,346700.0
2025-11-17,263.6400146484375,267.1600036621094,262.5400085449219,262.760009765625,400100.0
2025-11-18,263.239990234375,267.4800109863281,260.8999938964844,265.8299865722656,315200.0
2025-11-19,264.8399963378906,265.9200134277344,260.57000732421875,262.1600036621094,338200.0
2025-11-20,263.1199951171875,264.3500061035156,258.67999267578125,261.489990234375,407800.0
2025-11-21,262.5400085449219,263.0299987792969,256.3699951171875,257.239990234375,501800.0
2025-11-24,255.0,255.33999633789062,251.60000610351562,254.92999267578125,463400.0
2025-11-25,256.7799987792969,263.1000061035156,256.30999755859375,261.7200012207031,555300.0
2025-11-26,262.1499938964844,263.8699951171875,260.29998779296875,260.92999267578125,312800.0
2025-11-28,260.6000061035156,263.6400146484375,260.6000061035156,261.1700134277344,199800.0
2025-12-01,262.4100036621094,265.42999267578125,261.9800109863281,263.9599914550781,473600.0
2025-12-02,262.92999267578125,267.739990234375,261.3800048828125,265.0199890136719,515600.0
2025-12-03,264.5899963378906,268.3800048828125,264.3599853515625,266.4100036621094,433000.0
2025-12-04,265.0,269.8599853515625,265.0,268.67999267578125,376800.0
2025-12-05,271.95001220703125,271.95001220703125,264.57000732421875,264.79998779296875,332900.0
2025-12-08,262.4100036621094,265.32000732421875,261.2200012207031,264.3699951171875,300000.0
2025-12-09,265.2900085449219,267.5,263.010009765625,263.4100036621094,275800.0
2025-12-10,263.2300109863281,267.54998779296875,261.7200012207031,265.2900085449219,312500.0
2025-12-11,265.25,270.6199951171875,265.25,270.3900146484375,318900.0
2025-12-12,272.0,272.42999267578125,269.3399963378906,272.4100036621094,250600.0
2025-12-15,272.6700134277344,275.0,267.9100036621094,271.5400085449219,323800.0
2025-12-16,272.1199951171875,274.30999755859375,271.1000061035156,272.44000244140625,396300.0
2025-12-17,272.0799865722656,277.3299865722656,270.8299865722656,276.760009765625,462100.0
2025-12-18,275.010009765625,276.0299987792969,271.9700012207031,274.9100036621094,477600.0
2025-12-19,274.7099914550781,278.79998779296875,274.7099914550781,278.5199890136719,979300.0
2025-12-22,278.010009765625,282.7699890136719,277.989990234375,282.1499938964844,298400.0
2025-12-23,282.19000244140625,284.260009765625,281.0,281.3900146484375,394200.0
2025-12-24,281.4700012207031,283.0299987792969,278.3599853515625,278.3599853515625,172300.0
2025-12-26,279.4800109863281,281.5,279.20001220703125,281.3999938964844,185200.0
2025-12-29,281.54998779296875,285.0,281.45001220703125,283.8399963378906,232000.0
2025-12-30,284.6600036621094,285.260009765625,282.8800048828125,283.6700134277344,329800.0
2025-12-31,283.5400085449219,284.29998779296875,280.9200134277344,281.1600036621094,219100.0
2026-01-02,280.0400085449219,281.4100036621094,271.8599853515625,272.239990234375,558900.0
2026-01-05,270.70001220703125,278.7300109863281,269.94000244140625,277.57000732421875,505800.0
2026-01-06,276.57000732421875,277.989990234375,268.57000732421875,272.0,576700.0
2026-01-07,273.4700012207031,274.9100036621094,270.6600036621094,274.07000732421875,392000.0
2026-01-08,274.8399963378906,280.1700134277344,272.6400146484375,279.510009765625,291800.0
2026-01-09,276.69000244140625,278.70001220703125,271.7200012207031,273.1499938964844,388800.0
2026-01-12,272.8299865722656,278.17999267578125,272.29998779296875,274.7200012207031,307200.0
2026-01-13,272.57000732421875,275.489990234375,270.010009765625,270.1000061035156,495300.0
2026-01-14,271.1499938964844,277.5400085449219,271.05999755859375,274.1099853515625,356100.0
2026-01-15,274.2799987792969,276.489990234375,270.7200012207031,271.8900146484375,261600.0
2026-01-16,271.9200134277344,272.42999267578125,268.67999267578125,269.9200134277344,316600.0
2026-01-20,269.5799865722656,273.239990234375,268.8699951171875,272.4700012207031,258400.0
2026-01-21,273.5199890136719,277.2200012207031,269.55999755859375,274.2799987792969,271300.0
2026-01-22,273.30999755859375,273.6199951171875,268.8299865722656,271.70001220703125,246800.0
2026-01-23,269.70001220703125,273.6199951171875,268.4599914550781,273.3699951171875,272100.0
2026-01-26,274.9200134277344,278.4599914550781,274.2200012207031,275.6700134277344,256000.0
2026-01-27,275.5899963378906,276.4800109863281,272.0199890136719,274.3900146484375,318900.0
2026-01-28,274.57000732421875,279.0,273.9200134277344,275.3999938964844,291200.0
2026-01-29,277.95001220703125,282.94000244140625,276.2099914550781,282.7200012207031,364800.0
2026-01-30,282.7300109863281,284.0,279.5199890136719,281.70001220703125,419700.0
2026-02-02,284.0,288.0,281.3399963378906,284.5,387100.0
2026-02-03,283.8299865722656,288.6199951171875,283.4800109863281,285.95001220703125,324200.0
2026-02-04,290.0,303.6400146484375,284.07000732421875,300.3699951171875,956700.0
2026-02-05,301.1400146484375,310.79998779296875,299.3900146484375,305.2900085449219,707900.0
2026-02-06,306.07000732421875,309.5199890136719,300.42999267578125,300.55999755859375,474800.0
2026-02-09,295.8500061035156,299.5,288.55999755859375,289.1000061035156,323100.0
2026-02-10,287.0400085449219,295.80999755859375,287.0400085449219,295.510009765625,303100.0
2026-02-11,295.5899963378906,304.92999267578125,293.2699890136719,304.80999755859375,561600.0
2026-02-12,309.0,315.8800048828125,305.9599914550781,310.8999938964844,752200.0
2026-02-13,309.42999267578125,311.17999267578125,299.20001220703125,301.3699951171875,624800.0
2026-02-17,302.9100036621094,309.9100036621094,301.04998779296875,307.1300048828125,257000.0
2026-02-18,309.2099914550781,312.6700134277344,301.0,303.9200134277344,324700.0
2026-02-19,304.20001220703125,305.75,299.07000732421875,300.0,301100.0
2026-02-20,301.2699890136719,301.2699890136719,293.3699951171875,299.0,688800.0
2026-02-23,299.739990234375,304.67999267578125,297.4100036621094,301.8999938964844,297100.0
2026-02-24,305.0400085449219,305.67999267578125,300.0199890136719,305.2099914550781,360300.0
2026-02-25,304.5,305.5,296.6099853515625,298.67999267578125,531900.0
2026-02-26,297.6300048828125,300.989990234375,294.4100036621094,298.3900146484375,389000.0
2026-02-27,300.0,303.239990234375,296.75,302.4599914550781,362100.0
2026-03-02,303.7900085449219,309.4700012207031,302.4599914550781,307.0299987792969,289300.0
2026-03-03,303.4700012207031,307.0,296.29998779296875,301.67999267578125,307300.0
2026-03-04,300.5199890136719,301.5299987792969,297.7200012207031,300.4800109863281,289500.0
2026-03-05,298.489990234375,300.4599914550781,293.8800048828125,297.7900085449219,312700.0
2026-03-06,296.8299865722656,299.4800109863281,290.9100036621094,298.7799987792969,324000.0
2026-03-09,297.8699951171875,299.7099914550781,294.1000061035156,296.6400146484375,386900.0
2026-03-10,294.45001220703125,300.760009765625,291.8800048828125,297.2200012207031,383400.0
2026-03-11,296.0,298.1300048828125,288.92999267578125,290.8500061035156,553000.0
2026-03-12,288.3299865722656,293.92999267578125,287.3999938964844,291.3599853515625,322700.0
2026-03-13,293.8299865722656,295.5799865722656,291.30999755859375,293.7799987792969,251200.0
2026-03-16,295.1499938964844,298.4700012207031,293.1300048828125,294.0299987792969,286400.0
2026-03-17,298.44000244140625,301.9800109863281,294.4100036621094,295.510009765625,291100.0
2026-03-18,294.8500061035156,298.4800109863281,293.3699951171875,295.7099914550781,402700.0
2026-03-19,295.44000244140625,296.8999938964844,290.0199890136719,291.67999267578125,342700.0
2026-03-20,291.20001220703125,293.6600036621094,289.0899963378906,290.7300109863281,906800.0
2026-03-23,296.1400146484375,300.1099853515625,293.04998779296875,293.2300109863281,438700.0
2026-03-24,292.9200134277344,298.3800048828125,292.9200134277344,294.1700134277344,306700.0
2026-03-25,296.8699951171875,296.8699951171875,292.260009765625,293.239990234375,204300.0
2026-03-26,293.7200012207031,296.70001220703125,292.80999755859375,295.95001220703125,253300.0
2026-03-27,297.6099853515625,297.9800109863281,291.6499938964844,292.2099914550781,249700.0
2026-03-30,294.19000244140625,297.6300048828125,292.6000061035156,295.5899963378906,220700.0
2026-03-31,297.0799865722656,300.54998779296875,293.260009765625,297.2300109863281,233300.0
2026-04-01,296.2799987792969,298.260009765625,294.010009765625,295.6600036621094,222000.0
2026-04-02,296.2200012207031,301.5,287.8399963378906,300.3699951171875,176700.0
2026-04-06,303.5899963378906,303.6099853515625,296.82000732421875,301.0,161600.0
2026-04-07,300.75,305.5899963378906,298.510009765625,302.70001220703125,226200.0
2026-04-08,301.510009765625,309.07000732421875,300.29998779296875,307.0799865722656,383300.0
2026-04-09,308.5799865722656,314.2200012207031,307.2200012207031,309.8500061035156,212200.0
2026-04-10,309.4800109863281,310.0799865722656,301.0899963378906,303.0299987792969,261600.0
2026-04-13,303.42999267578125,308.5299987792969,302.05999755859375,307.8399963378906,389500.0
2026-04-14,305.8699951171875,308.7699890136719,303.9700012207031,308.20001220703125,239600.0
2026-04-15,308.1400146484375,314.57000732421875,307.2799987792969,310.760009765625,331500.0
2026-04-16,312.8599853515625,315.0,310.55999755859375,314.6199951171875,311100.0
2026-04-17,312.30999755859375,318.0,312.30999755859375,315.20001220703125,190300.0
2026-04-20,314.3699951171875,318.20001220703125,311.5199890136719,312.79998779296875,270600.0
2026-04-21,313.1000061035156,315.6199951171875,307.6700134277344,311.7300109863281,363600.0
2026-04-22,307.20001220703125,312.2900085449219,307.20001220703125,311.04998779296875,274700.0
2026-04-23,312.3699951171875,314.989990234375,308.45001220703125,313.44000244140625,271100.0
2026-04-24,312.1000061035156,313.70001220703125,308.9100036621094,309.3800048828125,268100.0
2026-04-27,307.3500061035156,313.489990234375,306.9599914550781,310.989990234375,282100.0
2026-04-28,314.7799987792969,314.7799987792969,309.0299987792969,310.6099853515625,349100.0
2026-04-29,290.0,305.67999267578125,290.0,303.75,544300.0
2026-04-30,301.9200134277344,311.760009765625,301.9200134277344,306.9700012207031,551200.0
2026-05-01,308.4100036621094,308.7699890136719,298.3800048828125,299.29998779296875,475400.0
2026-05-04,300.42999267578125,303.3299865722656,297.8500061035156,302.2799987792969,449800.0
2026-05-05,303.6400146484375,307.32000732421875,302.0400085449219,302.0400085449219,354800.0
2026-05-06,302.6199951171875,306.5899963378906,300.6000061035156,302.6300048828125,243800.0
2026-05-07,302.94000244140625,306.0400085449219,297.239990234375,300.8399963378906,313300.0
2026-05-08,301.2699890136719,303.0799865722656,299.0899963378906,300.1600036621094,187700.0
2026-05-11,301.25,302.0799865722656,295.2799987792969,295.95001220703125,299800.0
2026-05-12,297.0400085449219,298.94000244140625,291.6099853515625,296.3399963378906,451500.0
2026-05-13,294.510009765625,299.1499938964844,288.05999755859375,290.010009765625,329400.0
2026-05-14,291.5799865722656,293.3599853515625,286.7699890136719,287.92999267578125,443000.0
2026-05-15,287.2900085449219,294.42999267578125,287.2900085449219,294.2300109863281,741100.0
2026-05-18,292.57000732421875,299.92999267578125,292.57000732421875,298.3999938964844,414900.0
2026-05-19,298.55999755859375,306.6400146484375,296.489990234375,302.0299987792969,669100.0
2026-05-20,302.0299987792969,304.8699951171875,299.2699890136719,303.05999755859375,450600.0
2026-05-21,301.7900085449219,305.3500061035156,299.04998779296875,300.55999755859375,333100.0
2026-05-22,300.55999755859375,303.29998779296875,294.8800048828125,295.55999755859375,324300.0
2026-05-26,294.7900085449219,297.4800109863281,292.7099914550781,294.8299865722656,312600.0
2026-05-27,297.1499938964844,297.1499938964844,288.44000244140625,289.67999267578125,453900.0
2026-05-28,286.82000732421875,291.1400146484375,285.19000244140625,285.6300048828125,305000.0
2026-05-29,284.6199951171875,285.55999755859375,279.3500061035156,280.3500061035156,407100.0
2026-06-01,282.1400146484375,283.3900146484375,277.6099853515625,277.7099914550781,357700.0
2026-06-02,277.4599914550781,280.9800109863281,275.6000061035156,277.69000244140625,294100.0
2026-06-03,278.8900146484375,282.0199890136719,278.4700012207031,280.6099853515625,310600.0
2026-06-04,282.9200134277344,287.4800109863281,277.010009765625,277.7300109863281,348500.0
2026-06-05,279.6499938964844,290.7900085449219,279.6499938964844,288.4800109863281,303900.0
2026-06-08,286.54998779296875,288.5299987792969,282.0899963378906,282.1099853515625,290800.0
2026-06-09,283.5799865722656,285.9700012207031,281.80999755859375,282.739990234375,366400.0
2026-06-10,289.7300109863281,296.6400146484375,286.8699951171875,295.75,676700.0
2026-06-11,297.7699890136719,301.239990234375,297.0299987792969,298.1499938964844,349100.0
2026-06-12,300.8399963378906,301.30999755859375,298.20001220703125,300.8800048828125,302900.0
2026-06-15,297.25,302.75,296.510009765625,297.3800048828125,283400.0
2026-06-16,298.7799987792969,302.5299987792969,297.5199890136719,300.6099853515625,291500.0
2026-06-17,299.1199951171875,304.4599914550781,299.1199951171875,303.0199890136719,231400.0
2026-06-18,301.6400146484375,304.989990234375,297.55999755859375,299.1700134277344,618100.0
2026-06-22,295.3800048828125,307.0400085449219,295.3800048828125,300.92999267578125,365700.0
2026-06-23,304.1199951171875,308.45001220703125,302.3399963378906,307.55999755859375,263400.0
2026-06-24,309.29998779296875,313.1199951171875,307.04998779296875,310.0799865722656,321700.0
2026-06-25,308.8299865722656,313.82000732421875,305.8500061035156,307.1400146484375,225400.0
2026-06-26,309.8699951171875,319.79998779296875,307.260009765625,319.5899963378906,611400.0
2026-06-29,318.1499938964844,323.07000732421875,316.9599914550781,323.0299987792969,301500.0
2026-06-30,323.4700012207031,325.3900146484375,314.04998779296875,316.8999938964844,460400.0
2026-07-01,320.6000061035156,325.20001220703125,315.9599914550781,316.8399963378906,417800.0
2026-07-02,318.32000732421875,328.3900146484375,313.6000061035156,326.2900085449219,318800.0
2026-07-06,325.7799987792969,326.1600036621094,321.8999938964844,323.1099853515625,405300.0
2026-07-07,324.9100036621094,329.57000732421875,322.8299865722656,323.69000244140625,298600.0
2026-07-08,325.6300048828125,327.3399963378906,322.19000244140625,322.3699951171875,299900.0
2026-07-09,322.4700012207031,323.8399963378906,309.0,311.1700134277344,608600.0
2026-07-10,312.32000732421875,315.5299987792969,309.3900146484375,314.989990234375,421900.0
2026-07-13,318.20001220703125,321.8299865722656,317.4599914550781,320.6600036621094,220100.0
2026-07-14,318.2200012207031,323.0,318.2200012207031,319.9200134277344,348300.0
2026-07-15,314.8800048828125,315.80999755859375,306.760009765625,307.7300109863281,359500.0
2026-07-16,305.2799987792969,315.260009765625,297.9800109863281,315.260009765625,334500.0
2026-07-17,316.260009765625,325.54998779296875,316.260009765625,323.05999755859375,364900.0
2026-07-20,321.80999755859375,325.8299865722656,318.8599853515625,321.510009765625,434900.0
2026-07-21,327.2099914550781,327.2099914550781,317.9200134277344,321.17999267578125,293600.0
2026-07-22,322.5799865722656,323.0400085449219,316.8599853515625,319.69000244140625,348100.0
2026-07-23,323.6700134277344,324.510009765625,313.2099914550781,317.4100036621094,674000.0
2026-07-24,314.29998779296875,329.6000061035156,314.29998779296875,329.1000061035156,295800.0
2026-07-27,327.7200012207031,331.45001220703125,327.7200012207031,328.8699951171875,308300.0
2026-07-28,332.0,335.8800048828125,331.54998779296875,334.239990234375,475600.0
2026-07-29,332.5799865722656,335.9700012207031,330.7300109863281,332.6099853515625,314800.0
2026-07-30,332.75,335.67999267578125,315.1199951171875,318.3599853515625,410600.0
2026-07-31,315.489990234375,322.0,315.0,319.9800109863281,325900.0
2026-08-03,320.8500061035156,325.260009765625,319.82000732421875,321.3699951171875,230800.0
2026-08-04,317.54998779296875,323.6300048828125,316.760009765625,321.75,313300.0
2026-08-05,322.9100036621094,326.17999267578125,320.7900085449219,323.5799865722656,267300.0
2026-08-06,325.989990234375,328.55999755859375,322.4200134277344,323.489990234375,220400.0
2026-08-07,321.1700134277344,325.760009765625,319.32000732421875,321.8699951171875,164100.0
2026-08-10,324.79998779296875,324.79998779296875,317.8599853515625,318.4200134277344,259800.0
2026-08-11,317.94000244140625,321.3399963378906,316.1099853515625,316.5199890136719,186100.0
2026-08-12,314.2200012207031,319.6099853515625,313.2799987792969,317.45001220703125,260200.0
2026-08-13,319.9200134277344,321.54998779296875,318.4200134277344,319.8599853515625,234700.0
2026-08-14,320.739990234375,324.0199890136719,318.2699890136719,323.3599853515625,206400.0
2026-08-17,322.2900085449219,325.32000732421875,317.9700012207031,318.5,250100.0
2026-08-18,322.8699951171875,326.4700012207031,320.3699951171875,320.7200012207031,224300.0
2026-08-19,321.5400085449219,323.1600036621094,317.239990234375,317.239990234375,260700.0
2026-08-20,315.95001220703125,322.8800048828125,315.8900146484375,322.1499938964844,233300.0
2026-08-21,323.8999938964844,325.2099914550781,321.1700134277344,323.45001220703125,468600.0
2026-08-24,324.1600036621094,330.7699890136719,324.1600036621094,329.4200134277344,233100.0
2026-08-25,329.0199890136719,330.260009765625,326.6400146484375,329.20001220703125,192000.0
2026-08-26,329.4200134277344,335.1700134277344,329.4200134277344,331.7300109863281,201900.0
2026-08-27,328.05999755859375,331.30999755859375,326.3699951171875,330.4100036621094,185300.0
2026-08-28,330.5199890136719,333.3399963378906,329.3599853515625,330.739990234375,184200.0
2026-08-31,329.9100036621094,330.2200012207031,326.0,327.6400146484375,285300.0
2026-09-01,330.1600036621094,334.9700012207031,328.5299987792969,329.7900085449219,219700.0
2026-09-02,331.8399963378906,333.8599853515625,330.2699890136719,331.2099914550781,219000.0
2026-09-03,333.4100036621094,340.239990234375,331.7799987792969,337.9700012207031,236600.0
2026-09-04,333.7900085449219,336.1400146484375,329.8900146484375,330.3800048828125,293200.0
2026-09-08,326.4800109863281,328.04998779296875,321.6600036621094,323.1000061035156,254800.0
2026-09-09,324.3800048828125,324.3800048828125,319.1600036621094,322.5299987792969,232300.0
2026-09-10,326.20001220703125,326.9200134277344,322.489990234375,326.5299987792969,281100.0
2026-09-11,329.07000732421875,330.1199951171875,322.9700012207031,324.989990234375,182000.0
2026-09-14,329.70001220703125,331.25,327.8699951171875,330.6199951171875,531800.0
2026-09-15,329.4100036621094,330.2699890136719,325.07000732421875,328.70001220703125,243500.0
2026-09-16,326.8900146484375,330.8699951171875,326.1400146484375,328.42999267578125,286700.0
2026-09-17,328.4599914550781,334.20001220703125,325.3500061035156,328.7799987792969,280100.0
2026-09-18,327.42999267578125,329.4800109863281,324.3299865722656,327.1199951171875,707500.0
2026-09-21,326.989990234375,330.6499938964844,325.1199951171875,326.2900085449219,302300.0
2026-09-23,327.489990234375,331.4100036621094,322.4100036621094,328.79998779296875,323200.0
2026-09-24,330.0799865722656,333.6700134277344,330.0400085449219,330.4200134277344,273700.0
