date,open,high,low,close,volume
2016-09-26,34.88999938964844,35.439998626708984,34.040000915527344,34.119998931884766,2433600.0
2016-09-27,33.36000061035156,33.470001220703125,32.25,32.650001525878906,3077300.0
2016-09-28,33.13999938964844,36.619998931884766,32.56999969482422,36.5099983215332,3492100.0
2016-09-29,36.41999816894531,40.38999938964844,36.41999816894531,39.4900016784668,4887200.0
2016-09-30,39.709999084472656,40.2599983215332,38.52000045776367,38.58000183105469,3758600.0
2016-10-03,38.939998626708984,39.79999923706055,38.470001220703125,38.90999984741211,2953300.0
2016-10-04,39.790000915527344,39.900001525878906,37.959999084472656,38.40999984741211,2525800.0
2016-10-05,39.560001373291016,40.88999938964844,39.27000045776367,40.060001373291016,5720900.0
2016-10-06,40.630001068115234,41.08000183105469,39.599998474121094,40.119998931884766,2397400.0
2016-10-07,40.2400016784668,40.619998931884766,39.150001525878906,39.31999969482422,1593200.0
2016-10-10,40.33000183105469,42.33000183105469,40.33000183105469,41.27000045776367,2466700.0
2016-10-11,40.970001220703125,41.63999938964844,39.84000015258789,40.70000076293945,1901400.0
2016-10-12,40.27000045776367,40.650001525878906,39.560001373291016,40.13999938964844,1808700.0
2016-10-13,39.61000061035156,40.72999954223633,39.34000015258789,40.13999938964844,2468500.0
2016-10-14,40.41999816894531,40.5,38.58000183105469,38.900001525878906,2306200.0
2016-10-17,39.040000915527344,39.540000915527344,38.189998626708984,38.720001220703125,1847300.0
2016-10-18,42.209999084472656,43.09000015258789,38.08000183105469,39.060001373291016,6200300.0
2016-10-19,39.79999923706055,42.380001068115234,39.599998474121094,40.72999954223633,4933100.0
2016-10-20,40.15999984741211,40.79999923706055,39.380001068115234,40.54999923706055,3053800.0
2016-10-21,39.97999954223633,41.04999923706055,39.36000061035156,39.369998931884766,3046000.0
2016-10-24,39.380001068115234,39.380001068115234,36.66999816894531,37.40999984741211,3296900.0
2016-10-25,37.11000061035156,37.849998474121094,35.84000015258789,35.97999954223633,2899400.0
2016-10-26,35.279998779296875,36.15999984741211,34.02000045776367,34.560001373291016,3632000.0
2016-10-27,34.84000015258789,36.400001525878906,34.11000061035156,35.36000061035156,3923700.0
2016-10-28,35.04999923706055,35.869998931884766,33.939998626708984,34.59000015258789,2349100.0
2016-10-31,34.20000076293945,34.41999816894531,33.220001220703125,33.630001068115234,2497100.0
2016-11-01,34.279998779296875,35.0,32.779998779296875,34.77000045776367,3755100.0
2016-11-02,33.849998474121094,33.869998931884766,31.25,32.45000076293945,4606800.0
2016-11-03,33.189998626708984,33.619998931884766,31.700000762939453,31.729999542236328,2382800.0
2016-11-04,31.399999618530273,32.060001373291016,30.6299991607666,30.700000762939453,2716800.0
2016-11-07,31.579999923706055,32.349998474121094,31.139999389648438,31.260000228881836,3018900.0
2016-11-08,30.389999389648438,31.549999237060547,30.25,31.31999969482422,2159400.0
2016-11-09,31.670000076293945,33.31999969482422,31.059999465942383,32.68000030517578,1832500.0
2016-11-10,32.349998474121094,33.20000076293945,32.04999923706055,32.720001220703125,2183900.0
2016-11-11,32.18000030517578,32.65999984741211,31.020000457763672,31.799999237060547,2010000.0
2016-11-14,31.670000076293945,32.5,30.6299991607666,32.369998931884766,1979900.0
2016-11-15,33.02000045776367,34.9900016784668,33.02000045776367,34.61000061035156,2551600.0
2016-11-16,34.2599983215332,35.599998474121094,34.0,34.5,2031500.0
2016-11-17,35.18000030517578,35.86000061035156,33.849998474121094,33.939998626708984,1990600.0
2016-11-18,34.20000076293945,35.880001068115234,34.20000076293945,34.9900016784668,1751500.0
2016-11-21,36.310001373291016,36.84000015258789,35.849998474121094,36.810001373291016,2000500.0
2016-11-22,37.029998779296875,37.310001373291016,34.84000015258789,35.90999984741211,2539600.0
2016-11-23,35.25,36.47999954223633,35.16999816894531,36.11000061035156,1438900.0
2016-11-25,35.630001068115234,35.9900016784668,34.91999816894531,35.59000015258789,694100.0
2016-11-28,36.20000076293945,36.310001373291016,33.0099983215332,33.099998474121094,2344000.0
2016-11-29,31.860000610351562,32.529998779296875,30.780000686645508,31.90999984741211,2387900.0
2016-11-30,37.25,40.02000045776367,36.79999923706055,39.86000061035156,6507700.0
2016-12-01,42.33000183105469,42.45000076293945,39.689998626708984,40.16999816894531,3440700.0
2016-12-02,38.5,38.970001220703125,37.38999938964844,38.900001525878906,12285600.0
2016-12-05,39.81999969482422,40.04999923706055,37.869998931884766,37.90999984741211,4340300.0
2016-12-06,37.369998931884766,38.189998626708984,36.91999816894531,37.22999954223633,3293400.0
2016-12-07,36.970001220703125,37.18000030517578,34.439998626708984,35.439998626708984,5297900.0
2016-12-08,35.689998626708984,36.11000061035156,33.04999923706055,35.09000015258789,6139100.0
2016-12-09,35.5099983215332,37.29999923706055,35.5,36.619998931884766,3752200.0
2016-12-12,38.599998474121094,39.279998779296875,36.540000915527344,36.720001220703125,4551300.0
2016-12-13,37.369998931884766,37.47999954223633,35.540000915527344,37.34000015258789,2438800.0
2016-12-14,36.7400016784668,36.970001220703125,35.38999938964844,35.470001220703125,2112300.0
2016-12-15,34.38999938964844,35.02000045776367,33.459999084472656,34.810001373291016,3132900.0
2016-12-16,34.810001373291016,35.459999084472656,34.40999984741211,35.43000030517578,3385100.0
2016-12-19,35.380001068115234,36.43000030517578,35.209999084472656,36.150001525878906,1840300.0
2016-12-20,36.380001068115234,37.08000183105469,35.560001373291016,35.689998626708984,1970500.0
2016-12-21,36.029998779296875,36.40999984741211,34.959999084472656,35.11000061035156,1503000.0
2016-12-22,35.43000030517578,36.459999084472656,34.970001220703125,35.439998626708984,1521700.0
2016-12-23,35.25,35.95000076293945,35.09000015258789,35.470001220703125,918600.0
2016-12-27,35.79999923706055,36.310001373291016,35.380001068115234,35.619998931884766,901400.0
2016-12-28,35.849998474121094,36.279998779296875,34.849998474121094,35.119998931884766,1437000.0
2016-12-29,34.86000061035156,35.08000183105469,34.08000183105469,34.709999084472656,1296400.0
2016-12-30,34.68000030517578,35.81999969482422,34.34000015258789,34.47999954223633,1491300.0
2017-01-03,35.650001525878906,35.66999816894531,32.380001068115234,34.29999923706055,5113900.0
2017-01-04,34.290000915527344,35.84000015258789,33.77000045776367,35.619998931884766,2878500.0
2017-01-05,35.88999938964844,36.77000045776367,35.34000015258789,36.08000183105469,2103400.0
2017-01-06,36.20000076293945,36.36000061035156,35.119998931884766,35.7599983215332,1406100.0
2017-01-09,35.08000183105469,35.189998626708984,34.22999954223633,34.4900016784668,2712800.0
2017-01-10,34.86000061035156,35.11000061035156,33.599998474121094,33.86000061035156,1811600.0
2017-01-11,34.290000915527344,34.630001068115234,33.459999084472656,34.560001373291016,1836300.0
2017-01-12,35.09000015258789,35.290000915527344,33.75,34.25,2009000.0
2017-01-13,33.9900016784668,34.290000915527344,33.099998474121094,33.15999984741211,2221800.0
2017-01-17,33.630001068115234,33.84000015258789,32.220001220703125,32.540000915527344,2845600.0
2017-01-18,32.099998474121094,32.7400016784668,31.40999984741211,31.899999618530273,1825900.0
2017-01-19,32.029998779296875,32.59000015258789,31.350000381469727,32.400001525878906,2080200.0
2017-01-20,33.0,33.220001220703125,31.799999237060547,32.25,1900000.0
2017-01-23,31.790000915527344,32.34000015258789,31.209999084472656,31.309999465942383,2332900.0
2017-01-24,31.780000686645508,32.63999938964844,31.649999618530273,31.959999084472656,2178300.0
2017-01-25,31.959999084472656,33.060001373291016,31.540000915527344,32.2400016784668,2417100.0
2017-01-26,32.720001220703125,34.790000915527344,32.61000061035156,33.5,4182900.0
2017-01-27,33.0099983215332,34.52000045776367,32.86000061035156,34.400001525878906,2872900.0
2017-01-30,33.88999938964844,33.900001525878906,32.779998779296875,33.22999954223633,4374400.0
2017-01-31,33.560001373291016,33.560001373291016,29.889999389648438,30.510000228881836,8909000.0
2017-02-01,30.920000076293945,31.15999984741211,28.389999389648438,29.850000381469727,6899300.0
2017-02-02,29.739999771118164,30.84000015258789,29.079999923706055,30.350000381469727,4055700.0
2017-02-03,30.31999969482422,30.780000686645508,29.799999237060547,29.809999465942383,2210100.0
2017-02-06,29.969999313354492,30.190000534057617,28.729999542236328,28.739999771118164,2669600.0
2017-02-07,28.469999313354492,28.770000457763672,27.3700008392334,28.049999237060547,3766900.0
2017-02-08,27.34000015258789,28.549999237060547,27.0,28.15999984741211,3488100.0
2017-02-09,28.15999984741211,28.950000762939453,27.920000076293945,28.139999389648438,2198200.0
2017-02-10,28.729999542236328,29.170000076293945,28.239999771118164,28.989999771118164,2162600.0
2017-02-13,28.65999984741211,29.299999237060547,28.15999984741211,28.40999984741211,2018700.0
2017-02-14,28.520000457763672,28.520000457763672,27.56999969482422,28.110000610351562,2382400.0
2017-02-15,27.920000076293945,28.239999771118164,27.610000610351562,27.6299991607666,2513700.0
2017-02-16,27.920000076293945,28.219999313354492,27.059999465942383,27.110000610351562,2356900.0
2017-02-17,26.979999542236328,27.399999618530273,26.6200008392334,26.989999771118164,1962300.0
2017-02-21,27.700000762939453,28.6299991607666,27.350000381469727,28.360000610351562,3864800.0
2017-02-22,28.09000015258789,28.549999237060547,27.34000015258789,27.600000381469727,4940500.0
2017-02-23,27.709999084472656,27.75,24.84000015258789,26.149999618530273,9241700.0
2017-02-24,25.649999618530273,26.40999984741211,24.959999084472656,25.15999984741211,4088300.0
2017-02-27,25.219999313354492,25.760000228881836,24.889999389648438,25.31999969482422,3064900.0
2017-02-28,24.889999389648438,25.219999313354492,24.56999969482422,24.649999618530273,3945700.0
2017-03-01,25.399999618530273,25.799999237060547,25.190000534057617,25.639999389648438,3175100.0
2017-03-02,25.639999389648438,25.709999084472656,25.059999465942383,25.06999969482422,2159800.0
2017-03-03,25.079999923706055,25.239999771118164,24.1200008392334,24.389999389648438,2844400.0
2017-03-06,24.309999465942383,25.15999984741211,24.06999969482422,24.969999313354492,3211900.0
2017-03-07,25.049999237060547,25.350000381469727,24.719999313354492,24.780000686645508,2202500.0
2017-03-08,24.59000015258789,24.639999389648438,22.280000686645508,22.459999084472656,4496100.0
2017-03-09,22.309999465942383,22.780000686645508,21.049999237060547,22.5,6194900.0
2017-03-10,22.65999984741211,22.829999923706055,22.059999465942383,22.399999618530273,3162700.0
2017-03-13,22.350000381469727,22.65999984741211,21.739999771118164,21.90999984741211,3994000.0
2017-03-14,21.260000228881836,21.520000457763672,20.010000228881836,21.3700008392334,5066500.0
2017-03-15,21.84000015258789,22.3700008392334,21.610000610351562,22.200000762939453,4584700.0
2017-03-16,22.299999237060547,22.299999237060547,21.440000534057617,21.530000686645508,2985600.0
2017-03-17,21.700000762939453,21.90999984741211,21.100000381469727,21.270000457763672,4551200.0
2017-03-20,20.979999542236328,21.639999389648438,20.6200008392334,21.579999923706055,3033100.0
2017-03-21,21.43000030517578,21.489999771118164,20.479999542236328,20.75,3145300.0
2017-03-22,20.510000228881836,21.079999923706055,20.360000610351562,20.799999237060547,2706400.0
2017-03-23,20.739999771118164,21.3700008392334,20.3700008392334,21.09000015258789,3157500.0
2017-03-24,21.149999618530273,21.559999465942383,20.760000228881836,20.809999465942383,2641700.0
2017-03-27,20.360000610351562,22.0,20.170000076293945,21.920000076293945,3757900.0
2017-03-28,22.030000686645508,23.149999618530273,21.6200008392334,23.059999465942383,4339200.0
2017-03-29,22.969999313354492,23.920000076293945,22.790000915527344,23.540000915527344,3894600.0
2017-03-30,23.639999389648438,24.18000030517578,23.100000381469727,23.350000381469727,3110700.0
2017-03-31,23.190000534057617,24.200000762939453,23.110000610351562,24.020000457763672,2812400.0
2017-04-03,24.030000686645508,24.280000686645508,23.329999923706055,23.770000457763672,2165400.0
2017-04-04,23.81999969482422,24.110000610351562,23.420000076293945,23.989999771118164,2943800.0
2017-04-05,24.420000076293945,25.219999313354492,22.760000228881836,22.899999618530273,5170300.0
2017-04-06,23.25,23.6200008392334,22.989999771118164,23.31999969482422,1886400.0
2017-04-07,23.3799991607666,23.559999465942383,22.860000610351562,23.020000457763672,1987200.0
2017-04-10,23.219999313354492,23.809999465942383,23.06999969482422,23.65999984741211,1864900.0
2017-04-11,23.59000015258789,23.670000076293945,23.010000228881836,23.600000381469727,1666000.0
2017-04-12,23.639999389648438,24.190000534057617,23.09000015258789,23.190000534057617,2049900.0
2017-04-13,23.15999984741211,23.56999969482422,22.739999771118164,22.790000915527344,2504900.0
2017-04-17,22.799999237060547,23.209999084472656,22.329999923706055,23.18000030517578,2297500.0
2017-04-18,22.829999923706055,23.520000457763672,22.6200008392334,22.969999313354492,2094100.0
2017-04-19,23.049999237060547,23.219999313354492,21.610000610351562,21.709999084472656,3253900.0
2017-04-20,21.799999237060547,22.059999465942383,21.229999542236328,21.40999984741211,2424100.0
2017-04-21,21.31999969482422,21.670000076293945,20.899999618530273,21.510000228881836,3067900.0
2017-04-24,21.790000915527344,22.209999084472656,21.309999465942383,21.889999389648438,3906400.0
2017-04-25,21.950000762939453,23.209999084472656,21.670000076293945,23.049999237060547,3289000.0
2017-04-26,22.68000030517578,23.579999923706055,22.639999389648438,22.950000762939453,3173900.0
2017-04-27,22.6299991607666,22.889999389648438,21.90999984741211,22.700000762939453,2666800.0
2017-04-28,23.020000457763672,23.049999237060547,22.290000915527344,22.59000015258789,3750900.0
2017-05-01,22.6200008392334,23.0,22.420000076293945,22.549999237060547,2705900.0
2017-05-02,22.59000015258789,23.040000915527344,21.6200008392334,22.09000015258789,3337300.0
2017-05-03,22.989999771118164,23.65999984741211,21.3700008392334,21.459999084472656,6740900.0
2017-05-04,21.079999923706055,21.110000610351562,19.31999969482422,20.030000686645508,8849000.0
2017-05-05,20.030000686645508,21.25,19.739999771118164,21.170000076293945,3919600.0
2017-05-08,21.040000915527344,21.940000534057617,20.950000762939453,21.84000015258789,4083400.0
2017-05-09,21.799999237060547,21.93000030517578,21.1200008392334,21.649999618530273,4392700.0
2017-05-10,22.040000915527344,22.299999237060547,21.079999923706055,21.649999618530273,4443600.0
2017-05-11,21.549999237060547,21.709999084472656,20.8700008392334,21.270000457763672,3410600.0
2017-05-12,21.15999984741211,21.670000076293945,21.15999984741211,21.290000915527344,4316300.0
2017-05-15,22.0,22.43000030517578,21.3799991607666,21.639999389648438,5246600.0
2017-05-16,21.5,21.68000030517578,20.469999313354492,20.739999771118164,5109400.0
2017-05-17,20.739999771118164,21.209999084472656,20.260000228881836,20.899999618530273,4188300.0
2017-05-18,20.68000030517578,21.1299991607666,20.299999237060547,20.639999389648438,2837200.0
2017-05-19,20.850000381469727,21.65999984741211,20.739999771118164,21.440000534057617,3737900.0
2017-05-22,21.579999923706055,21.75,20.459999084472656,20.559999465942383,3346000.0
2017-05-23,20.600000381469727,21.09000015258789,20.469999313354492,20.709999084472656,3383400.0
2017-05-24,20.600000381469727,21.040000915527344,20.219999313354492,20.469999313354492,2561800.0
2017-05-25,20.440000534057617,21.270000457763672,19.34000015258789,19.399999618530273,4333700.0
2017-05-26,19.420000076293945,19.510000228881836,18.809999465942383,18.850000381469727,4129700.0
2017-05-30,18.530000686645508,18.670000076293945,17.270000457763672,17.350000381469727,4671600.0
2017-05-31,17.020000457763672,17.3700008392334,16.610000610351562,16.969999313354492,6003700.0
2017-06-01,17.030000686645508,17.670000076293945,16.719999313354492,16.829999923706055,4497800.0
2017-06-02,16.799999237060547,17.25,16.6200008392334,17.190000534057617,4888900.0
2017-06-05,16.979999542236328,18.020000457763672,16.940000534057617,17.8799991607666,4402800.0
2017-06-06,17.959999084472656,19.459999084472656,17.700000762939453,19.059999465942383,5752600.0
2017-06-07,18.8700008392334,19.100000381469727,16.600000381469727,16.739999771118164,6704900.0
2017-06-08,16.520000457763672,17.030000686645508,16.09000015258789,16.40999984741211,5987200.0
2017-06-09,16.40999984741211,17.899999618530273,16.229999542236328,17.56999969482422,6880000.0
2017-06-12,17.940000534057617,18.5,17.540000915527344,17.6200008392334,6328200.0
2017-06-13,17.639999389648438,19.600000381469727,17.639999389648438,19.520000457763672,4997500.0
2017-06-14,19.200000762939453,19.200000762939453,17.200000762939453,17.309999465942383,5962900.0
2017-06-15,17.1200008392334,17.489999771118164,15.760000228881836,16.010000228881836,4795300.0
2017-06-16,16.299999237060547,16.360000610351562,15.289999961853027,15.600000381469727,6475400.0
2017-06-19,15.600000381469727,15.84000015258789,15.369999885559082,15.670000076293945,3336300.0
2017-06-20,15.1899995803833,16.079999923706055,14.819999694824219,15.699999809265137,5089300.0
2017-06-21,15.430000305175781,15.90999984741211,14.220000267028809,14.380000114440918,6236100.0
2017-06-22,14.5,14.640000343322754,13.949999809265137,14.100000381469727,5086900.0
2017-06-23,14.140000343322754,14.869999885559082,13.760000228881836,14.829999923706055,4053700.0
2017-06-26,14.829999923706055,15.510000228881836,14.699999809265137,15.279999732971191,4354200.0
2017-06-27,15.399999618530273,15.880000114440918,15.289999961853027,15.399999618530273,3005800.0
2017-06-28,15.479999542236328,16.170000076293945,15.279999732971191,15.670000076293945,3435600.0
2017-06-29,15.649999618530273,16.639999389648438,15.600000381469727,15.989999771118164,3996100.0
2017-06-30,16.170000076293945,16.989999771118164,15.829999923706055,16.530000686645508,3583300.0
2017-07-03,16.68000030517578,17.610000610351562,16.649999618530273,17.530000686645508,1739100.0
2017-07-05,17.290000915527344,17.329999923706055,16.270000457763672,16.420000076293945,3197100.0
2017-07-06,16.59000015258789,17.020000457763672,15.630000114440918,15.710000038146973,4601100.0
2017-07-07,15.460000038146973,15.479999542236328,14.5600004196167,15.25,4253500.0
2017-07-10,15.010000228881836,16.06999969482422,15.0,15.829999923706055,3346200.0
2017-07-11,15.859999656677246,16.709999084472656,15.619999885559082,16.18000030517578,2988000.0
2017-07-12,16.6299991607666,17.200000762939453,16.25,16.6200008392334,4344300.0
2017-07-13,16.68000030517578,17.280000686645508,16.450000762939453,17.200000762939453,3398000.0
2017-07-14,17.209999084472656,17.350000381469727,16.8700008392334,17.06999969482422,2525100.0
2017-07-17,16.950000762939453,17.799999237060547,16.950000762939453,17.25,3073200.0
2017-07-18,17.559999465942383,17.68000030517578,16.850000381469727,17.110000610351562,2269300.0
2017-07-19,17.100000381469727,18.459999084472656,16.989999771118164,18.290000915527344,3131300.0
2017-07-20,18.479999542236328,18.559999465942383,17.31999969482422,17.399999618530273,4023000.0
2017-07-21,17.389999389648438,17.65999984741211,17.040000915527344,17.329999923706055,3162000.0
2017-07-24,17.5,17.5,16.239999771118164,16.479999542236328,3327500.0
2017-07-25,16.989999771118164,17.950000762939453,16.899999618530273,17.690000534057617,4358400.0
2017-07-26,17.969999313354492,18.700000762939453,17.760000228881836,17.889999389648438,3753600.0
2017-07-27,17.8799991607666,18.209999084472656,17.510000228881836,17.959999084472656,3089400.0
2017-07-28,17.920000076293945,18.81999969482422,17.739999771118164,18.079999923706055,5032600.0
2017-07-31,17.959999084472656,18.020000457763672,16.809999465942383,17.389999389648438,3098000.0
2017-08-01,17.270000457763672,17.479999542236328,16.780000686645508,17.15999984741211,3190300.0
2017-08-02,16.899999618530273,17.0,15.930000305175781,16.239999771118164,5064700.0
2017-08-03,16.239999771118164,16.239999771118164,15.220000267028809,15.329999923706055,7181300.0
2017-08-04,14.970000267028809,15.680000305175781,14.5600004196167,15.260000228881836,4850400.0
2017-08-07,15.039999961853027,15.039999961853027,14.199999809265137,14.430000305175781,5307600.0
2017-08-08,14.199999809265137,14.960000038146973,13.920000076293945,14.720000267028809,5522800.0
2017-08-09,14.869999885559082,15.119999885559082,14.460000038146973,14.710000038146973,3563900.0
2017-08-10,14.899999618530273,15.1899995803833,14.300000190734863,14.479999542236328,3796700.0
2017-08-11,14.319999694824219,14.649999618530273,14.119999885559082,14.390000343322754,2764700.0
2017-08-14,14.4399995803833,14.579999923706055,14.130000114440918,14.3100004196167,2897700.0
2017-08-15,14.239999771118164,14.369999885559082,13.779999732971191,14.3100004196167,2647600.0
2017-08-16,14.319999694824219,14.600000381469727,13.609999656677246,13.6899995803833,3027700.0
2017-08-17,13.59000015258789,14.109999656677246,13.350000381469727,13.369999885559082,3472000.0
2017-08-18,13.369999885559082,13.90999984741211,13.109999656677246,13.869999885559082,3893500.0
2017-08-21,13.75,13.859999656677246,13.279999732971191,13.550000190734863,3379500.0
2017-08-22,13.65999984741211,13.880000114440918,13.319999694824219,13.350000381469727,2295600.0
2017-08-23,13.3100004196167,13.859999656677246,13.25,13.609999656677246,2302100.0
2017-08-24,13.489999771118164,13.6899995803833,13.300000190734863,13.529999732971191,2347600.0
2017-08-25,13.649999618530273,13.6899995803833,13.34000015258789,13.539999961853027,2514500.0
2017-08-28,13.529999732971191,13.640000343322754,12.630000114440918,13.170000076293945,3433000.0
2017-08-29,12.970000267028809,13.119999885559082,12.550000190734863,12.84000015258789,4052700.0
2017-08-30,12.720000267028809,12.920000076293945,12.289999961853027,12.789999961853027,3665100.0
2017-08-31,13.020000457763672,13.520000457763672,12.979999542236328,13.359999656677246,2509400.0
2017-09-01,13.380000114440918,13.899999618530273,13.149999618530273,13.739999771118164,2998100.0
2017-09-05,13.90999984741211,14.180000305175781,13.3100004196167,13.4399995803833,4276300.0
2017-09-06,13.6899995803833,14.34000015258789,13.569999694824219,14.25,3774600.0
2017-09-07,14.149999618530273,14.390000343322754,13.850000381469727,14.34000015258789,3507900.0
2017-09-08,14.25,14.25,13.390000343322754,13.640000343322754,3045800.0
2017-09-11,13.670000076293945,14.119999885559082,13.550000190734863,13.869999885559082,2699100.0
2017-09-12,14.0,15.34000015258789,13.920000076293945,14.6899995803833,5617000.0
2017-09-13,14.84000015258789,16.209999084472656,14.619999885559082,15.6899995803833,7278500.0
2017-09-14,15.9399995803833,16.260000228881836,15.420000076293945,15.720000267028809,5644900.0
2017-09-15,15.649999618530273,15.819999694824219,15.220000267028809,15.600000381469727,6335800.0
2017-09-18,15.550000190734863,16.270000457763672,15.510000228881836,16.229999542236328,3208600.0
2017-09-19,16.239999771118164,16.6200008392334,15.710000038146973,15.869999885559082,5485400.0
2017-09-20,16.059999465942383,16.850000381469727,15.989999771118164,16.559999465942383,4807500.0
2017-09-21,16.469999313354492,16.56999969482422,16.110000610351562,16.540000915527344,2571900.0
2017-09-22,16.399999618530273,16.84000015258789,16.350000381469727,16.610000610351562,2259800.0
2017-09-25,16.84000015258789,17.969999313354492,16.84000015258789,17.719999313354492,4987400.0
2017-09-26,17.540000915527344,18.81999969482422,17.329999923706055,18.770000457763672,4612900.0
2017-09-27,18.8700008392334,19.020000457763672,17.969999313354492,18.770000457763672,5215600.0
2017-09-28,18.920000076293945,19.31999969482422,18.209999084472656,18.389999389648438,2955600.0
2017-09-29,18.18000030517578,18.290000915527344,17.649999618530273,17.739999771118164,2986600.0
2017-10-02,17.09000015258789,17.760000228881836,16.719999313354492,17.690000534057617,4400700.0
2017-10-03,17.540000915527344,18.040000915527344,17.280000686645508,17.989999771118164,2956900.0
2017-10-04,18.0,18.489999771118164,17.68000030517578,17.940000534057617,3817100.0
2017-10-05,18.0,18.510000228881836,17.989999771118164,18.3799991607666,2470100.0
2017-10-06,18.06999969482422,18.06999969482422,16.850000381469727,16.979999542236328,4114200.0
2017-10-09,17.110000610351562,17.459999084472656,17.06999969482422,17.360000610351562,2873200.0
2017-10-10,17.799999237060547,18.139999389648438,17.530000686645508,17.8799991607666,3242400.0
2017-10-11,17.969999313354492,18.920000076293945,17.65999984741211,18.739999771118164,4093100.0
2017-10-12,18.270000457763672,18.770000457763672,17.8700008392334,18.6299991607666,3357400.0
2017-10-13,19.010000228881836,19.239999771118164,18.549999237060547,19.040000915527344,3786100.0
2017-10-16,19.309999465942383,19.579999923706055,18.950000762939453,19.25,2911200.0
2017-10-17,19.260000228881836,19.420000076293945,18.530000686645508,19.1200008392334,4221700.0
2017-10-18,19.079999923706055,19.450000762939453,18.540000915527344,18.6200008392334,2928600.0
2017-10-19,18.25,18.510000228881836,17.950000762939453,18.239999771118164,2803700.0
2017-10-20,18.360000610351562,18.420000076293945,17.940000534057617,18.40999984741211,2253400.0
2017-10-23,19.079999923706055,19.510000228881836,17.780000686645508,17.799999237060547,5769800.0
2017-10-24,17.979999542236328,18.360000610351562,17.850000381469727,18.020000457763672,3837900.0
2017-10-25,17.889999389648438,18.200000762939453,17.56999969482422,18.1299991607666,3164600.0
2017-10-26,18.15999984741211,18.200000762939453,17.149999618530273,17.8799991607666,4328700.0
2017-10-27,17.6200008392334,19.260000228881836,17.389999389648438,19.190000534057617,4608200.0
2017-10-30,19.309999465942383,20.219999313354492,19.309999465942383,20.170000076293945,4882600.0
2017-10-31,20.100000381469727,21.3700008392334,20.030000686645508,21.329999923706055,5284000.0
2017-11-01,21.68000030517578,22.809999465942383,21.489999771118164,21.8799991607666,5585200.0
2017-11-02,21.559999465942383,22.100000381469727,21.049999237060547,21.579999923706055,4908500.0
2017-11-03,21.709999084472656,22.440000534057617,20.239999771118164,21.809999465942383,7304600.0
2017-11-06,22.06999969482422,22.729999542236328,21.84000015258789,22.5,5203700.0
2017-11-07,22.3799991607666,22.479999542236328,21.5,21.829999923706055,4598300.0
2017-11-08,21.6200008392334,21.81999969482422,20.559999465942383,20.709999084472656,6646100.0
2017-11-09,20.59000015258789,22.239999771118164,20.59000015258789,22.139999389648438,6666700.0
2017-11-10,22.040000915527344,22.489999771118164,21.6200008392334,21.81999969482422,4621500.0
2017-11-13,21.780000686645508,21.8799991607666,20.829999923706055,20.850000381469727,2914400.0
2017-11-14,20.489999771118164,20.8799991607666,19.65999984741211,19.65999984741211,4673800.0
2017-11-15,19.110000610351562,19.940000534057617,18.709999084472656,19.540000915527344,3713100.0
2017-11-16,19.510000228881836,20.09000015258789,19.270000457763672,19.56999969482422,2763400.0
2017-11-17,19.81999969482422,20.459999084472656,19.799999237060547,20.290000915527344,2621600.0
2017-11-20,20.1299991607666,20.43000030517578,19.579999923706055,20.079999923706055,4192300.0
2017-11-21,20.09000015258789,20.440000534057617,19.829999923706055,20.049999237060547,3000500.0
2017-11-22,20.399999618530273,21.350000381469727,20.399999618530273,21.049999237060547,3568000.0
2017-11-24,21.450000762939453,21.540000915527344,20.899999618530273,20.959999084472656,1178500.0
2017-11-27,20.68000030517578,20.700000762939453,19.3799991607666,19.440000534057617,3778000.0
2017-11-28,19.329999923706055,19.489999771118164,18.81999969482422,19.09000015258789,3290900.0
2017-11-29,19.010000228881836,19.549999237060547,18.770000457763672,19.25,3626900.0
2017-11-30,19.6299991607666,20.8700008392334,19.6299991607666,20.639999389648438,4014100.0
2017-12-01,21.030000686645508,22.540000915527344,21.020000457763672,22.31999969482422,5283900.0
2017-12-04,22.270000457763672,23.09000015258789,22.059999465942383,22.399999618530273,4791600.0
2017-12-05,22.299999237060547,22.729999542236328,21.860000610351562,21.8700008392334,3400700.0
2017-12-06,21.639999389648438,21.889999389648438,21.059999465942383,21.5,3016600.0
2017-12-07,21.639999389648438,22.209999084472656,21.450000762939453,21.809999465942383,4295000.0
2017-12-08,22.309999465942383,22.600000381469727,21.75,21.81999969482422,2845300.0
2017-12-11,21.940000534057617,22.25,21.639999389648438,21.920000076293945,1805800.0
2017-12-12,21.5,22.149999618530273,21.229999542236328,21.549999237060547,3904900.0
2017-12-13,21.600000381469727,21.809999465942383,20.18000030517578,20.280000686645508,4661400.0
2017-12-14,20.06999969482422,20.469999313354492,19.649999618530273,19.68000030517578,2734900.0
2017-12-15,19.84000015258789,19.90999984741211,19.280000686645508,19.34000015258789,5657600.0
2017-12-18,19.43000030517578,20.360000610351562,19.420000076293945,20.25,3496900.0
2017-12-19,20.200000762939453,20.959999084472656,20.09000015258789,20.360000610351562,2220100.0
2017-12-20,20.530000686645508,21.139999389648438,20.030000686645508,21.06999969482422,3402200.0
2017-12-21,20.979999542236328,22.0,20.940000534057617,21.940000534057617,3870800.0
2017-12-22,21.950000762939453,22.25,21.489999771118164,21.860000610351562,3046900.0
2017-12-26,22.0,22.950000762939453,21.75,22.940000534057617,2719800.0
2017-12-27,22.84000015258789,22.959999084472656,22.3799991607666,22.459999084472656,2569200.0
2017-12-28,22.540000915527344,22.75,22.25,22.59000015258789,2018700.0
2017-12-29,22.760000228881836,22.850000381469727,22.059999465942383,22.079999923706055,1724200.0
2018-01-02,22.440000534057617,23.309999465942383,22.360000610351562,23.260000228881836,2764900.0
2018-01-03,23.469999313354492,24.25,23.299999237060547,24.09000015258789,3525300.0
2018-01-04,24.110000610351562,24.360000610351562,23.56999969482422,24.260000228881836,3033800.0
2018-01-05,24.079999923706055,24.219999313354492,23.6299991607666,24.149999618530273,3000800.0
2018-01-08,24.1299991607666,25.299999237060547,23.920000076293945,25.100000381469727,5146500.0
2018-01-09,25.209999084472656,26.399999618530273,25.149999618530273,26.15999984741211,6407400.0
2018-01-10,27.0,27.600000381469727,26.479999542236328,26.889999389648438,6434100.0
2018-01-11,27.200000762939453,28.200000762939453,26.6200008392334,26.700000762939453,5141000.0
2018-01-12,26.780000686645508,27.399999618530273,26.440000534057617,26.84000015258789,4874400.0
2018-01-16,26.889999389648438,27.229999542236328,26.440000534057617,26.56999969482422,3417300.0
2018-01-17,26.639999389648438,27.06999969482422,26.059999465942383,26.6200008392334,2450300.0
2018-01-18,26.40999984741211,26.579999923706055,25.6200008392334,25.690000534057617,3206000.0
2018-01-19,25.290000915527344,25.549999237060547,24.8700008392334,25.31999969482422,2426000.0
2018-01-22,25.350000381469727,26.719999313354492,25.350000381469727,26.489999771118164,3888800.0
2018-01-23,26.68000030517578,26.940000534057617,25.899999618530273,26.219999313354492,2462200.0
2018-01-24,26.31999969482422,26.549999237060547,25.610000610351562,26.329999923706055,3299600.0
2018-01-25,26.549999237060547,26.65999984741211,25.670000076293945,25.809999465942383,2920600.0
2018-01-26,25.84000015258789,26.0,25.15999984741211,25.40999984741211,4098800.0
2018-01-29,25.200000762939453,25.719999313354492,24.799999237060547,25.09000015258789,3075200.0
2018-01-30,24.600000381469727,24.670000076293945,23.149999618530273,23.260000228881836,4698000.0
2018-01-31,23.299999237060547,23.59000015258789,22.68000030517578,23.350000381469727,3153500.0
2018-02-01,23.399999618530273,24.260000228881836,23.399999618530273,23.899999618530273,2082400.0
2018-02-02,23.600000381469727,23.65999984741211,22.8799991607666,23.049999237060547,2824400.0
2018-02-05,22.649999618530273,23.6200008392334,21.969999313354492,22.270000457763672,3056900.0
2018-02-06,22.040000915527344,23.3700008392334,21.520000457763672,23.059999465942383,2965300.0
2018-02-07,23.3799991607666,23.59000015258789,22.15999984741211,22.270000457763672,3851500.0
2018-02-08,22.489999771118164,22.709999084472656,20.850000381469727,20.850000381469727,2660300.0
2018-02-09,21.079999923706055,21.1299991607666,19.59000015258789,20.34000015258789,3435900.0
2018-02-12,20.790000915527344,21.8799991607666,20.600000381469727,21.540000915527344,3853300.0
2018-02-13,21.079999923706055,21.149999618530273,20.09000015258789,20.469999313354492,4278900.0
2018-02-14,20.06999969482422,21.670000076293945,20.0,21.43000030517578,3444900.0
2018-02-15,21.639999389648438,21.790000915527344,20.579999923706055,21.65999984741211,2414300.0
2018-02-16,21.489999771118164,22.100000381469727,21.489999771118164,21.850000381469727,2235600.0
2018-02-20,22.170000076293945,22.5,21.6299991607666,21.84000015258789,2593000.0
2018-02-21,21.899999618530273,22.06999969482422,21.280000686645508,21.299999237060547,2642800.0
2018-02-22,19.0,20.0,18.010000228881836,19.309999465942383,9912300.0
2018-02-23,19.420000076293945,20.110000610351562,19.360000610351562,20.079999923706055,3570700.0
2018-02-26,20.25,20.739999771118164,19.860000610351562,20.440000534057617,3763800.0
2018-02-27,20.350000381469727,20.350000381469727,19.1299991607666,19.18000030517578,3581000.0
2018-02-28,19.34000015258789,19.43000030517578,18.329999923706055,18.34000015258789,4209400.0
2018-03-01,18.389999389648438,18.700000762939453,18.049999237060547,18.309999465942383,2742700.0
2018-03-02,18.06999969482422,18.90999984741211,17.780000686645508,18.84000015258789,3148500.0
2018-03-05,18.59000015258789,19.729999542236328,18.559999465942383,19.3700008392334,4168900.0
2018-03-06,19.559999465942383,19.559999465942383,18.149999618530273,18.219999313354492,3050900.0
2018-03-07,18.010000228881836,18.270000457763672,17.40999984741211,17.700000762939453,3445800.0
2018-03-08,17.760000228881836,17.889999389648438,17.25,17.649999618530273,2470800.0
2018-03-09,18.030000686645508,18.399999618530273,17.790000915527344,18.1200008392334,3001700.0
2018-03-12,18.020000457763672,18.56999969482422,17.93000030517578,18.31999969482422,2905300.0
2018-03-13,18.360000610351562,18.600000381469727,17.8799991607666,18.280000686645508,3188100.0
2018-03-14,18.40999984741211,18.690000534057617,17.790000915527344,17.899999618530273,3079000.0
2018-03-15,18.0,18.350000381469727,17.260000228881836,17.559999465942383,3472200.0
2018-03-16,17.649999618530273,18.059999465942383,17.239999771118164,17.90999984741211,3352200.0
2018-03-19,17.700000762939453,17.780000686645508,17.059999465942383,17.219999313354492,2396900.0
2018-03-20,17.309999465942383,17.520000457763672,17.149999618530273,17.40999984741211,2171700.0
2018-03-21,17.600000381469727,18.950000762939453,17.530000686645508,18.90999984741211,4272800.0
2018-03-22,18.489999771118164,19.020000457763672,18.3799991607666,18.6200008392334,3460500.0
2018-03-23,18.709999084472656,19.360000610351562,18.360000610351562,18.579999923706055,2942300.0
2018-03-26,18.860000610351562,18.90999984741211,18.09000015258789,18.56999969482422,2585400.0
2018-03-27,18.649999618530273,19.489999771118164,18.18000030517578,18.3799991607666,4495300.0
2018-03-28,18.40999984741211,18.6299991607666,17.399999618530273,17.450000762939453,4870600.0
2018-03-29,17.559999465942383,18.06999969482422,17.329999923706055,18.030000686645508,4956200.0
2018-04-02,17.8700008392334,17.8700008392334,16.110000610351562,16.489999771118164,3939800.0
2018-04-03,16.65999984741211,16.8799991607666,16.139999389648438,16.790000915527344,3669100.0
2018-04-04,16.399999618530273,17.440000534057617,16.239999771118164,17.229999542236328,4745200.0
2018-04-05,17.280000686645508,18.5,17.280000686645508,18.260000228881836,4345600.0
2018-04-06,18.049999237060547,18.459999084472656,17.440000534057617,17.93000030517578,3378100.0
2018-04-09,18.040000915527344,18.3799991607666,17.709999084472656,17.729999542236328,3574200.0
2018-04-10,18.700000762939453,19.5,18.31999969482422,19.290000915527344,4059600.0
2018-04-11,19.200000762939453,20.450000762939453,19.18000030517578,20.010000228881836,3902700.0
2018-04-12,19.940000534057617,20.469999313354492,19.40999984741211,20.299999237060547,3624100.0
2018-04-13,20.450000762939453,21.0,20.360000610351562,20.799999237060547,2797800.0
2018-04-16,20.799999237060547,20.799999237060547,20.3799991607666,20.600000381469727,4344100.0
2018-04-17,20.610000610351562,20.989999771118164,20.360000610351562,20.809999465942383,2363900.0
2018-04-18,21.260000228881836,22.1299991607666,21.09000015258789,21.760000228881836,5288700.0
2018-04-19,21.889999389648438,22.209999084472656,21.440000534057617,21.809999465942383,4552500.0
2018-04-20,21.84000015258789,22.290000915527344,21.520000457763672,22.15999984741211,4740800.0
2018-04-23,21.75,22.5,21.530000686645508,22.360000610351562,4138800.0
2018-04-24,22.350000381469727,23.1200008392334,22.170000076293945,22.829999923706055,4429000.0
2018-04-25,22.700000762939453,23.360000610351562,22.479999542236328,23.280000686645508,2832100.0
2018-04-26,23.399999618530273,23.549999237060547,22.920000076293945,23.40999984741211,2103300.0
2018-04-27,23.139999389648438,23.649999618530273,22.90999984741211,23.420000076293945,2306500.0
2018-04-30,23.299999237060547,24.170000076293945,23.209999084472656,23.950000762939453,2521600.0
2018-05-01,23.729999542236328,24.040000915527344,22.969999313354492,23.540000915527344,3031200.0
2018-05-02,23.579999923706055,24.200000762939453,23.43000030517578,23.8700008392334,3279800.0
2018-05-03,23.649999618530273,23.860000610351562,22.8700008392334,23.06999969482422,3510700.0
2018-05-04,23.06999969482422,23.780000686645508,22.479999542236328,23.649999618530273,3425300.0
2018-05-07,23.93000030517578,24.469999313354492,23.639999389648438,23.729999542236328,3526800.0
2018-05-08,23.729999542236328,24.25,22.440000534057617,24.25,4748100.0
2018-05-09,24.850000381469727,25.420000076293945,24.579999923706055,24.719999313354492,5479500.0
2018-05-10,25.200000762939453,25.219999313354492,24.65999984741211,25.09000015258789,3749500.0
2018-05-11,25.299999237060547,25.440000534057617,24.540000915527344,24.639999389648438,3040600.0
2018-05-14,24.780000686645508,25.0,24.59000015258789,24.829999923706055,2447700.0
2018-05-15,24.639999389648438,25.280000686645508,24.40999984741211,25.190000534057617,2782500.0
2018-05-16,25.15999984741211,25.579999923706055,24.6299991607666,25.459999084472656,3173200.0
2018-05-17,25.829999923706055,26.56999969482422,25.639999389648438,26.5,3429900.0
2018-05-18,26.479999542236328,26.700000762939453,26.149999618530273,26.639999389648438,1929100.0
2018-05-21,27.0,27.229999542236328,26.6200008392334,27.18000030517578,2405100.0
2018-05-22,27.299999237060547,27.940000534057617,26.389999389648438,26.6200008392334,3319000.0
2018-05-23,26.280000686645508,26.690000534057617,25.549999237060547,26.549999237060547,2732500.0
2018-05-24,25.90999984741211,26.440000534057617,25.649999618530273,25.889999389648438,4325100.0
2018-05-25,25.059999465942383,25.059999465942383,23.920000076293945,24.649999618530273,3693000.0
2018-05-29,24.3700008392334,25.309999465942383,24.110000610351562,25.280000686645508,2115900.0
2018-05-30,25.389999389648438,26.6299991607666,25.389999389648438,26.600000381469727,2401200.0
2018-05-31,26.299999237060547,26.979999542236328,26.149999618530273,26.200000762939453,2376700.0
2018-06-01,26.309999465942383,26.40999984741211,23.149999618530273,23.190000534057617,6327800.0
2018-06-04,22.899999618530273,22.989999771118164,20.81999969482422,21.350000381469727,6590200.0
2018-06-05,21.239999771118164,22.34000015258789,20.950000762939453,21.969999313354492,4665900.0
2018-06-06,22.040000915527344,22.549999237060547,21.56999969482422,22.290000915527344,5917000.0
2018-06-07,22.520000457763672,23.899999618530273,22.489999771118164,23.790000915527344,3676200.0
2018-06-08,23.579999923706055,24.059999465942383,23.079999923706055,23.8700008392334,3263900.0
2018-06-11,23.75,24.389999389648438,23.34000015258789,24.1200008392334,2921000.0
2018-06-12,24.020000457763672,24.950000762939453,24.010000228881836,24.799999237060547,4492000.0
2018-06-13,24.649999618530273,25.139999389648438,24.479999542236328,24.829999923706055,2143500.0
2018-06-14,25.190000534057617,25.299999237060547,24.399999618530273,24.43000030517578,1804300.0
2018-06-15,24.219999313354492,24.260000228881836,22.940000534057617,23.239999771118164,3904200.0
2018-06-18,23.239999771118164,24.670000076293945,23.190000534057617,24.209999084472656,2706900.0
2018-06-19,23.739999771118164,24.829999923706055,23.420000076293945,24.56999969482422,2237600.0
2018-06-20,25.0,25.420000076293945,24.5,25.139999389648438,2467500.0
2018-06-21,24.850000381469727,25.0,23.809999465942383,23.920000076293945,2180900.0
2018-06-22,25.25,25.709999084472656,24.90999984741211,25.520000457763672,3880700.0
2018-06-25,25.469999313354492,25.84000015258789,24.770000457763672,24.889999389648438,2564800.0
2018-06-26,25.170000076293945,25.65999984741211,24.709999084472656,25.6200008392334,2389200.0
2018-06-27,26.049999237060547,27.09000015258789,25.8799991607666,26.639999389648438,2825400.0
2018-06-28,26.639999389648438,26.790000915527344,26.06999969482422,26.190000534057617,2191400.0
2018-06-29,26.190000534057617,26.809999465942383,25.639999389648438,25.690000534057617,2117300.0
2018-07-02,25.43000030517578,25.6200008392334,24.90999984741211,25.170000076293945,1888100.0
2018-07-03,25.75,26.760000228881836,25.579999923706055,25.690000534057617,1513300.0
2018-07-05,26.1200008392334,26.1200008392334,25.229999542236328,25.84000015258789,1336600.0
2018-07-06,25.1299991607666,26.950000762939453,24.950000762939453,26.81999969482422,1916300.0
2018-07-09,27.09000015258789,27.84000015258789,26.6200008392334,27.68000030517578,2446200.0
2018-07-10,28.030000686645508,28.450000762939453,27.43000030517578,27.739999771118164,2622900.0
2018-07-11,27.40999984741211,27.940000534057617,26.600000381469727,26.969999313354492,2281500.0
2018-07-12,26.489999771118164,27.049999237060547,26.260000228881836,26.639999389648438,2052600.0
2018-07-13,26.649999618530273,27.15999984741211,26.329999923706055,26.420000076293945,2444200.0
2018-07-16,25.969999313354492,26.450000762939453,25.040000915527344,26.049999237060547,2103500.0
2018-07-17,25.399999618530273,26.299999237060547,25.399999618530273,26.110000610351562,1396600.0
2018-07-18,25.90999984741211,26.530000686645508,25.09000015258789,26.469999313354492,2085500.0
2018-07-19,26.8799991607666,26.979999542236328,25.700000762939453,26.530000686645508,2547700.0
2018-07-20,26.6200008392334,27.030000686645508,26.3799991607666,26.6200008392334,1921900.0
2018-07-23,27.09000015258789,27.149999618530273,26.520000457763672,26.549999237060547,1784100.0
2018-07-24,26.610000610351562,27.110000610351562,26.520000457763672,26.81999969482422,1863800.0
2018-07-25,26.770000457763672,27.600000381469727,26.6200008392334,27.5,1740400.0
2018-07-26,27.389999389648438,27.860000610351562,26.979999542236328,27.530000686645508,7670600.0
2018-07-27,27.18000030517578,27.6200008392334,26.440000534057617,26.549999237060547,1774200.0
2018-07-30,26.979999542236328,27.940000534057617,26.979999542236328,27.709999084472656,2158300.0
2018-07-31,27.59000015258789,27.719999313354492,26.850000381469727,27.510000228881836,2029000.0
2018-08-01,27.09000015258789,27.100000381469727,25.8799991607666,26.950000762939453,2115600.0
2018-08-02,26.860000610351562,28.6299991607666,26.170000076293945,28.489999771118164,3795700.0
2018-08-03,28.3799991607666,28.899999618530273,27.829999923706055,28.329999923706055,2067600.0
2018-08-06,28.3700008392334,29.06999969482422,28.219999313354492,28.809999465942383,1940100.0
2018-08-07,29.06999969482422,29.360000610351562,28.440000534057617,28.8700008392334,2415000.0
2018-08-08,28.43000030517578,28.479999542236328,27.170000076293945,27.56999969482422,2575300.0
2018-08-09,27.549999237060547,27.739999771118164,26.950000762939453,27.559999465942383,1925200.0
2018-08-10,27.530000686645508,28.540000915527344,27.459999084472656,28.360000610351562,1704700.0
2018-08-13,27.829999923706055,28.729999542236328,27.40999984741211,27.450000762939453,1872600.0
2018-08-14,27.809999465942383,28.280000686645508,27.6299991607666,28.200000762939453,1323200.0
2018-08-15,27.809999465942383,27.84000015258789,26.219999313354492,26.649999618530273,2037400.0
2018-08-16,26.969999313354492,27.540000915527344,26.690000534057617,27.209999084472656,1573800.0
2018-08-17,27.3799991607666,27.950000762939453,27.06999969482422,27.389999389648438,2640200.0
2018-08-20,26.84000015258789,28.309999465942383,26.84000015258789,28.229999542236328,1693400.0
2018-08-21,28.739999771118164,29.579999923706055,28.739999771118164,29.170000076293945,2511400.0
2018-08-22,29.75,30.100000381469727,29.40999984741211,29.850000381469727,2468500.0
2018-08-23,29.56999969482422,30.25,29.34000015258789,29.8799991607666,2040300.0
2018-08-24,30.25,30.65999984741211,30.200000762939453,30.389999389648438,2573200.0
2018-08-27,30.489999771118164,30.899999618530273,30.190000534057617,30.350000381469727,1745400.0
2018-08-28,30.3700008392334,30.799999237060547,29.760000228881836,29.84000015258789,2009800.0
2018-08-29,30.09000015258789,30.1200008392334,29.56999969482422,29.950000762939453,2707600.0
2018-08-30,29.969999313354492,30.829999923706055,29.959999084472656,30.559999465942383,2350900.0
2018-08-31,30.280000686645508,30.350000381469727,29.639999389648438,30.09000015258789,1474500.0
2018-09-04,30.110000610351562,30.690000534057617,29.510000228881836,29.920000076293945,2262900.0
2018-09-05,29.6200008392334,30.8799991607666,29.139999389648438,30.709999084472656,2207900.0
2018-09-06,30.579999923706055,30.68000030517578,29.190000534057617,29.209999084472656,1588200.0
2018-09-07,28.829999923706055,29.170000076293945,28.100000381469727,28.75,2381000.0
2018-09-10,28.90999984741211,29.540000915527344,28.8700008392334,29.239999771118164,2611400.0
2018-09-11,29.190000534057617,30.610000610351562,29.170000076293945,30.40999984741211,1541600.0
2018-09-12,30.959999084472656,31.559999465942383,30.81999969482422,31.329999923706055,1670600.0
2018-09-13,31.020000457763672,31.559999465942383,30.709999084472656,31.31999969482422,1526600.0
2018-09-14,31.350000381469727,31.950000762939453,31.239999771118164,31.489999771118164,1442200.0
2018-09-17,31.639999389648438,31.8700008392334,31.239999771118164,31.309999465942383,1545200.0
2018-09-18,31.559999465942383,32.09000015258789,31.049999237060547,31.649999618530273,4206200.0
2018-09-19,31.739999771118164,31.969999313354492,31.3700008392334,31.739999771118164,2260100.0
2018-09-20,31.850000381469727,31.920000076293945,30.639999389648438,31.219999313354492,3182400.0
2018-09-21,31.420000076293945,32.060001373291016,31.170000076293945,31.540000915527344,3897800.0
2018-09-24,32.18000030517578,32.27000045776367,31.540000915527344,31.940000534057617,3242600.0
2018-09-25,32.20000076293945,32.400001525878906,31.299999237060547,31.6200008392334,2447800.0
2018-09-26,31.34000015258789,31.600000381469727,31.06999969482422,31.149999618530273,1458600.0
2018-09-27,31.65999984741211,31.75,31.329999923706055,31.649999618530273,2412500.0
2018-09-28,31.5,32.220001220703125,31.450000762939453,31.530000686645508,2713300.0
2018-10-01,31.700000762939453,32.68000030517578,31.420000076293945,32.52000045776367,3281300.0
2018-10-02,32.59000015258789,32.900001525878906,32.029998779296875,32.40999984741211,1483900.0
2018-10-03,32.59000015258789,33.5099983215332,32.2400016784668,33.470001220703125,2634700.0
2018-10-04,33.09000015258789,33.7599983215332,32.56999969482422,32.72999954223633,1843400.0
2018-10-05,32.599998474121094,33.060001373291016,32.04999923706055,32.9900016784668,2653500.0
2018-10-08,32.279998779296875,32.63999938964844,31.399999618530273,32.13999938964844,1307700.0
2018-10-09,32.38999938964844,33.279998779296875,32.20000076293945,32.459999084472656,1949700.0
2018-10-10,32.56999969482422,32.689998626708984,29.889999389648438,30.100000381469727,2222400.0
2018-10-11,29.600000381469727,30.200000762939453,28.639999389648438,28.790000915527344,3315600.0
2018-10-12,29.579999923706055,30.3700008392334,29.09000015258789,30.1200008392334,3300200.0
2018-10-15,30.389999389648438,30.940000534057617,29.959999084472656,30.360000610351562,1813800.0
2018-10-16,30.6299991607666,31.450000762939453,30.15999984741211,30.989999771118164,2794500.0
2018-10-17,30.690000534057617,30.950000762939453,29.450000762939453,29.959999084472656,1934800.0
2018-10-18,29.25,29.670000076293945,27.969999313354492,28.989999771118164,3606600.0
2018-10-19,29.1299991607666,29.889999389648438,28.56999969482422,29.010000228881836,1869300.0
2018-10-22,28.809999465942383,29.190000534057617,28.329999923706055,28.809999465942383,1347100.0
2018-10-23,27.809999465942383,27.889999389648438,26.709999084472656,27.100000381469727,2638900.0
2018-10-24,27.729999542236328,27.8700008392334,25.600000381469727,25.68000030517578,3721300.0
2018-10-25,25.950000762939453,26.59000015258789,25.68000030517578,25.959999084472656,3120500.0
2018-10-26,25.43000030517578,26.079999923706055,24.81999969482422,25.31999969482422,3216300.0
2018-10-29,25.31999969482422,25.549999237060547,23.329999923706055,23.780000686645508,2892200.0
2018-10-30,23.540000915527344,24.149999618530273,22.84000015258789,24.100000381469727,4065000.0
2018-10-31,24.600000381469727,25.559999465942383,24.190000534057617,24.34000015258789,4151800.0
2018-11-01,24.56999969482422,25.139999389648438,23.889999389648438,24.770000457763672,3207100.0
2018-11-02,24.049999237060547,24.8700008392334,22.81999969482422,23.260000228881836,6129900.0
2018-11-05,23.75,24.510000228881836,23.729999542236328,24.170000076293945,3799500.0
2018-11-06,24.1299991607666,24.809999465942383,23.59000015258789,24.290000915527344,2964000.0
2018-11-07,24.850000381469727,25.329999923706055,23.790000915527344,24.479999542236328,2168000.0
2018-11-08,24.34000015258789,24.5,23.139999389648438,23.149999618530273,2249000.0
2018-11-09,22.479999542236328,22.959999084472656,21.8799991607666,22.790000915527344,2351400.0
2018-11-12,23.1200008392334,23.1200008392334,21.459999084472656,21.5,2368900.0
2018-11-13,21.0,21.770000457763672,20.850000381469727,21.110000610351562,4884700.0
2018-11-14,21.81999969482422,22.149999618530273,20.799999237060547,21.09000015258789,2005400.0
2018-11-15,21.010000228881836,21.760000228881836,20.90999984741211,21.719999313354492,1497400.0
2018-11-16,21.8700008392334,22.149999618530273,20.81999969482422,21.530000686645508,2352800.0
2018-11-19,21.049999237060547,21.860000610351562,20.610000610351562,21.6200008392334,2095400.0
2018-11-20,21.0,21.010000228881836,19.889999389648438,20.1299991607666,2332900.0
2018-11-21,20.290000915527344,21.3799991607666,20.229999542236328,21.059999465942383,1762400.0
2018-11-23,19.799999237060547,20.469999313354492,19.5,20.219999313354492,719000.0
2018-11-26,20.59000015258789,21.139999389648438,20.280000686645508,20.6299991607666,1934100.0
2018-11-27,20.639999389648438,21.209999084472656,20.239999771118164,20.399999618530273,2132900.0
2018-11-28,20.40999984741211,21.010000228881836,20.059999465942383,20.850000381469727,1989900.0
2018-11-29,20.989999771118164,21.40999984741211,20.809999465942383,20.959999084472656,1949700.0
2018-11-30,20.65999984741211,20.729999542236328,20.079999923706055,20.399999618530273,2123400.0
2018-12-03,21.290000915527344,21.719999313354492,21.149999618530273,21.649999618530273,2278900.0
2018-12-04,21.649999618530273,21.84000015258789,20.559999465942383,20.579999923706055,3207500.0
2018-12-06,19.860000610351562,19.950000762939453,18.59000015258789,19.43000030517578,3125900.0
2018-12-07,20.219999313354492,20.809999465942383,19.489999771118164,19.649999618530273,3623100.0
2018-12-10,19.309999465942383,19.600000381469727,18.6299991607666,18.899999618530273,2581200.0
2018-12-11,19.31999969482422,19.670000076293945,18.579999923706055,18.739999771118164,2675900.0
2018-12-12,19.15999984741211,19.559999465942383,18.889999389648438,18.959999084472656,1584900.0
2018-12-13,18.899999618530273,19.079999923706055,18.350000381469727,18.549999237060547,2441000.0
2018-12-14,18.229999542236328,18.389999389648438,16.670000076293945,16.709999084472656,3277700.0
2018-12-17,16.469999313354492,16.979999542236328,16.190000534057617,16.309999465942383,3007800.0
2018-12-18,16.309999465942383,16.40999984741211,15.390000343322754,15.520000457763672,2949400.0
2018-12-19,15.6899995803833,16.34000015258789,14.979999542236328,15.270000457763672,4873100.0
2018-12-20,14.729999542236328,15.5600004196167,14.579999923706055,14.859999656677246,2999200.0
2018-12-21,14.720000267028809,15.380000114440918,14.289999961853027,14.479999542236328,6092000.0
2018-12-24,14.210000038146973,14.369999885559082,13.479999542236328,13.489999771118164,1461000.0
2018-12-26,13.649999618530273,15.260000228881836,13.149999618530273,15.210000038146973,3206400.0
2018-12-27,14.779999732971191,15.5600004196167,14.710000038146973,15.550000190734863,2191500.0
2018-12-28,15.600000381469727,15.829999923706055,15.229999542236328,15.359999656677246,2887900.0
2018-12-31,15.5,15.739999771118164,14.979999542236328,15.479999542236328,1502300.0
2019-01-02,14.989999771118164,15.739999771118164,14.619999885559082,15.34000015258789,3856600.0
2019-01-03,15.430000305175781,15.699999809265137,14.949999809265137,15.319999694824219,2044200.0
2019-01-04,15.819999694824219,16.729999542236328,15.579999923706055,16.6299991607666,3116100.0
2019-01-07,16.850000381469727,17.809999465942383,16.690000534057617,17.479999542236328,3512700.0
2019-01-08,17.719999313354492,18.270000457763672,17.510000228881836,17.959999084472656,3315800.0
2019-01-09,18.420000076293945,19.0,18.209999084472656,18.780000686645508,4740800.0
2019-01-10,18.450000762939453,19.520000457763672,18.280000686645508,19.440000534057617,2857800.0
2019-01-11,19.170000076293945,19.809999465942383,18.979999542236328,19.309999465942383,3563900.0
2019-01-14,18.920000076293945,19.739999771118164,18.799999237060547,19.34000015258789,2123300.0
2019-01-15,19.43000030517578,20.0,19.399999618530273,19.850000381469727,1902200.0
2019-01-16,19.899999618530273,20.440000534057617,19.709999084472656,20.020000457763672,3067400.0
2019-01-17,19.780000686645508,20.489999771118164,19.65999984741211,20.329999923706055,2102000.0
2019-01-18,20.540000915527344,21.190000534057617,20.34000015258789,21.139999389648438,3316900.0
2019-01-22,20.68000030517578,20.799999237060547,19.979999542236328,20.030000686645508,2926800.0
2019-01-23,20.219999313354492,20.260000228881836,19.0,19.190000534057617,1982200.0
2019-01-24,18.950000762939453,19.510000228881836,18.770000457763672,19.1299991607666,2747000.0
2019-01-25,19.350000381469727,19.739999771118164,19.1200008392334,19.479999542236328,3225900.0
2019-01-28,18.920000076293945,19.360000610351562,18.65999984741211,19.309999465942383,1760000.0
2019-01-29,19.610000610351562,20.020000457763672,19.399999618530273,19.68000030517578,2451900.0
2019-01-30,20.0,20.43000030517578,19.469999313354492,20.420000076293945,1813400.0
2019-01-31,20.6299991607666,20.729999542236328,19.31999969482422,19.6200008392334,2565600.0
2019-02-01,19.729999542236328,20.040000915527344,19.489999771118164,19.739999771118164,1600200.0
2019-02-04,19.43000030517578,19.520000457763672,18.350000381469727,19.469999313354492,4347600.0
2019-02-05,19.3700008392334,19.40999984741211,18.360000610351562,18.850000381469727,3200500.0
2019-02-06,18.639999389648438,19.290000915527344,18.459999084472656,18.719999313354492,1596900.0
2019-02-07,18.459999084472656,18.510000228881836,17.389999389648438,17.43000030517578,2613900.0
2019-02-08,17.360000610351562,17.489999771118164,16.450000762939453,16.760000228881836,4188300.0
2019-02-11,16.559999465942383,17.479999542236328,16.559999465942383,17.459999084472656,3460300.0
2019-02-12,17.93000030517578,18.489999771118164,17.889999389648438,18.260000228881836,1731900.0
2019-02-13,18.40999984741211,19.100000381469727,18.40999984741211,19.020000457763672,1844500.0
2019-02-14,18.93000030517578,19.200000762939453,18.780000686645508,18.850000381469727,2551900.0
2019-02-15,19.200000762939453,19.850000381469727,19.049999237060547,19.809999465942383,2085500.0
2019-02-19,19.610000610351562,19.8700008392334,19.049999237060547,19.079999923706055,2571500.0
2019-02-20,18.969999313354492,19.799999237060547,18.90999984741211,19.690000534057617,3536000.0
2019-02-21,18.56999969482422,18.950000762939453,16.700000762939453,17.020000457763672,8938500.0
2019-02-22,17.229999542236328,17.610000610351562,16.469999313354492,16.889999389648438,4400200.0
2019-02-25,16.6299991607666,16.959999084472656,16.389999389648438,16.889999389648438,3242500.0
2019-02-26,16.700000762939453,17.329999923706055,16.309999465942383,16.420000076293945,3116700.0
2019-02-27,16.559999465942383,17.209999084472656,16.270000457763672,16.649999618530273,2304300.0
2019-02-28,16.739999771118164,16.739999771118164,15.960000038146973,16.34000015258789,2064400.0
2019-03-01,16.489999771118164,16.81999969482422,16.139999389648438,16.530000686645508,1904700.0
2019-03-04,16.81999969482422,16.969999313354492,16.350000381469727,16.860000610351562,1979600.0
2019-03-05,16.889999389648438,17.049999237060547,16.5,16.6200008392334,1683400.0
2019-03-06,16.489999771118164,16.579999923706055,16.030000686645508,16.049999237060547,1557700.0
2019-03-07,16.09000015258789,16.18000030517578,15.649999618530273,15.789999961853027,1783000.0
2019-03-08,15.300000190734863,15.350000381469727,14.75,15.069999694824219,2489300.0
2019-03-11,15.1899995803833,15.420000076293945,14.869999885559082,14.979999542236328,3034100.0
2019-03-12,15.199999809265137,15.84000015258789,15.140000343322754,15.800000190734863,2152800.0
2019-03-13,16.329999923706055,16.68000030517578,15.949999809265137,16.329999923706055,2133900.0
2019-03-14,16.31999969482422,16.59000015258789,15.859999656677246,15.920000076293945,1618100.0
2019-03-15,15.6899995803833,15.859999656677246,15.550000190734863,15.699999809265137,3005400.0
2019-03-18,15.930000305175781,16.200000762939453,15.869999885559082,16.079999923706055,2875900.0
2019-03-19,16.34000015258789,16.350000381469727,15.399999618530273,15.520000457763672,2350000.0
2019-03-20,15.520000457763672,16.739999771118164,15.449999809265137,16.459999084472656,2514900.0
2019-03-21,16.530000686645508,17.350000381469727,16.479999542236328,17.290000915527344,2009300.0
2019-03-22,16.959999084472656,16.979999542236328,16.020000457763672,16.40999984741211,2917500.0
2019-03-25,16.389999389648438,16.670000076293945,16.020000457763672,16.440000534057617,2862300.0
2019-03-26,16.940000534057617,17.40999984741211,16.860000610351562,16.989999771118164,2488300.0
2019-03-27,17.049999237060547,17.31999969482422,16.729999542236328,17.040000915527344,2099200.0
2019-03-28,16.799999237060547,17.280000686645508,16.799999237060547,17.200000762939453,1636700.0
2019-03-29,17.729999542236328,17.90999984741211,17.40999984741211,17.489999771118164,2171800.0
2019-04-01,17.760000228881836,18.010000228881836,17.459999084472656,17.719999313354492,1649400.0
2019-04-02,17.719999313354492,18.06999969482422,17.540000915527344,17.649999618530273,1907700.0
2019-04-03,17.780000686645508,17.790000915527344,16.440000534057617,16.610000610351562,3510400.0
2019-04-04,16.610000610351562,17.399999618530273,16.520000457763672,17.31999969482422,2534300.0
2019-04-05,17.360000610351562,18.190000534057617,17.350000381469727,18.149999618530273,2480100.0
2019-04-08,18.170000076293945,18.549999237060547,18.0,18.25,2303300.0
2019-04-09,18.200000762939453,18.299999237060547,17.65999984741211,17.719999313354492,1846500.0
2019-04-10,17.889999389648438,18.309999465942383,17.709999084472656,18.15999984741211,1935800.0
2019-04-11,18.149999618530273,18.280000686645508,17.239999771118164,17.290000915527344,2532300.0
2019-04-12,18.06999969482422,18.31999969482422,17.610000610351562,18.309999465942383,2577500.0
2019-04-15,18.190000534057617,18.280000686645508,17.75,17.75,2181400.0
2019-04-16,17.809999465942383,18.0,17.309999465942383,17.90999984741211,2583600.0
2019-04-17,17.6200008392334,17.920000076293945,17.479999542236328,17.579999923706055,2272400.0
2019-04-18,17.530000686645508,17.770000457763672,17.309999465942383,17.530000686645508,2549600.0
2019-04-22,17.979999542236328,18.790000915527344,17.950000762939453,18.549999237060547,3001700.0
2019-04-23,18.59000015258789,18.920000076293945,18.260000228881836,18.479999542236328,1698800.0
2019-04-24,18.600000381469727,18.700000762939453,17.31999969482422,17.350000381469727,2361100.0
2019-04-25,17.170000076293945,17.309999465942383,16.459999084472656,16.459999084472656,2162600.0
2019-04-26,16.229999542236328,16.34000015258789,15.699999809265137,15.960000038146973,2289200.0
2019-04-29,16.010000228881836,16.290000915527344,15.710000038146973,16.1200008392334,2023400.0
2019-04-30,16.3799991607666,16.399999618530273,15.829999923706055,15.930000305175781,2290400.0
2019-05-01,15.729999542236328,15.829999923706055,15.180000305175781,15.199999809265137,2933100.0
2019-05-02,14.600000381469727,15.0,13.800000190734863,14.760000228881836,5718300.0
2019-05-03,14.989999771118164,15.149999618530273,14.529999732971191,14.90999984741211,3542100.0
2019-05-06,14.529999732971191,15.5,14.229999542236328,15.239999771118164,2913300.0
2019-05-07,14.890000343322754,15.239999771118164,14.390000343322754,14.619999885559082,2300400.0
2019-05-08,14.649999618530273,15.210000038146973,14.520000457763672,14.979999542236328,2307800.0
2019-05-09,15.140000343322754,15.229999542236328,14.720000267028809,15.100000381469727,2865300.0
2019-05-10,15.039999961853027,15.430000305175781,14.550000190734863,15.369999885559082,1863300.0
2019-05-13,15.140000343322754,15.489999771118164,14.619999885559082,14.619999885559082,2066000.0
2019-05-14,14.680000305175781,15.289999961853027,14.680000305175781,15.15999984741211,1863300.0
2019-05-15,14.920000076293945,15.470000267028809,14.829999923706055,15.430000305175781,1673800.0
2019-05-16,15.539999961853027,15.90999984741211,15.539999961853027,15.880000114440918,1479400.0
2019-05-17,15.630000114440918,15.75,14.9399995803833,15.100000381469727,2138000.0
2019-05-20,15.029999732971191,15.149999618530273,14.510000228881836,14.579999923706055,1390800.0
2019-05-21,14.649999618530273,15.029999732971191,14.420000076293945,14.829999923706055,1932000.0
2019-05-22,14.600000381469727,14.699999809265137,13.779999732971191,13.84000015258789,1813300.0
2019-05-23,13.470000267028809,13.5,12.84000015258789,13.0,3478100.0
2019-05-24,13.220000267028809,13.399999618530273,12.550000190734863,12.729999542236328,2955000.0
2019-05-28,12.75,12.960000038146973,12.510000228881836,12.539999961853027,1492900.0
2019-05-29,12.40999984741211,12.890000343322754,12.229999542236328,12.8100004196167,4192100.0
2019-05-30,12.8100004196167,13.050000190734863,12.130000114440918,12.180000305175781,2483400.0
2019-05-31,11.949999809265137,12.109999656677246,11.609999656677246,11.630000114440918,1923800.0
2019-06-03,11.760000228881836,11.880000114440918,11.3100004196167,11.739999771118164,3006000.0
2019-06-04,11.899999618530273,12.199999809265137,11.6899995803833,12.170000076293945,1772500.0
2019-06-05,12.130000114440918,12.140000343322754,11.119999885559082,11.220000267028809,2892000.0
2019-06-06,11.289999961853027,11.65999984741211,11.15999984741211,11.630000114440918,2146000.0
2019-06-07,11.720000267028809,12.09000015258789,11.40999984741211,11.8100004196167,2519700.0
2019-06-10,11.920000076293945,12.079999923706055,11.59000015258789,11.619999885559082,2124500.0
2019-06-11,11.829999923706055,12.0,11.649999618530273,11.770000457763672,1969900.0
2019-06-12,11.489999771118164,11.529999732971191,10.710000038146973,10.75,2082200.0
2019-06-13,11.109999656677246,11.149999618530273,10.739999771118164,10.899999618530273,2589100.0
2019-06-14,10.920000076293945,11.100000381469727,10.329999923706055,10.380000114440918,2353500.0
2019-06-17,10.220000267028809,11.020000457763672,10.170000076293945,10.960000038146973,3302000.0
2019-06-18,11.180000305175781,11.819999694824219,11.180000305175781,11.680000305175781,3533700.0
2019-06-19,11.59000015258789,11.59000015258789,11.149999618530273,11.1899995803833,1964900.0
2019-06-20,11.630000114440918,12.260000228881836,11.579999923706055,12.15999984741211,3387100.0
2019-06-21,12.199999809265137,12.449999809265137,11.619999885559082,11.800000190734863,2822900.0
2019-06-24,11.84000015258789,12.0600004196167,11.65999984741211,12.0,2654200.0
2019-06-25,11.920000076293945,12.210000038146973,11.800000190734863,11.930000305175781,2895800.0
2019-06-26,12.210000038146973,12.720000267028809,12.100000381469727,12.5600004196167,2558000.0
2019-06-27,12.569999694824219,12.699999809265137,12.270000457763672,12.289999961853027,2504100.0
2019-06-28,12.300000190734863,12.670000076293945,12.300000190734863,12.520000457763672,14234600.0
2019-07-01,12.619999885559082,12.880000114440918,12.020000457763672,12.34000015258789,4659800.0
2019-07-02,12.65999984741211,12.760000228881836,11.3100004196167,11.40999984741211,6761800.0
2019-07-03,11.510000228881836,11.630000114440918,11.09000015258789,11.239999771118164,3174300.0
2019-07-05,11.140000343322754,11.789999961853027,11.09000015258789,11.600000381469727,2855000.0
2019-07-08,11.289999961853027,11.84000015258789,11.239999771118164,11.630000114440918,22348700.0
2019-07-09,11.619999885559082,11.729999542236328,11.1899995803833,11.539999961853027,2528100.0
2019-07-10,11.729999542236328,11.829999923706055,11.470000267028809,11.710000038146973,3579300.0
2019-07-11,11.729999542236328,11.770000457763672,10.979999542236328,11.039999961853027,4092700.0
2019-07-12,11.029999732971191,11.069999694824219,10.539999961853027,10.819999694824219,2453600.0
2019-07-15,10.989999771118164,11.25,10.300000190734863,10.329999923706055,3107300.0
2019-07-16,10.239999771118164,10.369999885559082,9.779999732971191,9.90999984741211,3370000.0
2019-07-17,9.850000381469727,9.930000305175781,9.149999618530273,9.199999809265137,5097200.0
2019-07-18,9.069999694824219,9.399999618530273,8.890000343322754,9.350000381469727,5432000.0
2019-07-19,9.350000381469727,9.979999542236328,9.199999809265137,9.899999618530273,4430900.0
2019-07-22,9.970000267028809,10.220000267028809,9.960000038146973,10.149999618530273,2868800.0
2019-07-23,10.079999923706055,10.359999656677246,10.0,10.140000343322754,2757000.0
2019-07-24,10.149999618530273,10.319999694824219,9.819999694824219,10.069999694824219,2947900.0
2019-07-25,10.1899995803833,10.210000038146973,9.430000305175781,9.510000228881836,3051600.0
2019-07-26,9.510000228881836,9.510000228881836,9.100000381469727,9.229999542236328,3327100.0
2019-07-29,9.199999809265137,9.239999771118164,8.510000228881836,8.899999618530273,5127000.0
2019-07-30,8.850000381469727,9.789999961853027,8.619999885559082,9.65999984741211,4349300.0
2019-07-31,9.649999618530273,10.539999961853027,9.640000343322754,9.970000267028809,4464100.0
2019-08-01,9.5,9.619999885559082,8.520000457763672,9.0600004196167,5664800.0
2019-08-02,9.5,10.850000381469727,8.960000038146973,10.0,6844600.0
2019-08-05,9.600000381469727,9.960000038146973,9.140000343322754,9.59000015258789,5430300.0
2019-08-06,9.6899995803833,10.020000457763672,9.239999771118164,9.850000381469727,5643400.0
2019-08-07,9.40999984741211,9.829999923706055,9.279999732971191,9.699999809265137,6527000.0
2019-08-08,9.949999809265137,10.630000114440918,9.680000305175781,10.600000381469727,4704700.0
2019-08-09,10.680000305175781,10.6899995803833,10.069999694824219,10.390000343322754,4675600.0
2019-08-12,10.300000190734863,10.3100004196167,9.720000267028809,9.930000305175781,2849800.0
2019-08-13,9.779999732971191,10.640000343322754,9.739999771118164,10.270000457763672,3216000.0
2019-08-14,9.539999961853027,9.779999732971191,8.899999618530273,9.039999961853027,3902700.0
2019-08-15,8.90999984741211,9.420000076293945,8.779999732971191,9.140000343322754,3146300.0
2019-08-16,9.15999984741211,9.84000015258789,8.779999732971191,9.8100004196167,3258600.0
2019-08-19,9.930000305175781,10.300000190734863,9.869999885559082,10.229999542236328,4881100.0
2019-08-20,10.09000015258789,10.390000343322754,9.949999809265137,10.319999694824219,2634000.0
2019-08-21,10.5,10.829999923706055,10.170000076293945,10.180000305175781,3520700.0
2019-08-22,10.270000457763672,10.390000343322754,9.970000267028809,10.010000228881836,2337400.0
2019-08-23,9.729999542236328,9.949999809265137,9.0600004196167,9.140000343322754,5000300.0
2019-08-26,9.34000015258789,9.390000343322754,8.9399995803833,9.020000457763672,3218800.0
2019-08-27,9.109999656677246,9.270000457763672,8.779999732971191,9.220000267028809,2973700.0
2019-08-28,9.4399995803833,10.050000190734863,9.289999961853027,9.989999771118164,3794700.0
2019-08-29,10.109999656677246,10.5600004196167,9.890000343322754,9.989999771118164,2784000.0
2019-08-30,9.90999984741211,10.0,9.34000015258789,9.479999542236328,2110500.0
2019-09-03,9.15999984741211,9.260000228881836,8.460000038146973,9.079999923706055,3569200.0
2019-09-04,9.390000343322754,9.59000015258789,9.180000305175781,9.539999961853027,1961400.0
2019-09-05,9.739999771118164,10.430000305175781,9.729999542236328,10.210000038146973,3853200.0
2019-09-06,9.920000076293945,10.300000190734863,9.5,10.210000038146973,3176700.0
2019-09-09,10.399999618530273,11.15999984741211,10.329999923706055,11.130000114440918,3926500.0
2019-09-10,11.279999732971191,11.90999984741211,10.59000015258789,10.850000381469727,4966000.0
2019-09-11,11.0,11.380000114440918,10.199999809265137,10.420000076293945,3866000.0
2019-09-12,9.949999809265137,10.529999732971191,9.739999771118164,9.850000381469727,3501400.0
2019-09-13,9.9399995803833,10.140000343322754,9.529999732971191,9.649999618530273,3977000.0
2019-09-16,11.609999656677246,12.90999984741211,10.649999618530273,12.640000343322754,9721600.0
2019-09-17,12.460000038146973,12.460000038146973,10.279999732971191,10.369999885559082,7380000.0
2019-09-18,10.229999542236328,10.850000381469727,10.0,10.59000015258789,4713200.0
2019-09-19,10.84000015258789,10.890000343322754,10.229999542236328,10.420000076293945,3761400.0
2019-09-20,10.470000267028809,10.84000015258789,10.210000038146973,10.829999923706055,4937500.0
2019-09-23,10.670000076293945,10.960000038146973,10.449999809265137,10.760000228881836,3200100.0
2019-09-24,10.529999732971191,10.84000015258789,10.390000343322754,10.680000305175781,2881500.0
2019-09-25,10.399999618530273,10.899999618530273,10.369999885559082,10.829999923706055,2356800.0
2019-09-26,10.600000381469727,10.720000267028809,10.289999961853027,10.3100004196167,2638200.0
2019-09-27,10.010000228881836,10.25,9.729999542236328,9.770000457763672,2300200.0
2019-09-30,9.600000381469727,9.90999984741211,9.3100004196167,9.6899995803833,3503200.0
2019-10-01,9.729999542236328,9.899999618530273,8.949999809265137,9.020000457763672,4390200.0
2019-10-02,8.970000267028809,9.270000457763672,8.600000381469727,8.6899995803833,3939300.0
2019-10-03,8.569999694824219,9.15999984741211,8.489999771118164,8.979999542236328,4569500.0
2019-10-04,8.829999923706055,9.069999694824219,8.640000343322754,8.960000038146973,3394500.0
2019-10-07,8.989999771118164,9.130000114440918,8.670000076293945,9.010000228881836,3141000.0
2019-10-08,8.829999923706055,8.949999809265137,8.489999771118164,8.539999961853027,3983100.0
2019-10-09,8.729999542236328,8.760000228881836,8.34000015258789,8.539999961853027,4442100.0
2019-10-10,8.470000267028809,8.5,7.789999961853027,8.09000015258789,4925300.0
2019-10-11,8.239999771118164,8.569999694824219,8.069999694824219,8.260000228881836,4263000.0
2019-10-14,8.069999694824219,8.15999984741211,7.5,7.78000020980835,3504600.0
2019-10-15,7.710000038146973,8.319999694824219,7.5,7.980000019073486,3995800.0
2019-10-16,7.889999866485596,8.130000114440918,7.650000095367432,7.710000038146973,4020700.0
2019-10-17,7.670000076293945,7.909999847412109,7.460000038146973,7.639999866485596,3482100.0
2019-10-18,7.630000114440918,7.690000057220459,7.210000038146973,7.210000038146973,3137100.0
2019-10-21,7.179999828338623,7.380000114440918,7.0,7.199999809265137,4125100.0
2019-10-22,7.25,7.590000152587891,6.849999904632568,7.510000228881836,4739100.0
2019-10-23,7.449999809265137,8.149999618530273,7.170000076293945,7.980000019073486,4616300.0
2019-10-24,7.96999979019165,7.980000019073486,7.619999885559082,7.75,3070100.0
2019-10-25,7.710000038146973,8.3100004196167,7.619999885559082,8.300000190734863,4131000.0
2019-10-28,8.279999732971191,8.489999771118164,8.029999732971191,8.199999809265137,3257100.0
2019-10-29,8.050000190734863,8.510000228881836,7.929999828338623,8.350000381469727,3012700.0
2019-10-30,8.449999809265137,8.479999542236328,7.820000171661377,7.949999809265137,4404000.0
2019-10-31,7.949999809265137,8.119999885559082,7.679999828338623,7.840000152587891,4096800.0
2019-11-01,7.989999771118164,8.489999771118164,7.800000190734863,8.380000114440918,5454600.0
2019-11-04,8.630000114440918,9.739999771118164,8.609999656677246,9.630000114440918,7169200.0
2019-11-05,9.729999542236328,10.420000076293945,9.579999923706055,9.729999542236328,4856500.0
2019-11-06,9.640000343322754,10.130000114440918,9.300000190734863,9.520000457763672,5648400.0
2019-11-07,9.890000343322754,10.0600004196167,9.579999923706055,9.729999542236328,3591600.0
2019-11-08,9.5,9.890000343322754,9.170000076293945,9.8100004196167,2802400.0
2019-11-11,9.489999771118164,9.90999984741211,9.369999885559082,9.729999542236328,3732300.0
2019-11-12,9.850000381469727,9.9399995803833,9.489999771118164,9.710000038146973,2932000.0
2019-11-13,9.569999694824219,9.800000190734863,9.180000305175781,9.210000038146973,3287300.0
2019-11-14,9.319999694824219,9.489999771118164,8.710000038146973,8.869999885559082,3253100.0
2019-11-15,8.9399995803833,9.300000190734863,8.920000076293945,9.1899995803833,2095000.0
2019-11-18,9.050000190734863,9.069999694824219,8.609999656677246,8.8100004196167,3093500.0
2019-11-19,8.779999732971191,8.779999732971191,8.460000038146973,8.5,2571100.0
2019-11-20,8.489999771118164,8.8100004196167,8.220000267028809,8.369999885559082,3966900.0
2019-11-21,8.470000267028809,8.630000114440918,8.239999771118164,8.5600004196167,3062700.0
2019-11-22,8.600000381469727,8.779999732971191,8.279999732971191,8.609999656677246,3121800.0
2019-11-25,8.600000381469727,8.989999771118164,8.449999809265137,8.960000038146973,2696500.0
2019-11-26,8.930000305175781,8.930000305175781,8.510000228881836,8.59000015258789,2597200.0
2019-11-27,8.600000381469727,8.829999923706055,8.449999809265137,8.760000228881836,2089300.0
2019-11-29,8.550000190734863,8.859999656677246,8.270000457763672,8.3100004196167,1478600.0
2019-12-02,8.4399995803833,8.699999809265137,8.130000114440918,8.220000267028809,3483700.0
2019-12-03,8.100000381469727,8.170000076293945,7.78000020980835,8.029999732971191,2958700.0
2019-12-04,8.210000038146973,8.699999809265137,8.140000343322754,8.489999771118164,2647800.0
2019-12-05,8.630000114440918,8.779999732971191,8.220000267028809,8.40999984741211,3230000.0
2019-12-06,8.420000076293945,9.210000038146973,8.40999984741211,9.140000343322754,4142500.0
2019-12-09,8.960000038146973,9.729999542236328,8.899999618530273,9.600000381469727,5057400.0
2019-12-10,9.619999885559082,9.829999923706055,9.510000228881836,9.65999984741211,2285400.0
2019-12-11,9.609999656677246,9.729999542236328,9.270000457763672,9.3100004196167,2510400.0
2019-12-12,9.399999618530273,9.630000114440918,9.319999694824219,9.59000015258789,7615000.0
2019-12-13,9.619999885559082,9.890000343322754,9.229999542236328,9.25,3956800.0
2019-12-16,9.420000076293945,9.880000114440918,9.399999618530273,9.779999732971191,6856300.0
2019-12-17,9.880000114440918,10.460000038146973,9.760000228881836,10.3100004196167,4359200.0
2019-12-18,10.300000190734863,10.760000228881836,10.130000114440918,10.710000038146973,2502900.0
2019-12-19,10.699999809265137,11.069999694824219,10.619999885559082,10.819999694824219,2299500.0
2019-12-20,10.869999885559082,10.880000114440918,10.4399995803833,10.619999885559082,4992900.0
2019-12-23,10.579999923706055,10.970000267028809,10.539999961853027,10.869999885559082,2676400.0
2019-12-24,10.9399995803833,11.069999694824219,10.800000190734863,10.949999809265137,1127500.0
2019-12-26,11.0600004196167,11.25,11.020000457763672,11.140000343322754,1332500.0
2019-12-27,11.220000267028809,11.260000228881836,10.829999923706055,10.880000114440918,2105600.0
2019-12-30,10.949999809265137,11.319999694824219,10.930000305175781,11.100000381469727,2293800.0
2019-12-31,10.949999809265137,11.479999542236328,10.859999656677246,11.239999771118164,2319600.0
2020-01-02,11.369999885559082,11.420000076293945,11.079999923706055,11.1899995803833,1833600.0
2020-01-03,11.6899995803833,12.239999771118164,11.65999984741211,11.829999923706055,3517700.0
2020-01-06,12.0,12.180000305175781,11.760000228881836,12.100000381469727,2572100.0
2020-01-07,12.020000457763672,12.399999618530273,11.819999694824219,12.390000343322754,2242800.0
2020-01-08,12.260000228881836,12.319999694824219,11.420000076293945,11.75,3426300.0
2020-01-09,11.720000267028809,11.760000228881836,11.149999618530273,11.649999618530273,3543700.0
2020-01-10,11.640000343322754,11.8100004196167,11.449999809265137,11.6899995803833,2840400.0
2020-01-13,11.699999809265137,11.720000267028809,11.050000190734863,11.260000228881836,2871100.0
2020-01-14,11.289999961853027,11.5,11.0600004196167,11.420000076293945,2746700.0
2020-01-15,11.279999732971191,11.420000076293945,11.100000381469727,11.329999923706055,1462800.0
2020-01-16,11.550000190734863,11.84000015258789,11.319999694824219,11.359999656677246,2107900.0
2020-01-17,11.430000305175781,11.550000190734863,11.130000114440918,11.149999618530273,2984500.0
2020-01-21,11.050000190734863,11.15999984741211,10.859999656677246,10.989999771118164,3368600.0
2020-01-22,10.920000076293945,10.920000076293945,9.949999809265137,10.149999618530273,3891200.0
2020-01-23,9.899999618530273,9.899999618530273,9.470000267028809,9.760000228881836,4988300.0
2020-01-24,9.720000267028809,9.770000457763672,9.180000305175781,9.5,2941500.0
2020-01-27,9.039999961853027,9.329999923706055,9.039999961853027,9.199999809265137,2777000.0
2020-01-28,9.270000457763672,9.729999542236328,9.0600004196167,9.550000190734863,3879500.0
2020-01-29,9.640000343322754,9.75,9.369999885559082,9.390000343322754,2659800.0
2020-01-30,9.199999809265137,9.479999542236328,9.0600004196167,9.399999618530273,2434200.0
2020-01-31,9.220000267028809,9.430000305175781,8.920000076293945,9.180000305175781,4316000.0
2020-02-03,9.130000114440918,9.479999542236328,8.880000114440918,8.920000076293945,3121900.0
2020-02-04,9.229999542236328,9.279999732971191,8.630000114440918,8.670000076293945,3090500.0
2020-02-05,9.0600004196167,9.899999618530273,9.0,9.670000076293945,5962100.0
2020-02-06,9.699999809265137,9.699999809265137,9.149999618530273,9.470000267028809,3610700.0
2020-02-07,9.319999694824219,9.430000305175781,9.079999923706055,9.359999656677246,3079100.0
2020-02-10,9.239999771118164,9.369999885559082,8.949999809265137,9.020000457763672,1991500.0
2020-02-11,9.239999771118164,9.279999732971191,8.819999694824219,8.84000015258789,1596900.0
2020-02-12,9.100000381469727,9.449999809265137,8.770000457763672,9.029999732971191,2986400.0
2020-02-13,8.949999809265137,9.350000381469727,8.949999809265137,9.079999923706055,1884000.0
2020-02-14,9.140000343322754,9.239999771118164,8.75,8.829999923706055,2925300.0
2020-02-18,8.710000038146973,8.789999961853027,8.350000381469727,8.729999542236328,3784600.0
2020-02-19,8.850000381469727,9.390000343322754,8.850000381469727,9.270000457763672,4190300.0
2020-02-20,9.569999694824219,9.640000343322754,8.710000038146973,8.850000381469727,7562400.0
2020-02-21,8.670000076293945,8.699999809265137,8.289999961853027,8.529999732971191,4834700.0
2020-02-24,7.920000076293945,7.940000057220459,7.579999923706055,7.739999771118164,3880000.0
2020-02-25,7.769999980926514,7.809999942779541,6.829999923706055,7.039999961853027,4430100.0
2020-02-26,7.050000190734863,7.210000038146973,6.510000228881836,6.659999847412109,4082800.0
2020-02-27,6.139999866485596,6.5,5.840000152587891,6.090000152587891,4954700.0
2020-02-28,5.679999828338623,6.630000114440918,5.630000114440918,6.570000171661377,5224200.0
2020-03-02,6.730000019073486,6.730000019073486,6.010000228881836,6.170000076293945,4698200.0
2020-03-03,6.230000019073486,6.28000020980835,5.71999979019165,5.820000171661377,5387400.0
2020-03-04,5.980000019073486,6.21999979019165,5.670000076293945,5.860000133514404,4830400.0
2020-03-05,5.630000114440918,5.710000038146973,5.369999885559082,5.449999809265137,5750200.0
2020-03-06,5.300000190734863,5.309999942779541,3.7699999809265137,3.819999933242798,13126200.0
2020-03-09,1.8200000524520874,1.8600000143051147,1.159999966621399,1.4800000190734863,32194400.0
2020-03-10,2.1500000953674316,2.1500000953674316,1.399999976158142,1.7799999713897705,16941700.0
2020-03-11,1.6399999856948853,1.8799999952316284,1.600000023841858,1.690000057220459,13089100.0
2020-03-12,1.409999966621399,1.8300000429153442,1.409999966621399,1.7200000286102295,10123500.0
2020-03-13,2.0799999237060547,2.3399999141693115,1.649999976158142,2.3299999237060547,13521800.0
2020-03-16,1.7999999523162842,1.9800000190734863,1.6299999952316284,1.6299999952316284,9967000.0
2020-03-17,1.7100000381469727,1.7100000381469727,1.309999942779541,1.3799999952316284,10452600.0
2020-03-18,1.2899999618530273,1.5,0.8999999761581421,1.059999942779541,9923700.0
2020-03-19,1.1699999570846558,1.440000057220459,1.100000023841858,1.3899999856948853,8170600.0
2020-03-20,1.409999966621399,1.4900000095367432,1.159999966621399,1.2400000095367432,7524500.0
2020-03-23,1.2599999904632568,1.3700000047683716,1.090000033378601,1.2899999618530273,5183600.0
2020-03-24,1.3899999856948853,1.4199999570846558,1.2200000286102295,1.409999966621399,5835600.0
2020-03-25,1.3600000143051147,1.4800000190734863,1.2400000095367432,1.409999966621399,5734200.0
2020-03-26,1.350000023841858,1.4700000286102295,1.309999942779541,1.3700000047683716,4364100.0
2020-03-27,1.350000023841858,1.3600000143051147,1.190000057220459,1.190000057220459,4503800.0
2020-03-30,1.190000057220459,1.2000000476837158,0.9900000095367432,1.1200000047683716,8729500.0
2020-03-31,1.190000057220459,1.2300000190734863,1.0700000524520874,1.2200000286102295,7492400.0
2020-04-01,1.159999966621399,1.1799999475479126,1.0199999809265137,1.0299999713897705,5718500.0
2020-04-02,1.1200000047683716,1.4199999570846558,1.0499999523162842,1.190000057220459,8475000.0
2020-04-03,1.3200000524520874,1.350000023841858,1.1699999570846558,1.309999942779541,6782200.0
2020-04-06,1.2899999618530273,1.3600000143051147,1.2000000476837158,1.3200000524520874,5210900.0
2020-04-07,1.399999976158142,1.649999976158142,1.3300000429153442,1.4199999570846558,13561000.0
2020-04-08,1.4900000095367432,1.559999942779541,1.4199999570846558,1.5399999618530273,9137800.0
2020-04-09,1.690000057220459,2.2200000286102295,1.600000023841858,1.75,17994600.0
2020-04-13,1.9299999475479126,2.440000057220459,1.7799999713897705,2.2300000190734863,22096200.0
2020-04-14,2.240000009536743,2.3299999237060547,1.7200000286102295,1.909999966621399,14902600.0
2020-04-15,1.7200000286102295,1.7999999523162842,1.5199999809265137,1.7300000190734863,8965500.0
2020-04-16,1.7599999904632568,1.7899999618530273,1.5099999904632568,1.5499999523162842,6430400.0
2020-04-17,1.600000023841858,1.6799999475479126,1.5099999904632568,1.6799999475479126,8042800.0
2020-04-20,1.4500000476837158,1.649999976158142,1.4500000476837158,1.5099999904632568,7893700.0
2020-04-21,1.4199999570846558,1.6799999475479126,1.399999976158142,1.6299999952316284,6835800.0
2020-04-22,1.690000057220459,1.8300000429153442,1.559999942779541,1.6799999475479126,8230700.0
2020-04-23,1.7899999618530273,2.0399999618530273,1.7200000286102295,1.850000023841858,11802000.0
2020-04-24,2.0,2.25,1.809999942779541,1.840000033378601,9283400.0
2020-04-27,1.75,1.7999999523162842,1.600000023841858,1.7799999713897705,8066400.0
2020-04-28,1.8200000524520874,1.9299999475479126,1.7699999809265137,1.8899999856948853,5883300.0
2020-04-29,2.0799999237060547,3.759999990463257,2.0,3.299999952316284,43350900.0
2020-04-30,3.4700000286102295,4.25,2.8499999046325684,4.050000190734863,31273300.0
2020-05-01,4.0,4.389999866485596,3.049999952316284,3.309999942779541,23016200.0
2020-05-04,3.0,3.5999999046325684,2.8299999237060547,3.569999933242798,11403200.0
2020-05-05,4.019999980926514,4.099999904632568,3.4600000381469727,3.5399999618530273,10061400.0
2020-05-06,3.549999952316284,3.6600000858306885,3.1500000953674316,3.259999990463257,6928700.0
2020-05-07,3.359999895095825,3.6500000953674316,3.309999942779541,3.450000047683716,5897100.0
2020-05-08,3.509999990463257,3.5999999046325684,3.3499999046325684,3.5999999046325684,6917700.0
2020-05-11,3.559999942779541,3.6600000858306885,3.359999895095825,3.369999885559082,7982100.0
2020-05-12,3.430000066757202,3.609999895095825,3.369999885559082,3.509999990463257,5657300.0
2020-05-13,3.5,3.5,2.990000009536743,3.0799999237060547,9446200.0
2020-05-14,2.990000009536743,3.140000104904175,2.700000047683716,2.950000047683716,8334200.0
2020-05-15,2.9200000762939453,3.0999999046325684,2.9000000953674316,3.0299999713897705,4173900.0
2020-05-18,3.3299999237060547,3.630000114440918,3.200000047683716,3.5999999046325684,8688700.0
2020-05-19,3.640000104904175,3.680000066757202,3.3299999237060547,3.490000009536743,5539700.0
2020-05-20,3.5999999046325684,3.700000047683716,3.4800000190734863,3.619999885559082,4626000.0
2020-05-21,3.609999895095825,3.75,3.5199999809265137,3.6600000858306885,5671900.0
2020-05-22,3.549999952316284,3.8399999141693115,3.490000009536743,3.819999933242798,4068600.0
2020-05-26,4.150000095367432,4.25,3.950000047683716,4.039999961853027,8440300.0
2020-05-27,4.139999866485596,4.150000095367432,3.7799999713897705,3.859999895095825,5243100.0
2020-05-28,3.8399999141693115,4.090000152587891,3.700000047683716,3.700000047683716,6145300.0
2020-05-29,3.7100000381469727,3.7200000286102295,3.5,3.5199999809265137,8007700.0
2020-06-01,3.5199999809265137,4.210000038146973,3.490000009536743,4.150000095367432,10371600.0
2020-06-02,4.179999828338623,4.400000095367432,4.079999923706055,4.170000076293945,6736800.0
2020-06-03,4.300000190734863,4.320000171661377,4.03000020980835,4.210000038146973,6169700.0
2020-06-04,4.130000114440918,4.449999809265137,4.079999923706055,4.199999809265137,5273000.0
2020-06-05,4.599999904632568,5.690000057220459,4.590000152587891,5.489999771118164,12954600.0
2020-06-08,6.0,6.940000057220459,5.909999847412109,6.929999828338623,12153500.0
2020-06-09,6.239999771118164,6.349999904632568,5.53000020980835,6.019999980926514,7664100.0
2020-06-10,5.699999809265137,5.730000019073486,5.019999980926514,5.090000152587891,8660300.0
2020-06-11,4.380000114440918,4.789999961853027,4.119999885559082,4.309999942779541,6365500.0
2020-06-12,4.800000190734863,4.880000114440918,4.460000038146973,4.630000114440918,5902900.0
2020-06-15,4.199999809265137,4.960000038146973,4.050000190734863,4.840000152587891,5949800.0
2020-06-16,5.449999809265137,5.460000038146973,4.590000152587891,4.699999809265137,9023000.0
2020-06-17,4.650000095367432,4.670000076293945,4.25,4.269999980926514,5224200.0
2020-06-18,4.230000019073486,4.630000114440918,4.119999885559082,4.300000190734863,5522300.0
2020-06-19,4.519999980926514,4.550000190734863,4.119999885559082,4.159999847412109,8411100.0
2020-06-22,4.059999942779541,4.130000114440918,3.809999942779541,4.050000190734863,6612300.0
2020-06-23,4.159999847412109,4.210000038146973,3.9600000381469727,4.039999961853027,8060200.0
2020-06-24,3.9000000953674316,3.950000047683716,3.5999999046325684,3.6600000858306885,4485200.0
2020-06-25,3.4800000190734863,3.9200000762939453,3.4000000953674316,3.9200000762939453,6464400.0
2020-06-26,3.799999952316284,3.8299999237060547,3.5299999713897705,3.559999942779541,5958600.0
2020-06-29,3.5299999713897705,3.6500000953674316,3.430000066757202,3.5899999141693115,3565500.0
2020-06-30,3.5399999618530273,3.7799999713897705,3.4800000190734863,3.75,3270200.0
2020-07-01,3.759999990463257,3.9000000953674316,3.559999942779541,3.630000114440918,4602100.0
2020-07-02,3.7699999809265137,3.809999942779541,3.549999952316284,3.6500000953674316,3504700.0
2020-07-06,3.7300000190734863,3.759999990463257,3.4800000190734863,3.559999942779541,4590000.0
2020-07-07,3.5199999809265137,3.569999933242798,3.4200000762939453,3.4200000762939453,2726200.0
2020-07-08,3.440000057220459,3.5299999713897705,3.3399999141693115,3.4700000286102295,3833800.0
2020-07-09,3.490000009536743,3.509999990463257,3.2200000286102295,3.25,4723600.0
2020-07-10,3.200000047683716,3.490000009536743,3.1500000953674316,3.4800000190734863,3802700.0
2020-07-13,3.5199999809265137,3.5799999237060547,3.2799999713897705,3.299999952316284,5788100.0
2020-07-14,3.299999952316284,3.5199999809265137,3.2200000286102295,3.5199999809265137,3816100.0
2020-07-15,3.6500000953674316,3.819999933242798,3.5799999237060547,3.7100000381469727,4876500.0
2020-07-16,3.700000047683716,3.799999952316284,3.5999999046325684,3.7200000286102295,3872900.0
2020-07-17,3.740000009536743,3.8499999046325684,3.440000057220459,3.569999933242798,4194600.0
2020-07-20,3.569999933242798,3.680000066757202,3.440000057220459,3.450000047683716,3482200.0
2020-07-21,3.5899999141693115,4.260000228881836,3.5799999237060547,4.099999904632568,10155300.0
2020-07-22,4.070000171661377,4.070000171661377,3.7699999809265137,3.940000057220459,4753800.0
2020-07-23,3.869999885559082,3.869999885559082,3.680000066757202,3.7799999713897705,4749400.0
2020-07-24,3.75,3.869999885559082,3.5799999237060547,3.7100000381469727,4636000.0
2020-07-27,3.7300000190734863,3.7300000190734863,3.5199999809265137,3.5299999713897705,3969600.0
2020-07-28,3.5199999809265137,3.5799999237060547,3.4600000381469727,3.4700000286102295,3401800.0
2020-07-29,3.490000009536743,3.690000057220459,3.4100000858306885,3.6600000858306885,3749100.0
2020-07-30,3.549999952316284,3.5899999141693115,3.4100000858306885,3.4800000190734863,5349800.0
2020-07-31,3.490000009536743,3.490000009536743,2.450000047683716,2.950000047683716,19364900.0
2020-08-03,2.940000057220459,2.9700000286102295,2.75,2.759999990463257,5614900.0
2020-08-04,2.759999990463257,2.9000000953674316,2.690000057220459,2.859999895095825,5081600.0
2020-08-05,3.0,3.069999933242798,2.9100000858306885,3.0299999713897705,4198000.0
2020-08-06,3.009999990463257,3.0299999713897705,2.9000000953674316,2.9100000858306885,3019700.0
2020-08-07,2.9000000953674316,3.009999990463257,2.8399999141693115,2.9700000286102295,2351400.0
2020-08-10,3.0399999618530273,3.299999952316284,3.009999990463257,3.1500000953674316,5525000.0
2020-08-11,3.3399999141693115,3.490000009536743,3.059999942779541,3.0999999046325684,5312200.0
2020-08-12,3.25,3.2899999618530273,3.069999933242798,3.1500000953674316,3593600.0
2020-08-13,3.0999999046325684,3.200000047683716,2.990000009536743,3.009999990463257,3316000.0
2020-08-14,3.0,3.0999999046325684,2.9700000286102295,3.0799999237060547,2255000.0
2020-08-17,3.0799999237060547,3.0799999237060547,2.859999895095825,3.0299999713897705,3462900.0
2020-08-18,2.9100000858306885,3.0,2.8299999237060547,2.880000114440918,3817100.0
2020-08-19,2.809999942779541,2.9200000762939453,2.759999990463257,2.7899999618530273,3203600.0
2020-08-20,2.75,2.809999942779541,2.5899999141693115,2.609999895095825,4712800.0
2020-08-21,2.5799999237060547,2.609999895095825,2.380000114440918,2.4200000762939453,4766700.0
2020-08-24,2.490000009536743,2.5999999046325684,2.390000104904175,2.5399999618530273,3786800.0
2020-08-25,2.5899999141693115,2.690000057220459,2.5,2.609999895095825,3901200.0
2020-08-26,2.549999952316284,2.6700000762939453,2.450000047683716,2.490000009536743,3106600.0
2020-08-27,2.5,2.5799999237060547,2.4100000858306885,2.559999942779541,3728300.0
2020-08-28,2.609999895095825,2.640000104904175,2.4600000381469727,2.609999895095825,3787600.0
2020-08-31,2.619999885559082,2.619999885559082,2.4200000762939453,2.430000066757202,5379700.0
2020-09-01,2.430000066757202,2.450000047683716,2.259999990463257,2.299999952316284,4595900.0
2020-09-02,2.299999952316284,2.3299999237060547,2.049999952316284,2.0899999141693115,7869300.0
2020-09-03,2.140000104904175,2.2200000286102295,2.0799999237060547,2.2100000381469727,4745400.0
2020-09-04,2.2100000381469727,2.390000104904175,2.1600000858306885,2.380000114440918,6893600.0
2020-09-08,2.2699999809265137,2.3499999046325684,2.130000114440918,2.25,4635900.0
2020-09-09,2.259999990463257,2.259999990463257,2.0299999713897705,2.0999999046325684,5873100.0
2020-09-10,2.109999895095825,2.119999885559082,1.809999942779541,1.8200000524520874,7840200.0
2020-09-11,1.8300000429153442,1.8300000429153442,1.6699999570846558,1.7100000381469727,5338800.0
2020-09-14,1.7200000286102295,1.8799999952316284,1.5099999904632568,1.840000033378601,10556400.0
2020-09-15,1.909999966621399,2.0399999618530273,1.840000033378601,1.899999976158142,6432200.0
2020-09-16,1.9700000286102295,2.1700000762939453,1.8700000047683716,2.109999895095825,8246000.0
2020-09-17,2.059999942779541,2.1600000858306885,1.9500000476837158,2.119999885559082,6246600.0
2020-09-18,2.130000114440918,2.200000047683716,2.049999952316284,2.140000104904175,15169800.0
2020-09-21,2.059999942779541,2.0899999141693115,1.9700000286102295,1.9900000095367432,5776800.0
2020-09-22,2.0199999809265137,2.109999895095825,1.9900000095367432,2.0199999809265137,3509400.0
2020-09-23,2.0299999713897705,2.109999895095825,1.8700000047683716,1.8799999952316284,4589200.0
2020-09-24,1.8899999856948853,2.0199999809265137,1.8200000524520874,1.899999976158142,4554100.0
2020-09-25,1.8700000047683716,1.940000057220459,1.6799999475479126,1.7200000286102295,8616400.0
2020-09-28,1.7599999904632568,1.809999942779541,1.690000057220459,1.7300000190734863,5680400.0
2020-09-29,1.7000000476837158,1.7300000190734863,1.559999942779541,1.6200000047683716,5847800.0
2020-09-30,1.6200000047683716,1.649999976158142,1.559999942779541,1.590000033378601,5956400.0
2020-10-01,1.5499999523162842,1.5800000429153442,1.4800000190734863,1.5099999904632568,5102200.0
2020-10-02,1.4199999570846558,1.5700000524520874,1.409999966621399,1.5299999713897705,3584300.0
2020-10-05,1.600000023841858,1.6299999952316284,1.5099999904632568,1.559999942779541,3759300.0
2020-10-06,1.5700000524520874,1.6399999856948853,1.4800000190734863,1.4900000095367432,5563600.0
2020-10-07,1.5099999904632568,1.559999942779541,1.4600000381469727,1.5299999713897705,3781900.0
2020-10-08,1.559999942779541,1.8700000047683716,1.5399999618530273,1.850000023841858,9456800.0
2020-10-09,1.850000023841858,1.909999966621399,1.690000057220459,1.7100000381469727,6270700.0
2020-10-12,1.7200000286102295,1.75,1.6399999856948853,1.7100000381469727,3672200.0
2020-10-13,1.7200000286102295,1.7599999904632568,1.6299999952316284,1.6399999856948853,3337000.0
2020-10-14,1.659999966621399,1.7699999809265137,1.649999976158142,1.649999976158142,4051700.0
2020-10-15,1.600000023841858,1.6299999952316284,1.5499999523162842,1.559999942779541,4162500.0
2020-10-16,1.559999942779541,1.600000023841858,1.4900000095367432,1.5199999809265137,4496700.0
2020-10-19,1.5299999713897705,1.5700000524520874,1.4700000286102295,1.4900000095367432,3705000.0
2020-10-20,1.4900000095367432,1.5499999523162842,1.4800000190734863,1.5199999809265137,3768400.0
2020-10-21,1.5199999809265137,1.5399999618530273,1.4700000286102295,1.4800000190734863,3358800.0
2020-10-22,1.4900000095367432,1.6100000143051147,1.4700000286102295,1.590000033378601,4966200.0
2020-10-23,1.5800000429153442,1.6699999570846558,1.5700000524520874,1.6100000143051147,3540600.0
2020-10-26,1.5700000524520874,1.600000023841858,1.4900000095367432,1.5199999809265137,4096400.0
2020-10-27,1.5099999904632568,1.5299999713897705,1.4700000286102295,1.5199999809265137,2868800.0
2020-10-28,1.4500000476837158,1.4800000190734863,1.3600000143051147,1.399999976158142,3892900.0
2020-10-29,1.3600000143051147,1.5499999523162842,1.340000033378601,1.4700000286102295,5028300.0
2020-10-30,1.5700000524520874,1.6299999952316284,1.4800000190734863,1.6100000143051147,8104100.0
2020-11-02,1.5700000524520874,1.8300000429153442,1.5099999904632568,1.7799999713897705,6075700.0
2020-11-03,1.840000033378601,1.940000057220459,1.7100000381469727,1.840000033378601,7119600.0
2020-11-04,1.7999999523162842,1.8799999952316284,1.7100000381469727,1.809999942779541,4193900.0
2020-11-05,1.8200000524520874,1.9700000286102295,1.809999942779541,1.8600000143051147,4234600.0
2020-11-06,1.8300000429153442,1.9199999570846558,1.7699999809265137,1.7999999523162842,2533500.0
2020-11-09,2.0899999141693115,2.4000000953674316,2.0899999141693115,2.2699999809265137,11126300.0
2020-11-10,2.299999952316284,2.299999952316284,2.0899999141693115,2.2699999809265137,6837600.0
2020-11-11,2.2799999713897705,2.4100000858306885,2.259999990463257,2.319999933242798,4430400.0
2020-11-12,2.2699999809265137,2.3499999046325684,2.1600000858306885,2.180000066757202,3771700.0
2020-11-13,2.1500000953674316,2.359999895095825,2.130000114440918,2.359999895095825,5756600.0
2020-11-16,2.740000009536743,2.740000009536743,2.559999942779541,2.609999895095825,5754100.0
2020-11-17,2.549999952316284,3.25,2.490000009536743,3.180000066757202,13160300.0
2020-11-18,3.390000104904175,3.8399999141693115,3.0999999046325684,3.130000114440918,19584300.0
2020-11-19,3.059999942779541,3.4600000381469727,3.0399999618530273,3.430000066757202,9977800.0
2020-11-20,3.4800000190734863,3.7200000286102295,3.4100000858306885,3.619999885559082,9416400.0
2020-11-23,3.819999933242798,4.170000076293945,3.7699999809265137,4.110000133514404,12628600.0
2020-11-24,4.539999961853027,4.710000038146973,4.25,4.599999904632568,11051000.0
2020-11-25,4.599999904632568,4.78000020980835,4.190000057220459,4.679999828338623,9875900.0
2020-11-27,4.639999866485596,4.690000057220459,4.480000019073486,4.539999961853027,3580900.0
2020-11-30,4.429999828338623,4.539999961853027,4.21999979019165,4.230000019073486,6853900.0
2020-12-01,4.349999904632568,4.449999809265137,3.9100000858306885,4.119999885559082,8670700.0
2020-12-02,3.9800000190734863,4.550000190734863,3.940000057220459,4.210000038146973,11552300.0
2020-12-03,4.340000152587891,4.489999771118164,4.150000095367432,4.369999885559082,7408100.0
2020-12-04,4.480000019073486,4.989999771118164,4.480000019073486,4.869999885559082,10609200.0
2020-12-07,4.78000020980835,5.03000020980835,4.650000095367432,4.800000190734863,6549100.0
2020-12-08,4.78000020980835,5.320000171661377,4.78000020980835,5.309999942779541,9696100.0
2020-12-09,5.5,6.070000171661377,5.340000152587891,5.570000171661377,14269900.0
2020-12-10,5.670000076293945,6.519999980926514,5.570000171661377,6.460000038146973,12740100.0
2020-12-11,6.650000095367432,6.75,6.230000019073486,6.670000076293945,10452100.0
2020-12-14,6.989999771118164,7.090000152587891,5.860000133514404,5.980000019073486,13814600.0
2020-12-15,6.099999904632568,6.139999866485596,5.699999809265137,5.880000114440918,6807300.0
2020-12-16,5.920000076293945,6.050000190734863,5.71999979019165,5.829999923706055,5588200.0
2020-12-17,5.869999885559082,6.010000228881836,5.710000038146973,5.96999979019165,4426200.0
2020-12-18,5.909999847412109,6.170000076293945,5.760000228881836,5.78000020980835,10777200.0
2020-12-21,5.119999885559082,5.590000152587891,5.059999942779541,5.570000171661377,7190400.0
2020-12-22,5.559999942779541,5.690000057220459,5.349999904632568,5.400000095367432,3530500.0
2020-12-23,5.519999980926514,6.110000133514404,5.5,6.0,5531700.0
2020-12-24,6.03000020980835,6.070000171661377,5.769999980926514,6.019999980926514,2642900.0
2020-12-28,6.050000190734863,6.210000038146973,5.739999771118164,5.849999904632568,3858500.0
2020-12-29,5.920000076293945,5.980000019073486,5.639999866485596,5.800000190734863,3011100.0
2020-12-30,5.809999942779541,6.179999828338623,5.710000038146973,6.119999885559082,4341800.0
2020-12-31,6.03000020980835,6.230000019073486,5.949999809265137,6.119999885559082,3784000.0
2021-01-04,6.170000076293945,6.389999866485596,5.889999866485596,6.360000133514404,7679000.0
2021-01-05,6.519999980926514,7.739999771118164,6.46999979019165,7.639999866485596,13615500.0
2021-01-06,7.610000133514404,8.109999656677246,7.329999923706055,7.889999866485596,8288500.0
2021-01-07,8.109999656677246,8.819999694824219,8.079999923706055,8.510000228881836,6888800.0
2021-01-08,8.770000457763672,8.789999961853027,8.329999923706055,8.420000076293945,4999800.0
2021-01-11,8.1899995803833,9.539999961853027,8.119999885559082,9.239999771118164,7847000.0
2021-01-12,9.569999694824219,10.390000343322754,9.40999984741211,10.369999885559082,6257900.0
2021-01-13,10.399999618530273,10.399999618530273,9.229999542236328,9.390000343322754,7091700.0
2021-01-14,9.390000343322754,9.630000114440918,8.84000015258789,8.880000114440918,5953600.0
2021-01-15,8.579999923706055,8.800000190734863,8.220000267028809,8.449999809265137,5467800.0
2021-01-19,8.619999885559082,9.029999732971191,8.489999771118164,8.770000457763672,4527100.0
2021-01-20,8.989999771118164,9.0,8.319999694824219,8.65999984741211,3655700.0
2021-01-21,8.630000114440918,8.819999694824219,8.0600004196167,8.260000228881836,4282000.0
2021-01-22,8.029999732971191,9.020000457763672,7.760000228881836,8.920000076293945,4297800.0
2021-01-25,8.819999694824219,9.399999618530273,8.5600004196167,8.960000038146973,4789600.0
2021-01-26,9.029999732971191,9.300000190734863,8.40999984741211,8.460000038146973,3853800.0
2021-01-27,8.079999923706055,8.960000038146973,8.069999694824219,8.279999732971191,4646400.0
2021-01-28,8.470000267028809,8.649999618530273,8.0,8.460000038146973,3721900.0
2021-01-29,8.350000381469727,8.9399995803833,8.180000305175781,8.390000343322754,3836800.0
2021-02-01,8.520000457763672,8.930000305175781,8.279999732971191,8.789999961853027,2991800.0
2021-02-02,9.239999771118164,9.539999961853027,9.050000190734863,9.100000381469727,3538200.0
2021-02-03,9.579999923706055,10.34000015258789,9.539999961853027,10.25,6191600.0
2021-02-04,10.399999618530273,10.9399995803833,10.020000457763672,10.59000015258789,4493800.0
2021-02-05,10.920000076293945,11.479999542236328,10.729999542236328,11.289999961853027,4213300.0
2021-02-08,11.5,12.079999923706055,11.5,11.949999809265137,3672700.0
2021-02-09,11.65999984741211,12.100000381469727,11.0600004196167,11.579999923706055,4287000.0
2021-02-10,11.75,12.25,11.5600004196167,12.0600004196167,3516100.0
2021-02-11,12.010000228881836,12.4399995803833,11.5600004196167,11.850000381469727,2975400.0
2021-02-12,11.739999771118164,12.819999694824219,11.600000381469727,12.6899995803833,3791300.0
2021-02-16,13.300000190734863,14.0600004196167,13.15999984741211,13.9399995803833,4383100.0
2021-02-17,14.039999961853027,14.380000114440918,13.369999885559082,14.0600004196167,3699800.0
2021-02-18,12.819999694824219,13.460000038146973,10.9399995803833,11.100000381469727,6861000.0
2021-02-19,11.65999984741211,11.8100004196167,11.170000076293945,11.319999694824219,3581600.0
2021-02-22,11.75,14.319999694824219,11.600000381469727,13.399999618530273,8705800.0
2021-02-23,13.319999694824219,13.449999809265137,11.5600004196167,12.539999961853027,6284200.0
2021-02-24,12.899999618530273,14.930000305175781,12.789999961853027,14.600000381469727,6778900.0
2021-02-25,14.65999984741211,14.930000305175781,13.649999618530273,13.819999694824219,4755600.0
2021-02-26,13.819999694824219,14.210000038146973,12.800000190734863,13.859999656677246,4984300.0
2021-03-01,14.449999809265137,14.819999694824219,13.869999885559082,14.260000228881836,4031700.0
2021-03-02,14.109999656677246,14.670000076293945,13.770000457763672,13.819999694824219,4295200.0
2021-03-03,14.100000381469727,15.979999542236328,14.100000381469727,15.609999656677246,5977500.0
2021-03-04,15.699999809265137,17.799999237060547,15.640000343322754,17.1200008392334,8435400.0
2021-03-05,18.06999969482422,19.290000915527344,17.079999923706055,17.899999618530273,6690800.0
2021-03-08,18.309999465942383,18.549999237060547,16.049999237060547,16.459999084472656,4615900.0
2021-03-09,16.020000457763672,16.420000076293945,14.920000076293945,15.960000038146973,3530200.0
2021-03-10,16.059999465942383,17.079999923706055,15.819999694824219,17.049999237060547,3280100.0
2021-03-11,17.239999771118164,17.950000762939453,17.06999969482422,17.780000686645508,2579000.0
2021-03-12,17.68000030517578,19.139999389648438,17.440000534057617,18.8799991607666,4162200.0
2021-03-15,18.8700008392334,19.5,18.399999618530273,19.489999771118164,3383800.0
2021-03-16,18.690000534057617,19.25,18.1200008392334,18.489999771118164,2780500.0
2021-03-17,18.450000762939453,19.1299991607666,17.350000381469727,18.690000534057617,3350800.0
2021-03-18,18.5,18.579999923706055,15.710000038146973,16.020000457763672,4870700.0
2021-03-19,16.229999542236328,19.0,15.779999732971191,18.360000610351562,13155200.0
2021-03-22,17.0,17.520000457763672,16.5,16.950000762939453,3790700.0
2021-03-23,15.9399995803833,16.670000076293945,15.390000343322754,15.65999984741211,4813000.0
2021-03-24,16.469999313354492,16.920000076293945,15.869999885559082,16.3700008392334,4277900.0
2021-03-25,15.59000015258789,16.489999771118164,14.8100004196167,16.360000610351562,5065100.0
2021-03-26,17.09000015258789,18.15999984741211,16.739999771118164,18.100000381469727,4740400.0
2021-03-29,17.829999923706055,18.15999984741211,16.75,16.780000686645508,3275800.0
2021-03-30,16.389999389648438,16.6299991607666,15.579999923706055,16.200000762939453,4109800.0
2021-03-31,16.209999084472656,16.969999313354492,16.1299991607666,16.3700008392334,4499900.0
2021-04-01,16.81999969482422,19.09000015258789,16.690000534057617,18.93000030517578,6002300.0
2021-04-05,18.399999618530273,18.440000534057617,17.239999771118164,17.260000228881836,3543000.0
2021-04-06,17.530000686645508,19.1299991607666,17.520000457763672,17.709999084472656,3066400.0
2021-04-07,17.700000762939453,18.040000915527344,17.389999389648438,17.8799991607666,2122800.0
2021-04-08,17.309999465942383,17.530000686645508,16.520000457763672,17.190000534057617,2973900.0
2021-04-09,17.209999084472656,17.90999984741211,16.8700008392334,17.260000228881836,2532400.0
2021-04-12,17.510000228881836,17.709999084472656,15.800000190734863,15.899999618530273,3920600.0
2021-04-13,15.920000076293945,16.450000762939453,15.520000457763672,16.3799991607666,2603500.0
2021-04-14,16.760000228881836,18.719999313354492,16.670000076293945,18.1299991607666,4261000.0
2021-04-15,18.0,18.1200008392334,17.110000610351562,17.420000076293945,2257100.0
2021-04-16,17.510000228881836,17.510000228881836,16.110000610351562,16.139999389648438,3182000.0
2021-04-19,16.299999237060547,17.450000762939453,16.18000030517578,16.959999084472656,3026100.0
2021-04-20,16.770000457763672,16.809999465942383,15.34000015258789,16.209999084472656,4380000.0
2021-04-21,15.529999732971191,16.459999084472656,15.449999809265137,16.170000076293945,3734400.0
2021-04-22,16.100000381469727,16.18000030517578,15.520000457763672,15.6899995803833,3231000.0
2021-04-23,15.770000457763672,16.219999313354492,15.380000114440918,15.960000038146973,3303300.0
2021-04-26,16.09000015258789,17.299999237060547,15.890000343322754,16.989999771118164,2500400.0
2021-04-27,17.049999237060547,17.579999923706055,16.739999771118164,17.219999313354492,2534900.0
2021-04-28,17.389999389648438,18.440000534057617,17.299999237060547,18.149999618530273,3551200.0
2021-04-29,18.360000610351562,19.1200008392334,17.59000015258789,17.799999237060547,3122500.0
2021-04-30,16.770000457763672,17.43000030517578,15.760000228881836,15.800000190734863,6293500.0
2021-05-03,16.40999984741211,16.719999313354492,16.1200008392334,16.520000457763672,3613000.0
2021-05-04,16.5,16.670000076293945,15.8100004196167,16.389999389648438,2499300.0
2021-05-05,16.68000030517578,17.739999771118164,16.360000610351562,17.309999465942383,4147400.0
2021-05-06,17.139999389648438,17.350000381469727,16.25,16.979999542236328,2695000.0
2021-05-07,16.709999084472656,17.809999465942383,16.270000457763672,17.790000915527344,5382000.0
2021-05-10,18.010000228881836,18.469999313354492,16.780000686645508,16.790000915527344,3738600.0
2021-05-11,16.1200008392334,17.610000610351562,15.800000190734863,17.450000762939453,3101500.0
2021-05-12,17.5,18.280000686645508,16.610000610351562,16.760000228881836,3337000.0
2021-05-13,16.520000457763672,17.489999771118164,15.9399995803833,16.25,3638600.0
2021-05-14,16.719999313354492,17.790000915527344,16.700000762939453,17.639999389648438,3322700.0
2021-05-17,17.5,18.350000381469727,17.1200008392334,18.309999465942383,3154200.0
2021-05-18,18.360000610351562,20.350000381469727,18.299999237060547,18.510000228881836,8184700.0
2021-05-19,17.34000015258789,17.899999618530273,16.329999923706055,17.18000030517578,5279700.0
2021-05-20,17.040000915527344,17.5,16.540000915527344,17.40999984741211,3060500.0
2021-05-21,17.889999389648438,18.31999969482422,17.3700008392334,17.389999389648438,2796200.0
2021-05-24,17.75,18.219999313354492,17.110000610351562,18.139999389648438,2824200.0
2021-05-25,18.06999969482422,18.84000015258789,17.5,17.540000915527344,2969800.0
2021-05-26,17.780000686645508,18.989999771118164,17.579999923706055,18.889999389648438,3255000.0
2021-05-27,19.100000381469727,20.09000015258789,19.049999237060547,19.899999618530273,5252200.0
2021-05-28,20.0,20.1200008392334,19.3799991607666,19.899999618530273,2290100.0
2021-06-01,20.860000610351562,22.850000381469727,20.56999969482422,22.489999771118164,5570800.0
2021-06-02,22.600000381469727,24.780000686645508,22.15999984741211,24.260000228881836,6219200.0
2021-06-03,23.579999923706055,24.389999389648438,23.059999465942383,23.68000030517578,3289000.0
2021-06-04,23.969999313354492,24.3700008392334,23.030000686645508,23.760000228881836,1955300.0
2021-06-07,23.93000030517578,24.25,23.079999923706055,23.149999618530273,2066500.0
2021-06-08,22.959999084472656,23.649999618530273,22.25,22.709999084472656,2934500.0
2021-06-09,22.809999465942383,23.450000762939453,22.209999084472656,22.68000030517578,3558200.0
2021-06-10,22.469999313354492,22.850000381469727,21.1299991607666,21.540000915527344,3439400.0
2021-06-11,21.989999771118164,22.31999969482422,21.559999465942383,21.739999771118164,2023200.0
2021-06-14,21.950000762939453,22.59000015258789,21.239999771118164,21.3799991607666,3452900.0
2021-06-15,21.489999771118164,22.65999984741211,21.489999771118164,22.65999984741211,2193900.0
2021-06-16,22.25,23.049999237060547,22.0,22.479999542236328,2371100.0
2021-06-17,22.309999465942383,22.780000686645508,20.229999542236328,21.06999969482422,3709300.0
2021-06-18,20.360000610351562,21.299999237060547,19.979999542236328,20.90999984741211,4356300.0
2021-06-21,21.3700008392334,22.68000030517578,21.18000030517578,22.649999618530273,2582200.0
2021-06-22,22.5,23.049999237060547,21.729999542236328,23.020000457763672,2214000.0
2021-06-23,23.65999984741211,25.25,23.59000015258789,24.209999084472656,3277800.0
2021-06-24,24.31999969482422,26.34000015258789,24.110000610351562,26.149999618530273,4811400.0
2021-06-25,26.549999237060547,26.8700008392334,25.850000381469727,26.649999618530273,5344800.0
2021-06-28,26.639999389648438,26.649999618530273,24.31999969482422,24.489999771118164,3990700.0
2021-06-29,25.149999618530273,25.889999389648438,23.899999618530273,24.06999969482422,2752900.0
2021-06-30,24.31999969482422,24.81999969482422,24.1200008392334,24.6299991607666,2373300.0
2021-07-01,25.950000762939453,26.479999542236328,25.049999237060547,25.510000228881836,3060900.0
2021-07-02,25.25,25.5,24.770000457763672,25.059999465942383,2014600.0
2021-07-06,25.139999389648438,25.209999084472656,23.3700008392334,23.969999313354492,2362900.0
2021-07-07,23.889999389648438,24.559999465942383,22.459999084472656,22.969999313354492,2656700.0
2021-07-08,22.0,23.389999389648438,21.450000762939453,22.690000534057617,2846200.0
2021-07-09,22.950000762939453,24.049999237060547,22.6299991607666,23.610000610351562,1999500.0
2021-07-12,22.81999969482422,23.479999542236328,22.549999237060547,23.049999237060547,1225000.0
2021-07-13,22.940000534057617,23.389999389648438,22.309999465942383,22.610000610351562,2448700.0
2021-07-14,22.799999237060547,23.100000381469727,20.850000381469727,21.100000381469727,3037600.0
2021-07-15,20.649999618530273,21.389999389648438,20.149999618530273,20.420000076293945,2820800.0
2021-07-16,20.690000534057617,20.829999923706055,18.950000762939453,19.079999923706055,3913700.0
2021-07-19,17.920000076293945,18.75,17.299999237060547,18.110000610351562,4668500.0
2021-07-20,18.299999237060547,19.190000534057617,18.09000015258789,18.639999389648438,3087400.0
2021-07-21,19.299999237060547,20.459999084472656,19.280000686645508,19.729999542236328,3096300.0
2021-07-22,19.639999389648438,19.670000076293945,18.459999084472656,19.040000915527344,2670100.0
2021-07-23,19.360000610351562,19.360000610351562,18.25,18.6200008392334,1807200.0
2021-07-26,18.690000534057617,19.700000762939453,18.690000534057617,19.280000686645508,2221700.0
2021-07-27,18.950000762939453,19.010000228881836,17.6200008392334,18.209999084472656,3000500.0
2021-07-28,18.43000030517578,19.010000228881836,17.950000762939453,18.709999084472656,2195900.0
2021-07-29,19.059999465942383,19.309999465942383,18.190000534057617,18.520000457763672,2753500.0
2021-07-30,18.719999313354492,19.25,18.059999465942383,18.700000762939453,4243700.0
2021-08-02,18.760000228881836,20.170000076293945,18.219999313354492,18.719999313354492,3618500.0
2021-08-03,18.489999771118164,19.3799991607666,17.850000381469727,18.969999313354492,3607800.0
2021-08-04,18.549999237060547,18.850000381469727,17.329999923706055,17.399999618530273,3535900.0
2021-08-05,17.68000030517578,18.559999465942383,17.68000030517578,18.110000610351562,2877400.0
2021-08-06,18.40999984741211,18.93000030517578,18.100000381469727,18.670000076293945,2011100.0
2021-08-09,17.93000030517578,18.360000610351562,17.600000381469727,17.780000686645508,2725200.0
2021-08-10,18.049999237060547,19.1299991607666,17.84000015258789,18.760000228881836,2426100.0
2021-08-11,18.530000686645508,19.020000457763672,17.950000762939453,19.0,2042400.0
2021-08-12,18.81999969482422,19.110000610351562,18.350000381469727,18.969999313354492,1838300.0
2021-08-13,18.81999969482422,18.860000610351562,17.850000381469727,17.90999984741211,1829500.0
2021-08-16,17.309999465942383,17.360000610351562,16.579999923706055,16.90999984741211,2762200.0
2021-08-17,16.700000762939453,17.31999969482422,16.389999389648438,16.56999969482422,1947500.0
2021-08-18,16.520000457763672,16.899999618530273,15.6899995803833,15.75,2689500.0
2021-08-19,15.239999771118164,15.600000381469727,14.829999923706055,15.300000190734863,3936100.0
2021-08-20,15.100000381469727,15.449999809265137,14.789999961853027,15.260000228881836,2842600.0
2021-08-23,16.15999984741211,16.700000762939453,16.06999969482422,16.6200008392334,2534500.0
2021-08-24,17.010000228881836,17.549999237060547,16.8799991607666,17.399999618530273,2658300.0
2021-08-25,17.479999542236328,18.110000610351562,17.079999923706055,17.809999465942383,2023000.0
2021-08-26,17.540000915527344,17.920000076293945,17.260000228881836,17.510000228881836,2456900.0
2021-08-27,17.899999618530273,19.399999618530273,17.899999618530273,19.040000915527344,2638700.0
2021-08-30,19.479999542236328,19.489999771118164,18.610000610351562,18.8700008392334,1890900.0
2021-08-31,18.760000228881836,19.450000762939453,18.469999313354492,19.100000381469727,2490800.0
2021-09-01,19.079999923706055,19.309999465942383,18.6200008392334,18.850000381469727,1772100.0
2021-09-02,19.1200008392334,20.780000686645508,19.110000610351562,20.139999389648438,2558300.0
2021-09-03,20.010000228881836,20.31999969482422,19.520000457763672,19.690000534057617,1684200.0
2021-09-07,19.399999618530273,20.209999084472656,19.15999984741211,19.559999465942383,1447100.0
2021-09-08,19.780000686645508,20.229999542236328,19.219999313354492,19.520000457763672,2265900.0
2021-09-09,19.170000076293945,20.229999542236328,19.010000228881836,19.799999237060547,2142400.0
2021-09-10,20.309999465942383,20.639999389648438,19.790000915527344,19.829999923706055,1745800.0
2021-09-13,20.229999542236328,21.139999389648438,20.170000076293945,20.739999771118164,2634100.0
2021-09-14,21.149999618530273,21.559999465942383,20.030000686645508,20.260000228881836,2343900.0
2021-09-15,21.229999542236328,23.18000030517578,21.229999542236328,23.020000457763672,4173800.0
2021-09-16,22.709999084472656,23.059999465942383,22.239999771118164,22.610000610351562,2595500.0
2021-09-17,22.979999542236328,23.34000015258789,22.149999618530273,22.3799991607666,5196700.0
2021-09-20,21.0,22.010000228881836,20.829999923706055,21.579999923706055,2863300.0
2021-09-21,22.15999984741211,22.399999618530273,20.969999313354492,21.450000762939453,2315400.0
2021-09-22,22.020000457763672,23.010000228881836,22.020000457763672,22.760000228881836,2219000.0
2021-09-23,22.899999618530273,24.06999969482422,22.719999313354492,23.8700008392334,1926900.0
2021-09-24,23.440000534057617,24.420000076293945,23.170000076293945,24.1299991607666,1859200.0
2021-09-27,24.989999771118164,26.65999984741211,24.90999984741211,26.3799991607666,3689000.0
2021-09-28,26.920000076293945,27.280000686645508,25.450000762939453,25.559999465942383,4665100.0
2021-09-29,25.360000610351562,26.5,24.799999237060547,26.389999389648438,2556900.0
2021-09-30,26.18000030517578,26.8799991607666,25.440000534057617,26.3799991607666,2765800.0
2021-10-01,26.579999923706055,28.190000534057617,26.56999969482422,27.860000610351562,2321300.0
2021-10-04,28.459999084472656,29.1299991607666,27.829999923706055,28.940000534057617,3580600.0
2021-10-05,29.739999771118164,30.389999389648438,28.239999771118164,29.459999084472656,3146500.0
2021-10-06,28.610000610351562,29.420000076293945,27.989999771118164,28.40999984741211,2754300.0
2021-10-07,28.459999084472656,30.940000534057617,28.1200008392334,30.309999465942383,3365600.0
2021-10-08,30.559999465942383,31.469999313354492,30.040000915527344,30.329999923706055,2915900.0
2021-10-11,31.440000534057617,32.06999969482422,30.559999465942383,30.6299991607666,2054500.0
2021-10-12,30.559999465942383,31.040000915527344,29.049999237060547,29.479999542236328,2228400.0
2021-10-13,29.190000534057617,29.59000015258789,28.360000610351562,29.260000228881836,2555600.0
2021-10-14,30.100000381469727,30.600000381469727,28.93000030517578,29.3700008392334,2012600.0
2021-10-15,30.010000228881836,30.639999389648438,29.06999969482422,29.09000015258789,2544200.0
2021-10-18,29.729999542236328,31.84000015258789,29.469999313354492,30.010000228881836,2870700.0
2021-10-19,30.3700008392334,30.75,29.31999969482422,30.09000015258789,1901200.0
2021-10-20,29.31999969482422,31.059999465942383,29.200000762939453,30.809999465942383,1550200.0
2021-10-21,30.5,30.75,29.43000030517578,29.760000228881836,1581400.0
2021-10-22,30.18000030517578,30.84000015258789,29.25,30.799999237060547,1747300.0
2021-10-25,31.530000686645508,33.27000045776367,31.530000686645508,32.630001068115234,2807900.0
2021-10-26,32.9900016784668,34.310001373291016,32.56999969482422,33.630001068115234,3341700.0
2021-10-27,33.06999969482422,34.400001525878906,32.08000183105469,32.2599983215332,3102100.0
2021-10-28,31.90999984741211,32.5,31.15999984741211,32.09000015258789,2354700.0
2021-10-29,34.13999938964844,37.34000015258789,32.90999984741211,34.31999969482422,5793700.0
2021-11-01,35.20000076293945,37.150001525878906,35.130001068115234,36.63999938964844,3319500.0
2021-11-02,36.40999984741211,37.650001525878906,35.83000183105469,36.45000076293945,2665300.0
2021-11-03,35.310001373291016,36.7599983215332,35.04999923706055,35.119998931884766,2152400.0
2021-11-04,36.5,37.290000915527344,34.709999084472656,35.5099983215332,2536100.0
2021-11-05,35.959999084472656,37.22999954223633,35.4900016784668,37.040000915527344,2530100.0
2021-11-08,37.40999984741211,38.25,37.40999984741211,37.65999984741211,2204600.0
2021-11-09,37.209999084472656,37.650001525878906,36.369998931884766,37.369998931884766,1867800.0
2021-11-10,36.65999984741211,36.95000076293945,33.61000061035156,34.11000061035156,2527900.0
2021-11-11,34.599998474121094,35.68000030517578,34.34000015258789,34.97999954223633,1273300.0
2021-11-12,34.5,34.75,33.90999984741211,34.540000915527344,1530100.0
2021-11-15,34.31999969482422,35.5,33.29999923706055,34.75,1691100.0
2021-11-16,34.709999084472656,34.970001220703125,33.9900016784668,34.400001525878906,1433000.0
2021-11-17,33.7400016784668,34.54999923706055,32.560001373291016,32.86000061035156,2364000.0
2021-11-18,33.130001068115234,34.369998931884766,32.09000015258789,32.91999816894531,1953700.0
2021-11-19,31.329999923706055,31.329999923706055,29.799999237060547,30.200000762939453,3397000.0
2021-11-22,30.25,31.610000610351562,30.239999771118164,30.399999618530273,2870500.0
2021-11-23,31.110000610351562,32.529998779296875,31.110000610351562,31.989999771118164,3081800.0
2021-11-24,31.1200008392334,33.470001220703125,31.1200008392334,33.310001373291016,2078500.0
2021-11-26,30.06999969482422,30.459999084472656,27.530000686645508,28.670000076293945,3082200.0
2021-11-29,31.020000457763672,31.06999969482422,29.25,30.200000762939453,2830700.0
2021-11-30,28.729999542236328,29.350000381469727,27.6299991607666,29.0,3142000.0
2021-12-01,30.43000030517578,30.610000610351562,27.149999618530273,27.18000030517578,3694800.0
2021-12-02,26.799999237060547,28.670000076293945,25.6200008392334,28.170000076293945,3625800.0
2021-12-03,29.209999084472656,29.709999084472656,27.190000534057617,28.079999923706055,2506000.0
2021-12-06,28.899999618530273,29.920000076293945,27.670000076293945,29.3799991607666,2386200.0
2021-12-07,30.149999618530273,31.979999542236328,30.149999618530273,31.530000686645508,2834700.0
2021-12-08,31.700000762939453,32.40999984741211,31.110000610351562,31.940000534057617,2754400.0
2021-12-09,31.559999465942383,31.829999923706055,30.920000076293945,31.540000915527344,2171700.0
2021-12-10,32.91999816894531,33.27000045776367,31.15999984741211,32.7599983215332,4693600.0
2021-12-13,31.950000762939453,32.11000061035156,29.649999618530273,30.18000030517578,3041800.0
2021-12-14,29.549999237060547,30.299999237060547,28.93000030517578,29.219999313354492,2704700.0
2021-12-15,28.899999618530273,30.079999923706055,27.18000030517578,29.639999389648438,3911100.0
2021-12-16,30.489999771118164,30.8799991607666,27.700000762939453,27.739999771118164,3579200.0
2021-12-17,27.200000762939453,28.420000076293945,26.93000030517578,27.059999465942383,12270400.0
2021-12-20,25.920000076293945,27.3700008392334,25.229999542236328,27.260000228881836,3722200.0
2021-12-21,27.899999618530273,29.110000610351562,27.600000381469727,28.979999542236328,2729100.0
2021-12-22,28.809999465942383,29.829999923706055,28.200000762939453,29.149999618530273,1813700.0
2021-12-23,29.5,29.700000762939453,28.729999542236328,29.0,1294700.0
2021-12-27,28.969999313354492,31.280000686645508,28.739999771118164,31.190000534057617,1655400.0
2021-12-28,31.1299991607666,31.84000015258789,30.309999465942383,30.43000030517578,1547900.0
2021-12-29,30.280000686645508,31.040000915527344,30.0,30.760000228881836,1413500.0
2021-12-30,30.719999313354492,31.110000610351562,29.540000915527344,29.6200008392334,1007200.0
2021-12-31,29.479999542236328,29.809999465942383,29.139999389648438,29.479999542236328,968200.0
2022-01-03,29.489999771118164,31.700000762939453,29.420000076293945,31.649999618530273,1965500.0
2022-01-04,31.90999984741211,34.439998626708984,31.90999984741211,34.13999938964844,1949900.0
2022-01-05,35.0,35.33000183105469,32.900001525878906,33.02000045776367,2077100.0
2022-01-06,34.310001373291016,35.720001220703125,33.650001525878906,34.439998626708984,2390900.0
2022-01-07,34.439998626708984,34.720001220703125,32.34000015258789,32.7599983215332,2387700.0
2022-01-10,32.91999816894531,33.04999923706055,30.209999084472656,31.850000381469727,3115000.0
2022-01-11,32.119998931884766,34.54999923706055,31.459999084472656,34.290000915527344,2442900.0
2022-01-12,34.650001525878906,35.290000915527344,34.04999923706055,34.81999969482422,2300500.0
2022-01-13,34.5,35.689998626708984,34.209999084472656,34.7400016784668,2103600.0
2022-01-14,34.650001525878906,36.689998626708984,34.650001525878906,36.63999938964844,1889900.0
2022-01-18,37.54999923706055,37.95000076293945,34.220001220703125,34.7599983215332,2983000.0
2022-01-19,35.380001068115234,35.59000015258789,32.95000076293945,33.68000030517578,1706100.0
2022-01-20,33.119998931884766,35.369998931884766,32.59000015258789,32.970001220703125,2143200.0
2022-01-21,32.25,33.43000030517578,31.06999969482422,31.360000610351562,2326900.0
2022-01-24,30.0,32.75,28.90999984741211,32.59000015258789,1954600.0
2022-01-25,32.130001068115234,34.56999969482422,31.0,34.130001068115234,2190400.0
2022-01-26,34.880001068115234,35.54999923706055,33.13999938964844,33.93000030517578,2649200.0
2022-01-27,34.939998626708984,35.81999969482422,32.279998779296875,32.95000076293945,2451000.0
2022-01-28,33.77000045776367,34.349998474121094,32.09000015258789,33.65999984741211,2338500.0
2022-01-31,33.529998779296875,33.65999984741211,32.099998474121094,32.810001373291016,1972400.0
2022-02-01,32.380001068115234,35.619998931884766,31.920000076293945,35.02000045776367,2581900.0
2022-02-02,35.2400016784668,35.45000076293945,33.7599983215332,35.290000915527344,1865100.0
2022-02-03,34.4900016784668,35.439998626708984,33.599998474121094,35.02000045776367,1876500.0
2022-02-04,35.4900016784668,38.22999954223633,35.27000045776367,36.38999938964844,2787800.0
2022-02-07,36.02000045776367,36.290000915527344,34.63999938964844,35.02000045776367,1766400.0
2022-02-08,34.75,35.119998931884766,33.060001373291016,33.43000030517578,2120500.0
2022-02-09,33.43000030517578,34.90999984741211,33.369998931884766,34.810001373291016,1979400.0
2022-02-10,34.29999923706055,36.79999923706055,34.29999923706055,35.099998474121094,2329600.0
2022-02-11,35.59000015258789,37.83000183105469,35.380001068115234,37.2400016784668,2845300.0
2022-02-14,36.849998474121094,36.9900016784668,35.0,35.540000915527344,3201000.0
2022-02-15,33.959999084472656,34.970001220703125,33.029998779296875,34.58000183105469,2338100.0
2022-02-16,35.29999923706055,36.27000045776367,34.29999923706055,34.66999816894531,2203900.0
2022-02-17,34.720001220703125,36.689998626708984,34.70000076293945,35.209999084472656,2678100.0
2022-02-18,34.209999084472656,35.209999084472656,33.70000076293945,34.25,2054200.0
2022-02-22,35.95000076293945,36.20000076293945,33.040000915527344,33.869998931884766,2412800.0
2022-02-23,34.400001525878906,35.4900016784668,33.959999084472656,34.349998474121094,2951100.0
2022-02-24,35.5,36.029998779296875,33.099998474121094,34.790000915527344,4674600.0
2022-02-25,33.029998779296875,33.61000061035156,31.530000686645508,32.56999969482422,5663200.0
2022-02-28,32.66999816894531,35.59000015258789,32.56999969482422,35.5099983215332,3413300.0
2022-03-01,36.5,38.470001220703125,36.099998474121094,37.52000045776367,3446600.0
2022-03-02,38.77000045776367,39.77000045776367,37.880001068115234,38.400001525878906,3377700.0
2022-03-03,37.900001525878906,38.34000015258789,36.790000915527344,38.060001373291016,2257500.0
2022-03-04,38.380001068115234,40.220001220703125,38.279998779296875,39.88999938964844,3397600.0
2022-03-07,40.25,42.380001068115234,39.08000183105469,40.81999969482422,4821700.0
2022-03-08,41.88999938964844,43.689998626708984,38.220001220703125,39.900001525878906,4240800.0
2022-03-09,37.959999084472656,39.59000015258789,37.220001220703125,38.9900016784668,4981100.0
2022-03-10,39.59000015258789,40.2400016784668,38.310001373291016,40.02000045776367,2518400.0
2022-03-11,39.310001373291016,39.84000015258789,37.790000915527344,38.02000045776367,2507600.0
2022-03-14,36.93000030517578,37.15999984741211,34.060001373291016,36.04999923706055,3245600.0
2022-03-15,34.150001525878906,37.29999923706055,33.61000061035156,36.959999084472656,3506100.0
2022-03-16,36.529998779296875,37.09000015258789,35.0099983215332,35.869998931884766,3090500.0
2022-03-17,37.65999984741211,38.93000030517578,37.2400016784668,38.630001068115234,2407300.0
2022-03-18,39.20000076293945,39.220001220703125,37.81999969482422,38.7400016784668,4268100.0
2022-03-21,39.91999816894531,40.79999923706055,38.880001068115234,39.650001525878906,2223900.0
2022-03-22,39.27000045776367,39.59000015258789,37.959999084472656,38.75,1684600.0
2022-03-23,39.869998931884766,40.40999984741211,39.209999084472656,39.83000183105469,1335500.0
2022-03-24,39.65999984741211,40.15999984741211,39.11000061035156,39.810001373291016,1327300.0
2022-03-25,39.4900016784668,42.4900016784668,39.4900016784668,42.47999954223633,2230100.0
2022-03-28,41.36000061035156,41.619998931884766,40.13999938964844,41.439998626708984,2059600.0
2022-03-29,40.0,41.040000915527344,38.41999816894531,41.029998779296875,2306700.0
2022-03-30,41.95000076293945,42.52000045776367,40.38999938964844,40.599998474121094,1273100.0
2022-03-31,40.0,40.810001373291016,38.81999969482422,38.95000076293945,1784600.0
2022-04-01,39.13999938964844,41.029998779296875,38.83000183105469,41.0099983215332,1606000.0
2022-04-04,41.84000015258789,42.22999954223633,40.5,40.650001525878906,1692500.0
2022-04-05,41.08000183105469,41.54999923706055,38.849998474121094,38.869998931884766,1483600.0
2022-04-06,39.66999816894531,39.83000183105469,37.84000015258789,38.54999923706055,1579900.0
2022-04-07,39.2400016784668,40.939998626708984,38.41999816894531,40.130001068115234,2569800.0
2022-04-08,40.279998779296875,41.02000045776367,40.0,40.41999816894531,1513300.0
2022-04-11,39.58000183105469,39.61000061035156,38.209999084472656,39.0099983215332,2366900.0
2022-04-12,40.06999969482422,42.06999969482422,40.06999969482422,41.0099983215332,2257200.0
2022-04-13,41.790000915527344,43.189998626708984,41.060001373291016,42.040000915527344,2186900.0
2022-04-14,41.88999938964844,42.36000061035156,41.310001373291016,41.349998474121094,1134100.0
2022-04-18,41.90999984741211,42.279998779296875,40.650001525878906,40.84000015258789,1578400.0
2022-04-19,40.4900016784668,40.939998626708984,39.79999923706055,40.09000015258789,1696200.0
2022-04-20,40.59000015258789,41.029998779296875,39.959999084472656,40.29999923706055,2705600.0
2022-04-21,40.7400016784668,41.11000061035156,37.689998626708984,37.95000076293945,2543300.0
2022-04-22,37.849998474121094,38.2400016784668,35.439998626708984,35.66999816894531,2449300.0
2022-04-25,34.4900016784668,35.52000045776367,32.529998779296875,35.310001373291016,2923300.0
2022-04-26,35.290000915527344,35.869998931884766,34.209999084472656,34.2400016784668,1999400.0
2022-04-27,34.279998779296875,35.2400016784668,33.380001068115234,34.900001525878906,2078200.0
2022-04-28,34.939998626708984,36.45000076293945,33.81999969482422,35.93000030517578,1684500.0
2022-04-29,36.0,37.709999084472656,35.40999984741211,35.529998779296875,3303300.0
2022-05-02,34.72999954223633,34.88999938964844,32.540000915527344,34.58000183105469,3256500.0
2022-05-03,34.90999984741211,37.75,34.77000045776367,37.619998931884766,2260600.0
2022-05-04,38.65999984741211,39.79999923706055,37.290000915527344,39.779998779296875,3291300.0
2022-05-05,39.79999923706055,40.27000045776367,37.220001220703125,37.84000015258789,2343100.0
2022-05-06,38.59000015258789,39.38999938964844,37.29999923706055,38.93000030517578,1933900.0
2022-05-09,37.59000015258789,37.59000015258789,33.599998474121094,33.810001373291016,3537800.0
2022-05-10,34.619998931884766,36.459999084472656,32.91999816894531,34.689998626708984,2967100.0
2022-05-11,35.5,36.70000076293945,33.83000183105469,34.0099983215332,1709300.0
2022-05-12,33.540000915527344,34.02000045776367,32.119998931884766,33.13999938964844,2392400.0
2022-05-13,34.2400016784668,35.720001220703125,34.2400016784668,35.29999923706055,2076000.0
2022-05-16,35.779998779296875,37.209999084472656,35.709999084472656,36.310001373291016,1363900.0
2022-05-17,37.09000015258789,38.130001068115234,36.58000183105469,38.060001373291016,1776200.0
2022-05-18,38.36000061035156,38.40999984741211,35.439998626708984,36.68000030517578,2413500.0
2022-05-19,35.79999923706055,38.5,35.599998474121094,37.54999923706055,2734200.0
2022-05-20,37.83000183105469,38.70000076293945,36.400001525878906,37.560001373291016,2626200.0
2022-05-23,37.790000915527344,40.470001220703125,37.2599983215332,40.36000061035156,2546700.0
2022-05-24,39.66999816894531,40.88999938964844,39.060001373291016,40.18000030517578,1613000.0
2022-05-25,40.08000183105469,43.439998626708984,39.97999954223633,43.33000183105469,3120800.0
2022-05-26,43.650001525878906,46.79999923706055,43.63999938964844,46.40999984741211,2992100.0
2022-05-27,46.11000061035156,49.7400016784668,45.65999984741211,49.720001220703125,2638100.0
2022-05-31,50.72999954223633,52.959999084472656,47.65999984741211,48.27000045776367,5397500.0
2022-06-01,49.20000076293945,50.29999923706055,47.970001220703125,49.13999938964844,2332800.0
2022-06-02,48.13999938964844,49.70000076293945,47.7400016784668,48.630001068115234,2138400.0
2022-06-03,48.66999816894531,50.68000030517578,48.220001220703125,50.220001220703125,2119800.0
2022-06-06,50.720001220703125,53.0,50.130001068115234,52.400001525878906,2862800.0
2022-06-07,52.13999938964844,54.43000030517578,51.54999923706055,54.36000061035156,2165400.0
2022-06-08,54.810001373291016,54.970001220703125,52.15999984741211,52.689998626708984,2372600.0
2022-06-09,52.209999084472656,53.2400016784668,51.369998931884766,51.779998779296875,1640800.0
2022-06-10,51.0,52.38999938964844,49.279998779296875,50.560001373291016,1388200.0
2022-06-13,48.04999923706055,49.52000045776367,45.900001525878906,48.189998626708984,2188800.0
2022-06-14,49.70000076293945,50.75,47.11000061035156,48.68000030517578,2037000.0
2022-06-15,48.7599983215332,49.5,46.959999084472656,47.91999816894531,2247100.0
2022-06-16,46.13999938964844,47.08000183105469,42.79999923706055,43.29999923706055,2888200.0
2022-06-17,43.20000076293945,43.4900016784668,38.9900016784668,39.709999084472656,4620900.0
2022-06-21,40.9900016784668,41.65999984741211,39.75,40.439998626708984,2436600.0
2022-06-22,37.11000061035156,38.349998474121094,36.119998931884766,36.38999938964844,2571800.0
2022-06-23,36.939998626708984,37.16999816894531,34.869998931884766,35.849998474121094,3010200.0
2022-06-24,36.5099983215332,37.08000183105469,34.40999984741211,35.540000915527344,8356800.0
2022-06-27,36.380001068115234,37.7400016784668,35.709999084472656,37.09000015258789,3178800.0
2022-06-28,38.290000915527344,39.0,36.86000061035156,38.599998474121094,2461700.0
2022-06-29,39.279998779296875,39.77000045776367,35.7400016784668,35.900001525878906,1898600.0
2022-06-30,34.400001525878906,35.63999938964844,33.7599983215332,34.189998626708984,2105400.0
2022-07-01,34.540000915527344,34.880001068115234,32.65999984741211,34.08000183105469,1753800.0
2022-07-05,32.86000061035156,32.959999084472656,30.690000534057617,31.31999969482422,2413400.0
2022-07-06,30.809999465942383,31.6299991607666,29.270000457763672,30.360000610351562,3656600.0
2022-07-07,31.75,33.65999984741211,31.399999618530273,33.20000076293945,2602600.0
2022-07-08,33.5099983215332,34.279998779296875,32.5,33.189998626708984,2344000.0
2022-07-11,32.720001220703125,33.470001220703125,32.0,33.2599983215332,1569500.0
2022-07-12,31.600000381469727,32.36000061035156,30.459999084472656,31.979999542236328,2332900.0
2022-07-13,31.450000762939453,33.36000061035156,31.450000762939453,32.209999084472656,1788800.0
2022-07-14,30.850000381469727,31.940000534057617,30.25,31.829999923706055,1609700.0
2022-07-15,32.790000915527344,32.93000030517578,31.540000915527344,32.08000183105469,1620300.0
2022-07-18,33.189998626708984,34.380001068115234,32.90999984741211,33.2599983215332,1317100.0
2022-07-19,32.83000183105469,35.15999984741211,32.790000915527344,35.060001373291016,1495600.0
2022-07-20,34.709999084472656,36.619998931884766,34.369998931884766,36.58000183105469,1258000.0
2022-07-21,35.18000030517578,35.68000030517578,33.91999816894531,35.61000061035156,1451400.0
2022-07-22,35.59000015258789,36.20000076293945,34.209999084472656,34.7400016784668,1627900.0
2022-07-25,35.61000061035156,37.45000076293945,35.0,36.709999084472656,1985600.0
2022-07-26,37.290000915527344,37.63999938964844,35.90999984741211,36.41999816894531,1434600.0
2022-07-27,36.91999816894531,39.16999816894531,36.540000915527344,38.88999938964844,1509100.0
2022-07-28,39.59000015258789,40.369998931884766,37.630001068115234,39.380001068115234,1723400.0
2022-07-29,40.459999084472656,41.9900016784668,40.33000183105469,41.279998779296875,1644300.0
2022-08-01,39.97999954223633,40.220001220703125,38.540000915527344,39.7400016784668,1671600.0
2022-08-02,39.72999954223633,40.0099983215332,38.630001068115234,39.36000061035156,2110000.0
2022-08-03,39.72999954223633,39.72999954223633,36.630001068115234,37.22999954223633,1851100.0
2022-08-04,37.279998779296875,38.220001220703125,35.41999816894531,37.0,3802500.0
2022-08-05,36.369998931884766,38.93000030517578,36.22999954223633,38.099998474121094,1663600.0
2022-08-08,37.619998931884766,38.2400016784668,36.939998626708984,37.349998474121094,1486600.0
2022-08-09,38.16999816894531,38.959999084472656,37.18000030517578,37.58000183105469,1325900.0
2022-08-10,37.5099983215332,38.7400016784668,36.349998474121094,38.40999984741211,1408600.0
2022-08-11,39.59000015258789,41.56999969482422,39.52000045776367,41.349998474121094,1607100.0
2022-08-12,41.11000061035156,42.54999923706055,40.5,42.18000030517578,1335900.0
2022-08-15,40.099998474121094,41.529998779296875,38.599998474121094,40.959999084472656,1891200.0
2022-08-16,41.29999923706055,42.29999923706055,39.47999954223633,40.40999984741211,1322200.0
2022-08-17,40.41999816894531,41.54999923706055,39.790000915527344,41.27000045776367,1212200.0
2022-08-18,42.209999084472656,43.869998931884766,42.0,43.689998626708984,1258300.0
2022-08-19,43.130001068115234,43.880001068115234,42.2599983215332,42.5099983215332,1182000.0
2022-08-22,41.970001220703125,43.470001220703125,40.459999084472656,43.31999969482422,1436600.0
2022-08-23,44.599998474121094,46.9900016784668,44.290000915527344,45.15999984741211,2258000.0
2022-08-24,45.5,46.2400016784668,45.13999938964844,46.0099983215332,1264300.0
2022-08-25,46.54999923706055,46.90999984741211,45.400001525878906,46.2599983215332,1161800.0
2022-08-26,45.959999084472656,46.869998931884766,44.849998474121094,45.29999923706055,915600.0
2022-08-29,44.97999954223633,47.189998626708984,44.59000015258789,46.2599983215332,1408200.0
2022-08-30,45.119998931884766,45.31999969482422,42.83000183105469,44.119998931884766,1369700.0
2022-08-31,42.75,44.95000076293945,42.189998626708984,44.06999969482422,1964000.0
2022-09-01,43.209999084472656,43.29999923706055,41.22999954223633,42.150001525878906,1273200.0
2022-09-02,43.83000183105469,44.25,42.83000183105469,43.2599983215332,746800.0
2022-09-06,43.630001068115234,44.04999923706055,42.400001525878906,42.58000183105469,825100.0
2022-09-07,41.90999984741211,43.150001525878906,40.709999084472656,42.84000015258789,2004600.0
2022-09-08,43.13999938964844,44.31999969482422,43.13999938964844,43.7599983215332,1328400.0
2022-09-09,44.810001373291016,46.34000015258789,44.70000076293945,45.939998626708984,1619500.0
2022-09-12,46.9900016784668,47.4900016784668,46.0099983215332,46.52000045776367,1257000.0
2022-09-13,45.5099983215332,46.689998626708984,44.560001373291016,44.77000045776367,1505700.0
2022-09-14,45.720001220703125,47.810001373291016,45.540000915527344,46.900001525878906,1322200.0
2022-09-15,45.41999816894531,46.54999923706055,44.59000015258789,44.63999938964844,1235000.0
2022-09-16,44.150001525878906,44.349998474121094,41.7599983215332,43.29999923706055,2234900.0
2022-09-19,41.5099983215332,43.189998626708984,41.25,42.56999969482422,1080900.0
2022-09-20,42.33000183105469,42.540000915527344,41.02000045776367,42.130001068115234,1100200.0
2022-09-21,43.380001068115234,43.72999954223633,40.880001068115234,40.970001220703125,1315100.0
2022-09-22,41.97999954223633,42.349998474121094,39.65999984741211,39.7599983215332,1741100.0
2022-09-23,37.25,37.38999938964844,35.31999969482422,35.939998626708984,2715200.0
2022-09-26,35.40999984741211,35.81999969482422,33.75,33.86000061035156,2327500.0
2022-09-27,34.779998779296875,35.5,33.560001373291016,34.15999984741211,2572200.0
2022-09-28,34.529998779296875,37.380001068115234,33.790000915527344,37.189998626708984,2549000.0
2022-09-29,36.619998931884766,37.849998474121094,35.72999954223633,37.779998779296875,2188300.0
2022-09-30,37.09000015258789,38.11000061035156,36.7599983215332,37.61000061035156,1504000.0
2022-10-03,39.70000076293945,42.02000045776367,39.68000030517578,41.400001525878906,2104900.0
2022-10-04,42.91999816894531,43.7400016784668,41.83000183105469,43.349998474121094,1769800.0
2022-10-05,43.31999969482422,45.0,42.560001373291016,44.56999969482422,1438300.0
2022-10-06,43.959999084472656,45.79999923706055,43.779998779296875,45.43000030517578,1642100.0
2022-10-07,45.150001525878906,46.970001220703125,44.61000061035156,45.06999969482422,1603800.0
2022-10-10,45.06999969482422,45.869998931884766,43.43000030517578,44.02000045776367,1349400.0
2022-10-11,42.790000915527344,44.349998474121094,42.52000045776367,43.70000076293945,1645500.0
2022-10-12,43.119998931884766,44.43000030517578,42.380001068115234,43.709999084472656,1302900.0
2022-10-13,42.849998474121094,45.5,42.40999984741211,45.06999969482422,2030400.0
2022-10-14,44.5099983215332,45.470001220703125,43.22999954223633,43.4900016784668,2347100.0
2022-10-17,41.130001068115234,41.630001068115234,39.060001373291016,41.290000915527344,4740300.0
2022-10-18,41.4900016784668,43.04999923706055,41.20000076293945,42.2400016784668,2012800.0
2022-10-19,41.9900016784668,43.529998779296875,41.79999923706055,43.279998779296875,1687600.0
2022-10-20,43.939998626708984,45.09000015258789,42.459999084472656,42.849998474121094,1717500.0
2022-10-21,43.150001525878906,44.56999969482422,41.939998626708984,44.5,1440800.0
2022-10-24,44.380001068115234,45.209999084472656,43.41999816894531,43.81999969482422,1217700.0
2022-10-25,43.93000030517578,44.380001068115234,43.16999816894531,43.84000015258789,952600.0
2022-10-26,44.27000045776367,45.90999984741211,44.27000045776367,44.97999954223633,1071000.0
2022-10-27,45.95000076293945,46.880001068115234,44.43000030517578,44.52000045776367,1551000.0
2022-10-28,45.15999984741211,45.5,43.33000183105469,44.790000915527344,1882800.0
2022-10-31,44.27000045776367,45.86000061035156,43.90999984741211,44.97999954223633,2603700.0
2022-11-01,46.20000076293945,46.400001525878906,45.130001068115234,45.88999938964844,1781200.0
2022-11-02,45.65999984741211,46.150001525878906,43.959999084472656,44.18000030517578,1638300.0
2022-11-03,43.650001525878906,45.5,43.40999984741211,44.810001373291016,1801500.0
2022-11-04,46.4900016784668,48.470001220703125,44.31999969482422,46.09000015258789,2611600.0
2022-11-07,46.4900016784668,48.54999923706055,45.900001525878906,48.380001068115234,1592100.0
2022-11-08,48.209999084472656,48.38999938964844,46.400001525878906,48.08000183105469,2020100.0
2022-11-09,47.0,47.0,42.970001220703125,43.040000915527344,1585200.0
2022-11-10,44.13999938964844,44.88999938964844,43.11000061035156,44.52000045776367,2292100.0
2022-11-11,45.86000061035156,47.880001068115234,45.43000030517578,46.7599983215332,1425700.0
2022-11-14,46.470001220703125,47.66999816894531,46.029998779296875,46.040000915527344,1020800.0
2022-11-15,46.560001373291016,48.09000015258789,45.81999969482422,47.619998931884766,1108200.0
2022-11-16,46.68000030517578,47.18000030517578,45.29999923706055,45.77000045776367,1638000.0
2022-11-17,45.0,45.189998626708984,43.90999984741211,45.15999984741211,977500.0
2022-11-18,43.75,44.56999969482422,42.38999938964844,44.400001525878906,1115700.0
2022-11-21,43.16999816894531,43.400001525878906,40.849998474121094,42.72999954223633,1738300.0
2022-11-22,43.689998626708984,44.720001220703125,43.08000183105469,44.61000061035156,1229500.0
2022-11-23,43.5099983215332,44.09000015258789,42.959999084472656,43.7400016784668,719400.0
2022-11-25,44.189998626708984,44.5,43.65999984741211,43.70000076293945,335300.0
2022-11-28,41.75,42.790000915527344,41.599998474121094,42.13999938964844,1000300.0
2022-11-29,43.02000045776367,43.63999938964844,41.79999923706055,42.36000061035156,1947900.0
2022-11-30,43.380001068115234,43.81999969482422,41.54999923706055,43.11000061035156,1988100.0
2022-12-01,43.5099983215332,43.900001525878906,41.560001373291016,41.630001068115234,1293600.0
2022-12-02,41.2599983215332,42.47999954223633,40.880001068115234,41.11000061035156,1850800.0
2022-12-05,42.18000030517578,42.880001068115234,38.810001373291016,39.18000030517578,2238100.0
2022-12-06,38.790000915527344,39.439998626708984,37.65999984741211,38.2599983215332,1524700.0
2022-12-07,38.439998626708984,38.83000183105469,36.630001068115234,36.650001525878906,1946200.0
2022-12-08,37.349998474121094,37.9900016784668,35.220001220703125,35.380001068115234,1894700.0
2022-12-09,35.63999938964844,35.84000015258789,34.599998474121094,34.66999816894531,2270000.0
2022-12-12,35.130001068115234,36.04999923706055,34.5,35.880001068115234,1903600.0
2022-12-13,36.939998626708984,37.31999969482422,35.939998626708984,36.47999954223633,2485700.0
2022-12-14,36.7599983215332,37.15999984741211,35.41999816894531,35.689998626708984,1760700.0
2022-12-15,35.20000076293945,36.099998474121094,34.66999816894531,35.5,1195200.0
2022-12-16,34.36000061035156,34.79999923706055,33.529998779296875,34.20000076293945,4238000.0
2022-12-19,34.68000030517578,34.84000015258789,33.75,34.20000076293945,1492600.0
2022-12-20,34.11000061035156,34.65999984741211,33.630001068115234,33.869998931884766,1184300.0
2022-12-21,34.880001068115234,35.33000183105469,34.150001525878906,35.27000045776367,1271700.0
2022-12-22,35.15999984741211,35.16999816894531,32.90999984741211,33.959999084472656,1581700.0
2022-12-23,34.56999969482422,35.349998474121094,34.25,35.34000015258789,1064600.0
2022-12-27,35.630001068115234,35.630001068115234,35.06999969482422,35.529998779296875,1106800.0
2022-12-28,35.400001525878906,35.400001525878906,33.08000183105469,33.25,1124000.0
2022-12-29,33.0099983215332,34.869998931884766,32.849998474121094,34.709999084472656,1364600.0
2022-12-30,34.29999923706055,34.90999984741211,34.18000030517578,34.83000183105469,1256400.0
2023-01-03,34.5,34.5,31.610000610351562,31.979999542236328,1444600.0
2023-01-04,30.5,30.8799991607666,29.68000030517578,30.040000915527344,3671400.0
2023-01-05,29.90999984741211,30.270000457763672,29.3799991607666,29.729999542236328,1912000.0
2023-01-06,30.25,30.489999771118164,29.6200008392334,29.739999771118164,1942500.0
2023-01-09,30.90999984741211,31.440000534057617,30.479999542236328,30.68000030517578,2305900.0
2023-01-10,31.1200008392334,31.309999465942383,30.149999618530273,31.209999084472656,1434600.0
2023-01-11,31.760000228881836,32.04999923706055,31.25,31.899999618530273,1989700.0
2023-01-12,32.310001373291016,33.54999923706055,32.09000015258789,33.06999969482422,1430000.0
2023-01-13,32.83000183105469,33.25,32.380001068115234,33.06999969482422,1018600.0
2023-01-17,33.52000045776367,33.75,33.060001373291016,33.5,1020100.0
2023-01-18,33.869998931884766,34.61000061035156,32.880001068115234,33.16999816894531,2155400.0
2023-01-19,32.79999923706055,33.66999816894531,31.84000015258789,33.45000076293945,2137400.0
2023-01-20,33.70000076293945,33.7400016784668,32.81999969482422,33.25,1524800.0
2023-01-23,33.560001373291016,34.27000045776367,33.27000045776367,34.02000045776367,1126300.0
2023-01-24,33.650001525878906,34.0,32.72999954223633,32.9900016784668,1294800.0
2023-01-25,32.72999954223633,32.970001220703125,31.989999771118164,32.90999984741211,1012900.0
2023-01-26,33.29999923706055,33.75,32.5099983215332,33.630001068115234,1105800.0
2023-01-27,33.91999816894531,34.150001525878906,33.13999938964844,33.150001525878906,1400800.0
2023-01-30,32.630001068115234,32.869998931884766,31.920000076293945,31.979999542236328,1042600.0
2023-01-31,31.889999389648438,32.93000030517578,31.5,32.869998931884766,1190200.0
2023-02-01,32.459999084472656,32.970001220703125,30.920000076293945,32.459999084472656,1600700.0
2023-02-02,32.58000183105469,33.2599983215332,31.56999969482422,32.150001525878906,1448400.0
2023-02-03,32.33000183105469,33.20000076293945,31.889999389648438,32.130001068115234,1583100.0
2023-02-06,32.0099983215332,32.43000030517578,30.84000015258789,31.399999618530273,1080000.0
2023-02-07,31.6299991607666,33.04999923706055,31.149999618530273,32.9900016784668,1263800.0
2023-02-08,33.0,33.380001068115234,32.099998474121094,32.529998779296875,1093800.0
2023-02-09,32.63999938964844,32.7599983215332,31.579999923706055,31.6200008392334,955000.0
2023-02-10,32.29999923706055,33.380001068115234,32.18000030517578,33.33000183105469,1286900.0
2023-02-13,32.95000076293945,33.279998779296875,32.43000030517578,33.06999969482422,812600.0
2023-02-14,32.5,33.709999084472656,32.130001068115234,33.43000030517578,2523200.0
2023-02-15,32.75,32.75,31.6200008392334,32.650001525878906,1700700.0
2023-02-16,32.400001525878906,33.029998779296875,31.489999771118164,31.5,2559900.0
2023-02-17,30.899999618530273,31.0,29.6299991607666,30.270000457763672,3211200.0
2023-02-21,29.959999084472656,30.3799991607666,29.290000915527344,29.530000686645508,1799500.0
2023-02-22,29.260000228881836,29.450000762939453,27.920000076293945,29.010000228881836,3355500.0
2023-02-23,29.479999542236328,30.280000686645508,28.110000610351562,29.350000381469727,3768400.0
2023-02-24,28.959999084472656,30.1200008392334,28.43000030517578,29.850000381469727,2021300.0
2023-02-27,29.93000030517578,30.489999771118164,29.549999237060547,29.829999923706055,1912800.0
2023-02-28,30.229999542236328,30.360000610351562,29.5,29.510000228881836,2497000.0
2023-03-01,29.049999237060547,30.6200008392334,29.010000228881836,30.510000228881836,2253200.0
2023-03-02,30.399999618530273,31.25,29.8700008392334,30.979999542236328,1433900.0
2023-03-03,30.700000762939453,32.22999954223633,30.3799991607666,31.899999618530273,1949700.0
2023-03-06,31.440000534057617,31.799999237060547,31.049999237060547,31.31999969482422,1944900.0
2023-03-07,31.06999969482422,31.25,30.489999771118164,30.649999618530273,1747500.0
2023-03-08,30.309999465942383,30.65999984741211,29.110000610351562,29.549999237060547,1892500.0
2023-03-09,30.030000686645508,30.479999542236328,28.84000015258789,28.8799991607666,2301200.0
2023-03-10,28.729999542236328,29.40999984741211,28.219999313354492,28.790000915527344,2585400.0
2023-03-13,27.719999313354492,29.06999969482422,27.1299991607666,28.479999542236328,3038200.0
2023-03-14,28.719999313354492,29.700000762939453,28.100000381469727,28.65999984741211,2366200.0
2023-03-15,27.1200008392334,27.600000381469727,25.059999465942383,25.649999618530273,3532200.0
2023-03-16,25.020000457763672,26.889999389648438,24.860000610351562,26.8799991607666,2409600.0
2023-03-17,26.8700008392334,26.959999084472656,25.270000457763672,25.31999969482422,5433100.0
2023-03-20,25.479999542236328,26.75,25.31999969482422,26.34000015258789,2516400.0
2023-03-21,27.139999389648438,27.540000915527344,26.649999618530273,27.219999313354492,2004800.0
2023-03-22,27.229999542236328,27.459999084472656,26.309999465942383,26.329999923706055,1940800.0
2023-03-23,26.579999923706055,27.040000915527344,25.389999389648438,25.530000686645508,1765800.0
2023-03-24,24.790000915527344,26.31999969482422,24.65999984741211,26.280000686645508,1590900.0
2023-03-27,26.780000686645508,27.979999542236328,26.110000610351562,27.719999313354492,1790000.0
2023-03-28,27.489999771118164,28.0,27.360000610351562,27.549999237060547,1728300.0
2023-03-29,28.299999237060547,28.399999618530273,27.389999389648438,27.760000228881836,1146200.0
2023-03-30,28.190000534057617,28.280000686645508,27.610000610351562,28.020000457763672,1373200.0
2023-03-31,28.209999084472656,28.510000228881836,28.010000228881836,28.15999984741211,1459500.0
2023-04-03,29.93000030517578,31.1299991607666,29.6299991607666,30.889999389648438,2579300.0
2023-04-04,31.15999984741211,31.190000534057617,29.350000381469727,29.969999313354492,1625200.0
2023-04-05,29.829999923706055,30.229999542236328,29.209999084472656,29.8799991607666,1131200.0
2023-04-06,29.709999084472656,29.93000030517578,29.239999771118164,29.6200008392334,1027100.0
2023-04-10,29.479999542236328,30.5,29.479999542236328,29.8700008392334,1630300.0
2023-04-11,30.18000030517578,30.209999084472656,29.309999465942383,29.860000610351562,2245200.0
2023-04-12,29.8700008392334,30.299999237060547,29.540000915527344,29.850000381469727,1629300.0
2023-04-13,29.739999771118164,31.200000762939453,29.649999618530273,30.959999084472656,2091100.0
2023-04-14,31.0,31.270000457763672,30.600000381469727,30.940000534057617,1242800.0
2023-04-17,30.940000534057617,30.940000534057617,29.940000534057617,29.950000762939453,1427900.0
2023-04-18,29.84000015258789,29.940000534057617,29.18000030517578,29.479999542236328,1163500.0
2023-04-19,28.739999771118164,29.059999465942383,28.34000015258789,29.049999237060547,1774700.0
2023-04-20,28.100000381469727,28.3799991607666,27.510000228881836,27.969999313354492,1710000.0
2023-04-21,27.950000762939453,28.049999237060547,27.239999771118164,27.290000915527344,1421600.0
2023-04-24,27.290000915527344,28.549999237060547,27.18000030517578,28.389999389648438,1512700.0
2023-04-25,27.719999313354492,28.100000381469727,27.149999618530273,27.200000762939453,1503800.0
2023-04-26,27.0,27.25,26.020000457763672,26.209999084472656,1938300.0
2023-04-27,26.239999771118164,27.079999923706055,26.020000457763672,26.850000381469727,2184300.0
2023-04-28,26.8700008392334,28.469999313354492,26.299999237060547,28.079999923706055,2560500.0
2023-05-01,27.459999084472656,28.360000610351562,27.239999771118164,28.040000915527344,2408800.0
2023-05-02,27.559999465942383,27.610000610351562,25.889999389648438,26.389999389648438,2175300.0
2023-05-03,25.809999465942383,26.350000381469727,25.520000457763672,25.700000762939453,3025000.0
2023-05-04,25.739999771118164,26.200000762939453,25.200000762939453,25.290000915527344,2594500.0
2023-05-05,26.479999542236328,27.040000915527344,26.440000534057617,26.920000076293945,1926500.0
2023-05-08,27.700000762939453,27.700000762939453,26.25,26.40999984741211,2270200.0
2023-05-09,25.979999542236328,26.559999465942383,25.739999771118164,26.100000381469727,1742700.0
2023-05-10,26.329999923706055,26.329999923706055,25.040000915527344,25.950000762939453,2614700.0
2023-05-11,25.450000762939453,26.040000915527344,25.200000762939453,26.0,1730300.0
2023-05-12,26.31999969482422,26.479999542236328,25.3700008392334,25.790000915527344,1527500.0
2023-05-15,25.969999313354492,26.709999084472656,25.860000610351562,26.540000915527344,1063700.0
2023-05-16,26.299999237060547,26.6200008392334,25.65999984741211,25.68000030517578,1056800.0
2023-05-17,26.040000915527344,26.65999984741211,25.469999313354492,26.559999465942383,1280900.0
2023-05-18,26.260000228881836,26.950000762939453,25.850000381469727,26.8799991607666,916700.0
2023-05-19,27.260000228881836,27.309999465942383,26.59000015258789,26.690000534057617,1329800.0
2023-05-22,26.81999969482422,28.43000030517578,26.81999969482422,28.149999618530273,2703700.0
2023-05-23,28.350000381469727,28.940000534057617,28.1299991607666,28.200000762939453,1658600.0
2023-05-24,28.40999984741211,29.40999984741211,28.18000030517578,28.770000457763672,1550300.0
2023-05-25,28.399999618530273,28.479999542236328,27.059999465942383,27.450000762939453,2214100.0
2023-05-26,27.530000686645508,27.670000076293945,27.079999923706055,27.520000457763672,1301700.0
2023-05-30,26.850000381469727,27.0,26.079999923706055,26.600000381469727,1268700.0
2023-05-31,25.950000762939453,26.440000534057617,25.84000015258789,26.290000915527344,1783500.0
2023-06-01,26.420000076293945,27.239999771118164,26.229999542236328,26.84000015258789,1260200.0
2023-06-02,27.450000762939453,28.43000030517578,27.280000686645508,28.209999084472656,1421600.0
2023-06-05,28.950000762939453,29.229999542236328,27.1200008392334,27.190000534057617,1903300.0
2023-06-06,26.84000015258789,28.360000610351562,26.530000686645508,28.170000076293945,1495900.0
2023-06-07,28.450000762939453,29.850000381469727,28.43000030517578,29.579999923706055,1616600.0
2023-06-08,29.649999618530273,29.899999618530273,28.940000534057617,29.540000915527344,1662600.0
2023-06-09,29.350000381469727,29.549999237060547,28.790000915527344,29.040000915527344,1241600.0
2023-06-12,28.399999618530273,28.969999313354492,27.790000915527344,28.100000381469727,1593800.0
2023-06-13,28.65999984741211,29.549999237060547,28.450000762939453,28.8799991607666,1618500.0
2023-06-14,29.270000457763672,29.450000762939453,27.889999389648438,28.399999618530273,2017300.0
2023-06-15,28.440000534057617,29.299999237060547,28.360000610351562,28.729999542236328,1658500.0
2023-06-16,29.040000915527344,29.040000915527344,28.329999923706055,28.920000076293945,2906200.0
2023-06-20,28.399999618530273,28.59000015258789,27.3700008392334,27.989999771118164,1574200.0
2023-06-21,28.440000534057617,30.3799991607666,28.270000457763672,29.760000228881836,2851300.0
2023-06-22,29.399999618530273,29.520000457763672,28.43000030517578,28.56999969482422,1419100.0
2023-06-23,28.0,29.3799991607666,27.979999542236328,29.09000015258789,7518800.0
2023-06-26,29.149999618530273,30.459999084472656,29.149999618530273,30.170000076293945,2106300.0
2023-06-27,29.979999542236328,30.760000228881836,29.649999618530273,30.469999313354492,2020700.0
2023-06-28,30.290000915527344,30.809999465942383,29.889999389648438,30.75,1380900.0
2023-06-29,30.780000686645508,31.479999542236328,30.40999984741211,31.309999465942383,1768700.0
2023-06-30,31.440000534057617,31.889999389648438,30.90999984741211,31.6299991607666,1915500.0
2023-07-03,31.68000030517578,32.13999938964844,31.530000686645508,32.02000045776367,947300.0
2023-07-05,32.220001220703125,32.25,31.56999969482422,31.56999969482422,1336000.0
2023-07-06,31.25,31.5,29.510000228881836,30.18000030517578,1254000.0
2023-07-07,30.059999465942383,32.400001525878906,30.059999465942383,32.18000030517578,1779000.0
2023-07-10,32.11000061035156,32.5,31.90999984741211,32.380001068115234,1683400.0
2023-07-11,32.81999969482422,33.59000015258789,32.34000015258789,33.279998779296875,1628200.0
2023-07-12,33.75,33.95000076293945,33.290000915527344,33.38999938964844,1452700.0
2023-07-13,33.45000076293945,34.560001373291016,33.06999969482422,34.220001220703125,1366700.0
2023-07-14,33.81999969482422,33.88999938964844,32.369998931884766,32.43000030517578,1334800.0
2023-07-17,32.369998931884766,32.91999816894531,32.209999084472656,32.65999984741211,994600.0
2023-07-18,33.04999923706055,35.16999816894531,32.970001220703125,34.5099983215332,2378600.0
2023-07-19,34.7400016784668,35.25,34.439998626708984,34.7599983215332,1568300.0
2023-07-20,35.04999923706055,35.04999923706055,34.0099983215332,34.61000061035156,1356400.0
2023-07-21,34.68000030517578,34.810001373291016,33.91999816894531,34.290000915527344,1011700.0
2023-07-24,34.4900016784668,35.0099983215332,34.25,34.56999969482422,1805100.0
2023-07-25,34.61000061035156,35.70000076293945,34.38999938964844,35.13999938964844,1331300.0
2023-07-26,34.650001525878906,35.439998626708984,34.54999923706055,35.189998626708984,1188000.0
2023-07-27,35.720001220703125,35.869998931884766,34.5,34.66999816894531,1418700.0
2023-07-28,35.0,35.93000030517578,34.54999923706055,35.83000183105469,1223400.0
2023-07-31,36.290000915527344,36.47999954223633,35.91999816894531,36.290000915527344,1524900.0
2023-08-01,35.869998931884766,36.25,35.060001373291016,36.09000015258789,1272300.0
2023-08-02,35.72999954223633,35.959999084472656,35.0099983215332,35.619998931884766,1676200.0
2023-08-03,35.84000015258789,37.88999938964844,35.459999084472656,37.29999923706055,2243200.0
2023-08-04,37.849998474121094,38.75,37.5,38.33000183105469,1593300.0
2023-08-07,38.20000076293945,38.84000015258789,37.79999923706055,38.83000183105469,1451300.0
2023-08-08,37.599998474121094,39.150001525878906,37.27000045776367,38.900001525878906,1831500.0
2023-08-09,39.25,40.400001525878906,38.97999954223633,39.79999923706055,2079500.0
2023-08-10,39.45000076293945,39.810001373291016,38.900001525878906,39.16999816894531,1473200.0
2023-08-11,39.04999923706055,39.91999816894531,39.04999923706055,39.75,1163200.0
2023-08-14,39.45000076293945,39.72999954223633,38.9900016784668,39.56999969482422,990800.0
2023-08-15,39.04999923706055,39.33000183105469,38.65999984741211,39.0099983215332,1348300.0
2023-08-16,39.790000915527344,40.56999969482422,39.27000045776367,39.45000076293945,1637600.0
2023-08-17,40.25,40.7599983215332,40.02000045776367,40.310001373291016,1668200.0
2023-08-18,39.790000915527344,40.66999816894531,39.65999984741211,40.599998474121094,1814500.0
2023-08-21,40.88999938964844,41.599998474121094,40.7400016784668,41.349998474121094,1794400.0
2023-08-22,41.380001068115234,41.68000030517578,40.27000045776367,40.279998779296875,1519400.0
2023-08-23,40.0,40.619998931884766,39.279998779296875,40.54999923706055,1164500.0
2023-08-24,40.099998474121094,40.72999954223633,39.86000061035156,39.86000061035156,1038000.0
2023-08-25,40.349998474121094,41.29999923706055,39.84000015258789,40.84000015258789,1478500.0
2023-08-28,41.060001373291016,41.41999816894531,40.779998779296875,41.060001373291016,905000.0
2023-08-29,41.400001525878906,41.43000030517578,40.599998474121094,41.08000183105469,937500.0
2023-08-30,41.45000076293945,42.130001068115234,41.220001220703125,41.970001220703125,1506900.0
2023-08-31,42.0099983215332,42.58000183105469,41.70000076293945,42.310001373291016,1447900.0
2023-09-01,42.880001068115234,43.31999969482422,42.58000183105469,42.93000030517578,1231800.0
2023-09-05,42.91999816894531,43.18000030517578,42.25,42.279998779296875,1770400.0
2023-09-06,42.11000061035156,42.849998474121094,42.02000045776367,42.470001220703125,890200.0
2023-09-07,42.4900016784668,42.720001220703125,41.810001373291016,42.09000015258789,1464100.0
2023-09-08,42.20000076293945,42.33000183105469,41.5,41.630001068115234,2212600.0
2023-09-11,41.779998779296875,41.869998931884766,39.58000183105469,40.25,2210600.0
2023-09-12,41.060001373291016,41.439998626708984,40.59000015258789,41.380001068115234,1177900.0
2023-09-13,41.29999923706055,41.33000183105469,39.900001525878906,40.54999923706055,1729800.0
2023-09-14,41.189998626708984,41.45000076293945,40.2400016784668,40.349998474121094,1349900.0
2023-09-15,39.79999923706055,40.189998626708984,39.04999923706055,39.59000015258789,8015000.0
2023-09-18,40.279998779296875,40.33000183105469,39.08000183105469,39.45000076293945,1553700.0
2023-09-19,40.029998779296875,40.189998626708984,39.099998474121094,39.290000915527344,1445700.0
2023-09-20,39.0,39.47999954223633,37.90999984741211,37.95000076293945,1406200.0
2023-09-21,38.189998626708984,38.43000030517578,37.369998931884766,37.619998931884766,1168700.0
2023-09-22,38.20000076293945,38.25,37.04999923706055,37.20000076293945,1343000.0
2023-09-25,37.22999954223633,38.439998626708984,37.22999954223633,38.27000045776367,741100.0
2023-09-26,37.77000045776367,38.869998931884766,37.7599983215332,38.7400016784668,1127300.0
2023-09-27,39.369998931884766,40.970001220703125,39.279998779296875,40.65999984741211,1294700.0
2023-09-28,40.560001373291016,41.209999084472656,39.849998474121094,40.060001373291016,2182700.0
2023-09-29,40.13999938964844,40.36000061035156,39.560001373291016,39.650001525878906,1349300.0
2023-10-02,39.77000045776367,39.869998931884766,37.5,37.86000061035156,2183200.0
2023-10-03,37.59000015258789,38.16999816894531,37.36000061035156,38.09000015258789,1060100.0
2023-10-04,37.36000061035156,37.4900016784668,35.630001068115234,36.439998626708984,1627800.0
2023-10-05,36.040000915527344,36.72999954223633,35.81999969482422,36.400001525878906,1253200.0
2023-10-06,36.7599983215332,38.099998474121094,36.20000076293945,37.470001220703125,1301800.0
2023-10-09,38.939998626708984,39.93000030517578,38.470001220703125,39.650001525878906,1400400.0
2023-10-10,39.650001525878906,39.91999816894531,39.2400016784668,39.25,1223400.0
2023-10-11,38.79999923706055,39.599998474121094,38.380001068115234,39.38999938964844,1393400.0
2023-10-12,39.900001525878906,40.13999938964844,39.349998474121094,40.099998474121094,1296100.0
2023-10-13,40.9900016784668,42.2599983215332,40.90999984741211,41.97999954223633,2022600.0
2023-10-16,42.43000030517578,42.650001525878906,41.529998779296875,42.150001525878906,1965300.0
2023-10-17,41.970001220703125,42.970001220703125,41.75,42.06999969482422,1382500.0
2023-10-18,42.47999954223633,42.79999923706055,42.0,42.18000030517578,1486900.0
2023-10-19,41.849998474121094,43.72999954223633,41.72999954223633,43.5099983215332,2564900.0
2023-10-20,43.34000015258789,43.52000045776367,42.529998779296875,42.849998474121094,1781700.0
2023-10-23,42.150001525878906,42.59000015258789,41.36000061035156,41.81999969482422,1764600.0
2023-10-24,42.279998779296875,42.279998779296875,41.13999938964844,41.54999923706055,1393000.0
2023-10-25,41.61000061035156,42.380001068115234,41.09000015258789,41.720001220703125,2442600.0
2023-10-26,41.0,41.20000076293945,39.7400016784668,40.52000045776367,2080600.0
2023-10-27,40.77000045776367,40.779998779296875,39.349998474121094,40.540000915527344,1579500.0
2023-10-30,40.38999938964844,40.939998626708984,39.08000183105469,39.81999969482422,1585300.0
2023-10-31,39.83000183105469,40.58000183105469,39.540000915527344,40.31999969482422,1041900.0
2023-11-01,40.529998779296875,40.93000030517578,39.41999816894531,39.56999969482422,1207200.0
2023-11-02,39.61000061035156,41.220001220703125,39.27000045776367,41.130001068115234,1740500.0
2023-11-03,41.02000045776367,41.619998931884766,39.88999938964844,40.470001220703125,2779100.0
2023-11-06,40.52000045776367,40.65999984741211,38.959999084472656,38.9900016784668,1788700.0
2023-11-07,38.220001220703125,38.22999954223633,37.119998931884766,37.560001373291016,1877000.0
2023-11-08,37.150001525878906,37.7599983215332,36.36000061035156,36.369998931884766,2216800.0
2023-11-09,36.720001220703125,37.02000045776367,36.25,36.279998779296875,1333100.0
2023-11-10,36.689998626708984,37.2400016784668,36.36000061035156,36.7599983215332,1351400.0
2023-11-13,36.900001525878906,37.66999816894531,36.63999938964844,37.66999816894531,1407100.0
2023-11-14,37.90999984741211,38.4900016784668,37.619998931884766,38.349998474121094,1190500.0
2023-11-15,37.95000076293945,38.65999984741211,37.88999938964844,37.900001525878906,1203600.0
2023-11-16,37.220001220703125,37.470001220703125,35.47999954223633,36.43000030517578,1302800.0
2023-11-17,36.9900016784668,37.9900016784668,36.9900016784668,37.90999984741211,1750900.0
2023-11-20,38.369998931884766,38.779998779296875,37.88999938964844,38.02000045776367,1084400.0
2023-11-21,37.45000076293945,38.0,36.939998626708984,37.75,1288100.0
2023-11-22,36.40999984741211,37.810001373291016,35.9900016784668,37.66999816894531,1283600.0
2023-11-24,37.560001373291016,38.400001525878906,37.560001373291016,38.04999923706055,439100.0
2023-11-27,37.560001373291016,37.810001373291016,37.15999984741211,37.279998779296875,983700.0
2023-11-28,37.599998474121094,37.900001525878906,37.150001525878906,37.33000183105469,881600.0
2023-11-29,37.630001068115234,37.83000183105469,37.11000061035156,37.29999923706055,1115300.0
2023-11-30,37.869998931884766,39.08000183105469,36.84000015258789,37.45000076293945,1613000.0
2023-12-01,37.290000915527344,38.630001068115234,37.2400016784668,37.90999984741211,1012300.0
2023-12-04,37.380001068115234,37.689998626708984,36.9900016784668,37.29999923706055,1189300.0
2023-12-05,37.459999084472656,37.59000015258789,36.15999984741211,36.16999816894531,1096300.0
2023-12-06,35.619998931884766,36.189998626708984,34.93000030517578,34.959999084472656,1496200.0
2023-12-07,35.33000183105469,35.529998779296875,34.65999984741211,34.849998474121094,2752000.0
2023-12-08,35.15999984741211,35.81999969482422,35.09000015258789,35.56999969482422,1235100.0
2023-12-11,35.33000183105469,36.15999984741211,35.22999954223633,35.619998931884766,1234100.0
2023-12-12,34.900001525878906,34.91999816894531,34.130001068115234,34.439998626708984,1193700.0
2023-12-13,34.650001525878906,35.709999084472656,34.16999816894531,35.650001525878906,1530900.0
2023-12-14,36.29999923706055,37.68000030517578,36.290000915527344,37.470001220703125,1802500.0
2023-12-15,37.810001373291016,37.93000030517578,36.86000061035156,37.880001068115234,3678700.0
2023-12-18,38.959999084472656,39.2400016784668,38.25,38.36000061035156,1253200.0
2023-12-19,38.20000076293945,38.79999923706055,38.040000915527344,38.720001220703125,1039300.0
2023-12-20,39.0099983215332,39.15999984741211,37.869998931884766,37.900001525878906,1059300.0
2023-12-21,38.06999969482422,38.56999969482422,37.900001525878906,38.5099983215332,744500.0
2023-12-22,38.790000915527344,39.11000061035156,38.400001525878906,38.61000061035156,750400.0
2023-12-26,39.08000183105469,39.86000061035156,38.91999816894531,39.79999923706055,857800.0
2023-12-27,39.849998474121094,40.150001525878906,39.560001373291016,39.970001220703125,1057700.0
2023-12-28,39.66999816894531,40.02000045776367,39.02000045776367,39.06999969482422,1082500.0
2023-12-29,39.36000061035156,39.380001068115234,38.619998931884766,38.720001220703125,868400.0
2024-01-02,39.279998779296875,39.900001525878906,38.68000030517578,38.95000076293945,912000.0
2024-01-03,38.849998474121094,39.560001373291016,38.45000076293945,39.349998474121094,1109800.0
2024-01-04,39.59000015258789,39.81999969482422,38.2599983215332,38.27000045776367,1253600.0
2024-01-05,38.56999969482422,38.7599983215332,37.779998779296875,38.25,1042700.0
2024-01-08,36.880001068115234,38.20000076293945,36.65999984741211,38.189998626708984,1744900.0
2024-01-09,38.2599983215332,38.290000915527344,37.08000183105469,38.060001373291016,1552600.0
2024-01-10,38.119998931884766,38.119998931884766,36.81999969482422,37.33000183105469,1463300.0
2024-01-11,37.439998626708984,37.529998779296875,36.77000045776367,36.939998626708984,1164200.0
2024-01-12,37.70000076293945,37.900001525878906,36.880001068115234,37.34000015258789,1639300.0
2024-01-16,36.83000183105469,37.11000061035156,35.54999923706055,35.560001373291016,1799500.0
2024-01-17,34.970001220703125,35.720001220703125,34.7599983215332,35.66999816894531,1136700.0
2024-01-18,35.720001220703125,36.0,35.29999923706055,35.720001220703125,1722700.0
2024-01-19,35.720001220703125,35.790000915527344,34.91999816894531,35.68000030517578,1247600.0
2024-01-22,35.61000061035156,36.400001525878906,35.34000015258789,35.88999938964844,1025700.0
2024-01-23,35.86000061035156,36.310001373291016,35.58000183105469,35.97999954223633,1181900.0
2024-01-24,36.33000183105469,36.88999938964844,36.08000183105469,36.61000061035156,1053800.0
2024-01-25,37.060001373291016,37.470001220703125,36.31999969482422,37.36000061035156,1094700.0
2024-01-26,37.290000915527344,37.529998779296875,36.540000915527344,37.189998626708984,1239800.0
2024-01-29,37.189998626708984,37.54999923706055,36.400001525878906,37.4900016784668,995400.0
2024-01-30,37.0099983215332,38.369998931884766,36.970001220703125,38.310001373291016,1298000.0
2024-01-31,38.52000045776367,38.529998779296875,37.06999969482422,37.08000183105469,1247200.0
2024-02-01,37.33000183105469,37.849998474121094,36.0099983215332,36.529998779296875,1649200.0
2024-02-02,36.4900016784668,36.54999923706055,35.720001220703125,35.7599983215332,1137000.0
2024-02-05,35.43000030517578,36.040000915527344,34.900001525878906,35.720001220703125,1242000.0
2024-02-06,35.939998626708984,36.68000030517578,35.77000045776367,36.45000076293945,922000.0
2024-02-07,36.470001220703125,36.709999084472656,36.11000061035156,36.45000076293945,669100.0
2024-02-08,36.439998626708984,37.38999938964844,36.439998626708984,36.970001220703125,1082600.0
2024-02-09,36.95000076293945,37.33000183105469,36.7400016784668,36.900001525878906,813800.0
2024-02-12,37.15999984741211,38.380001068115234,37.15999984741211,38.04999923706055,1477300.0
2024-02-13,37.84000015258789,38.029998779296875,37.02000045776367,37.38999938964844,1210200.0
2024-02-14,37.720001220703125,38.20000076293945,37.150001525878906,37.540000915527344,874900.0
2024-02-15,37.709999084472656,39.5,37.65999984741211,39.18000030517578,1314100.0
2024-02-16,39.36000061035156,40.0,38.7599983215332,39.529998779296875,996400.0
2024-02-20,39.2599983215332,39.38999938964844,38.650001525878906,38.79999923706055,1170300.0
2024-02-21,39.16999816894531,40.2400016784668,39.11000061035156,39.5,1691100.0
2024-02-22,40.45000076293945,41.5,39.709999084472656,41.34000015258789,4105000.0
2024-02-23,40.70000076293945,41.70000076293945,40.29999923706055,41.41999816894531,1981900.0
2024-02-26,41.22999954223633,41.58000183105469,40.65999984741211,41.459999084472656,1562600.0
2024-02-27,41.880001068115234,42.880001068115234,41.529998779296875,42.84000015258789,1698200.0
2024-02-28,42.75,43.36000061035156,42.54999923706055,43.130001068115234,1572600.0
2024-02-29,43.599998474121094,43.91999816894531,43.0099983215332,43.77000045776367,2024600.0
2024-03-01,44.25,45.189998626708984,44.029998779296875,44.5,1644300.0
2024-03-04,44.70000076293945,44.970001220703125,43.189998626708984,43.20000076293945,1545600.0
2024-03-05,43.060001373291016,44.13999938964844,42.939998626708984,43.619998931884766,1515400.0
2024-03-06,44.459999084472656,44.79999923706055,43.91999816894531,44.43000030517578,2393700.0
2024-03-07,44.45000076293945,45.15999984741211,44.2400016784668,44.41999816894531,1374200.0
2024-03-08,44.63999938964844,45.36000061035156,44.52000045776367,45.06999969482422,1364700.0
2024-03-11,44.529998779296875,45.369998931884766,44.150001525878906,45.36000061035156,1454000.0
2024-03-12,45.31999969482422,45.900001525878906,44.66999816894531,45.720001220703125,1700000.0
2024-03-13,46.0,46.97999954223633,45.939998626708984,46.81999969482422,1918200.0
2024-03-14,46.9900016784668,47.029998779296875,46.349998474121094,46.65999984741211,1932200.0
2024-03-15,46.560001373291016,47.18000030517578,45.88999938964844,46.790000915527344,11085500.0
2024-03-18,46.790000915527344,46.900001525878906,45.95000076293945,46.650001525878906,2012000.0
2024-03-19,46.540000915527344,47.88999938964844,46.540000915527344,47.779998779296875,1159300.0
2024-03-20,47.4900016784668,48.5,47.2400016784668,48.220001220703125,1460400.0
2024-03-21,48.47999954223633,48.959999084472656,48.189998626708984,48.83000183105469,1409800.0
2024-03-22,48.900001525878906,49.22999954223633,48.619998931884766,48.70000076293945,1604100.0
2024-03-25,48.95000076293945,49.86000061035156,48.95000076293945,49.650001525878906,1377500.0
2024-03-26,49.66999816894531,49.93000030517578,48.650001525878906,48.68000030517578,1208900.0
2024-03-27,48.61000061035156,49.060001373291016,48.349998474121094,49.04999923706055,1038900.0
2024-03-28,49.400001525878906,49.900001525878906,49.0099983215332,49.849998474121094,1653100.0
2024-04-01,50.0,50.72999954223633,49.209999084472656,50.58000183105469,1696300.0
2024-04-02,50.790000915527344,51.36000061035156,50.150001525878906,50.83000183105469,1673700.0
2024-04-03,50.939998626708984,52.0099983215332,50.91999816894531,52.0,1613000.0
2024-04-04,52.02000045776367,52.619998931884766,51.560001373291016,52.040000915527344,1678300.0
2024-04-05,52.470001220703125,53.2599983215332,51.83000183105469,52.7599983215332,1907800.0
2024-04-08,52.91999816894531,53.15999984741211,51.95000076293945,52.0099983215332,1271200.0
2024-04-09,52.619998931884766,52.63999938964844,51.52000045776367,51.7400016784668,1817200.0
2024-04-10,51.56999969482422,52.459999084472656,51.34000015258789,52.40999984741211,1810700.0
2024-04-11,52.4900016784668,52.540000915527344,51.470001220703125,51.70000076293945,1210900.0
2024-04-12,52.540000915527344,52.83000183105469,50.439998626708984,50.72999954223633,2006400.0
2024-04-15,50.84000015258789,51.15999984741211,50.08000183105469,50.41999816894531,1640500.0
2024-04-16,50.02000045776367,50.56999969482422,49.36000061035156,50.290000915527344,1350600.0
2024-04-17,50.279998779296875,50.5099983215332,48.810001373291016,49.290000915527344,1375900.0
2024-04-18,49.34000015258789,49.56999969482422,47.779998779296875,48.040000915527344,1300700.0
2024-04-19,47.84000015258789,48.88999938964844,47.84000015258789,48.09000015258789,1456300.0
2024-04-22,48.290000915527344,49.47999954223633,47.599998474121094,48.849998474121094,1096300.0
2024-04-23,48.560001373291016,50.15999984741211,48.20000076293945,49.810001373291016,1623400.0
2024-04-24,49.650001525878906,50.20000076293945,49.290000915527344,50.0099983215332,1321800.0
2024-04-25,50.0099983215332,50.560001373291016,49.38999938964844,50.439998626708984,1073600.0
2024-04-26,50.459999084472656,50.900001525878906,50.02000045776367,50.84000015258789,1122400.0
2024-04-29,50.7400016784668,51.4900016784668,50.61000061035156,50.84000015258789,1382900.0
2024-04-30,50.54999923706055,50.88999938964844,48.470001220703125,48.4900016784668,2177900.0
2024-05-01,48.459999084472656,48.459999084472656,46.599998474121094,47.119998931884766,1229200.0
2024-05-02,47.52000045776367,48.08000183105469,47.119998931884766,47.7400016784668,1289900.0
2024-05-03,48.720001220703125,50.27000045776367,48.0,50.130001068115234,3341000.0
2024-05-06,50.52000045776367,51.5,50.29999923706055,50.720001220703125,1941500.0
2024-05-07,50.65999984741211,51.939998626708984,50.56999969482422,51.15999984741211,1660200.0
2024-05-08,50.650001525878906,51.459999084472656,50.349998474121094,50.630001068115234,1513200.0
2024-05-09,50.630001068115234,51.40999984741211,50.310001373291016,50.93000030517578,1062600.0
2024-05-10,51.16999816894531,51.220001220703125,49.13999938964844,49.15999984741211,1164500.0
2024-05-13,49.56999969482422,49.689998626708984,48.459999084472656,48.95000076293945,1770500.0
2024-05-14,49.02000045776367,49.54999923706055,48.68000030517578,49.52000045776367,1299800.0
2024-05-15,49.36000061035156,49.599998474121094,48.09000015258789,48.79999923706055,1220700.0
2024-05-16,48.790000915527344,49.220001220703125,48.38999938964844,48.45000076293945,1786400.0
2024-05-17,48.810001373291016,49.13999938964844,48.40999984741211,48.95000076293945,1072400.0
2024-05-20,49.02000045776367,49.52000045776367,48.939998626708984,49.459999084472656,1188100.0
2024-05-21,49.099998474121094,50.400001525878906,49.099998474121094,49.599998474121094,1487900.0
2024-05-22,49.13999938964844,49.150001525878906,47.439998626708984,48.369998931884766,2058000.0
2024-05-23,48.869998931884766,49.290000915527344,47.689998626708984,48.04999923706055,1401600.0
2024-05-24,48.439998626708984,48.779998779296875,47.95000076293945,48.060001373291016,1328800.0
2024-05-28,48.36000061035156,49.220001220703125,48.20000076293945,48.95000076293945,1071000.0
2024-05-29,48.650001525878906,49.41999816894531,48.36000061035156,48.83000183105469,1176300.0
2024-05-30,48.91999816894531,49.65999984741211,48.83000183105469,49.25,971200.0
2024-05-31,49.54999923706055,50.52000045776367,49.33000183105469,50.43000030517578,1272300.0
2024-06-03,50.720001220703125,50.77000045776367,47.29999923706055,47.52000045776367,1652100.0
2024-06-04,46.7400016784668,46.970001220703125,45.9900016784668,46.52000045776367,1196000.0
2024-06-05,46.779998779296875,46.9900016784668,46.36000061035156,46.7599983215332,1218900.0
2024-06-06,46.720001220703125,47.52000045776367,46.720001220703125,47.349998474121094,1336000.0
2024-06-07,47.029998779296875,47.61000061035156,46.4900016784668,47.02000045776367,818600.0
2024-06-10,46.939998626708984,48.400001525878906,46.79999923706055,48.2599983215332,988100.0
2024-06-11,47.97999954223633,48.61000061035156,47.349998474121094,48.439998626708984,1149700.0
2024-06-12,49.59000015258789,50.040000915527344,48.880001068115234,48.900001525878906,2169400.0
2024-06-13,48.790000915527344,48.900001525878906,46.86000061035156,47.20000076293945,1738000.0
2024-06-14,47.20000076293945,47.400001525878906,45.5099983215332,45.81999969482422,1535800.0
2024-06-17,46.0,46.279998779296875,45.279998779296875,46.27000045776367,1632300.0
2024-06-18,46.560001373291016,47.790000915527344,46.29999923706055,47.52000045776367,1670400.0
2024-06-20,47.5,48.45000076293945,47.2599983215332,48.25,1664200.0
2024-06-21,48.34000015258789,48.58000183105469,48.0099983215332,48.130001068115234,11390000.0
2024-06-24,48.439998626708984,50.20000076293945,48.36000061035156,49.849998474121094,1176800.0
2024-06-25,49.63999938964844,49.810001373291016,48.90999984741211,49.38999938964844,1100900.0
2024-06-26,49.25,49.25,47.84000015258789,48.41999816894531,1498100.0
2024-06-27,44.849998474121094,45.25,42.619998931884766,43.349998474121094,8754800.0
2024-06-28,44.5,44.7400016784668,42.95000076293945,43.22999954223633,6082200.0
2024-07-01,43.349998474121094,43.959999084472656,43.0,43.65999984741211,2975100.0
2024-07-02,44.04999923706055,44.75,43.66999816894531,44.349998474121094,3524000.0
2024-07-03,44.7599983215332,45.61000061035156,44.38999938964844,45.31999969482422,936100.0
2024-07-05,45.150001525878906,45.150001525878906,43.5099983215332,43.630001068115234,1729100.0
2024-07-08,43.630001068115234,44.540000915527344,43.630001068115234,44.25,1528100.0
2024-07-09,43.66999816894531,44.45000076293945,43.36000061035156,43.439998626708984,1533800.0
2024-07-10,43.599998474121094,44.189998626708984,43.54999923706055,43.900001525878906,1090100.0
2024-07-11,44.56999969482422,45.4900016784668,44.20000076293945,45.13999938964844,1465600.0
2024-07-12,45.61000061035156,45.83000183105469,44.7599983215332,44.939998626708984,1515600.0
2024-07-15,45.65999984741211,46.630001068115234,44.95000076293945,46.150001525878906,1957800.0
2024-07-16,46.15999984741211,47.119998931884766,45.88999938964844,46.779998779296875,1756500.0
2024-07-17,47.08000183105469,47.91999816894531,46.540000915527344,46.81999969482422,1485000.0
2024-07-18,46.7599983215332,48.4900016784668,46.33000183105469,47.2599983215332,2145300.0
2024-07-19,47.09000015258789,47.349998474121094,46.15999984741211,46.650001525878906,1150200.0
2024-07-22,46.650001525878906,46.939998626708984,45.599998474121094,46.400001525878906,2161500.0
2024-07-23,46.20000076293945,46.20000076293945,44.93000030517578,44.97999954223633,2302500.0
2024-07-24,45.40999984741211,45.81999969482422,44.5,44.5,1841900.0
2024-07-25,44.45000076293945,45.90999984741211,44.04999923706055,45.599998474121094,2129200.0
2024-07-26,46.119998931884766,46.34000015258789,45.290000915527344,45.90999984741211,1869400.0
2024-07-29,46.2400016784668,46.58000183105469,44.61000061035156,45.41999816894531,1597300.0
2024-07-30,45.349998474121094,46.099998474121094,45.0099983215332,45.4900016784668,1482100.0
2024-07-31,46.56999969482422,47.20000076293945,46.16999816894531,46.20000076293945,1690000.0
2024-08-01,46.119998931884766,46.790000915527344,43.400001525878906,44.130001068115234,1591200.0
2024-08-02,42.779998779296875,42.880001068115234,40.349998474121094,40.900001525878906,2567700.0
2024-08-05,39.349998474121094,39.75,38.150001525878906,38.77000045776367,2665400.0
2024-08-06,38.61000061035156,39.560001373291016,38.29999923706055,38.900001525878906,1730400.0
2024-08-07,40.04999923706055,40.47999954223633,38.779998779296875,38.97999954223633,2775300.0
2024-08-08,44.25,44.349998474121094,39.95000076293945,43.2400016784668,5534500.0
2024-08-09,42.599998474121094,43.63999938964844,42.25,43.11000061035156,1979800.0
2024-08-12,43.529998779296875,44.630001068115234,43.45000076293945,44.34000015258789,1584000.0
2024-08-13,44.130001068115234,44.97999954223633,43.72999954223633,44.90999984741211,2098300.0
2024-08-14,45.29999923706055,45.369998931884766,44.61000061035156,44.959999084472656,1525700.0
2024-08-15,45.380001068115234,46.7599983215332,45.11000061035156,46.720001220703125,1693400.0
2024-08-16,46.06999969482422,46.33000183105469,45.22999954223633,45.400001525878906,1327700.0
2024-08-19,45.52000045776367,46.310001373291016,45.209999084472656,45.43000030517578,1573500.0
2024-08-20,45.08000183105469,45.130001068115234,43.810001373291016,44.15999984741211,1297500.0
2024-08-21,44.77000045776367,44.93000030517578,43.91999816894531,44.40999984741211,1234800.0
2024-08-22,44.290000915527344,44.83000183105469,44.08000183105469,44.29999923706055,979100.0
2024-08-23,44.7599983215332,45.959999084472656,44.58000183105469,45.810001373291016,1262700.0
2024-08-26,46.88999938964844,47.689998626708984,46.59000015258789,46.95000076293945,1365000.0
2024-08-27,46.56999969482422,46.68000030517578,45.66999816894531,46.15999984741211,940200.0
2024-08-28,45.650001525878906,46.099998474121094,45.31999969482422,46.06999969482422,921700.0
2024-08-29,46.41999816894531,47.18000030517578,45.68000030517578,46.959999084472656,1179900.0
2024-08-30,46.16999816894531,46.20000076293945,44.869998931884766,45.630001068115234,1477800.0
2024-09-03,45.02000045776367,45.02000045776367,42.869998931884766,42.88999938964844,1567200.0
2024-09-04,43.029998779296875,43.130001068115234,41.72999954223633,41.7599983215332,1917900.0
2024-09-05,42.25,42.27000045776367,41.290000915527344,41.439998626708984,1321900.0
2024-09-06,41.38999938964844,41.720001220703125,39.90999984741211,40.130001068115234,1261000.0
2024-09-09,39.75,40.060001373291016,39.349998474121094,39.560001373291016,1923400.0
2024-09-10,39.52000045776367,39.81999969482422,38.279998779296875,38.86000061035156,1724200.0
2024-09-11,39.11000061035156,39.220001220703125,37.790000915527344,39.08000183105469,1591600.0
2024-09-12,38.93000030517578,39.52000045776367,38.22999954223633,38.779998779296875,1470500.0
2024-09-13,39.439998626708984,39.83000183105469,39.04999923706055,39.15999984741211,1236600.0
2024-09-16,39.61000061035156,40.0,39.02000045776367,39.81999969482422,1194400.0
2024-09-17,39.900001525878906,40.93000030517578,39.849998474121094,40.5,1437600.0
2024-09-18,40.36000061035156,41.709999084472656,40.220001220703125,40.95000076293945,1769300.0
2024-09-19,42.0,42.20000076293945,41.439998626708984,41.4900016784668,1321300.0
2024-09-20,41.09000015258789,42.209999084472656,40.650001525878906,41.529998779296875,8041800.0
2024-09-23,41.40999984741211,42.720001220703125,41.349998474121094,42.099998474121094,2465400.0
2024-09-24,42.88999938964844,43.0,42.22999954223633,42.5,1635400.0
2024-09-25,42.279998779296875,42.36000061035156,40.84000015258789,41.060001373291016,1983900.0
2024-09-26,39.90999984741211,40.15999984741211,37.86000061035156,38.06999969482422,3249300.0
2024-09-27,39.15999984741211,39.900001525878906,38.599998474121094,39.810001373291016,2491000.0
2024-09-30,39.43000030517578,40.540000915527344,39.0099983215332,39.970001220703125,1327800.0
2024-10-01,39.43000030517578,41.349998474121094,39.06999969482422,41.33000183105469,1750100.0
2024-10-02,42.529998779296875,42.66999816894531,41.31999969482422,41.93000030517578,1487200.0
2024-10-03,42.13999938964844,44.18000030517578,41.810001373291016,44.099998474121094,1650900.0
2024-10-04,44.790000915527344,45.79999923706055,44.5,45.08000183105469,1858800.0
2024-10-07,45.2400016784668,46.150001525878906,45.0099983215332,45.83000183105469,1605500.0
2024-10-08,44.849998474121094,44.849998474121094,43.59000015258789,44.15999984741211,1804800.0
2024-10-09,43.540000915527344,44.59000015258789,43.25,44.36000061035156,1077000.0
2024-10-10,44.439998626708984,45.33000183105469,44.130001068115234,44.88999938964844,1458000.0
2024-10-11,44.54999923706055,46.380001068115234,44.54999923706055,45.54999923706055,1540000.0
2024-10-14,44.90999984741211,45.220001220703125,44.290000915527344,44.619998931884766,763100.0
2024-10-15,43.130001068115234,43.36000061035156,42.400001525878906,42.43000030517578,1895000.0
2024-10-16,42.7599983215332,43.25,42.599998474121094,42.689998626708984,2420000.0
2024-10-17,42.779998779296875,43.619998931884766,42.41999816894531,43.52000045776367,1099000.0
2024-10-18,43.45000076293945,43.45000076293945,42.400001525878906,42.849998474121094,1723600.0
2024-10-21,43.439998626708984,43.56999969482422,42.06999969482422,42.13999938964844,1925000.0
2024-10-22,42.75,43.040000915527344,42.189998626708984,42.33000183105469,1146300.0
2024-10-23,42.060001373291016,42.400001525878906,41.380001068115234,41.97999954223633,1061300.0
2024-10-24,42.279998779296875,42.790000915527344,41.88999938964844,42.709999084472656,899600.0
2024-10-25,43.02000045776367,43.540000915527344,42.630001068115234,43.47999954223633,1436300.0
2024-10-28,41.31999969482422,42.13999938964844,41.31999969482422,41.959999084472656,1161000.0
2024-10-29,41.86000061035156,42.349998474121094,41.560001373291016,41.810001373291016,1300500.0
2024-10-30,42.189998626708984,42.83000183105469,41.84000015258789,42.5,1373800.0
2024-10-31,42.77000045776367,43.27000045776367,41.93000030517578,41.970001220703125,1608600.0
2024-11-01,43.38999938964844,43.45000076293945,39.70000076293945,40.279998779296875,3384700.0
2024-11-04,40.70000076293945,41.72999954223633,40.470001220703125,40.939998626708984,1828500.0
2024-11-05,40.900001525878906,41.54999923706055,40.75,41.099998474121094,1675400.0
2024-11-06,42.34000015258789,44.5,42.220001220703125,44.060001373291016,2027000.0
2024-11-07,44.040000915527344,44.369998931884766,43.040000915527344,43.279998779296875,1345700.0
2024-11-08,43.0099983215332,43.380001068115234,42.5099983215332,43.369998931884766,1064500.0
2024-11-11,43.400001525878906,44.06999969482422,42.97999954223633,44.02000045776367,902100.0
2024-11-12,44.20000076293945,44.849998474121094,43.29999923706055,43.40999984741211,891600.0
2024-11-13,43.63999938964844,44.15999984741211,42.63999938964844,43.720001220703125,741700.0
2024-11-14,44.38999938964844,44.83000183105469,43.68000030517578,44.27000045776367,1153900.0
2024-11-15,44.459999084472656,44.939998626708984,43.13999938964844,43.33000183105469,842200.0
2024-11-18,43.88999938964844,45.040000915527344,43.88999938964844,44.599998474121094,893000.0
2024-11-19,44.25,44.43000030517578,43.43000030517578,43.88999938964844,635200.0
2024-11-20,44.029998779296875,44.90999984741211,44.0,44.7599983215332,1370600.0
2024-11-21,45.470001220703125,46.09000015258789,45.20000076293945,45.459999084472656,1060400.0
2024-11-22,45.189998626708984,46.41999816894531,45.0099983215332,46.029998779296875,1014700.0
2024-11-25,46.15999984741211,46.40999984741211,45.0,45.13999938964844,1220800.0
2024-11-26,44.97999954223633,45.470001220703125,44.43000030517578,44.630001068115234,1011900.0
2024-11-27,44.65999984741211,45.7599983215332,44.65999984741211,44.83000183105469,703800.0
2024-11-29,45.27000045776367,45.470001220703125,44.72999954223633,45.189998626708984,646000.0
2024-12-02,45.16999816894531,45.41999816894531,43.33000183105469,44.2400016784668,1334000.0
2024-12-03,44.86000061035156,45.04999923706055,43.90999984741211,44.5099983215332,1029800.0
2024-12-04,44.599998474121094,44.599998474121094,41.66999816894531,41.93000030517578,1246200.0
2024-12-05,41.7599983215332,42.619998931884766,41.7400016784668,41.810001373291016,1831800.0
2024-12-06,41.63999938964844,41.63999938964844,39.369998931884766,40.18000030517578,1543900.0
2024-12-09,41.09000015258789,41.59000015258789,40.59000015258789,40.689998626708984,1431800.0
2024-12-10,41.15999984741211,41.25,40.18000030517578,40.38999938964844,1494700.0
2024-12-11,40.7599983215332,41.369998931884766,40.22999954223633,41.209999084472656,1043500.0
2024-12-12,41.15999984741211,41.209999084472656,40.18000030517578,40.59000015258789,791700.0
2024-12-13,40.619998931884766,40.619998931884766,39.7599983215332,40.43000030517578,857000.0
2024-12-16,40.29999923706055,40.29999923706055,39.2400016784668,39.38999938964844,1086900.0
2024-12-17,38.84000015258789,39.060001373291016,37.900001525878906,38.869998931884766,1382900.0
2024-12-18,39.369998931884766,39.59000015258789,37.08000183105469,37.150001525878906,1305200.0
2024-12-19,38.18000030517578,38.25,36.70000076293945,36.77000045776367,1466200.0
2024-12-20,36.38999938964844,37.47999954223633,36.130001068115234,36.59000015258789,4155600.0
2024-12-23,36.650001525878906,37.2599983215332,36.279998779296875,37.150001525878906,1275100.0
2024-12-24,37.20000076293945,37.689998626708984,36.63999938964844,37.540000915527344,438300.0
2024-12-26,37.400001525878906,37.84000015258789,36.9900016784668,37.68000030517578,992800.0
2024-12-27,37.70000076293945,38.18000030517578,37.459999084472656,37.81999969482422,1068500.0
2024-12-30,38.099998474121094,38.93000030517578,37.709999084472656,38.470001220703125,1053900.0
2024-12-31,38.68000030517578,39.13999938964844,38.40999984741211,38.7599983215332,1290500.0
2025-01-02,39.560001373291016,40.34000015258789,39.400001525878906,40.15999984741211,789700.0
2025-01-03,40.41999816894531,40.86000061035156,40.16999816894531,40.58000183105469,883200.0
2025-01-06,41.15999984741211,41.90999984741211,40.58000183105469,40.86000061035156,1319000.0
2025-01-07,40.95000076293945,42.689998626708984,40.91999816894531,42.68000030517578,2089400.0
2025-01-08,42.13999938964844,42.810001373291016,41.939998626708984,42.650001525878906,1740100.0
2025-01-10,44.02000045776367,44.5,43.279998779296875,43.349998474121094,1984600.0
2025-01-13,43.63999938964844,44.7400016784668,43.290000915527344,43.720001220703125,1371300.0
2025-01-14,43.5,44.2400016784668,43.209999084472656,43.91999816894531,1893100.0
2025-01-15,44.38999938964844,44.95000076293945,44.060001373291016,44.689998626708984,1472500.0
2025-01-16,44.29999923706055,44.779998779296875,44.02000045776367,44.119998931884766,1182600.0
2025-01-17,44.02000045776367,44.34000015258789,42.7400016784668,43.209999084472656,2351400.0
2025-01-21,42.91999816894531,43.060001373291016,41.83000183105469,41.880001068115234,1410700.0
2025-01-22,41.650001525878906,42.29999923706055,41.380001068115234,41.779998779296875,1551800.0
2025-01-23,42.43000030517578,42.540000915527344,40.689998626708984,41.220001220703125,1700200.0
2025-01-24,41.0,41.2599983215332,39.9900016784668,40.09000015258789,1308700.0
2025-01-27,40.040000915527344,40.88999938964844,39.36000061035156,39.689998626708984,1464200.0
2025-01-28,39.849998474121094,40.5,39.09000015258789,39.68000030517578,1210200.0
2025-01-29,39.349998474121094,40.209999084472656,39.25,40.04999923706055,1259000.0
2025-01-30,40.310001373291016,40.45000076293945,39.310001373291016,39.61000061035156,1172300.0
2025-01-31,39.380001068115234,39.56999969482422,37.84000015258789,37.959999084472656,1283400.0
2025-02-03,37.779998779296875,38.04999923706055,36.58000183105469,37.380001068115234,1526600.0
2025-02-04,36.75,38.38999938964844,36.65999984741211,38.27000045776367,1060200.0
2025-02-05,38.099998474121094,38.2599983215332,37.439998626708984,37.849998474121094,1040900.0
2025-02-06,38.06999969482422,38.29999923706055,36.91999816894531,37.2400016784668,1309300.0
2025-02-07,37.4900016784668,37.88999938964844,37.150001525878906,37.380001068115234,1228300.0
2025-02-10,37.900001525878906,39.560001373291016,37.88999938964844,39.40999984741211,1676000.0
2025-02-11,39.63999938964844,41.290000915527344,39.63999938964844,40.61000061035156,1634800.0
2025-02-12,40.11000061035156,40.88999938964844,38.869998931884766,38.90999984741211,1869700.0
2025-02-13,38.869998931884766,39.41999816894531,38.41999816894531,38.970001220703125,1373600.0
2025-02-14,39.2400016784668,39.9900016784668,38.130001068115234,38.52000045776367,1693600.0
2025-02-18,38.849998474121094,39.2400016784668,38.20000076293945,38.619998931884766,1688000.0
2025-02-19,38.56999969482422,39.400001525878906,37.939998626708984,38.83000183105469,2504500.0
2025-02-20,37.869998931884766,39.400001525878906,36.560001373291016,37.11000061035156,4571100.0
2025-02-21,37.11000061035156,37.11000061035156,34.060001373291016,34.349998474121094,4712200.0
2025-02-24,34.45000076293945,34.619998931884766,33.709999084472656,33.81999969482422,2606500.0
2025-02-25,33.79999923706055,34.72999954223633,32.959999084472656,33.08000183105469,3371200.0
2025-02-26,33.189998626708984,33.459999084472656,32.189998626708984,32.369998931884766,2959700.0
2025-02-27,32.70000076293945,33.22999954223633,32.16999816894531,32.52000045776367,2303100.0
2025-02-28,32.400001525878906,32.84000015258789,31.799999237060547,32.709999084472656,1724600.0
2025-03-03,32.869998931884766,33.13999938964844,29.43000030517578,30.010000228881836,2525800.0
2025-03-04,29.389999389648438,29.68000030517578,28.34000015258789,28.850000381469727,3076800.0
2025-03-05,28.190000534057617,28.399999618530273,26.65999984741211,27.520000457763672,2993700.0
2025-03-06,27.290000915527344,27.6200008392334,26.690000534057617,27.149999618530273,2130200.0
2025-03-07,27.540000915527344,28.459999084472656,27.360000610351562,27.59000015258789,2560400.0
2025-03-10,27.450000762939453,28.1299991607666,26.950000762939453,27.3700008392334,2751600.0
2025-03-11,27.540000915527344,29.25,27.540000915527344,29.06999969482422,3250400.0
2025-03-12,29.209999084472656,30.309999465942383,28.899999618530273,29.780000686645508,2867600.0
2025-03-13,29.440000534057617,29.8799991607666,28.270000457763672,28.770000457763672,2128700.0
2025-03-14,29.110000610351562,29.989999771118164,28.8799991607666,29.989999771118164,2213600.0
2025-03-17,29.959999084472656,30.729999542236328,29.780000686645508,30.260000228881836,2334200.0
2025-03-18,30.719999313354492,30.719999313354492,29.450000762939453,30.299999237060547,2465600.0
2025-03-19,30.3799991607666,31.350000381469727,30.190000534057617,31.200000762939453,2665500.0
2025-03-20,30.829999923706055,31.09000015258789,30.559999465942383,30.93000030517578,2540500.0
2025-03-21,30.65999984741211,31.15999984741211,30.450000762939453,30.670000076293945,10003100.0
2025-03-24,30.989999771118164,31.969999313354492,30.959999084472656,31.809999465942383,1753400.0
2025-03-25,31.920000076293945,32.2599983215332,30.520000457763672,30.530000686645508,2272300.0
2025-03-26,30.989999771118164,31.389999389648438,30.3799991607666,30.790000915527344,2105600.0
2025-03-27,30.450000762939453,30.739999771118164,30.110000610351562,30.25,1469400.0
2025-03-28,29.979999542236328,30.190000534057617,28.8799991607666,29.399999618530273,1378600.0
2025-03-31,29.139999389648438,30.280000686645508,28.81999969482422,29.950000762939453,2723100.0
2025-04-01,29.780000686645508,29.93000030517578,28.979999542236328,29.770000457763672,2163500.0
2025-04-02,29.040000915527344,30.719999313354492,29.040000915527344,30.520000457763672,1867500.0
2025-04-03,28.299999237060547,28.299999237060547,25.31999969482422,25.329999923706055,4467700.0
2025-04-04,23.899999618530273,24.030000686645508,21.1299991607666,22.260000228881836,4580800.0
2025-04-07,21.06999969482422,23.469999313354492,20.270000457763672,21.809999465942383,4872800.0
2025-04-08,22.790000915527344,23.0,19.969999313354492,20.389999389648438,3625900.0
2025-04-09,19.8700008392334,25.049999237060547,19.670000076293945,24.6200008392334,4628600.0
2025-04-10,23.530000686645508,23.530000686645508,20.719999313354492,21.239999771118164,2926100.0
2025-04-11,21.479999542236328,21.93000030517578,20.510000228881836,21.670000076293945,2529600.0
2025-04-14,22.540000915527344,22.65999984741211,21.209999084472656,21.959999084472656,2707500.0
2025-04-15,21.610000610351562,22.25,21.549999237060547,21.719999313354492,1682900.0
2025-04-16,21.84000015258789,22.700000762939453,21.829999923706055,22.31999969482422,2006700.0
2025-04-17,22.549999237060547,23.510000228881836,22.520000457763672,23.030000686645508,2060800.0
2025-04-21,22.360000610351562,22.530000686645508,21.799999237060547,22.020000457763672,2478500.0
2025-04-22,22.56999969482422,23.3700008392334,22.299999237060547,22.8799991607666,1653800.0
2025-04-23,23.520000457763672,23.84000015258789,22.309999465942383,22.989999771118164,2589000.0
2025-04-24,23.559999465942383,23.579999923706055,22.799999237060547,23.170000076293945,2461700.0
2025-04-25,22.68000030517578,23.700000762939453,22.6299991607666,23.479999542236328,1369000.0
2025-04-28,23.520000457763672,24.06999969482422,23.389999389648438,23.600000381469727,1560500.0
2025-04-29,23.100000381469727,23.420000076293945,22.729999542236328,23.260000228881836,1961100.0
2025-04-30,22.670000076293945,23.3700008392334,22.40999984741211,22.790000915527344,3106200.0
2025-05-01,22.780000686645508,24.049999237060547,22.729999542236328,23.670000076293945,3543000.0
2025-05-02,23.899999618530273,24.18000030517578,22.15999984741211,22.81999969482422,4659000.0
2025-05-05,22.100000381469727,22.389999389648438,20.889999389648438,21.0,4112400.0
2025-05-06,21.450000762939453,21.899999618530273,21.06999969482422,21.520000457763672,4839600.0
2025-05-07,21.790000915527344,21.790000915527344,20.809999465942383,21.200000762939453,2184700.0
2025-05-08,21.75,23.079999923706055,21.68000030517578,22.829999923706055,3465300.0
2025-05-09,23.280000686645508,23.770000457763672,22.770000457763672,23.15999984741211,1756300.0
2025-05-12,25.0,26.049999237060547,24.520000457763672,24.790000915527344,3237500.0
2025-05-13,25.149999618530273,26.059999465942383,24.770000457763672,25.6299991607666,3470000.0
2025-05-14,25.270000457763672,25.75,25.1200008392334,25.459999084472656,2247500.0
2025-05-15,24.84000015258789,24.84000015258789,24.1200008392334,24.559999465942383,2419900.0
2025-05-16,24.56999969482422,24.65999984741211,24.100000381469727,24.450000762939453,1552500.0
2025-05-19,24.0,24.100000381469727,23.65999984741211,23.920000076293945,1563200.0
2025-05-20,23.899999618530273,24.219999313354492,23.690000534057617,23.729999542236328,1456100.0
2025-05-21,23.459999084472656,23.59000015258789,23.079999923706055,23.100000381469727,1537600.0
2025-05-22,22.799999237060547,23.309999465942383,22.329999923706055,23.18000030517578,1507000.0
2025-05-23,22.530000686645508,23.219999313354492,22.510000228881836,23.170000076293945,1602100.0
2025-05-27,23.5,23.8700008392334,22.950000762939453,23.829999923706055,1724700.0
2025-05-28,24.25,24.34000015258789,23.56999969482422,23.65999984741211,1542200.0
2025-05-29,23.8799991607666,23.989999771118164,23.25,23.799999237060547,1693000.0
2025-05-30,23.479999542236328,23.81999969482422,23.010000228881836,23.420000076293945,2467000.0
2025-06-02,24.489999771118164,24.760000228881836,23.56999969482422,23.920000076293945,2372200.0
2025-06-03,23.979999542236328,25.59000015258789,23.559999465942383,25.239999771118164,1598700.0
2025-06-04,25.229999542236328,25.639999389648438,24.09000015258789,24.15999984741211,1901900.0
2025-06-05,24.34000015258789,24.420000076293945,23.790000915527344,24.010000228881836,1487700.0
2025-06-06,24.5,25.110000610351562,24.420000076293945,24.920000076293945,1201500.0
2025-06-09,25.209999084472656,25.850000381469727,24.809999465942383,25.59000015258789,1942000.0
2025-06-10,26.030000686645508,27.0,25.729999542236328,25.989999771118164,2509200.0
2025-06-11,26.40999984741211,27.420000076293945,26.010000228881836,26.799999237060547,2928200.0
2025-06-12,26.34000015258789,27.149999618530273,25.920000076293945,27.1299991607666,2125000.0
2025-06-13,28.549999237060547,28.690000534057617,27.209999084472656,28.260000228881836,2707800.0
2025-06-16,27.559999465942383,28.15999984741211,26.850000381469727,27.760000228881836,3123300.0
2025-06-17,28.010000228881836,28.700000762939453,27.520000457763672,27.93000030517578,2360300.0
2025-06-18,28.010000228881836,28.6200008392334,27.530000686645508,27.549999237060547,2408300.0
2025-06-20,27.59000015258789,27.709999084472656,27.18000030517578,27.559999465942383,3717500.0
2025-06-23,27.950000762939453,28.1299991607666,25.479999542236328,25.6200008392334,2954200.0
2025-06-24,24.809999465942383,25.399999618530273,24.389999389648438,25.040000915527344,3571100.0
2025-06-25,25.059999465942383,25.079999923706055,24.56999969482422,24.68000030517578,2482100.0
2025-06-26,24.950000762939453,25.670000076293945,24.760000228881836,25.440000534057617,2004900.0
2025-06-27,25.510000228881836,25.6299991607666,24.709999084472656,25.100000381469727,2963600.0
2025-06-30,25.190000534057617,25.200000762939453,24.6299991607666,24.709999084472656,2083200.0
2025-07-01,24.709999084472656,26.530000686645508,24.450000762939453,26.040000915527344,2256400.0
2025-07-02,26.59000015258789,26.729999542236328,25.610000610351562,26.18000030517578,1740800.0
2025-07-03,26.350000381469727,26.479999542236328,25.920000076293945,25.93000030517578,643700.0
2025-07-07,25.56999969482422,25.920000076293945,24.93000030517578,25.34000015258789,2141200.0
2025-07-08,25.600000381469727,28.1200008392334,25.399999618530273,27.829999923706055,2784100.0
2025-07-09,27.729999542236328,28.0,27.200000762939453,27.719999313354492,2668600.0
2025-07-10,27.239999771118164,28.6200008392334,27.0,28.3799991607666,3248400.0
2025-07-11,28.200000762939453,29.06999969482422,28.18000030517578,28.520000457763672,1877800.0
2025-07-14,28.5,28.6200008392334,27.389999389648438,27.559999465942383,1831100.0
2025-07-15,27.600000381469727,27.850000381469727,26.079999923706055,26.170000076293945,1609900.0
2025-07-16,26.059999465942383,26.520000457763672,25.18000030517578,25.709999084472656,2196200.0
2025-07-17,25.579999923706055,26.770000457763672,25.579999923706055,26.649999618530273,2019500.0
2025-07-18,26.920000076293945,27.09000015258789,25.8700008392334,25.889999389648438,1859500.0
2025-07-21,26.010000228881836,26.239999771118164,25.709999084472656,25.719999313354492,1780400.0
2025-07-22,25.860000610351562,26.809999465942383,25.860000610351562,26.639999389648438,1661000.0
2025-07-23,26.760000228881836,27.639999389648438,26.3700008392334,27.40999984741211,1782600.0
2025-07-24,27.309999465942383,27.860000610351562,26.950000762939453,27.780000686645508,1518300.0
2025-07-25,27.84000015258789,28.049999237060547,27.299999237060547,27.56999969482422,1480200.0
2025-07-28,28.049999237060547,29.100000381469727,27.899999618530273,28.760000228881836,2141400.0
2025-07-29,28.81999969482422,29.209999084472656,27.84000015258789,28.860000610351562,1946300.0
2025-07-30,28.8700008392334,28.8700008392334,27.260000228881836,27.709999084472656,1770300.0
2025-07-31,27.270000457763672,27.90999984741211,27.09000015258789,27.59000015258789,2615200.0
2025-08-01,28.989999771118164,28.989999771118164,26.549999237060547,26.65999984741211,3409100.0
2025-08-04,26.450000762939453,27.040000915527344,26.110000610351562,27.030000686645508,2592400.0
2025-08-05,27.270000457763672,27.899999618530273,26.68000030517578,27.40999984741211,2362400.0
2025-08-06,27.6200008392334,28.15999984741211,26.549999237060547,26.809999465942383,2184400.0
2025-08-07,27.389999389648438,27.8799991607666,26.030000686645508,26.170000076293945,2241000.0
2025-08-08,26.25,26.81999969482422,25.790000915527344,26.239999771118164,1460000.0
2025-08-11,26.5,26.719999313354492,25.3799991607666,25.670000076293945,2454100.0
2025-08-12,25.989999771118164,27.079999923706055,25.739999771118164,26.950000762939453,2259400.0
2025-08-13,26.75,27.290000915527344,26.530000686645508,27.040000915527344,1737300.0
2025-08-14,26.739999771118164,26.84000015258789,26.139999389648438,26.729999542236328,1367200.0
2025-08-15,26.719999313354492,26.780000686645508,26.09000015258789,26.190000534057617,2298100.0
2025-08-18,25.959999084472656,26.350000381469727,25.540000915527344,25.959999084472656,1422200.0
2025-08-19,25.899999618530273,26.149999618530273,25.440000534057617,25.59000015258789,1747700.0
2025-08-20,25.719999313354492,25.959999084472656,25.040000915527344,25.510000228881836,1419200.0
2025-08-21,25.360000610351562,25.940000534057617,25.09000015258789,25.920000076293945,2024300.0
2025-08-22,25.979999542236328,27.90999984741211,25.959999084472656,27.780000686645508,2246600.0
2025-08-25,27.799999237060547,28.760000228881836,27.450000762939453,28.3700008392334,2085600.0
2025-08-26,27.780000686645508,28.09000015258789,27.440000534057617,27.5,1619400.0
2025-08-27,27.299999237060547,28.389999389648438,27.299999237060547,28.020000457763672,1372700.0
2025-08-28,28.170000076293945,28.809999465942383,27.81999969482422,28.739999771118164,1417300.0
2025-08-29,28.690000534057617,29.100000381469727,28.479999542236328,28.549999237060547,1024200.0
2025-09-02,28.450000762939453,29.229999542236328,28.260000228881836,28.979999542236328,1637700.0
2025-09-03,28.649999618530273,28.90999984741211,27.780000686645508,27.799999237060547,1604200.0
2025-09-04,27.600000381469727,28.59000015258789,27.510000228881836,28.209999084472656,1614300.0
2025-09-05,27.600000381469727,28.100000381469727,26.25,26.920000076293945,1801700.0
2025-09-08,26.809999465942383,26.8799991607666,26.1299991607666,26.709999084472656,1748700.0
2025-09-09,27.100000381469727,27.389999389648438,26.030000686645508,26.079999923706055,1513100.0
2025-09-10,26.260000228881836,27.540000915527344,26.200000762939453,27.309999465942383,2226000.0
2025-09-11,26.729999542236328,27.350000381469727,26.649999618530273,27.190000534057617,1425000.0
2025-09-12,27.34000015258789,27.579999923706055,26.719999313354492,26.739999771118164,1295300.0
2025-09-15,26.799999237060547,26.799999237060547,26.030000686645508,26.06999969482422,1546900.0
2025-09-16,26.59000015258789,27.459999084472656,26.299999237060547,27.40999984741211,2348300.0
2025-09-17,27.149999618530273,28.649999618530273,27.049999237060547,27.43000030517578,2201200.0
2025-09-18,27.700000762939453,27.81999969482422,27.0,27.360000610351562,1191700.0
2025-09-19,27.270000457763672,27.34000015258789,25.6299991607666,25.65999984741211,5353500.0
2025-09-22,25.690000534057617,25.850000381469727,25.1200008392334,25.850000381469727,2309700.0
2025-09-23,26.18000030517578,27.75,25.950000762939453,26.5,2446400.0
2025-09-24,26.899999618530273,28.049999237060547,26.899999618530273,27.329999923706055,1707600.0
2025-09-25,27.0,27.5,26.799999237060547,27.309999465942383,1154400.0
2025-09-26,27.25,28.520000457763672,27.1299991607666,27.579999923706055,2197400.0
2025-09-29,27.100000381469727,27.18000030517578,25.809999465942383,25.8799991607666,2444400.0
2025-09-30,25.43000030517578,25.600000381469727,24.600000381469727,24.969999313354492,3384700.0
2025-10-01,24.950000762939453,25.81999969482422,24.75,25.440000534057617,2068000.0
2025-10-02,25.25,25.690000534057617,24.610000610351562,24.760000228881836,2374200.0
2025-10-03,25.15999984741211,26.1299991607666,24.920000076293945,25.850000381469727,2820000.0
2025-10-06,26.200000762939453,26.40999984741211,25.329999923706055,25.3799991607666,2280400.0
2025-10-07,25.290000915527344,25.440000534057617,24.639999389648438,25.280000686645508,3076100.0
2025-10-08,25.299999237060547,25.299999237060547,24.729999542236328,25.239999771118164,1905400.0
2025-10-09,25.270000457763672,25.670000076293945,24.31999969482422,24.329999923706055,3561900.0
2025-10-10,23.90999984741211,24.059999465942383,22.3799991607666,22.600000381469727,4120200.0
2025-10-13,23.040000915527344,23.18000030517578,22.520000457763672,23.110000610351562,2863400.0
2025-10-14,22.34000015258789,22.969999313354492,22.149999618530273,22.579999923706055,2477900.0
2025-10-15,22.860000610351562,22.93000030517578,22.110000610351562,22.110000610351562,2493500.0
2025-10-16,22.200000762939453,22.440000534057617,21.25,21.790000915527344,3168100.0
2025-10-17,21.5,21.8700008392334,20.920000076293945,21.260000228881836,2568300.0
2025-10-20,21.219999313354492,21.829999923706055,21.190000534057617,21.260000228881836,1577400.0
2025-10-21,21.299999237060547,21.3799991607666,20.579999923706055,20.579999923706055,2691300.0
2025-10-22,20.860000610351562,21.0,20.200000762939453,20.530000686645508,3647500.0
2025-10-23,21.81999969482422,22.299999237060547,21.3799991607666,21.520000457763672,3824800.0
2025-10-24,21.639999389648438,21.670000076293945,20.790000915527344,20.790000915527344,2033400.0
2025-10-27,21.1200008392334,21.389999389648438,20.850000381469727,21.09000015258789,2187800.0
2025-10-28,20.8700008392334,20.969999313354492,20.489999771118164,20.610000610351562,1933800.0
2025-10-29,20.549999237060547,21.299999237060547,20.549999237060547,20.6200008392334,3052200.0
2025-10-30,20.350000381469727,20.950000762939453,20.299999237060547,20.540000915527344,1669400.0
2025-10-31,20.649999618530273,20.959999084472656,20.440000534057617,20.889999389648438,1691500.0
2025-11-03,20.40999984741211,20.530000686645508,18.780000686645508,19.350000381469727,8215700.0
2025-11-04,18.81999969482422,19.09000015258789,18.25,18.690000534057617,6129300.0
2025-11-05,18.579999923706055,19.1200008392334,17.829999923706055,17.850000381469727,5315900.0
2025-11-06,17.950000762939453,18.43000030517578,17.579999923706055,17.90999984741211,3284000.0
2025-11-07,17.989999771118164,18.84000015258789,17.90999984741211,18.280000686645508,3827100.0
2025-11-10,18.5,18.75,18.059999465942383,18.43000030517578,2996300.0
2025-11-11,18.600000381469727,19.479999542236328,18.600000381469727,19.31999969482422,3199100.0
2025-11-12,19.010000228881836,19.549999237060547,18.31999969482422,18.31999969482422,2810000.0
2025-11-13,18.34000015258789,19.1200008392334,18.25,18.450000762939453,4472600.0
2025-11-14,18.350000381469727,18.8799991607666,18.149999618530273,18.8700008392334,2382900.0
2025-11-17,18.729999542236328,18.959999084472656,18.260000228881836,18.389999389648438,2330100.0
2025-11-18,18.09000015258789,19.399999618530273,18.0,19.100000381469727,3241200.0
2025-11-19,18.530000686645508,19.190000534057617,18.239999771118164,19.040000915527344,4235000.0
2025-11-20,19.209999084472656,19.719999313354492,18.420000076293945,18.43000030517578,4064200.0
2025-11-21,18.280000686645508,18.43000030517578,17.809999465942383,18.309999465942383,3707800.0
2025-11-24,18.040000915527344,18.549999237060547,17.709999084472656,18.43000030517578,3622900.0
2025-11-25,18.18000030517578,18.540000915527344,17.940000534057617,18.5,3015200.0
2025-11-26,18.420000076293945,19.170000076293945,18.399999618530273,18.729999542236328,2726400.0
2025-11-28,18.65999984741211,19.200000762939453,18.600000381469727,19.049999237060547,905100.0
2025-12-01,19.200000762939453,19.739999771118164,19.059999465942383,19.700000762939453,2364100.0
2025-12-02,19.40999984741211,19.610000610351562,19.270000457763672,19.530000686645508,1842500.0
2025-12-03,19.600000381469727,20.31999969482422,19.549999237060547,20.209999084472656,2109400.0
2025-12-04,20.299999237060547,20.600000381469727,20.010000228881836,20.239999771118164,2202500.0
2025-12-05,20.06999969482422,20.81999969482422,20.020000457763672,20.1200008392334,3363500.0
2025-12-08,19.979999542236328,20.360000610351562,19.59000015258789,19.670000076293945,2542500.0
2025-12-09,19.559999465942383,20.059999465942383,19.520000457763672,19.889999389648438,1798700.0
2025-12-10,19.940000534057617,20.639999389648438,19.3700008392334,20.43000030517578,3186900.0
2025-12-11,20.139999389648438,20.43000030517578,19.809999465942383,19.829999923706055,3024500.0
2025-12-12,19.979999542236328,20.239999771118164,19.530000686645508,19.549999237060547,2237000.0
2025-12-15,19.65999984741211,19.739999771118164,18.84000015258789,19.1299991607666,2841700.0
2025-12-16,18.8799991607666,18.8799991607666,17.989999771118164,18.270000457763672,3577500.0
2025-12-17,18.559999465942383,19.469999313354492,18.559999465942383,19.40999984741211,3082200.0
2025-12-18,19.209999084472656,19.350000381469727,18.6299991607666,18.709999084472656,3640800.0
2025-12-19,18.75,19.059999465942383,18.59000015258789,18.68000030517578,5896400.0
2025-12-22,19.15999984741211,19.670000076293945,18.850000381469727,18.989999771118164,3040500.0
2025-12-23,18.979999542236328,19.149999618530273,18.5,18.8799991607666,2411900.0
2025-12-24,18.809999465942383,18.969999313354492,18.68000030517578,18.920000076293945,1337100.0
2025-12-26,18.649999618530273,18.780000686645508,18.270000457763672,18.510000228881836,2136400.0
2025-12-29,18.670000076293945,18.899999618530273,18.610000610351562,18.739999771118164,1948500.0
2025-12-30,18.969999313354492,19.15999984741211,18.780000686645508,18.780000686645508,1776200.0
2025-12-31,18.790000915527344,18.81999969482422,18.540000915527344,18.700000762939453,1919300.0
2026-01-02,18.6299991607666,19.219999313354492,18.43000030517578,19.1299991607666,2120600.0
2026-01-05,19.5,19.610000610351562,18.030000686645508,18.59000015258789,3840600.0
2026-01-06,18.549999237060547,18.989999771118164,18.190000534057617,18.299999237060547,3441900.0
2026-01-07,18.309999465942383,18.399999618530273,17.450000762939453,17.56999969482422,3104900.0
2026-01-08,17.739999771118164,18.489999771118164,17.479999542236328,18.200000762939453,4301900.0
2026-01-09,18.200000762939453,18.3700008392334,17.549999237060547,17.780000686645508,4987100.0
2026-01-12,17.940000534057617,18.190000534057617,17.6299991607666,17.8700008392334,2660100.0
2026-01-13,18.15999984741211,18.68000030517578,18.040000915527344,18.170000076293945,3266800.0
2026-01-14,18.25,19.299999237060547,18.209999084472656,18.56999969482422,4949000.0
2026-01-15,18.139999389648438,18.530000686645508,17.799999237060547,18.34000015258789,3138400.0
2026-01-16,18.40999984741211,18.420000076293945,17.989999771118164,18.209999084472656,2804900.0
2026-01-20,18.270000457763672,18.6299991607666,18.139999389648438,18.229999542236328,3764800.0
2026-01-21,18.700000762939453,19.34000015258789,18.3700008392334,18.799999237060547,3839400.0
2026-01-22,18.68000030517578,18.8799991607666,18.40999984741211,18.75,2493500.0
2026-01-23,19.190000534057617,19.6299991607666,18.40999984741211,18.68000030517578,4247000.0
2026-01-26,18.8700008392334,19.5,18.3700008392334,19.18000030517578,5193600.0
2026-01-27,19.020000457763672,19.559999465942383,18.8799991607666,19.280000686645508,3671800.0
2026-01-28,19.579999923706055,19.719999313354492,18.799999237060547,19.18000030517578,5810000.0
2026-01-29,19.790000915527344,20.15999984741211,18.75,18.8700008392334,33029900.0
2026-01-30,18.809999465942383,19.6200008392334,18.530000686645508,19.469999313354492,10689300.0
2026-02-02,18.829999923706055,19.34000015258789,18.600000381469727,18.93000030517578,10315000.0
2026-02-03,18.940000534057617,19.239999771118164,18.709999084472656,19.030000686645508,13162100.0
2026-02-04,19.1299991607666,20.6200008392334,19.1299991607666,20.040000915527344,10441000.0
2026-02-05,19.600000381469727,20.139999389648438,19.34000015258789,19.540000915527344,9169800.0
2026-02-06,19.690000534057617,21.139999389648438,19.559999465942383,21.079999923706055,7997100.0
2026-02-09,20.899999618530273,21.6200008392334,20.760000228881836,21.239999771118164,6947200.0
2026-02-10,21.1299991607666,21.290000915527344,20.84000015258789,21.1299991607666,4463100.0
2026-02-11,21.549999237060547,21.950000762939453,21.239999771118164,21.899999618530273,5577500.0
2026-02-12,21.610000610351562,21.8799991607666,20.440000534057617,21.010000228881836,7189900.0
2026-02-13,20.799999237060547,21.700000762939453,20.770000457763672,21.459999084472656,6430400.0
2026-02-17,21.5,21.809999465942383,20.549999237060547,21.68000030517578,7077300.0
2026-02-18,22.25,23.610000610351562,22.100000381469727,23.399999618530273,10380600.0
2026-02-19,23.6299991607666,24.270000457763672,23.350000381469727,23.479999542236328,12714400.0
2026-02-20,23.40999984741211,23.829999923706055,23.049999237060547,23.65999984741211,7612000.0
2026-02-23,23.690000534057617,23.84000015258789,22.709999084472656,22.75,5610100.0
2026-02-24,22.75,22.93000030517578,21.940000534057617,22.459999084472656,6357300.0
2026-02-25,22.40999984741211,22.459999084472656,21.469999313354492,22.049999237060547,6564300.0
2026-02-26,20.670000076293945,21.770000457763672,19.25,21.1299991607666,18288900.0
2026-02-27,21.739999771118164,23.239999771118164,21.56999969482422,23.1299991607666,10736800.0
2026-03-02,24.600000381469727,24.68000030517578,23.469999313354492,24.190000534057617,10107300.0
2026-03-03,24.389999389648438,24.899999618530273,23.649999618530273,24.09000015258789,7727800.0
2026-03-04,23.540000915527344,24.729999542236328,23.329999923706055,24.540000915527344,5567100.0
2026-03-05,24.850000381469727,25.690000534057617,24.709999084472656,25.579999923706055,7188300.0
2026-03-06,26.059999465942383,26.559999465942383,25.68000030517578,25.969999313354492,7468000.0
2026-03-09,26.260000228881836,26.860000610351562,25.690000534057617,26.020000457763672,10535500.0
2026-03-10,25.309999465942383,25.780000686645508,24.459999084472656,24.8799991607666,8429300.0
2026-03-11,24.8799991607666,25.719999313354492,24.8799991607666,25.6299991607666,5093400.0
2026-03-12,25.969999313354492,26.5,25.479999542236328,25.479999542236328,6700500.0
2026-03-13,25.059999465942383,26.81999969482422,24.90999984741211,26.790000915527344,5933200.0
2026-03-16,26.0,26.93000030517578,25.889999389648438,26.760000228881836,5540100.0
2026-03-17,26.809999465942383,27.440000534057617,26.739999771118164,26.809999465942383,4590600.0
2026-03-18,27.040000915527344,27.469999313354492,26.75,27.270000457763672,4316100.0
2026-03-19,27.600000381469727,28.239999771118164,27.559999465942383,27.75,6118200.0
2026-03-20,28.399999618530273,30.309999465942383,28.299999237060547,30.040000915527344,13653800.0
2026-03-23,28.799999237060547,29.780000686645508,28.40999984741211,29.049999237060547,8221300.0
2026-03-24,30.100000381469727,31.299999237060547,29.8799991607666,30.350000381469727,6897700.0
2026-03-25,29.899999618530273,31.670000076293945,29.829999923706055,31.5,5705100.0
2026-03-26,32.0,33.16999816894531,31.719999313354492,32.68000030517578,5000000.0
2026-03-27,33.0,33.16999816894531,32.45000076293945,32.720001220703125,5256500.0
2026-03-30,32.599998474121094,33.25,31.969999313354492,32.130001068115234,5183200.0
2026-03-31,31.700000762939453,32.5,30.299999237060547,31.18000030517578,6461700.0
2026-04-01,30.18000030517578,30.799999237060547,28.809999465942383,29.5,8627100.0
2026-04-02,31.040000915527344,31.920000076293945,30.209999084472656,30.6200008392334,6401000.0
2026-04-06,30.729999542236328,30.969999313354492,30.25,30.459999084472656,3733400.0
2026-04-07,30.899999618530273,31.5,30.610000610351562,31.350000381469727,5109700.0
2026-04-08,27.729999542236328,28.850000381469727,27.149999618530273,28.809999465942383,8868300.0
2026-04-09,29.059999465942383,29.6200008392334,27.969999313354492,28.329999923706055,5588900.0
2026-04-10,28.170000076293945,28.770000457763672,27.610000610351562,28.3799991607666,5003100.0
2026-04-13,29.1200008392334,29.540000915527344,28.540000915527344,28.850000381469727,4672100.0
2026-04-14,28.5,28.5,27.3799991607666,27.649999618530273,4552900.0
2026-04-15,27.399999618530273,28.030000686645508,27.280000686645508,27.329999923706055,4342400.0
2026-04-16,27.31999969482422,28.110000610351562,27.309999465942383,28.079999923706055,3564100.0
2026-04-17,26.440000534057617,26.540000915527344,24.90999984741211,25.969999313354492,7674900.0
2026-04-20,26.299999237060547,27.100000381469727,26.059999465942383,26.93000030517578,4807600.0
2026-04-21,27.139999389648438,28.260000228881836,26.969999313354492,28.079999923706055,4048100.0
2026-04-22,28.389999389648438,29.15999984741211,28.329999923706055,29.059999465942383,3404000.0
2026-04-23,29.270000457763672,29.65999984741211,28.65999984741211,29.290000915527344,4054000.0
2026-04-24,29.280000686645508,29.34000015258789,28.420000076293945,28.780000686645508,3138800.0
2026-04-27,29.030000686645508,29.479999542236328,28.8700008392334,29.100000381469727,2772300.0
2026-04-28,29.700000762939453,29.8799991607666,28.93000030517578,29.280000686645508,4373100.0
2026-04-29,30.0,31.25,29.440000534057617,31.229999542236328,5053000.0
2026-04-30,30.5,31.209999084472656,30.190000534057617,31.030000686645508,3551400.0
2026-05-01,30.25,30.690000534057617,29.469999313354492,30.469999313354492,3125000.0
2026-05-04,30.65999984741211,31.5,30.350000381469727,31.3799991607666,2659000.0
2026-05-05,31.190000534057617,31.290000915527344,30.739999771118164,31.209999084472656,3361000.0
2026-05-06,29.520000457763672,29.989999771118164,28.520000457763672,28.549999237060547,6430300.0
2026-05-07,27.520000457763672,29.350000381469727,26.81999969482422,29.100000381469727,7112600.0
2026-05-08,29.149999618530273,29.770000457763672,28.68000030517578,29.440000534057617,4482300.0
2026-05-11,30.329999923706055,30.889999389648438,29.860000610351562,30.670000076293945,4388200.0
2026-05-12,30.90999984741211,31.610000610351562,30.469999313354492,31.350000381469727,3810100.0
2026-05-13,31.280000686645508,31.440000534057617,30.389999389648438,31.170000076293945,3351500.0
2026-05-14,31.530000686645508,31.719999313354492,30.90999984741211,31.3700008392334,2244300.0
2026-05-15,32.0,32.75,31.65999984741211,32.59000015258789,3705900.0
2026-05-18,32.5099983215332,33.91999816894531,32.2400016784668,33.16999816894531,4746000.0
2026-05-19,33.66999816894531,34.439998626708984,33.16999816894531,34.31999969482422,3671900.0
2026-05-20,34.970001220703125,35.880001068115234,34.18000030517578,34.810001373291016,9691600.0
2026-05-21,35.65999984741211,35.849998474121094,32.779998779296875,33.25,4000900.0
2026-05-22,33.63999938964844,34.060001373291016,33.04999923706055,33.77000045776367,3030200.0
2026-05-26,32.939998626708984,33.31999969482422,31.75,31.790000915527344,4381700.0
2026-05-27,30.799999237060547,31.299999237060547,30.559999465942383,30.6299991607666,3571700.0
2026-05-28,31.15999984741211,31.450000762939453,30.639999389648438,31.15999984741211,3212100.0
2026-05-29,31.1299991607666,31.200000762939453,30.059999465942383,30.709999084472656,4320400.0
2026-06-01,31.850000381469727,33.22999954223633,31.639999389648438,32.66999816894531,3369100.0
2026-06-02,32.560001373291016,33.29999923706055,32.45000076293945,32.939998626708984,3875800.0
2026-06-03,33.33000183105469,34.689998626708984,33.0099983215332,34.290000915527344,3508400.0
2026-06-04,33.4900016784668,34.36000061035156,33.25,33.959999084472656,3658900.0
2026-06-05,33.93000030517578,34.150001525878906,32.189998626708984,32.209999084472656,3229600.0
2026-06-08,32.5,33.0099983215332,32.29999923706055,32.369998931884766,2467600.0
2026-06-09,31.950000762939453,32.16999816894531,30.290000915527344,31.079999923706055,3438900.0
2026-06-10,31.299999237060547,33.369998931884766,31.299999237060547,32.83000183105469,3612800.0
2026-06-11,33.47999954223633,33.54999923706055,31.100000381469727,31.280000686645508,3908400.0
2026-06-12,30.309999465942383,32.08000183105469,30.170000076293945,31.149999618530273,4396200.0
2026-06-15,29.219999313354492,29.690000534057617,28.399999618530273,28.469999313354492,6119200.0
2026-06-16,27.920000076293945,28.420000076293945,27.81999969482422,28.059999465942383,4213900.0
2026-06-17,28.030000686645508,29.06999969482422,27.829999923706055,28.09000015258789,3397600.0
2026-06-18,27.68000030517578,27.799999237060547,26.469999313354492,27.139999389648438,7442100.0
2026-06-22,27.469999313354492,27.850000381469727,26.8799991607666,27.559999465942383,4201300.0
2026-06-23,27.450000762939453,28.010000228881836,27.280000686645508,27.40999984741211,2998800.0
2026-06-24,26.600000381469727,26.850000381469727,25.93000030517578,26.489999771118164,3330400.0
2026-06-25,26.200000762939453,26.780000686645508,26.06999969482422,26.520000457763672,2785300.0
2026-06-26,26.270000457763672,26.639999389648438,25.700000762939453,26.34000015258789,6022300.0
2026-06-29,26.299999237060547,26.68000030517578,26.0,26.139999389648438,3516800.0
2026-06-30,26.360000610351562,26.760000228881836,26.09000015258789,26.100000381469727,3234300.0
2026-07-01,26.079999923706055,26.40999984741211,25.469999313354492,25.729999542236328,5064700.0
2026-07-02,26.260000228881836,26.940000534057617,25.920000076293945,26.850000381469727,4165400.0
2026-07-06,26.450000762939453,26.829999923706055,26.31999969482422,26.350000381469727,3841200.0
2026-07-07,26.639999389648438,28.290000915527344,26.479999542236328,27.920000076293945,5414500.0
2026-07-08,28.81999969482422,29.600000381469727,28.299999237060547,29.110000610351562,6783400.0
2026-07-09,28.600000381469727,28.75,28.010000228881836,28.34000015258789,3756700.0
2026-07-10,28.440000534057617,28.540000915527344,27.420000076293945,27.809999465942383,2391600.0
2026-07-13,28.829999923706055,30.18000030517578,28.780000686645508,29.889999389648438,4257100.0
2026-07-14,29.950000762939453,30.350000381469727,29.200000762939453,29.719999313354492,3473000.0
2026-07-15,30.15999984741211,30.31999969482422,29.299999237060547,29.93000030517578,3063600.0
2026-07-16,30.18000030517578,30.649999618530273,30.100000381469727,30.209999084472656,1797900.0
2026-07-17,30.920000076293945,31.459999084472656,30.420000076293945,31.31999969482422,2324200.0
2026-07-20,30.940000534057617,31.8700008392334,30.65999984741211,31.280000686645508,3215600.0
2026-07-21,31.399999618530273,32.40999984741211,31.399999618530273,32.220001220703125,3484800.0
2026-07-22,32.9900016784668,33.65999984741211,32.79999923706055,33.189998626708984,3993700.0
2026-07-23,34.15999984741211,34.20000076293945,33.290000915527344,33.5099983215332,4460900.0
2026-07-24,33.41999816894531,33.91999816894531,32.939998626708984,33.189998626708984,2982300.0
2026-07-27,31.719999313354492,32.25,30.280000686645508,30.299999237060547,3680600.0
2026-07-28,30.6299991607666,30.68000030517578,29.34000015258789,29.649999618530273,2742400.0
2026-07-29,31.079999923706055,31.8700008392334,30.68000030517578,31.719999313354492,2925000.0
2026-07-30,30.959999084472656,31.790000915527344,30.950000762939453,31.6299991607666,1914300.0
2026-07-31,32.0,32.54999923706055,31.59000015258789,32.52000045776367,2519400.0
2026-08-03,31.3700008392334,32.06999969482422,30.920000076293945,31.93000030517578,2967800.0
2026-08-04,30.850000381469727,31.65999984741211,30.520000457763672,31.049999237060547,2824600.0
2026-08-05,31.100000381469727,31.1299991607666,28.959999084472656,29.020000457763672,4898100.0
2026-08-06,30.600000381469727,30.600000381469727,28.200000762939453,28.700000762939453,9667800.0
2026-08-07,28.31999969482422,29.610000610351562,28.209999084472656,28.8799991607666,3975700.0
2026-08-10,29.6299991607666,31.8799991607666,29.6299991607666,31.760000228881836,5169100.0
2026-08-11,31.489999771118164,32.619998931884766,31.489999771118164,32.5099983215332,3413400.0
2026-08-12,32.41999816894531,32.66999816894531,32.130001068115234,32.41999816894531,2924400.0
2026-08-13,32.41999816894531,32.619998931884766,31.59000015258789,32.41999816894531,3994000.0
2026-08-14,32.720001220703125,34.279998779296875,32.720001220703125,33.75,4111300.0
2026-08-17,33.95000076293945,35.5,33.83000183105469,35.47999954223633,3682800.0
2026-08-18,36.0099983215332,36.13999938964844,35.15999984741211,35.4900016784668,2915400.0
2026-08-19,35.90999984741211,36.720001220703125,35.66999816894531,36.13999938964844,3608300.0
2026-08-20,37.02000045776367,38.25,36.97999954223633,37.63999938964844,4929000.0
2026-08-21,37.810001373291016,38.150001525878906,36.84000015258789,37.20000076293945,2993900.0
2026-08-24,36.61000061035156,36.869998931884766,35.630001068115234,36.459999084472656,3193800.0
2026-08-25,35.290000915527344,36.27000045776367,35.20000076293945,35.68000030517578,2433800.0
2026-08-26,34.849998474121094,36.22999954223633,34.47999954223633,35.36000061035156,3380700.0
2026-08-27,35.5099983215332,36.88999938964844,35.06999969482422,36.810001373291016,3582100.0
2026-08-28,36.90999984741211,37.04999923706055,36.150001525878906,36.619998931884766,4480100.0
2026-08-31,37.779998779296875,38.02000045776367,36.75,37.18000030517578,5451800.0
2026-09-01,38.150001525878906,38.20000076293945,37.31999969482422,38.040000915527344,2198000.0
2026-09-02,37.5,38.939998626708984,37.45000076293945,38.290000915527344,3180700.0
2026-09-03,37.720001220703125,38.310001373291016,37.459999084472656,37.599998474121094,4021500.0
2026-09-04,36.91999816894531,37.130001068115234,36.279998779296875,36.439998626708984,2119500.0
2026-09-08,37.29999923706055,38.45000076293945,37.27000045776367,37.7599983215332,4800600.0
2026-09-09,38.5,38.689998626708984,37.970001220703125,37.97999954223633,3264100.0
2026-09-10,38.599998474121094,38.880001068115234,37.54999923706055,38.18000030517578,2795300.0
2026-09-11,37.4900016784668,38.25,37.41999816894531,38.099998474121094,3515200.0
2026-09-14,39.0,39.959999084472656,38.7599983215332,39.029998779296875,4555000.0
2026-09-15,39.0,41.560001373291016,39.0,41.290000915527344,4824000.0
2026-09-16,39.9900016784668,40.209999084472656,37.959999084472656,38.15999984741211,5834600.0
2026-09-17,37.56999969482422,38.310001373291016,36.900001525878906,36.970001220703125,7047100.0
2026-09-18,36.869998931884766,37.31999969482422,36.470001220703125,36.970001220703125,7485200.0
2026-09-21,35.90999984741211,36.220001220703125,34.59000015258789,34.75,4963700.0
2026-09-23,34.43000030517578,35.2400016784668,33.939998626708984,34.310001373291016,3526700.0
2026-09-24,34.83000183105469,35.63999938964844,34.5,35.099998474121094,3992200.0
