date,open,high,low,close,volume
2016-09-26,44.880001068115234,45.189998626708984,44.56999969482422,44.77000045776367,136800.0
2016-09-27,44.70000076293945,45.04999923706055,44.70000076293945,44.95000076293945,296000.0
2016-09-28,44.970001220703125,45.099998474121094,44.47999954223633,44.7400016784668,159000.0
2016-09-29,44.63999938964844,44.7400016784668,43.91999816894531,44.33000183105469,133700.0
2016-09-30,44.4900016784668,44.4900016784668,43.70000076293945,43.95000076293945,347200.0
2016-10-03,43.869998931884766,44.58000183105469,43.83000183105469,44.22999954223633,137700.0
2016-10-04,44.25,44.54999923706055,43.63999938964844,43.72999954223633,240000.0
2016-10-05,43.93000030517578,44.63999938964844,43.7599983215332,44.06999969482422,133900.0
2016-10-06,44.119998931884766,44.4900016784668,43.83000183105469,44.400001525878906,163400.0
2016-10-07,44.349998474121094,44.5099983215332,43.34000015258789,43.63999938964844,266200.0
2016-10-10,43.72999954223633,44.290000915527344,43.72999954223633,44.029998779296875,105600.0
2016-10-11,44.06999969482422,44.15999984741211,43.58000183105469,43.790000915527344,123100.0
2016-10-12,43.84000015258789,44.5,43.7400016784668,44.18000030517578,67900.0
2016-10-13,43.9900016784668,44.349998474121094,43.58000183105469,44.04999923706055,142800.0
2016-10-14,44.33000183105469,44.84000015258789,44.099998474121094,44.150001525878906,79800.0
2016-10-17,44.08000183105469,44.33000183105469,43.900001525878906,44.029998779296875,102000.0
2016-10-18,44.25,44.2599983215332,43.20000076293945,43.36000061035156,248000.0
2016-10-19,43.31999969482422,43.4900016784668,42.93000030517578,42.93000030517578,252600.0
2016-10-20,42.65999984741211,43.029998779296875,42.5099983215332,42.790000915527344,202800.0
2016-10-21,42.349998474121094,42.959999084472656,42.20000076293945,42.939998626708984,211200.0
2016-10-24,43.209999084472656,43.36000061035156,42.900001525878906,42.9900016784668,166000.0
2016-10-25,42.779998779296875,42.779998779296875,42.099998474121094,42.119998931884766,243900.0
2016-10-26,42.040000915527344,42.279998779296875,41.29999923706055,41.369998931884766,301100.0
2016-10-27,41.619998931884766,41.720001220703125,40.84000015258789,40.880001068115234,158900.0
2016-10-28,42.11000061035156,43.43000030517578,42.11000061035156,42.38999938964844,655200.0
2016-10-31,42.560001373291016,43.0099983215332,42.31999969482422,42.79999923706055,392100.0
2016-11-01,42.790000915527344,43.099998474121094,42.560001373291016,42.869998931884766,424200.0
2016-11-02,42.869998931884766,43.15999984741211,42.380001068115234,42.439998626708984,327100.0
2016-11-03,42.619998931884766,42.720001220703125,42.13999938964844,42.18000030517578,141700.0
2016-11-04,42.189998626708984,42.5,42.02000045776367,42.04999923706055,311400.0
2016-11-07,42.310001373291016,42.83000183105469,42.150001525878906,42.290000915527344,277000.0
2016-11-08,42.25,43.310001373291016,42.25,42.689998626708984,204400.0
2016-11-09,42.66999816894531,43.77000045776367,42.459999084472656,43.75,449800.0
2016-11-10,44.15999984741211,45.68000030517578,44.029998779296875,45.13999938964844,311700.0
2016-11-11,45.20000076293945,46.61000061035156,45.20000076293945,45.689998626708984,319900.0
2016-11-14,46.04999923706055,46.189998626708984,45.060001373291016,45.2599983215332,236400.0
2016-11-15,45.310001373291016,45.34000015258789,44.5,45.04999923706055,273900.0
2016-11-16,45.029998779296875,45.97999954223633,45.0,45.880001068115234,230400.0
2016-11-17,45.880001068115234,46.869998931884766,45.880001068115234,46.61000061035156,366200.0
2016-11-18,46.779998779296875,47.61000061035156,46.369998931884766,47.16999816894531,208200.0
2016-11-21,47.56999969482422,48.029998779296875,46.65999984741211,47.29999923706055,226700.0
2016-11-22,47.470001220703125,48.40999984741211,47.470001220703125,47.810001373291016,363800.0
2016-11-23,47.790000915527344,48.16999816894531,47.61000061035156,47.81999969482422,183400.0
2016-11-25,48.130001068115234,48.27000045776367,47.83000183105469,48.16999816894531,144800.0
2016-11-28,48.08000183105469,48.349998474121094,47.369998931884766,47.439998626708984,212000.0
2016-11-29,47.630001068115234,48.060001373291016,47.209999084472656,47.27000045776367,494300.0
2016-11-30,47.58000183105469,47.619998931884766,46.939998626708984,47.13999938964844,297100.0
2016-12-01,47.13999938964844,47.369998931884766,46.86000061035156,47.209999084472656,219200.0
2016-12-02,47.08000183105469,47.41999816894531,46.47999954223633,46.900001525878906,215700.0
2016-12-05,47.040000915527344,47.4900016784668,46.720001220703125,47.0099983215332,211200.0
2016-12-06,47.310001373291016,47.45000076293945,46.63999938964844,47.0,208400.0
2016-12-07,47.029998779296875,47.119998931884766,46.72999954223633,47.0,247200.0
2016-12-08,46.95000076293945,47.93000030517578,46.95000076293945,47.77000045776367,241500.0
2016-12-09,47.77000045776367,48.099998474121094,47.650001525878906,47.86000061035156,135900.0
2016-12-12,47.63999938964844,47.77000045776367,46.84000015258789,47.13999938964844,205000.0
2016-12-13,47.380001068115234,47.65999984741211,45.939998626708984,46.220001220703125,375800.0
2016-12-14,46.22999954223633,46.400001525878906,45.36000061035156,45.43000030517578,186900.0
2016-12-15,45.29999923706055,45.810001373291016,44.63999938964844,45.099998474121094,288900.0
2016-12-16,44.869998931884766,45.93000030517578,44.54999923706055,44.779998779296875,1040800.0
2016-12-19,44.779998779296875,45.119998931884766,44.380001068115234,44.81999969482422,249100.0
2016-12-20,45.040000915527344,45.18000030517578,44.689998626708984,44.95000076293945,208000.0
2016-12-21,44.7599983215332,45.31999969482422,44.7599983215332,44.779998779296875,115600.0
2016-12-22,44.709999084472656,44.779998779296875,44.380001068115234,44.650001525878906,133500.0
2016-12-23,44.689998626708984,44.9900016784668,44.41999816894531,44.7599983215332,80700.0
2016-12-27,44.84000015258789,45.380001068115234,44.68000030517578,45.08000183105469,99300.0
2016-12-28,45.09000015258789,45.18000030517578,44.15999984741211,44.27000045776367,95700.0
2016-12-29,44.36000061035156,44.70000076293945,44.130001068115234,44.290000915527344,83000.0
2016-12-30,44.439998626708984,44.439998626708984,43.619998931884766,43.75,116700.0
2017-01-03,44.029998779296875,44.56999969482422,43.79999923706055,44.560001373291016,225800.0
2017-01-04,44.77000045776367,44.939998626708984,44.529998779296875,44.7400016784668,213500.0
2017-01-05,44.72999954223633,44.810001373291016,43.95000076293945,44.2599983215332,115600.0
2017-01-06,44.58000183105469,44.68000030517578,44.06999969482422,44.20000076293945,216000.0
2017-01-09,44.20000076293945,45.18000030517578,43.880001068115234,44.61000061035156,260700.0
2017-01-10,44.709999084472656,45.43000030517578,44.529998779296875,44.939998626708984,181300.0
2017-01-11,44.939998626708984,45.0,44.43000030517578,44.83000183105469,116800.0
2017-01-12,44.75,44.75,43.619998931884766,44.20000076293945,152100.0
2017-01-13,44.41999816894531,44.790000915527344,44.15999984741211,44.470001220703125,124900.0
2017-01-17,44.189998626708984,44.310001373291016,43.630001068115234,43.70000076293945,131800.0
2017-01-18,43.77000045776367,43.959999084472656,43.59000015258789,43.75,146100.0
2017-01-19,43.61000061035156,43.97999954223633,42.849998474121094,42.880001068115234,185200.0
2017-01-20,42.7400016784668,43.2400016784668,42.65999984741211,42.95000076293945,282300.0
2017-01-23,42.68000030517578,43.11000061035156,42.61000061035156,42.86000061035156,137800.0
2017-01-24,42.790000915527344,43.869998931884766,42.709999084472656,43.75,221400.0
2017-01-25,43.810001373291016,44.650001525878906,43.7599983215332,44.540000915527344,124800.0
2017-01-26,44.630001068115234,44.7400016784668,43.84000015258789,43.93000030517578,134600.0
2017-01-27,43.790000915527344,44.20000076293945,43.630001068115234,43.88999938964844,102300.0
2017-01-30,43.56999969482422,43.599998474121094,42.70000076293945,43.400001525878906,189500.0
2017-01-31,43.310001373291016,43.630001068115234,42.52000045776367,43.52000045776367,193200.0
2017-02-01,43.59000015258789,43.83000183105469,42.97999954223633,43.65999984741211,192600.0
2017-02-02,43.630001068115234,43.7599983215332,43.02000045776367,43.630001068115234,223800.0
2017-02-03,43.619998931884766,43.880001068115234,42.529998779296875,43.41999816894531,320300.0
2017-02-06,43.220001220703125,43.5,42.849998474121094,43.16999816894531,246300.0
2017-02-07,43.20000076293945,43.599998474121094,42.939998626708984,43.2599983215332,204800.0
2017-02-08,43.02000045776367,43.06999969482422,42.279998779296875,42.599998474121094,322000.0
2017-02-09,42.599998474121094,43.849998474121094,42.47999954223633,43.470001220703125,356700.0
2017-02-10,43.470001220703125,43.97999954223633,43.16999816894531,43.900001525878906,165000.0
2017-02-13,44.18000030517578,44.54999923706055,43.630001068115234,43.7400016784668,294900.0
2017-02-14,43.560001373291016,43.79999923706055,43.099998474121094,43.75,369300.0
2017-02-15,43.529998779296875,44.7599983215332,43.41999816894531,44.720001220703125,245800.0
2017-02-16,44.75,44.810001373291016,44.349998474121094,44.65999984741211,274600.0
2017-02-17,44.560001373291016,44.560001373291016,43.66999816894531,44.16999816894531,384100.0
2017-02-21,44.04999923706055,44.90999984741211,44.04999923706055,44.86000061035156,219600.0
2017-02-22,44.61000061035156,44.79999923706055,44.150001525878906,44.2400016784668,387000.0
2017-02-23,44.47999954223633,44.4900016784668,43.31999969482422,43.380001068115234,140000.0
2017-02-24,42.90999984741211,43.16999816894531,42.529998779296875,43.13999938964844,394900.0
2017-02-27,43.040000915527344,44.09000015258789,43.040000915527344,43.90999984741211,334200.0
2017-02-28,43.630001068115234,43.83000183105469,43.130001068115234,43.15999984741211,640900.0
2017-03-01,43.7400016784668,44.95000076293945,43.7400016784668,44.029998779296875,339800.0
2017-03-02,44.029998779296875,44.029998779296875,42.970001220703125,43.08000183105469,182300.0
2017-03-03,43.0099983215332,43.349998474121094,42.529998779296875,42.540000915527344,200800.0
2017-03-06,42.4900016784668,42.810001373291016,42.08000183105469,42.4900016784668,292500.0
2017-03-07,42.22999954223633,42.7400016784668,41.66999816894531,42.11000061035156,228100.0
2017-03-08,41.959999084472656,42.380001068115234,41.880001068115234,42.0099983215332,150400.0
2017-03-09,42.20000076293945,42.52000045776367,42.040000915527344,42.08000183105469,138800.0
2017-03-10,42.2400016784668,42.540000915527344,42.150001525878906,42.38999938964844,95800.0
2017-03-13,42.220001220703125,42.61000061035156,42.220001220703125,42.4900016784668,87400.0
2017-03-14,42.25,42.529998779296875,42.119998931884766,42.15999984741211,88400.0
2017-03-15,42.290000915527344,42.959999084472656,42.20000076293945,42.84000015258789,167200.0
2017-03-16,42.88999938964844,43.45000076293945,42.81999969482422,43.13999938964844,174500.0
2017-03-17,43.29999923706055,43.61000061035156,42.9900016784668,43.439998626708984,472100.0
2017-03-20,43.43000030517578,43.43000030517578,42.90999984741211,43.0,79300.0
2017-03-21,43.220001220703125,43.22999954223633,41.97999954223633,42.02000045776367,172300.0
2017-03-22,41.869998931884766,42.279998779296875,41.540000915527344,41.93000030517578,170800.0
2017-03-23,41.81999969482422,42.529998779296875,41.81999969482422,42.15999984741211,116300.0
2017-03-24,42.209999084472656,42.349998474121094,41.65999984741211,41.939998626708984,282100.0
2017-03-27,41.5,41.869998931884766,41.060001373291016,41.59000015258789,190900.0
2017-03-28,41.45000076293945,41.68000030517578,41.099998474121094,41.54999923706055,323800.0
2017-03-29,41.77000045776367,42.36000061035156,41.45000076293945,42.290000915527344,219500.0
2017-03-30,42.439998626708984,42.869998931884766,42.400001525878906,42.86000061035156,226300.0
2017-03-31,42.95000076293945,43.310001373291016,42.790000915527344,43.09000015258789,255400.0
2017-04-03,43.2599983215332,43.380001068115234,41.81999969482422,41.86000061035156,179100.0
2017-04-04,41.59000015258789,42.439998626708984,41.59000015258789,42.04999923706055,187100.0
2017-04-05,42.2400016784668,42.4900016784668,41.2400016784668,41.31999969482422,313600.0
2017-04-06,41.31999969482422,41.900001525878906,41.150001525878906,41.369998931884766,251100.0
2017-04-07,41.31999969482422,41.47999954223633,41.119998931884766,41.2400016784668,202200.0
2017-04-10,41.209999084472656,41.84000015258789,41.209999084472656,41.5,185900.0
2017-04-11,41.380001068115234,41.959999084472656,41.380001068115234,41.95000076293945,296800.0
2017-04-12,41.790000915527344,41.790000915527344,41.09000015258789,41.2599983215332,158300.0
2017-04-13,41.08000183105469,41.540000915527344,40.790000915527344,40.81999969482422,141700.0
2017-04-17,40.970001220703125,41.470001220703125,40.790000915527344,41.45000076293945,217600.0
2017-04-18,41.279998779296875,41.459999084472656,40.689998626708984,41.06999969482422,195700.0
2017-04-19,41.22999954223633,41.849998474121094,41.22999954223633,41.540000915527344,235900.0
2017-04-20,41.66999816894531,42.27000045776367,41.529998779296875,41.79999923706055,301400.0
2017-04-21,41.79999923706055,41.95000076293945,41.68000030517578,41.720001220703125,322800.0
2017-04-24,42.400001525878906,42.779998779296875,42.130001068115234,42.2599983215332,279600.0
2017-04-25,42.59000015258789,42.88999938964844,42.31999969482422,42.650001525878906,239000.0
2017-04-26,42.59000015258789,43.220001220703125,42.52000045776367,43.0099983215332,191800.0
2017-04-27,43.20000076293945,43.220001220703125,42.81999969482422,43.08000183105469,229200.0
2017-04-28,41.90999984741211,43.66999816894531,41.41999816894531,41.709999084472656,518700.0
2017-05-01,41.529998779296875,41.529998779296875,40.849998474121094,41.310001373291016,338500.0
2017-05-02,41.380001068115234,42.02000045776367,41.380001068115234,41.709999084472656,342500.0
2017-05-03,41.47999954223633,42.20000076293945,41.47999954223633,42.189998626708984,271600.0
2017-05-04,42.2400016784668,42.369998931884766,41.720001220703125,42.33000183105469,171500.0
2017-05-05,42.459999084472656,42.459999084472656,41.56999969482422,41.630001068115234,188700.0
2017-05-08,41.619998931884766,41.619998931884766,41.15999984741211,41.439998626708984,116900.0
2017-05-09,41.56999969482422,42.0,41.2599983215332,41.970001220703125,218400.0
2017-05-10,41.900001525878906,41.970001220703125,41.400001525878906,41.540000915527344,162100.0
2017-05-11,41.33000183105469,41.33000183105469,40.709999084472656,41.310001373291016,198900.0
2017-05-12,41.15999984741211,41.45000076293945,40.9900016784668,41.279998779296875,288500.0
2017-05-15,41.5099983215332,41.61000061035156,41.130001068115234,41.52000045776367,204600.0
2017-05-16,41.540000915527344,41.61000061035156,41.040000915527344,41.29999923706055,367600.0
2017-05-17,41.29999923706055,41.29999923706055,40.61000061035156,40.779998779296875,245800.0
2017-05-18,40.7599983215332,40.83000183105469,40.369998931884766,40.65999984741211,229500.0
2017-05-19,40.68000030517578,41.0099983215332,40.47999954223633,40.81999969482422,182000.0
2017-05-22,40.86000061035156,40.91999816894531,40.2400016784668,40.560001373291016,193700.0
2017-05-23,40.66999816894531,41.02000045776367,40.400001525878906,41.0099983215332,146000.0
2017-05-24,41.040000915527344,41.40999984741211,40.61000061035156,40.869998931884766,137500.0
2017-05-25,40.95000076293945,41.0,40.54999923706055,40.619998931884766,107000.0
2017-05-26,40.54999923706055,40.59000015258789,40.209999084472656,40.33000183105469,111800.0
2017-05-30,40.16999816894531,40.36000061035156,39.880001068115234,40.2599983215332,173500.0
2017-05-31,40.279998779296875,40.380001068115234,39.81999969482422,40.18000030517578,177200.0
2017-06-01,40.25,40.880001068115234,40.04999923706055,40.869998931884766,194500.0
2017-06-02,40.900001525878906,41.779998779296875,40.900001525878906,41.279998779296875,125800.0
2017-06-05,41.290000915527344,41.540000915527344,40.900001525878906,41.310001373291016,132800.0
2017-06-06,40.939998626708984,41.27000045776367,40.7400016784668,41.02000045776367,141300.0
2017-06-07,40.97999954223633,41.2400016784668,40.7400016784668,40.959999084472656,122000.0
2017-06-08,41.02000045776367,41.61000061035156,40.900001525878906,41.5099983215332,174600.0
2017-06-09,41.560001373291016,42.099998474121094,41.369998931884766,42.099998474121094,335900.0
2017-06-12,42.16999816894531,42.470001220703125,41.93000030517578,42.470001220703125,274300.0
2017-06-13,42.61000061035156,42.90999984741211,42.380001068115234,42.900001525878906,180400.0
2017-06-14,42.88999938964844,43.849998474121094,42.720001220703125,43.7400016784668,402800.0
2017-06-15,43.31999969482422,43.7400016784668,43.31999969482422,43.619998931884766,220800.0
2017-06-16,43.31999969482422,43.79999923706055,43.27000045776367,43.709999084472656,448000.0
2017-06-19,43.86000061035156,43.88999938964844,43.2599983215332,43.70000076293945,382100.0
2017-06-20,43.560001373291016,44.209999084472656,43.439998626708984,44.130001068115234,376700.0
2017-06-21,44.22999954223633,44.349998474121094,43.220001220703125,43.36000061035156,324600.0
2017-06-22,43.40999984741211,43.709999084472656,43.2400016784668,43.5,176200.0
2017-06-23,43.52000045776367,43.709999084472656,43.29999923706055,43.45000076293945,950100.0
2017-06-26,43.529998779296875,43.7400016784668,43.290000915527344,43.4900016784668,142800.0
2017-06-27,43.43000030517578,43.59000015258789,43.130001068115234,43.209999084472656,149100.0
2017-06-28,43.380001068115234,43.95000076293945,43.290000915527344,43.709999084472656,114300.0
2017-06-29,43.790000915527344,43.93000030517578,43.060001373291016,43.540000915527344,127500.0
2017-06-30,43.630001068115234,43.90999984741211,43.38999938964844,43.709999084472656,129800.0
2017-07-03,43.650001525878906,44.02000045776367,43.27000045776367,43.81999969482422,61600.0
2017-07-05,43.7599983215332,43.7599983215332,42.86000061035156,43.41999816894531,132000.0
2017-07-06,43.11000061035156,43.380001068115234,42.720001220703125,42.81999969482422,186000.0
2017-07-07,42.970001220703125,43.380001068115234,42.83000183105469,43.310001373291016,119100.0
2017-07-10,43.189998626708984,43.400001525878906,42.959999084472656,42.959999084472656,67600.0
2017-07-11,42.939998626708984,43.119998931884766,42.47999954223633,43.04999923706055,159800.0
2017-07-12,43.22999954223633,43.7599983215332,43.040000915527344,43.400001525878906,118100.0
2017-07-13,43.38999938964844,44.16999816894531,42.97999954223633,43.470001220703125,164100.0
2017-07-14,43.45000076293945,43.63999938964844,43.290000915527344,43.54999923706055,162900.0
2017-07-17,43.4900016784668,43.95000076293945,43.45000076293945,43.7400016784668,259900.0
2017-07-18,43.68000030517578,43.900001525878906,43.279998779296875,43.4900016784668,163800.0
2017-07-19,43.4900016784668,43.95000076293945,43.4900016784668,43.91999816894531,86300.0
2017-07-20,43.95000076293945,43.9900016784668,43.529998779296875,43.880001068115234,91900.0
2017-07-21,44.189998626708984,44.59000015258789,43.970001220703125,44.5,217100.0
2017-07-24,44.5099983215332,44.70000076293945,43.689998626708984,43.790000915527344,162000.0
2017-07-25,43.970001220703125,44.2400016784668,43.95000076293945,44.119998931884766,122900.0
2017-07-26,44.220001220703125,44.47999954223633,43.83000183105469,43.880001068115234,116500.0
2017-07-27,43.9900016784668,44.40999984741211,43.41999816894531,43.849998474121094,205000.0
2017-07-28,43.75,44.54999923706055,43.189998626708984,43.720001220703125,269900.0
2017-07-31,43.83000183105469,44.310001373291016,43.83000183105469,44.290000915527344,169800.0
2017-08-01,44.400001525878906,44.7599983215332,44.09000015258789,44.400001525878906,165600.0
2017-08-02,44.5,44.66999816894531,44.18000030517578,44.369998931884766,114200.0
2017-08-03,44.380001068115234,44.400001525878906,44.040000915527344,44.31999969482422,178300.0
2017-08-04,44.349998474121094,45.27000045776367,44.33000183105469,44.91999816894531,185400.0
2017-08-07,44.900001525878906,45.15999984741211,44.41999816894531,44.5099983215332,96900.0
2017-08-08,44.459999084472656,44.95000076293945,44.08000183105469,44.52000045776367,125800.0
2017-08-09,44.2599983215332,44.63999938964844,43.88999938964844,44.20000076293945,148900.0
2017-08-10,43.9900016784668,43.9900016784668,43.4900016784668,43.869998931884766,177200.0
2017-08-11,43.599998474121094,44.04999923706055,43.279998779296875,43.61000061035156,158300.0
2017-08-14,43.97999954223633,44.220001220703125,43.689998626708984,43.900001525878906,111700.0
2017-08-15,43.959999084472656,43.959999084472656,43.099998474121094,43.349998474121094,114900.0
2017-08-16,43.41999816894531,43.5,42.75,42.970001220703125,230000.0
2017-08-17,42.81999969482422,43.11000061035156,42.41999816894531,42.45000076293945,274900.0
2017-08-18,42.119998931884766,42.34000015258789,42.0,42.040000915527344,196100.0
2017-08-21,41.97999954223633,42.45000076293945,41.790000915527344,42.0099983215332,150400.0
2017-08-22,42.08000183105469,42.560001373291016,41.849998474121094,42.52000045776367,107600.0
2017-08-23,42.2400016784668,42.34000015258789,42.06999969482422,42.189998626708984,104000.0
2017-08-24,42.400001525878906,42.52000045776367,42.099998474121094,42.40999984741211,134700.0
2017-08-25,42.59000015258789,43.099998474121094,42.40999984741211,42.91999816894531,103800.0
2017-08-28,43.04999923706055,43.279998779296875,42.72999954223633,43.06999969482422,145400.0
2017-08-29,42.900001525878906,43.0099983215332,42.66999816894531,42.900001525878906,187100.0
2017-08-30,42.88999938964844,43.43000030517578,42.779998779296875,43.369998931884766,168000.0
2017-08-31,43.5099983215332,43.970001220703125,43.369998931884766,43.779998779296875,121700.0
2017-09-01,43.84000015258789,44.06999969482422,43.810001373291016,43.95000076293945,89300.0
2017-09-05,44.0,44.61000061035156,44.0,44.400001525878906,189400.0
2017-09-06,44.58000183105469,45.119998931884766,44.470001220703125,44.7599983215332,168100.0
2017-09-07,44.810001373291016,45.310001373291016,44.34000015258789,45.27000045776367,195300.0
2017-09-08,45.2599983215332,46.38999938964844,45.130001068115234,46.11000061035156,198900.0
2017-09-11,46.599998474121094,46.650001525878906,45.84000015258789,46.20000076293945,150900.0
2017-09-12,46.290000915527344,46.349998474121094,45.91999816894531,46.189998626708984,179400.0
2017-09-13,46.150001525878906,46.380001068115234,46.0,46.15999984741211,126100.0
2017-09-14,46.11000061035156,46.619998931884766,46.0,46.4900016784668,174600.0
2017-09-15,46.75,46.959999084472656,46.400001525878906,46.95000076293945,438400.0
2017-09-18,47.0,47.119998931884766,46.75,47.02000045776367,160100.0
2017-09-19,47.040000915527344,47.2599983215332,46.79999923706055,47.040000915527344,219300.0
2017-09-20,47.119998931884766,47.47999954223633,47.029998779296875,47.439998626708984,161600.0
2017-09-21,47.41999816894531,47.5,46.95000076293945,47.36000061035156,119100.0
2017-09-22,47.380001068115234,47.849998474121094,47.380001068115234,47.72999954223633,101600.0
2017-09-25,47.779998779296875,48.0099983215332,47.25,47.86000061035156,161900.0
2017-09-26,47.9900016784668,48.77000045776367,47.880001068115234,48.5099983215332,109600.0
2017-09-27,48.58000183105469,49.560001373291016,48.43000030517578,49.31999969482422,153700.0
2017-09-28,49.27000045776367,49.470001220703125,48.86000061035156,48.97999954223633,238600.0
2017-09-29,49.0,49.189998626708984,48.88999938964844,49.040000915527344,219600.0
2017-10-02,49.20000076293945,49.970001220703125,49.040000915527344,49.95000076293945,130800.0
2017-10-03,50.0,50.099998474121094,49.36000061035156,49.849998474121094,258200.0
2017-10-04,49.75,50.09000015258789,49.369998931884766,49.5,188200.0
2017-10-05,49.619998931884766,49.619998931884766,49.18000030517578,49.25,247000.0
2017-10-06,49.15999984741211,49.40999984741211,49.06999969482422,49.38999938964844,151600.0
2017-10-09,49.38999938964844,49.970001220703125,49.29999923706055,49.5,166700.0
2017-10-10,49.72999954223633,49.790000915527344,49.33000183105469,49.52000045776367,147300.0
2017-10-11,49.630001068115234,49.90999984741211,48.95000076293945,49.279998779296875,173800.0
2017-10-12,49.36000061035156,49.459999084472656,48.970001220703125,49.119998931884766,229400.0
2017-10-13,49.33000183105469,49.4900016784668,48.9900016784668,49.220001220703125,143800.0
2017-10-16,49.369998931884766,50.18000030517578,49.220001220703125,49.599998474121094,181300.0
2017-10-17,49.70000076293945,49.849998474121094,49.439998626708984,49.75,248700.0
2017-10-18,50.0,50.09000015258789,49.470001220703125,49.56999969482422,104500.0
2017-10-19,49.63999938964844,49.63999938964844,49.11000061035156,49.59000015258789,135900.0
2017-10-20,49.95000076293945,49.95000076293945,49.470001220703125,49.58000183105469,165900.0
2017-10-23,49.75,49.7599983215332,49.13999938964844,49.2400016784668,126600.0
2017-10-24,49.29999923706055,49.720001220703125,49.22999954223633,49.5099983215332,162100.0
2017-10-25,49.4900016784668,49.599998474121094,48.61000061035156,49.040000915527344,135100.0
2017-10-26,49.16999816894531,49.7400016784668,49.060001373291016,49.279998779296875,175200.0
2017-10-27,49.33000183105469,49.61000061035156,48.66999816894531,49.349998474121094,137000.0
2017-10-30,49.25,49.34000015258789,48.31999969482422,48.630001068115234,102700.0
2017-10-31,54.06999969482422,59.709999084472656,53.540000915527344,55.7400016784668,1422500.0
2017-11-01,56.59000015258789,57.619998931884766,55.869998931884766,57.58000183105469,628200.0
2017-11-02,57.279998779296875,59.09000015258789,56.5,58.380001068115234,490300.0
2017-11-03,58.2400016784668,59.06999969482422,57.81999969482422,59.02000045776367,336400.0
2017-11-06,58.91999816894531,58.91999816894531,57.75,58.4900016784668,451500.0
2017-11-07,58.2400016784668,58.4900016784668,57.650001525878906,57.88999938964844,317400.0
2017-11-08,57.630001068115234,58.040000915527344,56.77000045776367,57.540000915527344,234600.0
2017-11-09,57.36000061035156,57.72999954223633,56.810001373291016,57.2599983215332,240000.0
2017-11-10,57.16999816894531,57.5,56.66999816894531,57.29999923706055,292200.0
2017-11-13,57.29999923706055,57.439998626708984,56.7599983215332,56.86000061035156,193300.0
2017-11-14,56.790000915527344,57.11000061035156,56.54999923706055,56.95000076293945,193700.0
2017-11-15,56.900001525878906,57.130001068115234,56.380001068115234,56.9900016784668,271700.0
2017-11-16,57.45000076293945,57.90999984741211,57.119998931884766,57.849998474121094,329100.0
2017-11-17,57.61000061035156,58.279998779296875,57.61000061035156,58.0,317100.0
2017-11-20,57.84000015258789,58.459999084472656,57.84000015258789,58.150001525878906,250600.0
2017-11-21,58.09000015258789,58.47999954223633,57.93000030517578,58.31999969482422,316600.0
2017-11-22,57.959999084472656,58.58000183105469,57.72999954223633,57.939998626708984,172800.0
2017-11-24,58.15999984741211,58.2599983215332,57.849998474121094,58.099998474121094,106700.0
2017-11-27,58.150001525878906,59.0099983215332,57.939998626708984,58.47999954223633,197500.0
2017-11-28,58.70000076293945,59.75,58.630001068115234,59.720001220703125,173000.0
2017-11-29,59.72999954223633,60.22999954223633,59.58000183105469,59.75,203500.0
2017-11-30,60.0099983215332,60.220001220703125,59.720001220703125,59.970001220703125,239900.0
2017-12-01,60.130001068115234,60.33000183105469,58.7400016784668,60.209999084472656,262400.0
2017-12-04,60.84000015258789,61.619998931884766,60.709999084472656,60.91999816894531,272100.0
2017-12-05,60.790000915527344,60.959999084472656,60.310001373291016,60.380001068115234,208600.0
2017-12-06,60.279998779296875,60.5,59.900001525878906,60.150001525878906,128100.0
2017-12-07,60.119998931884766,61.04999923706055,60.09000015258789,60.43000030517578,206400.0
2017-12-08,60.52000045776367,60.66999816894531,59.77000045776367,59.849998474121094,193600.0
2017-12-11,59.869998931884766,59.869998931884766,58.83000183105469,59.040000915527344,273300.0
2017-12-12,59.20000076293945,59.56999969482422,58.43000030517578,58.43000030517578,202300.0
2017-12-13,58.54999923706055,59.529998779296875,58.16999816894531,58.619998931884766,232700.0
2017-12-14,58.0,58.0,55.90999984741211,56.36000061035156,344400.0
2017-12-15,56.34000015258789,58.130001068115234,56.2599983215332,57.4900016784668,420200.0
2017-12-18,57.93000030517578,58.86000061035156,57.90999984741211,58.58000183105469,318200.0
2017-12-19,58.630001068115234,59.0,57.58000183105469,57.790000915527344,199100.0
2017-12-20,58.040000915527344,58.56999969482422,57.81999969482422,58.15999984741211,169100.0
2017-12-21,58.209999084472656,58.63999938964844,57.77000045776367,58.09000015258789,168400.0
2017-12-22,57.93000030517578,58.099998474121094,57.5099983215332,57.65999984741211,138900.0
2017-12-26,57.68000030517578,58.18000030517578,57.63999938964844,57.72999954223633,87800.0
2017-12-27,57.619998931884766,58.279998779296875,57.58000183105469,57.709999084472656,156400.0
2017-12-28,57.77000045776367,57.91999816894531,57.349998474121094,57.810001373291016,139400.0
2017-12-29,57.70000076293945,58.09000015258789,57.40999984741211,57.40999984741211,188700.0
2018-01-02,57.709999084472656,57.880001068115234,57.0,57.40999984741211,207300.0
2018-01-03,56.880001068115234,57.58000183105469,56.790000915527344,57.45000076293945,198400.0
2018-01-04,57.380001068115234,57.91999816894531,56.70000076293945,57.0099983215332,204100.0
2018-01-05,57.310001373291016,58.130001068115234,57.08000183105469,57.97999954223633,354700.0
2018-01-08,57.86000061035156,58.25,57.459999084472656,58.06999969482422,249300.0
2018-01-09,58.16999816894531,58.45000076293945,57.72999954223633,57.869998931884766,151600.0
2018-01-10,57.72999954223633,58.099998474121094,57.2599983215332,57.779998779296875,241700.0
2018-01-11,57.900001525878906,58.939998626708984,57.5099983215332,58.91999816894531,307700.0
2018-01-12,58.849998474121094,59.45000076293945,58.40999984741211,58.900001525878906,177600.0
2018-01-16,59.20000076293945,59.90999984741211,58.5099983215332,58.900001525878906,382000.0
2018-01-17,59.25,59.439998626708984,58.09000015258789,58.2400016784668,199500.0
2018-01-18,58.11000061035156,59.099998474121094,58.11000061035156,58.779998779296875,206900.0
2018-01-19,58.599998474121094,59.72999954223633,58.34000015258789,59.47999954223633,234800.0
2018-01-22,59.15999984741211,59.41999816894531,58.66999816894531,59.36000061035156,106100.0
2018-01-23,59.380001068115234,59.7400016784668,58.84000015258789,59.27000045776367,84400.0
2018-01-24,59.619998931884766,60.0099983215332,59.189998626708984,59.720001220703125,216600.0
2018-01-25,60.130001068115234,60.45000076293945,59.43000030517578,60.43000030517578,459500.0
2018-01-26,60.70000076293945,60.95000076293945,59.439998626708984,60.27000045776367,211300.0
2018-01-29,60.13999938964844,60.209999084472656,59.459999084472656,59.75,183100.0
2018-01-30,59.060001373291016,59.529998779296875,58.349998474121094,59.029998779296875,381400.0
2018-01-31,59.130001068115234,59.619998931884766,58.65999984741211,58.7400016784668,341200.0
2018-02-01,58.720001220703125,59.40999984741211,58.43000030517578,59.06999969482422,288600.0
2018-02-02,58.619998931884766,59.34000015258789,58.15999984741211,58.27000045776367,349400.0
2018-02-05,57.900001525878906,58.290000915527344,55.95000076293945,56.34000015258789,638400.0
2018-02-06,57.91999816894531,59.099998474121094,55.709999084472656,57.34000015258789,799200.0
2018-02-07,57.220001220703125,58.720001220703125,57.20000076293945,57.7599983215332,336900.0
2018-02-08,57.790000915527344,58.0,56.369998931884766,56.38999938964844,332100.0
2018-02-09,56.83000183105469,57.189998626708984,55.189998626708984,55.83000183105469,560800.0
2018-02-12,56.060001373291016,56.79999923706055,55.77000045776367,56.38999938964844,489800.0
2018-02-13,56.11000061035156,56.47999954223633,55.869998931884766,56.16999816894531,290400.0
2018-02-14,55.79999923706055,57.33000183105469,55.70000076293945,57.15999984741211,586500.0
2018-02-15,57.72999954223633,58.54999923706055,57.31999969482422,57.45000076293945,250400.0
2018-02-16,57.349998474121094,58.029998779296875,57.22999954223633,57.599998474121094,201400.0
2018-02-20,57.380001068115234,57.939998626708984,56.9900016784668,57.040000915527344,135000.0
2018-02-21,57.150001525878906,58.29999923706055,56.34000015258789,57.45000076293945,168300.0
2018-02-22,57.709999084472656,58.20000076293945,57.459999084472656,57.97999954223633,182100.0
2018-02-23,58.72999954223633,59.040000915527344,58.119998931884766,58.68000030517578,241900.0
2018-02-26,58.70000076293945,58.9900016784668,58.130001068115234,58.560001373291016,172600.0
2018-02-27,58.619998931884766,58.91999816894531,56.90999984741211,56.95000076293945,425800.0
2018-02-28,57.04999923706055,57.56999969482422,55.310001373291016,55.31999969482422,242300.0
2018-03-01,55.099998474121094,56.040000915527344,54.849998474121094,55.75,421700.0
2018-03-02,55.33000183105469,56.119998931884766,55.29999923706055,55.56999969482422,258000.0
2018-03-05,55.189998626708984,56.349998474121094,55.04999923706055,55.880001068115234,306300.0
2018-03-06,55.970001220703125,56.20000076293945,55.5099983215332,55.970001220703125,461000.0
2018-03-07,55.61000061035156,56.81999969482422,55.61000061035156,56.75,288200.0
2018-03-08,56.91999816894531,57.709999084472656,56.869998931884766,57.52000045776367,205400.0
2018-03-09,57.849998474121094,58.790000915527344,57.849998474121094,58.310001373291016,233000.0
2018-03-12,58.459999084472656,59.2400016784668,58.099998474121094,59.13999938964844,246100.0
2018-03-13,59.43000030517578,59.56999969482422,58.650001525878906,59.2400016784668,275000.0
2018-03-14,59.47999954223633,59.86000061035156,58.279998779296875,58.54999923706055,193400.0
2018-03-15,58.56999969482422,58.88999938964844,57.65999984741211,57.900001525878906,186900.0
2018-03-16,57.790000915527344,58.47999954223633,57.650001525878906,58.040000915527344,463000.0
2018-03-19,58.0,58.29999923706055,57.36000061035156,58.220001220703125,196700.0
2018-03-20,58.25,59.15999984741211,58.13999938964844,58.70000076293945,227600.0
2018-03-21,58.70000076293945,58.70000076293945,58.150001525878906,58.33000183105469,98300.0
2018-03-22,58.040000915527344,58.45000076293945,57.18000030517578,57.220001220703125,134300.0
2018-03-23,57.25,57.25,56.189998626708984,56.20000076293945,197400.0
2018-03-26,57.16999816894531,57.869998931884766,56.540000915527344,57.5099983215332,315900.0
2018-03-27,57.4900016784668,57.65999984741211,56.22999954223633,56.849998474121094,196900.0
2018-03-28,57.20000076293945,57.40999984741211,56.70000076293945,57.0,152200.0
2018-03-29,57.209999084472656,57.95000076293945,56.790000915527344,57.59000015258789,223500.0
2018-04-02,57.380001068115234,57.54999923706055,54.959999084472656,55.439998626708984,209900.0
2018-04-03,55.540000915527344,56.83000183105469,55.529998779296875,56.59000015258789,305700.0
2018-04-04,55.79999923706055,57.54999923706055,55.709999084472656,57.40999984741211,185100.0
2018-04-05,57.7400016784668,58.380001068115234,57.189998626708984,58.04999923706055,145900.0
2018-04-06,57.65999984741211,58.029998779296875,56.29999923706055,56.81999969482422,157000.0
2018-04-09,57.02000045776367,57.11000061035156,56.22999954223633,56.25,102500.0
2018-04-10,56.83000183105469,57.0099983215332,56.33000183105469,56.81999969482422,163800.0
2018-04-11,56.56999969482422,56.689998626708984,56.0,56.380001068115234,129700.0
2018-04-12,56.599998474121094,56.97999954223633,56.31999969482422,56.459999084472656,71200.0
2018-04-13,56.83000183105469,56.83000183105469,56.20000076293945,56.29999923706055,189900.0
2018-04-16,56.77000045776367,57.27000045776367,56.400001525878906,57.099998474121094,300200.0
2018-04-17,57.5099983215332,57.93000030517578,57.08000183105469,57.47999954223633,312000.0
2018-04-18,57.7400016784668,57.900001525878906,57.13999938964844,57.2599983215332,233300.0
2018-04-19,56.77000045776367,56.91999816894531,55.83000183105469,56.13999938964844,140700.0
2018-04-20,56.0099983215332,56.36000061035156,55.54999923706055,55.9900016784668,150100.0
2018-04-23,56.029998779296875,56.209999084472656,55.68000030517578,55.900001525878906,143200.0
2018-04-24,56.0099983215332,56.959999084472656,54.849998474121094,55.34000015258789,163700.0
2018-04-25,55.25,55.77000045776367,54.939998626708984,55.220001220703125,148900.0
2018-04-26,55.22999954223633,55.790000915527344,55.060001373291016,55.599998474121094,171600.0
2018-04-27,55.59000015258789,55.9900016784668,54.83000183105469,55.13999938964844,249600.0
2018-04-30,55.25,55.630001068115234,54.400001525878906,54.68000030517578,221100.0
2018-05-01,57.02000045776367,59.040000915527344,56.72999954223633,58.849998474121094,571000.0
2018-05-02,59.02000045776367,59.02000045776367,57.81999969482422,58.59000015258789,312900.0
2018-05-03,58.560001373291016,58.95000076293945,57.790000915527344,58.58000183105469,231500.0
2018-05-04,58.41999816894531,59.380001068115234,58.279998779296875,58.939998626708984,172700.0
2018-05-07,59.150001525878906,59.61000061035156,58.77000045776367,59.529998779296875,209500.0
2018-05-08,59.540000915527344,60.75,59.540000915527344,60.54999923706055,193800.0
2018-05-09,60.75,60.75,59.52000045776367,60.20000076293945,207600.0
2018-05-10,60.290000915527344,60.97999954223633,60.13999938964844,60.95000076293945,150300.0
2018-05-11,61.0,61.939998626708984,60.4900016784668,61.83000183105469,244400.0
2018-05-14,61.91999816894531,62.08000183105469,60.2400016784668,60.34000015258789,167400.0
2018-05-15,60.29999923706055,60.38999938964844,59.779998779296875,60.29999923706055,213000.0
2018-05-16,60.560001373291016,61.689998626708984,60.119998931884766,61.29999923706055,193600.0
2018-05-17,61.31999969482422,62.20000076293945,61.119998931884766,61.97999954223633,143200.0
2018-05-18,62.099998474121094,63.08000183105469,62.08000183105469,62.86000061035156,133200.0
2018-05-21,62.970001220703125,63.849998474121094,62.970001220703125,63.5,115700.0
2018-05-22,63.599998474121094,63.599998474121094,62.310001373291016,62.34000015258789,122100.0
2018-05-23,62.189998626708984,62.84000015258789,62.02000045776367,62.709999084472656,70300.0
2018-05-24,62.630001068115234,62.81999969482422,62.290000915527344,62.709999084472656,219600.0
2018-05-25,62.68000030517578,63.7400016784668,62.029998779296875,63.38999938964844,93400.0
2018-05-29,62.939998626708984,63.869998931884766,62.849998474121094,63.650001525878906,127900.0
2018-05-30,64.0,64.48999786376953,63.84000015258789,63.939998626708984,171700.0
2018-05-31,63.95000076293945,64.12999725341797,63.130001068115234,63.310001373291016,194200.0
2018-06-01,63.709999084472656,63.93000030517578,63.33000183105469,63.709999084472656,288000.0
2018-06-04,64.01000213623047,64.72000122070312,63.689998626708984,64.66000366210938,270400.0
2018-06-05,64.44999694824219,66.0,64.4000015258789,65.27999877929688,284100.0
2018-06-06,65.23999786376953,65.31999969482422,64.6500015258789,65.12000274658203,156700.0
2018-06-07,65.33999633789062,66.1500015258789,64.93000030517578,66.02999877929688,247400.0
2018-06-08,65.8499984741211,67.0999984741211,65.8499984741211,66.88999938964844,322300.0
2018-06-11,67.08000183105469,67.29000091552734,66.19000244140625,66.98999786376953,218100.0
2018-06-12,67.0999984741211,67.31999969482422,66.48999786376953,67.19999694824219,275200.0
2018-06-13,67.20999908447266,67.30000305175781,66.19999694824219,66.31999969482422,238500.0
2018-06-14,66.58000183105469,66.69999694824219,65.93000030517578,66.37000274658203,222300.0
2018-06-15,65.88999938964844,66.33000183105469,65.73999786376953,65.98999786376953,475400.0
2018-06-18,65.66999816894531,65.66999816894531,64.55000305175781,64.70999908447266,195700.0
2018-06-19,64.3499984741211,65.4800033569336,63.81999969482422,65.43000030517578,190200.0
2018-06-20,65.63999938964844,65.63999938964844,64.87999725341797,65.16000366210938,176300.0
2018-06-21,65.27999877929688,65.27999877929688,63.54999923706055,63.869998931884766,151600.0
2018-06-22,63.9900016784668,63.9900016784668,62.709999084472656,62.779998779296875,669000.0
2018-06-25,62.5,62.810001373291016,61.77000045776367,62.369998931884766,221900.0
2018-06-26,62.630001068115234,62.939998626708984,62.13999938964844,62.81999969482422,144900.0
2018-06-27,62.7400016784668,62.7599983215332,61.630001068115234,61.66999816894531,178200.0
2018-06-28,61.7400016784668,62.31999969482422,61.470001220703125,62.040000915527344,123600.0
2018-06-29,62.41999816894531,62.61000061035156,61.939998626708984,62.189998626708984,218600.0
2018-07-02,61.86000061035156,63.619998931884766,61.86000061035156,63.54999923706055,376300.0
2018-07-03,63.810001373291016,64.08000183105469,63.279998779296875,63.58000183105469,94100.0
2018-07-05,63.86000061035156,64.18000030517578,62.650001525878906,64.16000366210938,163800.0
2018-07-06,64.22000122070312,64.7699966430664,63.849998474121094,64.38999938964844,100500.0
2018-07-09,64.62000274658203,65.55000305175781,64.02999877929688,64.23999786376953,280800.0
2018-07-10,64.37000274658203,64.72000122070312,63.209999084472656,63.7599983215332,112500.0
2018-07-11,63.36000061035156,63.959999084472656,63.11000061035156,63.599998474121094,123300.0
2018-07-12,64.1500015258789,64.8499984741211,63.45000076293945,64.19999694824219,154600.0
2018-07-13,64.12000274658203,64.83000183105469,64.12000274658203,64.73999786376953,117900.0
2018-07-16,64.80999755859375,65.0,62.5,62.709999084472656,289200.0
2018-07-17,62.68000030517578,63.06999969482422,62.5099983215332,62.90999984741211,208100.0
2018-07-18,62.93000030517578,63.31999969482422,62.56999969482422,62.9900016784668,173400.0
2018-07-19,62.70000076293945,63.16999816894531,62.27000045776367,63.0,164600.0
2018-07-20,63.0,63.189998626708984,62.7599983215332,62.810001373291016,138600.0
2018-07-23,62.75,62.959999084472656,62.36000061035156,62.45000076293945,149600.0
2018-07-24,62.939998626708984,62.939998626708984,61.06999969482422,61.47999954223633,241800.0
2018-07-25,61.459999084472656,61.459999084472656,59.540000915527344,59.88999938964844,353200.0
2018-07-26,59.84000015258789,61.220001220703125,59.31999969482422,61.0,279100.0
2018-07-27,61.130001068115234,61.45000076293945,59.75,60.060001373291016,219800.0
2018-07-30,60.06999969482422,61.16999816894531,59.880001068115234,60.0,408000.0
2018-07-31,67.52999877929688,74.75,67.0,72.95999908447266,1899800.0
2018-08-01,73.05999755859375,74.91000366210938,72.16999816894531,72.80000305175781,968000.0
2018-08-02,72.9000015258789,74.01000213623047,72.30000305175781,73.5,594300.0
2018-08-03,73.43000030517578,74.0199966430664,72.83999633789062,73.73999786376953,442000.0
2018-08-06,73.81999969482422,74.30999755859375,73.12999725341797,73.93000030517578,388500.0
2018-08-07,74.06999969482422,74.16999816894531,73.26000213623047,73.55000305175781,256000.0
2018-08-08,73.4000015258789,73.93000030517578,72.41999816894531,72.79000091552734,205500.0
2018-08-09,72.75,73.41999816894531,72.11000061035156,72.33999633789062,219500.0
2018-08-10,72.25,72.94000244140625,71.33999633789062,72.70999908447266,189400.0
2018-08-13,72.72000122070312,73.1500015258789,71.48999786376953,71.6500015258789,247000.0
2018-08-14,71.98999786376953,72.98999786376953,71.63999938964844,72.83000183105469,160400.0
2018-08-15,72.66999816894531,72.66999816894531,71.58000183105469,72.12999725341797,195900.0
2018-08-16,72.41000366210938,73.06999969482422,72.0,72.87000274658203,224100.0
2018-08-17,72.6500015258789,73.5,72.48999786376953,73.20999908447266,351900.0
2018-08-20,73.29000091552734,73.54000091552734,72.70999908447266,73.0199966430664,181300.0
2018-08-21,73.30000305175781,74.5,73.30000305175781,74.08000183105469,224700.0
2018-08-22,73.87999725341797,74.62999725341797,73.61000061035156,74.4800033569336,233800.0
2018-08-23,74.58999633789062,74.79000091552734,73.77999877929688,74.30000305175781,131300.0
2018-08-24,74.3499984741211,74.81999969482422,74.05999755859375,74.7300033569336,147100.0
2018-08-27,74.94999694824219,76.16000366210938,74.43000030517578,75.75,348500.0
2018-08-28,75.75,75.95999908447266,75.05000305175781,75.75,150800.0
2018-08-29,75.93000030517578,77.0199966430664,75.20999908447266,76.62999725341797,224500.0
2018-08-30,76.54000091552734,77.63999938964844,76.13999938964844,76.94000244140625,198900.0
2018-08-31,76.62000274658203,77.36000061035156,76.23999786376953,76.7699966430664,239900.0
2018-09-04,76.70999908447266,76.81999969482422,75.31999969482422,76.2300033569336,212300.0
2018-09-05,76.26000213623047,77.58999633789062,76.26000213623047,77.4800033569336,153900.0
2018-09-06,77.76000213623047,78.36000061035156,76.62000274658203,76.77999877929688,155100.0
2018-09-07,76.6500015258789,77.13999938964844,76.55999755859375,76.7300033569336,125700.0
2018-09-10,77.27999877929688,77.88999938964844,76.81999969482422,77.44000244140625,159400.0
2018-09-11,77.20999908447266,78.04000091552734,76.95999908447266,77.66999816894531,101600.0
2018-09-12,77.56999969482422,78.23999786376953,76.58000183105469,77.63999938964844,130700.0
2018-09-13,78.06999969482422,78.06999969482422,76.5199966430664,76.86000061035156,125700.0
2018-09-14,76.73999786376953,77.94999694824219,76.51000213623047,77.76000213623047,167900.0
2018-09-17,77.66000366210938,77.66000366210938,76.44999694824219,76.58000183105469,137700.0
2018-09-18,76.77999877929688,76.94000244140625,75.77999877929688,75.95999908447266,124600.0
2018-09-19,76.12000274658203,76.12000274658203,74.91999816894531,75.0999984741211,203600.0
2018-09-20,75.55000305175781,75.76000213623047,74.83999633789062,75.44999694824219,175200.0
2018-09-21,75.44000244140625,75.5199966430664,73.45999908447266,73.56999969482422,583800.0
2018-09-24,73.63999938964844,74.47000122070312,72.94999694824219,73.4800033569336,352600.0
2018-09-25,73.41999816894531,74.0,72.41999816894531,72.69000244140625,265100.0
2018-09-26,72.52999877929688,73.5999984741211,72.12999725341797,72.97000122070312,219600.0
2018-09-27,73.0,73.5,72.48999786376953,72.56999969482422,192700.0
2018-09-28,72.3499984741211,72.91999816894531,72.11000061035156,72.45999908447266,272300.0
2018-10-01,72.94999694824219,73.43000030517578,71.6500015258789,71.93000030517578,358500.0
2018-10-02,71.81999969482422,72.44999694824219,71.0,71.2699966430664,326000.0
2018-10-03,70.76000213623047,71.62999725341797,70.73999786376953,71.31999969482422,409700.0
2018-10-04,71.13999938964844,71.62999725341797,70.69999694824219,71.12000274658203,496500.0
2018-10-05,71.26000213623047,71.26000213623047,69.19999694824219,70.5,309000.0
2018-10-08,70.30000305175781,70.5999984741211,69.7699966430664,70.12999725341797,277700.0
2018-10-09,69.94999694824219,70.75,69.19999694824219,69.33000183105469,297100.0
2018-10-10,69.13999938964844,69.13999938964844,68.33000183105469,68.4000015258789,386700.0
2018-10-11,68.13999938964844,69.1500015258789,66.9000015258789,67.11000061035156,264600.0
2018-10-12,68.05000305175781,68.0999984741211,65.86000061035156,66.77999877929688,390400.0
2018-10-15,63.470001220703125,64.94999694824219,62.900001525878906,63.20000076293945,599700.0
2018-10-16,63.43000030517578,64.52999877929688,62.150001525878906,64.45999908447266,395400.0
2018-10-17,64.08999633789062,64.08999633789062,62.29999923706055,62.869998931884766,296100.0
2018-10-18,62.40999984741211,62.63999938964844,60.65999984741211,60.959999084472656,409400.0
2018-10-19,61.099998474121094,61.150001525878906,59.34000015258789,59.4900016784668,343300.0
2018-10-22,59.41999816894531,60.279998779296875,58.90999984741211,59.47999954223633,767200.0
2018-10-23,58.77000045776367,59.9900016784668,58.400001525878906,58.45000076293945,440700.0
2018-10-24,57.90999984741211,58.72999954223633,56.900001525878906,56.939998626708984,622600.0
2018-10-25,57.119998931884766,58.22999954223633,57.119998931884766,57.369998931884766,357800.0
2018-10-26,56.29999923706055,56.709999084472656,55.220001220703125,55.86000061035156,400100.0
2018-10-29,56.810001373291016,57.5099983215332,54.349998474121094,55.119998931884766,424500.0
2018-10-30,54.58000183105469,56.720001220703125,53.150001525878906,55.75,421200.0
2018-10-31,56.54999923706055,57.2599983215332,55.630001068115234,57.08000183105469,674300.0
2018-11-01,57.08000183105469,59.06999969482422,56.72999954223633,58.630001068115234,476800.0
2018-11-02,58.79999923706055,59.119998931884766,57.63999938964844,58.130001068115234,437500.0
2018-11-05,58.279998779296875,59.029998779296875,57.70000076293945,58.58000183105469,341100.0
2018-11-06,58.52000045776367,59.79999923706055,58.20000076293945,59.29999923706055,382000.0
2018-11-07,59.59000015258789,60.130001068115234,58.47999954223633,59.650001525878906,140600.0
2018-11-08,59.7400016784668,59.869998931884766,58.599998474121094,58.849998474121094,204700.0
2018-11-09,58.779998779296875,59.16999816894531,57.900001525878906,58.22999954223633,153500.0
2018-11-12,58.33000183105469,58.77000045776367,57.66999816894531,57.779998779296875,199200.0
2018-11-13,58.13999938964844,59.31999969482422,57.70000076293945,57.84000015258789,164100.0
2018-11-14,58.349998474121094,59.060001373291016,57.599998474121094,58.25,241700.0
2018-11-15,58.11000061035156,58.66999816894531,57.06999969482422,58.2400016784668,294600.0
2018-11-16,57.88999938964844,58.18000030517578,56.9900016784668,57.81999969482422,307700.0
2018-11-19,57.779998779296875,58.689998626708984,56.79999923706055,56.95000076293945,241200.0
2018-11-20,56.25,56.439998626708984,54.52000045776367,55.13999938964844,283600.0
2018-11-21,55.2400016784668,56.61000061035156,55.2400016784668,56.08000183105469,139100.0
2018-11-23,55.72999954223633,56.849998474121094,55.66999816894531,56.0099983215332,75900.0
2018-11-26,56.52000045776367,57.13999938964844,56.0099983215332,56.7599983215332,266700.0
2018-11-27,56.470001220703125,56.869998931884766,56.22999954223633,56.439998626708984,159900.0
2018-11-28,56.470001220703125,57.95000076293945,55.630001068115234,57.779998779296875,289500.0
2018-11-29,57.630001068115234,57.900001525878906,57.0,57.7599983215332,241500.0
2018-11-30,57.709999084472656,58.68000030517578,57.41999816894531,58.5,288100.0
2018-12-03,59.209999084472656,59.5,57.9900016784668,59.08000183105469,336100.0
2018-12-04,58.68000030517578,58.88999938964844,56.20000076293945,56.36000061035156,389500.0
2018-12-06,55.54999923706055,57.5,55.150001525878906,57.34000015258789,337900.0
2018-12-07,57.31999969482422,58.189998626708984,55.040000915527344,55.22999954223633,364000.0
2018-12-10,55.369998931884766,55.540000915527344,54.43000030517578,54.880001068115234,353600.0
2018-12-11,55.630001068115234,55.75,53.88999938964844,54.0099983215332,133900.0
2018-12-12,54.880001068115234,55.099998474121094,54.209999084472656,54.65999984741211,187300.0
2018-12-13,54.91999816894531,55.08000183105469,53.849998474121094,53.900001525878906,263600.0
2018-12-14,53.439998626708984,54.369998931884766,52.79999923706055,53.04999923706055,189600.0
2018-12-17,52.869998931884766,53.77000045776367,52.220001220703125,52.599998474121094,358600.0
2018-12-18,53.220001220703125,53.95000076293945,52.630001068115234,53.08000183105469,259900.0
2018-12-19,53.029998779296875,54.22999954223633,51.58000183105469,51.900001525878906,232700.0
2018-12-20,51.720001220703125,52.2599983215332,51.06999969482422,51.310001373291016,244800.0
2018-12-21,51.290000915527344,52.130001068115234,50.41999816894531,50.43000030517578,1178400.0
2018-12-24,50.18000030517578,50.939998626708984,49.540000915527344,49.79999923706055,87600.0
2018-12-26,49.70000076293945,52.349998474121094,49.70000076293945,52.22999954223633,239600.0
2018-12-27,51.38999938964844,53.20000076293945,51.38999938964844,53.150001525878906,298400.0
2018-12-28,53.34000015258789,54.5,53.27000045776367,53.779998779296875,214600.0
2018-12-31,53.97999954223633,54.380001068115234,53.70000076293945,54.130001068115234,255900.0
2019-01-02,53.400001525878906,54.790000915527344,52.52000045776367,54.790000915527344,397300.0
2019-01-03,54.52000045776367,55.310001373291016,53.86000061035156,54.16999816894531,209900.0
2019-01-04,54.90999984741211,56.2400016784668,54.90999984741211,55.880001068115234,178300.0
2019-01-07,55.790000915527344,56.83000183105469,55.2400016784668,56.5,304900.0
2019-01-08,57.130001068115234,57.689998626708984,56.650001525878906,57.560001373291016,344600.0
2019-01-09,57.439998626708984,58.029998779296875,56.54999923706055,57.75,140200.0
2019-01-10,57.290000915527344,58.16999816894531,57.290000915527344,57.88999938964844,193600.0
2019-01-11,57.56999969482422,58.349998474121094,57.5,58.29999923706055,123900.0
2019-01-14,57.95000076293945,58.7599983215332,57.95000076293945,58.459999084472656,191200.0
2019-01-15,58.52000045776367,58.52000045776367,57.4900016784668,58.400001525878906,236700.0
2019-01-16,58.36000061035156,59.08000183105469,58.36000061035156,58.61000061035156,298800.0
2019-01-17,58.459999084472656,59.70000076293945,58.11000061035156,59.650001525878906,385300.0
2019-01-18,60.16999816894531,61.099998474121094,59.970001220703125,60.630001068115234,300200.0
2019-01-22,60.380001068115234,60.849998474121094,59.70000076293945,60.15999984741211,323200.0
2019-01-23,60.33000183105469,60.41999816894531,59.40999984741211,60.040000915527344,342600.0
2019-01-24,59.90999984741211,60.529998779296875,59.90999984741211,60.33000183105469,118500.0
2019-01-25,60.5099983215332,61.40999984741211,59.91999816894531,60.02000045776367,176500.0
2019-01-28,59.470001220703125,60.060001373291016,59.150001525878906,59.369998931884766,140400.0
2019-01-29,59.68000030517578,59.77000045776367,58.650001525878906,59.38999938964844,533400.0
2019-01-30,59.939998626708984,60.52000045776367,59.16999816894531,60.5099983215332,412100.0
2019-01-31,60.380001068115234,61.709999084472656,60.380001068115234,61.380001068115234,195000.0
2019-02-01,61.59000015258789,61.790000915527344,60.75,61.13999938964844,145000.0
2019-02-04,60.95000076293945,61.43000030517578,60.41999816894531,60.939998626708984,309300.0
2019-02-05,58.31999969482422,58.31999969482422,54.9900016784668,57.130001068115234,695800.0
2019-02-06,56.95000076293945,58.84000015258789,56.84000015258789,57.77000045776367,286400.0
2019-02-07,57.66999816894531,58.77000045776367,57.66999816894531,58.04999923706055,226900.0
2019-02-08,57.869998931884766,58.13999938964844,57.790000915527344,57.84000015258789,341900.0
2019-02-11,57.91999816894531,58.650001525878906,57.790000915527344,58.290000915527344,292400.0
2019-02-12,58.70000076293945,60.63999938964844,58.70000076293945,60.380001068115234,274200.0
2019-02-13,60.66999816894531,60.959999084472656,59.720001220703125,59.81999969482422,348200.0
2019-02-14,59.41999816894531,60.16999816894531,59.220001220703125,59.84000015258789,244400.0
2019-02-15,60.15999984741211,60.470001220703125,59.900001525878906,60.220001220703125,155900.0
2019-02-19,59.86000061035156,60.84000015258789,59.849998474121094,60.209999084472656,176600.0
2019-02-20,60.060001373291016,60.959999084472656,59.88999938964844,60.939998626708984,185600.0
2019-02-21,60.689998626708984,61.22999954223633,60.349998474121094,60.7599983215332,134000.0
2019-02-22,61.040000915527344,61.16999816894531,60.66999816894531,60.959999084472656,109100.0
2019-02-25,61.31999969482422,61.619998931884766,60.79999923706055,60.95000076293945,174700.0
2019-02-26,60.66999816894531,61.060001373291016,59.63999938964844,59.66999816894531,306400.0
2019-02-27,59.16999816894531,59.75,59.06999969482422,59.650001525878906,100400.0
2019-02-28,59.7400016784668,60.18000030517578,59.08000183105469,59.93000030517578,324200.0
2019-03-01,60.5,60.7400016784668,59.29999923706055,59.790000915527344,206800.0
2019-03-04,59.779998779296875,60.5,59.709999084472656,59.84000015258789,118400.0
2019-03-05,60.0,60.189998626708984,59.56999969482422,59.84000015258789,250500.0
2019-03-06,59.93000030517578,60.060001373291016,59.439998626708984,59.68000030517578,255400.0
2019-03-07,59.619998931884766,60.279998779296875,59.22999954223633,59.93000030517578,219700.0
2019-03-08,59.599998474121094,60.31999969482422,59.599998474121094,59.97999954223633,180400.0
2019-03-11,60.04999923706055,60.45000076293945,59.7400016784668,60.439998626708984,181900.0
2019-03-12,60.4900016784668,60.4900016784668,59.939998626708984,60.02000045776367,144400.0
2019-03-13,60.209999084472656,60.310001373291016,59.7400016784668,59.88999938964844,156400.0
2019-03-14,59.7400016784668,59.939998626708984,59.720001220703125,59.79999923706055,124100.0
2019-03-15,59.970001220703125,60.529998779296875,59.16999816894531,59.40999984741211,580800.0
2019-03-18,59.41999816894531,60.31999969482422,59.209999084472656,60.20000076293945,155700.0
2019-03-19,60.470001220703125,60.66999816894531,59.310001373291016,59.40999984741211,204900.0
2019-03-20,59.31999969482422,59.470001220703125,58.0099983215332,58.43000030517578,168800.0
2019-03-21,58.310001373291016,60.029998779296875,58.310001373291016,59.84000015258789,247200.0
2019-03-22,59.470001220703125,59.470001220703125,56.36000061035156,56.459999084472656,265300.0
2019-03-25,56.61000061035156,57.18000030517578,55.79999923706055,56.58000183105469,284400.0
2019-03-26,57.040000915527344,57.91999816894531,56.599998474121094,57.5,200000.0
2019-03-27,57.41999816894531,58.0099983215332,56.970001220703125,57.41999816894531,155200.0
2019-03-28,57.77000045776367,58.130001068115234,56.93000030517578,57.540000915527344,198400.0
2019-03-29,57.939998626708984,59.45000076293945,57.939998626708984,59.27000045776367,439000.0
2019-04-01,59.66999816894531,60.7599983215332,59.09000015258789,59.2599983215332,242500.0
2019-04-02,59.31999969482422,59.31999969482422,58.560001373291016,59.02000045776367,159300.0
2019-04-03,59.209999084472656,59.880001068115234,58.970001220703125,59.2400016784668,113700.0
2019-04-04,59.400001525878906,60.52000045776367,59.400001525878906,60.2599983215332,120900.0
2019-04-05,60.400001525878906,61.54999923706055,60.290000915527344,61.25,176000.0
2019-04-08,61.11000061035156,62.22999954223633,60.75,62.119998931884766,142200.0
2019-04-09,62.08000183105469,62.08000183105469,61.11000061035156,61.25,128000.0
2019-04-10,61.45000076293945,62.29999923706055,61.2400016784668,62.08000183105469,185500.0
2019-04-11,62.25,63.15999984741211,61.72999954223633,62.939998626708984,139200.0
2019-04-12,63.33000183105469,63.88999938964844,63.189998626708984,63.68000030517578,118200.0
2019-04-15,63.849998474121094,64.55999755859375,62.880001068115234,63.189998626708984,142500.0
2019-04-16,63.439998626708984,63.79999923706055,62.709999084472656,63.70000076293945,237200.0
2019-04-17,64.08000183105469,64.47000122070312,63.40999984741211,64.19999694824219,271100.0
2019-04-18,63.86000061035156,64.05999755859375,63.2599983215332,63.61000061035156,139700.0
2019-04-22,63.16999816894531,63.470001220703125,62.18000030517578,62.54999923706055,178800.0
2019-04-23,62.41999816894531,63.349998474121094,62.2400016784668,62.849998474121094,269500.0
2019-04-24,62.77000045776367,63.29999923706055,62.709999084472656,62.970001220703125,330800.0
2019-04-25,62.59000015258789,62.81999969482422,61.2400016784668,61.95000076293945,404400.0
2019-04-26,62.13999938964844,62.68000030517578,61.88999938964844,61.9900016784668,435600.0
2019-04-29,61.849998474121094,63.849998474121094,61.79999923706055,63.43000030517578,500500.0
2019-04-30,64.26000213623047,64.88999938964844,62.540000915527344,63.68000030517578,384300.0
2019-05-01,63.4900016784668,64.79000091552734,63.439998626708984,64.08000183105469,457000.0
2019-05-02,64.01000213623047,65.2300033569336,63.900001525878906,64.83000183105469,258400.0
2019-05-03,65.30999755859375,66.91000366210938,65.30999755859375,66.7699966430664,285300.0
2019-05-06,65.77999877929688,67.30000305175781,65.33999633789062,67.18000030517578,259000.0
2019-05-07,66.5,67.0199966430664,66.2699966430664,66.62999725341797,410200.0
2019-05-08,66.86000061035156,67.06999969482422,66.19000244140625,66.37000274658203,241300.0
2019-05-09,65.91999816894531,66.9000015258789,65.41999816894531,66.87000274658203,256800.0
2019-05-10,66.5199966430664,67.5199966430664,66.18000030517578,67.29000091552734,152800.0
2019-05-13,66.44000244140625,66.44000244140625,65.25,65.54000091552734,186900.0
2019-05-14,65.72000122070312,65.80000305175781,65.25,65.52999877929688,102800.0
2019-05-15,65.12999725341797,65.5,64.5999984741211,65.4000015258789,132600.0
2019-05-16,65.63999938964844,65.94999694824219,64.93000030517578,65.20999908447266,303700.0
2019-05-17,64.7699966430664,65.44999694824219,63.95000076293945,63.970001220703125,99700.0
2019-05-20,63.54999923706055,64.27999877929688,62.970001220703125,63.7599983215332,118900.0
2019-05-21,64.18000030517578,65.18000030517578,64.18000030517578,64.7300033569336,180000.0
2019-05-22,64.37000274658203,64.76000213623047,63.349998474121094,63.72999954223633,164900.0
2019-05-23,63.380001068115234,63.88999938964844,61.91999816894531,62.16999816894531,165800.0
2019-05-24,62.56999969482422,63.18000030517578,62.04999923706055,62.77000045776367,146600.0
2019-05-28,62.849998474121094,63.52000045776367,62.56999969482422,62.849998474121094,171900.0
2019-05-29,62.459999084472656,62.970001220703125,60.720001220703125,61.849998474121094,125300.0
2019-05-30,62.06999969482422,62.709999084472656,61.06999969482422,61.61000061035156,81900.0
2019-05-31,60.77000045776367,61.040000915527344,60.310001373291016,60.84000015258789,127900.0
2019-06-03,60.790000915527344,62.349998474121094,60.790000915527344,61.970001220703125,160000.0
2019-06-04,62.720001220703125,64.23999786376953,62.459999084472656,64.0999984741211,83100.0
2019-06-05,64.26000213623047,64.94999694824219,63.470001220703125,64.27999877929688,181000.0
2019-06-06,64.29000091552734,64.45999908447266,63.08000183105469,64.18000030517578,73100.0
2019-06-07,64.48999786376953,65.16000366210938,64.33999633789062,64.73999786376953,118700.0
2019-06-10,64.94999694824219,65.86000061035156,64.79000091552734,65.37000274658203,97300.0
2019-06-11,65.9000015258789,65.9000015258789,65.04000091552734,65.66999816894531,182500.0
2019-06-12,65.62000274658203,66.27999877929688,65.18000030517578,65.31999969482422,164500.0
2019-06-13,65.62000274658203,66.20999908447266,65.51000213623047,66.18000030517578,109900.0
2019-06-14,66.0,66.33999633789062,65.66000366210938,65.88999938964844,103800.0
2019-06-17,65.88999938964844,66.05999755859375,65.2300033569336,65.43000030517578,147000.0
2019-06-18,65.97000122070312,67.0199966430664,64.98999786376953,65.5999984741211,235400.0
2019-06-19,65.69000244140625,65.69000244140625,64.22000122070312,65.2699966430664,239900.0
2019-06-20,65.9000015258789,66.08999633789062,64.86000061035156,65.36000061035156,221900.0
2019-06-21,65.05000305175781,66.04000091552734,64.66000366210938,64.7699966430664,299000.0
2019-06-24,64.98999786376953,65.12999725341797,64.26000213623047,64.83000183105469,195500.0
2019-06-25,65.06999969482422,65.41999816894531,64.58999633789062,64.5999984741211,103000.0
2019-06-26,64.97000122070312,65.73999786376953,64.91000366210938,65.33999633789062,126800.0
2019-06-27,65.8499984741211,66.5999984741211,65.69000244140625,65.86000061035156,161400.0
2019-06-28,66.12999725341797,66.95999908447266,65.98999786376953,66.45999908447266,847500.0
2019-07-01,67.20999908447266,68.05999755859375,65.77999877929688,66.26000213623047,180100.0
2019-07-02,65.98999786376953,66.22000122070312,65.11000061035156,65.47000122070312,144000.0
2019-07-03,65.80999755859375,66.29000091552734,65.26000213623047,65.72000122070312,101800.0
2019-07-05,65.38999938964844,66.58000183105469,64.80999755859375,66.41999816894531,98400.0
2019-07-08,66.19999694824219,66.19999694824219,65.41999816894531,65.55999755859375,351800.0
2019-07-09,65.5,65.5,64.58000183105469,64.94999694824219,187100.0
2019-07-10,65.02999877929688,65.23999786376953,64.38999938964844,64.83000183105469,170800.0
2019-07-11,65.08000183105469,65.33000183105469,63.720001220703125,63.9900016784668,130500.0
2019-07-12,64.27999877929688,65.88999938964844,63.77000045776367,65.5199966430664,161500.0
2019-07-15,65.79000091552734,65.79000091552734,64.51000213623047,65.3499984741211,69600.0
2019-07-16,65.38999938964844,65.9800033569336,65.38999938964844,65.62999725341797,105200.0
2019-07-17,65.5999984741211,65.73999786376953,64.5999984741211,64.61000061035156,88100.0
2019-07-18,64.56999969482422,65.0199966430664,64.19000244140625,64.81999969482422,105000.0
2019-07-19,64.9800033569336,65.88999938964844,63.459999084472656,63.5,263300.0
2019-07-22,63.41999816894531,63.619998931884766,62.90999984741211,63.13999938964844,79600.0
2019-07-23,63.56999969482422,64.5,63.45000076293945,64.20999908447266,163600.0
2019-07-24,63.970001220703125,65.80000305175781,63.68000030517578,65.58999633789062,175300.0
2019-07-25,65.9000015258789,66.2699966430664,65.48999786376953,65.66999816894531,193800.0
2019-07-26,65.88999938964844,66.56999969482422,65.06999969482422,66.37000274658203,222500.0
2019-07-29,66.31999969482422,66.31999969482422,64.98999786376953,65.37000274658203,271500.0
2019-07-30,60.0,62.0,57.36000061035156,59.310001373291016,1273800.0
2019-07-31,59.0099983215332,62.2599983215332,59.0099983215332,61.7599983215332,603900.0
2019-08-01,61.88999938964844,62.81999969482422,61.34000015258789,61.720001220703125,541000.0
2019-08-02,61.56999969482422,62.27000045776367,61.290000915527344,62.040000915527344,274900.0
2019-08-05,60.970001220703125,61.83000183105469,60.58000183105469,61.5,460700.0
2019-08-06,61.68000030517578,62.77000045776367,61.540000915527344,62.400001525878906,378100.0
2019-08-07,61.58000183105469,62.880001068115234,61.52000045776367,62.54999923706055,267500.0
2019-08-08,62.869998931884766,63.7599983215332,62.66999816894531,63.72999954223633,228000.0
2019-08-09,63.5099983215332,63.65999984741211,62.93000030517578,63.27000045776367,295200.0
2019-08-12,63.119998931884766,63.130001068115234,62.29999923706055,62.5,191500.0
2019-08-13,62.25,63.75,62.25,63.060001373291016,154100.0
2019-08-14,62.119998931884766,62.4900016784668,61.849998474121094,62.209999084472656,249800.0
2019-08-15,62.279998779296875,62.900001525878906,62.15999984741211,62.5,140100.0
2019-08-16,62.72999954223633,63.810001373291016,62.15999984741211,63.38999938964844,155500.0
2019-08-19,64.13999938964844,64.63999938964844,63.66999816894531,63.88999938964844,141100.0
2019-08-20,63.650001525878906,64.0999984741211,62.720001220703125,63.84000015258789,157000.0
2019-08-21,64.38999938964844,64.68000030517578,64.05999755859375,64.2300033569336,168500.0
2019-08-22,64.1500015258789,64.9800033569336,63.560001373291016,63.720001220703125,118400.0
2019-08-23,63.91999816894531,64.30000305175781,61.52000045776367,61.779998779296875,164900.0
2019-08-26,62.290000915527344,62.45000076293945,61.79999923706055,62.099998474121094,201200.0
2019-08-27,62.25,62.29999923706055,61.7400016784668,61.77000045776367,222500.0
2019-08-28,61.56999969482422,62.90999984741211,61.209999084472656,62.630001068115234,89100.0
2019-08-29,63.279998779296875,64.12000274658203,63.11000061035156,63.959999084472656,179900.0
2019-08-30,64.31999969482422,64.66000366210938,63.93000030517578,64.19999694824219,203900.0
2019-09-03,63.77000045776367,63.77000045776367,62.45000076293945,63.380001068115234,281900.0
2019-09-04,63.959999084472656,64.58000183105469,63.810001373291016,64.16000366210938,97400.0
2019-09-05,64.87999725341797,66.62999725341797,64.81999969482422,65.41000366210938,218800.0
2019-09-06,65.58000183105469,66.3499984741211,65.36000061035156,65.43000030517578,166900.0
2019-09-09,65.5199966430664,66.52999877929688,65.19000244140625,66.48999786376953,243100.0
2019-09-10,66.72000122070312,67.61000061035156,65.95999908447266,66.69999694824219,194400.0
2019-09-11,67.27999877929688,67.73999786376953,66.27999877929688,67.52999877929688,335000.0
2019-09-12,67.62999725341797,68.81999969482422,66.69999694824219,68.4800033569336,208100.0
2019-09-13,69.0,69.16000366210938,68.2699966430664,68.58000183105469,189000.0
2019-09-16,68.05999755859375,69.25,67.87000274658203,69.0999984741211,130700.0
2019-09-17,69.04000091552734,69.04000091552734,68.30000305175781,68.68000030517578,225600.0
2019-09-18,68.69999694824219,69.22000122070312,68.31999969482422,68.94999694824219,149400.0
2019-09-19,68.80000305175781,69.19999694824219,68.16000366210938,68.25,197000.0
2019-09-20,68.30999755859375,68.93000030517578,67.73999786376953,68.44000244140625,432600.0
2019-09-23,68.16999816894531,68.62000274658203,68.05999755859375,68.05999755859375,151500.0
2019-09-24,68.06999969482422,68.69000244140625,67.68000030517578,68.12000274658203,276100.0
2019-09-25,68.31999969482422,68.93000030517578,67.87000274658203,68.68000030517578,173300.0
2019-09-26,68.61000061035156,69.26000213623047,68.33000183105469,68.48999786376953,166900.0
2019-09-27,68.73999786376953,69.19999694824219,67.58999633789062,68.19000244140625,208600.0
2019-09-30,68.4000015258789,69.76000213623047,68.4000015258789,69.37000274658203,215700.0
2019-10-01,69.80999755859375,70.5999984741211,68.06999969482422,68.12999725341797,193500.0
2019-10-02,67.41000366210938,68.33999633789062,67.05000305175781,68.16000366210938,180400.0
2019-10-03,67.91999816894531,68.81999969482422,67.55000305175781,68.45999908447266,236500.0
2019-10-04,68.54000091552734,69.4800033569336,68.54000091552734,69.43000030517578,118200.0
2019-10-07,68.97000122070312,69.68000030517578,68.6500015258789,69.37000274658203,226700.0
2019-10-08,68.62000274658203,69.08999633789062,68.20999908447266,68.54000091552734,134500.0
2019-10-09,69.13999938964844,69.79000091552734,68.44999694824219,68.5999984741211,128100.0
2019-10-10,68.9000015258789,69.3499984741211,68.54000091552734,68.69000244140625,93500.0
2019-10-11,69.5999984741211,70.80000305175781,69.22000122070312,69.27999877929688,194000.0
2019-10-14,69.11000061035156,69.94000244140625,68.44000244140625,69.75,93700.0
2019-10-15,70.04000091552734,71.0,70.04000091552734,70.83999633789062,153300.0
2019-10-16,70.62999725341797,71.62000274658203,70.56999969482422,71.23999786376953,203500.0
2019-10-17,71.80999755859375,72.80999755859375,71.80999755859375,72.55000305175781,239400.0
2019-10-18,72.44000244140625,73.18000030517578,72.08999633789062,72.37999725341797,245100.0
2019-10-21,73.02999877929688,73.62000274658203,72.95999908447266,73.27999877929688,188700.0
2019-10-22,73.27999877929688,73.83000183105469,73.08000183105469,73.55999755859375,138900.0
2019-10-23,73.33000183105469,74.19000244140625,73.18000030517578,73.9000015258789,298000.0
2019-10-24,73.33000183105469,74.62000274658203,73.33000183105469,74.44000244140625,291500.0
2019-10-25,74.58000183105469,75.69000244140625,74.4000015258789,74.6500015258789,208200.0
2019-10-28,75.13999938964844,75.54000091552734,74.48999786376953,75.33999633789062,231100.0
2019-10-29,76.05000305175781,84.98999786376953,76.05000305175781,81.7699966430664,1422100.0
2019-10-30,82.0,83.20999908447266,80.9800033569336,82.52999877929688,910300.0
2019-10-31,82.22000122070312,83.12000274658203,81.94000244140625,82.63999938964844,419300.0
2019-11-01,83.0,84.08000183105469,82.58000183105469,83.43000030517578,553300.0
2019-11-04,84.08000183105469,84.38999938964844,83.23999786376953,83.9800033569336,272200.0
2019-11-05,84.0,84.56999969482422,83.55999755859375,83.76000213623047,439500.0
2019-11-06,83.38999938964844,84.3499984741211,82.75,83.91999816894531,259000.0
2019-11-07,84.56999969482422,85.36000061035156,83.23999786376953,83.87000274658203,302200.0
2019-11-08,84.01000213623047,84.77999877929688,83.55999755859375,83.91000366210938,333600.0
2019-11-11,83.29000091552734,83.91999816894531,82.69999694824219,83.19999694824219,327300.0
2019-11-12,83.56999969482422,83.66999816894531,82.63999938964844,83.04000091552734,416000.0
2019-11-13,82.68000030517578,83.5999984741211,80.88999938964844,82.70999908447266,521900.0
2019-11-14,82.72000122070312,83.11000061035156,81.72000122070312,81.80999755859375,715000.0
2019-11-15,82.36000061035156,82.97000122070312,81.05999755859375,81.25,636300.0
2019-11-18,81.37000274658203,82.11000061035156,80.7300033569336,81.25,372400.0
2019-11-19,81.69000244140625,81.7300033569336,80.91000366210938,80.9800033569336,267000.0
2019-11-20,80.9000015258789,82.33999633789062,80.58999633789062,80.69000244140625,309700.0
2019-11-21,81.1500015258789,81.25,79.75,79.83999633789062,250300.0
2019-11-22,80.16000366210938,80.4800033569336,79.73999786376953,80.13999938964844,137100.0
2019-11-25,80.30999755859375,81.77999877929688,80.08000183105469,81.38999938964844,228500.0
2019-11-26,81.5199966430664,82.19999694824219,81.19000244140625,81.9800033569336,288900.0
2019-11-27,82.4000015258789,82.52999877929688,81.29000091552734,81.30999755859375,142900.0
2019-11-29,81.02999877929688,81.62999725341797,80.97000122070312,81.19999694824219,91600.0
2019-12-02,81.33999633789062,81.41999816894531,79.43000030517578,79.70999908447266,414500.0
2019-12-03,79.16000366210938,81.55999755859375,78.5999984741211,81.2300033569336,342400.0
2019-12-04,81.25,82.23999786376953,80.94999694824219,81.33999633789062,232600.0
2019-12-05,81.16999816894531,81.98999786376953,81.16000366210938,81.83999633789062,227700.0
2019-12-06,82.47000122070312,83.04000091552734,81.33000183105469,81.33000183105469,301300.0
2019-12-09,81.05000305175781,81.30000305175781,80.38999938964844,80.5,386500.0
2019-12-10,80.25,80.83999633789062,79.86000061035156,80.62999725341797,194200.0
2019-12-11,80.68000030517578,80.68000030517578,79.44000244140625,79.77999877929688,331300.0
2019-12-12,79.77999877929688,80.11000061035156,78.7300033569336,78.86000061035156,356600.0
2019-12-13,78.66000366210938,80.11000061035156,78.20999908447266,78.62999725341797,264200.0
2019-12-16,79.06999969482422,79.55999755859375,77.58999633789062,77.62000274658203,258200.0
2019-12-17,77.63999938964844,78.08999633789062,77.48999786376953,77.77999877929688,204100.0
2019-12-18,78.06999969482422,78.37000274658203,77.1500015258789,78.33000183105469,820400.0
2019-12-19,78.22000122070312,78.22000122070312,77.44000244140625,77.98999786376953,710500.0
2019-12-20,78.18000030517578,79.9000015258789,78.0,79.66999816894531,1199400.0
2019-12-23,79.7300033569336,80.22000122070312,79.33000183105469,79.58999633789062,272900.0
2019-12-24,79.70999908447266,80.01000213623047,79.33999633789062,79.91000366210938,75300.0
2019-12-26,79.93000030517578,80.38999938964844,79.5999984741211,80.25,137300.0
2019-12-27,80.47000122070312,80.73999786376953,79.98999786376953,80.4800033569336,188300.0
2019-12-30,80.61000061035156,80.7300033569336,80.0,80.30999755859375,245300.0
2019-12-31,79.97000122070312,80.86000061035156,79.58999633789062,80.2300033569336,204700.0
2020-01-02,80.47000122070312,81.2300033569336,79.98999786376953,81.20999908447266,396100.0
2020-01-03,80.45999908447266,81.54000091552734,80.12999725341797,81.41999816894531,259600.0
2020-01-06,80.95999908447266,81.4000015258789,80.36000061035156,81.23999786376953,149400.0
2020-01-07,80.72000122070312,81.19999694824219,80.06999969482422,80.80999755859375,233700.0
2020-01-08,81.04000091552734,82.08000183105469,80.87999725341797,81.68000030517578,266900.0
2020-01-09,81.66000366210938,82.23999786376953,80.91000366210938,81.66999816894531,156100.0
2020-01-10,81.80999755859375,82.0999984741211,81.13999938964844,81.91000366210938,113300.0
2020-01-13,81.91000366210938,83.13999938964844,81.91000366210938,83.05000305175781,159100.0
2020-01-14,83.01000213623047,83.01000213623047,81.63999938964844,82.5199966430664,253000.0
2020-01-15,82.2699966430664,83.51000213623047,82.2699966430664,82.70999908447266,236500.0
2020-01-16,83.08000183105469,84.0199966430664,83.08000183105469,84.01000213623047,157500.0
2020-01-17,84.41999816894531,84.5,83.22000122070312,83.37999725341797,145400.0
2020-01-21,83.25,83.79000091552734,83.02999877929688,83.41000366210938,182800.0
2020-01-22,83.83000183105469,84.73999786376953,83.58000183105469,84.66999816894531,252300.0
2020-01-23,84.38999938964844,85.87999725341797,83.93000030517578,85.56999969482422,241800.0
2020-01-24,85.55999755859375,85.87999725341797,83.86000061035156,84.45999908447266,159300.0
2020-01-27,83.61000061035156,85.63999938964844,83.47000122070312,85.18000030517578,264200.0
2020-01-28,84.98999786376953,87.5199966430664,84.98999786376953,86.98999786376953,363900.0
2020-01-29,87.12999725341797,87.69999694824219,86.48999786376953,86.51000213623047,238800.0
2020-01-30,86.0199966430664,86.66000366210938,84.87999725341797,85.41000366210938,208000.0
2020-01-31,84.98999786376953,85.48999786376953,82.4800033569336,82.66999816894531,314900.0
2020-02-03,82.94000244140625,83.8499984741211,82.70999908447266,83.56999969482422,450300.0
2020-02-04,84.73999786376953,88.25,83.29000091552734,86.48999786376953,376400.0
2020-02-05,86.9000015258789,86.9800033569336,85.44000244140625,86.02999877929688,346000.0
2020-02-06,86.58999633789062,87.0,85.87999725341797,86.70999908447266,221200.0
2020-02-07,86.37000274658203,86.79000091552734,85.93000030517578,86.56999969482422,224600.0
2020-02-10,86.30000305175781,87.93000030517578,86.30000305175781,86.9800033569336,156700.0
2020-02-11,87.3499984741211,87.95999908447266,85.69000244140625,85.75,389200.0
2020-02-12,85.75,86.5199966430664,84.44000244140625,84.62999725341797,262400.0
2020-02-13,84.13999938964844,85.0999984741211,83.94000244140625,84.19999694824219,177000.0
2020-02-14,84.01000213623047,85.5,83.68000030517578,85.25,233900.0
2020-02-18,85.02999877929688,85.6500015258789,84.47000122070312,85.36000061035156,209500.0
2020-02-19,85.62000274658203,86.02999877929688,84.86000061035156,84.95999908447266,269100.0
2020-02-20,84.54000091552734,86.22000122070312,84.54000091552734,84.98999786376953,191600.0
2020-02-21,85.02999877929688,86.05999755859375,84.5999984741211,85.12000274658203,152400.0
2020-02-24,82.7300033569336,83.72000122070312,82.25,82.5999984741211,161300.0
2020-02-25,82.80000305175781,83.05000305175781,79.9800033569336,80.23999786376953,234000.0
2020-02-26,80.37999725341797,81.41000366210938,79.9800033569336,80.3499984741211,265900.0
2020-02-27,79.01000213623047,81.62999725341797,78.52999877929688,79.4800033569336,382800.0
2020-02-28,77.76000213623047,80.0999984741211,77.0199966430664,79.43000030517578,462400.0
2020-03-02,79.91000366210938,83.0999984741211,79.68000030517578,82.93000030517578,503900.0
2020-03-03,82.72000122070312,85.51000213623047,80.9800033569336,81.4000015258789,495800.0
2020-03-04,82.77999877929688,84.8499984741211,82.33999633789062,84.72000122070312,333500.0
2020-03-05,83.05999755859375,84.2300033569336,82.98999786376953,83.9800033569336,546100.0
2020-03-06,81.91000366210938,82.93000030517578,80.51000213623047,82.63999938964844,469800.0
2020-03-09,75.0,82.08000183105469,73.19000244140625,79.01000213623047,484100.0
2020-03-10,80.70999908447266,81.37000274658203,77.3499984741211,80.63999938964844,554900.0
2020-03-11,79.01000213623047,79.01000213623047,74.94000244140625,75.08999633789062,485100.0
2020-03-12,67.5,71.41000366210938,64.66000366210938,64.95999908447266,585500.0
2020-03-13,67.81999969482422,69.8499984741211,64.94000244140625,69.61000061035156,589000.0
2020-03-16,60.0,66.62999725341797,58.470001220703125,63.36000061035156,594700.0
2020-03-17,64.44000244140625,66.44000244140625,61.75,63.11000061035156,743300.0
2020-03-18,59.18000030517578,60.06999969482422,56.220001220703125,58.439998626708984,577600.0
2020-03-19,58.58000183105469,66.5,57.75,65.94000244140625,406800.0
2020-03-20,66.19000244140625,66.51000213623047,54.81999969482422,55.58000183105469,633100.0
2020-03-23,55.33000183105469,55.369998931884766,47.02000045776367,49.130001068115234,742800.0
2020-03-24,50.95000076293945,55.93000030517578,49.34000015258789,53.810001373291016,501900.0
2020-03-25,53.650001525878906,57.34000015258789,52.029998779296875,55.220001220703125,560400.0
2020-03-26,55.900001525878906,61.47999954223633,55.060001373291016,59.83000183105469,431100.0
2020-03-27,57.02000045776367,62.13999938964844,56.65999984741211,59.560001373291016,307200.0
2020-03-30,60.099998474121094,62.150001525878906,59.63999938964844,61.86000061035156,269200.0
2020-03-31,61.0,62.88999938964844,60.54999923706055,61.97999954223633,509500.0
2020-04-01,59.369998931884766,60.810001373291016,58.540000915527344,60.349998474121094,650700.0
2020-04-02,60.209999084472656,63.2599983215332,59.869998931884766,62.939998626708984,519300.0
2020-04-03,61.83000183105469,62.70000076293945,56.31999969482422,56.58000183105469,432100.0
2020-04-06,58.849998474121094,62.709999084472656,58.849998474121094,62.529998779296875,255500.0
2020-04-07,64.88999938964844,65.05000305175781,60.66999816894531,61.4900016784668,432300.0
2020-04-08,62.779998779296875,63.22999954223633,61.36000061035156,62.7599983215332,252700.0
2020-04-09,63.81999969482422,66.70999908447266,63.310001373291016,66.58000183105469,209900.0
2020-04-13,65.91000366210938,66.01000213623047,62.849998474121094,63.529998779296875,185600.0
2020-04-14,65.33999633789062,66.38999938964844,62.81999969482422,64.01000213623047,345300.0
2020-04-15,62.060001373291016,63.47999954223633,61.13999938964844,62.65999984741211,340400.0
2020-04-16,62.220001220703125,63.63999938964844,60.2599983215332,61.90999984741211,364100.0
2020-04-17,63.61000061035156,65.2699966430664,63.04999923706055,63.400001525878906,284200.0
2020-04-20,61.959999084472656,63.58000183105469,60.529998779296875,61.20000076293945,210600.0
2020-04-21,59.75,60.11000061035156,58.0,58.0,277200.0
2020-04-22,59.529998779296875,59.7400016784668,57.41999816894531,58.36000061035156,276900.0
2020-04-23,58.099998474121094,59.939998626708984,58.099998474121094,58.720001220703125,253100.0
2020-04-24,58.959999084472656,60.02000045776367,58.209999084472656,60.02000045776367,214600.0
2020-04-27,60.2400016784668,63.45000076293945,59.68000030517578,63.279998779296875,274100.0
2020-04-28,69.61000061035156,76.33000183105469,69.54000091552734,72.93000030517578,559500.0
2020-04-29,73.0,75.86000061035156,72.41000366210938,74.94999694824219,480100.0
2020-04-30,73.79000091552734,74.33000183105469,71.4800033569336,72.0999984741211,283700.0
2020-05-01,70.94999694824219,71.08000183105469,69.5,70.43000030517578,249700.0
2020-05-04,69.29000091552734,70.13999938964844,68.73999786376953,70.11000061035156,274100.0
2020-05-05,71.5199966430664,73.6500015258789,71.26000213623047,72.45999908447266,271400.0
2020-05-06,72.58000183105469,72.73999786376953,70.97000122070312,71.55000305175781,252500.0
2020-05-07,72.73999786376953,73.27999877929688,71.18000030517578,71.55000305175781,188600.0
2020-05-08,73.06999969482422,74.91000366210938,72.62999725341797,74.80999755859375,214300.0
2020-05-11,74.08999633789062,75.2300033569336,73.13999938964844,74.12999725341797,270600.0
2020-05-12,74.19000244140625,74.19000244140625,69.44000244140625,69.5199966430664,221100.0
2020-05-13,68.87999725341797,70.36000061035156,67.83000183105469,68.19999694824219,316300.0
2020-05-14,67.11000061035156,68.73999786376953,65.51000213623047,68.63999938964844,225600.0
2020-05-15,68.55000305175781,69.94000244140625,67.66999816894531,68.94999694824219,241200.0
2020-05-18,71.70999908447266,73.95999908447266,71.22000122070312,73.4000015258789,344700.0
2020-05-19,72.75,74.41999816894531,72.19999694824219,72.2699966430664,290700.0
2020-05-20,73.62999725341797,75.11000061035156,73.36000061035156,74.18000030517578,167300.0
2020-05-21,73.83999633789062,75.55999755859375,73.83999633789062,74.8499984741211,171800.0
2020-05-22,75.29000091552734,75.93000030517578,74.02999877929688,75.25,133400.0
2020-05-26,77.44999694824219,79.16999816894531,76.80000305175781,78.3499984741211,225500.0
2020-05-27,79.62000274658203,82.13999938964844,79.2300033569336,81.98999786376953,278600.0
2020-05-28,82.0,82.45999908447266,80.11000061035156,80.61000061035156,328100.0
2020-05-29,79.58000183105469,80.87000274658203,78.22000122070312,80.05999755859375,304600.0
2020-06-01,80.91000366210938,81.93000030517578,80.29000091552734,80.5999984741211,210300.0
2020-06-02,81.16000366210938,82.52999877929688,80.61000061035156,81.66999816894531,279100.0
2020-06-03,83.27999877929688,87.68000030517578,82.7300033569336,87.16999816894531,281300.0
2020-06-04,86.13999938964844,89.62000274658203,84.41999816894531,88.63999938964844,352600.0
2020-06-05,91.56999969482422,94.61000061035156,91.33000183105469,93.54000091552734,301000.0
2020-06-08,94.1500015258789,95.6500015258789,88.43000030517578,88.51000213623047,357000.0
2020-06-09,86.72000122070312,88.80000305175781,86.12000274658203,87.72000122070312,316800.0
2020-06-10,87.19999694824219,87.5,85.13999938964844,86.25,206500.0
2020-06-11,83.1500015258789,83.4000015258789,78.61000061035156,78.66999816894531,234500.0
2020-06-12,81.68000030517578,83.62999725341797,77.66999816894531,79.20999908447266,341700.0
2020-06-15,76.80000305175781,83.87999725341797,76.68000030517578,83.19999694824219,276400.0
2020-06-16,86.36000061035156,87.19000244140625,84.36000061035156,86.12000274658203,234900.0
2020-06-17,86.25,86.25,84.01000213623047,84.27999877929688,204200.0
2020-06-18,83.41000366210938,85.01000213623047,83.22000122070312,83.98999786376953,199300.0
2020-06-19,84.77999877929688,84.77999877929688,81.19000244140625,81.91000366210938,475500.0
2020-06-22,81.1500015258789,82.97000122070312,79.94999694824219,82.87000274658203,267200.0
2020-06-23,84.19000244140625,84.19999694824219,82.44000244140625,83.9000015258789,324000.0
2020-06-24,82.69000244140625,82.98999786376953,79.43000030517578,79.62999725341797,260300.0
2020-06-25,78.94999694824219,81.37999725341797,77.29000091552734,81.25,226100.0
2020-06-26,80.75,81.80000305175781,78.91000366210938,80.18000030517578,314100.0
2020-06-29,81.55000305175781,82.9000015258789,81.16000366210938,82.7699966430664,226100.0
2020-06-30,82.2300033569336,85.16999816894531,82.2300033569336,84.36000061035156,177600.0
2020-07-01,84.58000183105469,84.91000366210938,80.9000015258789,80.9800033569336,157900.0
2020-07-02,83.0,84.0999984741211,81.5199966430664,81.83000183105469,113400.0
2020-07-06,83.76000213623047,83.91999816894531,81.80999755859375,82.0199966430664,182300.0
2020-07-07,81.2699966430664,81.5199966430664,79.68000030517578,80.08000183105469,272200.0
2020-07-08,80.11000061035156,81.69000244140625,79.31999969482422,81.63999938964844,204600.0
2020-07-09,81.45999908447266,81.83000183105469,78.0,79.11000061035156,171400.0
2020-07-10,79.5199966430664,81.01000213623047,78.7699966430664,80.86000061035156,139700.0
2020-07-13,81.73999786376953,82.1500015258789,79.97000122070312,80.95999908447266,214100.0
2020-07-14,81.22000122070312,83.44999694824219,80.87000274658203,83.41999816894531,136100.0
2020-07-15,85.62000274658203,87.36000061035156,85.33999633789062,86.83000183105469,283100.0
2020-07-16,86.97000122070312,87.55000305175781,86.16999816894531,87.38999938964844,135300.0
2020-07-17,87.5199966430664,88.12000274658203,85.91999816894531,86.98999786376953,156900.0
2020-07-20,86.9800033569336,88.81999969482422,86.9800033569336,87.86000061035156,165200.0
2020-07-21,88.69999694824219,90.23999786376953,87.77999877929688,88.20999908447266,358600.0
2020-07-22,87.75,90.08999633789062,87.75,89.83000183105469,355200.0
2020-07-23,89.94000244140625,91.37999725341797,89.05000305175781,90.62000274658203,233000.0
2020-07-24,90.63999938964844,91.05999755859375,89.91000366210938,90.63999938964844,248900.0
2020-07-27,90.52999877929688,94.43000030517578,90.22000122070312,94.19999694824219,301400.0
2020-07-28,91.97000122070312,93.66000366210938,87.79000091552734,91.3499984741211,390900.0
2020-07-29,92.01000213623047,96.22000122070312,91.7699966430664,95.97000122070312,417100.0
2020-07-30,94.52999877929688,98.58999633789062,94.2300033569336,97.29000091552734,375300.0
2020-07-31,96.77999877929688,96.80000305175781,93.2699966430664,96.55999755859375,467100.0
2020-08-03,97.37000274658203,99.5199966430664,95.87999725341797,99.13999938964844,265600.0
2020-08-04,98.62000274658203,98.80999755859375,96.45999908447266,98.62000274658203,197600.0
2020-08-05,99.5,100.41999816894531,98.72000122070312,100.38999938964844,286100.0
2020-08-06,100.58999633789062,100.87000274658203,98.8499984741211,100.36000061035156,167600.0
2020-08-07,99.91000366210938,101.9000015258789,99.12999725341797,99.93000030517578,229200.0
2020-08-10,100.02999877929688,102.12999725341797,99.69999694824219,101.30000305175781,151900.0
2020-08-11,102.5,103.81999969482422,101.5999984741211,102.0,217000.0
2020-08-12,103.08999633789062,103.81999969482422,101.98999786376953,102.91000366210938,212300.0
2020-08-13,102.04000091552734,103.58000183105469,101.9800033569336,102.98999786376953,136600.0
2020-08-14,102.2300033569336,103.37999725341797,102.18000030517578,102.9800033569336,140100.0
2020-08-17,103.12000274658203,104.33999633789062,102.33000183105469,103.3499984741211,236900.0
2020-08-18,103.16999816894531,103.87000274658203,100.41000366210938,101.0,248400.0
2020-08-19,100.87000274658203,101.51000213623047,99.80000305175781,100.30000305175781,180300.0
2020-08-20,99.29000091552734,100.18000030517578,98.30999755859375,98.70999908447266,152700.0
2020-08-21,98.19999694824219,99.55000305175781,97.20999908447266,99.47000122070312,239400.0
2020-08-24,100.5999984741211,100.5999984741211,98.91000366210938,99.77999877929688,196100.0
2020-08-25,100.27999877929688,100.27999877929688,98.27999877929688,99.80999755859375,110000.0
2020-08-26,99.72000122070312,100.58999633789062,99.31999969482422,100.1500015258789,127900.0
2020-08-27,100.97000122070312,100.97000122070312,99.29000091552734,99.62999725341797,142700.0
2020-08-28,100.0,100.8499984741211,99.61000061035156,100.62000274658203,175700.0
2020-08-31,100.08999633789062,100.91999816894531,98.2699966430664,98.33999633789062,184100.0
2020-09-01,97.9000015258789,100.1500015258789,97.19000244140625,100.02999877929688,199900.0
2020-09-02,100.38999938964844,101.05999755859375,98.80999755859375,100.5999984741211,122800.0
2020-09-03,100.70999908447266,100.83999633789062,95.73999786376953,96.30000305175781,143700.0
2020-09-04,98.0199966430664,98.16999816894531,93.93000030517578,95.79000091552734,188100.0
2020-09-08,94.87000274658203,98.20999908447266,93.44000244140625,96.86000061035156,231100.0
2020-09-09,97.55000305175781,99.48999786376953,97.55000305175781,98.63999938964844,191800.0
2020-09-10,99.08999633789062,99.5199966430664,98.27999877929688,98.8499984741211,169600.0
2020-09-11,99.62000274658203,100.33000183105469,98.43000030517578,99.31999969482422,182800.0
2020-09-14,100.2699966430664,101.41999816894531,99.44999694824219,100.41000366210938,147400.0
2020-09-15,101.06999969482422,101.86000061035156,100.19000244140625,100.4800033569336,118700.0
2020-09-16,101.45999908447266,102.88999938964844,100.5199966430664,101.88999938964844,214700.0
2020-09-17,100.5999984741211,100.83000183105469,98.75,99.72000122070312,172500.0
2020-09-18,100.72000122070312,100.94000244140625,96.5999984741211,97.33000183105469,877100.0
2020-09-21,95.19000244140625,95.26000213623047,90.33000183105469,91.7300033569336,282400.0
2020-09-22,92.16000366210938,95.12999725341797,91.69000244140625,94.94999694824219,226900.0
2020-09-23,94.73999786376953,95.47000122070312,92.9000015258789,92.98999786376953,234900.0
2020-09-24,93.25,94.73999786376953,91.3499984741211,93.45999908447266,153800.0
2020-09-25,92.55000305175781,94.3499984741211,92.47000122070312,93.41999816894531,186900.0
2020-09-28,94.54000091552734,96.87999725341797,94.54000091552734,96.43000030517578,177400.0
2020-09-29,96.41000366210938,97.95999908447266,96.30999755859375,97.12000274658203,166400.0
2020-09-30,97.2300033569336,98.7300033569336,96.76000213623047,97.16000366210938,234300.0
2020-10-01,97.94000244140625,98.61000061035156,96.45999908447266,97.37000274658203,213200.0
2020-10-02,92.0,92.0,89.80000305175781,90.62000274658203,1284300.0
2020-10-05,91.58000183105469,92.88999938964844,91.23999786376953,92.19999694824219,593400.0
2020-10-06,93.45999908447266,94.13999938964844,89.16000366210938,90.66000366210938,8811400.0
2020-10-07,91.62999725341797,94.66000366210938,91.62999725341797,93.27999877929688,563400.0
2020-10-08,94.5199966430664,95.38999938964844,93.33999633789062,94.56999969482422,325100.0
2020-10-09,95.51000213623047,95.9000015258789,93.69999694824219,95.2300033569336,195100.0
2020-10-12,95.94000244140625,96.5199966430664,94.52999877929688,96.0,185000.0
2020-10-13,95.13999938964844,95.30000305175781,93.83999633789062,93.9000015258789,204900.0
2020-10-14,93.83999633789062,94.73999786376953,92.56999969482422,93.20999908447266,139200.0
2020-10-15,94.52999877929688,97.91999816894531,93.1500015258789,97.30000305175781,339700.0
2020-10-16,97.44999694824219,99.13999938964844,96.70999908447266,96.76000213623047,240700.0
2020-10-19,96.83000183105469,97.62999725341797,93.68000030517578,94.0,183500.0
2020-10-20,94.61000061035156,96.44999694824219,94.41000366210938,95.13999938964844,233400.0
2020-10-21,95.01000213623047,96.73999786376953,94.91999816894531,95.51000213623047,352300.0
2020-10-22,96.29000091552734,96.43000030517578,94.33999633789062,95.7699966430664,240300.0
2020-10-23,96.62000274658203,97.19000244140625,95.55999755859375,96.95999908447266,194700.0
2020-10-26,95.52999877929688,96.6500015258789,93.19999694824219,94.02999877929688,240700.0
2020-10-27,94.62000274658203,96.41000366210938,89.0,89.62000274658203,537000.0
2020-10-28,87.41999816894531,89.51000213623047,86.9000015258789,87.37999725341797,330900.0
2020-10-29,86.8499984741211,88.61000061035156,86.19999694824219,88.30999755859375,316300.0
2020-10-30,88.30999755859375,90.5999984741211,87.8499984741211,88.72000122070312,417100.0
2020-11-02,90.0999984741211,91.98999786376953,90.05999755859375,91.66999816894531,239600.0
2020-11-03,93.52999877929688,95.29000091552734,92.05000305175781,94.8499984741211,248000.0
2020-11-04,94.19000244140625,94.4800033569336,91.44999694824219,92.94999694824219,154700.0
2020-11-05,93.9000015258789,96.01000213623047,93.48999786376953,93.87000274658203,199300.0
2020-11-06,94.38999938964844,94.73999786376953,92.4800033569336,93.29000091552734,117400.0
2020-11-09,97.2699966430664,101.69000244140625,91.31999969482422,91.55999755859375,290500.0
2020-11-10,92.83999633789062,94.44000244140625,92.36000061035156,93.29000091552734,276700.0
2020-11-11,94.11000061035156,94.11000061035156,90.1500015258789,92.18000030517578,183100.0
2020-11-12,91.4800033569336,91.77999877929688,89.19999694824219,90.5199966430664,239000.0
2020-11-13,91.36000061035156,93.33999633789062,91.36000061035156,92.19999694824219,140600.0
2020-11-16,93.37999725341797,95.01000213623047,92.5199966430664,95.0,156800.0
2020-11-17,94.12999725341797,96.18000030517578,92.52999877929688,95.88999938964844,270900.0
2020-11-18,95.94999694824219,96.23999786376953,93.83999633789062,93.94000244140625,131200.0
2020-11-19,93.22000122070312,94.98999786376953,92.7300033569336,94.80999755859375,207500.0
2020-11-20,94.29000091552734,94.29000091552734,92.54000091552734,93.76000213623047,140000.0
2020-11-23,94.36000061035156,96.0199966430664,94.13999938964844,95.20999908447266,131400.0
2020-11-24,96.31999969482422,96.61000061035156,94.19999694824219,94.45999908447266,203400.0
2020-11-25,93.97000122070312,93.97000122070312,91.0,92.83999633789062,177200.0
2020-11-27,93.01000213623047,93.70999908447266,92.33000183105469,93.63999938964844,66600.0
2020-11-30,93.3499984741211,93.41000366210938,91.44000244140625,91.9000015258789,178000.0
2020-12-01,93.0999984741211,93.69000244140625,91.93000030517578,92.80000305175781,177500.0
2020-12-02,92.16000366210938,92.91999816894531,89.87000274658203,90.11000061035156,205300.0
2020-12-03,90.04000091552734,91.86000061035156,89.5999984741211,90.31999969482422,212500.0
2020-12-04,90.4000015258789,91.4800033569336,89.98999786376953,90.76000213623047,159200.0
2020-12-07,90.66999816894531,91.51000213623047,89.94999694824219,90.61000061035156,144000.0
2020-12-08,90.02999877929688,90.91999816894531,89.72000122070312,90.55999755859375,216800.0
2020-12-09,91.41000366210938,91.95999908447266,89.98999786376953,90.76000213623047,228600.0
2020-12-10,89.94000244140625,90.19999694824219,88.72000122070312,89.37000274658203,199800.0
2020-12-11,88.61000061035156,90.83000183105469,88.61000061035156,90.22000122070312,184600.0
2020-12-14,90.9800033569336,91.9800033569336,90.9000015258789,90.9800033569336,139000.0
2020-12-15,91.29000091552734,92.4800033569336,90.66000366210938,92.41000366210938,263800.0
2020-12-16,93.30000305175781,93.69000244140625,91.26000213623047,91.62000274658203,167700.0
2020-12-17,91.9800033569336,93.52999877929688,91.9800033569336,93.3499984741211,138600.0
2020-12-18,93.0999984741211,94.47000122070312,93.0999984741211,93.43000030517578,589800.0
2020-12-21,91.33999633789062,92.72000122070312,90.37000274658203,92.70999908447266,292200.0
2020-12-22,92.69000244140625,93.43000030517578,92.13999938964844,93.0999984741211,110400.0
2020-12-23,93.4800033569336,93.87999725341797,91.8499984741211,92.55999755859375,212700.0
2020-12-24,93.04000091552734,93.11000061035156,92.33000183105469,92.88999938964844,40500.0
2020-12-28,93.9000015258789,94.36000061035156,93.02999877929688,93.05000305175781,123800.0
2020-12-29,93.44999694824219,93.44999694824219,91.25,92.0,145500.0
2020-12-30,92.5999984741211,93.79000091552734,92.43000030517578,92.80000305175781,115300.0
2020-12-31,92.75,93.69000244140625,91.73999786376953,93.44999694824219,188200.0
2021-01-04,94.19000244140625,95.66999816894531,91.25,92.61000061035156,262800.0
2021-01-05,92.62000274658203,94.83999633789062,92.5999984741211,94.12000274658203,369700.0
2021-01-06,95.61000061035156,99.04000091552734,94.76000213623047,98.2699966430664,438500.0
2021-01-07,98.48999786376953,100.94999694824219,97.95999908447266,100.4800033569336,175400.0
2021-01-08,100.47000122070312,101.36000061035156,98.80999755859375,99.87000274658203,188500.0
2021-01-11,98.91000366210938,101.55999755859375,98.91000366210938,101.02999877929688,224800.0
2021-01-12,101.38999938964844,102.66999816894531,101.18000030517578,102.37999725341797,118800.0
2021-01-13,102.58000183105469,102.58000183105469,100.87000274658203,101.5999984741211,147200.0
2021-01-14,102.4800033569336,102.4800033569336,100.72000122070312,100.97000122070312,159500.0
2021-01-15,99.91999816894531,100.0199966430664,97.30000305175781,99.48999786376953,309200.0
2021-01-19,100.25,102.48999786376953,100.25,102.41999816894531,299400.0
2021-01-20,102.75,105.43000030517578,102.4800033569336,104.30999755859375,250100.0
2021-01-21,104.5,105.88999938964844,102.5199966430664,102.76000213623047,180300.0
2021-01-22,101.44000244140625,103.12000274658203,100.13999938964844,102.97000122070312,168400.0
2021-01-25,102.36000061035156,102.81999969482422,99.04000091552734,100.27999877929688,170300.0
2021-01-26,100.83000183105469,100.83000183105469,96.81999969482422,97.08000183105469,171500.0
2021-01-27,94.7300033569336,96.5999984741211,92.47000122070312,93.7699966430664,284100.0
2021-01-28,94.81999969482422,95.16000366210938,93.62999725341797,94.69000244140625,167900.0
2021-01-29,94.37000274658203,94.98999786376953,91.91000366210938,92.0,217000.0
2021-02-01,93.11000061035156,95.73999786376953,92.1500015258789,95.2699966430664,157000.0
2021-02-02,96.37999725341797,97.66999816894531,95.1500015258789,96.44999694824219,143600.0
2021-02-03,95.97000122070312,96.9800033569336,95.30000305175781,96.93000030517578,158800.0
2021-02-04,96.97000122070312,99.16999816894531,96.87999725341797,97.13999938964844,240000.0
2021-02-05,97.0,100.19999694824219,97.0,100.16999816894531,188900.0
2021-02-08,100.80999755859375,103.66000366210938,100.19999694824219,103.55000305175781,207700.0
2021-02-09,102.91999816894531,102.98999786376953,94.56999969482422,95.9000015258789,349200.0
2021-02-10,96.0199966430664,97.08999633789062,93.16999816894531,93.5,271500.0
2021-02-11,93.70999908447266,94.69000244140625,92.86000061035156,94.25,245200.0
2021-02-12,93.98999786376953,95.72000122070312,93.94000244140625,95.52999877929688,151400.0
2021-02-16,95.86000061035156,97.37000274658203,95.19999694824219,96.30999755859375,444000.0
2021-02-17,95.11000061035156,96.80000305175781,95.11000061035156,96.19999694824219,173200.0
2021-02-18,96.13999938964844,97.29000091552734,95.66000366210938,96.52999877929688,357800.0
2021-02-19,97.05000305175781,98.47000122070312,97.05000305175781,97.81999969482422,238400.0
2021-02-22,97.12999725341797,99.1500015258789,96.12000274658203,97.33000183105469,372000.0
2021-02-23,97.19000244140625,99.20999908447266,96.33000183105469,98.58999633789062,261700.0
2021-02-24,99.06999969482422,99.68000030517578,97.95999908447266,99.4000015258789,160200.0
2021-02-25,98.97000122070312,99.70999908447266,98.08000183105469,98.18000030517578,342300.0
2021-02-26,98.5199966430664,99.30000305175781,97.27999877929688,97.45999908447266,280200.0
2021-03-01,99.25,100.52999877929688,98.56999969482422,100.0199966430664,142700.0
2021-03-02,99.77999877929688,99.77999877929688,97.12999725341797,98.16999816894531,424100.0
2021-03-03,99.02999877929688,99.94000244140625,98.22000122070312,98.38999938964844,216100.0
2021-03-04,98.83999633789062,99.48999786376953,96.79000091552734,98.73999786376953,460700.0
2021-03-05,100.0,100.54000091552734,97.94000244140625,100.37999725341797,551100.0
2021-03-08,101.4800033569336,105.58000183105469,100.83999633789062,104.37999725341797,212700.0
2021-03-09,104.69999694824219,105.61000061035156,103.58000183105469,104.58000183105469,333100.0
2021-03-10,105.48999786376953,108.86000061035156,104.66999816894531,107.91999816894531,314400.0
2021-03-11,107.0,109.8499984741211,105.79000091552734,106.16000366210938,363400.0
2021-03-12,106.4800033569336,107.02999877929688,105.47000122070312,106.4800033569336,523000.0
2021-03-15,106.01000213623047,108.56999969482422,105.08000183105469,108.55999755859375,276700.0
2021-03-16,108.23999786376953,109.66000366210938,107.37000274658203,109.2699966430664,241800.0
2021-03-17,109.63999938964844,109.63999938964844,106.87999725341797,107.87999725341797,293800.0
2021-03-18,107.80000305175781,108.37000274658203,106.30000305175781,106.33000183105469,262600.0
2021-03-19,106.44999694824219,106.44999694824219,104.19999694824219,104.80999755859375,530300.0
2021-03-22,104.86000061035156,105.23999786376953,102.62000274658203,103.4000015258789,137100.0
2021-03-23,103.4000015258789,103.4000015258789,100.76000213623047,101.19000244140625,230500.0
2021-03-24,102.7300033569336,104.58999633789062,100.66000366210938,100.80999755859375,148100.0
2021-03-25,100.19999694824219,102.69000244140625,98.72000122070312,102.29000091552734,131600.0
2021-03-26,103.52999877929688,104.38999938964844,102.5,104.12000274658203,210400.0
2021-03-29,103.80999755859375,105.7300033569336,101.41000366210938,101.5,212100.0
2021-03-30,101.18000030517578,103.48999786376953,100.54000091552734,103.4000015258789,230800.0
2021-03-31,103.68000030517578,104.5199966430664,102.22000122070312,103.7300033569336,264900.0
2021-04-01,103.5,105.41000366210938,102.97000122070312,105.3499984741211,164600.0
2021-04-05,106.08999633789062,106.44000244140625,104.7300033569336,105.54000091552734,160600.0
2021-04-06,105.9800033569336,107.25,105.0,106.18000030517578,128800.0
2021-04-07,105.94000244140625,106.55999755859375,104.44000244140625,104.5199966430664,108700.0
2021-04-08,104.63999938964844,105.0999984741211,102.91000366210938,104.62999725341797,129300.0
2021-04-09,105.19999694824219,106.52999877929688,104.81999969482422,106.22000122070312,96000.0
2021-04-12,106.22000122070312,107.61000061035156,105.58000183105469,107.2699966430664,91400.0
2021-04-13,108.33000183105469,108.41999816894531,105.83000183105469,106.80999755859375,132500.0
2021-04-14,106.9000015258789,108.0999984741211,106.9000015258789,107.16999816894531,92600.0
2021-04-15,108.26000213623047,108.26000213623047,106.38999938964844,106.83999633789062,105900.0
2021-04-16,107.69999694824219,108.23999786376953,106.7300033569336,107.8499984741211,252000.0
2021-04-19,108.22000122070312,108.5,106.41999816894531,107.2699966430664,148600.0
2021-04-20,106.62999725341797,108.66000366210938,104.04000091552734,104.81999969482422,131900.0
2021-04-21,105.0999984741211,106.2300033569336,104.8499984741211,105.43000030517578,184900.0
2021-04-22,106.0999984741211,107.58000183105469,105.02999877929688,106.19999694824219,187500.0
2021-04-23,106.7699966430664,107.93000030517578,105.80000305175781,107.37000274658203,135000.0
2021-04-26,108.1500015258789,108.62999725341797,107.1500015258789,107.52999877929688,126800.0
2021-04-27,112.5,114.4000015258789,109.12000274658203,114.3499984741211,308600.0
2021-04-28,114.2699966430664,114.69000244140625,110.87000274658203,113.0,239400.0
2021-04-29,113.33999633789062,113.48999786376953,111.2300033569336,113.0199966430664,225200.0
2021-04-30,111.9000015258789,112.69999694824219,110.73999786376953,112.69999694824219,339000.0
2021-05-03,113.48999786376953,116.16999816894531,113.41000366210938,115.52999877929688,226500.0
2021-05-04,114.94000244140625,117.2699966430664,114.94000244140625,116.7300033569336,197100.0
2021-05-05,116.77999877929688,116.77999877929688,114.1500015258789,115.52999877929688,139200.0
2021-05-06,116.12999725341797,116.87999725341797,115.4000015258789,116.7300033569336,126500.0
2021-05-07,116.69000244140625,118.56999969482422,116.69000244140625,118.45999908447266,99900.0
2021-05-10,118.66999816894531,119.7699966430664,116.41000366210938,116.54000091552734,127900.0
2021-05-11,114.9800033569336,114.9800033569336,112.7699966430664,112.94000244140625,116600.0
2021-05-12,113.73999786376953,114.05000305175781,108.16999816894531,108.26000213623047,187500.0
2021-05-13,108.80000305175781,112.62000274658203,108.80000305175781,112.08000183105469,196800.0
2021-05-14,112.51000213623047,115.0,111.72000122070312,114.55000305175781,137600.0
2021-05-17,113.44000244140625,113.70999908447266,112.16000366210938,113.48999786376953,103800.0
2021-05-18,113.37000274658203,113.73999786376953,111.08000183105469,111.11000061035156,188600.0
2021-05-19,109.5,111.72000122070312,109.41999816894531,111.5199966430664,147100.0
2021-05-20,111.41999816894531,111.41999816894531,110.36000061035156,111.30000305175781,166100.0
2021-05-21,112.58999633789062,112.72000122070312,111.33000183105469,112.2699966430664,145000.0
2021-05-24,112.79000091552734,113.87999725341797,111.94999694824219,112.87999725341797,116800.0
2021-05-25,113.26000213623047,113.75,111.5999984741211,111.8499984741211,166100.0
2021-05-26,112.54000091552734,114.54000091552734,112.19999694824219,114.36000061035156,146100.0
2021-05-27,115.5999984741211,115.5999984741211,113.20999908447266,113.22000122070312,128000.0
2021-05-28,112.87000274658203,113.22000122070312,110.98999786376953,112.31999969482422,99200.0
2021-06-01,113.08000183105469,114.22000122070312,112.19999694824219,113.44999694824219,118500.0
2021-06-02,113.68000030517578,113.68000030517578,109.58999633789062,109.95999908447266,128100.0
2021-06-03,109.87000274658203,110.25,109.0,109.19999694824219,175000.0
2021-06-04,109.97000122070312,110.7300033569336,109.25,110.3499984741211,112200.0
2021-06-07,110.54000091552734,111.22000122070312,109.94999694824219,110.55999755859375,163100.0
2021-06-08,110.97000122070312,112.19999694824219,109.95999908447266,111.75,120100.0
2021-06-09,111.83999633789062,112.26000213623047,110.5999984741211,110.73999786376953,153700.0
2021-06-10,111.11000061035156,111.54000091552734,108.73999786376953,108.8499984741211,109600.0
2021-06-11,108.86000061035156,111.19999694824219,108.86000061035156,111.08999633789062,144300.0
2021-06-14,111.2699966430664,111.5199966430664,109.2699966430664,110.08999633789062,187400.0
2021-06-15,110.12999725341797,111.44000244140625,109.88999938964844,110.20999908447266,146300.0
2021-06-16,109.80999755859375,111.13999938964844,109.61000061035156,110.3499984741211,174500.0
2021-06-17,110.2300033569336,111.01000213623047,106.20999908447266,108.37000274658203,185000.0
2021-06-18,107.9000015258789,108.20999908447266,106.81999969482422,107.37000274658203,317500.0
2021-06-21,108.55000305175781,110.16999816894531,108.55000305175781,109.87999725341797,136900.0
2021-06-22,109.9000015258789,111.33999633789062,109.18000030517578,110.97000122070312,126000.0
2021-06-23,111.4800033569336,111.4800033569336,109.97000122070312,110.2300033569336,142600.0
2021-06-24,110.58999633789062,111.47000122070312,109.43000030517578,111.08000183105469,112000.0
2021-06-25,111.5,111.73999786376953,109.86000061035156,110.08999633789062,574200.0
2021-06-28,110.11000061035156,110.11000061035156,108.29000091552734,108.83999633789062,144100.0
2021-06-29,108.93000030517578,110.12999725341797,108.66000366210938,109.8499984741211,110600.0
2021-06-30,109.30999755859375,110.88999938964844,108.18000030517578,110.44000244140625,204000.0
2021-07-01,111.25,111.9800033569336,110.2699966430664,110.87999725341797,162100.0
2021-07-02,111.3499984741211,111.3499984741211,109.98999786376953,110.61000061035156,149100.0
2021-07-06,111.12000274658203,111.26000213623047,109.0999984741211,110.18000030517578,267800.0
2021-07-07,109.33000183105469,111.81999969482422,109.33000183105469,110.70999908447266,104000.0
2021-07-08,109.36000061035156,110.63999938964844,108.13999938964844,108.75,170600.0
2021-07-09,110.33999633789062,110.97000122070312,109.5999984741211,110.5,75600.0
2021-07-12,109.80000305175781,111.22000122070312,109.43000030517578,111.11000061035156,108400.0
2021-07-13,110.55000305175781,111.2300033569336,109.88999938964844,110.25,141600.0
2021-07-14,110.87000274658203,110.87000274658203,109.5999984741211,109.79000091552734,95200.0
2021-07-15,109.3499984741211,110.54000091552734,107.76000213623047,110.41999816894531,131300.0
2021-07-16,111.29000091552734,111.58999633789062,109.81999969482422,109.9800033569336,175600.0
2021-07-19,108.55000305175781,109.94000244140625,107.12000274658203,108.58000183105469,163200.0
2021-07-20,109.36000061035156,112.23999786376953,108.22000122070312,111.2699966430664,185300.0
2021-07-21,111.58999633789062,113.43000030517578,111.30000305175781,111.56999969482422,125800.0
2021-07-22,111.19999694824219,112.22000122070312,109.48999786376953,109.66999816894531,140700.0
2021-07-23,111.0199966430664,111.98999786376953,110.16000366210938,111.5999984741211,95600.0
2021-07-26,112.12999725341797,112.6500015258789,110.91999816894531,111.16999816894531,109500.0
2021-07-27,110.05999755859375,111.61000061035156,108.2300033569336,108.51000213623047,245400.0
2021-07-28,109.2699966430664,111.44999694824219,108.2699966430664,110.23999786376953,135400.0
2021-07-29,111.70999908447266,112.19000244140625,111.11000061035156,111.98999786376953,94600.0
2021-07-30,111.75,113.29000091552734,111.31999969482422,112.4800033569336,124000.0
2021-08-02,113.33000183105469,113.97000122070312,110.55999755859375,110.80000305175781,95400.0
2021-08-03,110.7300033569336,112.94000244140625,110.05000305175781,112.51000213623047,200600.0
2021-08-04,111.37999725341797,113.45999908447266,111.33999633789062,111.3499984741211,123700.0
2021-08-05,112.30999755859375,112.8499984741211,111.44000244140625,111.70999908447266,92400.0
2021-08-06,112.77999877929688,112.91999816894531,111.06999969482422,112.77999877929688,93600.0
2021-08-09,112.41000366210938,112.44999694824219,110.66999816894531,110.72000122070312,68400.0
2021-08-10,110.72000122070312,113.56999969482422,109.2699966430664,112.19000244140625,93400.0
2021-08-11,113.12000274658203,114.52999877929688,112.06999969482422,114.45999908447266,90100.0
2021-08-12,115.20999908447266,115.20999908447266,112.83000183105469,113.11000061035156,68700.0
2021-08-13,112.87000274658203,112.87000274658203,111.88999938964844,112.54000091552734,67000.0
2021-08-16,111.62000274658203,114.26000213623047,111.01000213623047,113.36000061035156,70000.0
2021-08-17,112.4000015258789,112.4000015258789,109.72000122070312,110.6500015258789,63400.0
2021-08-18,110.86000061035156,111.97000122070312,110.2300033569336,110.4800033569336,62600.0
2021-08-19,109.44000244140625,111.02999877929688,109.44000244140625,110.66000366210938,78200.0
2021-08-20,110.48999786376953,112.4800033569336,109.9800033569336,112.30000305175781,87200.0
2021-08-23,113.27999877929688,113.43000030517578,112.20999908447266,113.13999938964844,89500.0
2021-08-24,113.77999877929688,113.77999877929688,112.66000366210938,113.43000030517578,60800.0
2021-08-25,113.56999969482422,114.58999633789062,113.23999786376953,113.44000244140625,71600.0
2021-08-26,112.95999908447266,113.44999694824219,110.81999969482422,110.87000274658203,92500.0
2021-08-27,111.4800033569336,115.86000061035156,111.4800033569336,114.97000122070312,156600.0
2021-08-30,115.87999725341797,116.43000030517578,114.43000030517578,114.52999877929688,61400.0
2021-08-31,115.0,115.0,112.41999816894531,113.1500015258789,91000.0
2021-09-01,113.44000244140625,113.44000244140625,111.91999816894531,112.76000213623047,55700.0
2021-09-02,113.26000213623047,114.5999984741211,113.12000274658203,114.19999694824219,160800.0
2021-09-03,113.77999877929688,113.77999877929688,112.33000183105469,113.05999755859375,74000.0
2021-09-07,112.36000061035156,112.36000061035156,110.25,110.54000091552734,73300.0
2021-09-08,109.83000183105469,110.27999877929688,108.87999725341797,109.88999938964844,95700.0
2021-09-09,110.01000213623047,110.87999725341797,108.38999938964844,109.08999633789062,91800.0
2021-09-10,109.91000366210938,109.91000366210938,108.08000183105469,108.19000244140625,99000.0
2021-09-13,109.69000244140625,111.26000213623047,108.80999755859375,109.6500015258789,110200.0
2021-09-14,109.91999816894531,111.36000061035156,107.06999969482422,107.51000213623047,84200.0
2021-09-15,107.08999633789062,108.19999694824219,106.94000244140625,107.80999755859375,106400.0
2021-09-16,108.08999633789062,108.2699966430664,105.63999938964844,107.48999786376953,148800.0
2021-09-17,107.97000122070312,107.97000122070312,105.72000122070312,106.72000122070312,479800.0
2021-09-20,104.4000015258789,106.6500015258789,104.4000015258789,106.33999633789062,123700.0
2021-09-21,107.1500015258789,107.1500015258789,104.45999908447266,104.83000183105469,151900.0
2021-09-22,105.6500015258789,107.37000274658203,105.41000366210938,106.38999938964844,105600.0
2021-09-23,106.6500015258789,108.5,106.63999938964844,108.36000061035156,102100.0
2021-09-24,108.13999938964844,109.41999816894531,108.13999938964844,108.81999969482422,73700.0
2021-09-27,109.0,112.0999984741211,109.0,111.76000213623047,157700.0
2021-09-28,111.69000244140625,112.08999633789062,109.94000244140625,110.51000213623047,113100.0
2021-09-29,111.36000061035156,111.5999984741211,109.51000213623047,109.69000244140625,140200.0
2021-09-30,110.63999938964844,111.45999908447266,106.87000274658203,106.97000122070312,124200.0
2021-10-01,107.7699966430664,110.27999877929688,106.5999984741211,109.19000244140625,95700.0
2021-10-04,108.83000183105469,110.38999938964844,108.29000091552734,109.87000274658203,126000.0
2021-10-05,109.33000183105469,111.37999725341797,108.9800033569336,110.37000274658203,95600.0
2021-10-06,109.18000030517578,110.0199966430664,107.6500015258789,109.58999633789062,120700.0
2021-10-07,110.48999786376953,113.37000274658203,109.97000122070312,113.27999877929688,145700.0
2021-10-08,113.31999969482422,114.61000061035156,112.76000213623047,113.2699966430664,215000.0
2021-10-11,113.05999755859375,114.5999984741211,112.86000061035156,112.98999786376953,68600.0
2021-10-12,112.93000030517578,113.38999938964844,111.93000030517578,112.33000183105469,95200.0
2021-10-13,112.33999633789062,113.87000274658203,111.19999694824219,112.56999969482422,62400.0
2021-10-14,113.7300033569336,115.9800033569336,113.7300033569336,115.93000030517578,74300.0
2021-10-15,117.36000061035156,117.91999816894531,115.55000305175781,115.56999969482422,145700.0
2021-10-18,115.27999877929688,115.58999633789062,114.55999755859375,115.48999786376953,67400.0
2021-10-19,116.19999694824219,116.5999984741211,114.06999969482422,114.37000274658203,67600.0
2021-10-20,114.75,115.23999786376953,114.0199966430664,114.76000213623047,206100.0
2021-10-21,114.37999725341797,116.26000213623047,114.2699966430664,115.5,105900.0
2021-10-22,115.47000122070312,117.30000305175781,114.69999694824219,114.7699966430664,81900.0
2021-10-25,114.66999816894531,116.97000122070312,113.91999816894531,116.6500015258789,145000.0
2021-10-26,106.75,109.19000244140625,105.04000091552734,107.19000244140625,282300.0
2021-10-27,107.70999908447266,108.86000061035156,104.94999694824219,105.04000091552734,163300.0
2021-10-28,105.91999816894531,106.94000244140625,105.80999755859375,106.30999755859375,130300.0
2021-10-29,106.19999694824219,106.9800033569336,105.36000061035156,106.08999633789062,136400.0
2021-11-01,106.31999969482422,110.81999969482422,105.38999938964844,110.7699966430664,358500.0
2021-11-02,110.58999633789062,113.95999908447266,109.86000061035156,113.5999984741211,217900.0
2021-11-03,112.79000091552734,115.30000305175781,111.33999633789062,114.36000061035156,124600.0
2021-11-04,115.0,118.77999877929688,115.0,116.55000305175781,150100.0
2021-11-05,118.19000244140625,119.72000122070312,116.75,119.54000091552734,196800.0
2021-11-08,120.5,121.77999877929688,119.93000030517578,121.5,211500.0
2021-11-09,122.04000091552734,123.5,121.97000122070312,123.23999786376953,189800.0
2021-11-10,122.76000213623047,123.54000091552734,119.86000061035156,120.0,119600.0
2021-11-11,120.36000061035156,120.73999786376953,119.55999755859375,119.75,86300.0
2021-11-12,120.48999786376953,121.08999633789062,119.23999786376953,119.7699966430664,130300.0
2021-11-15,120.0,120.18000030517578,117.69000244140625,117.83999633789062,108700.0
2021-11-16,118.08000183105469,119.5199966430664,117.0199966430664,119.33999633789062,83800.0
2021-11-17,118.88999938964844,120.0199966430664,118.05000305175781,119.98999786376953,95000.0
2021-11-18,120.0,120.0,118.5,119.41000366210938,137800.0
2021-11-19,119.11000061035156,120.12999725341797,118.68000030517578,119.20999908447266,131200.0
2021-11-22,120.16999816894531,122.2699966430664,118.75,120.69000244140625,107500.0
2021-11-23,120.70999908447266,121.29000091552734,119.61000061035156,120.47000122070312,99300.0
2021-11-24,119.63999938964844,122.4000015258789,118.73999786376953,119.6500015258789,73100.0
2021-11-26,116.12999725341797,117.7300033569336,115.37999725341797,117.16999816894531,166800.0
2021-11-29,118.1500015258789,119.36000061035156,117.36000061035156,118.76000213623047,196200.0
2021-11-30,117.9800033569336,118.0,115.26000213623047,115.36000061035156,261100.0
2021-12-01,117.20999908447266,119.58999633789062,116.06999969482422,117.01000213623047,186500.0
2021-12-02,117.66999816894531,122.33999633789062,116.13999938964844,122.13999938964844,228300.0
2021-12-03,122.61000061035156,124.0,121.0,123.25,327700.0
2021-12-06,124.4000015258789,127.70999908447266,124.12000274658203,127.51000213623047,274800.0
2021-12-07,128.0,131.38999938964844,127.4000015258789,130.6199951171875,295900.0
2021-12-08,131.05999755859375,131.05999755859375,127.91999816894531,130.0399932861328,190400.0
2021-12-09,129.36000061035156,130.92999267578125,128.6300048828125,129.0399932861328,132200.0
2021-12-10,129.7899932861328,130.97000122070312,127.66999816894531,130.3800048828125,164700.0
2021-12-13,129.67999267578125,130.1199951171875,128.0,128.99000549316406,197500.0
2021-12-14,129.1199951171875,131.1199951171875,127.22000122070312,128.22999572753906,247300.0
2021-12-15,128.0,130.30999755859375,126.25,130.13999938964844,216000.0
2021-12-16,130.89999389648438,132.14999389648438,130.4199981689453,131.6199951171875,284700.0
2021-12-17,132.25,133.05999755859375,130.47000122070312,133.0,672800.0
2021-12-20,131.3000030517578,133.02000427246094,130.3699951171875,131.75,700600.0
2021-12-21,132.85000610351562,133.97000122070312,131.42999267578125,133.74000549316406,190900.0
2021-12-22,134.1999969482422,134.4199981689453,132.8000030517578,133.33999633789062,210300.0
2021-12-23,133.97999572753906,134.63999938964844,133.0800018310547,134.00999450683594,161700.0
2021-12-27,134.27000427246094,137.16000366210938,134.02000427246094,137.11000061035156,107500.0
2021-12-28,136.5800018310547,138.27999877929688,136.5800018310547,137.50999450683594,120900.0
2021-12-29,137.82000732421875,138.94000244140625,136.99000549316406,138.58999633789062,92400.0
2021-12-30,139.58999633789062,141.25999450683594,137.5399932861328,137.89999389648438,169300.0
2021-12-31,137.85000610351562,139.8000030517578,137.75,139.07000732421875,110000.0
2022-01-03,138.91000366210938,139.5399932861328,132.80999755859375,133.99000549316406,302600.0
2022-01-04,134.44000244140625,136.57000732421875,134.0399932861328,135.75999450683594,233400.0
2022-01-05,136.5500030517578,138.2100067138672,134.1699981689453,134.27000427246094,275000.0
2022-01-06,133.69000244140625,136.10000610351562,132.97999572753906,134.63999938964844,161200.0
2022-01-07,134.3800048828125,134.67999267578125,130.75,131.4600067138672,142000.0
2022-01-10,130.6999969482422,130.75999450683594,129.00999450683594,130.44000244140625,129500.0
2022-01-11,130.9600067138672,130.9600067138672,128.1199951171875,130.32000732421875,127700.0
2022-01-12,130.8699951171875,132.38999938964844,129.72999572753906,130.3000030517578,196500.0
2022-01-13,130.83999633789062,132.72999572753906,130.47999572753906,130.83999633789062,168800.0
2022-01-14,129.6699981689453,130.5,128.27999877929688,128.88999938964844,131800.0
2022-01-18,127.70999908447266,128.32000732421875,125.08000183105469,125.23999786376953,183000.0
2022-01-19,125.7300033569336,126.9800033569336,122.94999694824219,123.22000122070312,187100.0
2022-01-20,123.4800033569336,123.94999694824219,118.18000030517578,118.4000015258789,199900.0
2022-01-21,117.44000244140625,119.4000015258789,113.6500015258789,113.79000091552734,394900.0
2022-01-24,112.48999786376953,119.83999633789062,111.44000244140625,119.22000122070312,419600.0
2022-01-25,116.87000274658203,116.98999786376953,113.23999786376953,115.2699966430664,258500.0
2022-01-26,116.19000244140625,117.7699966430664,111.47000122070312,112.23999786376953,210300.0
2022-01-27,113.69999694824219,114.58999633789062,109.26000213623047,109.87000274658203,179800.0
2022-01-28,109.04000091552734,111.7699966430664,107.2699966430664,111.66999816894531,219900.0
2022-01-31,110.33999633789062,112.93000030517578,110.08000183105469,112.79000091552734,216500.0
2022-02-01,113.0,114.61000061035156,110.36000061035156,113.37000274658203,194200.0
2022-02-02,112.88999938964844,114.16000366210938,111.2300033569336,111.8499984741211,164400.0
2022-02-03,110.12000274658203,112.30999755859375,109.80999755859375,110.0,198100.0
2022-02-04,109.16000366210938,110.37000274658203,107.16999816894531,108.97000122070312,207700.0
2022-02-07,108.87000274658203,110.08999633789062,107.80999755859375,109.5,277300.0
2022-02-08,116.91999816894531,122.62999725341797,116.91999816894531,120.83999633789062,500700.0
2022-02-09,122.26000213623047,124.4800033569336,120.76000213623047,121.80000305175781,290800.0
2022-02-10,119.3499984741211,120.08999633789062,115.76000213623047,116.80000305175781,218800.0
2022-02-11,117.55999755859375,118.2300033569336,114.0,116.0999984741211,211000.0
2022-02-14,116.72000122070312,118.26000213623047,116.2699966430664,117.37000274658203,154100.0
2022-02-15,118.43000030517578,119.08000183105469,116.98999786376953,118.4800033569336,211500.0
2022-02-16,118.4000015258789,119.56999969482422,116.66999816894531,119.0999984741211,171000.0
2022-02-17,118.08000183105469,119.08000183105469,116.63999938964844,116.69999694824219,162500.0
2022-02-18,116.72000122070312,118.12000274658203,115.9000015258789,116.94000244140625,167900.0
2022-02-22,116.5,117.12999725341797,114.45999908447266,114.94000244140625,196700.0
2022-02-23,116.56999969482422,116.56999969482422,112.76000213623047,112.80000305175781,179700.0
2022-02-24,110.48999786376953,115.83000183105469,109.91000366210938,115.45999908447266,177100.0
2022-02-25,115.69999694824219,118.88999938964844,115.44999694824219,118.69000244140625,123000.0
2022-02-28,117.1500015258789,119.30000305175781,117.1500015258789,118.51000213623047,166900.0
2022-03-01,118.4800033569336,119.47000122070312,115.72000122070312,116.79000091552734,295900.0
2022-03-02,118.20999908447266,120.66999816894531,118.20999908447266,119.7699966430664,358600.0
2022-03-03,120.83999633789062,121.36000061035156,117.72000122070312,118.47000122070312,122000.0
2022-03-04,117.26000213623047,117.9800033569336,116.06999969482422,117.41999816894531,107000.0
2022-03-07,118.41000366210938,118.98999786376953,114.36000061035156,114.44000244140625,199900.0
2022-03-08,114.43000030517578,118.37000274658203,113.33999633789062,115.38999938964844,188100.0
2022-03-09,117.93000030517578,119.36000061035156,116.7699966430664,118.2699966430664,127700.0
2022-03-10,115.83999633789062,117.44999694824219,114.80999755859375,117.30999755859375,125800.0
2022-03-11,118.12999725341797,118.80999755859375,115.25,115.55000305175781,111200.0
2022-03-14,115.4800033569336,116.30000305175781,114.6500015258789,116.08999633789062,154200.0
2022-03-15,117.08000183105469,118.72000122070312,115.38999938964844,117.26000213623047,158300.0
2022-03-16,117.88999938964844,119.98999786376953,115.48999786376953,118.37999725341797,205700.0
2022-03-17,117.87000274658203,119.7300033569336,117.83000183105469,119.55999755859375,91200.0
2022-03-18,119.56999969482422,119.98999786376953,117.86000061035156,119.56999969482422,324500.0
2022-03-21,119.2699966430664,119.87000274658203,117.95999908447266,119.4800033569336,130000.0
2022-03-22,119.75,120.66000366210938,116.26000213623047,117.77999877929688,246100.0
2022-03-23,117.51000213623047,117.51000213623047,113.16999816894531,113.48999786376953,216100.0
2022-03-24,113.08999633789062,114.47000122070312,112.45999908447266,112.87999725341797,166600.0
2022-03-25,113.04000091552734,113.04000091552734,110.93000030517578,112.2699966430664,153400.0
2022-03-28,112.05999755859375,112.93000030517578,110.94999694824219,112.93000030517578,109100.0
2022-03-29,114.72000122070312,116.66999816894531,114.2300033569336,114.98999786376953,212200.0
2022-03-30,114.7300033569336,114.77999877929688,111.55999755859375,112.06999969482422,273600.0
2022-03-31,111.93000030517578,113.5199966430664,109.0,109.04000091552734,379200.0
2022-04-01,109.77999877929688,111.38999938964844,109.7300033569336,110.80000305175781,268000.0
2022-04-04,111.20999908447266,111.20999908447266,109.29000091552734,109.73999786376953,153500.0
2022-04-05,109.2300033569336,110.80000305175781,106.5999984741211,107.06999969482422,172900.0
2022-04-06,105.36000061035156,106.23999786376953,104.54000091552734,104.91999816894531,205500.0
2022-04-07,104.41000366210938,104.83999633789062,102.88999938964844,104.16000366210938,370100.0
2022-04-08,104.51000213623047,105.95999908447266,102.41000366210938,102.5999984741211,214500.0
2022-04-11,102.66999816894531,104.04000091552734,102.41000366210938,103.06999969482422,152700.0
2022-04-12,104.2300033569336,106.18000030517578,103.61000061035156,104.51000213623047,297300.0
2022-04-13,105.1500015258789,107.05000305175781,104.81999969482422,107.01000213623047,190100.0
2022-04-14,107.2300033569336,107.61000061035156,104.52999877929688,105.26000213623047,212100.0
2022-04-18,104.4800033569336,105.91000366210938,104.01000213623047,104.81999969482422,151400.0
2022-04-19,105.5199966430664,108.98999786376953,105.5199966430664,108.87000274658203,161200.0
2022-04-20,110.0199966430664,110.83000183105469,109.5,110.0199966430664,141800.0
2022-04-21,111.94000244140625,111.94000244140625,108.55000305175781,109.55000305175781,172200.0
2022-04-22,108.2699966430664,108.2699966430664,104.69999694824219,104.7699966430664,155500.0
2022-04-25,105.0,107.26000213623047,102.80000305175781,107.22000122070312,209900.0
2022-04-26,106.95999908447266,110.70999908447266,104.62000274658203,105.3499984741211,286000.0
2022-04-27,105.51000213623047,105.70999908447266,102.19999694824219,103.55000305175781,242900.0
2022-04-28,103.98999786376953,107.69000244140625,102.66999816894531,106.33000183105469,264900.0
2022-04-29,105.80999755859375,106.30000305175781,103.0,103.66999816894531,205000.0
2022-05-02,103.48999786376953,106.16999816894531,102.43000030517578,105.5,191900.0
2022-05-03,105.26000213623047,106.75,104.36000061035156,105.5,133700.0
2022-05-04,105.95999908447266,109.88999938964844,104.37000274658203,109.72000122070312,191100.0
2022-05-05,108.05000305175781,108.54000091552734,104.69999694824219,105.88999938964844,194500.0
2022-05-06,105.44000244140625,105.5,103.55000305175781,105.33999633789062,180400.0
2022-05-09,104.1500015258789,106.80999755859375,104.1500015258789,105.0199966430664,150500.0
2022-05-10,107.08999633789062,107.08999633789062,102.0999984741211,103.3499984741211,157000.0
2022-05-11,103.55000305175781,104.23999786376953,99.5999984741211,99.7300033569336,129400.0
2022-05-12,99.79000091552734,103.0,99.79000091552734,102.91999816894531,223300.0
2022-05-13,104.0199966430664,104.80000305175781,102.44000244140625,103.05999755859375,128000.0
2022-05-16,102.19999694824219,103.02999877929688,99.73999786376953,101.43000030517578,99500.0
2022-05-17,103.20999908447266,104.62999725341797,101.9800033569336,104.13999938964844,129100.0
2022-05-18,102.97000122070312,105.2699966430664,101.51000213623047,101.94999694824219,168800.0
2022-05-19,100.86000061035156,103.94000244140625,100.86000061035156,101.47000122070312,129400.0
2022-05-20,102.44999694824219,102.44999694824219,99.48999786376953,101.70999908447266,148200.0
2022-05-23,103.27999877929688,103.30999755859375,100.76000213623047,102.6500015258789,123600.0
2022-05-24,102.27999877929688,102.72000122070312,99.68000030517578,101.72000122070312,108800.0
2022-05-25,100.94999694824219,104.30000305175781,100.94999694824219,103.48999786376953,105500.0
2022-05-26,104.55999755859375,106.27999877929688,104.05999755859375,106.2300033569336,135700.0
2022-05-27,107.0,109.5199966430664,106.6500015258789,109.30999755859375,148900.0
2022-05-31,107.94999694824219,108.8499984741211,105.7699966430664,108.3499984741211,207100.0
2022-06-01,108.19000244140625,110.2300033569336,106.16999816894531,108.25,176700.0
2022-06-02,108.94000244140625,111.06999969482422,108.70999908447266,111.06999969482422,108100.0
2022-06-03,109.83000183105469,110.68000030517578,109.37000274658203,110.05000305175781,124200.0
2022-06-06,111.1500015258789,111.25,109.16999816894531,110.91999816894531,126400.0
2022-06-07,109.68000030517578,112.44999694824219,109.5199966430664,112.44000244140625,84700.0
2022-06-08,111.27999877929688,112.62000274658203,110.19000244140625,110.20999908447266,135200.0
2022-06-09,109.38999938964844,110.7300033569336,109.16999816894531,109.30000305175781,90400.0
2022-06-10,107.0199966430664,107.05999755859375,103.69000244140625,103.77999877929688,120600.0
2022-06-13,101.18000030517578,102.12000274658203,99.25,99.91999816894531,149700.0
2022-06-14,99.55000305175781,100.73999786376953,98.36000061035156,99.62000274658203,127400.0
2022-06-15,101.0,101.0,96.61000061035156,98.2300033569336,206100.0
2022-06-16,96.48999786376953,96.48999786376953,89.6500015258789,90.30000305175781,271200.0
2022-06-17,90.27999877929688,91.45999908447266,87.7300033569336,88.72000122070312,543100.0
2022-06-21,90.33000183105469,91.44999694824219,88.0199966430664,90.93000030517578,280700.0
2022-06-22,89.55000305175781,93.19999694824219,89.55000305175781,92.06999969482422,212100.0
2022-06-23,91.91000366210938,96.23999786376953,91.91000366210938,95.80000305175781,255400.0
2022-06-24,96.6500015258789,98.44000244140625,96.0999984741211,97.98999786376953,486300.0
2022-06-27,99.20999908447266,101.87000274658203,97.5,100.0999984741211,317300.0
2022-06-28,100.4000015258789,100.5999984741211,97.58999633789062,97.7699966430664,203900.0
2022-06-29,98.05000305175781,99.16999816894531,95.7699966430664,99.0999984741211,169600.0
2022-06-30,97.56999969482422,101.62000274658203,97.19000244140625,100.61000061035156,237000.0
2022-07-01,100.81999969482422,103.01000213623047,100.62999725341797,102.55000305175781,165500.0
2022-07-05,100.55000305175781,103.66999816894531,100.55000305175781,103.61000061035156,191100.0
2022-07-06,103.91999816894531,104.66000366210938,100.06999969482422,101.91999816894531,125900.0
2022-07-07,102.91999816894531,104.63999938964844,102.86000061035156,104.55999755859375,128800.0
2022-07-08,104.22000122070312,105.41000366210938,102.76000213623047,103.87999725341797,90900.0
2022-07-11,102.38999938964844,103.62999725341797,101.80000305175781,103.45999908447266,108400.0
2022-07-12,103.58999633789062,106.31999969482422,103.41000366210938,104.62999725341797,110600.0
2022-07-13,103.12999725341797,104.9800033569336,101.5199966430664,104.2300033569336,108700.0
2022-07-14,101.72000122070312,103.55999755859375,100.16000366210938,103.44999694824219,177500.0
2022-07-15,105.0,105.11000061035156,103.27999877929688,103.87999725341797,140500.0
2022-07-18,105.05999755859375,105.05999755859375,102.43000030517578,102.81999969482422,152700.0
2022-07-19,104.48999786376953,107.08999633789062,104.41000366210938,106.91000366210938,137500.0
2022-07-20,106.91000366210938,107.88999938964844,106.41999816894531,107.7699966430664,151300.0
2022-07-21,106.4000015258789,109.08999633789062,105.68000030517578,109.0199966430664,166200.0
2022-07-22,108.76000213623047,110.22000122070312,107.06999969482422,108.5199966430664,112900.0
2022-07-25,108.81999969482422,108.81999969482422,105.58999633789062,106.9800033569336,190300.0
2022-07-26,105.25,106.30999755859375,103.91000366210938,104.36000061035156,446600.0
2022-07-27,104.37999725341797,104.7699966430664,100.30999755859375,101.52999877929688,373100.0
2022-07-28,102.05999755859375,102.95999908447266,101.66000366210938,101.81999969482422,241700.0
2022-07-29,101.81999969482422,104.02999877929688,101.51000213623047,103.27999877929688,266500.0
2022-08-01,102.30999755859375,107.83999633789062,102.04000091552734,106.62999725341797,261800.0
2022-08-02,105.8499984741211,106.41999816894531,102.38999938964844,102.4000015258789,178000.0
2022-08-03,102.93000030517578,102.93000030517578,100.04000091552734,102.4000015258789,164300.0
2022-08-04,101.8499984741211,103.77999877929688,101.29000091552734,102.08000183105469,129700.0
2022-08-05,100.3499984741211,101.19999694824219,99.08999633789062,100.63999938964844,274500.0
2022-08-08,101.31999969482422,102.93000030517578,100.94999694824219,101.5199966430664,164600.0
2022-08-09,100.91999816894531,101.41000366210938,98.91999816894531,99.19999694824219,223900.0
2022-08-10,100.0,102.9800033569336,99.87000274658203,101.48999786376953,205100.0
2022-08-11,102.58000183105469,103.87999725341797,102.44999694824219,102.9800033569336,170000.0
2022-08-12,103.7300033569336,104.54000091552734,102.8499984741211,104.54000091552734,164100.0
2022-08-15,103.86000061035156,106.8499984741211,103.5,106.51000213623047,178800.0
2022-08-16,105.55999755859375,107.08000183105469,105.06999969482422,106.98999786376953,114500.0
2022-08-17,105.83999633789062,106.37999725341797,104.66000366210938,105.69000244140625,125200.0
2022-08-18,106.2699966430664,106.33999633789062,105.12999725341797,106.2300033569336,72900.0
2022-08-19,105.87000274658203,105.88999938964844,104.20999908447266,104.69000244140625,127100.0
2022-08-22,103.18000030517578,103.18000030517578,101.16999816894531,101.69999694824219,108900.0
2022-08-23,101.5199966430664,102.26000213623047,100.01000213623047,100.37999725341797,114800.0
2022-08-24,100.12999725341797,100.63999938964844,99.20999908447266,99.22000122070312,205800.0
2022-08-25,99.37999725341797,100.58999633789062,98.29000091552734,99.68000030517578,200900.0
2022-08-26,99.16999816894531,99.7300033569336,96.11000061035156,96.2300033569336,207900.0
2022-08-29,95.0,95.76000213623047,93.66999816894531,94.69999694824219,222600.0
2022-08-30,95.0,95.86000061035156,94.19999694824219,94.25,202000.0
2022-08-31,94.61000061035156,94.61000061035156,92.19000244140625,92.63999938964844,202000.0
2022-09-01,92.04000091552734,93.2699966430664,91.5999984741211,93.08999633789062,167100.0
2022-09-02,94.41000366210938,94.87000274658203,89.69000244140625,90.30999755859375,160500.0
2022-09-06,90.0,90.0,88.45999908447266,89.19000244140625,200400.0
2022-09-07,89.62000274658203,91.01000213623047,89.62000274658203,90.56999969482422,240600.0
2022-09-08,89.66000366210938,90.80999755859375,88.31999969482422,90.56999969482422,239000.0
2022-09-09,90.26000213623047,91.5,89.69999694824219,90.44999694824219,378600.0
2022-09-12,91.16999816894531,92.19000244140625,90.66999816894531,91.1500015258789,403700.0
2022-09-13,89.4000015258789,89.4000015258789,84.97000122070312,84.97000122070312,368200.0
2022-09-14,85.38999938964844,85.38999938964844,82.91999816894531,84.04000091552734,343700.0
2022-09-15,83.75,85.02999877929688,82.69000244140625,82.70999908447266,338900.0
2022-09-16,81.26000213623047,82.30000305175781,80.69000244140625,81.80999755859375,555700.0
2022-09-19,81.68000030517578,84.25,81.68000030517578,83.11000061035156,309100.0
2022-09-20,81.88999938964844,82.86000061035156,81.16999816894531,82.63999938964844,314300.0
2022-09-21,83.4800033569336,84.27999877929688,81.94000244140625,82.16999816894531,387300.0
2022-09-22,81.5,81.6500015258789,79.83000183105469,80.13999938964844,441300.0
2022-09-23,79.26000213623047,79.75,78.37999725341797,78.95999908447266,270700.0
2022-09-26,78.95999908447266,79.37000274658203,76.95999908447266,77.01000213623047,210100.0
2022-09-27,78.08999633789062,79.01000213623047,76.9800033569336,77.7300033569336,235200.0
2022-09-28,78.6500015258789,80.5199966430664,78.52999877929688,79.97000122070312,220500.0
2022-09-29,78.95999908447266,79.0,77.94000244140625,78.61000061035156,194300.0
2022-09-30,78.31999969482422,80.41000366210938,78.18000030517578,78.4000015258789,239100.0
2022-10-03,79.54000091552734,81.76000213623047,78.97000122070312,81.41999816894531,209700.0
2022-10-04,83.05000305175781,84.13999938964844,83.05000305175781,83.54000091552734,181800.0
2022-10-05,81.9800033569336,82.5999984741211,81.19000244140625,81.75,225600.0
2022-10-06,81.13999938964844,82.5199966430664,80.77999877929688,81.11000061035156,147300.0
2022-10-07,80.1500015258789,80.22000122070312,77.44000244140625,77.9800033569336,201400.0
2022-10-10,78.47000122070312,79.16999816894531,77.94000244140625,78.63999938964844,162300.0
2022-10-11,78.44999694824219,79.86000061035156,78.26000213623047,78.94000244140625,206200.0
2022-10-12,79.37999725341797,79.37999725341797,77.9000015258789,78.36000061035156,121700.0
2022-10-13,76.9000015258789,80.61000061035156,75.25,79.9800033569336,171200.0
2022-10-14,80.08000183105469,80.16000366210938,77.12999725341797,77.41000366210938,146000.0
2022-10-17,78.91000366210938,80.37000274658203,78.91000366210938,79.7300033569336,211500.0
2022-10-18,81.44999694824219,82.37999725341797,80.86000061035156,81.62000274658203,191400.0
2022-10-19,80.69000244140625,81.66000366210938,77.20999908447266,78.3499984741211,188100.0
2022-10-20,78.72000122070312,79.19999694824219,76.41000366210938,76.43000030517578,248100.0
2022-10-21,76.91000366210938,78.41000366210938,76.19999694824219,78.1500015258789,208900.0
2022-10-24,78.0,78.94999694824219,77.4000015258789,78.22000122070312,336300.0
2022-10-25,81.41000366210938,84.5999984741211,81.33000183105469,84.36000061035156,480000.0
2022-10-26,84.37000274658203,85.06999969482422,83.13999938964844,83.2699966430664,351400.0
2022-10-27,83.94999694824219,85.0,83.48999786376953,83.80000305175781,259000.0
2022-10-28,83.86000061035156,85.97000122070312,83.2300033569336,85.44999694824219,187300.0
2022-10-31,84.62999725341797,85.94000244140625,83.77999877929688,85.4800033569336,224500.0
2022-11-01,85.93000030517578,86.41000366210938,84.30000305175781,85.87999725341797,221600.0
2022-11-02,85.54000091552734,86.87999725341797,82.76000213623047,83.08999633789062,294700.0
2022-11-03,81.7699966430664,83.27999877929688,81.23999786376953,82.48999786376953,194100.0
2022-11-04,83.5,85.52999877929688,82.5199966430664,84.2300033569336,149200.0
2022-11-07,84.73999786376953,86.12000274658203,83.30999755859375,85.33999633789062,217700.0
2022-11-08,85.9000015258789,86.68000030517578,85.2699966430664,86.01000213623047,214800.0
2022-11-09,85.0,85.94000244140625,84.66000366210938,85.0199966430664,239100.0
2022-11-10,89.76000213623047,93.33000183105469,89.37000274658203,92.77999877929688,238200.0
2022-11-11,92.93000030517578,94.33999633789062,91.69999694824219,93.56999969482422,207100.0
2022-11-14,92.61000061035156,93.2300033569336,90.23999786376953,90.44000244140625,183300.0
2022-11-15,92.54000091552734,93.62000274658203,91.62000274658203,92.48999786376953,267300.0
2022-11-16,92.5,92.58000183105469,91.5999984741211,92.08999633789062,149300.0
2022-11-17,90.36000061035156,91.23999786376953,88.7300033569336,90.56999969482422,168000.0
2022-11-18,92.1500015258789,92.36000061035156,90.81999969482422,91.91000366210938,225200.0
2022-11-21,91.44999694824219,91.88999938964844,90.8499984741211,91.62000274658203,209900.0
2022-11-22,92.25,92.69999694824219,91.44000244140625,92.48999786376953,109600.0
2022-11-23,92.94999694824219,93.63999938964844,92.12000274658203,92.75,114800.0
2022-11-25,93.18000030517578,93.48999786376953,92.81999969482422,93.04000091552734,53600.0
2022-11-28,91.77999877929688,92.48999786376953,91.06999969482422,91.73999786376953,240500.0
2022-11-29,90.98999786376953,92.0999984741211,90.87000274658203,91.52999877929688,161300.0
2022-11-30,91.1500015258789,93.06999969482422,89.0,93.05000305175781,253100.0
2022-12-01,94.05000305175781,94.43000030517578,93.36000061035156,94.18000030517578,134500.0
2022-12-02,92.37000274658203,95.62000274658203,92.27999877929688,94.5199966430664,167000.0
2022-12-05,93.41999816894531,93.51000213623047,92.30999755859375,93.19999694824219,176500.0
2022-12-06,93.1500015258789,93.72000122070312,90.77999877929688,91.73999786376953,211600.0
2022-12-07,92.12000274658203,92.88999938964844,91.38999938964844,92.5,188300.0
2022-12-08,92.87999725341797,94.12000274658203,92.02999877929688,93.56999969482422,132800.0
2022-12-09,92.8499984741211,93.94000244140625,91.9800033569336,92.11000061035156,132300.0
2022-12-12,92.87000274658203,95.12000274658203,92.2699966430664,94.55999755859375,175500.0
2022-12-13,98.45999908447266,99.18000030517578,95.25,95.75,182300.0
2022-12-14,95.79000091552734,96.98999786376953,94.55000305175781,94.8499984741211,243600.0
2022-12-15,93.29000091552734,93.4000015258789,90.3499984741211,92.70999908447266,261500.0
2022-12-16,91.4800033569336,92.73999786376953,90.76000213623047,91.20999908447266,729300.0
2022-12-19,91.12999725341797,91.7300033569336,90.12999725341797,90.70999908447266,266400.0
2022-12-20,90.2699966430664,91.51000213623047,89.55999755859375,90.36000061035156,132700.0
2022-12-21,91.0,91.61000061035156,90.4000015258789,90.79000091552734,146000.0
2022-12-22,89.80000305175781,89.80000305175781,87.06999969482422,88.73999786376953,167900.0
2022-12-23,88.44999694824219,89.68000030517578,87.97000122070312,89.1500015258789,85900.0
2022-12-27,89.05999755859375,89.79000091552734,88.81999969482422,89.33000183105469,107800.0
2022-12-28,89.9000015258789,90.0199966430664,88.31999969482422,88.31999969482422,174700.0
2022-12-29,89.3499984741211,91.20999908447266,89.3499984741211,90.80999755859375,125500.0
2022-12-30,90.0,90.27999877929688,88.1500015258789,88.66000366210938,105200.0
2023-01-03,89.80999755859375,91.72000122070312,89.5199966430664,91.41999816894531,189500.0
2023-01-04,92.20999908447266,94.41999816894531,92.05000305175781,92.91000366210938,216300.0
2023-01-05,92.70999908447266,93.6500015258789,90.98999786376953,92.4800033569336,130000.0
2023-01-06,93.80999755859375,97.27999877929688,93.51000213623047,96.2300033569336,171600.0
2023-01-09,96.66999816894531,98.95999908447266,96.05999755859375,96.94000244140625,170700.0
2023-01-10,96.26000213623047,97.55000305175781,96.05999755859375,97.41999816894531,168600.0
2023-01-11,97.8499984741211,99.06999969482422,97.8499984741211,98.1500015258789,145200.0
2023-01-12,98.1500015258789,98.86000061035156,96.68000030517578,98.5,174700.0
2023-01-13,97.61000061035156,100.48999786376953,97.61000061035156,99.55000305175781,121700.0
2023-01-17,99.25,100.33999633789062,98.68000030517578,98.80000305175781,101600.0
2023-01-18,98.75,100.18000030517578,96.55000305175781,96.66000366210938,109300.0
2023-01-19,96.55000305175781,96.62000274658203,95.0,95.83000183105469,109400.0
2023-01-20,96.58000183105469,99.43000030517578,95.55000305175781,99.41999816894531,188300.0
2023-01-23,99.13999938964844,101.31999969482422,99.13999938964844,101.25,157900.0
2023-01-24,101.33999633789062,102.61000061035156,100.36000061035156,102.47000122070312,116400.0
2023-01-25,101.5999984741211,102.41999816894531,101.0999984741211,102.41999816894531,94900.0
2023-01-26,102.69999694824219,104.0999984741211,100.83000183105469,102.12999725341797,79300.0
2023-01-27,102.56999969482422,104.08999633789062,101.3499984741211,103.19999694824219,130400.0
2023-01-30,102.25,103.83000183105469,102.0999984741211,103.20999908447266,141000.0
2023-01-31,103.86000061035156,107.16000366210938,103.86000061035156,107.11000061035156,190500.0
2023-02-01,106.25,111.01000213623047,105.55999755859375,109.05999755859375,198600.0
2023-02-02,109.80000305175781,113.18000030517578,109.80000305175781,112.66999816894531,190300.0
2023-02-03,111.19999694824219,113.16999816894531,110.41000366210938,111.27999877929688,220300.0
2023-02-06,109.94000244140625,110.25,105.72000122070312,106.08999633789062,276600.0
2023-02-07,110.91000366210938,115.29000091552734,109.13999938964844,114.33999633789062,539000.0
2023-02-08,113.26000213623047,115.44999694824219,111.26000213623047,112.0199966430664,203800.0
2023-02-09,112.83999633789062,114.0199966430664,109.79000091552734,110.2300033569336,168100.0
2023-02-10,109.55999755859375,110.93000030517578,109.19000244140625,109.73999786376953,139600.0
2023-02-13,109.80000305175781,113.13999938964844,109.80000305175781,112.81999969482422,114900.0
2023-02-14,112.0999984741211,112.55000305175781,109.5999984741211,111.87000274658203,146300.0
2023-02-15,110.8499984741211,112.66000366210938,110.8499984741211,111.91999816894531,218100.0
2023-02-16,109.79000091552734,113.33999633789062,109.70999908447266,111.44999694824219,156800.0
2023-02-17,111.7699966430664,112.2300033569336,110.27999877929688,111.11000061035156,221200.0
2023-02-21,109.37999725341797,109.80000305175781,106.87000274658203,107.26000213623047,146800.0
2023-02-22,107.9800033569336,108.79000091552734,106.81999969482422,107.47000122070312,147700.0
2023-02-23,108.06999969482422,108.66000366210938,106.61000061035156,107.62999725341797,99300.0
2023-02-24,105.86000061035156,107.41000366210938,105.77999877929688,106.83999633789062,189200.0
2023-02-27,108.08000183105469,109.0,107.25,108.05000305175781,103600.0
2023-02-28,107.55999755859375,108.75,107.55999755859375,107.86000061035156,149400.0
2023-03-01,107.94999694824219,109.61000061035156,107.0,108.41999816894531,95500.0
2023-03-02,107.41000366210938,109.77999877929688,107.02999877929688,109.70999908447266,93400.0
2023-03-03,110.44000244140625,112.37000274658203,108.79000091552734,112.1500015258789,143600.0
2023-03-06,112.29000091552734,112.29000091552734,108.75,109.19999694824219,96400.0
2023-03-07,109.2699966430664,109.75,107.75,107.94999694824219,137900.0
2023-03-08,108.61000061035156,109.33999633789062,107.76000213623047,108.8499984741211,83300.0
2023-03-09,109.37999725341797,109.75,107.3499984741211,107.4000015258789,104200.0
2023-03-10,107.02999877929688,107.02999877929688,102.68000030517578,103.73999786376953,190900.0
2023-03-13,101.93000030517578,104.26000213623047,101.55999755859375,102.4800033569336,127400.0
2023-03-14,105.63999938964844,105.63999938964844,102.08000183105469,104.25,151600.0
2023-03-15,101.62999725341797,103.1500015258789,101.27999877929688,102.02999877929688,131100.0
2023-03-16,100.83999633789062,105.5199966430664,100.83999633789062,105.38999938964844,201800.0
2023-03-17,105.0,105.12999725341797,102.5,103.12000274658203,402500.0
2023-03-20,104.4000015258789,105.5999984741211,103.0,105.2699966430664,131500.0
2023-03-21,107.01000213623047,108.19999694824219,104.47000122070312,106.0,181900.0
2023-03-22,105.94999694824219,107.05000305175781,103.66000366210938,103.73999786376953,120500.0
2023-03-23,104.2699966430664,105.91000366210938,102.52999877929688,104.08000183105469,140800.0
2023-03-24,102.80999755859375,104.31999969482422,101.73999786376953,104.30999755859375,96900.0
2023-03-27,105.68000030517578,106.13999938964844,103.66000366210938,105.31999969482422,138900.0
2023-03-28,104.81999969482422,105.73999786376953,104.20999908447266,105.01000213623047,172300.0
2023-03-29,106.12999725341797,106.30000305175781,104.12000274658203,105.41000366210938,134300.0
2023-03-30,106.5199966430664,107.23999786376953,105.41999816894531,105.54000091552734,82100.0
2023-03-31,106.37999725341797,110.0,106.37999725341797,109.63999938964844,310900.0
2023-04-03,109.41999816894531,110.05000305175781,107.62999725341797,109.95999908447266,141500.0
2023-04-04,109.76000213623047,109.76000213623047,104.2300033569336,104.9800033569336,124200.0
2023-04-05,103.91999816894531,104.48999786376953,102.77999877929688,103.58999633789062,159200.0
2023-04-06,103.87000274658203,104.95999908447266,102.12999725341797,103.91000366210938,155200.0
2023-04-10,103.27999877929688,106.80000305175781,103.27999877929688,106.36000061035156,160200.0
2023-04-11,106.80999755859375,108.58000183105469,106.52999877929688,108.01000213623047,148800.0
2023-04-12,109.56999969482422,109.77999877929688,108.41000366210938,108.94999694824219,134400.0
2023-04-13,109.9800033569336,110.27999877929688,108.3499984741211,110.23999786376953,150100.0
2023-04-14,110.04000091552734,111.48999786376953,108.41999816894531,109.19000244140625,119900.0
2023-04-17,109.0999984741211,109.97000122070312,108.69999694824219,109.31999969482422,97700.0
2023-04-18,109.69000244140625,111.04000091552734,109.13999938964844,110.77999877929688,132100.0
2023-04-19,110.62999725341797,113.0999984741211,110.4000015258789,113.0,171100.0
2023-04-20,112.5999984741211,117.08000183105469,112.5999984741211,115.11000061035156,465900.0
2023-04-21,115.23999786376953,115.23999786376953,111.29000091552734,113.2300033569336,166000.0
2023-04-24,113.69000244140625,114.66999816894531,112.37999725341797,112.9800033569336,135900.0
2023-04-25,119.5999984741211,128.0399932861328,119.41999816894531,123.58000183105469,510000.0
2023-04-26,121.91999816894531,123.31999969482422,119.7699966430664,120.0199966430664,225600.0
2023-04-27,121.19999694824219,125.05999755859375,120.95999908447266,124.98999786376953,189400.0
2023-04-28,125.18000030517578,126.5999984741211,124.62999725341797,125.77999877929688,189900.0
2023-05-01,125.77999877929688,126.95999908447266,124.7699966430664,125.87999725341797,169900.0
2023-05-02,125.87000274658203,126.5,123.55999755859375,124.37000274658203,176400.0
2023-05-03,125.11000061035156,128.0800018310547,124.6500015258789,125.44999694824219,173600.0
2023-05-04,124.86000061035156,124.86000061035156,122.05000305175781,123.25,142500.0
2023-05-05,125.6500015258789,125.6500015258789,123.62000274658203,125.45999908447266,144300.0
2023-05-08,125.61000061035156,125.61000061035156,123.76000213623047,125.3499984741211,95200.0
2023-05-09,125.30000305175781,126.5,124.70999908447266,124.75,123600.0
2023-05-10,126.29000091552734,126.29000091552734,123.08000183105469,125.33999633789062,88900.0
2023-05-11,124.33999633789062,124.79000091552734,123.0999984741211,123.68000030517578,100500.0
2023-05-12,123.9000015258789,124.37000274658203,122.5999984741211,123.22000122070312,91000.0
2023-05-15,123.41999816894531,125.22000122070312,122.61000061035156,124.9000015258789,115400.0
2023-05-16,124.37000274658203,125.44000244140625,122.91999816894531,124.94999694824219,79100.0
2023-05-17,125.27999877929688,127.23999786376953,124.58000183105469,126.7699966430664,129700.0
2023-05-18,126.41000366210938,127.69999694824219,124.77999877929688,127.43000030517578,105000.0
2023-05-19,128.82000732421875,128.82000732421875,125.02999877929688,125.3499984741211,100000.0
2023-05-22,125.55999755859375,125.91000366210938,123.86000061035156,124.0,206400.0
2023-05-23,123.05000305175781,123.6500015258789,121.98999786376953,122.94999694824219,216400.0
2023-05-24,123.16999816894531,123.58999633789062,121.76000213623047,121.79000091552734,142400.0
2023-05-25,122.75,122.75,120.33999633789062,121.08000183105469,128400.0
2023-05-26,120.80999755859375,121.69000244140625,119.48999786376953,121.33999633789062,116600.0
2023-05-30,121.58000183105469,121.58000183105469,119.81999969482422,120.83999633789062,95700.0
2023-05-31,120.76000213623047,121.4000015258789,117.08999633789062,118.19000244140625,252000.0
2023-06-01,117.94000244140625,121.01000213623047,117.62999725341797,120.25,107200.0
2023-06-02,122.06999969482422,126.80000305175781,120.93000030517578,126.5999984741211,144300.0
2023-06-05,125.18000030517578,125.56999969482422,122.83999633789062,124.94000244140625,100100.0
2023-06-06,124.75,129.64999389648438,124.75,129.22999572753906,150200.0
2023-06-07,129.8300018310547,133.4499969482422,129.8300018310547,132.24000549316406,191800.0
2023-06-08,131.5800018310547,132.67999267578125,129.5500030517578,130.38999938964844,114500.0
2023-06-09,130.02000427246094,130.35000610351562,128.5,129.27999877929688,89700.0
2023-06-12,129.3000030517578,130.1199951171875,128.19000244140625,129.52000427246094,105300.0
2023-06-13,129.52000427246094,131.19000244140625,129.52000427246094,130.41000366210938,95900.0
2023-06-14,130.55999755859375,130.6999969482422,127.12999725341797,128.42999267578125,121800.0
2023-06-15,128.10000610351562,131.97000122070312,127.55000305175781,131.89999389648438,204000.0
2023-06-16,132.69000244140625,132.69000244140625,128.60000610351562,130.11000061035156,455400.0
2023-06-20,129.99000549316406,133.6699981689453,129.99000549316406,133.44000244140625,239900.0
2023-06-21,133.13999938964844,136.22000122070312,132.39999389648438,133.97999572753906,132900.0
2023-06-22,133.66000366210938,134.4199981689453,132.02000427246094,133.83999633789062,140400.0
2023-06-23,132.14999389648438,135.07000732421875,131.60000610351562,132.22999572753906,277300.0
2023-06-26,131.32000732421875,134.3800048828125,131.32000732421875,132.7899932861328,77000.0
2023-06-27,133.80999755859375,137.3300018310547,133.3800048828125,135.66000366210938,130100.0
2023-06-28,135.74000549316406,136.80999755859375,134.91000366210938,136.6999969482422,90600.0
2023-06-29,136.47000122070312,140.14999389648438,136.47000122070312,139.6300048828125,163300.0
2023-06-30,140.49000549316406,140.8300018310547,138.47000122070312,138.5,157800.0
2023-07-03,136.9600067138672,137.27999877929688,133.27999877929688,136.35000610351562,101600.0
2023-07-05,135.1199951171875,136.67999267578125,133.97000122070312,136.17999267578125,176900.0
2023-07-06,134.72000122070312,135.17999267578125,132.27999877929688,133.3800048828125,98100.0
2023-07-07,133.6199951171875,134.80999755859375,132.89999389648438,133.27000427246094,113700.0
2023-07-10,132.82000732421875,136.22999572753906,132.82000732421875,135.97000122070312,132000.0
2023-07-11,136.2100067138672,138.86000061035156,136.2100067138672,138.0,108600.0
2023-07-12,140.4600067138672,143.14999389648438,139.3000030517578,140.97000122070312,160200.0
2023-07-13,141.60000610351562,144.02999877929688,140.72000122070312,143.74000549316406,184500.0
2023-07-14,142.9600067138672,145.1699981689453,141.64999389648438,145.11000061035156,268100.0
2023-07-17,144.91000366210938,148.75999450683594,144.6199951171875,147.72999572753906,201600.0
2023-07-18,148.5,151.64999389648438,147.8000030517578,151.3800048828125,211000.0
2023-07-19,152.3800048828125,152.3800048828125,149.38999938964844,151.82000732421875,143100.0
2023-07-20,152.5500030517578,152.5500030517578,149.83999633789062,150.63999938964844,311000.0
2023-07-21,151.3000030517578,151.3000030517578,148.5399932861328,149.39999389648438,254700.0
2023-07-24,149.1699981689453,151.44000244140625,149.1699981689453,149.8000030517578,240900.0
2023-07-25,153.0,160.52999877929688,152.0,159.42999267578125,410900.0
2023-07-26,159.10000610351562,164.69000244140625,158.41000366210938,163.4199981689453,285700.0
2023-07-27,164.7100067138672,166.02999877929688,160.02999877929688,161.36000061035156,243400.0
2023-07-28,162.99000549316406,162.99000549316406,157.4499969482422,158.07000732421875,266900.0
2023-07-31,158.10000610351562,158.91000366210938,156.4499969482422,158.0,263400.0
2023-08-01,157.6300048828125,158.8000030517578,157.2100067138672,158.0,174200.0
2023-08-02,156.80999755859375,158.1999969482422,155.5399932861328,157.52000427246094,146300.0
2023-08-03,157.4499969482422,157.4499969482422,153.88999938964844,154.13999938964844,220700.0
2023-08-04,155.2899932861328,156.49000549316406,154.13999938964844,155.27999877929688,157600.0
2023-08-07,155.3699951171875,157.22000122070312,155.3699951171875,157.0500030517578,107900.0
2023-08-08,155.52000427246094,156.25999450683594,152.85000610351562,155.58999633789062,127600.0
2023-08-09,155.97999572753906,157.33999633789062,154.7100067138672,155.89999389648438,130900.0
2023-08-10,155.91000366210938,157.5,154.1300048828125,155.02000427246094,174500.0
2023-08-11,155.66000366210938,157.72999572753906,155.66000366210938,156.69000244140625,112000.0
2023-08-14,156.6999969482422,157.50999450683594,155.24000549316406,156.5399932861328,108400.0
2023-08-15,156.72000122070312,156.97000122070312,155.0500030517578,156.63999938964844,112500.0
2023-08-16,156.92999267578125,158.5,155.25,156.5800018310547,105200.0
2023-08-17,156.89999389648438,157.0,150.3800048828125,150.83999633789062,128600.0
2023-08-18,150.44000244140625,153.66000366210938,150.42999267578125,152.7899932861328,142700.0
2023-08-21,152.3800048828125,153.11000061035156,149.22000122070312,152.49000549316406,143200.0
2023-08-22,152.99000549316406,154.5800018310547,152.64999389648438,153.32000732421875,109900.0
2023-08-23,154.6699981689453,157.2100067138672,153.36000061035156,156.35000610351562,109700.0
2023-08-24,155.02000427246094,156.50999450683594,153.17999267578125,153.27000427246094,103300.0
2023-08-25,153.83999633789062,155.25,151.47999572753906,154.0500030517578,150300.0
2023-08-28,154.8000030517578,156.9499969482422,154.1199951171875,154.6199951171875,119400.0
2023-08-29,153.74000549316406,158.64999389648438,153.6999969482422,158.14999389648438,109400.0
2023-08-30,157.5800018310547,160.3000030517578,157.5800018310547,158.69000244140625,91000.0
2023-08-31,158.63999938964844,160.89999389648438,158.63999938964844,159.75999450683594,132000.0
2023-09-01,160.8699951171875,163.74000549316406,160.3800048828125,163.17999267578125,155900.0
2023-09-05,161.89999389648438,162.36000061035156,156.27999877929688,156.7899932861328,151100.0
2023-09-06,157.4199981689453,158.8300018310547,155.5399932861328,156.55999755859375,118200.0
2023-09-07,156.77999877929688,156.77999877929688,153.94000244140625,155.4199981689453,112000.0
2023-09-08,154.97999572753906,156.3699951171875,154.25,154.2899932861328,103600.0
2023-09-11,156.02000427246094,159.64999389648438,155.63999938964844,158.72000122070312,137800.0
2023-09-12,157.72000122070312,158.9499969482422,156.75999450683594,157.07000732421875,103600.0
2023-09-13,156.7100067138672,156.7100067138672,152.72000122070312,153.3300018310547,166500.0
2023-09-14,154.27000427246094,157.36000061035156,153.8699951171875,156.8000030517578,141900.0
2023-09-15,156.41000366210938,156.41000366210938,151.1300048828125,152.0,711800.0
2023-09-18,152.6199951171875,153.7100067138672,151.5,152.41000366210938,158600.0
2023-09-19,152.02999877929688,153.4199981689453,151.35000610351562,152.50999450683594,111800.0
2023-09-20,153.61000061035156,154.69000244140625,150.67999267578125,150.91000366210938,118900.0
2023-09-21,149.75999450683594,149.75999450683594,146.42999267578125,146.49000549316406,210200.0
2023-09-22,147.27000427246094,148.25,146.67999267578125,146.8300018310547,159300.0
2023-09-25,146.0,148.75999450683594,145.77000427246094,147.97000122070312,107800.0
2023-09-26,147.27999877929688,149.16000366210938,146.30999755859375,146.33999633789062,153700.0
2023-09-27,147.9600067138672,149.19000244140625,147.1300048828125,149.16000366210938,137000.0
2023-09-28,149.3699951171875,150.85000610351562,147.60000610351562,150.69000244140625,160300.0
2023-09-29,151.6300048828125,151.6300048828125,149.36000061035156,149.80999755859375,186200.0
2023-10-02,148.60000610351562,150.4199981689453,148.22000122070312,148.74000549316406,197200.0
2023-10-03,148.47000122070312,149.57000732421875,145.57000732421875,145.85000610351562,218000.0
2023-10-04,145.0,147.57000732421875,143.63999938964844,146.6199951171875,234200.0
2023-10-05,146.3300018310547,147.6699981689453,145.7899932861328,146.05999755859375,222300.0
2023-10-06,144.58999633789062,144.75999450683594,139.27999877929688,140.7899932861328,396800.0
2023-10-09,139.10000610351562,140.47000122070312,138.69000244140625,139.1199951171875,325300.0
2023-10-10,139.64999389648438,143.52999877929688,138.74000549316406,143.05999755859375,512300.0
2023-10-11,143.5399932861328,144.92999267578125,140.47999572753906,141.33999633789062,181600.0
2023-10-12,141.38999938964844,144.60000610351562,135.82000732421875,137.41000366210938,223900.0
2023-10-13,136.7899932861328,137.8699951171875,134.5800018310547,135.10000610351562,155100.0
2023-10-16,137.3800048828125,139.5,136.86000061035156,138.8000030517578,157300.0
2023-10-17,137.75,140.22999572753906,137.75,138.27999877929688,218500.0
2023-10-18,136.3699951171875,136.92999267578125,133.7100067138672,134.3699951171875,132200.0
2023-10-19,134.3699951171875,136.6699981689453,132.58999633789062,133.0800018310547,220600.0
2023-10-20,133.6999969482422,134.08999633789062,130.4199981689453,131.89999389648438,258100.0
2023-10-23,131.83999633789062,134.38999938964844,131.77000427246094,132.5399932861328,250600.0
2023-10-24,130.82000732421875,131.6300048828125,123.93000030517578,125.91999816894531,441600.0
2023-10-25,125.12999725341797,128.64999389648438,124.5,127.47000122070312,249400.0
2023-10-26,128.89999389648438,130.3800048828125,126.83000183105469,128.55999755859375,284000.0
2023-10-27,128.6699981689453,130.0,127.23999786376953,128.6199951171875,260000.0
2023-10-30,129.58999633789062,133.1699981689453,128.75999450683594,131.75,390100.0
2023-10-31,132.8300018310547,135.0399932861328,132.8300018310547,133.17999267578125,328700.0
2023-11-01,133.11000061035156,137.0,132.19000244140625,136.77999877929688,324800.0
2023-11-02,139.7100067138672,142.38999938964844,138.44000244140625,140.5,231600.0
2023-11-03,143.5500030517578,145.1699981689453,143.0,143.4499969482422,281500.0
2023-11-06,143.22000122070312,146.5399932861328,143.22000122070312,145.27000427246094,272900.0
2023-11-07,145.05999755859375,146.1199951171875,143.50999450683594,143.91000366210938,213100.0
2023-11-08,144.57000732421875,145.07000732421875,140.74000549316406,142.3699951171875,179100.0
2023-11-09,143.57000732421875,143.8300018310547,140.6199951171875,141.47000122070312,95700.0
2023-11-10,142.86000061035156,145.6300048828125,142.00999450683594,145.3699951171875,105900.0
2023-11-13,144.66000366210938,147.02999877929688,144.32000732421875,145.50999450683594,151900.0
2023-11-14,150.27000427246094,156.75,150.27000427246094,156.61000061035156,307500.0
2023-11-15,156.19000244140625,159.36000061035156,155.39999389648438,155.66000366210938,244200.0
2023-11-16,156.42999267578125,156.42999267578125,152.92999267578125,154.9199981689453,143600.0
2023-11-17,155.7899932861328,157.38999938964844,155.7899932861328,156.94000244140625,210000.0
2023-11-20,156.63999938964844,158.58999633789062,153.60000610351562,158.52999877929688,204200.0
2023-11-21,156.9199981689453,161.27000427246094,156.9199981689453,160.17999267578125,305300.0
2023-11-22,161.97000122070312,163.27000427246094,160.72999572753906,162.47999572753906,216200.0
2023-11-24,161.8300018310547,164.3000030517578,161.8300018310547,163.33999633789062,67600.0
2023-11-27,162.3300018310547,164.77999877929688,161.32000732421875,164.2899932861328,192900.0
2023-11-28,164.0,164.2899932861328,161.1999969482422,161.4499969482422,317900.0
2023-11-29,163.8699951171875,166.77999877929688,163.08999633789062,166.02000427246094,333200.0
2023-11-30,165.9600067138672,167.4600067138672,165.25999450683594,166.97000122070312,241500.0
2023-12-01,167.3800048828125,172.8800048828125,167.3800048828125,172.49000549316406,332600.0
2023-12-04,172.4600067138672,175.30999755859375,172.02999877929688,175.14999389648438,232000.0
2023-12-05,174.75,176.27999877929688,174.1199951171875,175.4600067138672,233800.0
2023-12-06,176.27000427246094,180.69000244140625,176.27000427246094,178.17999267578125,393100.0
2023-12-07,178.35000610351562,180.50999450683594,176.5800018310547,179.17999267578125,229600.0
2023-12-08,178.9499969482422,182.3000030517578,178.9499969482422,182.17999267578125,183600.0
2023-12-11,182.0800018310547,183.6699981689453,180.52999877929688,181.75,186100.0
2023-12-12,181.97000122070312,184.8000030517578,180.50999450683594,183.5,161900.0
2023-12-13,183.32000732421875,186.80999755859375,178.89999389648438,186.44000244140625,393300.0
2023-12-14,189.0,195.80999755859375,188.89999389648438,194.8800048828125,292800.0
2023-12-15,194.75999450683594,196.7899932861328,191.8300018310547,192.32000732421875,472700.0
2023-12-18,194.5399932861328,194.5399932861328,188.42999267578125,189.3300018310547,185900.0
2023-12-19,191.9600067138672,197.14999389648438,191.9600067138672,196.27999877929688,394900.0
2023-12-20,195.82000732421875,197.6699981689453,192.4199981689453,192.6300048828125,218500.0
2023-12-21,195.55999755859375,195.72000122070312,193.22999572753906,195.57000732421875,209800.0
2023-12-22,196.8300018310547,199.41000366210938,196.05999755859375,197.60000610351562,164100.0
2023-12-26,197.82000732421875,200.32000732421875,197.02999877929688,199.32000732421875,114800.0
2023-12-27,199.86000061035156,202.13999938964844,199.61000061035156,200.6699981689453,130300.0
2023-12-28,200.1300048828125,200.97000122070312,198.86000061035156,200.91000366210938,118900.0
2023-12-29,200.0,201.1699981689453,197.8800048828125,197.97999572753906,167300.0
2024-01-02,195.4499969482422,196.4199981689453,191.77000427246094,193.67999267578125,203000.0
2024-01-03,194.92999267578125,194.92999267578125,185.97999572753906,186.75,238800.0
2024-01-04,185.9199981689453,188.19000244140625,185.50999450683594,185.7899932861328,214400.0
2024-01-05,184.50999450683594,187.6199951171875,183.13999938964844,183.75999450683594,230700.0
2024-01-08,184.25,187.16000366210938,183.05999755859375,187.08999633789062,178200.0
2024-01-09,184.5800018310547,184.72000122070312,183.41000366210938,183.9199981689453,160400.0
2024-01-10,184.58999633789062,186.16000366210938,183.0,183.60000610351562,198000.0
2024-01-11,183.52000427246094,185.3300018310547,179.77000427246094,184.22000122070312,289200.0
2024-01-12,187.10000610351562,187.10000610351562,180.60000610351562,182.19000244140625,179200.0
2024-01-16,180.0500030517578,180.91000366210938,178.1300048828125,180.83999633789062,166800.0
2024-01-17,178.2899932861328,181.6199951171875,178.2899932861328,181.1300048828125,149600.0
2024-01-18,182.8800048828125,183.91000366210938,179.6199951171875,183.6999969482422,139200.0
2024-01-19,184.07000732421875,184.07000732421875,179.8300018310547,182.3300018310547,137300.0
2024-01-22,184.16000366210938,186.52999877929688,184.16000366210938,186.08999633789062,181700.0
2024-01-23,186.39999389648438,186.39999389648438,180.57000732421875,181.75,175300.0
2024-01-24,183.72999572753906,183.72999572753906,179.4499969482422,179.88999938964844,144800.0
2024-01-25,182.08999633789062,183.3000030517578,180.55999755859375,182.3800048828125,154200.0
2024-01-26,183.1999969482422,183.3699951171875,181.5500030517578,182.35000610351562,155600.0
2024-01-29,182.86000061035156,187.0500030517578,182.86000061035156,186.8800048828125,159800.0
2024-01-30,186.69000244140625,189.17999267578125,186.3000030517578,188.39999389648438,174100.0
2024-01-31,187.33999633789062,187.42999267578125,180.42999267578125,180.99000549316406,272700.0
2024-02-01,183.6199951171875,186.13999938964844,181.36000061035156,185.8000030517578,219000.0
2024-02-02,182.2899932861328,188.13999938964844,181.61000061035156,187.19000244140625,217100.0
2024-02-05,184.25,186.19000244140625,181.50999450683594,183.75,249800.0
2024-02-06,187.5399932861328,193.9499969482422,175.60000610351562,180.69000244140625,511400.0
2024-02-07,182.52999877929688,185.42999267578125,179.5800018310547,182.69000244140625,247300.0
2024-02-08,183.66000366210938,190.88999938964844,182.5,190.4199981689453,409400.0
2024-02-09,190.1300048828125,194.35000610351562,188.6300048828125,192.39999389648438,291000.0
2024-02-12,192.47999572753906,195.8699951171875,191.83999633789062,194.82000732421875,292900.0
2024-02-13,186.47999572753906,190.6999969482422,184.61000061035156,186.00999450683594,347400.0
2024-02-14,188.72999572753906,190.9600067138672,186.75999450683594,190.77000427246094,178400.0
2024-02-15,192.64999389648438,196.07000732421875,190.8000030517578,196.0,217600.0
2024-02-16,193.9199981689453,195.35000610351562,191.60000610351562,193.7899932861328,184800.0
2024-02-20,190.8300018310547,193.0500030517578,190.32000732421875,192.91000366210938,156000.0
2024-02-21,192.92999267578125,193.50999450683594,191.36000061035156,193.02000427246094,191200.0
2024-02-22,194.2100067138672,198.08999633789062,192.3300018310547,195.22000122070312,208200.0
2024-02-23,196.0800018310547,200.72000122070312,195.82000732421875,199.9600067138672,202200.0
2024-02-26,199.1699981689453,201.24000549316406,198.52000427246094,199.57000732421875,207700.0
2024-02-27,202.0,207.32000732421875,201.55999755859375,207.25,365300.0
2024-02-28,206.0,209.4499969482422,205.52999877929688,208.83999633789062,215400.0
2024-02-29,210.0,210.72000122070312,206.77000427246094,208.67999267578125,201300.0
2024-03-01,207.9499969482422,210.86000061035156,206.5500030517578,209.3000030517578,216300.0
2024-03-04,210.85000610351562,215.00999450683594,210.85000610351562,212.19000244140625,273800.0
2024-03-05,210.6699981689453,213.10000610351562,208.97999572753906,209.10000610351562,248900.0
2024-03-06,211.22999572753906,212.77000427246094,210.1999969482422,212.25999450683594,201000.0
2024-03-07,213.3000030517578,216.4600067138672,213.3000030517578,214.8300018310547,123200.0
2024-03-08,215.17999267578125,218.3800048828125,211.5399932861328,211.5800018310547,179700.0
2024-03-11,210.0800018310547,210.0800018310547,203.89999389648438,205.41000366210938,194000.0
2024-03-12,205.0800018310547,205.9499969482422,201.63999938964844,201.82000732421875,229000.0
2024-03-13,200.8800048828125,204.22000122070312,200.38999938964844,201.27000427246094,250400.0
2024-03-14,200.11000061035156,200.36000061035156,195.30999755859375,196.64999389648438,273000.0
2024-03-15,195.52000427246094,199.75999450683594,195.1699981689453,197.24000549316406,598800.0
2024-03-18,198.5399932861328,198.97999572753906,195.25999450683594,195.27000427246094,267100.0
2024-03-19,195.2100067138672,198.94000244140625,194.80999755859375,197.82000732421875,234300.0
2024-03-20,198.0800018310547,201.6699981689453,196.3699951171875,201.2899932861328,164100.0
2024-03-21,203.5399932861328,208.1199951171875,203.0,205.1999969482422,160900.0
2024-03-22,205.02000427246094,205.02000427246094,201.4199981689453,201.86000061035156,193500.0
2024-03-25,200.74000549316406,202.4600067138672,198.10000610351562,198.10000610351562,144800.0
2024-03-26,198.25999450683594,201.5399932861328,198.19000244140625,199.86000061035156,144600.0
2024-03-27,201.55999755859375,203.16000366210938,199.5,202.91000366210938,146900.0
2024-03-28,203.7100067138672,206.47999572753906,202.60000610351562,205.17999267578125,190200.0
2024-04-01,205.47000122070312,205.8800048828125,201.33999633789062,201.35000610351562,186000.0
2024-04-02,198.82000732421875,199.1300048828125,194.57000732421875,196.3699951171875,245400.0
2024-04-03,194.49000549316406,199.1699981689453,194.0,196.97000122070312,193000.0
2024-04-04,198.8800048828125,198.8800048828125,190.6999969482422,192.0399932861328,185000.0
2024-04-05,192.17999267578125,195.8699951171875,191.67999267578125,194.80999755859375,160800.0
2024-04-08,196.16000366210938,196.80999755859375,192.30999755859375,192.4499969482422,230800.0
2024-04-09,192.42999267578125,194.5800018310547,186.9499969482422,190.97999572753906,207600.0
2024-04-10,183.82000732421875,186.44000244140625,181.16000366210938,182.91000366210938,366200.0
2024-04-11,184.10000610351562,185.82000732421875,183.0,184.77000427246094,224000.0
2024-04-12,182.3800048828125,185.3300018310547,181.6199951171875,184.8699951171875,230700.0
2024-04-15,186.3699951171875,187.89999389648438,183.72000122070312,185.5399932861328,288600.0
2024-04-16,183.41000366210938,185.0,182.0500030517578,184.72000122070312,213700.0
2024-04-17,186.5800018310547,186.5800018310547,178.74000549316406,178.8000030517578,275000.0
2024-04-18,181.2100067138672,183.63999938964844,180.32000732421875,182.0500030517578,380200.0
2024-04-19,181.33999633789062,185.05999755859375,181.33999633789062,184.3800048828125,386300.0
2024-04-22,184.5800018310547,185.91000366210938,182.02000427246094,185.1199951171875,472400.0
2024-04-23,171.97999572753906,173.47999572753906,162.69000244140625,169.22999572753906,1404800.0
2024-04-24,169.3300018310547,172.05999755859375,166.58999633789062,169.6199951171875,664400.0
2024-04-25,169.72999572753906,171.47999572753906,166.5,170.82000732421875,559100.0
2024-04-26,171.8699951171875,175.97999572753906,170.22999572753906,173.61000061035156,549900.0
2024-04-29,173.6999969482422,179.24000549316406,172.52000427246094,175.66000366210938,470900.0
2024-04-30,175.2899932861328,176.3000030517578,173.74000549316406,173.88999938964844,439900.0
2024-05-01,174.17999267578125,181.02999877929688,172.57000732421875,175.83999633789062,409200.0
2024-05-02,177.7100067138672,178.97000122070312,176.14999389648438,178.2100067138672,316500.0
2024-05-03,181.9199981689453,184.83999633789062,180.3300018310547,181.0500030517578,228700.0
2024-05-06,182.80999755859375,185.27000427246094,181.52000427246094,183.22999572753906,234000.0
2024-05-07,181.9499969482422,182.6999969482422,179.97999572753906,180.0500030517578,396900.0
2024-05-08,179.30999755859375,180.50999450683594,176.02000427246094,176.64999389648438,263800.0
2024-05-09,176.64999389648438,178.2100067138672,174.9499969482422,177.1300048828125,337500.0
2024-05-10,177.0399932861328,178.02999877929688,175.63999938964844,176.0,338600.0
2024-05-13,177.5,178.67999267578125,174.16000366210938,174.27999877929688,171500.0
2024-05-14,176.22999572753906,176.77999877929688,174.55999755859375,175.55999755859375,185100.0
2024-05-15,177.80999755859375,179.58999633789062,175.3699951171875,175.6699981689453,202200.0
2024-05-16,175.08999633789062,175.27999877929688,169.44000244140625,169.55999755859375,247100.0
2024-05-17,170.11000061035156,170.64999389648438,166.5399932861328,168.35000610351562,441700.0
2024-05-20,168.5399932861328,172.69000244140625,168.3699951171875,171.6699981689453,272400.0
2024-05-21,171.35000610351562,172.80999755859375,170.5,172.74000549316406,168300.0
2024-05-22,171.8800048828125,174.4499969482422,170.55999755859375,172.25,261100.0
2024-05-23,173.41000366210938,173.41000366210938,168.63999938964844,170.69000244140625,241800.0
2024-05-24,172.1999969482422,173.11000061035156,170.52999877929688,173.00999450683594,196000.0
2024-05-28,173.5800018310547,173.92999267578125,167.99000549316406,168.88999938964844,152000.0
2024-05-29,166.64999389648438,167.42999267578125,165.0399932861328,166.38999938964844,263200.0
2024-05-30,168.1300048828125,169.41000366210938,166.4600067138672,167.69000244140625,350500.0
2024-05-31,168.4199981689453,169.99000549316406,164.38999938964844,165.9199981689453,346100.0
2024-06-03,167.94000244140625,167.94000244140625,161.75,163.67999267578125,273600.0
2024-06-04,162.42999267578125,164.75,161.27000427246094,162.27999877929688,267700.0
2024-06-05,162.72999572753906,165.3800048828125,161.42999267578125,163.47999572753906,257400.0
2024-06-06,163.3800048828125,164.74000549316406,160.58999633789062,161.3699951171875,238800.0
2024-06-07,160.0500030517578,161.5399932861328,158.8800048828125,161.0,216500.0
2024-06-10,158.74000549316406,161.50999450683594,158.74000549316406,160.1699981689453,282000.0
2024-06-11,159.3300018310547,160.35000610351562,157.4199981689453,160.22000122070312,513800.0
2024-06-12,164.88999938964844,169.33999633789062,164.88999938964844,165.25999450683594,289600.0
2024-06-13,164.44000244140625,164.52999877929688,162.6699981689453,164.30999755859375,273200.0
2024-06-14,162.0500030517578,163.39999389648438,160.22000122070312,162.5,207500.0
2024-06-17,162.13999938964844,169.08999633789062,162.0,168.67999267578125,280000.0
2024-06-18,169.24000549316406,172.16000366210938,167.9600067138672,171.14999389648438,322400.0
2024-06-20,170.10000610351562,173.3800048828125,169.27000427246094,170.9199981689453,305200.0
2024-06-21,170.27000427246094,172.3800048828125,167.1699981689453,171.6300048828125,887500.0
2024-06-24,172.30999755859375,176.19000244140625,171.3000030517578,173.92999267578125,403900.0
2024-06-25,173.22999572753906,173.50999450683594,165.88999938964844,168.52999877929688,390800.0
2024-06-26,167.50999450683594,170.67999267578125,166.6699981689453,169.07000732421875,314400.0
2024-06-27,170.5399932861328,172.1699981689453,168.52000427246094,171.7100067138672,383200.0
2024-06-28,173.5399932861328,174.64999389648438,168.32000732421875,168.52999877929688,5368500.0
2024-07-01,168.42999267578125,169.22999572753906,163.57000732421875,163.9199981689453,293000.0
2024-07-02,163.89999389648438,165.6999969482422,163.88999938964844,165.0,332500.0
2024-07-03,165.11000061035156,166.08999633789062,163.6199951171875,164.25,188100.0
2024-07-05,163.41000366210938,163.6999969482422,161.38999938964844,162.4499969482422,226900.0
2024-07-08,163.91000366210938,165.83999633789062,163.8800048828125,165.4600067138672,345400.0
2024-07-09,164.97999572753906,168.0800018310547,164.10000610351562,165.38999938964844,208000.0
2024-07-10,166.19000244140625,168.3000030517578,165.0,167.75,157300.0
2024-07-11,171.1999969482422,177.77999877929688,169.6300048828125,176.72999572753906,224100.0
2024-07-12,178.89999389648438,182.88999938964844,178.25999450683594,181.49000549316406,334400.0
2024-07-15,183.1199951171875,184.75,181.50999450683594,182.4499969482422,224900.0
2024-07-16,184.6300048828125,190.44000244140625,184.6300048828125,189.9600067138672,246500.0
2024-07-17,188.22999572753906,189.52000427246094,183.8699951171875,183.9499969482422,340000.0
2024-07-18,183.82000732421875,188.5,182.16000366210938,182.82000732421875,229200.0
2024-07-19,182.5800018310547,183.82000732421875,179.9499969482422,181.3300018310547,166300.0
2024-07-22,179.5,182.55999755859375,177.11000061035156,180.66000366210938,336600.0
2024-07-23,173.39999389648438,182.0,166.05999755859375,179.1300048828125,687200.0
2024-07-24,178.35000610351562,184.69000244140625,177.6199951171875,177.6300048828125,356200.0
2024-07-25,178.30999755859375,186.4600067138672,178.13999938964844,184.97000122070312,364000.0
2024-07-26,188.61000061035156,194.07000732421875,188.38999938964844,192.4499969482422,433600.0
2024-07-29,192.1199951171875,193.6199951171875,190.13999938964844,191.14999389648438,379400.0
2024-07-30,192.4499969482422,193.50999450683594,190.89999389648438,191.74000549316406,204800.0
2024-07-31,193.35000610351562,197.3800048828125,188.66000366210938,192.08999633789062,207300.0
2024-08-01,190.44000244140625,193.97999572753906,182.3800048828125,184.6999969482422,225600.0
2024-08-02,179.10000610351562,179.44000244140625,175.19000244140625,179.02000427246094,360300.0
2024-08-05,167.02999877929688,175.63999938964844,167.02999877929688,174.1999969482422,292900.0
2024-08-06,173.4199981689453,179.52000427246094,173.1300048828125,177.1999969482422,316500.0
2024-08-07,178.75999450683594,179.11000061035156,173.8300018310547,174.3300018310547,159500.0
2024-08-08,177.14999389648438,178.0,174.35000610351562,175.80999755859375,143700.0
2024-08-09,176.1999969482422,177.44000244140625,173.3699951171875,174.80999755859375,217400.0
2024-08-12,174.4600067138672,174.50999450683594,170.9199981689453,171.27999877929688,183000.0
2024-08-13,173.0,175.50999450683594,170.9199981689453,174.1300048828125,269900.0
2024-08-14,175.10000610351562,175.5,172.3000030517578,174.5800018310547,195400.0
2024-08-15,178.38999938964844,178.38999938964844,175.39999389648438,176.24000549316406,133800.0
2024-08-16,175.3000030517578,179.5,175.3000030517578,177.10000610351562,186900.0
2024-08-19,178.07000732421875,179.4199981689453,176.91000366210938,179.00999450683594,179800.0
2024-08-20,178.82000732421875,180.77999877929688,175.77000427246094,176.8300018310547,119200.0
2024-08-21,178.72999572753906,180.44000244140625,176.63999938964844,180.22999572753906,179000.0
2024-08-22,179.9499969482422,180.5800018310547,178.02999877929688,178.36000061035156,103600.0
2024-08-23,180.47000122070312,186.97000122070312,180.0,186.14999389648438,123100.0
2024-08-26,187.4600067138672,189.0500030517578,186.0800018310547,186.11000061035156,176900.0
2024-08-27,184.99000549316406,184.99000549316406,180.7100067138672,181.5399932861328,104300.0
2024-08-28,178.75,182.16000366210938,178.75,180.82000732421875,118400.0
2024-08-29,182.25999450683594,184.47999572753906,181.17999267578125,181.25,107900.0
2024-08-30,181.39999389648438,183.49000549316406,179.8800048828125,183.05999755859375,119200.0
2024-09-03,182.5500030517578,182.5500030517578,173.4600067138672,174.0399932861328,154100.0
2024-09-04,173.92999267578125,174.50999450683594,172.30999755859375,173.6699981689453,119000.0
2024-09-05,173.83999633789062,174.02999877929688,170.66000366210938,171.6300048828125,232300.0
2024-09-06,172.36000061035156,175.6699981689453,170.0500030517578,170.89999389648438,103200.0
2024-09-09,170.3699951171875,172.5399932861328,169.74000549316406,170.92999267578125,95300.0
2024-09-10,172.33999633789062,176.5,170.3800048828125,172.61000061035156,152900.0
2024-09-11,171.5,172.83999633789062,166.91000366210938,172.50999450683594,145300.0
2024-09-12,173.16000366210938,175.4600067138672,172.6999969482422,174.49000549316406,132800.0
2024-09-13,176.30999755859375,181.39999389648438,176.30999755859375,181.32000732421875,208400.0
2024-09-16,182.36000061035156,183.44000244140625,177.55999755859375,183.1300048828125,160900.0
2024-09-17,184.30999755859375,186.57000732421875,182.13999938964844,184.50999450683594,128800.0
2024-09-18,185.67999267578125,194.32000732421875,184.19000244140625,186.97999572753906,309300.0
2024-09-19,191.13999938964844,195.1699981689453,188.4600067138672,195.14999389648438,229700.0
2024-09-20,194.52999877929688,194.52999877929688,188.6199951171875,189.25999450683594,656300.0
2024-09-23,191.19000244140625,192.80999755859375,189.3699951171875,192.08999633789062,234900.0
2024-09-24,192.52000427246094,194.0399932861328,190.42999267578125,191.3300018310547,409100.0
2024-09-25,192.05999755859375,192.05999755859375,187.33999633789062,188.80999755859375,287600.0
2024-09-26,190.74000549316406,191.10000610351562,188.0800018310547,189.60000610351562,172600.0
2024-09-27,192.08999633789062,193.57000732421875,189.57000732421875,191.17999267578125,142000.0
2024-09-30,190.0,193.0,188.6300048828125,191.27000427246094,226700.0
2024-10-01,191.25,192.5800018310547,186.86000061035156,190.88999938964844,184200.0
2024-10-02,190.49000549316406,193.00999450683594,188.66000366210938,191.6199951171875,185000.0
2024-10-03,190.7899932861328,193.16000366210938,188.1999969482422,190.75,200500.0
2024-10-04,192.7899932861328,192.7899932861328,188.52999877929688,191.77999877929688,173000.0
2024-10-07,190.32000732421875,193.35000610351562,187.4600067138672,192.74000549316406,196200.0
2024-10-08,193.16000366210938,194.3300018310547,190.5,193.64999389648438,145500.0
2024-10-09,194.99000549316406,195.4499969482422,192.63999938964844,192.7899932861328,189100.0
2024-10-10,190.3800048828125,190.6999969482422,188.5800018310547,188.77000427246094,106000.0
2024-10-11,188.97000122070312,192.4499969482422,188.97000122070312,191.30999755859375,169900.0
2024-10-14,191.4600067138672,193.86000061035156,189.9499969482422,193.1999969482422,167600.0
2024-10-15,193.86000061035156,196.8699951171875,193.2899932861328,193.3000030517578,183600.0
2024-10-16,195.1199951171875,195.57000732421875,188.74000549316406,189.0800018310547,393300.0
2024-10-17,189.5800018310547,192.6699981689453,188.02999877929688,192.25,251200.0
2024-10-18,192.6199951171875,192.6300048828125,189.16000366210938,190.0800018310547,179100.0
2024-10-21,190.92999267578125,190.92999267578125,185.74000549316406,186.14999389648438,202900.0
2024-10-22,177.6999969482422,178.00999450683594,173.17999267578125,175.97999572753906,601000.0
2024-10-23,175.0,178.6300048828125,175.0,176.47999572753906,238100.0
2024-10-24,176.5800018310547,182.52000427246094,176.47000122070312,181.9600067138672,277200.0
2024-10-25,183.25,184.38999938964844,179.58999633789062,181.42999267578125,206300.0
2024-10-28,182.91000366210938,186.3300018310547,181.25,185.42999267578125,224400.0
2024-10-29,182.8699951171875,184.6300048828125,180.5399932861328,180.72000122070312,330800.0
2024-10-30,178.8800048828125,182.5500030517578,177.3699951171875,181.05999755859375,535600.0
2024-10-31,180.32000732421875,182.57000732421875,178.30999755859375,179.7899932861328,246600.0
2024-11-01,180.25,181.60000610351562,177.9199981689453,178.7899932861328,325600.0
2024-11-04,178.25,181.41000366210938,178.25,179.5500030517578,268200.0
2024-11-05,178.5399932861328,182.1999969482422,178.5399932861328,181.4499969482422,292900.0
2024-11-06,186.41000366210938,188.52000427246094,181.3000030517578,184.74000549316406,649600.0
2024-11-07,185.8800048828125,188.24000549316406,185.25,187.11000061035156,195000.0
2024-11-08,187.77999877929688,190.24000549316406,186.97999572753906,189.25,192200.0
2024-11-11,191.22999572753906,192.22000122070312,189.1999969482422,190.27000427246094,144300.0
2024-11-12,189.3300018310547,189.50999450683594,184.02000427246094,184.1199951171875,156500.0
2024-11-13,185.97000122070312,187.6999969482422,183.97000122070312,184.0,162400.0
2024-11-14,184.30999755859375,184.6999969482422,182.0,182.57000732421875,129200.0
2024-11-15,182.22000122070312,182.22000122070312,179.0800018310547,180.3699951171875,121300.0
2024-11-18,180.47999572753906,180.88999938964844,178.1699981689453,178.94000244140625,91500.0
2024-11-19,177.75999450683594,179.02999877929688,176.50999450683594,178.88999938964844,141000.0
2024-11-20,178.8000030517578,179.8300018310547,177.1199951171875,179.0,149500.0
2024-11-21,178.94000244140625,181.64999389648438,177.8000030517578,181.25999450683594,116400.0
2024-11-22,182.75,185.24000549316406,181.0,184.77000427246094,186500.0
2024-11-25,186.52999877929688,197.82000732421875,186.52999877929688,196.92999267578125,330700.0
2024-11-26,195.0500030517578,195.0500030517578,186.36000061035156,187.8699951171875,181200.0
2024-11-27,188.9199981689453,190.75,186.30999755859375,186.77000427246094,149500.0
2024-11-29,188.63999938964844,188.9600067138672,186.88999938964844,188.39999389648438,103500.0
2024-12-02,187.83999633789062,188.33999633789062,185.25,185.8300018310547,134000.0
2024-12-03,186.86000061035156,186.86000061035156,184.41000366210938,185.07000732421875,84400.0
2024-12-04,184.08999633789062,184.08999633789062,182.0800018310547,183.36000061035156,86100.0
2024-12-05,183.24000549316406,184.11000061035156,180.02000427246094,180.49000549316406,253400.0
2024-12-06,183.22000122070312,186.4499969482422,180.16000366210938,185.0399932861328,263300.0
2024-12-09,185.7899932861328,188.75,185.3800048828125,186.63999938964844,232300.0
2024-12-10,185.3699951171875,187.22000122070312,180.52000427246094,185.80999755859375,267400.0
2024-12-11,187.41000366210938,191.25,185.8000030517578,190.00999450683594,297600.0
2024-12-12,189.99000549316406,190.5,185.6199951171875,185.69000244140625,279100.0
2024-12-13,184.30999755859375,186.35000610351562,183.10000610351562,184.3699951171875,192300.0
2024-12-16,184.27000427246094,186.22999572753906,183.33999633789062,184.17999267578125,272200.0
2024-12-17,182.47000122070312,182.5500030517578,177.4499969482422,177.6699981689453,261400.0
2024-12-18,178.9199981689453,181.52999877929688,171.52000427246094,171.8000030517578,373000.0
2024-12-19,172.5500030517578,173.35000610351562,168.52000427246094,168.66000366210938,306900.0
2024-12-20,167.9199981689453,170.9199981689453,167.1300048828125,168.22000122070312,1081900.0
2024-12-23,167.17999267578125,168.39999389648438,165.6999969482422,168.0,197400.0
2024-12-24,167.63999938964844,168.0800018310547,166.25,167.8000030517578,53200.0
2024-12-26,166.74000549316406,169.19000244140625,166.74000549316406,168.66000366210938,100100.0
2024-12-27,166.85000610351562,169.02000427246094,166.10000610351562,166.77999877929688,118500.0
2024-12-30,166.3699951171875,166.74000549316406,162.49000549316406,165.4499969482422,165500.0
2024-12-31,167.10000610351562,167.3699951171875,164.92999267578125,165.8300018310547,130800.0
2025-01-02,167.5399932861328,167.5399932861328,164.3300018310547,164.41000366210938,197700.0
2025-01-03,164.33999633789062,167.66000366210938,163.07000732421875,166.6699981689453,159400.0
2025-01-06,167.4199981689453,170.42999267578125,165.19000244140625,165.33999633789062,200600.0
2025-01-07,166.0,167.0,160.97999572753906,161.55999755859375,232300.0
2025-01-08,160.55999755859375,161.25999450683594,158.6300048828125,159.0800018310547,229800.0
2025-01-10,156.27000427246094,158.69000244140625,155.72999572753906,157.97000122070312,339500.0
2025-01-13,156.50999450683594,161.25,156.50999450683594,160.36000061035156,197800.0
2025-01-14,162.67999267578125,164.74000549316406,160.63999938964844,164.33999633789062,293100.0
2025-01-15,169.63999938964844,169.63999938964844,165.50999450683594,166.3000030517578,305200.0
2025-01-16,165.9199981689453,168.10000610351562,164.69000244140625,167.0,190600.0
2025-01-17,168.69000244140625,169.77000427246094,168.02999877929688,168.7899932861328,154200.0
2025-01-21,170.6300048828125,173.1699981689453,170.6300048828125,171.25999450683594,282200.0
2025-01-22,169.72000122070312,170.8000030517578,164.57000732421875,166.92999267578125,372700.0
2025-01-23,166.92999267578125,168.89999389648438,166.11000061035156,166.77000427246094,224400.0
2025-01-24,167.14999389648438,167.27000427246094,165.02000427246094,166.0,207000.0
2025-01-27,166.11000061035156,169.0500030517578,165.85000610351562,167.7100067138672,347000.0
2025-01-28,167.2100067138672,167.77999877929688,165.52999877929688,167.1199951171875,148300.0
2025-01-29,166.52000427246094,169.9199981689453,166.02999877929688,166.5500030517578,260700.0
2025-01-30,167.8300018310547,170.49000549316406,167.64999389648438,169.6300048828125,168200.0
2025-01-31,168.97999572753906,169.75999450683594,166.10000610351562,168.0,259400.0
2025-02-03,163.92999267578125,168.25,163.0,165.83999633789062,239600.0
2025-02-04,165.08999633789062,166.38999938964844,164.77000427246094,165.25999450683594,248400.0
2025-02-05,166.91000366210938,168.57000732421875,165.50999450683594,167.58999633789062,265600.0
2025-02-06,168.69000244140625,170.3800048828125,167.16000366210938,167.7100067138672,356700.0
2025-02-07,168.11000061035156,168.33999633789062,164.82000732421875,165.4199981689453,190400.0
2025-02-10,166.38999938964844,168.30999755859375,164.9199981689453,166.8800048828125,266100.0
2025-02-11,176.41000366210938,181.99000549316406,169.30999755859375,169.3300018310547,695900.0
2025-02-12,165.80999755859375,166.64999389648438,164.1999969482422,164.67999267578125,258000.0
2025-02-13,166.19000244140625,168.13999938964844,165.47000122070312,167.61000061035156,249800.0
2025-02-14,168.8699951171875,174.6999969482422,168.8699951171875,174.27999877929688,376700.0
2025-02-18,174.0,176.8699951171875,172.61000061035156,176.5500030517578,302800.0
2025-02-19,173.61000061035156,175.83999633789062,171.38999938964844,173.8699951171875,303400.0
2025-02-20,174.00999450683594,174.00999450683594,169.57000732421875,170.52000427246094,217100.0
2025-02-21,172.1699981689453,172.1699981689453,167.74000549316406,168.89999389648438,256900.0
2025-02-24,168.4199981689453,169.02000427246094,165.6199951171875,167.9600067138672,206100.0
2025-02-25,169.0500030517578,171.80999755859375,168.52000427246094,171.24000549316406,188100.0
2025-02-26,171.1699981689453,173.1300048828125,168.69000244140625,168.83999633789062,188700.0
2025-02-27,167.1699981689453,169.2100067138672,163.24000549316406,163.60000610351562,181700.0
2025-02-28,164.11000061035156,165.64999389648438,161.52000427246094,164.39999389648438,221100.0
2025-03-03,164.3699951171875,168.50999450683594,158.72999572753906,159.32000732421875,240100.0
2025-03-04,156.44000244140625,160.32000732421875,154.97000122070312,157.63999938964844,267600.0
2025-03-05,158.82000732421875,162.22999572753906,157.50999450683594,162.0399932861328,269000.0
2025-03-06,161.4199981689453,162.57000732421875,159.57000732421875,162.0,244300.0
2025-03-07,161.97000122070312,165.60000610351562,160.50999450683594,164.94000244140625,179100.0
2025-03-10,163.77000427246094,168.16000366210938,163.22000122070312,163.83999633789062,188500.0
2025-03-11,164.00999450683594,165.47999572753906,158.36000061035156,158.9499969482422,181000.0
2025-03-12,159.61000061035156,160.5,156.14999389648438,157.1699981689453,176500.0
2025-03-13,156.27000427246094,157.72999572753906,153.8699951171875,154.38999938964844,139100.0
2025-03-14,156.00999450683594,158.1999969482422,154.80999755859375,158.1300048828125,269300.0
2025-03-17,158.92999267578125,160.75999450683594,158.89999389648438,159.52000427246094,219000.0
2025-03-18,158.0500030517578,160.5800018310547,157.8699951171875,158.83999633789062,145400.0
2025-03-19,158.44000244140625,160.6699981689453,156.6699981689453,159.47999572753906,294100.0
2025-03-20,156.8000030517578,160.05999755859375,156.49000549316406,156.75999450683594,218300.0
2025-03-21,154.89999389648438,155.7100067138672,152.74000549316406,155.4499969482422,909900.0
2025-03-24,158.0,161.33999633789062,158.0,159.74000549316406,163400.0
2025-03-25,158.64999389648438,160.92999267578125,158.39999389648438,160.11000061035156,201600.0
2025-03-26,159.82000732421875,161.00999450683594,158.4600067138672,159.02000427246094,139200.0
2025-03-27,159.27999877929688,160.35000610351562,157.0800018310547,158.89999389648438,134000.0
2025-03-28,158.60000610351562,159.07000732421875,155.7100067138672,157.36000061035156,663800.0
2025-03-31,156.6999969482422,158.75,154.92999267578125,157.0800018310547,266500.0
2025-04-01,156.39999389648438,158.63999938964844,155.0399932861328,156.8800048828125,228000.0
2025-04-02,155.16000366210938,159.60000610351562,155.16000366210938,158.8300018310547,219600.0
2025-04-03,154.1999969482422,154.1999969482422,144.9499969482422,145.1300048828125,398900.0
2025-04-04,141.07000732421875,149.80999755859375,137.35000610351562,147.74000549316406,464600.0
2025-04-07,141.27999877929688,150.63999938964844,141.16000366210938,143.64999389648438,530100.0
2025-04-08,145.8800048828125,147.50999450683594,138.02000427246094,139.80999755859375,308100.0
2025-04-09,138.38999938964844,152.27999877929688,138.38999938964844,151.0800018310547,426000.0
2025-04-10,148.24000549316406,149.4600067138672,142.7100067138672,147.8300018310547,301000.0
2025-04-11,146.64999389648438,151.1199951171875,144.64999389648438,149.8300018310547,223300.0
2025-04-14,151.2899932861328,152.3800048828125,149.10000610351562,149.77999877929688,333400.0
2025-04-15,149.07000732421875,152.49000549316406,148.61000061035156,150.02999877929688,323300.0
2025-04-16,149.38999938964844,150.89999389648438,144.32000732421875,146.30999755859375,207400.0
2025-04-17,146.6300048828125,148.57000732421875,146.14999389648438,147.39999389648438,141000.0
2025-04-21,145.86000061035156,146.38999938964844,142.6699981689453,144.02000427246094,158200.0
2025-04-22,146.00999450683594,148.49000549316406,144.61000061035156,148.10000610351562,231800.0
2025-04-23,150.89999389648438,154.97999572753906,149.52999877929688,150.30999755859375,187000.0
2025-04-24,151.4600067138672,154.4499969482422,149.50999450683594,154.42999267578125,148800.0
2025-04-25,154.0800018310547,154.41000366210938,151.4600067138672,153.5399932861328,171200.0
2025-04-28,153.5399932861328,155.38999938964844,151.94000244140625,153.8300018310547,334800.0
2025-04-29,158.0,159.5800018310547,151.5399932861328,154.1199951171875,309300.0
2025-04-30,152.80999755859375,154.0,149.7899932861328,153.69000244140625,259400.0
2025-05-01,154.02000427246094,155.80999755859375,152.1199951171875,153.8300018310547,153300.0
2025-05-02,155.36000061035156,158.1999969482422,155.14999389648438,157.10000610351562,134800.0
2025-05-05,155.97000122070312,157.74000549316406,154.4499969482422,154.66000366210938,150800.0
2025-05-06,153.35000610351562,154.7100067138672,151.89999389648438,153.42999267578125,212400.0
2025-05-07,154.63999938964844,155.42999267578125,152.10000610351562,153.85000610351562,196800.0
2025-05-08,155.74000549316406,158.5,153.9600067138672,157.0399932861328,165000.0
2025-05-09,157.75999450683594,158.75,156.19000244140625,157.49000549316406,244500.0
2025-05-12,160.8000030517578,167.2100067138672,160.8000030517578,164.3699951171875,276300.0
2025-05-13,165.24000549316406,167.07000732421875,164.3699951171875,165.8000030517578,287500.0
2025-05-14,165.27000427246094,165.94000244140625,161.74000549316406,162.4499969482422,347900.0
2025-05-15,162.2899932861328,163.38999938964844,160.0500030517578,163.13999938964844,413200.0
2025-05-16,163.41000366210938,164.1199951171875,161.91000366210938,163.9199981689453,264000.0
2025-05-19,161.4600067138672,164.08999633789062,160.80999755859375,163.67999267578125,279500.0
2025-05-20,163.02999877929688,163.75,161.11000061035156,161.86000061035156,256700.0
2025-05-21,159.5,159.5,154.9199981689453,155.02000427246094,213300.0
2025-05-22,153.77000427246094,156.6199951171875,151.4199981689453,155.49000549316406,305900.0
2025-05-23,153.0399932861328,155.1300048828125,153.0399932861328,154.39999389648438,163100.0
2025-05-27,156.82000732421875,158.22999572753906,154.42999267578125,157.5399932861328,198800.0
2025-05-28,157.52999877929688,157.52999877929688,152.86000061035156,152.88999938964844,244400.0
2025-05-29,154.57000732421875,156.2899932861328,152.1999969482422,156.25999450683594,328900.0
2025-05-30,155.27999877929688,156.47999572753906,154.11000061035156,155.6999969482422,323700.0
2025-06-02,155.10000610351562,155.6300048828125,153.00999450683594,155.2899932861328,330300.0
2025-06-03,155.82000732421875,158.64999389648438,154.8699951171875,158.5500030517578,195400.0
2025-06-04,159.07000732421875,160.24000549316406,158.0500030517578,159.00999450683594,273200.0
2025-06-05,158.9499969482422,160.22000122070312,157.38999938964844,159.49000549316406,177200.0
2025-06-06,162.5500030517578,162.5500030517578,156.75,156.7899932861328,306300.0
2025-06-09,157.75999450683594,160.07000732421875,157.0800018310547,158.86000061035156,164500.0
2025-06-10,160.22000122070312,161.77000427246094,158.42999267578125,160.75,260000.0
2025-06-11,162.22000122070312,162.77999877929688,156.77000427246094,156.8699951171875,216900.0
2025-06-12,155.5,156.97000122070312,154.77999877929688,156.8300018310547,220000.0
2025-06-13,154.57000732421875,156.72999572753906,153.80999755859375,155.69000244140625,300200.0
2025-06-16,156.6999969482422,157.1199951171875,154.4199981689453,155.8300018310547,415100.0
2025-06-17,153.72999572753906,155.83999633789062,151.50999450683594,151.92999267578125,273800.0
2025-06-18,151.6300048828125,155.4499969482422,151.3800048828125,152.63999938964844,491000.0
2025-06-20,154.02000427246094,154.9499969482422,152.11000061035156,153.77000427246094,704900.0
2025-06-23,152.49000549316406,158.1699981689453,152.49000549316406,157.8000030517578,213300.0
2025-06-24,158.99000549316406,159.94000244140625,157.6699981689453,159.3699951171875,194300.0
2025-06-25,159.4199981689453,159.4199981689453,156.39999389648438,156.99000549316406,187700.0
2025-06-26,157.5500030517578,158.1699981689453,156.2899932861328,157.86000061035156,188400.0
2025-06-27,159.0,160.89999389648438,156.5399932861328,157.1199951171875,644500.0
2025-06-30,157.3300018310547,157.64999389648438,154.99000549316406,155.30999755859375,288100.0
2025-07-01,154.22000122070312,163.63999938964844,154.22000122070312,160.16000366210938,484100.0
2025-07-02,160.08999633789062,164.5800018310547,159.52999877929688,164.5800018310547,535100.0
2025-07-03,164.30999755859375,165.99000549316406,162.14999389648438,163.1300048828125,347800.0
2025-07-07,162.1699981689453,162.39999389648438,158.7100067138672,159.4600067138672,335800.0
2025-07-08,159.52000427246094,164.02000427246094,159.52000427246094,162.63999938964844,406700.0
2025-07-09,164.00999450683594,165.99000549316406,161.63999938964844,165.72999572753906,291200.0
2025-07-10,165.25999450683594,170.16000366210938,165.25999450683594,168.10000610351562,313100.0
2025-07-11,167.6300048828125,168.25999450683594,165.25999450683594,166.8300018310547,236400.0
2025-07-14,166.10000610351562,166.97000122070312,164.5399932861328,164.74000549316406,251800.0
2025-07-15,165.72999572753906,166.30999755859375,159.1300048828125,159.14999389648438,254800.0
2025-07-16,159.9199981689453,160.07000732421875,156.6300048828125,158.02999877929688,210800.0
2025-07-17,158.17999267578125,160.52000427246094,157.85000610351562,159.75999450683594,242600.0
2025-07-18,160.14999389648438,160.14999389648438,157.38999938964844,159.22999572753906,174300.0
2025-07-21,160.74000549316406,161.4499969482422,158.13999938964844,158.3000030517578,133800.0
2025-07-22,159.30999755859375,162.61000061035156,159.30999755859375,162.1199951171875,272700.0
2025-07-23,164.1699981689453,165.52999877929688,162.52999877929688,164.1999969482422,147800.0
2025-07-24,164.1699981689453,164.97000122070312,162.47000122070312,163.5500030517578,202300.0
2025-07-25,165.27000427246094,165.74000549316406,163.35000610351562,165.66000366210938,251100.0
2025-07-28,166.49000549316406,167.0,164.39999389648438,166.00999450683594,446900.0
2025-07-29,179.99000549316406,184.82000732421875,173.5500030517578,183.6199951171875,720400.0
2025-07-30,180.47000122070312,185.7899932861328,180.0,183.52000427246094,677400.0
2025-07-31,181.67999267578125,183.0,179.32000732421875,179.42999267578125,615300.0
2025-08-01,177.80999755859375,180.00999450683594,176.17999267578125,179.1699981689453,377100.0
2025-08-04,179.82000732421875,181.19000244140625,178.69000244140625,180.63999938964844,257000.0
2025-08-05,180.1999969482422,183.30999755859375,179.47000122070312,182.5,300900.0
2025-08-06,182.6300048828125,183.4600067138672,181.02000427246094,182.0,350000.0
2025-08-07,183.55999755859375,184.27000427246094,180.77999877929688,182.02999877929688,269100.0
2025-08-08,182.42999267578125,184.00999450683594,180.4600067138672,181.30999755859375,227000.0
2025-08-11,181.25,182.25999450683594,178.85000610351562,181.47999572753906,261600.0
2025-08-12,182.6699981689453,189.07000732421875,181.50999450683594,188.3800048828125,196200.0
2025-08-13,189.0399932861328,194.89999389648438,189.0399932861328,194.24000549316406,256400.0
2025-08-14,190.7899932861328,192.8699951171875,190.3300018310547,191.19000244140625,288000.0
2025-08-15,191.7899932861328,192.5,186.7100067138672,187.0399932861328,288300.0
2025-08-18,187.1199951171875,188.99000549316406,186.38999938964844,188.0399932861328,235600.0
2025-08-19,189.2100067138672,192.85000610351562,189.02999877929688,191.91000366210938,207800.0
2025-08-20,191.2899932861328,192.08999633789062,188.10000610351562,188.3800048828125,480800.0
2025-08-21,186.38999938964844,190.05999755859375,186.38999938964844,188.67999267578125,355800.0
2025-08-22,190.63999938964844,197.82000732421875,189.7100067138672,197.0800018310547,247900.0
2025-08-25,196.72999572753906,196.82000732421875,194.50999450683594,195.1300048828125,193300.0
2025-08-26,194.66000366210938,196.8300018310547,194.0800018310547,194.47999572753906,172200.0
2025-08-27,193.08999633789062,196.1999969482422,193.08999633789062,194.07000732421875,220800.0
2025-08-28,195.5,195.5,191.72000122070312,192.94000244140625,193700.0
2025-08-29,192.86000061035156,194.9199981689453,190.0,191.1199951171875,224700.0
2025-09-02,187.9199981689453,189.9600067138672,187.72000122070312,188.16000366210938,215300.0
2025-09-03,187.3300018310547,189.4499969482422,186.5399932861328,187.66000366210938,248600.0
2025-09-04,189.35000610351562,193.22999572753906,186.32000732421875,192.88999938964844,239500.0
2025-09-05,195.4199981689453,197.67999267578125,194.63999938964844,195.89999389648438,236000.0
2025-09-08,195.08999633789062,196.0399932861328,192.80999755859375,195.64999389648438,158500.0
2025-09-09,194.91000366210938,194.91000366210938,188.6999969482422,190.3000030517578,208500.0
2025-09-10,190.89999389648438,191.77000427246094,189.60000610351562,191.41000366210938,161700.0
2025-09-11,191.99000549316406,195.0800018310547,191.6999969482422,193.8800048828125,325200.0
2025-09-12,192.0800018310547,192.88999938964844,188.4199981689453,188.75,185600.0
2025-09-15,189.58999633789062,190.61000061035156,187.47000122070312,188.35000610351562,318100.0
2025-09-16,188.6999969482422,188.74000549316406,185.8000030517578,186.8800048828125,255700.0
2025-09-17,188.60000610351562,189.32000732421875,181.69000244140625,182.3300018310547,345800.0
2025-09-18,182.8000030517578,184.4600067138672,181.75,184.1699981689453,331600.0
2025-09-19,183.97000122070312,183.97000122070312,179.89999389648438,181.8699951171875,506000.0
2025-09-22,181.7899932861328,181.85000610351562,178.66000366210938,180.27000427246094,237200.0
2025-09-23,181.67999267578125,182.1300048828125,178.64999389648438,179.3800048828125,212400.0
2025-09-24,178.47000122070312,179.49000549316406,176.38999938964844,176.5399932861328,184200.0
2025-09-25,174.5,176.47999572753906,171.9499969482422,172.86000061035156,260000.0
2025-09-26,173.9199981689453,175.05999755859375,170.66000366210938,171.1999969482422,353000.0
2025-09-29,171.92999267578125,172.49000549316406,166.47000122070312,167.55999755859375,320900.0
2025-09-30,167.14999389648438,168.10000610351562,165.85000610351562,167.4600067138672,316000.0
2025-10-01,167.50999450683594,168.25999450683594,164.72999572753906,167.33999633789062,302800.0
2025-10-02,166.50999450683594,169.47999572753906,165.67999267578125,169.22999572753906,219000.0
2025-10-03,169.6999969482422,171.52000427246094,168.9499969482422,171.22000122070312,423000.0
2025-10-06,171.0,171.0399932861328,167.85000610351562,169.6699981689453,280900.0
2025-10-07,169.89999389648438,173.0,168.3300018310547,170.1699981689453,324500.0
2025-10-08,171.05999755859375,173.6699981689453,169.5399932861328,173.11000061035156,250300.0
2025-10-09,172.9199981689453,172.9199981689453,167.88999938964844,169.47999572753906,260400.0
2025-10-10,170.44000244140625,171.92999267578125,166.02000427246094,166.22999572753906,182400.0
2025-10-13,167.16000366210938,167.55999755859375,165.47999572753906,165.69000244140625,228700.0
2025-10-14,164.82000732421875,170.00999450683594,164.82000732421875,169.50999450683594,327000.0
2025-10-15,170.00999450683594,171.24000549316406,168.9199981689453,170.0500030517578,190700.0
2025-10-16,170.8699951171875,171.82000732421875,167.63999938964844,171.7100067138672,225000.0
2025-10-17,171.8000030517578,174.38999938964844,170.52999877929688,174.30999755859375,229800.0
2025-10-20,175.05999755859375,176.6199951171875,174.3000030517578,175.94000244140625,210700.0
2025-10-21,174.44000244140625,178.8000030517578,174.44000244140625,177.10000610351562,225600.0
2025-10-22,177.0,177.85000610351562,174.1300048828125,174.27000427246094,253400.0
2025-10-23,175.02999877929688,177.75999450683594,173.75999450683594,176.89999389648438,187300.0
2025-10-24,179.11000061035156,179.11000061035156,174.72999572753906,175.32000732421875,275600.0
2025-10-27,176.19000244140625,176.80999755859375,174.58999633789062,175.85000610351562,193800.0
2025-10-28,181.32000732421875,187.02000427246094,181.32000732421875,186.42999267578125,702000.0
2025-10-29,185.08999633789062,186.6300048828125,179.3300018310547,179.49000549316406,448900.0
2025-10-30,179.6999969482422,181.44000244140625,174.3000030517578,174.75999450683594,248900.0
2025-10-31,175.17999267578125,177.0,172.82000732421875,176.5,328700.0
2025-11-03,174.92999267578125,174.92999267578125,171.1699981689453,173.74000549316406,330100.0
2025-11-04,173.44000244140625,175.4600067138672,171.57000732421875,173.38999938964844,340900.0
2025-11-05,172.49000549316406,174.30999755859375,166.3800048828125,169.6699981689453,401200.0
2025-11-06,170.0,170.0,167.25,168.52000427246094,186100.0
2025-11-07,168.24000549316406,170.8800048828125,168.13999938964844,170.75999450683594,200600.0
2025-11-10,170.75999450683594,170.75999450683594,167.14999389648438,168.94000244140625,251400.0
2025-11-11,169.17999267578125,170.0500030517578,167.08999633789062,167.9600067138672,219800.0
2025-11-12,168.0,170.1300048828125,165.35000610351562,167.94000244140625,216800.0
2025-11-13,167.0500030517578,169.32000732421875,165.42999267578125,166.32000732421875,237600.0
2025-11-14,164.94000244140625,165.88999938964844,163.36000061035156,164.1699981689453,262500.0
2025-11-17,164.0,164.58999633789062,158.1699981689453,158.50999450683594,254000.0
2025-11-18,157.75,159.5,156.32000732421875,158.0,460500.0
2025-11-19,159.02999877929688,159.86000061035156,157.60000610351562,159.1199951171875,293500.0
2025-11-20,161.0,162.2899932861328,156.97000122070312,158.24000549316406,348700.0
2025-11-21,158.0399932861328,163.72000122070312,158.0399932861328,162.74000549316406,489000.0
2025-11-24,162.05999755859375,166.42999267578125,161.99000549316406,162.74000549316406,218300.0
2025-11-25,163.69000244140625,167.32000732421875,163.47999572753906,166.25,315800.0
2025-11-26,165.38999938964844,170.42999267578125,165.38999938964844,168.19000244140625,280000.0
2025-11-28,168.11000061035156,169.00999450683594,166.50999450683594,167.3800048828125,88000.0
2025-12-01,165.80999755859375,173.07000732421875,165.22999572753906,170.33999633789062,734400.0
2025-12-02,170.0,170.63999938964844,165.61000061035156,167.39999389648438,386500.0
2025-12-03,168.0500030517578,171.3800048828125,167.92999267578125,170.8800048828125,321200.0
2025-12-04,170.77000427246094,172.22000122070312,168.1999969482422,169.0399932861328,227800.0
2025-12-05,169.3800048828125,170.6999969482422,167.6300048828125,169.47000122070312,265900.0
2025-12-08,168.9600067138672,170.8800048828125,165.83999633789062,166.83999633789062,334500.0
2025-12-09,165.8800048828125,168.9600067138672,164.24000549316406,164.97000122070312,233300.0
2025-12-10,165.22000122070312,169.14999389648438,164.61000061035156,168.30999755859375,475100.0
2025-12-11,169.36000061035156,172.0399932861328,168.8300018310547,171.17999267578125,214100.0
2025-12-12,171.8699951171875,173.82000732421875,167.6300048828125,169.47000122070312,232400.0
2025-12-15,170.17999267578125,170.69000244140625,166.58999633789062,168.8800048828125,200300.0
2025-12-16,167.97000122070312,170.16000366210938,167.13999938964844,168.97000122070312,288200.0
2025-12-17,168.02000427246094,170.9199981689453,165.44000244140625,166.47999572753906,254100.0
2025-12-18,167.6999969482422,170.0800018310547,166.16000366210938,167.8800048828125,239800.0
2025-12-19,167.11000061035156,167.42999267578125,164.69000244140625,166.86000061035156,501900.0
2025-12-22,167.1300048828125,168.16000366210938,165.0,167.42999267578125,264000.0
2025-12-23,166.42999267578125,166.64999389648438,165.0500030517578,165.3000030517578,121400.0
2025-12-24,165.97000122070312,167.02999877929688,164.77999877929688,166.61000061035156,87500.0
2025-12-26,166.2100067138672,167.8000030517578,165.5,167.17999267578125,112200.0
2025-12-29,168.0,168.1699981689453,165.24000549316406,166.24000549316406,190900.0
2025-12-30,165.39999389648438,166.5500030517578,164.2899932861328,164.88999938964844,163000.0
2025-12-31,163.92999267578125,166.30999755859375,161.25,161.47000122070312,274100.0
2026-01-02,162.5,166.33999633789062,161.42999267578125,164.72000122070312,213200.0
2026-01-05,165.63999938964844,170.82000732421875,165.63999938964844,169.10000610351562,328400.0
2026-01-06,167.83999633789062,170.22000122070312,165.5500030517578,170.2100067138672,178500.0
2026-01-07,170.80999755859375,172.36000061035156,164.1999969482422,165.32000732421875,259500.0
2026-01-08,164.1999969482422,173.77999877929688,163.92999267578125,173.00999450683594,202600.0
2026-01-09,174.19000244140625,179.7100067138672,173.6699981689453,179.0399932861328,318700.0
2026-01-12,178.6300048828125,182.02000427246094,175.17999267578125,179.85000610351562,365100.0
2026-01-13,179.83999633789062,182.19000244140625,179.35000610351562,182.07000732421875,197300.0
2026-01-14,181.6999969482422,184.91000366210938,178.94000244140625,184.02000427246094,331400.0
2026-01-15,183.9199981689453,187.86000061035156,183.9199981689453,187.77999877929688,307800.0
2026-01-16,187.27000427246094,189.4199981689453,187.0399932861328,188.1300048828125,262200.0
2026-01-20,184.89999389648438,185.8800048828125,182.61000061035156,183.75,261000.0
2026-01-21,184.69000244140625,188.13999938964844,180.7100067138672,187.11000061035156,347000.0
2026-01-22,188.5500030517578,189.99000549316406,184.5800018310547,186.2899932861328,201100.0
2026-01-23,185.1999969482422,186.52000427246094,182.24000549316406,182.25,188100.0
2026-01-26,183.88999938964844,184.0,181.27999877929688,182.64999389648438,204100.0
2026-01-27,181.30999755859375,183.22000122070312,178.36000061035156,179.41000366210938,169300.0
2026-01-28,179.5,180.22000122070312,176.77000427246094,177.4600067138672,205300.0
2026-01-29,178.75,182.55999755859375,175.38999938964844,177.99000549316406,228400.0
2026-01-30,175.89999389648438,179.3300018310547,174.8300018310547,176.77999877929688,276000.0
2026-02-02,177.02000427246094,179.92999267578125,175.60000610351562,179.67999267578125,254000.0
2026-02-03,178.9499969482422,185.9199981689453,177.07000732421875,183.1699981689453,245000.0
2026-02-04,185.47999572753906,194.05999755859375,184.67999267578125,193.35000610351562,343700.0
2026-02-05,192.1199951171875,194.6300048828125,189.7100067138672,191.39999389648438,293600.0
2026-02-06,192.7100067138672,196.8300018310547,192.25999450683594,194.27999877929688,378500.0
2026-02-09,194.4499969482422,197.0,193.77000427246094,196.07000732421875,203100.0
2026-02-10,199.2899932861328,206.00999450683594,195.67999267578125,205.82000732421875,409500.0
2026-02-11,204.55999755859375,207.94000244140625,201.07000732421875,205.88999938964844,364100.0
2026-02-12,207.89999389648438,211.97999572753906,207.88999938964844,209.2100067138672,419900.0
2026-02-13,208.57000732421875,210.58999633789062,206.1999969482422,209.00999450683594,359700.0
2026-02-17,208.8000030517578,208.94000244140625,203.30999755859375,206.02999877929688,237400.0
2026-02-18,205.8800048828125,208.5,203.0399932861328,203.35000610351562,228900.0
2026-02-19,202.58999633789062,203.4499969482422,199.02000427246094,200.2100067138672,223700.0
2026-02-20,200.16000366210938,204.50999450683594,199.02000427246094,200.02000427246094,151000.0
2026-02-23,200.3000030517578,201.0,195.0,196.30999755859375,266800.0
2026-02-24,196.86000061035156,199.63999938964844,196.1999969482422,197.82000732421875,157400.0
2026-02-25,198.91000366210938,198.91000366210938,189.5800018310547,191.35000610351562,199700.0
2026-02-26,193.30999755859375,193.99000549316406,189.07000732421875,192.5399932861328,143800.0
2026-02-27,190.5500030517578,194.1699981689453,189.5,193.57000732421875,184400.0
2026-03-02,191.0,194.97999572753906,189.25,192.9600067138672,228800.0
2026-03-03,188.39999389648438,193.00999450683594,186.42999267578125,190.77999877929688,231800.0
2026-03-04,191.25999450683594,191.99000549316406,189.77999877929688,191.44000244140625,162900.0
2026-03-05,189.57000732421875,192.11000061035156,187.16000366210938,188.57000732421875,341700.0
2026-03-06,185.7899932861328,187.14999389648438,183.47999572753906,186.02000427246094,317400.0
2026-03-09,183.0,186.0800018310547,180.77000427246094,185.11000061035156,284000.0
2026-03-10,183.50999450683594,185.3300018310547,181.39999389648438,181.66000366210938,204600.0
2026-03-11,181.99000549316406,183.35000610351562,178.27000427246094,180.72000122070312,173800.0
2026-03-12,178.6300048828125,180.1199951171875,176.69000244140625,178.36000061035156,301700.0
2026-03-13,179.41000366210938,181.3300018310547,175.82000732421875,177.9600067138672,313200.0
2026-03-16,179.16000366210938,179.52000427246094,176.82000732421875,178.25,228800.0
2026-03-17,179.19000244140625,180.25999450683594,176.27000427246094,177.8000030517578,206500.0
2026-03-18,175.8300018310547,178.1999969482422,174.91000366210938,175.0,203200.0
2026-03-19,173.6999969482422,173.85000610351562,169.7100067138672,171.10000610351562,305300.0
2026-03-20,170.80999755859375,171.55999755859375,165.25,167.02000427246094,568000.0
2026-03-23,171.7100067138672,174.77000427246094,169.97000122070312,171.3300018310547,251400.0
2026-03-24,170.10000610351562,174.72000122070312,168.9600067138672,172.85000610351562,193500.0
2026-03-25,175.19000244140625,176.32000732421875,169.8800048828125,174.8300018310547,187500.0
2026-03-26,173.9499969482422,176.32000732421875,170.25,171.1300048828125,249400.0
2026-03-27,170.36000061035156,171.2899932861328,168.07000732421875,168.3800048828125,163700.0
2026-03-30,170.39999389648438,170.39999389648438,167.07000732421875,167.1699981689453,250800.0
2026-03-31,170.0,173.7100067138672,168.0399932861328,171.6199951171875,432800.0
2026-04-01,171.77999877929688,174.6199951171875,170.75,171.0500030517578,256100.0
2026-04-02,167.75999450683594,173.2899932861328,163.9600067138672,166.3000030517578,308000.0
2026-04-06,165.14999389648438,167.67999267578125,163.3300018310547,167.61000061035156,162500.0
2026-04-07,166.4499969482422,168.22000122070312,165.41000366210938,166.5399932861328,229500.0
2026-04-08,171.5399932861328,175.75999450683594,171.0,175.17999267578125,308400.0
2026-04-09,173.75,179.5399932861328,173.75,177.72999572753906,211200.0
2026-04-10,177.88999938964844,177.88999938964844,175.30999755859375,176.14999389648438,162300.0
2026-04-13,175.50999450683594,180.08999633789062,174.33999633789062,179.8000030517578,209800.0
2026-04-14,180.27999877929688,180.91000366210938,177.69000244140625,177.88999938964844,201700.0
2026-04-15,177.27999877929688,177.27999877929688,171.77000427246094,172.58999633789062,292600.0
2026-04-16,173.22999572753906,174.8000030517578,169.3699951171875,169.86000061035156,251300.0
2026-04-17,172.52000427246094,179.8000030517578,172.52000427246094,176.27000427246094,254800.0
2026-04-20,176.2899932861328,181.30999755859375,175.5,180.77000427246094,356900.0
2026-04-21,181.66000366210938,184.24000549316406,180.05999755859375,182.0800018310547,349000.0
2026-04-22,184.5,185.8699951171875,181.08999633789062,185.47000122070312,607400.0
2026-04-23,184.69000244140625,189.32000732421875,184.69000244140625,185.3300018310547,325800.0
2026-04-24,184.89999389648438,185.0500030517578,181.11000061035156,181.57000732421875,358000.0
2026-04-27,181.8000030517578,187.16000366210938,181.2899932861328,186.50999450683594,295900.0
2026-04-28,189.97000122070312,199.75,187.0800018310547,191.0800018310547,553800.0
2026-04-29,191.67999267578125,193.75999450683594,186.86000061035156,188.6999969482422,572800.0
2026-04-30,189.17999267578125,191.47999572753906,188.0500030517578,190.72999572753906,275500.0
2026-05-01,191.7100067138672,193.9600067138672,189.75999450683594,192.0500030517578,340000.0
2026-05-04,190.4600067138672,192.3800048828125,183.8800048828125,186.7100067138672,390300.0
2026-05-05,188.38999938964844,190.77000427246094,185.11000061035156,190.14999389648438,219000.0
2026-05-06,193.83999633789062,195.5,192.57000732421875,194.27999877929688,288500.0
2026-05-07,196.9199981689453,198.86000061035156,191.64999389648438,192.61000061035156,290400.0
2026-05-08,193.17999267578125,193.17999267578125,188.14999389648438,188.61000061035156,391500.0
2026-05-11,188.38999938964844,189.85000610351562,185.61000061035156,185.6199951171875,334700.0
2026-05-12,186.14999389648438,186.14999389648438,181.0500030517578,184.1999969482422,330000.0
2026-05-13,183.3699951171875,186.1999969482422,182.02999877929688,184.41000366210938,394800.0
2026-05-14,185.27000427246094,187.9199981689453,184.22999572753906,185.63999938964844,323800.0
2026-05-15,184.74000549316406,184.74000549316406,178.27000427246094,178.6199951171875,189100.0
2026-05-18,179.7100067138672,182.1300048828125,178.22999572753906,182.0,230900.0
2026-05-19,180.47999572753906,180.47999572753906,176.38999938964844,178.00999450683594,211000.0
2026-05-20,178.57000732421875,185.35000610351562,175.77000427246094,185.0,491700.0
2026-05-21,182.8300018310547,186.72999572753906,180.00999450683594,184.6999969482422,245800.0
2026-05-22,185.4499969482422,186.55999755859375,183.88999938964844,185.00999450683594,140300.0
2026-05-26,186.02000427246094,190.2899932861328,185.7100067138672,189.55999755859375,255200.0
2026-05-27,191.7100067138672,194.50999450683594,190.5,190.83999633789062,290400.0
2026-05-28,189.30999755859375,192.17999267578125,186.9499969482422,191.2100067138672,258700.0
2026-05-29,190.08999633789062,193.2100067138672,189.74000549316406,189.74000549316406,378600.0
2026-06-01,188.4499969482422,189.11000061035156,182.86000061035156,187.50999450683594,277100.0
2026-06-02,186.4600067138672,190.1199951171875,186.4600067138672,187.8000030517578,346900.0
2026-06-03,187.0800018310547,190.52000427246094,186.00999450683594,188.1999969482422,317400.0
2026-06-04,189.9600067138672,191.19000244140625,186.4600067138672,186.80999755859375,253600.0
2026-06-05,185.05999755859375,187.1999969482422,183.24000549316406,185.41000366210938,323400.0
2026-06-08,185.4600067138672,187.57000732421875,184.5,185.7899932861328,270700.0
2026-06-09,189.6300048828125,194.3000030517578,189.1699981689453,193.1999969482422,340400.0
2026-06-10,193.16000366210938,193.16000366210938,185.8300018310547,186.22000122070312,289200.0
2026-06-11,188.0800018310547,194.02000427246094,186.27999877929688,193.69000244140625,262700.0
2026-06-12,195.6699981689453,195.75999450683594,192.27000427246094,193.07000732421875,190100.0
2026-06-15,195.94000244140625,199.5,192.47999572753906,193.63999938964844,197600.0
2026-06-16,195.0399932861328,197.85000610351562,195.0399932861328,195.5500030517578,231700.0
2026-06-17,195.63999938964844,198.4499969482422,191.66000366210938,191.7899932861328,283400.0
2026-06-18,194.1199951171875,203.25,192.89999389648438,200.13999938964844,657200.0
2026-06-22,199.80999755859375,201.5,197.39999389648438,198.27999877929688,415300.0
2026-06-23,196.5800018310547,200.89999389648438,196.5800018310547,197.7100067138672,392500.0
2026-06-24,199.24000549316406,208.02000427246094,199.24000549316406,206.5800018310547,491800.0
2026-06-25,208.5800018310547,213.49000549316406,207.55999755859375,209.63999938964844,422000.0
2026-06-26,209.5399932861328,211.58999633789062,207.72000122070312,210.05999755859375,614900.0
2026-06-29,209.0800018310547,211.0,207.42999267578125,209.22999572753906,361200.0
2026-06-30,210.2100067138672,210.52000427246094,206.89999389648438,209.35000610351562,643000.0
2026-07-01,207.58999633789062,210.25,203.33999633789062,203.4199981689453,403600.0
2026-07-02,202.99000549316406,205.0,198.1999969482422,200.72000122070312,401800.0
2026-07-06,201.10000610351562,201.10000610351562,195.47999572753906,197.6199951171875,250700.0
2026-07-07,196.57000732421875,196.58999633789062,191.33999633789062,192.11000061035156,411900.0
2026-07-08,189.94000244140625,189.94000244140625,185.83999633789062,187.10000610351562,289300.0
2026-07-09,188.85000610351562,190.89999389648438,187.7899932861328,188.60000610351562,210500.0
2026-07-10,188.92999267578125,191.74000549316406,188.72999572753906,188.8000030517578,178300.0
2026-07-13,188.99000549316406,190.8800048828125,185.35000610351562,185.60000610351562,263700.0
2026-07-14,188.7899932861328,190.38999938964844,186.14999389648438,189.17999267578125,358100.0
2026-07-15,189.3699951171875,191.8800048828125,187.52000427246094,189.61000061035156,388200.0
2026-07-16,188.7100067138672,194.49000549316406,188.7100067138672,193.8000030517578,218600.0
2026-07-17,192.35000610351562,195.24000549316406,188.2899932861328,189.1999969482422,208600.0
2026-07-20,189.3800048828125,190.6300048828125,184.92999267578125,185.67999267578125,325100.0
2026-07-21,185.89999389648438,186.10000610351562,182.8699951171875,185.39999389648438,209900.0
2026-07-22,184.75999450683594,188.2100067138672,184.75999450683594,186.8000030517578,192000.0
2026-07-23,184.91000366210938,189.66000366210938,183.3699951171875,189.25999450683594,346000.0
2026-07-24,190.2899932861328,194.64999389648438,190.2899932861328,193.8800048828125,350500.0
2026-07-27,195.3300018310547,196.92999267578125,192.0,193.24000549316406,262400.0
2026-07-28,198.0,209.32000732421875,197.8800048828125,198.27999877929688,573100.0
2026-07-29,195.3300018310547,195.3300018310547,188.91000366210938,189.47999572753906,314300.0
2026-07-30,190.3000030517578,193.72000122070312,184.67999267578125,186.6699981689453,330200.0
2026-07-31,186.97000122070312,188.47999572753906,184.02999877929688,187.74000549316406,374800.0
2026-08-03,191.08999633789062,193.27999877929688,189.6999969482422,192.1699981689453,194700.0
2026-08-04,192.11000061035156,197.4600067138672,190.55999755859375,196.47999572753906,186300.0
2026-08-05,195.97000122070312,199.22000122070312,195.97000122070312,197.35000610351562,280300.0
2026-08-06,195.88999938964844,195.99000549316406,193.11000061035156,193.44000244140625,171500.0
2026-08-07,193.67999267578125,198.47000122070312,192.97999572753906,198.2899932861328,285800.0
2026-08-10,198.24000549316406,198.24000549316406,192.77000427246094,195.30999755859375,195700.0
2026-08-11,196.08999633789062,200.0,196.08999633789062,199.88999938964844,173100.0
2026-08-12,200.3699951171875,200.3699951171875,193.75,194.8300018310547,253200.0
2026-08-13,196.97999572753906,197.4499969482422,194.30999755859375,195.27000427246094,280400.0
2026-08-14,194.75,194.75,192.47999572753906,193.77999877929688,158600.0
2026-08-17,192.30999755859375,196.05999755859375,191.9499969482422,195.88999938964844,263200.0
2026-08-18,195.80999755859375,195.80999755859375,189.72000122070312,189.83999633789062,244500.0
2026-08-19,192.33999633789062,195.5500030517578,191.52999877929688,193.22000122070312,319000.0
2026-08-20,189.97999572753906,191.02999877929688,187.52999877929688,187.8800048828125,211600.0
2026-08-21,187.8800048828125,189.52000427246094,186.97999572753906,188.77000427246094,157600.0
2026-08-24,188.92999267578125,190.85000610351562,187.5,187.52999877929688,220400.0
2026-08-25,189.8699951171875,189.8699951171875,185.39999389648438,186.5800018310547,256500.0
2026-08-26,187.91000366210938,188.97999572753906,184.47999572753906,184.92999267578125,158900.0
2026-08-27,184.00999450683594,184.1999969482422,181.33999633789062,182.47999572753906,153700.0
2026-08-28,183.6199951171875,184.0500030517578,179.3800048828125,182.07000732421875,219900.0
2026-08-31,181.57000732421875,182.75999450683594,180.0,182.61000061035156,250200.0
2026-09-01,181.02999877929688,182.0,176.25,176.85000610351562,301300.0
2026-09-02,177.5,179.22999572753906,175.16000366210938,177.55999755859375,234400.0
2026-09-03,179.5500030517578,181.97000122070312,175.6199951171875,178.0800018310547,199000.0
2026-09-04,177.39999389648438,181.42999267578125,176.41000366210938,180.97000122070312,145000.0
2026-09-08,181.2899932861328,181.2899932861328,178.61000061035156,178.86000061035156,184200.0
2026-09-09,178.25,179.1199951171875,174.83999633789062,176.6199951171875,313100.0
2026-09-10,175.0,175.4499969482422,172.19000244140625,172.42999267578125,344800.0
2026-09-11,175.0399932861328,175.8000030517578,171.36000061035156,173.49000549316406,204100.0
2026-09-14,171.3000030517578,173.77999877929688,170.8699951171875,171.58999633789062,369200.0
2026-09-15,172.02000427246094,173.4499969482422,170.38999938964844,173.02999877929688,310700.0
2026-09-16,173.1300048828125,174.25999450683594,170.5500030517578,172.1699981689453,561100.0
2026-09-17,175.77999877929688,175.77999877929688,171.5399932861328,172.44000244140625,291400.0
2026-09-18,172.50999450683594,172.50999450683594,170.9600067138672,171.22999572753906,712400.0
2026-09-21,171.77999877929688,174.02999877929688,170.2100067138672,173.8000030517578,465400.0
2026-09-23,175.47999572753906,176.57000732421875,174.41000366210938,175.02000427246094,259200.0
2026-09-24,174.91000366210938,175.4199981689453,172.75,173.61000061035156,208000.0
